,ruido,frec_obs,periodo,n_seg,ok
0,0.1,1,1,20,False
1,0.1,1,31,20,True
2,0.1,1,61,20,True
3,0.1,1,91,20,True
4,0.1,1,121,20,True
5,0.1,1,151,20,True
6,0.1,1,181,20,True
7,0.1,1,211,20,True
8,0.1,1,241,20,True
9,0.1,1,271,20,True
10,0.1,1,301,20,True
11,0.1,1,331,20,True
12,0.1,8,1,20,False
13,0.1,8,31,20,True
14,0.1,8,61,20,True
15,0.1,8,91,20,True
16,0.1,8,121,20,True
17,0.1,8,151,20,True
18,0.1,8,181,20,True
19,0.1,8,211,20,True
20,0.1,8,241,20,True
21,0.1,8,271,20,True
22,0.1,8,301,20,True
23,0.1,8,331,20,True
24,0.1,15,1,20,False
25,0.1,15,31,20,True
26,0.1,15,61,20,True
27,0.1,15,91,20,True
28,0.1,15,121,20,True
29,0.1,15,151,20,True
30,0.1,15,181,20,True
31,0.1,15,211,20,True
32,0.1,15,241,20,True
33,0.1,15,271,20,True
34,0.1,15,301,20,True
35,0.1,15,331,20,True
36,0.1,22,1,20,False
37,0.1,22,31,20,False
38,0.1,22,61,20,False
39,0.1,22,91,20,True
40,0.1,22,121,20,True
41,0.1,22,151,20,True
42,0.1,22,181,20,True
43,0.1,22,211,20,True
44,0.1,22,241,20,True
45,0.1,22,271,20,True
46,0.1,22,301,20,True
47,0.1,22,331,20,True
48,0.1,29,31,20,False
49,0.1,29,61,20,True
50,0.1,29,91,20,True
51,0.1,29,121,20,True
52,0.1,29,151,20,True
53,0.1,29,181,20,True
54,0.1,29,211,20,True
55,0.1,29,241,20,True
56,0.1,29,271,20,True
57,0.1,29,301,20,True
58,0.1,29,331,20,True
59,0.2,1,1,20,False
60,0.2,1,31,20,True
61,0.2,1,61,20,True
62,0.2,1,91,20,True
63,0.2,1,121,20,True
64,0.2,1,151,20,True
65,0.2,1,181,20,True
66,0.2,1,211,20,True
67,0.2,1,241,20,True
68,0.2,1,271,20,True
69,0.2,1,301,20,True
70,0.2,1,331,20,True
71,0.2,8,1,20,False
72,0.2,8,31,20,True
73,0.2,8,61,20,True
74,0.2,8,91,20,True
75,0.2,8,121,20,True
76,0.2,8,151,20,True
77,0.2,8,181,20,True
78,0.2,8,211,20,True
79,0.2,8,241,20,True
80,0.2,8,271,20,True
81,0.2,8,301,20,True
82,0.2,8,331,20,True
83,0.2,15,1,20,False
84,0.2,15,31,20,False
85,0.2,15,61,20,True
86,0.2,15,91,20,True
87,0.2,15,121,20,True
88,0.2,15,151,20,True
89,0.2,15,181,20,True
90,0.2,15,211,20,True
91,0.2,15,241,20,True
92,0.2,15,271,20,True
93,0.2,15,301,20,True
94,0.2,15,331,20,True
95,0.2,22,1,20,False
96,0.2,22,31,20,False
97,0.2,22,61,20,False
98,0.2,22,91,20,True
99,0.2,22,121,20,True
100,0.2,22,151,20,True
101,0.2,22,181,20,True
102,0.2,22,211,20,True
103,0.2,22,241,20,True
104,0.2,22,271,20,True
105,0.2,22,301,20,True
106,0.2,22,331,20,True
107,0.2,29,31,20,False
108,0.2,29,61,20,False
109,0.2,29,91,20,False
110,0.2,29,121,20,True
111,0.2,29,151,20,True
112,0.2,29,181,20,True
113,0.2,29,211,20,True
114,0.2,29,241,20,True
115,0.2,29,271,20,True
116,0.2,29,301,20,True
117,0.2,29,331,20,True
118,0.30000000000000004,1,1,20,False
119,0.30000000000000004,1,31,20,True
120,0.30000000000000004,1,61,20,True
121,0.30000000000000004,1,91,20,True
122,0.30000000000000004,1,121,20,True
123,0.30000000000000004,1,151,20,True
124,0.30000000000000004,1,181,20,True
125,0.30000000000000004,1,211,20,True
126,0.30000000000000004,1,241,20,True
127,0.30000000000000004,1,271,20,True
128,0.30000000000000004,1,301,20,True
129,0.30000000000000004,1,331,20,True
130,0.30000000000000004,8,1,20,False
131,0.30000000000000004,8,31,20,True
132,0.30000000000000004,8,61,20,True
133,0.30000000000000004,8,91,20,True
134,0.30000000000000004,8,121,20,True
135,0.30000000000000004,8,151,20,True
136,0.30000000000000004,8,181,20,True
137,0.30000000000000004,8,211,20,True
138,0.30000000000000004,8,241,20,True
139,0.30000000000000004,8,271,20,True
140,0.30000000000000004,8,301,20,True
141,0.30000000000000004,8,331,20,True
142,0.30000000000000004,15,1,20,False
143,0.30000000000000004,15,31,20,True
144,0.30000000000000004,15,61,20,True
145,0.30000000000000004,15,91,20,True
146,0.30000000000000004,15,121,20,False
147,0.30000000000000004,15,151,20,True
148,0.30000000000000004,15,181,20,True
149,0.30000000000000004,15,211,20,True
150,0.30000000000000004,15,241,20,True
151,0.30000000000000004,15,271,20,True
152,0.30000000000000004,15,301,20,True
153,0.30000000000000004,15,331,20,True
154,0.30000000000000004,22,1,20,False
155,0.30000000000000004,22,31,20,False
156,0.30000000000000004,22,61,20,False
157,0.30000000000000004,22,91,20,True
158,0.30000000000000004,22,121,20,False
159,0.30000000000000004,22,151,20,True
160,0.30000000000000004,22,181,20,True
161,0.30000000000000004,22,211,20,True
162,0.30000000000000004,22,241,20,True
163,0.30000000000000004,22,271,20,True
164,0.30000000000000004,22,301,20,True
165,0.30000000000000004,22,331,20,True
166,0.30000000000000004,29,31,20,False
167,0.30000000000000004,29,61,20,True
168,0.30000000000000004,29,91,20,False
169,0.30000000000000004,29,121,20,True
170,0.30000000000000004,29,151,20,True
171,0.30000000000000004,29,181,20,False
172,0.30000000000000004,29,211,20,True
173,0.30000000000000004,29,241,20,True
174,0.30000000000000004,29,271,20,True
175,0.30000000000000004,29,301,20,True
176,0.30000000000000004,29,331,20,True
177,0.4,1,1,20,False
178,0.4,1,31,20,True
179,0.4,1,61,20,True
180,0.4,1,91,20,True
181,0.4,1,121,20,False
182,0.4,1,151,20,True
183,0.4,1,181,20,True
184,0.4,1,211,20,False
185,0.4,1,241,20,True
186,0.4,1,271,20,True
187,0.4,1,301,20,True
188,0.4,1,331,20,False
189,0.4,8,1,20,False
190,0.4,8,31,20,True
191,0.4,8,61,20,True
192,0.4,8,91,20,True
193,0.4,8,121,20,True
194,0.4,8,151,20,True
195,0.4,8,181,20,True
196,0.4,8,211,20,True
197,0.4,8,241,20,True
198,0.4,8,271,20,True
199,0.4,8,301,20,True
200,0.4,8,331,20,True
201,0.4,15,1,20,False
202,0.4,15,31,20,False
203,0.4,15,61,20,True
204,0.4,15,91,20,True
205,0.4,15,121,20,True
206,0.4,15,151,20,True
207,0.4,15,181,20,True
208,0.4,15,211,20,True
209,0.4,15,241,20,True
210,0.4,15,271,20,True
211,0.4,15,301,20,True
212,0.4,15,331,20,True
213,0.4,22,1,20,False
214,0.4,22,31,20,False
215,0.4,22,61,20,False
216,0.4,22,91,20,True
217,0.4,22,121,20,True
218,0.4,22,151,20,True
219,0.4,22,181,20,True
220,0.4,22,211,20,True
221,0.4,22,241,20,True
222,0.4,22,271,20,True
223,0.4,22,301,20,True
224,0.4,22,331,20,True
225,0.4,29,31,20,False
226,0.4,29,61,20,True
227,0.4,29,91,20,True
228,0.4,29,121,20,True
229,0.4,29,151,20,True
230,0.4,29,181,20,True
231,0.4,29,211,20,True
232,0.4,29,241,20,True
233,0.4,29,271,20,True
234,0.4,29,301,20,True
235,0.4,29,331,20,True
236,0.5,1,1,20,False
237,0.5,1,31,20,True
238,0.5,1,61,20,True
239,0.5,1,91,20,True
240,0.5,1,121,20,True
241,0.5,1,151,20,True
242,0.5,1,181,20,True
243,0.5,1,211,20,True
244,0.5,1,241,20,True
245,0.5,1,271,20,True
246,0.5,1,301,20,True
247,0.5,1,331,20,True
248,0.5,8,1,20,False
249,0.5,8,31,20,True
250,0.5,8,61,20,True
251,0.5,8,91,20,True
252,0.5,8,121,20,False
253,0.5,8,151,20,True
254,0.5,8,181,20,True
255,0.5,8,211,20,True
256,0.5,8,241,20,True
257,0.5,8,271,20,True
258,0.5,8,301,20,False
259,0.5,8,331,20,True
260,0.5,15,1,20,False
261,0.5,15,31,20,True
262,0.5,15,61,20,True
263,0.5,15,91,20,True
264,0.5,15,121,20,True
265,0.5,15,151,20,True
266,0.5,15,181,20,True
267,0.5,15,211,20,True
268,0.5,15,241,20,True
269,0.5,15,271,20,True
270,0.5,15,301,20,True
271,0.5,15,331,20,True
272,0.5,22,1,20,False
273,0.5,22,31,20,False
274,0.5,22,61,20,False
275,0.5,22,91,20,True
276,0.5,22,121,20,True
277,0.5,22,151,20,True
278,0.5,22,181,20,True
279,0.5,22,211,20,True
280,0.5,22,241,20,True
281,0.5,22,271,20,True
282,0.5,22,301,20,True
283,0.5,22,331,20,True
284,0.5,29,31,20,False
285,0.5,29,61,20,True
286,0.5,29,91,20,True
287,0.5,29,121,20,True
288,0.5,29,151,20,True
289,0.5,29,181,20,True
290,0.5,29,211,20,True
291,0.5,29,241,20,True
292,0.5,29,271,20,True
293,0.5,29,301,20,True
294,0.5,29,331,20,True
295,0.6,1,1,20,False
296,0.6,1,31,20,True
297,0.6,1,61,20,True
298,0.6,1,91,20,True
299,0.6,1,121,20,True
300,0.6,1,151,20,True
301,0.6,1,181,20,True
302,0.6,1,211,20,True
303,0.6,1,241,20,True
304,0.6,1,271,20,True
305,0.6,1,301,20,True
306,0.6,1,331,20,True
307,0.6,8,1,20,False
308,0.6,8,31,20,True
309,0.6,8,61,20,True
310,0.6,8,91,20,True
311,0.6,8,121,20,True
312,0.6,8,151,20,True
313,0.6,8,181,20,True
314,0.6,8,211,20,True
315,0.6,8,241,20,True
316,0.6,8,271,20,True
317,0.6,8,301,20,True
318,0.6,8,331,20,True
319,0.6,15,1,20,False
320,0.6,15,31,20,False
321,0.6,15,61,20,True
322,0.6,15,91,20,False
323,0.6,15,121,20,True
324,0.6,15,151,20,False
325,0.6,15,181,20,True
326,0.6,15,211,20,True
327,0.6,15,241,20,True
328,0.6,15,271,20,True
329,0.6,15,301,20,True
330,0.6,15,331,20,True
331,0.6,22,1,20,True
332,0.6,22,31,20,False
333,0.6,22,61,20,False
334,0.6,22,91,20,True
335,0.6,22,121,20,True
336,0.6,22,151,20,True
337,0.6,22,181,20,True
338,0.6,22,211,20,True
339,0.6,22,241,20,True
340,0.6,22,271,20,True
341,0.6,22,301,20,False
342,0.6,22,331,20,True
343,0.6,29,31,20,False
344,0.6,29,61,20,False
345,0.6,29,91,20,True
346,0.6,29,121,20,True
347,0.6,29,151,20,False
348,0.6,29,181,20,True
349,0.6,29,211,20,True
350,0.6,29,241,20,True
351,0.6,29,271,20,True
352,0.6,29,301,20,True
353,0.6,29,331,20,True
354,0.7000000000000001,1,1,20,False
355,0.7000000000000001,1,31,20,True
356,0.7000000000000001,1,61,20,True
357,0.7000000000000001,1,91,20,True
358,0.7000000000000001,1,121,20,True
359,0.7000000000000001,1,151,20,True
360,0.7000000000000001,1,181,20,True
361,0.7000000000000001,1,211,20,True
362,0.7000000000000001,1,241,20,True
363,0.7000000000000001,1,271,20,True
364,0.7000000000000001,1,301,20,True
365,0.7000000000000001,1,331,20,True
366,0.7000000000000001,8,1,20,False
367,0.7000000000000001,8,31,20,False
368,0.7000000000000001,8,61,20,True
369,0.7000000000000001,8,91,20,True
370,0.7000000000000001,8,121,20,True
371,0.7000000000000001,8,151,20,True
372,0.7000000000000001,8,181,20,True
373,0.7000000000000001,8,211,20,True
374,0.7000000000000001,8,241,20,True
375,0.7000000000000001,8,271,20,True
376,0.7000000000000001,8,301,20,True
377,0.7000000000000001,8,331,20,True
378,0.7000000000000001,15,1,20,False
379,0.7000000000000001,15,31,20,False
380,0.7000000000000001,15,61,20,True
381,0.7000000000000001,15,91,20,False
382,0.7000000000000001,15,121,20,True
383,0.7000000000000001,15,151,20,True
384,0.7000000000000001,15,181,20,False
385,0.7000000000000001,15,211,20,True
386,0.7000000000000001,15,241,20,True
387,0.7000000000000001,15,271,20,True
388,0.7000000000000001,15,301,20,True
389,0.7000000000000001,15,331,20,True
390,0.7000000000000001,22,1,20,False
391,0.7000000000000001,22,31,20,False
392,0.7000000000000001,22,61,20,False
393,0.7000000000000001,22,91,20,True
394,0.7000000000000001,22,121,20,True
395,0.7000000000000001,22,151,20,True
396,0.7000000000000001,22,181,20,True
397,0.7000000000000001,22,211,20,True
398,0.7000000000000001,22,241,20,False
399,0.7000000000000001,22,271,20,False
400,0.7000000000000001,22,301,20,True
401,0.7000000000000001,22,331,20,True
402,0.7000000000000001,29,31,20,False
403,0.7000000000000001,29,61,20,False
404,0.7000000000000001,29,91,20,False
405,0.7000000000000001,29,121,20,True
406,0.7000000000000001,29,151,20,True
407,0.7000000000000001,29,181,20,True
408,0.7000000000000001,29,211,20,True
409,0.7000000000000001,29,241,20,False
410,0.7000000000000001,29,271,20,True
411,0.7000000000000001,29,301,20,True
412,0.7000000000000001,29,331,20,True
413,0.8,1,1,20,False
414,0.8,1,31,20,True
415,0.8,1,61,20,True
416,0.8,1,91,20,True
417,0.8,1,121,20,True
418,0.8,1,151,20,True
419,0.8,1,181,20,True
420,0.8,1,211,20,True
421,0.8,1,241,20,True
422,0.8,1,271,20,True
423,0.8,1,301,20,True
424,0.8,1,331,20,True
425,0.8,8,1,20,False
426,0.8,8,31,20,False
427,0.8,8,61,20,True
428,0.8,8,91,20,True
429,0.8,8,121,20,True
430,0.8,8,151,20,True
431,0.8,8,181,20,True
432,0.8,8,211,20,True
433,0.8,8,241,20,True
434,0.8,8,271,20,True
435,0.8,8,301,20,True
436,0.8,8,331,20,True
437,0.8,15,1,20,False
438,0.8,15,31,20,False
439,0.8,15,61,20,True
440,0.8,15,91,20,True
441,0.8,15,121,20,True
442,0.8,15,151,20,False
443,0.8,15,181,20,True
444,0.8,15,211,20,False
445,0.8,15,241,20,True
446,0.8,15,271,20,True
447,0.8,15,301,20,False
448,0.8,15,331,20,True
449,0.8,22,1,20,False
450,0.8,22,31,20,False
451,0.8,22,61,20,False
452,0.8,22,91,20,False
453,0.8,22,121,20,True
454,0.8,22,151,20,True
455,0.8,22,181,20,False
456,0.8,22,211,20,True
457,0.8,22,241,20,False
458,0.8,22,271,20,True
459,0.8,22,301,20,True
460,0.8,22,331,20,False
461,0.8,29,31,20,False
462,0.8,29,61,20,False
463,0.8,29,91,20,False
464,0.8,29,121,20,False
465,0.8,29,151,20,True
466,0.8,29,181,20,True
467,0.8,29,211,20,True
468,0.8,29,241,20,False
469,0.8,29,271,20,True
470,0.8,29,301,20,False
471,0.8,29,331,20,True
472,0.9,1,1,20,False
473,0.9,1,31,20,True
474,0.9,1,61,20,True
475,0.9,1,91,20,True
476,0.9,1,121,20,True
477,0.9,1,151,20,True
478,0.9,1,181,20,True
479,0.9,1,211,20,True
480,0.9,1,241,20,True
481,0.9,1,271,20,True
482,0.9,1,301,20,True
483,0.9,1,331,20,True
484,0.9,8,1,20,False
485,0.9,8,31,20,False
486,0.9,8,61,20,False
487,0.9,8,91,20,True
488,0.9,8,121,20,True
489,0.9,8,151,20,True
490,0.9,8,181,20,True
491,0.9,8,211,20,True
492,0.9,8,241,20,True
493,0.9,8,271,20,True
494,0.9,8,301,20,True
495,0.9,8,331,20,True
496,0.9,15,1,20,False
497,0.9,15,31,20,True
498,0.9,15,61,20,False
499,0.9,15,91,20,False
500,0.9,15,121,20,True
501,0.9,15,151,20,True
502,0.9,15,181,20,True
503,0.9,15,211,20,True
504,0.9,15,241,20,True
505,0.9,15,271,20,True
506,0.9,15,301,20,True
507,0.9,15,331,20,True
508,0.9,22,1,20,False
509,0.9,22,31,20,False
510,0.9,22,61,20,False
511,0.9,22,91,20,True
512,0.9,22,121,20,True
513,0.9,22,151,20,True
514,0.9,22,181,20,True
515,0.9,22,211,20,True
516,0.9,22,241,20,True
517,0.9,22,271,20,False
518,0.9,22,301,20,False
519,0.9,22,331,20,True
520,0.9,29,31,20,False
521,0.9,29,61,20,False
522,0.9,29,91,20,False
523,0.9,29,121,20,True
524,0.9,29,151,20,True
525,0.9,29,181,20,True
526,0.9,29,211,20,False
527,0.9,29,241,20,False
528,0.9,29,271,20,False
529,0.9,29,301,20,True
530,0.9,29,331,20,True
531,1.0,1,1,20,False
532,1.0,1,31,20,True
533,1.0,1,61,20,True
534,1.0,1,91,20,True
535,1.0,1,121,20,True
536,1.0,1,151,20,True
537,1.0,1,181,20,True
538,1.0,1,211,20,True
539,1.0,1,241,20,True
540,1.0,1,271,20,True
541,1.0,1,301,20,True
542,1.0,1,331,20,True
543,1.0,8,1,20,False
544,1.0,8,31,20,False
545,1.0,8,61,20,False
546,1.0,8,91,20,True
547,1.0,8,121,20,True
548,1.0,8,151,20,True
549,1.0,8,181,20,True
550,1.0,8,211,20,True
551,1.0,8,241,20,True
552,1.0,8,271,20,True
553,1.0,8,301,20,True
554,1.0,8,331,20,True
555,1.0,15,1,20,False
556,1.0,15,31,20,True
557,1.0,15,61,20,False
558,1.0,15,91,20,False
559,1.0,15,121,20,False
560,1.0,15,151,20,False
561,1.0,15,181,20,False
562,1.0,15,211,20,True
563,1.0,15,241,20,True
564,1.0,15,271,20,True
565,1.0,15,301,20,True
566,1.0,15,331,20,True
567,1.0,22,1,20,False
568,1.0,22,31,20,False
569,1.0,22,61,20,False
570,1.0,22,91,20,True
571,1.0,22,121,20,False
572,1.0,22,151,20,False
573,1.0,22,181,20,True
574,1.0,22,211,20,False
575,1.0,22,241,20,True
576,1.0,22,271,20,True
577,1.0,22,301,20,True
578,1.0,22,331,20,True
579,1.0,29,31,20,False
580,1.0,29,61,20,False
581,1.0,29,91,20,False
582,1.0,29,121,20,False
583,1.0,29,151,20,True
584,1.0,29,181,20,True
585,1.0,29,211,20,True
586,1.0,29,241,20,True
587,1.0,29,271,20,True
588,1.0,29,301,20,True
589,1.0,29,331,20,True
590,1.1,1,1,20,False
591,1.1,1,31,20,True
592,1.1,1,61,20,True
593,1.1,1,91,20,True
594,1.1,1,121,20,True
595,1.1,1,151,20,True
596,1.1,1,181,20,True
597,1.1,1,211,20,True
598,1.1,1,241,20,True
599,1.1,1,271,20,True
600,1.1,1,301,20,True
601,1.1,1,331,20,True
602,1.1,8,1,20,False
603,1.1,8,31,20,False
604,1.1,8,61,20,True
605,1.1,8,91,20,True
606,1.1,8,121,20,True
607,1.1,8,151,20,True
608,1.1,8,181,20,True
609,1.1,8,211,20,True
610,1.1,8,241,20,True
611,1.1,8,271,20,True
612,1.1,8,301,20,True
613,1.1,8,331,20,True
614,1.1,15,1,20,False
615,1.1,15,31,20,False
616,1.1,15,61,20,False
617,1.1,15,91,20,False
618,1.1,15,121,20,False
619,1.1,15,151,20,True
620,1.1,15,181,20,True
621,1.1,15,211,20,True
622,1.1,15,241,20,True
623,1.1,15,271,20,True
624,1.1,15,301,20,True
625,1.1,15,331,20,True
626,1.1,22,1,20,False
627,1.1,22,31,20,False
628,1.1,22,61,20,False
629,1.1,22,91,20,True
630,1.1,22,121,20,False
631,1.1,22,151,20,False
632,1.1,22,181,20,False
633,1.1,22,211,20,True
634,1.1,22,241,20,True
635,1.1,22,271,20,True
636,1.1,22,301,20,True
637,1.1,22,331,20,True
638,1.1,29,31,20,False
639,1.1,29,61,20,False
640,1.1,29,91,20,False
641,1.1,29,121,20,True
642,1.1,29,151,20,False
643,1.1,29,181,20,True
644,1.1,29,211,20,True
645,1.1,29,241,20,False
646,1.1,29,271,20,True
647,1.1,29,301,20,True
648,1.1,29,331,20,False
649,1.2000000000000002,1,1,20,False
650,1.2000000000000002,1,31,20,True
651,1.2000000000000002,1,61,20,True
652,1.2000000000000002,1,91,20,True
653,1.2000000000000002,1,121,20,True
654,1.2000000000000002,1,151,20,True
655,1.2000000000000002,1,181,20,True
656,1.2000000000000002,1,211,20,True
657,1.2000000000000002,1,241,20,True
658,1.2000000000000002,1,271,20,True
659,1.2000000000000002,1,301,20,True
660,1.2000000000000002,1,331,20,True
661,1.2000000000000002,8,1,20,False
662,1.2000000000000002,8,31,20,False
663,1.2000000000000002,8,61,20,False
664,1.2000000000000002,8,91,20,True
665,1.2000000000000002,8,121,20,True
666,1.2000000000000002,8,151,20,True
667,1.2000000000000002,8,181,20,True
668,1.2000000000000002,8,211,20,True
669,1.2000000000000002,8,241,20,True
670,1.2000000000000002,8,271,20,True
671,1.2000000000000002,8,301,20,True
672,1.2000000000000002,8,331,20,True
673,1.2000000000000002,15,1,20,False
674,1.2000000000000002,15,31,20,False
675,1.2000000000000002,15,61,20,False
676,1.2000000000000002,15,91,20,False
677,1.2000000000000002,15,121,20,False
678,1.2000000000000002,15,151,20,True
679,1.2000000000000002,15,181,20,False
680,1.2000000000000002,15,211,20,True
681,1.2000000000000002,15,241,20,True
682,1.2000000000000002,15,271,20,True
683,1.2000000000000002,15,301,20,True
684,1.2000000000000002,15,331,20,True
685,1.2000000000000002,22,1,20,False
686,1.2000000000000002,22,31,20,False
687,1.2000000000000002,22,61,20,False
688,1.2000000000000002,22,91,20,True
689,1.2000000000000002,22,121,20,True
690,1.2000000000000002,22,151,20,True
691,1.2000000000000002,22,181,20,True
692,1.2000000000000002,22,211,20,True
693,1.2000000000000002,22,241,20,True
694,1.2000000000000002,22,271,20,True
695,1.2000000000000002,22,301,20,False
696,1.2000000000000002,22,331,20,True
697,1.2000000000000002,29,31,20,False
698,1.2000000000000002,29,61,20,False
699,1.2000000000000002,29,91,20,False
700,1.2000000000000002,29,121,20,False
701,1.2000000000000002,29,151,20,False
702,1.2000000000000002,29,181,20,True
703,1.2000000000000002,29,211,20,True
704,1.2000000000000002,29,241,20,True
705,1.2000000000000002,29,271,20,False
706,1.2000000000000002,29,301,20,True
707,1.2000000000000002,29,331,20,True
708,1.3000000000000003,1,1,20,False
709,1.3000000000000003,1,31,20,True
710,1.3000000000000003,1,61,20,True
711,1.3000000000000003,1,91,20,True
712,1.3000000000000003,1,121,20,True
713,1.3000000000000003,1,151,20,True
714,1.3000000000000003,1,181,20,True
715,1.3000000000000003,1,211,20,True
716,1.3000000000000003,1,241,20,True
717,1.3000000000000003,1,271,20,True
718,1.3000000000000003,1,301,20,True
719,1.3000000000000003,1,331,20,True
720,1.3000000000000003,8,1,20,False
721,1.3000000000000003,8,31,20,False
722,1.3000000000000003,8,61,20,True
723,1.3000000000000003,8,91,20,False
724,1.3000000000000003,8,121,20,True
725,1.3000000000000003,8,151,20,True
726,1.3000000000000003,8,181,20,True
727,1.3000000000000003,8,211,20,True
728,1.3000000000000003,8,241,20,True
729,1.3000000000000003,8,271,20,True
730,1.3000000000000003,8,301,20,True
731,1.3000000000000003,8,331,20,True
732,1.3000000000000003,15,1,20,False
733,1.3000000000000003,15,31,20,False
734,1.3000000000000003,15,61,20,False
735,1.3000000000000003,15,91,20,True
736,1.3000000000000003,15,121,20,True
737,1.3000000000000003,15,151,20,False
738,1.3000000000000003,15,181,20,True
739,1.3000000000000003,15,211,20,True
740,1.3000000000000003,15,241,20,True
741,1.3000000000000003,15,271,20,True
742,1.3000000000000003,15,301,20,True
743,1.3000000000000003,15,331,20,True
744,1.3000000000000003,22,1,20,False
745,1.3000000000000003,22,31,20,False
746,1.3000000000000003,22,61,20,False
747,1.3000000000000003,22,91,20,True
748,1.3000000000000003,22,121,20,True
749,1.3000000000000003,22,151,20,False
750,1.3000000000000003,22,181,20,True
751,1.3000000000000003,22,211,20,True
752,1.3000000000000003,22,241,20,False
753,1.3000000000000003,22,271,20,False
754,1.3000000000000003,22,301,20,True
755,1.3000000000000003,22,331,20,True
756,1.3000000000000003,29,31,20,False
757,1.3000000000000003,29,61,20,False
758,1.3000000000000003,29,91,20,False
759,1.3000000000000003,29,121,20,False
760,1.3000000000000003,29,151,20,False
761,1.3000000000000003,29,181,20,False
762,1.3000000000000003,29,211,20,False
763,1.3000000000000003,29,241,20,True
764,1.3000000000000003,29,271,20,True
765,1.3000000000000003,29,301,20,False
766,1.3000000000000003,29,331,20,True
767,1.4000000000000001,1,1,20,False
768,1.4000000000000001,1,31,20,True
769,1.4000000000000001,1,61,20,True
770,1.4000000000000001,1,91,20,True
771,1.4000000000000001,1,121,20,True
772,1.4000000000000001,1,151,20,True
773,1.4000000000000001,1,181,20,True
774,1.4000000000000001,1,211,20,True
775,1.4000000000000001,1,241,20,True
776,1.4000000000000001,1,271,20,True
777,1.4000000000000001,1,301,20,True
778,1.4000000000000001,1,331,20,True
779,1.4000000000000001,8,1,20,False
780,1.4000000000000001,8,31,20,False
781,1.4000000000000001,8,61,20,False
782,1.4000000000000001,8,91,20,True
783,1.4000000000000001,8,121,20,False
784,1.4000000000000001,8,151,20,True
785,1.4000000000000001,8,181,20,True
786,1.4000000000000001,8,211,20,True
787,1.4000000000000001,8,241,20,True
788,1.4000000000000001,8,271,20,True
789,1.4000000000000001,8,301,20,True
790,1.4000000000000001,8,331,20,True
791,1.4000000000000001,15,1,20,False
792,1.4000000000000001,15,31,20,False
793,1.4000000000000001,15,61,20,False
794,1.4000000000000001,15,91,20,True
795,1.4000000000000001,15,121,20,True
796,1.4000000000000001,15,151,20,True
797,1.4000000000000001,15,181,20,True
798,1.4000000000000001,15,211,20,True
799,1.4000000000000001,15,241,20,True
800,1.4000000000000001,15,271,20,True
801,1.4000000000000001,15,301,20,True
802,1.4000000000000001,15,331,20,True
803,1.4000000000000001,22,1,20,False
804,1.4000000000000001,22,31,20,False
805,1.4000000000000001,22,61,20,False
806,1.4000000000000001,22,91,20,False
807,1.4000000000000001,22,121,20,False
808,1.4000000000000001,22,151,20,True
809,1.4000000000000001,22,181,20,True
810,1.4000000000000001,22,211,20,True
811,1.4000000000000001,22,241,20,True
812,1.4000000000000001,22,271,20,False
813,1.4000000000000001,22,301,20,True
814,1.4000000000000001,22,331,20,False
815,1.4000000000000001,29,31,20,False
816,1.4000000000000001,29,61,20,False
817,1.4000000000000001,29,91,20,False
818,1.4000000000000001,29,121,20,False
819,1.4000000000000001,29,151,20,True
820,1.4000000000000001,29,181,20,True
821,1.4000000000000001,29,211,20,False
822,1.4000000000000001,29,241,20,False
823,1.4000000000000001,29,271,20,True
824,1.4000000000000001,29,301,20,True
825,1.4000000000000001,29,331,20,True
826,1.5000000000000002,1,1,20,False
827,1.5000000000000002,1,31,20,True
828,1.5000000000000002,1,61,20,True
829,1.5000000000000002,1,91,20,True
830,1.5000000000000002,1,121,20,True
831,1.5000000000000002,1,151,20,True
832,1.5000000000000002,1,181,20,True
833,1.5000000000000002,1,211,20,True
834,1.5000000000000002,1,241,20,True
835,1.5000000000000002,1,271,20,True
836,1.5000000000000002,1,301,20,True
837,1.5000000000000002,1,331,20,True
838,1.5000000000000002,8,1,20,False
839,1.5000000000000002,8,31,20,False
840,1.5000000000000002,8,61,20,False
841,1.5000000000000002,8,91,20,True
842,1.5000000000000002,8,121,20,False
843,1.5000000000000002,8,151,20,True
844,1.5000000000000002,8,181,20,True
845,1.5000000000000002,8,211,20,True
846,1.5000000000000002,8,241,20,True
847,1.5000000000000002,8,271,20,True
848,1.5000000000000002,8,301,20,True
849,1.5000000000000002,8,331,20,True
850,1.5000000000000002,15,1,20,False
851,1.5000000000000002,15,31,20,True
852,1.5000000000000002,15,61,20,False
853,1.5000000000000002,15,91,20,True
854,1.5000000000000002,15,121,20,True
855,1.5000000000000002,15,151,20,True
856,1.5000000000000002,15,181,20,True
857,1.5000000000000002,15,211,20,True
858,1.5000000000000002,15,241,20,True
859,1.5000000000000002,15,271,20,True
860,1.5000000000000002,15,301,20,True
861,1.5000000000000002,15,331,20,True
862,1.5000000000000002,22,1,20,False
863,1.5000000000000002,22,31,20,False
864,1.5000000000000002,22,61,20,False
865,1.5000000000000002,22,91,20,False
866,1.5000000000000002,22,121,20,False
867,1.5000000000000002,22,151,20,True
868,1.5000000000000002,22,181,20,True
869,1.5000000000000002,22,211,20,True
870,1.5000000000000002,22,241,20,True
871,1.5000000000000002,22,271,20,True
872,1.5000000000000002,22,301,20,True
873,1.5000000000000002,22,331,20,True
874,1.5000000000000002,29,31,20,False
875,1.5000000000000002,29,61,20,False
876,1.5000000000000002,29,91,20,False
877,1.5000000000000002,29,121,20,True
878,1.5000000000000002,29,151,20,False
879,1.5000000000000002,29,181,20,True
880,1.5000000000000002,29,211,20,True
881,1.5000000000000002,29,241,20,True
882,1.5000000000000002,29,271,20,True
883,1.5000000000000002,29,301,20,True
884,1.5000000000000002,29,331,20,True
885,1.6,1,1,20,False
886,1.6,1,31,20,True
887,1.6,1,61,20,True
888,1.6,1,91,20,True
889,1.6,1,121,20,True
890,1.6,1,151,20,True
891,1.6,1,181,20,True
892,1.6,1,211,20,True
893,1.6,1,241,20,True
894,1.6,1,271,20,True
895,1.6,1,301,20,True
896,1.6,1,331,20,True
897,1.6,8,1,20,False
898,1.6,8,31,20,False
899,1.6,8,61,20,False
900,1.6,8,91,20,False
901,1.6,8,121,20,True
902,1.6,8,151,20,True
903,1.6,8,181,20,True
904,1.6,8,211,20,True
905,1.6,8,241,20,True
906,1.6,8,271,20,True
907,1.6,8,301,20,True
908,1.6,8,331,20,True
909,1.6,15,1,20,False
910,1.6,15,31,20,False
911,1.6,15,61,20,False
912,1.6,15,91,20,False
913,1.6,15,121,20,True
914,1.6,15,151,20,False
915,1.6,15,181,20,True
916,1.6,15,211,20,False
917,1.6,15,241,20,True
918,1.6,15,271,20,True
919,1.6,15,301,20,True
920,1.6,15,331,20,True
921,1.6,22,1,20,False
922,1.6,22,31,20,False
923,1.6,22,61,20,False
924,1.6,22,91,20,False
925,1.6,22,121,20,False
926,1.6,22,151,20,True
927,1.6,22,181,20,True
928,1.6,22,211,20,True
929,1.6,22,241,20,True
930,1.6,22,271,20,False
931,1.6,22,301,20,True
932,1.6,22,331,20,True
933,1.6,29,31,20,False
934,1.6,29,61,20,False
935,1.6,29,91,20,False
936,1.6,29,121,20,False
937,1.6,29,151,20,False
938,1.6,29,181,20,True
939,1.6,29,211,20,False
940,1.6,29,241,20,True
941,1.6,29,271,20,True
942,1.6,29,301,20,True
943,1.6,29,331,20,True
944,1.7000000000000002,1,1,20,False
945,1.7000000000000002,1,31,20,True
946,1.7000000000000002,1,61,20,True
947,1.7000000000000002,1,91,20,True
948,1.7000000000000002,1,121,20,True
949,1.7000000000000002,1,151,20,True
950,1.7000000000000002,1,181,20,True
951,1.7000000000000002,1,211,20,True
952,1.7000000000000002,1,241,20,True
953,1.7000000000000002,1,271,20,True
954,1.7000000000000002,1,301,20,True
955,1.7000000000000002,1,331,20,True
956,1.7000000000000002,8,1,20,False
957,1.7000000000000002,8,31,20,False
958,1.7000000000000002,8,61,20,False
959,1.7000000000000002,8,91,20,True
960,1.7000000000000002,8,121,20,True
961,1.7000000000000002,8,151,20,True
962,1.7000000000000002,8,181,20,True
963,1.7000000000000002,8,211,20,True
964,1.7000000000000002,8,241,20,True
965,1.7000000000000002,8,271,20,True
966,1.7000000000000002,8,301,20,True
967,1.7000000000000002,8,331,20,True
968,1.7000000000000002,15,1,20,False
969,1.7000000000000002,15,31,20,False
970,1.7000000000000002,15,61,20,False
971,1.7000000000000002,15,91,20,True
972,1.7000000000000002,15,121,20,False
973,1.7000000000000002,15,151,20,True
974,1.7000000000000002,15,181,20,True
975,1.7000000000000002,15,211,20,True
976,1.7000000000000002,15,241,20,True
977,1.7000000000000002,15,271,20,True
978,1.7000000000000002,15,301,20,True
979,1.7000000000000002,15,331,20,True
980,1.7000000000000002,22,1,20,False
981,1.7000000000000002,22,31,20,False
982,1.7000000000000002,22,61,20,False
983,1.7000000000000002,22,91,20,True
984,1.7000000000000002,22,121,20,False
985,1.7000000000000002,22,151,20,True
986,1.7000000000000002,22,181,20,True
987,1.7000000000000002,22,211,20,True
988,1.7000000000000002,22,241,20,True
989,1.7000000000000002,22,271,20,True
990,1.7000000000000002,22,301,20,True
991,1.7000000000000002,22,331,20,True
992,1.7000000000000002,29,31,20,False
993,1.7000000000000002,29,61,20,False
994,1.7000000000000002,29,91,20,False
995,1.7000000000000002,29,121,20,True
996,1.7000000000000002,29,151,20,False
997,1.7000000000000002,29,181,20,False
998,1.7000000000000002,29,211,20,True
999,1.7000000000000002,29,241,20,True
1000,1.7000000000000002,29,271,20,True
1001,1.7000000000000002,29,301,20,True
1002,1.7000000000000002,29,331,20,True
1003,1.8000000000000003,1,1,20,False
1004,1.8000000000000003,1,31,20,True
1005,1.8000000000000003,1,61,20,True
1006,1.8000000000000003,1,91,20,True
1007,1.8000000000000003,1,121,20,True
1008,1.8000000000000003,1,151,20,True
1009,1.8000000000000003,1,181,20,True
1010,1.8000000000000003,1,211,20,True
1011,1.8000000000000003,1,241,20,True
1012,1.8000000000000003,1,271,20,True
1013,1.8000000000000003,1,301,20,True
1014,1.8000000000000003,1,331,20,True
1015,1.8000000000000003,8,1,20,False
1016,1.8000000000000003,8,31,20,False
1017,1.8000000000000003,8,61,20,False
1018,1.8000000000000003,8,91,20,True
1019,1.8000000000000003,8,121,20,True
1020,1.8000000000000003,8,151,20,True
1021,1.8000000000000003,8,181,20,True
1022,1.8000000000000003,8,211,20,True
1023,1.8000000000000003,8,241,20,True
1024,1.8000000000000003,8,271,20,True
1025,1.8000000000000003,8,301,20,True
1026,1.8000000000000003,8,331,20,True
1027,1.8000000000000003,15,1,20,False
1028,1.8000000000000003,15,31,20,False
1029,1.8000000000000003,15,61,20,False
1030,1.8000000000000003,15,91,20,False
1031,1.8000000000000003,15,121,20,True
1032,1.8000000000000003,15,151,20,True
1033,1.8000000000000003,15,181,20,False
1034,1.8000000000000003,15,211,20,True
1035,1.8000000000000003,15,241,20,True
1036,1.8000000000000003,15,271,20,True
1037,1.8000000000000003,15,301,20,True
1038,1.8000000000000003,15,331,20,True
1039,1.8000000000000003,22,1,20,False
1040,1.8000000000000003,22,31,20,False
1041,1.8000000000000003,22,61,20,False
1042,1.8000000000000003,22,91,20,True
1043,1.8000000000000003,22,121,20,False
1044,1.8000000000000003,22,151,20,True
1045,1.8000000000000003,22,181,20,True
1046,1.8000000000000003,22,211,20,True
1047,1.8000000000000003,22,241,20,True
1048,1.8000000000000003,22,271,20,True
1049,1.8000000000000003,22,301,20,True
1050,1.8000000000000003,22,331,20,True
1051,1.8000000000000003,29,31,20,False
1052,1.8000000000000003,29,61,20,False
1053,1.8000000000000003,29,91,20,False
1054,1.8000000000000003,29,121,20,False
1055,1.8000000000000003,29,151,20,True
1056,1.8000000000000003,29,181,20,True
1057,1.8000000000000003,29,211,20,False
1058,1.8000000000000003,29,241,20,False
1059,1.8000000000000003,29,271,20,True
1060,1.8000000000000003,29,301,20,False
1061,1.8000000000000003,29,331,20,True
1062,1.9000000000000001,1,1,20,False
1063,1.9000000000000001,1,31,20,True
1064,1.9000000000000001,1,61,20,True
1065,1.9000000000000001,1,91,20,True
1066,1.9000000000000001,1,121,20,True
1067,1.9000000000000001,1,151,20,True
1068,1.9000000000000001,1,181,20,True
1069,1.9000000000000001,1,211,20,True
1070,1.9000000000000001,1,241,20,True
1071,1.9000000000000001,1,271,20,True
1072,1.9000000000000001,1,301,20,True
1073,1.9000000000000001,1,331,20,True
1074,1.9000000000000001,8,1,20,False
1075,1.9000000000000001,8,31,20,False
1076,1.9000000000000001,8,61,20,True
1077,1.9000000000000001,8,91,20,True
1078,1.9000000000000001,8,121,20,True
1079,1.9000000000000001,8,151,20,True
1080,1.9000000000000001,8,181,20,True
1081,1.9000000000000001,8,211,20,True
1082,1.9000000000000001,8,241,20,True
1083,1.9000000000000001,8,271,20,True
1084,1.9000000000000001,8,301,20,True
1085,1.9000000000000001,8,331,20,True
1086,1.9000000000000001,15,1,20,False
1087,1.9000000000000001,15,31,20,False
1088,1.9000000000000001,15,61,20,True
1089,1.9000000000000001,15,91,20,True
1090,1.9000000000000001,15,121,20,True
1091,1.9000000000000001,15,151,20,True
1092,1.9000000000000001,15,181,20,False
1093,1.9000000000000001,15,211,20,True
1094,1.9000000000000001,15,241,20,True
1095,1.9000000000000001,15,271,20,True
1096,1.9000000000000001,15,301,20,True
1097,1.9000000000000001,15,331,20,True
1098,1.9000000000000001,22,1,20,True
1099,1.9000000000000001,22,31,20,False
1100,1.9000000000000001,22,61,20,False
1101,1.9000000000000001,22,91,20,False
1102,1.9000000000000001,22,121,20,False
1103,1.9000000000000001,22,151,20,True
1104,1.9000000000000001,22,181,20,True
1105,1.9000000000000001,22,211,20,True
1106,1.9000000000000001,22,241,20,True
1107,1.9000000000000001,22,271,20,True
1108,1.9000000000000001,22,301,20,True
1109,1.9000000000000001,22,331,20,True
1110,1.9000000000000001,29,31,20,False
1111,1.9000000000000001,29,61,20,False
1112,1.9000000000000001,29,91,20,False
1113,1.9000000000000001,29,121,20,False
1114,1.9000000000000001,29,151,20,False
1115,1.9000000000000001,29,181,20,True
1116,1.9000000000000001,29,211,20,False
1117,1.9000000000000001,29,241,20,True
1118,1.9000000000000001,29,271,20,True
1119,1.9000000000000001,29,301,20,True
1120,1.9000000000000001,29,331,20,True
1121,2.0,1,1,20,False
1122,2.0,1,31,20,True
1123,2.0,1,61,20,True
1124,2.0,1,91,20,True
1125,2.0,1,121,20,True
1126,2.0,1,151,20,True
1127,2.0,1,181,20,True
1128,2.0,1,211,20,True
1129,2.0,1,241,20,True
1130,2.0,1,271,20,True
1131,2.0,1,301,20,True
1132,2.0,1,331,20,True
1133,2.0,8,1,20,False
1134,2.0,8,31,20,False
1135,2.0,8,61,20,True
1136,2.0,8,91,20,True
1137,2.0,8,121,20,True
1138,2.0,8,151,20,True
1139,2.0,8,181,20,True
1140,2.0,8,211,20,True
1141,2.0,8,241,20,True
1142,2.0,8,271,20,True
1143,2.0,8,301,20,True
1144,2.0,8,331,20,True
1145,2.0,15,1,20,False
1146,2.0,15,31,20,False
1147,2.0,15,61,20,False
1148,2.0,15,91,20,True
1149,2.0,15,121,20,True
1150,2.0,15,151,20,True
1151,2.0,15,181,20,True
1152,2.0,15,211,20,True
1153,2.0,15,241,20,True
1154,2.0,15,271,20,True
1155,2.0,15,301,20,True
1156,2.0,15,331,20,True
1157,2.0,22,1,20,False
1158,2.0,22,31,20,False
1159,2.0,22,61,20,False
1160,2.0,22,91,20,False
1161,2.0,22,121,20,True
1162,2.0,22,151,20,True
1163,2.0,22,181,20,True
1164,2.0,22,211,20,True
1165,2.0,22,241,20,True
1166,2.0,22,271,20,True
1167,2.0,22,301,20,True
1168,2.0,22,331,20,True
1169,2.0,29,31,20,False
1170,2.0,29,61,20,False
1171,2.0,29,91,20,False
1172,2.0,29,121,20,False
1173,2.0,29,151,20,False
1174,2.0,29,181,20,True
1175,2.0,29,211,20,True
1176,2.0,29,241,20,False
1177,2.0,29,271,20,True
1178,2.0,29,301,20,True
1179,2.0,29,331,20,True
1180,2.1,1,1,20,False
1181,2.1,1,31,20,True
1182,2.1,1,61,20,True
1183,2.1,1,91,20,True
1184,2.1,1,121,20,True
1185,2.1,1,151,20,True
1186,2.1,1,181,20,True
1187,2.1,1,211,20,True
1188,2.1,1,241,20,True
1189,2.1,1,271,20,True
1190,2.1,1,301,20,True
1191,2.1,1,331,20,True
1192,2.1,8,1,20,False
1193,2.1,8,31,20,False
1194,2.1,8,61,20,True
1195,2.1,8,91,20,True
1196,2.1,8,121,20,True
1197,2.1,8,151,20,True
1198,2.1,8,181,20,True
1199,2.1,8,211,20,True
1200,2.1,8,241,20,True
1201,2.1,8,271,20,True
1202,2.1,8,301,20,True
1203,2.1,8,331,20,True
1204,2.1,15,1,20,False
1205,2.1,15,31,20,False
1206,2.1,15,61,20,False
1207,2.1,15,91,20,True
1208,2.1,15,121,20,True
1209,2.1,15,151,20,False
1210,2.1,15,181,20,True
1211,2.1,15,211,20,True
1212,2.1,15,241,20,True
1213,2.1,15,271,20,True
1214,2.1,15,301,20,True
1215,2.1,15,331,20,True
1216,2.1,22,1,20,False
1217,2.1,22,31,20,False
1218,2.1,22,61,20,False
1219,2.1,22,91,20,False
1220,2.1,22,121,20,False
1221,2.1,22,151,20,True
1222,2.1,22,181,20,True
1223,2.1,22,211,20,True
1224,2.1,22,241,20,True
1225,2.1,22,271,20,True
1226,2.1,22,301,20,True
1227,2.1,22,331,20,True
1228,2.1,29,31,20,False
1229,2.1,29,61,20,False
1230,2.1,29,91,20,False
1231,2.1,29,121,20,False
1232,2.1,29,151,20,False
1233,2.1,29,181,20,False
1234,2.1,29,211,20,True
1235,2.1,29,241,20,True
1236,2.1,29,271,20,True
1237,2.1,29,301,20,True
1238,2.1,29,331,20,True
1239,2.2,1,1,20,False
1240,2.2,1,31,20,True
1241,2.2,1,61,20,True
1242,2.2,1,91,20,True
1243,2.2,1,121,20,True
1244,2.2,1,151,20,True
1245,2.2,1,181,20,True
1246,2.2,1,211,20,True
1247,2.2,1,241,20,True
1248,2.2,1,271,20,True
1249,2.2,1,301,20,True
1250,2.2,1,331,20,True
1251,2.2,8,1,20,False
1252,2.2,8,31,20,False
1253,2.2,8,61,20,True
1254,2.2,8,91,20,True
1255,2.2,8,121,20,True
1256,2.2,8,151,20,True
1257,2.2,8,181,20,True
1258,2.2,8,211,20,True
1259,2.2,8,241,20,True
1260,2.2,8,271,20,True
1261,2.2,8,301,20,False
1262,2.2,8,331,20,True
1263,2.2,15,1,20,False
1264,2.2,15,31,20,False
1265,2.2,15,61,20,False
1266,2.2,15,91,20,True
1267,2.2,15,121,20,True
1268,2.2,15,151,20,True
1269,2.2,15,181,20,True
1270,2.2,15,211,20,True
1271,2.2,15,241,20,True
1272,2.2,15,271,20,True
1273,2.2,15,301,20,True
1274,2.2,15,331,20,True
1275,2.2,22,1,20,False
1276,2.2,22,31,20,False
1277,2.2,22,61,20,False
1278,2.2,22,91,20,False
1279,2.2,22,121,20,True
1280,2.2,22,151,20,True
1281,2.2,22,181,20,True
1282,2.2,22,211,20,True
1283,2.2,22,241,20,True
1284,2.2,22,271,20,True
1285,2.2,22,301,20,False
1286,2.2,22,331,20,True
1287,2.2,29,31,20,False
1288,2.2,29,61,20,False
1289,2.2,29,91,20,False
1290,2.2,29,121,20,False
1291,2.2,29,151,20,False
1292,2.2,29,181,20,True
1293,2.2,29,211,20,True
1294,2.2,29,241,20,True
1295,2.2,29,271,20,True
1296,2.2,29,301,20,True
1297,2.2,29,331,20,True
1298,2.3000000000000003,1,1,20,False
1299,2.3000000000000003,1,31,20,True
1300,2.3000000000000003,1,61,20,True
1301,2.3000000000000003,1,91,20,True
1302,2.3000000000000003,1,121,20,True
1303,2.3000000000000003,1,151,20,True
1304,2.3000000000000003,1,181,20,True
1305,2.3000000000000003,1,211,20,True
1306,2.3000000000000003,1,241,20,True
1307,2.3000000000000003,1,271,20,True
1308,2.3000000000000003,1,301,20,True
1309,2.3000000000000003,1,331,20,True
1310,2.3000000000000003,8,1,20,False
1311,2.3000000000000003,8,31,20,False
1312,2.3000000000000003,8,61,20,False
1313,2.3000000000000003,8,91,20,True
1314,2.3000000000000003,8,121,20,True
1315,2.3000000000000003,8,151,20,True
1316,2.3000000000000003,8,181,20,True
1317,2.3000000000000003,8,211,20,True
1318,2.3000000000000003,8,241,20,False
1319,2.3000000000000003,8,271,20,True
1320,2.3000000000000003,8,301,20,True
1321,2.3000000000000003,8,331,20,True
1322,2.3000000000000003,15,1,20,False
1323,2.3000000000000003,15,31,20,False
1324,2.3000000000000003,15,61,20,True
1325,2.3000000000000003,15,91,20,False
1326,2.3000000000000003,15,121,20,True
1327,2.3000000000000003,15,151,20,False
1328,2.3000000000000003,15,181,20,True
1329,2.3000000000000003,15,211,20,True
1330,2.3000000000000003,15,241,20,True
1331,2.3000000000000003,15,271,20,True
1332,2.3000000000000003,15,301,20,True
1333,2.3000000000000003,15,331,20,True
1334,2.3000000000000003,22,1,20,False
1335,2.3000000000000003,22,31,20,False
1336,2.3000000000000003,22,61,20,False
1337,2.3000000000000003,22,91,20,True
1338,2.3000000000000003,22,121,20,True
1339,2.3000000000000003,22,151,20,True
1340,2.3000000000000003,22,181,20,False
1341,2.3000000000000003,22,211,20,True
1342,2.3000000000000003,22,241,20,False
1343,2.3000000000000003,22,271,20,True
1344,2.3000000000000003,22,301,20,True
1345,2.3000000000000003,22,331,20,True
1346,2.3000000000000003,29,31,20,False
1347,2.3000000000000003,29,61,20,False
1348,2.3000000000000003,29,91,20,False
1349,2.3000000000000003,29,121,20,False
1350,2.3000000000000003,29,151,20,False
1351,2.3000000000000003,29,181,20,True
1352,2.3000000000000003,29,211,20,False
1353,2.3000000000000003,29,241,20,False
1354,2.3000000000000003,29,271,20,True
1355,2.3000000000000003,29,301,20,True
1356,2.3000000000000003,29,331,20,True
1357,2.4000000000000004,1,1,20,False
1358,2.4000000000000004,1,31,20,True
1359,2.4000000000000004,1,61,20,True
1360,2.4000000000000004,1,91,20,True
1361,2.4000000000000004,1,121,20,True
1362,2.4000000000000004,1,151,20,True
1363,2.4000000000000004,1,181,20,True
1364,2.4000000000000004,1,211,20,True
1365,2.4000000000000004,1,241,20,True
1366,2.4000000000000004,1,271,20,True
1367,2.4000000000000004,1,301,20,True
1368,2.4000000000000004,1,331,20,True
1369,2.4000000000000004,8,1,20,False
1370,2.4000000000000004,8,31,20,False
1371,2.4000000000000004,8,61,20,False
1372,2.4000000000000004,8,91,20,True
1373,2.4000000000000004,8,121,20,True
1374,2.4000000000000004,8,151,20,True
1375,2.4000000000000004,8,181,20,True
1376,2.4000000000000004,8,211,20,True
1377,2.4000000000000004,8,241,20,True
1378,2.4000000000000004,8,271,20,True
1379,2.4000000000000004,8,301,20,True
1380,2.4000000000000004,8,331,20,True
1381,2.4000000000000004,15,1,20,False
1382,2.4000000000000004,15,31,20,False
1383,2.4000000000000004,15,61,20,False
1384,2.4000000000000004,15,91,20,False
1385,2.4000000000000004,15,121,20,False
1386,2.4000000000000004,15,151,20,True
1387,2.4000000000000004,15,181,20,True
1388,2.4000000000000004,15,211,20,True
1389,2.4000000000000004,15,241,20,True
1390,2.4000000000000004,15,271,20,True
1391,2.4000000000000004,15,301,20,True
1392,2.4000000000000004,15,331,20,True
1393,2.4000000000000004,22,1,20,False
1394,2.4000000000000004,22,31,20,False
1395,2.4000000000000004,22,61,20,False
1396,2.4000000000000004,22,91,20,True
1397,2.4000000000000004,22,121,20,True
1398,2.4000000000000004,22,151,20,True
1399,2.4000000000000004,22,181,20,True
1400,2.4000000000000004,22,211,20,True
1401,2.4000000000000004,22,241,20,True
1402,2.4000000000000004,22,271,20,True
1403,2.4000000000000004,22,301,20,True
1404,2.4000000000000004,22,331,20,True
1405,2.4000000000000004,29,31,20,False
1406,2.4000000000000004,29,61,20,False
1407,2.4000000000000004,29,91,20,False
1408,2.4000000000000004,29,121,20,True
1409,2.4000000000000004,29,151,20,True
1410,2.4000000000000004,29,181,20,True
1411,2.4000000000000004,29,211,20,True
1412,2.4000000000000004,29,241,20,False
1413,2.4000000000000004,29,271,20,True
1414,2.4000000000000004,29,301,20,True
1415,2.4000000000000004,29,331,20,True
1416,2.5000000000000004,1,1,20,False
1417,2.5000000000000004,1,31,20,True
1418,2.5000000000000004,1,61,20,True
1419,2.5000000000000004,1,91,20,True
1420,2.5000000000000004,1,121,20,True
1421,2.5000000000000004,1,151,20,True
1422,2.5000000000000004,1,181,20,True
1423,2.5000000000000004,1,211,20,True
1424,2.5000000000000004,1,241,20,True
1425,2.5000000000000004,1,271,20,True
1426,2.5000000000000004,1,301,20,True
1427,2.5000000000000004,1,331,20,True
1428,2.5000000000000004,8,1,20,False
1429,2.5000000000000004,8,31,20,False
1430,2.5000000000000004,8,61,20,True
1431,2.5000000000000004,8,91,20,True
1432,2.5000000000000004,8,121,20,True
1433,2.5000000000000004,8,151,20,False
1434,2.5000000000000004,8,181,20,True
1435,2.5000000000000004,8,211,20,True
1436,2.5000000000000004,8,241,20,True
1437,2.5000000000000004,8,271,20,True
1438,2.5000000000000004,8,301,20,True
1439,2.5000000000000004,8,331,20,True
1440,2.5000000000000004,15,1,20,False
1441,2.5000000000000004,15,31,20,False
1442,2.5000000000000004,15,61,20,False
1443,2.5000000000000004,15,91,20,True
1444,2.5000000000000004,15,121,20,True
1445,2.5000000000000004,15,151,20,True
1446,2.5000000000000004,15,181,20,True
1447,2.5000000000000004,15,211,20,True
1448,2.5000000000000004,15,241,20,True
1449,2.5000000000000004,15,271,20,True
1450,2.5000000000000004,15,301,20,True
1451,2.5000000000000004,15,331,20,False
1452,2.5000000000000004,22,1,20,False
1453,2.5000000000000004,22,31,20,False
1454,2.5000000000000004,22,61,20,False
1455,2.5000000000000004,22,91,20,True
1456,2.5000000000000004,22,121,20,False
1457,2.5000000000000004,22,151,20,True
1458,2.5000000000000004,22,181,20,True
1459,2.5000000000000004,22,211,20,False
1460,2.5000000000000004,22,241,20,True
1461,2.5000000000000004,22,271,20,False
1462,2.5000000000000004,22,301,20,True
1463,2.5000000000000004,22,331,20,False
1464,2.5000000000000004,29,31,20,False
1465,2.5000000000000004,29,61,20,True
1466,2.5000000000000004,29,91,20,False
1467,2.5000000000000004,29,121,20,True
1468,2.5000000000000004,29,151,20,False
1469,2.5000000000000004,29,181,20,False
1470,2.5000000000000004,29,211,20,False
1471,2.5000000000000004,29,241,20,False
1472,2.5000000000000004,29,271,20,True
1473,2.5000000000000004,29,301,20,True
1474,2.5000000000000004,29,331,20,True
1475,2.6,1,1,20,False
1476,2.6,1,31,20,True
1477,2.6,1,61,20,True
1478,2.6,1,91,20,True
1479,2.6,1,121,20,True
1480,2.6,1,151,20,True
1481,2.6,1,181,20,True
1482,2.6,1,211,20,True
1483,2.6,1,241,20,True
1484,2.6,1,271,20,True
1485,2.6,1,301,20,True
1486,2.6,1,331,20,True
1487,2.6,8,1,20,False
1488,2.6,8,31,20,False
1489,2.6,8,61,20,True
1490,2.6,8,91,20,True
1491,2.6,8,121,20,True
1492,2.6,8,151,20,True
1493,2.6,8,181,20,True
1494,2.6,8,211,20,True
1495,2.6,8,241,20,True
1496,2.6,8,271,20,True
1497,2.6,8,301,20,True
1498,2.6,8,331,20,True
1499,2.6,15,1,20,False
1500,2.6,15,31,20,False
1501,2.6,15,61,20,True
1502,2.6,15,91,20,False
1503,2.6,15,121,20,True
1504,2.6,15,151,20,True
1505,2.6,15,181,20,True
1506,2.6,15,211,20,True
1507,2.6,15,241,20,True
1508,2.6,15,271,20,True
1509,2.6,15,301,20,True
1510,2.6,15,331,20,True
1511,2.6,22,1,20,False
1512,2.6,22,31,20,False
1513,2.6,22,61,20,False
1514,2.6,22,91,20,False
1515,2.6,22,121,20,True
1516,2.6,22,151,20,True
1517,2.6,22,181,20,True
1518,2.6,22,211,20,True
1519,2.6,22,241,20,True
1520,2.6,22,271,20,False
1521,2.6,22,301,20,True
1522,2.6,22,331,20,False
1523,2.6,29,31,20,False
1524,2.6,29,61,20,False
1525,2.6,29,91,20,True
1526,2.6,29,121,20,True
1527,2.6,29,151,20,True
1528,2.6,29,181,20,True
1529,2.6,29,211,20,True
1530,2.6,29,241,20,False
1531,2.6,29,271,20,True
1532,2.6,29,301,20,False
1533,2.6,29,331,20,True
1534,2.7,1,1,20,False
1535,2.7,1,31,20,False
1536,2.7,1,61,20,True
1537,2.7,1,91,20,True
1538,2.7,1,121,20,True
1539,2.7,1,151,20,True
1540,2.7,1,181,20,True
1541,2.7,1,211,20,True
1542,2.7,1,241,20,True
1543,2.7,1,271,20,True
1544,2.7,1,301,20,True
1545,2.7,1,331,20,True
1546,2.7,8,1,20,False
1547,2.7,8,31,20,False
1548,2.7,8,61,20,False
1549,2.7,8,91,20,True
1550,2.7,8,121,20,True
1551,2.7,8,151,20,True
1552,2.7,8,181,20,False
1553,2.7,8,211,20,True
1554,2.7,8,241,20,True
1555,2.7,8,271,20,True
1556,2.7,8,301,20,True
1557,2.7,8,331,20,True
1558,2.7,15,1,20,False
1559,2.7,15,31,20,False
1560,2.7,15,61,20,False
1561,2.7,15,91,20,True
1562,2.7,15,121,20,False
1563,2.7,15,151,20,True
1564,2.7,15,181,20,True
1565,2.7,15,211,20,True
1566,2.7,15,241,20,True
1567,2.7,15,271,20,True
1568,2.7,15,301,20,True
1569,2.7,15,331,20,True
1570,2.7,22,1,20,False
1571,2.7,22,31,20,False
1572,2.7,22,61,20,False
1573,2.7,22,91,20,False
1574,2.7,22,121,20,False
1575,2.7,22,151,20,True
1576,2.7,22,181,20,True
1577,2.7,22,211,20,True
1578,2.7,22,241,20,True
1579,2.7,22,271,20,True
1580,2.7,22,301,20,True
1581,2.7,22,331,20,True
1582,2.7,29,31,20,False
1583,2.7,29,61,20,False
1584,2.7,29,91,20,False
1585,2.7,29,121,20,True
1586,2.7,29,151,20,False
1587,2.7,29,181,20,False
1588,2.7,29,211,20,False
1589,2.7,29,241,20,False
1590,2.7,29,271,20,True
1591,2.7,29,301,20,False
1592,2.7,29,331,20,True
1593,2.8000000000000003,1,1,20,False
1594,2.8000000000000003,1,31,20,True
1595,2.8000000000000003,1,61,20,True
1596,2.8000000000000003,1,91,20,True
1597,2.8000000000000003,1,121,20,True
1598,2.8000000000000003,1,151,20,True
1599,2.8000000000000003,1,181,20,True
1600,2.8000000000000003,1,211,20,True
1601,2.8000000000000003,1,241,20,True
1602,2.8000000000000003,1,271,20,True
1603,2.8000000000000003,1,301,20,True
1604,2.8000000000000003,1,331,20,True
1605,2.8000000000000003,8,1,20,False
1606,2.8000000000000003,8,31,20,False
1607,2.8000000000000003,8,61,20,True
1608,2.8000000000000003,8,91,20,True
1609,2.8000000000000003,8,121,20,True
1610,2.8000000000000003,8,151,20,True
1611,2.8000000000000003,8,181,20,True
1612,2.8000000000000003,8,211,20,True
1613,2.8000000000000003,8,241,20,True
1614,2.8000000000000003,8,271,20,True
1615,2.8000000000000003,8,301,20,False
1616,2.8000000000000003,8,331,20,True
1617,2.8000000000000003,15,1,20,False
1618,2.8000000000000003,15,31,20,False
1619,2.8000000000000003,15,61,20,True
1620,2.8000000000000003,15,91,20,True
1621,2.8000000000000003,15,121,20,False
1622,2.8000000000000003,15,151,20,True
1623,2.8000000000000003,15,181,20,True
1624,2.8000000000000003,15,211,20,True
1625,2.8000000000000003,15,241,20,False
1626,2.8000000000000003,15,271,20,True
1627,2.8000000000000003,15,301,20,True
1628,2.8000000000000003,15,331,20,True
1629,2.8000000000000003,22,1,20,False
1630,2.8000000000000003,22,31,20,False
1631,2.8000000000000003,22,61,20,False
1632,2.8000000000000003,22,91,20,False
1633,2.8000000000000003,22,121,20,True
1634,2.8000000000000003,22,151,20,False
1635,2.8000000000000003,22,181,20,True
1636,2.8000000000000003,22,211,20,True
1637,2.8000000000000003,22,241,20,False
1638,2.8000000000000003,22,271,20,False
1639,2.8000000000000003,22,301,20,True
1640,2.8000000000000003,22,331,20,True
1641,2.8000000000000003,29,31,20,False
1642,2.8000000000000003,29,61,20,False
1643,2.8000000000000003,29,91,20,False
1644,2.8000000000000003,29,121,20,False
1645,2.8000000000000003,29,151,20,True
1646,2.8000000000000003,29,181,20,True
1647,2.8000000000000003,29,211,20,False
1648,2.8000000000000003,29,241,20,True
1649,2.8000000000000003,29,271,20,True
1650,2.8000000000000003,29,301,20,True
1651,2.8000000000000003,29,331,20,True
1652,2.9000000000000004,1,1,20,False
1653,2.9000000000000004,1,31,20,False
1654,2.9000000000000004,1,61,20,False
1655,2.9000000000000004,1,91,20,True
1656,2.9000000000000004,1,121,20,True
1657,2.9000000000000004,1,151,20,True
1658,2.9000000000000004,1,181,20,True
1659,2.9000000000000004,1,211,20,True
1660,2.9000000000000004,1,241,20,True
1661,2.9000000000000004,1,271,20,True
1662,2.9000000000000004,1,301,20,True
1663,2.9000000000000004,1,331,20,True
1664,2.9000000000000004,8,1,20,False
1665,2.9000000000000004,8,31,20,True
1666,2.9000000000000004,8,61,20,True
1667,2.9000000000000004,8,91,20,True
1668,2.9000000000000004,8,121,20,True
1669,2.9000000000000004,8,151,20,True
1670,2.9000000000000004,8,181,20,True
1671,2.9000000000000004,8,211,20,True
1672,2.9000000000000004,8,241,20,False
1673,2.9000000000000004,8,271,20,True
1674,2.9000000000000004,8,301,20,True
1675,2.9000000000000004,8,331,20,True
1676,2.9000000000000004,15,1,20,False
1677,2.9000000000000004,15,31,20,False
1678,2.9000000000000004,15,61,20,False
1679,2.9000000000000004,15,91,20,True
1680,2.9000000000000004,15,121,20,True
1681,2.9000000000000004,15,151,20,True
1682,2.9000000000000004,15,181,20,True
1683,2.9000000000000004,15,211,20,False
1684,2.9000000000000004,15,241,20,True
1685,2.9000000000000004,15,271,20,False
1686,2.9000000000000004,15,301,20,True
1687,2.9000000000000004,15,331,20,True
1688,2.9000000000000004,22,1,20,False
1689,2.9000000000000004,22,31,20,False
1690,2.9000000000000004,22,61,20,False
1691,2.9000000000000004,22,91,20,False
1692,2.9000000000000004,22,121,20,True
1693,2.9000000000000004,22,151,20,False
1694,2.9000000000000004,22,181,20,True
1695,2.9000000000000004,22,211,20,True
1696,2.9000000000000004,22,241,20,True
1697,2.9000000000000004,22,271,20,True
1698,2.9000000000000004,22,301,20,True
1699,2.9000000000000004,22,331,20,True
1700,2.9000000000000004,29,31,20,False
1701,2.9000000000000004,29,61,20,False
1702,2.9000000000000004,29,91,20,False
1703,2.9000000000000004,29,121,20,True
1704,2.9000000000000004,29,151,20,False
1705,2.9000000000000004,29,181,20,False
1706,2.9000000000000004,29,211,20,True
1707,2.9000000000000004,29,241,20,True
1708,2.9000000000000004,29,271,20,True
1709,2.9000000000000004,29,301,20,True
1710,2.9000000000000004,29,331,20,True
1711,3.0000000000000004,1,1,20,False
1712,3.0000000000000004,1,31,20,True
1713,3.0000000000000004,1,61,20,True
1714,3.0000000000000004,1,91,20,True
1715,3.0000000000000004,1,121,20,True
1716,3.0000000000000004,1,151,20,True
1717,3.0000000000000004,1,181,20,True
1718,3.0000000000000004,1,211,20,True
1719,3.0000000000000004,1,241,20,True
1720,3.0000000000000004,1,271,20,True
1721,3.0000000000000004,1,301,20,True
1722,3.0000000000000004,1,331,20,True
1723,3.0000000000000004,8,1,20,False
1724,3.0000000000000004,8,31,20,True
1725,3.0000000000000004,8,61,20,True
1726,3.0000000000000004,8,91,20,True
1727,3.0000000000000004,8,121,20,False
1728,3.0000000000000004,8,151,20,False
1729,3.0000000000000004,8,181,20,True
1730,3.0000000000000004,8,211,20,True
1731,3.0000000000000004,8,241,20,True
1732,3.0000000000000004,8,271,20,True
1733,3.0000000000000004,8,301,20,True
1734,3.0000000000000004,8,331,20,False
1735,3.0000000000000004,15,1,20,False
1736,3.0000000000000004,15,31,20,False
1737,3.0000000000000004,15,61,20,False
1738,3.0000000000000004,15,91,20,True
1739,3.0000000000000004,15,121,20,False
1740,3.0000000000000004,15,151,20,False
1741,3.0000000000000004,15,181,20,True
1742,3.0000000000000004,15,211,20,False
1743,3.0000000000000004,15,241,20,True
1744,3.0000000000000004,15,271,20,True
1745,3.0000000000000004,15,301,20,True
1746,3.0000000000000004,15,331,20,True
1747,3.0000000000000004,22,1,20,False
1748,3.0000000000000004,22,31,20,False
1749,3.0000000000000004,22,61,20,False
1750,3.0000000000000004,22,91,20,False
1751,3.0000000000000004,22,121,20,False
1752,3.0000000000000004,22,151,20,False
1753,3.0000000000000004,22,181,20,False
1754,3.0000000000000004,22,211,20,True
1755,3.0000000000000004,22,241,20,True
1756,3.0000000000000004,22,271,20,True
1757,3.0000000000000004,22,301,20,False
1758,3.0000000000000004,22,331,20,True
1759,3.0000000000000004,29,31,20,False
1760,3.0000000000000004,29,61,20,False
1761,3.0000000000000004,29,91,20,False
1762,3.0000000000000004,29,121,20,False
1763,3.0000000000000004,29,151,20,False
1764,3.0000000000000004,29,181,20,True
1765,3.0000000000000004,29,211,20,False
1766,3.0000000000000004,29,241,20,False
1767,3.0000000000000004,29,271,20,True
1768,3.0000000000000004,29,301,20,False
1769,3.0000000000000004,29,331,20,True
1770,3.1,1,1,20,False
1771,3.1,1,31,20,True
1772,3.1,1,61,20,True
1773,3.1,1,91,20,True
1774,3.1,1,121,20,True
1775,3.1,1,151,20,False
1776,3.1,1,181,20,True
1777,3.1,1,211,20,True
1778,3.1,1,241,20,True
1779,3.1,1,271,20,True
1780,3.1,1,301,20,True
1781,3.1,1,331,20,True
1782,3.1,8,1,20,False
1783,3.1,8,31,20,True
1784,3.1,8,61,20,True
1785,3.1,8,91,20,False
1786,3.1,8,121,20,True
1787,3.1,8,151,20,True
1788,3.1,8,181,20,True
1789,3.1,8,211,20,True
1790,3.1,8,241,20,True
1791,3.1,8,271,20,True
1792,3.1,8,301,20,True
1793,3.1,8,331,20,True
1794,3.1,15,1,20,False
1795,3.1,15,31,20,False
1796,3.1,15,61,20,False
1797,3.1,15,91,20,False
1798,3.1,15,121,20,True
1799,3.1,15,151,20,True
1800,3.1,15,181,20,True
1801,3.1,15,211,20,True
1802,3.1,15,241,20,True
1803,3.1,15,271,20,True
1804,3.1,15,301,20,True
1805,3.1,15,331,20,True
1806,3.1,22,1,20,False
1807,3.1,22,31,20,False
1808,3.1,22,61,20,False
1809,3.1,22,91,20,False
1810,3.1,22,121,20,True
1811,3.1,22,151,20,True
1812,3.1,22,181,20,True
1813,3.1,22,211,20,True
1814,3.1,22,241,20,True
1815,3.1,22,271,20,True
1816,3.1,22,301,20,False
1817,3.1,22,331,20,True
1818,3.1,29,31,20,False
1819,3.1,29,61,20,False
1820,3.1,29,91,20,False
1821,3.1,29,121,20,False
1822,3.1,29,151,20,True
1823,3.1,29,181,20,True
1824,3.1,29,211,20,False
1825,3.1,29,241,20,True
1826,3.1,29,271,20,False
1827,3.1,29,301,20,False
1828,3.1,29,331,20,True
1829,3.2,1,1,20,False
1830,3.2,1,31,20,False
1831,3.2,1,61,20,True
1832,3.2,1,91,20,True
1833,3.2,1,121,20,True
1834,3.2,1,151,20,True
1835,3.2,1,181,20,True
1836,3.2,1,211,20,True
1837,3.2,1,241,20,False
1838,3.2,1,271,20,True
1839,3.2,1,301,20,True
1840,3.2,1,331,20,True
1841,3.2,8,1,20,False
1842,3.2,8,31,20,False
1843,3.2,8,61,20,True
1844,3.2,8,91,20,True
1845,3.2,8,121,20,True
1846,3.2,8,151,20,False
1847,3.2,8,181,20,True
1848,3.2,8,211,20,False
1849,3.2,8,241,20,True
1850,3.2,8,271,20,False
1851,3.2,8,301,20,True
1852,3.2,8,331,20,True
1853,3.2,15,1,20,False
1854,3.2,15,31,20,False
1855,3.2,15,61,20,False
1856,3.2,15,91,20,False
1857,3.2,15,121,20,False
1858,3.2,15,151,20,False
1859,3.2,15,181,20,False
1860,3.2,15,211,20,True
1861,3.2,15,241,20,False
1862,3.2,15,271,20,True
1863,3.2,15,301,20,True
1864,3.2,15,331,20,True
1865,3.2,22,1,20,False
1866,3.2,22,31,20,False
1867,3.2,22,61,20,False
1868,3.2,22,91,20,False
1869,3.2,22,121,20,False
1870,3.2,22,151,20,False
1871,3.2,22,181,20,False
1872,3.2,22,211,20,True
1873,3.2,22,241,20,True
1874,3.2,22,271,20,True
1875,3.2,22,301,20,False
1876,3.2,22,331,20,True
1877,3.2,29,31,20,False
1878,3.2,29,61,20,False
1879,3.2,29,91,20,False
1880,3.2,29,121,20,True
1881,3.2,29,151,20,False
1882,3.2,29,181,20,False
1883,3.2,29,211,20,True
1884,3.2,29,241,20,True
1885,3.2,29,271,20,True
1886,3.2,29,301,20,False
1887,3.2,29,331,20,True
1888,3.3000000000000003,1,1,20,False
1889,3.3000000000000003,1,31,20,True
1890,3.3000000000000003,1,61,20,True
1891,3.3000000000000003,1,91,20,True
1892,3.3000000000000003,1,121,20,True
1893,3.3000000000000003,1,151,20,False
1894,3.3000000000000003,1,181,20,True
1895,3.3000000000000003,1,211,20,True
1896,3.3000000000000003,1,241,20,False
1897,3.3000000000000003,1,271,20,False
1898,3.3000000000000003,1,301,20,True
1899,3.3000000000000003,1,331,20,False
1900,3.3000000000000003,8,1,20,False
1901,3.3000000000000003,8,31,20,False
1902,3.3000000000000003,8,61,20,True
1903,3.3000000000000003,8,91,20,True
1904,3.3000000000000003,8,121,20,False
1905,3.3000000000000003,8,151,20,True
1906,3.3000000000000003,8,181,20,True
1907,3.3000000000000003,8,211,20,True
1908,3.3000000000000003,8,241,20,True
1909,3.3000000000000003,8,271,20,True
1910,3.3000000000000003,8,301,20,True
1911,3.3000000000000003,8,331,20,False
1912,3.3000000000000003,15,1,20,False
1913,3.3000000000000003,15,31,20,False
1914,3.3000000000000003,15,61,20,False
1915,3.3000000000000003,15,91,20,False
1916,3.3000000000000003,15,121,20,True
1917,3.3000000000000003,15,151,20,True
1918,3.3000000000000003,15,181,20,True
1919,3.3000000000000003,15,211,20,True
1920,3.3000000000000003,15,241,20,True
1921,3.3000000000000003,15,271,20,True
1922,3.3000000000000003,15,301,20,True
1923,3.3000000000000003,15,331,20,True
1924,3.3000000000000003,22,1,20,False
1925,3.3000000000000003,22,31,20,False
1926,3.3000000000000003,22,61,20,False
1927,3.3000000000000003,22,91,20,False
1928,3.3000000000000003,22,121,20,False
1929,3.3000000000000003,22,151,20,False
1930,3.3000000000000003,22,181,20,False
1931,3.3000000000000003,22,211,20,False
1932,3.3000000000000003,22,241,20,True
1933,3.3000000000000003,22,271,20,True
1934,3.3000000000000003,22,301,20,True
1935,3.3000000000000003,22,331,20,True
1936,3.3000000000000003,29,31,20,False
1937,3.3000000000000003,29,61,20,False
1938,3.3000000000000003,29,91,20,False
1939,3.3000000000000003,29,121,20,False
1940,3.3000000000000003,29,151,20,False
1941,3.3000000000000003,29,181,20,True
1942,3.3000000000000003,29,211,20,False
1943,3.3000000000000003,29,241,20,True
1944,3.3000000000000003,29,271,20,True
1945,3.3000000000000003,29,301,20,False
1946,3.3000000000000003,29,331,20,True
1947,3.4000000000000004,1,1,20,False
1948,3.4000000000000004,1,31,20,False
1949,3.4000000000000004,1,61,20,True
1950,3.4000000000000004,1,91,20,True
1951,3.4000000000000004,1,121,20,True
1952,3.4000000000000004,1,151,20,False
1953,3.4000000000000004,1,181,20,False
1954,3.4000000000000004,1,211,20,True
1955,3.4000000000000004,1,241,20,True
1956,3.4000000000000004,1,271,20,True
1957,3.4000000000000004,1,301,20,True
1958,3.4000000000000004,1,331,20,False
1959,3.4000000000000004,8,1,20,False
1960,3.4000000000000004,8,31,20,False
1961,3.4000000000000004,8,61,20,False
1962,3.4000000000000004,8,91,20,True
1963,3.4000000000000004,8,121,20,False
1964,3.4000000000000004,8,151,20,True
1965,3.4000000000000004,8,181,20,False
1966,3.4000000000000004,8,211,20,True
1967,3.4000000000000004,8,241,20,True
1968,3.4000000000000004,8,271,20,True
1969,3.4000000000000004,8,301,20,True
1970,3.4000000000000004,8,331,20,True
1971,3.4000000000000004,15,1,20,False
1972,3.4000000000000004,15,31,20,False
1973,3.4000000000000004,15,61,20,False
1974,3.4000000000000004,15,91,20,False
1975,3.4000000000000004,15,121,20,False
1976,3.4000000000000004,15,151,20,True
1977,3.4000000000000004,15,181,20,False
1978,3.4000000000000004,15,211,20,True
1979,3.4000000000000004,15,241,20,True
1980,3.4000000000000004,15,271,20,True
1981,3.4000000000000004,15,301,20,True
1982,3.4000000000000004,15,331,20,False
1983,3.4000000000000004,22,1,20,False
1984,3.4000000000000004,22,31,20,False
1985,3.4000000000000004,22,61,20,False
1986,3.4000000000000004,22,91,20,False
1987,3.4000000000000004,22,121,20,True
1988,3.4000000000000004,22,151,20,True
1989,3.4000000000000004,22,181,20,False
1990,3.4000000000000004,22,211,20,True
1991,3.4000000000000004,22,241,20,False
1992,3.4000000000000004,22,271,20,False
1993,3.4000000000000004,22,301,20,False
1994,3.4000000000000004,22,331,20,True
1995,3.4000000000000004,29,31,20,False
1996,3.4000000000000004,29,61,20,False
1997,3.4000000000000004,29,91,20,False
1998,3.4000000000000004,29,121,20,True
1999,3.4000000000000004,29,151,20,False
2000,3.4000000000000004,29,181,20,False
2001,3.4000000000000004,29,211,20,False
2002,3.4000000000000004,29,241,20,True
2003,3.4000000000000004,29,271,20,True
2004,3.4000000000000004,29,301,20,False
2005,3.4000000000000004,29,331,20,True
2006,3.5000000000000004,1,1,20,False
2007,3.5000000000000004,1,31,20,True
2008,3.5000000000000004,1,61,20,True
2009,3.5000000000000004,1,91,20,True
2010,3.5000000000000004,1,121,20,True
2011,3.5000000000000004,1,151,20,True
2012,3.5000000000000004,1,181,20,True
2013,3.5000000000000004,1,211,20,True
2014,3.5000000000000004,1,241,20,True
2015,3.5000000000000004,1,271,20,True
2016,3.5000000000000004,1,301,20,True
2017,3.5000000000000004,1,331,20,True
2018,3.5000000000000004,8,1,20,False
2019,3.5000000000000004,8,31,20,False
2020,3.5000000000000004,8,61,20,False
2021,3.5000000000000004,8,91,20,True
2022,3.5000000000000004,8,121,20,False
2023,3.5000000000000004,8,151,20,True
2024,3.5000000000000004,8,181,20,True
2025,3.5000000000000004,8,211,20,True
2026,3.5000000000000004,8,241,20,True
2027,3.5000000000000004,8,271,20,True
2028,3.5000000000000004,8,301,20,False
2029,3.5000000000000004,8,331,20,True
2030,3.5000000000000004,15,1,20,False
2031,3.5000000000000004,15,31,20,True
2032,3.5000000000000004,15,61,20,False
2033,3.5000000000000004,15,91,20,True
2034,3.5000000000000004,15,121,20,True
2035,3.5000000000000004,15,151,20,True
2036,3.5000000000000004,15,181,20,True
2037,3.5000000000000004,15,211,20,True
2038,3.5000000000000004,15,241,20,True
2039,3.5000000000000004,15,271,20,True
2040,3.5000000000000004,15,301,20,True
2041,3.5000000000000004,15,331,20,True
2042,3.5000000000000004,22,1,20,False
2043,3.5000000000000004,22,31,20,False
2044,3.5000000000000004,22,61,20,False
2045,3.5000000000000004,22,91,20,False
2046,3.5000000000000004,22,121,20,False
2047,3.5000000000000004,22,151,20,False
2048,3.5000000000000004,22,181,20,True
2049,3.5000000000000004,22,211,20,False
2050,3.5000000000000004,22,241,20,True
2051,3.5000000000000004,22,271,20,True
2052,3.5000000000000004,22,301,20,True
2053,3.5000000000000004,22,331,20,True
2054,3.5000000000000004,29,31,20,False
2055,3.5000000000000004,29,61,20,False
2056,3.5000000000000004,29,91,20,False
2057,3.5000000000000004,29,121,20,False
2058,3.5000000000000004,29,151,20,True
2059,3.5000000000000004,29,181,20,False
2060,3.5000000000000004,29,211,20,False
2061,3.5000000000000004,29,241,20,True
2062,3.5000000000000004,29,271,20,True
2063,3.5000000000000004,29,301,20,True
2064,3.5000000000000004,29,331,20,False
2065,3.6,1,1,20,False
2066,3.6,1,31,20,True
2067,3.6,1,61,20,False
2068,3.6,1,91,20,True
2069,3.6,1,121,20,True
2070,3.6,1,151,20,True
2071,3.6,1,181,20,True
2072,3.6,1,211,20,True
2073,3.6,1,241,20,True
2074,3.6,1,271,20,True
2075,3.6,1,301,20,True
2076,3.6,1,331,20,True
2077,3.6,8,1,20,False
2078,3.6,8,31,20,False
2079,3.6,8,61,20,True
2080,3.6,8,91,20,True
2081,3.6,8,121,20,True
2082,3.6,8,151,20,True
2083,3.6,8,181,20,False
2084,3.6,8,211,20,True
2085,3.6,8,241,20,True
2086,3.6,8,271,20,True
2087,3.6,8,301,20,False
2088,3.6,8,331,20,True
2089,3.6,15,1,20,False
2090,3.6,15,31,20,False
2091,3.6,15,61,20,True
2092,3.6,15,91,20,True
2093,3.6,15,121,20,True
2094,3.6,15,151,20,True
2095,3.6,15,181,20,True
2096,3.6,15,211,20,True
2097,3.6,15,241,20,False
2098,3.6,15,271,20,True
2099,3.6,15,301,20,False
2100,3.6,15,331,20,True
2101,3.6,22,1,20,False
2102,3.6,22,31,20,False
2103,3.6,22,61,20,False
2104,3.6,22,91,20,False
2105,3.6,22,121,20,False
2106,3.6,22,151,20,False
2107,3.6,22,181,20,True
2108,3.6,22,211,20,True
2109,3.6,22,241,20,True
2110,3.6,22,271,20,True
2111,3.6,22,301,20,True
2112,3.6,22,331,20,False
2113,3.6,29,31,20,False
2114,3.6,29,61,20,False
2115,3.6,29,91,20,False
2116,3.6,29,121,20,True
2117,3.6,29,151,20,True
2118,3.6,29,181,20,True
2119,3.6,29,211,20,True
2120,3.6,29,241,20,False
2121,3.6,29,271,20,False
2122,3.6,29,301,20,True
2123,3.6,29,331,20,True
2124,3.7,1,1,20,False
2125,3.7,1,31,20,True
2126,3.7,1,61,20,False
2127,3.7,1,91,20,True
2128,3.7,1,121,20,True
2129,3.7,1,151,20,False
2130,3.7,1,181,20,True
2131,3.7,1,211,20,True
2132,3.7,1,241,20,True
2133,3.7,1,271,20,True
2134,3.7,1,301,20,True
2135,3.7,1,331,20,True
2136,3.7,8,1,20,False
2137,3.7,8,31,20,False
2138,3.7,8,61,20,False
2139,3.7,8,91,20,True
2140,3.7,8,121,20,False
2141,3.7,8,151,20,True
2142,3.7,8,181,20,True
2143,3.7,8,211,20,False
2144,3.7,8,241,20,True
2145,3.7,8,271,20,True
2146,3.7,8,301,20,True
2147,3.7,8,331,20,True
2148,3.7,15,1,20,False
2149,3.7,15,31,20,False
2150,3.7,15,61,20,False
2151,3.7,15,91,20,False
2152,3.7,15,121,20,True
2153,3.7,15,151,20,False
2154,3.7,15,181,20,True
2155,3.7,15,211,20,True
2156,3.7,15,241,20,True
2157,3.7,15,271,20,False
2158,3.7,15,301,20,True
2159,3.7,15,331,20,True
2160,3.7,22,1,20,False
2161,3.7,22,31,20,False
2162,3.7,22,61,20,False
2163,3.7,22,91,20,False
2164,3.7,22,121,20,False
2165,3.7,22,151,20,True
2166,3.7,22,181,20,False
2167,3.7,22,211,20,True
2168,3.7,22,241,20,False
2169,3.7,22,271,20,True
2170,3.7,22,301,20,True
2171,3.7,22,331,20,False
2172,3.7,29,31,20,False
2173,3.7,29,61,20,False
2174,3.7,29,91,20,False
2175,3.7,29,121,20,False
2176,3.7,29,151,20,False
2177,3.7,29,181,20,True
2178,3.7,29,211,20,True
2179,3.7,29,241,20,True
2180,3.7,29,271,20,False
2181,3.7,29,301,20,False
2182,3.7,29,331,20,True
2183,3.8000000000000003,1,1,20,False
2184,3.8000000000000003,1,31,20,True
2185,3.8000000000000003,1,61,20,True
2186,3.8000000000000003,1,91,20,False
2187,3.8000000000000003,1,121,20,False
2188,3.8000000000000003,1,151,20,True
2189,3.8000000000000003,1,181,20,True
2190,3.8000000000000003,1,211,20,True
2191,3.8000000000000003,1,241,20,False
2192,3.8000000000000003,1,271,20,True
2193,3.8000000000000003,1,301,20,True
2194,3.8000000000000003,1,331,20,True
2195,3.8000000000000003,8,1,20,False
2196,3.8000000000000003,8,31,20,True
2197,3.8000000000000003,8,61,20,True
2198,3.8000000000000003,8,91,20,False
2199,3.8000000000000003,8,121,20,True
2200,3.8000000000000003,8,151,20,True
2201,3.8000000000000003,8,181,20,True
2202,3.8000000000000003,8,211,20,True
2203,3.8000000000000003,8,241,20,True
2204,3.8000000000000003,8,271,20,True
2205,3.8000000000000003,8,301,20,True
2206,3.8000000000000003,8,331,20,False
2207,3.8000000000000003,15,1,20,False
2208,3.8000000000000003,15,31,20,False
2209,3.8000000000000003,15,61,20,True
2210,3.8000000000000003,15,91,20,False
2211,3.8000000000000003,15,121,20,True
2212,3.8000000000000003,15,151,20,False
2213,3.8000000000000003,15,181,20,True
2214,3.8000000000000003,15,211,20,True
2215,3.8000000000000003,15,241,20,True
2216,3.8000000000000003,15,271,20,False
2217,3.8000000000000003,15,301,20,False
2218,3.8000000000000003,15,331,20,False
2219,3.8000000000000003,22,1,20,False
2220,3.8000000000000003,22,31,20,False
2221,3.8000000000000003,22,61,20,True
2222,3.8000000000000003,22,91,20,False
2223,3.8000000000000003,22,121,20,True
2224,3.8000000000000003,22,151,20,True
2225,3.8000000000000003,22,181,20,True
2226,3.8000000000000003,22,211,20,True
2227,3.8000000000000003,22,241,20,False
2228,3.8000000000000003,22,271,20,False
2229,3.8000000000000003,22,301,20,False
2230,3.8000000000000003,22,331,20,False
2231,3.8000000000000003,29,31,20,False
2232,3.8000000000000003,29,61,20,False
2233,3.8000000000000003,29,91,20,False
2234,3.8000000000000003,29,121,20,False
2235,3.8000000000000003,29,151,20,False
2236,3.8000000000000003,29,181,20,False
2237,3.8000000000000003,29,211,20,False
2238,3.8000000000000003,29,241,20,False
2239,3.8000000000000003,29,271,20,True
2240,3.8000000000000003,29,301,20,True
2241,3.8000000000000003,29,331,20,True
2242,3.9000000000000004,1,1,20,False
2243,3.9000000000000004,1,31,20,True
2244,3.9000000000000004,1,61,20,True
2245,3.9000000000000004,1,91,20,True
2246,3.9000000000000004,1,121,20,True
2247,3.9000000000000004,1,151,20,True
2248,3.9000000000000004,1,181,20,True
2249,3.9000000000000004,1,211,20,False
2250,3.9000000000000004,1,241,20,True
2251,3.9000000000000004,1,271,20,False
2252,3.9000000000000004,1,301,20,True
2253,3.9000000000000004,1,331,20,True
2254,3.9000000000000004,8,1,20,False
2255,3.9000000000000004,8,31,20,False
2256,3.9000000000000004,8,61,20,True
2257,3.9000000000000004,8,91,20,True
2258,3.9000000000000004,8,121,20,True
2259,3.9000000000000004,8,151,20,True
2260,3.9000000000000004,8,181,20,True
2261,3.9000000000000004,8,211,20,True
2262,3.9000000000000004,8,241,20,True
2263,3.9000000000000004,8,271,20,False
2264,3.9000000000000004,8,301,20,False
2265,3.9000000000000004,8,331,20,False
2266,3.9000000000000004,15,1,20,False
2267,3.9000000000000004,15,31,20,False
2268,3.9000000000000004,15,61,20,False
2269,3.9000000000000004,15,91,20,False
2270,3.9000000000000004,15,121,20,False
2271,3.9000000000000004,15,151,20,False
2272,3.9000000000000004,15,181,20,True
2273,3.9000000000000004,15,211,20,True
2274,3.9000000000000004,15,241,20,False
2275,3.9000000000000004,15,271,20,True
2276,3.9000000000000004,15,301,20,False
2277,3.9000000000000004,15,331,20,True
2278,3.9000000000000004,22,1,20,False
2279,3.9000000000000004,22,31,20,False
2280,3.9000000000000004,22,61,20,False
2281,3.9000000000000004,22,91,20,False
2282,3.9000000000000004,22,121,20,False
2283,3.9000000000000004,22,151,20,True
2284,3.9000000000000004,22,181,20,True
2285,3.9000000000000004,22,211,20,False
2286,3.9000000000000004,22,241,20,True
2287,3.9000000000000004,22,271,20,True
2288,3.9000000000000004,22,301,20,True
2289,3.9000000000000004,22,331,20,False
2290,3.9000000000000004,29,31,20,False
2291,3.9000000000000004,29,61,20,False
2292,3.9000000000000004,29,91,20,False
2293,3.9000000000000004,29,121,20,False
2294,3.9000000000000004,29,151,20,False
2295,3.9000000000000004,29,181,20,False
2296,3.9000000000000004,29,211,20,True
2297,3.9000000000000004,29,241,20,True
2298,3.9000000000000004,29,271,20,False
2299,3.9000000000000004,29,301,20,True
2300,3.9000000000000004,29,331,20,True
2301,4.0,1,1,20,False
2302,4.0,1,31,20,True
2303,4.0,1,61,20,True
2304,4.0,1,91,20,False
2305,4.0,1,121,20,True
2306,4.0,1,151,20,True
2307,4.0,1,181,20,True
2308,4.0,1,211,20,True
2309,4.0,1,241,20,True
2310,4.0,1,271,20,True
2311,4.0,1,301,20,True
2312,4.0,1,331,20,True
2313,4.0,8,1,20,False
2314,4.0,8,31,20,False
2315,4.0,8,61,20,False
2316,4.0,8,91,20,False
2317,4.0,8,121,20,True
2318,4.0,8,151,20,True
2319,4.0,8,181,20,True
2320,4.0,8,211,20,True
2321,4.0,8,241,20,True
2322,4.0,8,271,20,True
2323,4.0,8,301,20,True
2324,4.0,8,331,20,True
2325,4.0,15,1,20,False
2326,4.0,15,31,20,False
2327,4.0,15,61,20,False
2328,4.0,15,91,20,True
2329,4.0,15,121,20,True
2330,4.0,15,151,20,True
2331,4.0,15,181,20,True
2332,4.0,15,211,20,True
2333,4.0,15,241,20,True
2334,4.0,15,271,20,True
2335,4.0,15,301,20,True
2336,4.0,15,331,20,True
2337,4.0,22,1,20,False
2338,4.0,22,31,20,False
2339,4.0,22,61,20,False
2340,4.0,22,91,20,False
2341,4.0,22,121,20,True
2342,4.0,22,151,20,False
2343,4.0,22,181,20,True
2344,4.0,22,211,20,True
2345,4.0,22,241,20,True
2346,4.0,22,271,20,True
2347,4.0,22,301,20,True
2348,4.0,22,331,20,True
2349,4.0,29,31,20,False
2350,4.0,29,61,20,False
2351,4.0,29,91,20,False
2352,4.0,29,121,20,True
2353,4.0,29,151,20,False
2354,4.0,29,181,20,False
2355,4.0,29,211,20,False
2356,4.0,29,241,20,True
2357,4.0,29,271,20,False
2358,4.0,29,301,20,False
2359,4.0,29,331,20,False
2360,4.1,1,1,20,False
2361,4.1,1,31,20,False
2362,4.1,1,61,20,False
2363,4.1,1,91,20,True
2364,4.1,1,121,20,True
2365,4.1,1,151,20,True
2366,4.1,1,181,20,True
2367,4.1,1,211,20,True
2368,4.1,1,241,20,True
2369,4.1,1,271,20,True
2370,4.1,1,301,20,False
2371,4.1,1,331,20,False
2372,4.1,8,1,20,False
2373,4.1,8,31,20,False
2374,4.1,8,61,20,True
2375,4.1,8,91,20,True
2376,4.1,8,121,20,True
2377,4.1,8,151,20,False
2378,4.1,8,181,20,False
2379,4.1,8,211,20,True
2380,4.1,8,241,20,False
2381,4.1,8,271,20,True
2382,4.1,8,301,20,True
2383,4.1,8,331,20,True
2384,4.1,15,1,20,False
2385,4.1,15,31,20,False
2386,4.1,15,61,20,True
2387,4.1,15,91,20,True
2388,4.1,15,121,20,False
2389,4.1,15,151,20,False
2390,4.1,15,181,20,True
2391,4.1,15,211,20,True
2392,4.1,15,241,20,False
2393,4.1,15,271,20,True
2394,4.1,15,301,20,True
2395,4.1,15,331,20,True
2396,4.1,22,1,20,False
2397,4.1,22,31,20,False
2398,4.1,22,61,20,False
2399,4.1,22,91,20,True
2400,4.1,22,121,20,True
2401,4.1,22,151,20,True
2402,4.1,22,181,20,True
2403,4.1,22,211,20,False
2404,4.1,22,241,20,False
2405,4.1,22,271,20,True
2406,4.1,22,301,20,True
2407,4.1,22,331,20,True
2408,4.1,29,31,20,False
2409,4.1,29,61,20,False
2410,4.1,29,91,20,False
2411,4.1,29,121,20,False
2412,4.1,29,151,20,True
2413,4.1,29,181,20,False
2414,4.1,29,211,20,False
2415,4.1,29,241,20,True
2416,4.1,29,271,20,False
2417,4.1,29,301,20,True
2418,4.1,29,331,20,True
2419,4.2,1,1,20,False
2420,4.2,1,31,20,False
2421,4.2,1,61,20,False
2422,4.2,1,91,20,True
2423,4.2,1,121,20,True
2424,4.2,1,151,20,True
2425,4.2,1,181,20,False
2426,4.2,1,211,20,False
2427,4.2,1,241,20,True
2428,4.2,1,271,20,True
2429,4.2,1,301,20,False
2430,4.2,1,331,20,True
2431,4.2,8,1,20,False
2432,4.2,8,31,20,False
2433,4.2,8,61,20,True
2434,4.2,8,91,20,True
2435,4.2,8,121,20,False
2436,4.2,8,151,20,True
2437,4.2,8,181,20,True
2438,4.2,8,211,20,True
2439,4.2,8,241,20,True
2440,4.2,8,271,20,True
2441,4.2,8,301,20,False
2442,4.2,8,331,20,False
2443,4.2,15,1,20,False
2444,4.2,15,31,20,False
2445,4.2,15,61,20,False
2446,4.2,15,91,20,True
2447,4.2,15,121,20,True
2448,4.2,15,151,20,True
2449,4.2,15,181,20,True
2450,4.2,15,211,20,True
2451,4.2,15,241,20,True
2452,4.2,15,271,20,False
2453,4.2,15,301,20,False
2454,4.2,15,331,20,True
2455,4.2,22,1,20,False
2456,4.2,22,31,20,False
2457,4.2,22,61,20,False
2458,4.2,22,91,20,True
2459,4.2,22,121,20,False
2460,4.2,22,151,20,False
2461,4.2,22,181,20,False
2462,4.2,22,211,20,True
2463,4.2,22,241,20,False
2464,4.2,22,271,20,True
2465,4.2,22,301,20,False
2466,4.2,22,331,20,False
2467,4.2,29,31,20,False
2468,4.2,29,61,20,False
2469,4.2,29,91,20,False
2470,4.2,29,121,20,False
2471,4.2,29,151,20,False
2472,4.2,29,181,20,True
2473,4.2,29,211,20,True
2474,4.2,29,241,20,False
2475,4.2,29,271,20,False
2476,4.2,29,301,20,True
2477,4.2,29,331,20,True
2478,4.3,1,1,20,False
2479,4.3,1,31,20,False
2480,4.3,1,61,20,False
2481,4.3,1,91,20,True
2482,4.3,1,121,20,True
2483,4.3,1,151,20,True
2484,4.3,1,181,20,True
2485,4.3,1,211,20,True
2486,4.3,1,241,20,True
2487,4.3,1,271,20,True
2488,4.3,1,301,20,True
2489,4.3,1,331,20,True
2490,4.3,8,1,20,False
2491,4.3,8,31,20,False
2492,4.3,8,61,20,True
2493,4.3,8,91,20,True
2494,4.3,8,121,20,True
2495,4.3,8,151,20,False
2496,4.3,8,181,20,True
2497,4.3,8,211,20,True
2498,4.3,8,241,20,False
2499,4.3,8,271,20,True
2500,4.3,8,301,20,True
2501,4.3,8,331,20,True
2502,4.3,15,1,20,False
2503,4.3,15,31,20,False
2504,4.3,15,61,20,False
2505,4.3,15,91,20,True
2506,4.3,15,121,20,False
2507,4.3,15,151,20,False
2508,4.3,15,181,20,True
2509,4.3,15,211,20,True
2510,4.3,15,241,20,False
2511,4.3,15,271,20,False
2512,4.3,15,301,20,False
2513,4.3,15,331,20,True
2514,4.3,22,1,20,False
2515,4.3,22,31,20,False
2516,4.3,22,61,20,False
2517,4.3,22,91,20,False
2518,4.3,22,121,20,False
2519,4.3,22,151,20,False
2520,4.3,22,181,20,True
2521,4.3,22,211,20,False
2522,4.3,22,241,20,True
2523,4.3,22,271,20,True
2524,4.3,22,301,20,True
2525,4.3,22,331,20,False
2526,4.3,29,31,20,False
2527,4.3,29,61,20,False
2528,4.3,29,91,20,False
2529,4.3,29,121,20,False
2530,4.3,29,151,20,False
2531,4.3,29,181,20,True
2532,4.3,29,211,20,True
2533,4.3,29,241,20,False
2534,4.3,29,271,20,True
2535,4.3,29,301,20,False
2536,4.3,29,331,20,True
2537,4.3999999999999995,1,1,20,False
2538,4.3999999999999995,1,31,20,True
2539,4.3999999999999995,1,61,20,False
2540,4.3999999999999995,1,91,20,True
2541,4.3999999999999995,1,121,20,True
2542,4.3999999999999995,1,151,20,True
2543,4.3999999999999995,1,181,20,True
2544,4.3999999999999995,1,211,20,False
2545,4.3999999999999995,1,241,20,False
2546,4.3999999999999995,1,271,20,False
2547,4.3999999999999995,1,301,20,True
2548,4.3999999999999995,1,331,20,False
2549,4.3999999999999995,8,1,20,False
2550,4.3999999999999995,8,31,20,False
2551,4.3999999999999995,8,61,20,False
2552,4.3999999999999995,8,91,20,True
2553,4.3999999999999995,8,121,20,True
2554,4.3999999999999995,8,151,20,False
2555,4.3999999999999995,8,181,20,True
2556,4.3999999999999995,8,211,20,True
2557,4.3999999999999995,8,241,20,True
2558,4.3999999999999995,8,271,20,True
2559,4.3999999999999995,8,301,20,False
2560,4.3999999999999995,8,331,20,False
2561,4.3999999999999995,15,1,20,False
2562,4.3999999999999995,15,31,20,False
2563,4.3999999999999995,15,61,20,False
2564,4.3999999999999995,15,91,20,True
2565,4.3999999999999995,15,121,20,True
2566,4.3999999999999995,15,151,20,True
2567,4.3999999999999995,15,181,20,True
2568,4.3999999999999995,15,211,20,False
2569,4.3999999999999995,15,241,20,False
2570,4.3999999999999995,15,271,20,False
2571,4.3999999999999995,15,301,20,False
2572,4.3999999999999995,15,331,20,True
2573,4.3999999999999995,22,1,20,False
2574,4.3999999999999995,22,31,20,False
2575,4.3999999999999995,22,61,20,False
2576,4.3999999999999995,22,91,20,False
2577,4.3999999999999995,22,121,20,False
2578,4.3999999999999995,22,151,20,False
2579,4.3999999999999995,22,181,20,True
2580,4.3999999999999995,22,211,20,False
2581,4.3999999999999995,22,241,20,True
2582,4.3999999999999995,22,271,20,True
2583,4.3999999999999995,22,301,20,True
2584,4.3999999999999995,22,331,20,True
2585,4.3999999999999995,29,31,20,False
2586,4.3999999999999995,29,61,20,False
2587,4.3999999999999995,29,91,20,False
2588,4.3999999999999995,29,121,20,True
2589,4.3999999999999995,29,151,20,False
2590,4.3999999999999995,29,181,20,False
2591,4.3999999999999995,29,211,20,True
2592,4.3999999999999995,29,241,20,False
2593,4.3999999999999995,29,271,20,False
2594,4.3999999999999995,29,301,20,False
2595,4.3999999999999995,29,331,20,True
2596,4.5,1,1,20,False
2597,4.5,1,31,20,True
2598,4.5,1,61,20,False
2599,4.5,1,91,20,True
2600,4.5,1,121,20,True
2601,4.5,1,151,20,False
2602,4.5,1,181,20,True
2603,4.5,1,211,20,True
2604,4.5,1,241,20,True
2605,4.5,1,271,20,False
2606,4.5,1,301,20,True
2607,4.5,1,331,20,True
2608,4.5,8,1,20,False
2609,4.5,8,31,20,False
2610,4.5,8,61,20,True
2611,4.5,8,91,20,True
2612,4.5,8,121,20,False
2613,4.5,8,151,20,False
2614,4.5,8,181,20,True
2615,4.5,8,211,20,True
2616,4.5,8,241,20,True
2617,4.5,8,271,20,True
2618,4.5,8,301,20,False
2619,4.5,8,331,20,True
2620,4.5,15,1,20,False
2621,4.5,15,31,20,False
2622,4.5,15,61,20,True
2623,4.5,15,91,20,False
2624,4.5,15,121,20,False
2625,4.5,15,151,20,False
2626,4.5,15,181,20,False
2627,4.5,15,211,20,True
2628,4.5,15,241,20,False
2629,4.5,15,271,20,True
2630,4.5,15,301,20,False
2631,4.5,15,331,20,False
2632,4.5,22,1,20,False
2633,4.5,22,31,20,False
2634,4.5,22,61,20,False
2635,4.5,22,91,20,False
2636,4.5,22,121,20,False
2637,4.5,22,151,20,False
2638,4.5,22,181,20,False
2639,4.5,22,211,20,True
2640,4.5,22,241,20,False
2641,4.5,22,271,20,False
2642,4.5,22,301,20,True
2643,4.5,22,331,20,False
2644,4.5,29,31,20,False
2645,4.5,29,61,20,False
2646,4.5,29,91,20,False
2647,4.5,29,121,20,False
2648,4.5,29,151,20,False
2649,4.5,29,181,20,False
2650,4.5,29,211,20,False
2651,4.5,29,241,20,False
2652,4.5,29,271,20,False
2653,4.5,29,301,20,True
2654,4.5,29,331,20,False
2655,4.6,1,1,20,False
2656,4.6,1,31,20,False
2657,4.6,1,61,20,False
2658,4.6,1,91,20,True
2659,4.6,1,121,20,True
2660,4.6,1,151,20,False
2661,4.6,1,181,20,False
2662,4.6,1,211,20,False
2663,4.6,1,241,20,True
2664,4.6,1,271,20,False
2665,4.6,1,301,20,True
2666,4.6,1,331,20,True
2667,4.6,8,1,20,False
2668,4.6,8,31,20,False
2669,4.6,8,61,20,True
2670,4.6,8,91,20,True
2671,4.6,8,121,20,True
2672,4.6,8,151,20,False
2673,4.6,8,181,20,True
2674,4.6,8,211,20,False
2675,4.6,8,241,20,True
2676,4.6,8,271,20,False
2677,4.6,8,301,20,True
2678,4.6,8,331,20,True
2679,4.6,15,1,20,False
2680,4.6,15,31,20,False
2681,4.6,15,61,20,True
2682,4.6,15,91,20,True
2683,4.6,15,121,20,True
2684,4.6,15,151,20,False
2685,4.6,15,181,20,False
2686,4.6,15,211,20,True
2687,4.6,15,241,20,True
2688,4.6,15,271,20,True
2689,4.6,15,301,20,True
2690,4.6,15,331,20,False
2691,4.6,22,1,20,False
2692,4.6,22,31,20,False
2693,4.6,22,61,20,False
2694,4.6,22,91,20,False
2695,4.6,22,121,20,False
2696,4.6,22,151,20,True
2697,4.6,22,181,20,True
2698,4.6,22,211,20,True
2699,4.6,22,241,20,False
2700,4.6,22,271,20,True
2701,4.6,22,301,20,False
2702,4.6,22,331,20,False
2703,4.6,29,31,20,False
2704,4.6,29,61,20,False
2705,4.6,29,91,20,False
2706,4.6,29,121,20,False
2707,4.6,29,151,20,False
2708,4.6,29,181,20,True
2709,4.6,29,211,20,True
2710,4.6,29,241,20,False
2711,4.6,29,271,20,False
2712,4.6,29,301,20,True
2713,4.6,29,331,20,True
2714,4.7,1,1,20,False
2715,4.7,1,31,20,True
2716,4.7,1,61,20,False
2717,4.7,1,91,20,False
2718,4.7,1,121,20,False
2719,4.7,1,151,20,False
2720,4.7,1,181,20,False
2721,4.7,1,211,20,True
2722,4.7,1,241,20,True
2723,4.7,1,271,20,True
2724,4.7,1,301,20,True
2725,4.7,1,331,20,False
2726,4.7,8,1,20,False
2727,4.7,8,31,20,False
2728,4.7,8,61,20,False
2729,4.7,8,91,20,False
2730,4.7,8,121,20,False
2731,4.7,8,151,20,True
2732,4.7,8,181,20,True
2733,4.7,8,211,20,True
2734,4.7,8,241,20,True
2735,4.7,8,271,20,False
2736,4.7,8,301,20,True
2737,4.7,8,331,20,False
2738,4.7,15,1,20,False
2739,4.7,15,31,20,False
2740,4.7,15,61,20,True
2741,4.7,15,91,20,True
2742,4.7,15,121,20,True
2743,4.7,15,151,20,True
2744,4.7,15,181,20,False
2745,4.7,15,211,20,True
2746,4.7,15,241,20,False
2747,4.7,15,271,20,False
2748,4.7,15,301,20,True
2749,4.7,15,331,20,False
2750,4.7,22,1,20,False
2751,4.7,22,31,20,False
2752,4.7,22,61,20,False
2753,4.7,22,91,20,False
2754,4.7,22,121,20,True
2755,4.7,22,151,20,True
2756,4.7,22,181,20,False
2757,4.7,22,211,20,False
2758,4.7,22,241,20,False
2759,4.7,22,271,20,True
2760,4.7,22,301,20,False
2761,4.7,22,331,20,False
2762,4.7,29,31,20,False
2763,4.7,29,61,20,False
2764,4.7,29,91,20,False
2765,4.7,29,121,20,False
2766,4.7,29,151,20,False
2767,4.7,29,181,20,True
2768,4.7,29,211,20,False
2769,4.7,29,241,20,False
2770,4.7,29,271,20,False
2771,4.7,29,301,20,False
2772,4.7,29,331,20,True
2773,4.8,1,1,20,False
2774,4.8,1,31,20,True
2775,4.8,1,61,20,True
2776,4.8,1,91,20,True
2777,4.8,1,121,20,False
2778,4.8,1,151,20,True
2779,4.8,1,181,20,True
2780,4.8,1,211,20,True
2781,4.8,1,241,20,False
2782,4.8,1,271,20,True
2783,4.8,1,301,20,True
2784,4.8,1,331,20,True
2785,4.8,8,1,20,False
2786,4.8,8,31,20,False
2787,4.8,8,61,20,False
2788,4.8,8,91,20,False
2789,4.8,8,121,20,True
2790,4.8,8,151,20,False
2791,4.8,8,181,20,True
2792,4.8,8,211,20,False
2793,4.8,8,241,20,True
2794,4.8,8,271,20,True
2795,4.8,8,301,20,True
2796,4.8,8,331,20,True
2797,4.8,15,1,20,False
2798,4.8,15,31,20,False
2799,4.8,15,61,20,False
2800,4.8,15,91,20,False
2801,4.8,15,121,20,True
2802,4.8,15,151,20,False
2803,4.8,15,181,20,True
2804,4.8,15,211,20,False
2805,4.8,15,241,20,True
2806,4.8,15,271,20,False
2807,4.8,15,301,20,True
2808,4.8,15,331,20,True
2809,4.8,22,1,20,False
2810,4.8,22,31,20,False
2811,4.8,22,61,20,False
2812,4.8,22,91,20,False
2813,4.8,22,121,20,False
2814,4.8,22,151,20,True
2815,4.8,22,181,20,True
2816,4.8,22,211,20,True
2817,4.8,22,241,20,True
2818,4.8,22,271,20,True
2819,4.8,22,301,20,False
2820,4.8,22,331,20,True
2821,4.8,29,31,20,True
2822,4.8,29,61,20,False
2823,4.8,29,91,20,False
2824,4.8,29,121,20,False
2825,4.8,29,151,20,True
2826,4.8,29,181,20,False
2827,4.8,29,211,20,True
2828,4.8,29,241,20,True
2829,4.8,29,271,20,True
2830,4.8,29,301,20,False
2831,4.8,29,331,20,False
2832,4.9,1,1,20,False
2833,4.9,1,31,20,True
2834,4.9,1,61,20,True
2835,4.9,1,91,20,False
2836,4.9,1,121,20,False
2837,4.9,1,151,20,True
2838,4.9,1,181,20,False
2839,4.9,1,211,20,False
2840,4.9,1,241,20,False
2841,4.9,1,271,20,True
2842,4.9,1,301,20,False
2843,4.9,1,331,20,True
2844,4.9,8,1,20,False
2845,4.9,8,31,20,False
2846,4.9,8,61,20,True
2847,4.9,8,91,20,False
2848,4.9,8,121,20,True
2849,4.9,8,151,20,False
2850,4.9,8,181,20,False
2851,4.9,8,211,20,True
2852,4.9,8,241,20,True
2853,4.9,8,271,20,True
2854,4.9,8,301,20,False
2855,4.9,8,331,20,False
2856,4.9,15,1,20,False
2857,4.9,15,31,20,False
2858,4.9,15,61,20,False
2859,4.9,15,91,20,False
2860,4.9,15,121,20,False
2861,4.9,15,151,20,False
2862,4.9,15,181,20,True
2863,4.9,15,211,20,False
2864,4.9,15,241,20,False
2865,4.9,15,271,20,True
2866,4.9,15,301,20,True
2867,4.9,15,331,20,True
2868,4.9,22,1,20,False
2869,4.9,22,31,20,False
2870,4.9,22,61,20,False
2871,4.9,22,91,20,True
2872,4.9,22,121,20,False
2873,4.9,22,151,20,False
2874,4.9,22,181,20,True
2875,4.9,22,211,20,True
2876,4.9,22,241,20,False
2877,4.9,22,271,20,True
2878,4.9,22,301,20,False
2879,4.9,22,331,20,False
2880,4.9,29,31,20,False
2881,4.9,29,61,20,False
2882,4.9,29,91,20,False
2883,4.9,29,121,20,False
2884,4.9,29,151,20,False
2885,4.9,29,181,20,False
2886,4.9,29,211,20,True
2887,4.9,29,241,20,True
2888,4.9,29,271,20,False
2889,4.9,29,301,20,True
2890,4.9,29,331,20,True
2891,5.0,1,1,20,False
2892,5.0,1,31,20,True
2893,5.0,1,61,20,True
2894,5.0,1,91,20,False
2895,5.0,1,121,20,False
2896,5.0,1,151,20,True
2897,5.0,1,181,20,False
2898,5.0,1,211,20,False
2899,5.0,1,241,20,True
2900,5.0,1,271,20,False
2901,5.0,1,301,20,True
2902,5.0,1,331,20,False
2903,5.0,8,1,20,False
2904,5.0,8,31,20,False
2905,5.0,8,61,20,False
2906,5.0,8,91,20,False
2907,5.0,8,121,20,False
2908,5.0,8,151,20,True
2909,5.0,8,181,20,True
2910,5.0,8,211,20,False
2911,5.0,8,241,20,True
2912,5.0,8,271,20,False
2913,5.0,8,301,20,False
2914,5.0,8,331,20,False
2915,5.0,15,1,20,False
2916,5.0,15,31,20,False
2917,5.0,15,61,20,False
2918,5.0,15,91,20,False
2919,5.0,15,121,20,False
2920,5.0,15,151,20,False
2921,5.0,15,181,20,False
2922,5.0,15,211,20,True
2923,5.0,15,241,20,True
2924,5.0,15,271,20,False
2925,5.0,15,301,20,True
2926,5.0,15,331,20,False
2927,5.0,22,1,20,False
2928,5.0,22,31,20,False
2929,5.0,22,61,20,False
2930,5.0,22,91,20,False
2931,5.0,22,121,20,False
2932,5.0,22,151,20,False
2933,5.0,22,181,20,False
2934,5.0,22,211,20,False
2935,5.0,22,241,20,True
2936,5.0,22,271,20,False
2937,5.0,22,301,20,False
2938,5.0,22,331,20,False
2939,5.0,29,31,20,False
2940,5.0,29,61,20,False
2941,5.0,29,91,20,False
2942,5.0,29,121,20,False
2943,5.0,29,151,20,False
2944,5.0,29,181,20,True
2945,5.0,29,211,20,False
2946,5.0,29,241,20,True
2947,5.0,29,271,20,False
2948,5.0,29,301,20,False
2949,5.0,29,331,20,False
2950,5.1,1,1,20,False
2951,5.1,1,31,20,False
2952,5.1,1,61,20,False
2953,5.1,1,91,20,True
2954,5.1,1,121,20,False
2955,5.1,1,151,20,True
2956,5.1,1,181,20,True
2957,5.1,1,211,20,True
2958,5.1,1,241,20,True
2959,5.1,1,271,20,True
2960,5.1,1,301,20,False
2961,5.1,1,331,20,True
2962,5.1,8,1,20,False
2963,5.1,8,31,20,False
2964,5.1,8,61,20,True
2965,5.1,8,91,20,False
2966,5.1,8,121,20,False
2967,5.1,8,151,20,True
2968,5.1,8,181,20,True
2969,5.1,8,211,20,True
2970,5.1,8,241,20,True
2971,5.1,8,271,20,False
2972,5.1,8,301,20,True
2973,5.1,8,331,20,False
2974,5.1,15,1,20,False
2975,5.1,15,31,20,False
2976,5.1,15,61,20,False
2977,5.1,15,91,20,False
2978,5.1,15,121,20,True
2979,5.1,15,151,20,True
2980,5.1,15,181,20,False
2981,5.1,15,211,20,False
2982,5.1,15,241,20,True
2983,5.1,15,271,20,True
2984,5.1,15,301,20,True
2985,5.1,15,331,20,True
2986,5.1,22,1,20,False
2987,5.1,22,31,20,False
2988,5.1,22,61,20,False
2989,5.1,22,91,20,False
2990,5.1,22,121,20,False
2991,5.1,22,151,20,False
2992,5.1,22,181,20,True
2993,5.1,22,211,20,False
2994,5.1,22,241,20,True
2995,5.1,22,271,20,True
2996,5.1,22,301,20,True
2997,5.1,22,331,20,True
2998,5.1,29,31,20,False
2999,5.1,29,61,20,False
3000,5.1,29,91,20,False
3001,5.1,29,121,20,False
3002,5.1,29,151,20,True
3003,5.1,29,181,20,False
3004,5.1,29,211,20,True
3005,5.1,29,241,20,False
3006,5.1,29,271,20,False
3007,5.1,29,301,20,False
3008,5.1,29,331,20,True
3009,5.2,1,1,20,False
3010,5.2,1,31,20,True
3011,5.2,1,61,20,False
3012,5.2,1,91,20,False
3013,5.2,1,121,20,False
3014,5.2,1,151,20,True
3015,5.2,1,181,20,False
3016,5.2,1,211,20,True
3017,5.2,1,241,20,True
3018,5.2,1,271,20,False
3019,5.2,1,301,20,False
3020,5.2,1,331,20,False
3021,5.2,8,1,20,False
3022,5.2,8,31,20,False
3023,5.2,8,61,20,False
3024,5.2,8,91,20,True
3025,5.2,8,121,20,False
3026,5.2,8,151,20,True
3027,5.2,8,181,20,True
3028,5.2,8,211,20,False
3029,5.2,8,241,20,False
3030,5.2,8,271,20,True
3031,5.2,8,301,20,False
3032,5.2,8,331,20,False
3033,5.2,15,1,20,False
3034,5.2,15,31,20,False
3035,5.2,15,61,20,False
3036,5.2,15,91,20,False
3037,5.2,15,121,20,False
3038,5.2,15,151,20,False
3039,5.2,15,181,20,True
3040,5.2,15,211,20,True
3041,5.2,15,241,20,False
3042,5.2,15,271,20,True
3043,5.2,15,301,20,False
3044,5.2,15,331,20,False
3045,5.2,22,1,20,False
3046,5.2,22,31,20,False
3047,5.2,22,61,20,False
3048,5.2,22,91,20,True
3049,5.2,22,121,20,True
3050,5.2,22,151,20,True
3051,5.2,22,181,20,False
3052,5.2,22,211,20,True
3053,5.2,22,241,20,False
3054,5.2,22,271,20,True
3055,5.2,22,301,20,False
3056,5.2,22,331,20,True
3057,5.2,29,31,20,False
3058,5.2,29,61,20,False
3059,5.2,29,91,20,False
3060,5.2,29,121,20,False
3061,5.2,29,151,20,True
3062,5.2,29,181,20,True
3063,5.2,29,211,20,False
3064,5.2,29,241,20,True
3065,5.2,29,271,20,False
3066,5.2,29,301,20,False
3067,5.2,29,331,20,False
3068,5.3,1,1,20,False
3069,5.3,1,31,20,False
3070,5.3,1,61,20,False
3071,5.3,1,91,20,True
3072,5.3,1,121,20,True
3073,5.3,1,151,20,True
3074,5.3,1,181,20,False
3075,5.3,1,211,20,False
3076,5.3,1,241,20,False
3077,5.3,1,271,20,True
3078,5.3,1,301,20,False
3079,5.3,1,331,20,True
3080,5.3,8,1,20,False
3081,5.3,8,31,20,False
3082,5.3,8,61,20,False
3083,5.3,8,91,20,False
3084,5.3,8,121,20,False
3085,5.3,8,151,20,True
3086,5.3,8,181,20,True
3087,5.3,8,211,20,True
3088,5.3,8,241,20,False
3089,5.3,8,271,20,True
3090,5.3,8,301,20,False
3091,5.3,8,331,20,False
3092,5.3,15,1,20,False
3093,5.3,15,31,20,False
3094,5.3,15,61,20,False
3095,5.3,15,91,20,True
3096,5.3,15,121,20,False
3097,5.3,15,151,20,False
3098,5.3,15,181,20,False
3099,5.3,15,211,20,False
3100,5.3,15,241,20,False
3101,5.3,15,271,20,False
3102,5.3,15,301,20,True
3103,5.3,15,331,20,False
3104,5.3,22,1,20,False
3105,5.3,22,31,20,False
3106,5.3,22,61,20,False
3107,5.3,22,91,20,True
3108,5.3,22,121,20,False
3109,5.3,22,151,20,False
3110,5.3,22,181,20,False
3111,5.3,22,211,20,False
3112,5.3,22,241,20,False
3113,5.3,22,271,20,False
3114,5.3,22,301,20,False
3115,5.3,22,331,20,False
3116,5.3,29,31,20,False
3117,5.3,29,61,20,False
3118,5.3,29,91,20,False
3119,5.3,29,121,20,False
3120,5.3,29,151,20,False
3121,5.3,29,181,20,False
3122,5.3,29,211,20,False
3123,5.3,29,241,20,False
3124,5.3,29,271,20,False
3125,5.3,29,301,20,True
3126,5.3,29,331,20,False
3127,5.4,1,1,20,False
3128,5.4,1,31,20,True
3129,5.4,1,61,20,False
3130,5.4,1,91,20,False
3131,5.4,1,121,20,False
3132,5.4,1,151,20,False
3133,5.4,1,181,20,False
3134,5.4,1,211,20,False
3135,5.4,1,241,20,False
3136,5.4,1,271,20,False
3137,5.4,1,301,20,False
3138,5.4,1,331,20,True
3139,5.4,8,1,20,False
3140,5.4,8,31,20,False
3141,5.4,8,61,20,False
3142,5.4,8,91,20,True
3143,5.4,8,121,20,False
3144,5.4,8,151,20,False
3145,5.4,8,181,20,True
3146,5.4,8,211,20,True
3147,5.4,8,241,20,False
3148,5.4,8,271,20,True
3149,5.4,8,301,20,False
3150,5.4,8,331,20,False
3151,5.4,15,1,20,False
3152,5.4,15,31,20,False
3153,5.4,15,61,20,False
3154,5.4,15,91,20,True
3155,5.4,15,121,20,False
3156,5.4,15,151,20,False
3157,5.4,15,181,20,False
3158,5.4,15,211,20,True
3159,5.4,15,241,20,True
3160,5.4,15,271,20,False
3161,5.4,15,301,20,True
3162,5.4,15,331,20,True
3163,5.4,22,1,20,False
3164,5.4,22,31,20,False
3165,5.4,22,61,20,False
3166,5.4,22,91,20,False
3167,5.4,22,121,20,False
3168,5.4,22,151,20,False
3169,5.4,22,181,20,False
3170,5.4,22,211,20,True
3171,5.4,22,241,20,True
3172,5.4,22,271,20,False
3173,5.4,22,301,20,True
3174,5.4,22,331,20,False
3175,5.4,29,31,20,False
3176,5.4,29,61,20,False
3177,5.4,29,91,20,False
3178,5.4,29,121,20,False
3179,5.4,29,151,20,True
3180,5.4,29,181,20,True
3181,5.4,29,211,20,False
3182,5.4,29,241,20,False
3183,5.4,29,271,20,True
3184,5.4,29,301,20,True
3185,5.4,29,331,20,False
3186,5.5,1,1,20,False
3187,5.5,1,31,20,False
3188,5.5,1,61,20,True
3189,5.5,1,91,20,False
3190,5.5,1,121,20,True
3191,5.5,1,151,20,True
3192,5.5,1,181,20,False
3193,5.5,1,211,20,False
3194,5.5,1,241,20,False
3195,5.5,1,271,20,False
3196,5.5,1,301,20,True
3197,5.5,1,331,20,True
3198,5.5,8,1,20,False
3199,5.5,8,31,20,False
3200,5.5,8,61,20,True
3201,5.5,8,91,20,True
3202,5.5,8,121,20,False
3203,5.5,8,151,20,True
3204,5.5,8,181,20,False
3205,5.5,8,211,20,True
3206,5.5,8,241,20,False
3207,5.5,8,271,20,False
3208,5.5,8,301,20,False
3209,5.5,8,331,20,False
3210,5.5,15,1,20,False
3211,5.5,15,31,20,False
3212,5.5,15,61,20,False
3213,5.5,15,91,20,False
3214,5.5,15,121,20,False
3215,5.5,15,151,20,False
3216,5.5,15,181,20,False
3217,5.5,15,211,20,False
3218,5.5,15,241,20,False
3219,5.5,15,271,20,False
3220,5.5,15,301,20,True
3221,5.5,15,331,20,False
3222,5.5,22,1,20,False
3223,5.5,22,31,20,False
3224,5.5,22,61,20,False
3225,5.5,22,91,20,False
3226,5.5,22,121,20,True
3227,5.5,22,151,20,False
3228,5.5,22,181,20,True
3229,5.5,22,211,20,False
3230,5.5,22,241,20,True
3231,5.5,22,271,20,False
3232,5.5,22,301,20,False
3233,5.5,22,331,20,True
3234,5.5,29,31,20,False
3235,5.5,29,61,20,False
3236,5.5,29,91,20,False
3237,5.5,29,121,20,True
3238,5.5,29,151,20,False
3239,5.5,29,181,20,False
3240,5.5,29,211,20,True
3241,5.5,29,241,20,True
3242,5.5,29,271,20,False
3243,5.5,29,301,20,False
3244,5.5,29,331,20,False
3245,5.6,1,1,20,False
3246,5.6,1,31,20,True
3247,5.6,1,61,20,True
3248,5.6,1,91,20,True
3249,5.6,1,121,20,False
3250,5.6,1,151,20,True
3251,5.6,1,181,20,False
3252,5.6,1,211,20,False
3253,5.6,1,241,20,False
3254,5.6,1,271,20,False
3255,5.6,1,301,20,False
3256,5.6,1,331,20,False
3257,5.6,8,1,20,False
3258,5.6,8,31,20,False
3259,5.6,8,61,20,False
3260,5.6,8,91,20,False
3261,5.6,8,121,20,False
3262,5.6,8,151,20,False
3263,5.6,8,181,20,False
3264,5.6,8,211,20,False
3265,5.6,8,241,20,False
3266,5.6,8,271,20,True
3267,5.6,8,301,20,False
3268,5.6,8,331,20,False
3269,5.6,15,1,20,False
3270,5.6,15,31,20,False
3271,5.6,15,61,20,False
3272,5.6,15,91,20,False
3273,5.6,15,121,20,True
3274,5.6,15,151,20,True
3275,5.6,15,181,20,False
3276,5.6,15,211,20,False
3277,5.6,15,241,20,False
3278,5.6,15,271,20,False
3279,5.6,15,301,20,True
3280,5.6,15,331,20,True
3281,5.6,22,1,20,False
3282,5.6,22,31,20,False
3283,5.6,22,61,20,False
3284,5.6,22,91,20,False
3285,5.6,22,121,20,True
3286,5.6,22,151,20,False
3287,5.6,22,181,20,True
3288,5.6,22,211,20,False
3289,5.6,22,241,20,False
3290,5.6,22,271,20,False
3291,5.6,22,301,20,False
3292,5.6,22,331,20,False
3293,5.6,29,31,20,False
3294,5.6,29,61,20,False
3295,5.6,29,91,20,False
3296,5.6,29,121,20,False
3297,5.6,29,151,20,False
3298,5.6,29,181,20,False
3299,5.6,29,211,20,False
3300,5.6,29,241,20,False
3301,5.6,29,271,20,False
3302,5.6,29,301,20,False
3303,5.6,29,331,20,True
3304,5.7,1,1,20,False
3305,5.7,1,31,20,False
3306,5.7,1,61,20,False
3307,5.7,1,91,20,False
3308,5.7,1,121,20,True
3309,5.7,1,151,20,False
3310,5.7,1,181,20,False
3311,5.7,1,211,20,False
3312,5.7,1,241,20,False
3313,5.7,1,271,20,True
3314,5.7,1,301,20,False
3315,5.7,1,331,20,True
3316,5.7,8,1,20,False
3317,5.7,8,31,20,False
3318,5.7,8,61,20,False
3319,5.7,8,91,20,False
3320,5.7,8,121,20,False
3321,5.7,8,151,20,True
3322,5.7,8,181,20,False
3323,5.7,8,211,20,False
3324,5.7,8,241,20,False
3325,5.7,8,271,20,False
3326,5.7,8,301,20,True
3327,5.7,8,331,20,False
3328,5.7,15,1,20,False
3329,5.7,15,31,20,False
3330,5.7,15,61,20,False
3331,5.7,15,91,20,False
3332,5.7,15,121,20,False
3333,5.7,15,151,20,True
3334,5.7,15,181,20,False
3335,5.7,15,211,20,True
3336,5.7,15,241,20,False
3337,5.7,15,271,20,False
3338,5.7,15,301,20,False
3339,5.7,15,331,20,True
3340,5.7,22,1,20,False
3341,5.7,22,31,20,False
3342,5.7,22,61,20,False
3343,5.7,22,91,20,False
3344,5.7,22,121,20,True
3345,5.7,22,151,20,False
3346,5.7,22,181,20,False
3347,5.7,22,211,20,False
3348,5.7,22,241,20,True
3349,5.7,22,271,20,False
3350,5.7,22,301,20,False
3351,5.7,22,331,20,False
3352,5.7,29,31,20,False
3353,5.7,29,61,20,False
3354,5.7,29,91,20,False
3355,5.7,29,121,20,False
3356,5.7,29,151,20,False
3357,5.7,29,181,20,False
3358,5.7,29,211,20,False
3359,5.7,29,241,20,False
3360,5.7,29,271,20,False
3361,5.7,29,301,20,False
3362,5.7,29,331,20,True
3363,5.8,1,1,20,False
3364,5.8,1,31,20,False
3365,5.8,1,61,20,True
3366,5.8,1,91,20,False
3367,5.8,1,121,20,False
3368,5.8,1,151,20,False
3369,5.8,1,181,20,False
3370,5.8,1,211,20,False
3371,5.8,1,241,20,True
3372,5.8,1,271,20,False
3373,5.8,1,301,20,False
3374,5.8,1,331,20,False
3375,5.8,8,1,20,False
3376,5.8,8,31,20,True
3377,5.8,8,61,20,False
3378,5.8,8,91,20,False
3379,5.8,8,121,20,False
3380,5.8,8,151,20,False
3381,5.8,8,181,20,False
3382,5.8,8,211,20,True
3383,5.8,8,241,20,False
3384,5.8,8,271,20,True
3385,5.8,8,301,20,False
3386,5.8,8,331,20,True
3387,5.8,15,1,20,False
3388,5.8,15,31,20,False
3389,5.8,15,61,20,True
3390,5.8,15,91,20,False
3391,5.8,15,121,20,False
3392,5.8,15,151,20,False
3393,5.8,15,181,20,False
3394,5.8,15,211,20,False
3395,5.8,15,241,20,False
3396,5.8,15,271,20,False
3397,5.8,15,301,20,False
3398,5.8,15,331,20,False
3399,5.8,22,1,20,False
3400,5.8,22,31,20,False
3401,5.8,22,61,20,False
3402,5.8,22,91,20,True
3403,5.8,22,121,20,False
3404,5.8,22,151,20,False
3405,5.8,22,181,20,True
3406,5.8,22,211,20,False
3407,5.8,22,241,20,False
3408,5.8,22,271,20,False
3409,5.8,22,301,20,False
3410,5.8,22,331,20,False
3411,5.8,29,31,20,False
3412,5.8,29,61,20,False
3413,5.8,29,91,20,False
3414,5.8,29,121,20,False
3415,5.8,29,151,20,False
3416,5.8,29,181,20,False
3417,5.8,29,211,20,False
3418,5.8,29,241,20,False
3419,5.8,29,271,20,False
3420,5.8,29,301,20,False
3421,5.8,29,331,20,False
3422,5.9,1,1,20,False
3423,5.9,1,31,20,False
3424,5.9,1,61,20,False
3425,5.9,1,91,20,False
3426,5.9,1,121,20,True
3427,5.9,1,151,20,False
3428,5.9,1,181,20,False
3429,5.9,1,211,20,False
3430,5.9,1,241,20,False
3431,5.9,1,271,20,True
3432,5.9,1,301,20,False
3433,5.9,1,331,20,True
3434,5.9,8,1,20,False
3435,5.9,8,31,20,False
3436,5.9,8,61,20,False
3437,5.9,8,91,20,False
3438,5.9,8,121,20,False
3439,5.9,8,151,20,False
3440,5.9,8,181,20,True
3441,5.9,8,211,20,False
3442,5.9,8,241,20,False
3443,5.9,8,271,20,True
3444,5.9,8,301,20,True
3445,5.9,8,331,20,False
3446,5.9,15,1,20,False
3447,5.9,15,31,20,False
3448,5.9,15,61,20,False
3449,5.9,15,91,20,True
3450,5.9,15,121,20,False
3451,5.9,15,151,20,False
3452,5.9,15,181,20,False
3453,5.9,15,211,20,True
3454,5.9,15,241,20,True
3455,5.9,15,271,20,False
3456,5.9,15,301,20,False
3457,5.9,15,331,20,False
3458,5.9,22,1,20,False
3459,5.9,22,31,20,False
3460,5.9,22,61,20,False
3461,5.9,22,91,20,False
3462,5.9,22,121,20,False
3463,5.9,22,151,20,False
3464,5.9,22,181,20,False
3465,5.9,22,211,20,False
3466,5.9,22,241,20,False
3467,5.9,22,271,20,False
3468,5.9,22,301,20,False
3469,5.9,22,331,20,False
3470,5.9,29,31,20,False
3471,5.9,29,61,20,False
3472,5.9,29,91,20,False
3473,5.9,29,121,20,False
3474,5.9,29,151,20,False
3475,5.9,29,181,20,False
3476,5.9,29,211,20,False
3477,5.9,29,241,20,False
3478,5.9,29,271,20,False
3479,5.9,29,301,20,True
3480,5.9,29,331,20,False
3481,6.0,1,1,20,False
3482,6.0,1,31,20,False
3483,6.0,1,61,20,True
3484,6.0,1,91,20,False
3485,6.0,1,121,20,False
3486,6.0,1,151,20,False
3487,6.0,1,181,20,True
3488,6.0,1,211,20,False
3489,6.0,1,241,20,False
3490,6.0,1,271,20,False
3491,6.0,1,301,20,False
3492,6.0,1,331,20,True
3493,6.0,8,1,20,False
3494,6.0,8,31,20,False
3495,6.0,8,61,20,True
3496,6.0,8,91,20,False
3497,6.0,8,121,20,True
3498,6.0,8,151,20,False
3499,6.0,8,181,20,True
3500,6.0,8,211,20,False
3501,6.0,8,241,20,True
3502,6.0,8,271,20,False
3503,6.0,8,301,20,False
3504,6.0,8,331,20,True
3505,6.0,15,1,20,False
3506,6.0,15,31,20,False
3507,6.0,15,61,20,False
3508,6.0,15,91,20,False
3509,6.0,15,121,20,True
3510,6.0,15,151,20,True
3511,6.0,15,181,20,False
3512,6.0,15,211,20,False
3513,6.0,15,241,20,False
3514,6.0,15,271,20,True
3515,6.0,15,301,20,False
3516,6.0,15,331,20,False
3517,6.0,22,1,20,False
3518,6.0,22,31,20,False
3519,6.0,22,61,20,False
3520,6.0,22,91,20,False
3521,6.0,22,121,20,False
3522,6.0,22,151,20,False
3523,6.0,22,181,20,False
3524,6.0,22,211,20,False
3525,6.0,22,241,20,True
3526,6.0,22,271,20,False
3527,6.0,22,301,20,False
3528,6.0,22,331,20,True
3529,6.0,29,31,20,False
3530,6.0,29,61,20,False
3531,6.0,29,91,20,False
3532,6.0,29,121,20,False
3533,6.0,29,151,20,False
3534,6.0,29,181,20,True
3535,6.0,29,211,20,False
3536,6.0,29,241,20,False
3537,6.0,29,271,20,True
3538,6.0,29,301,20,True
3539,6.0,29,331,20,True
3540,6.1,1,1,20,False
3541,6.1,1,31,20,False
3542,6.1,1,61,20,False
3543,6.1,1,91,20,False
3544,6.1,1,121,20,False
3545,6.1,1,151,20,True
3546,6.1,1,181,20,True
3547,6.1,1,211,20,False
3548,6.1,1,241,20,True
3549,6.1,1,271,20,True
3550,6.1,1,301,20,True
3551,6.1,1,331,20,False
3552,6.1,8,1,20,False
3553,6.1,8,31,20,False
3554,6.1,8,61,20,False
3555,6.1,8,91,20,False
3556,6.1,8,121,20,True
3557,6.1,8,151,20,True
3558,6.1,8,181,20,True
3559,6.1,8,211,20,False
3560,6.1,8,241,20,False
3561,6.1,8,271,20,False
3562,6.1,8,301,20,False
3563,6.1,8,331,20,False
3564,6.1,15,1,20,False
3565,6.1,15,31,20,False
3566,6.1,15,61,20,False
3567,6.1,15,91,20,False
3568,6.1,15,121,20,False
3569,6.1,15,151,20,False
3570,6.1,15,181,20,False
3571,6.1,15,211,20,False
3572,6.1,15,241,20,False
3573,6.1,15,271,20,True
3574,6.1,15,301,20,False
3575,6.1,15,331,20,True
3576,6.1,22,1,20,False
3577,6.1,22,31,20,False
3578,6.1,22,61,20,False
3579,6.1,22,91,20,False
3580,6.1,22,121,20,False
3581,6.1,22,151,20,False
3582,6.1,22,181,20,False
3583,6.1,22,211,20,False
3584,6.1,22,241,20,True
3585,6.1,22,271,20,True
3586,6.1,22,301,20,False
3587,6.1,22,331,20,False
3588,6.1,29,31,20,False
3589,6.1,29,61,20,True
3590,6.1,29,91,20,False
3591,6.1,29,121,20,False
3592,6.1,29,151,20,False
3593,6.1,29,181,20,False
3594,6.1,29,211,20,True
3595,6.1,29,241,20,False
3596,6.1,29,271,20,False
3597,6.1,29,301,20,True
3598,6.1,29,331,20,False
3599,6.2,1,1,20,False
3600,6.2,1,31,20,False
3601,6.2,1,61,20,True
3602,6.2,1,91,20,False
3603,6.2,1,121,20,False
3604,6.2,1,151,20,False
3605,6.2,1,181,20,False
3606,6.2,1,211,20,True
3607,6.2,1,241,20,True
3608,6.2,1,271,20,False
3609,6.2,1,301,20,False
3610,6.2,1,331,20,True
3611,6.2,8,1,20,False
3612,6.2,8,31,20,False
3613,6.2,8,61,20,False
3614,6.2,8,91,20,False
3615,6.2,8,121,20,False
3616,6.2,8,151,20,False
3617,6.2,8,181,20,True
3618,6.2,8,211,20,False
3619,6.2,8,241,20,True
3620,6.2,8,271,20,True
3621,6.2,8,301,20,False
3622,6.2,8,331,20,False
3623,6.2,15,1,20,False
3624,6.2,15,31,20,True
3625,6.2,15,61,20,False
3626,6.2,15,91,20,False
3627,6.2,15,121,20,False
3628,6.2,15,151,20,False
3629,6.2,15,181,20,True
3630,6.2,15,211,20,False
3631,6.2,15,241,20,False
3632,6.2,15,271,20,True
3633,6.2,15,301,20,True
3634,6.2,15,331,20,True
3635,6.2,22,1,20,False
3636,6.2,22,31,20,False
3637,6.2,22,61,20,False
3638,6.2,22,91,20,False
3639,6.2,22,121,20,False
3640,6.2,22,151,20,False
3641,6.2,22,181,20,False
3642,6.2,22,211,20,False
3643,6.2,22,241,20,True
3644,6.2,22,271,20,False
3645,6.2,22,301,20,False
3646,6.2,22,331,20,True
3647,6.2,29,31,20,False
3648,6.2,29,61,20,False
3649,6.2,29,91,20,False
3650,6.2,29,121,20,True
3651,6.2,29,151,20,False
3652,6.2,29,181,20,False
3653,6.2,29,211,20,False
3654,6.2,29,241,20,False
3655,6.2,29,271,20,False
3656,6.2,29,301,20,False
3657,6.2,29,331,20,False
3658,6.3,1,1,20,False
3659,6.3,1,31,20,False
3660,6.3,1,61,20,True
3661,6.3,1,91,20,True
3662,6.3,1,121,20,True
3663,6.3,1,151,20,False
3664,6.3,1,181,20,False
3665,6.3,1,211,20,False
3666,6.3,1,241,20,False
3667,6.3,1,271,20,False
3668,6.3,1,301,20,True
3669,6.3,1,331,20,False
3670,6.3,8,1,20,False
3671,6.3,8,31,20,False
3672,6.3,8,61,20,False
3673,6.3,8,91,20,False
3674,6.3,8,121,20,False
3675,6.3,8,151,20,False
3676,6.3,8,181,20,True
3677,6.3,8,211,20,False
3678,6.3,8,241,20,True
3679,6.3,8,271,20,True
3680,6.3,8,301,20,False
3681,6.3,8,331,20,False
3682,6.3,15,1,20,False
3683,6.3,15,31,20,False
3684,6.3,15,61,20,False
3685,6.3,15,91,20,True
3686,6.3,15,121,20,False
3687,6.3,15,151,20,False
3688,6.3,15,181,20,False
3689,6.3,15,211,20,False
3690,6.3,15,241,20,False
3691,6.3,15,271,20,True
3692,6.3,15,301,20,False
3693,6.3,15,331,20,False
3694,6.3,22,1,20,False
3695,6.3,22,31,20,False
3696,6.3,22,61,20,False
3697,6.3,22,91,20,False
3698,6.3,22,121,20,False
3699,6.3,22,151,20,False
3700,6.3,22,181,20,False
3701,6.3,22,211,20,False
3702,6.3,22,241,20,True
3703,6.3,22,271,20,False
3704,6.3,22,301,20,False
3705,6.3,22,331,20,True
3706,6.3,29,31,20,False
3707,6.3,29,61,20,False
3708,6.3,29,91,20,False
3709,6.3,29,121,20,False
3710,6.3,29,151,20,False
3711,6.3,29,181,20,False
3712,6.3,29,211,20,False
3713,6.3,29,241,20,False
3714,6.3,29,271,20,False
3715,6.3,29,301,20,False
3716,6.3,29,331,20,True
3717,6.4,1,1,20,False
3718,6.4,1,31,20,False
3719,6.4,1,61,20,False
3720,6.4,1,91,20,False
3721,6.4,1,121,20,False
3722,6.4,1,151,20,False
3723,6.4,1,181,20,False
3724,6.4,1,211,20,False
3725,6.4,1,241,20,False
3726,6.4,1,271,20,False
3727,6.4,1,301,20,True
3728,6.4,1,331,20,True
3729,6.4,8,1,20,False
3730,6.4,8,31,20,False
3731,6.4,8,61,20,False
3732,6.4,8,91,20,True
3733,6.4,8,121,20,False
3734,6.4,8,151,20,False
3735,6.4,8,181,20,False
3736,6.4,8,211,20,True
3737,6.4,8,241,20,True
3738,6.4,8,271,20,True
3739,6.4,8,301,20,True
3740,6.4,8,331,20,False
3741,6.4,15,1,20,False
3742,6.4,15,31,20,False
3743,6.4,15,61,20,True
3744,6.4,15,91,20,False
3745,6.4,15,121,20,False
3746,6.4,15,151,20,True
3747,6.4,15,181,20,True
3748,6.4,15,211,20,False
3749,6.4,15,241,20,False
3750,6.4,15,271,20,True
3751,6.4,15,301,20,True
3752,6.4,15,331,20,False
3753,6.4,22,1,20,False
3754,6.4,22,31,20,False
3755,6.4,22,61,20,False
3756,6.4,22,91,20,False
3757,6.4,22,121,20,True
3758,6.4,22,151,20,False
3759,6.4,22,181,20,False
3760,6.4,22,211,20,False
3761,6.4,22,241,20,False
3762,6.4,22,271,20,False
3763,6.4,22,301,20,False
3764,6.4,22,331,20,True
3765,6.4,29,31,20,False
3766,6.4,29,61,20,False
3767,6.4,29,91,20,False
3768,6.4,29,121,20,False
3769,6.4,29,151,20,False
3770,6.4,29,181,20,False
3771,6.4,29,211,20,False
3772,6.4,29,241,20,False
3773,6.4,29,271,20,False
3774,6.4,29,301,20,True
3775,6.4,29,331,20,False
3776,6.5,1,1,20,False
3777,6.5,1,31,20,False
3778,6.5,1,61,20,False
3779,6.5,1,91,20,True
3780,6.5,1,121,20,True
3781,6.5,1,151,20,False
3782,6.5,1,181,20,False
3783,6.5,1,211,20,False
3784,6.5,1,241,20,True
3785,6.5,1,271,20,False
3786,6.5,1,301,20,True
3787,6.5,1,331,20,False
3788,6.5,8,1,20,False
3789,6.5,8,31,20,False
3790,6.5,8,61,20,False
3791,6.5,8,91,20,False
3792,6.5,8,121,20,False
3793,6.5,8,151,20,True
3794,6.5,8,181,20,False
3795,6.5,8,211,20,False
3796,6.5,8,241,20,False
3797,6.5,8,271,20,True
3798,6.5,8,301,20,True
3799,6.5,8,331,20,True
3800,6.5,15,1,20,False
3801,6.5,15,31,20,False
3802,6.5,15,61,20,False
3803,6.5,15,91,20,False
3804,6.5,15,121,20,False
3805,6.5,15,151,20,False
3806,6.5,15,181,20,False
3807,6.5,15,211,20,False
3808,6.5,15,241,20,False
3809,6.5,15,271,20,True
3810,6.5,15,301,20,False
3811,6.5,15,331,20,False
3812,6.5,22,1,20,False
3813,6.5,22,31,20,False
3814,6.5,22,61,20,False
3815,6.5,22,91,20,False
3816,6.5,22,121,20,False
3817,6.5,22,151,20,False
3818,6.5,22,181,20,True
3819,6.5,22,211,20,False
3820,6.5,22,241,20,False
3821,6.5,22,271,20,False
3822,6.5,22,301,20,False
3823,6.5,22,331,20,False
3824,6.5,29,31,20,False
3825,6.5,29,61,20,False
3826,6.5,29,91,20,False
3827,6.5,29,121,20,True
3828,6.5,29,151,20,False
3829,6.5,29,181,20,False
3830,6.5,29,211,20,False
3831,6.5,29,241,20,False
3832,6.5,29,271,20,False
3833,6.5,29,301,20,False
3834,6.5,29,331,20,False
3835,6.6,1,1,20,False
3836,6.6,1,31,20,False
3837,6.6,1,61,20,False
3838,6.6,1,91,20,True
3839,6.6,1,121,20,False
3840,6.6,1,151,20,True
3841,6.6,1,181,20,False
3842,6.6,1,211,20,False
3843,6.6,1,241,20,False
3844,6.6,1,271,20,False
3845,6.6,1,301,20,False
3846,6.6,1,331,20,False
3847,6.6,8,1,20,False
3848,6.6,8,31,20,True
3849,6.6,8,61,20,False
3850,6.6,8,91,20,False
3851,6.6,8,121,20,False
3852,6.6,8,151,20,False
3853,6.6,8,181,20,False
3854,6.6,8,211,20,False
3855,6.6,8,241,20,False
3856,6.6,8,271,20,False
3857,6.6,8,301,20,False
3858,6.6,8,331,20,False
3859,6.6,15,1,20,False
3860,6.6,15,31,20,False
3861,6.6,15,61,20,False
3862,6.6,15,91,20,False
3863,6.6,15,121,20,False
3864,6.6,15,151,20,True
3865,6.6,15,181,20,False
3866,6.6,15,211,20,False
3867,6.6,15,241,20,False
3868,6.6,15,271,20,False
3869,6.6,15,301,20,False
3870,6.6,15,331,20,False
3871,6.6,22,1,20,False
3872,6.6,22,31,20,False
3873,6.6,22,61,20,False
3874,6.6,22,91,20,False
3875,6.6,22,121,20,False
3876,6.6,22,151,20,False
3877,6.6,22,181,20,False
3878,6.6,22,211,20,False
3879,6.6,22,241,20,False
3880,6.6,22,271,20,True
3881,6.6,22,301,20,True
3882,6.6,22,331,20,False
3883,6.6,29,31,20,False
3884,6.6,29,61,20,False
3885,6.6,29,91,20,False
3886,6.6,29,121,20,False
3887,6.6,29,151,20,False
3888,6.6,29,181,20,False
3889,6.6,29,211,20,False
3890,6.6,29,241,20,False
3891,6.6,29,271,20,False
3892,6.6,29,301,20,False
3893,6.6,29,331,20,False
3894,6.7,1,1,20,False
3895,6.7,1,31,20,False
3896,6.7,1,61,20,True
3897,6.7,1,91,20,False
3898,6.7,1,121,20,False
3899,6.7,1,151,20,True
3900,6.7,1,181,20,True
3901,6.7,1,211,20,False
3902,6.7,1,241,20,True
3903,6.7,1,271,20,False
3904,6.7,1,301,20,True
3905,6.7,1,331,20,True
3906,6.7,8,1,20,False
3907,6.7,8,31,20,False
3908,6.7,8,61,20,False
3909,6.7,8,91,20,True
3910,6.7,8,121,20,False
3911,6.7,8,151,20,False
3912,6.7,8,181,20,False
3913,6.7,8,211,20,True
3914,6.7,8,241,20,False
3915,6.7,8,271,20,False
3916,6.7,8,301,20,False
3917,6.7,8,331,20,True
3918,6.7,15,1,20,False
3919,6.7,15,31,20,False
3920,6.7,15,61,20,False
3921,6.7,15,91,20,False
3922,6.7,15,121,20,False
3923,6.7,15,151,20,False
3924,6.7,15,181,20,False
3925,6.7,15,211,20,False
3926,6.7,15,241,20,False
3927,6.7,15,271,20,False
3928,6.7,15,301,20,False
3929,6.7,15,331,20,True
3930,6.7,22,1,20,False
3931,6.7,22,31,20,False
3932,6.7,22,61,20,False
3933,6.7,22,91,20,True
3934,6.7,22,121,20,False
3935,6.7,22,151,20,False
3936,6.7,22,181,20,True
3937,6.7,22,211,20,False
3938,6.7,22,241,20,True
3939,6.7,22,271,20,False
3940,6.7,22,301,20,False
3941,6.7,22,331,20,False
3942,6.7,29,31,20,False
3943,6.7,29,61,20,False
3944,6.7,29,91,20,False
3945,6.7,29,121,20,False
3946,6.7,29,151,20,False
3947,6.7,29,181,20,False
3948,6.7,29,211,20,False
3949,6.7,29,241,20,False
3950,6.7,29,271,20,False
3951,6.7,29,301,20,False
3952,6.7,29,331,20,False
3953,6.8,1,1,20,False
3954,6.8,1,31,20,False
3955,6.8,1,61,20,False
3956,6.8,1,91,20,False
3957,6.8,1,121,20,False
3958,6.8,1,151,20,True
3959,6.8,1,181,20,False
3960,6.8,1,211,20,False
3961,6.8,1,241,20,False
3962,6.8,1,271,20,False
3963,6.8,1,301,20,False
3964,6.8,1,331,20,False
3965,6.8,8,1,20,False
3966,6.8,8,31,20,False
3967,6.8,8,61,20,False
3968,6.8,8,91,20,True
3969,6.8,8,121,20,False
3970,6.8,8,151,20,True
3971,6.8,8,181,20,False
3972,6.8,8,211,20,False
3973,6.8,8,241,20,False
3974,6.8,8,271,20,False
3975,6.8,8,301,20,False
3976,6.8,8,331,20,False
3977,6.8,15,1,20,False
3978,6.8,15,31,20,False
3979,6.8,15,61,20,True
3980,6.8,15,91,20,False
3981,6.8,15,121,20,True
3982,6.8,15,151,20,False
3983,6.8,15,181,20,True
3984,6.8,15,211,20,False
3985,6.8,15,241,20,False
3986,6.8,15,271,20,False
3987,6.8,15,301,20,False
3988,6.8,15,331,20,False
3989,6.8,22,1,20,False
3990,6.8,22,31,20,False
3991,6.8,22,61,20,False
3992,6.8,22,91,20,False
3993,6.8,22,121,20,False
3994,6.8,22,151,20,False
3995,6.8,22,181,20,False
3996,6.8,22,211,20,True
3997,6.8,22,241,20,False
3998,6.8,22,271,20,False
3999,6.8,22,301,20,False
4000,6.8,22,331,20,False
4001,6.8,29,31,20,False
4002,6.8,29,61,20,False
4003,6.8,29,91,20,False
4004,6.8,29,121,20,False
4005,6.8,29,151,20,True
4006,6.8,29,181,20,False
4007,6.8,29,211,20,False
4008,6.8,29,241,20,False
4009,6.8,29,271,20,False
4010,6.8,29,301,20,True
4011,6.8,29,331,20,False
4012,6.9,1,1,20,False
4013,6.9,1,31,20,False
4014,6.9,1,61,20,True
4015,6.9,1,91,20,False
4016,6.9,1,121,20,False
4017,6.9,1,151,20,False
4018,6.9,1,181,20,False
4019,6.9,1,211,20,False
4020,6.9,1,241,20,False
4021,6.9,1,271,20,False
4022,6.9,1,301,20,False
4023,6.9,1,331,20,True
4024,6.9,8,1,20,False
4025,6.9,8,31,20,False
4026,6.9,8,61,20,False
4027,6.9,8,91,20,False
4028,6.9,8,121,20,False
4029,6.9,8,151,20,False
4030,6.9,8,181,20,True
4031,6.9,8,211,20,False
4032,6.9,8,241,20,False
4033,6.9,8,271,20,True
4034,6.9,8,301,20,False
4035,6.9,8,331,20,False
4036,6.9,15,1,20,False
4037,6.9,15,31,20,False
4038,6.9,15,61,20,False
4039,6.9,15,91,20,False
4040,6.9,15,121,20,False
4041,6.9,15,151,20,False
4042,6.9,15,181,20,True
4043,6.9,15,211,20,False
4044,6.9,15,241,20,False
4045,6.9,15,271,20,False
4046,6.9,15,301,20,True
4047,6.9,15,331,20,False
4048,6.9,22,1,20,False
4049,6.9,22,31,20,False
4050,6.9,22,61,20,False
4051,6.9,22,91,20,False
4052,6.9,22,121,20,False
4053,6.9,22,151,20,False
4054,6.9,22,181,20,False
4055,6.9,22,211,20,False
4056,6.9,22,241,20,False
4057,6.9,22,271,20,False
4058,6.9,22,301,20,False
4059,6.9,22,331,20,False
4060,6.9,29,31,20,False
4061,6.9,29,61,20,False
4062,6.9,29,91,20,False
4063,6.9,29,121,20,False
4064,6.9,29,151,20,False
4065,6.9,29,181,20,False
4066,6.9,29,211,20,True
4067,6.9,29,241,20,False
4068,6.9,29,271,20,False
4069,6.9,29,301,20,False
4070,6.9,29,331,20,False
4071,7.0,1,1,20,False
4072,7.0,1,31,20,False
4073,7.0,1,61,20,False
4074,7.0,1,91,20,False
4075,7.0,1,121,20,False
4076,7.0,1,151,20,True
4077,7.0,1,181,20,True
4078,7.0,1,211,20,False
4079,7.0,1,241,20,False
4080,7.0,1,271,20,False
4081,7.0,1,301,20,False
4082,7.0,1,331,20,False
4083,7.0,8,1,20,False
4084,7.0,8,31,20,False
4085,7.0,8,61,20,False
4086,7.0,8,91,20,False
4087,7.0,8,121,20,True
4088,7.0,8,151,20,True
4089,7.0,8,181,20,False
4090,7.0,8,211,20,False
4091,7.0,8,241,20,True
4092,7.0,8,271,20,False
4093,7.0,8,301,20,True
4094,7.0,8,331,20,False
4095,7.0,15,1,20,False
4096,7.0,15,31,20,False
4097,7.0,15,61,20,False
4098,7.0,15,91,20,False
4099,7.0,15,121,20,True
4100,7.0,15,151,20,False
4101,7.0,15,181,20,False
4102,7.0,15,211,20,False
4103,7.0,15,241,20,False
4104,7.0,15,271,20,False
4105,7.0,15,301,20,False
4106,7.0,15,331,20,False
4107,7.0,22,1,20,False
4108,7.0,22,31,20,False
4109,7.0,22,61,20,False
4110,7.0,22,91,20,False
4111,7.0,22,121,20,False
4112,7.0,22,151,20,False
4113,7.0,22,181,20,False
4114,7.0,22,211,20,False
4115,7.0,22,241,20,False
4116,7.0,22,271,20,False
4117,7.0,22,301,20,True
4118,7.0,22,331,20,False
4119,7.0,29,31,20,False
4120,7.0,29,61,20,False
4121,7.0,29,91,20,False
4122,7.0,29,121,20,False
4123,7.0,29,151,20,True
4124,7.0,29,181,20,False
4125,7.0,29,211,20,False
4126,7.0,29,241,20,False
4127,7.0,29,271,20,False
4128,7.0,29,301,20,False
4129,7.0,29,331,20,False
4130,7.1,1,1,20,False
4131,7.1,1,31,20,False
4132,7.1,1,61,20,False
4133,7.1,1,91,20,False
4134,7.1,1,121,20,False
4135,7.1,1,151,20,False
4136,7.1,1,181,20,False
4137,7.1,1,211,20,False
4138,7.1,1,241,20,False
4139,7.1,1,271,20,False
4140,7.1,1,301,20,False
4141,7.1,1,331,20,False
4142,7.1,8,1,20,False
4143,7.1,8,31,20,False
4144,7.1,8,61,20,False
4145,7.1,8,91,20,True
4146,7.1,8,121,20,False
4147,7.1,8,151,20,True
4148,7.1,8,181,20,False
4149,7.1,8,211,20,False
4150,7.1,8,241,20,False
4151,7.1,8,271,20,True
4152,7.1,8,301,20,False
4153,7.1,8,331,20,True
4154,7.1,15,1,20,False
4155,7.1,15,31,20,False
4156,7.1,15,61,20,False
4157,7.1,15,91,20,False
4158,7.1,15,121,20,False
4159,7.1,15,151,20,False
4160,7.1,15,181,20,False
4161,7.1,15,211,20,False
4162,7.1,15,241,20,False
4163,7.1,15,271,20,False
4164,7.1,15,301,20,False
4165,7.1,15,331,20,False
4166,7.1,22,1,20,False
4167,7.1,22,31,20,False
4168,7.1,22,61,20,False
4169,7.1,22,91,20,False
4170,7.1,22,121,20,False
4171,7.1,22,151,20,False
4172,7.1,22,181,20,False
4173,7.1,22,211,20,False
4174,7.1,22,241,20,False
4175,7.1,22,271,20,False
4176,7.1,22,301,20,True
4177,7.1,22,331,20,False
4178,7.1,29,31,20,False
4179,7.1,29,61,20,False
4180,7.1,29,91,20,False
4181,7.1,29,121,20,False
4182,7.1,29,151,20,False
4183,7.1,29,181,20,True
4184,7.1,29,211,20,False
4185,7.1,29,241,20,False
4186,7.1,29,271,20,False
4187,7.1,29,301,20,False
4188,7.1,29,331,20,False
4189,7.2,1,1,20,False
4190,7.2,1,31,20,False
4191,7.2,1,61,20,False
4192,7.2,1,91,20,False
4193,7.2,1,121,20,False
4194,7.2,1,151,20,False
4195,7.2,1,181,20,False
4196,7.2,1,211,20,False
4197,7.2,1,241,20,False
4198,7.2,1,271,20,True
4199,7.2,1,301,20,False
4200,7.2,1,331,20,False
4201,7.2,8,1,20,False
4202,7.2,8,31,20,False
4203,7.2,8,61,20,True
4204,7.2,8,91,20,False
4205,7.2,8,121,20,True
4206,7.2,8,151,20,False
4207,7.2,8,181,20,False
4208,7.2,8,211,20,True
4209,7.2,8,241,20,True
4210,7.2,8,271,20,False
4211,7.2,8,301,20,False
4212,7.2,8,331,20,True
4213,7.2,15,1,20,False
4214,7.2,15,31,20,False
4215,7.2,15,61,20,False
4216,7.2,15,91,20,False
4217,7.2,15,121,20,False
4218,7.2,15,151,20,False
4219,7.2,15,181,20,False
4220,7.2,15,211,20,True
4221,7.2,15,241,20,True
4222,7.2,15,271,20,True
4223,7.2,15,301,20,False
4224,7.2,15,331,20,False
4225,7.2,22,1,20,False
4226,7.2,22,31,20,False
4227,7.2,22,61,20,False
4228,7.2,22,91,20,False
4229,7.2,22,121,20,False
4230,7.2,22,151,20,True
4231,7.2,22,181,20,False
4232,7.2,22,211,20,False
4233,7.2,22,241,20,False
4234,7.2,22,271,20,True
4235,7.2,22,301,20,False
4236,7.2,22,331,20,False
4237,7.2,29,31,20,False
4238,7.2,29,61,20,False
4239,7.2,29,91,20,False
4240,7.2,29,121,20,False
4241,7.2,29,151,20,False
4242,7.2,29,181,20,False
4243,7.2,29,211,20,False
4244,7.2,29,241,20,False
4245,7.2,29,271,20,False
4246,7.2,29,301,20,False
4247,7.2,29,331,20,True
4248,7.3,1,1,20,False
4249,7.3,1,31,20,False
4250,7.3,1,61,20,False
4251,7.3,1,91,20,False
4252,7.3,1,121,20,False
4253,7.3,1,151,20,False
4254,7.3,1,181,20,False
4255,7.3,1,211,20,False
4256,7.3,1,241,20,True
4257,7.3,1,271,20,False
4258,7.3,1,301,20,True
4259,7.3,1,331,20,False
4260,7.3,8,1,20,False
4261,7.3,8,31,20,False
4262,7.3,8,61,20,False
4263,7.3,8,91,20,False
4264,7.3,8,121,20,False
4265,7.3,8,151,20,False
4266,7.3,8,181,20,False
4267,7.3,8,211,20,True
4268,7.3,8,241,20,True
4269,7.3,8,271,20,False
4270,7.3,8,301,20,False
4271,7.3,8,331,20,False
4272,7.3,15,1,20,False
4273,7.3,15,31,20,False
4274,7.3,15,61,20,False
4275,7.3,15,91,20,False
4276,7.3,15,121,20,False
4277,7.3,15,151,20,False
4278,7.3,15,181,20,False
4279,7.3,15,211,20,False
4280,7.3,15,241,20,False
4281,7.3,15,271,20,False
4282,7.3,15,301,20,False
4283,7.3,15,331,20,False
4284,7.3,22,1,20,False
4285,7.3,22,31,20,False
4286,7.3,22,61,20,False
4287,7.3,22,91,20,False
4288,7.3,22,121,20,True
4289,7.3,22,151,20,False
4290,7.3,22,181,20,False
4291,7.3,22,211,20,False
4292,7.3,22,241,20,False
4293,7.3,22,271,20,True
4294,7.3,22,301,20,False
4295,7.3,22,331,20,False
4296,7.3,29,31,20,False
4297,7.3,29,61,20,False
4298,7.3,29,91,20,False
4299,7.3,29,121,20,False
4300,7.3,29,151,20,True
4301,7.3,29,181,20,False
4302,7.3,29,211,20,False
4303,7.3,29,241,20,False
4304,7.3,29,271,20,False
4305,7.3,29,301,20,False
4306,7.3,29,331,20,False
4307,7.4,1,1,20,True
4308,7.4,1,31,20,False
4309,7.4,1,61,20,False
4310,7.4,1,91,20,False
4311,7.4,1,121,20,True
4312,7.4,1,151,20,False
4313,7.4,1,181,20,False
4314,7.4,1,211,20,False
4315,7.4,1,241,20,True
4316,7.4,1,271,20,False
4317,7.4,1,301,20,True
4318,7.4,1,331,20,False
4319,7.4,8,1,20,False
4320,7.4,8,31,20,False
4321,7.4,8,61,20,False
4322,7.4,8,91,20,False
4323,7.4,8,121,20,False
4324,7.4,8,151,20,False
4325,7.4,8,181,20,False
4326,7.4,8,211,20,False
4327,7.4,8,241,20,False
4328,7.4,8,271,20,False
4329,7.4,8,301,20,False
4330,7.4,8,331,20,False
4331,7.4,15,1,20,False
4332,7.4,15,31,20,False
4333,7.4,15,61,20,False
4334,7.4,15,91,20,True
4335,7.4,15,121,20,False
4336,7.4,15,151,20,False
4337,7.4,15,181,20,True
4338,7.4,15,211,20,True
4339,7.4,15,241,20,False
4340,7.4,15,271,20,True
4341,7.4,15,301,20,False
4342,7.4,15,331,20,False
4343,7.4,22,1,20,False
4344,7.4,22,31,20,False
4345,7.4,22,61,20,False
4346,7.4,22,91,20,False
4347,7.4,22,121,20,False
4348,7.4,22,151,20,False
4349,7.4,22,181,20,False
4350,7.4,22,211,20,False
4351,7.4,22,241,20,False
4352,7.4,22,271,20,False
4353,7.4,22,301,20,True
4354,7.4,22,331,20,False
4355,7.4,29,31,20,False
4356,7.4,29,61,20,False
4357,7.4,29,91,20,False
4358,7.4,29,121,20,False
4359,7.4,29,151,20,False
4360,7.4,29,181,20,False
4361,7.4,29,211,20,True
4362,7.4,29,241,20,False
4363,7.4,29,271,20,False
4364,7.4,29,301,20,False
4365,7.4,29,331,20,False
4366,7.5,1,1,20,False
4367,7.5,1,31,20,False
4368,7.5,1,61,20,False
4369,7.5,1,91,20,False
4370,7.5,1,121,20,False
4371,7.5,1,151,20,False
4372,7.5,1,181,20,False
4373,7.5,1,211,20,False
4374,7.5,1,241,20,False
4375,7.5,1,271,20,False
4376,7.5,1,301,20,False
4377,7.5,1,331,20,False
4378,7.5,8,1,20,False
4379,7.5,8,31,20,False
4380,7.5,8,61,20,True
4381,7.5,8,91,20,False
4382,7.5,8,121,20,False
4383,7.5,8,151,20,True
4384,7.5,8,181,20,True
4385,7.5,8,211,20,False
4386,7.5,8,241,20,False
4387,7.5,8,271,20,False
4388,7.5,8,301,20,False
4389,7.5,8,331,20,False
4390,7.5,15,1,20,False
4391,7.5,15,31,20,True
4392,7.5,15,61,20,False
4393,7.5,15,91,20,False
4394,7.5,15,121,20,False
4395,7.5,15,151,20,False
4396,7.5,15,181,20,False
4397,7.5,15,211,20,False
4398,7.5,15,241,20,False
4399,7.5,15,271,20,True
4400,7.5,15,301,20,False
4401,7.5,15,331,20,False
4402,7.5,22,1,20,False
4403,7.5,22,31,20,True
4404,7.5,22,61,20,False
4405,7.5,22,91,20,False
4406,7.5,22,121,20,False
4407,7.5,22,151,20,False
4408,7.5,22,181,20,False
4409,7.5,22,211,20,False
4410,7.5,22,241,20,False
4411,7.5,22,271,20,True
4412,7.5,22,301,20,False
4413,7.5,22,331,20,False
4414,7.5,29,31,20,False
4415,7.5,29,61,20,False
4416,7.5,29,91,20,False
4417,7.5,29,121,20,False
4418,7.5,29,151,20,False
4419,7.5,29,181,20,False
4420,7.5,29,211,20,True
4421,7.5,29,241,20,False
4422,7.5,29,271,20,False
4423,7.5,29,301,20,False
4424,7.5,29,331,20,False
4425,7.6,1,1,20,False
4426,7.6,1,31,20,False
4427,7.6,1,61,20,False
4428,7.6,1,91,20,False
4429,7.6,1,121,20,False
4430,7.6,1,151,20,False
4431,7.6,1,181,20,False
4432,7.6,1,211,20,False
4433,7.6,1,241,20,True
4434,7.6,1,271,20,False
4435,7.6,1,301,20,False
4436,7.6,1,331,20,False
4437,7.6,8,1,20,False
4438,7.6,8,31,20,False
4439,7.6,8,61,20,False
4440,7.6,8,91,20,False
4441,7.6,8,121,20,False
4442,7.6,8,151,20,False
4443,7.6,8,181,20,False
4444,7.6,8,211,20,False
4445,7.6,8,241,20,False
4446,7.6,8,271,20,True
4447,7.6,8,301,20,False
4448,7.6,8,331,20,False
4449,7.6,15,1,20,False
4450,7.6,15,31,20,False
4451,7.6,15,61,20,False
4452,7.6,15,91,20,False
4453,7.6,15,121,20,False
4454,7.6,15,151,20,False
4455,7.6,15,181,20,False
4456,7.6,15,211,20,False
4457,7.6,15,241,20,True
4458,7.6,15,271,20,True
4459,7.6,15,301,20,True
4460,7.6,15,331,20,False
4461,7.6,22,1,20,False
4462,7.6,22,31,20,False
4463,7.6,22,61,20,False
4464,7.6,22,91,20,False
4465,7.6,22,121,20,True
4466,7.6,22,151,20,False
4467,7.6,22,181,20,True
4468,7.6,22,211,20,True
4469,7.6,22,241,20,False
4470,7.6,22,271,20,False
4471,7.6,22,301,20,False
4472,7.6,22,331,20,False
4473,7.6,29,31,20,False
4474,7.6,29,61,20,False
4475,7.6,29,91,20,False
4476,7.6,29,121,20,False
4477,7.6,29,151,20,False
4478,7.6,29,181,20,True
4479,7.6,29,211,20,False
4480,7.6,29,241,20,False
4481,7.6,29,271,20,False
4482,7.6,29,301,20,True
4483,7.6,29,331,20,False
4484,7.7,1,1,20,False
4485,7.7,1,31,20,False
4486,7.7,1,61,20,False
4487,7.7,1,91,20,False
4488,7.7,1,121,20,False
4489,7.7,1,151,20,False
4490,7.7,1,181,20,False
4491,7.7,1,211,20,False
4492,7.7,1,241,20,False
4493,7.7,1,271,20,False
4494,7.7,1,301,20,False
4495,7.7,1,331,20,False
4496,7.7,8,1,20,False
4497,7.7,8,31,20,False
4498,7.7,8,61,20,False
4499,7.7,8,91,20,True
4500,7.7,8,121,20,False
4501,7.7,8,151,20,True
4502,7.7,8,181,20,False
4503,7.7,8,211,20,True
4504,7.7,8,241,20,False
4505,7.7,8,271,20,False
4506,7.7,8,301,20,False
4507,7.7,8,331,20,False
4508,7.7,15,1,20,False
4509,7.7,15,31,20,False
4510,7.7,15,61,20,False
4511,7.7,15,91,20,True
4512,7.7,15,121,20,True
4513,7.7,15,151,20,False
4514,7.7,15,181,20,False
4515,7.7,15,211,20,True
4516,7.7,15,241,20,False
4517,7.7,15,271,20,False
4518,7.7,15,301,20,False
4519,7.7,15,331,20,False
4520,7.7,22,1,20,False
4521,7.7,22,31,20,False
4522,7.7,22,61,20,False
4523,7.7,22,91,20,False
4524,7.7,22,121,20,False
4525,7.7,22,151,20,True
4526,7.7,22,181,20,False
4527,7.7,22,211,20,False
4528,7.7,22,241,20,False
4529,7.7,22,271,20,False
4530,7.7,22,301,20,True
4531,7.7,22,331,20,False
4532,7.7,29,31,20,False
4533,7.7,29,61,20,False
4534,7.7,29,91,20,False
4535,7.7,29,121,20,False
4536,7.7,29,151,20,False
4537,7.7,29,181,20,False
4538,7.7,29,211,20,False
4539,7.7,29,241,20,False
4540,7.7,29,271,20,False
4541,7.7,29,301,20,False
4542,7.7,29,331,20,False
4543,7.8,1,1,20,False
4544,7.8,1,31,20,False
4545,7.8,1,61,20,False
4546,7.8,1,91,20,False
4547,7.8,1,121,20,False
4548,7.8,1,151,20,True
4549,7.8,1,181,20,False
4550,7.8,1,211,20,False
4551,7.8,1,241,20,False
4552,7.8,1,271,20,False
4553,7.8,1,301,20,True
4554,7.8,1,331,20,False
4555,7.8,8,1,20,False
4556,7.8,8,31,20,False
4557,7.8,8,61,20,False
4558,7.8,8,91,20,False
4559,7.8,8,121,20,True
4560,7.8,8,151,20,False
4561,7.8,8,181,20,False
4562,7.8,8,211,20,False
4563,7.8,8,241,20,False
4564,7.8,8,271,20,True
4565,7.8,8,301,20,False
4566,7.8,8,331,20,False
4567,7.8,15,1,20,False
4568,7.8,15,31,20,False
4569,7.8,15,61,20,False
4570,7.8,15,91,20,False
4571,7.8,15,121,20,False
4572,7.8,15,151,20,False
4573,7.8,15,181,20,False
4574,7.8,15,211,20,True
4575,7.8,15,241,20,True
4576,7.8,15,271,20,False
4577,7.8,15,301,20,False
4578,7.8,15,331,20,False
4579,7.8,22,1,20,False
4580,7.8,22,31,20,False
4581,7.8,22,61,20,False
4582,7.8,22,91,20,False
4583,7.8,22,121,20,True
4584,7.8,22,151,20,False
4585,7.8,22,181,20,False
4586,7.8,22,211,20,False
4587,7.8,22,241,20,False
4588,7.8,22,271,20,False
4589,7.8,22,301,20,False
4590,7.8,22,331,20,False
4591,7.8,29,31,20,False
4592,7.8,29,61,20,False
4593,7.8,29,91,20,False
4594,7.8,29,121,20,False
4595,7.8,29,151,20,False
4596,7.8,29,181,20,False
4597,7.8,29,211,20,False
4598,7.8,29,241,20,True
4599,7.8,29,271,20,False
4600,7.8,29,301,20,False
4601,7.8,29,331,20,False
4602,7.9,1,1,20,False
4603,7.9,1,31,20,False
4604,7.9,1,61,20,True
4605,7.9,1,91,20,False
4606,7.9,1,121,20,False
4607,7.9,1,151,20,False
4608,7.9,1,181,20,False
4609,7.9,1,211,20,False
4610,7.9,1,241,20,False
4611,7.9,1,271,20,False
4612,7.9,1,301,20,False
4613,7.9,1,331,20,False
4614,7.9,8,1,20,False
4615,7.9,8,31,20,False
4616,7.9,8,61,20,False
4617,7.9,8,91,20,True
4618,7.9,8,121,20,False
4619,7.9,8,151,20,False
4620,7.9,8,181,20,False
4621,7.9,8,211,20,True
4622,7.9,8,241,20,False
4623,7.9,8,271,20,False
4624,7.9,8,301,20,False
4625,7.9,8,331,20,False
4626,7.9,15,1,20,False
4627,7.9,15,31,20,False
4628,7.9,15,61,20,False
4629,7.9,15,91,20,False
4630,7.9,15,121,20,False
4631,7.9,15,151,20,False
4632,7.9,15,181,20,False
4633,7.9,15,211,20,False
4634,7.9,15,241,20,True
4635,7.9,15,271,20,False
4636,7.9,15,301,20,False
4637,7.9,15,331,20,False
4638,7.9,22,1,20,False
4639,7.9,22,31,20,False
4640,7.9,22,61,20,False
4641,7.9,22,91,20,False
4642,7.9,22,121,20,False
4643,7.9,22,151,20,False
4644,7.9,22,181,20,False
4645,7.9,22,211,20,False
4646,7.9,22,241,20,False
4647,7.9,22,271,20,True
4648,7.9,22,301,20,False
4649,7.9,22,331,20,False
4650,7.9,29,31,20,False
4651,7.9,29,61,20,False
4652,7.9,29,91,20,False
4653,7.9,29,121,20,False
4654,7.9,29,151,20,True
4655,7.9,29,181,20,False
4656,7.9,29,211,20,False
4657,7.9,29,241,20,False
4658,7.9,29,271,20,False
4659,7.9,29,301,20,True
4660,7.9,29,331,20,False
4661,8.0,1,1,20,False
4662,8.0,1,31,20,False
4663,8.0,1,61,20,False
4664,8.0,1,91,20,False
4665,8.0,1,121,20,False
4666,8.0,1,151,20,False
4667,8.0,1,181,20,False
4668,8.0,1,211,20,False
4669,8.0,1,241,20,False
4670,8.0,1,271,20,False
4671,8.0,1,301,20,False
4672,8.0,1,331,20,False
4673,8.0,8,1,20,False
4674,8.0,8,31,20,False
4675,8.0,8,61,20,False
4676,8.0,8,91,20,False
4677,8.0,8,121,20,False
4678,8.0,8,151,20,False
4679,8.0,8,181,20,True
4680,8.0,8,211,20,False
4681,8.0,8,241,20,False
4682,8.0,8,271,20,True
4683,8.0,8,301,20,False
4684,8.0,8,331,20,False
4685,8.0,15,1,20,False
4686,8.0,15,31,20,False
4687,8.0,15,61,20,False
4688,8.0,15,91,20,False
4689,8.0,15,121,20,False
4690,8.0,15,151,20,False
4691,8.0,15,181,20,False
4692,8.0,15,211,20,False
4693,8.0,15,241,20,False
4694,8.0,15,271,20,False
4695,8.0,15,301,20,False
4696,8.0,15,331,20,True
4697,8.0,22,1,20,False
4698,8.0,22,31,20,False
4699,8.0,22,61,20,False
4700,8.0,22,91,20,False
4701,8.0,22,121,20,False
4702,8.0,22,151,20,False
4703,8.0,22,181,20,True
4704,8.0,22,211,20,False
4705,8.0,22,241,20,False
4706,8.0,22,271,20,False
4707,8.0,22,301,20,False
4708,8.0,22,331,20,False
4709,8.0,29,31,20,False
4710,8.0,29,61,20,True
4711,8.0,29,91,20,False
4712,8.0,29,121,20,False
4713,8.0,29,151,20,False
4714,8.0,29,181,20,False
4715,8.0,29,211,20,False
4716,8.0,29,241,20,False
4717,8.0,29,271,20,False
4718,8.0,29,301,20,False
4719,8.0,29,331,20,False
4720,8.1,1,1,20,False
4721,8.1,1,31,20,False
4722,8.1,1,61,20,False
4723,8.1,1,91,20,False
4724,8.1,1,121,20,True
4725,8.1,1,151,20,False
4726,8.1,1,181,20,False
4727,8.1,1,211,20,False
4728,8.1,1,241,20,False
4729,8.1,1,271,20,False
4730,8.1,1,301,20,False
4731,8.1,1,331,20,False
4732,8.1,8,1,20,False
4733,8.1,8,31,20,False
4734,8.1,8,61,20,False
4735,8.1,8,91,20,False
4736,8.1,8,121,20,True
4737,8.1,8,151,20,False
4738,8.1,8,181,20,False
4739,8.1,8,211,20,False
4740,8.1,8,241,20,False
4741,8.1,8,271,20,False
4742,8.1,8,301,20,False
4743,8.1,8,331,20,False
4744,8.1,15,1,20,False
4745,8.1,15,31,20,False
4746,8.1,15,61,20,False
4747,8.1,15,91,20,False
4748,8.1,15,121,20,True
4749,8.1,15,151,20,False
4750,8.1,15,181,20,False
4751,8.1,15,211,20,True
4752,8.1,15,241,20,False
4753,8.1,15,271,20,False
4754,8.1,15,301,20,False
4755,8.1,15,331,20,False
4756,8.1,22,1,20,False
4757,8.1,22,31,20,True
4758,8.1,22,61,20,False
4759,8.1,22,91,20,True
4760,8.1,22,121,20,True
4761,8.1,22,151,20,False
4762,8.1,22,181,20,False
4763,8.1,22,211,20,False
4764,8.1,22,241,20,False
4765,8.1,22,271,20,False
4766,8.1,22,301,20,False
4767,8.1,22,331,20,False
4768,8.1,29,31,20,False
4769,8.1,29,61,20,False
4770,8.1,29,91,20,False
4771,8.1,29,121,20,False
4772,8.1,29,151,20,False
4773,8.1,29,181,20,False
4774,8.1,29,211,20,False
4775,8.1,29,241,20,False
4776,8.1,29,271,20,False
4777,8.1,29,301,20,False
4778,8.1,29,331,20,False
4779,8.2,1,1,20,False
4780,8.2,1,31,20,False
4781,8.2,1,61,20,False
4782,8.2,1,91,20,False
4783,8.2,1,121,20,False
4784,8.2,1,151,20,False
4785,8.2,1,181,20,False
4786,8.2,1,211,20,False
4787,8.2,1,241,20,False
4788,8.2,1,271,20,False
4789,8.2,1,301,20,False
4790,8.2,1,331,20,False
4791,8.2,8,1,20,False
4792,8.2,8,31,20,False
4793,8.2,8,61,20,False
4794,8.2,8,91,20,False
4795,8.2,8,121,20,False
4796,8.2,8,151,20,False
4797,8.2,8,181,20,False
4798,8.2,8,211,20,False
4799,8.2,8,241,20,False
4800,8.2,8,271,20,False
4801,8.2,8,301,20,False
4802,8.2,8,331,20,False
4803,8.2,15,1,20,False
4804,8.2,15,31,20,False
4805,8.2,15,61,20,True
4806,8.2,15,91,20,False
4807,8.2,15,121,20,False
4808,8.2,15,151,20,False
4809,8.2,15,181,20,False
4810,8.2,15,211,20,False
4811,8.2,15,241,20,True
4812,8.2,15,271,20,False
4813,8.2,15,301,20,False
4814,8.2,15,331,20,True
4815,8.2,22,1,20,False
4816,8.2,22,31,20,False
4817,8.2,22,61,20,False
4818,8.2,22,91,20,True
4819,8.2,22,121,20,True
4820,8.2,22,151,20,False
4821,8.2,22,181,20,False
4822,8.2,22,211,20,False
4823,8.2,22,241,20,False
4824,8.2,22,271,20,False
4825,8.2,22,301,20,False
4826,8.2,22,331,20,False
4827,8.2,29,31,20,True
4828,8.2,29,61,20,False
4829,8.2,29,91,20,False
4830,8.2,29,121,20,False
4831,8.2,29,151,20,False
4832,8.2,29,181,20,True
4833,8.2,29,211,20,False
4834,8.2,29,241,20,False
4835,8.2,29,271,20,False
4836,8.2,29,301,20,False
4837,8.2,29,331,20,False
4838,8.3,1,1,20,False
4839,8.3,1,31,20,True
4840,8.3,1,61,20,False
4841,8.3,1,91,20,False
4842,8.3,1,121,20,False
4843,8.3,1,151,20,False
4844,8.3,1,181,20,False
4845,8.3,1,211,20,False
4846,8.3,1,241,20,False
4847,8.3,1,271,20,False
4848,8.3,1,301,20,False
4849,8.3,1,331,20,False
4850,8.3,8,1,20,False
4851,8.3,8,31,20,False
4852,8.3,8,61,20,False
4853,8.3,8,91,20,False
4854,8.3,8,121,20,False
4855,8.3,8,151,20,False
4856,8.3,8,181,20,False
4857,8.3,8,211,20,False
4858,8.3,8,241,20,False
4859,8.3,8,271,20,False
4860,8.3,8,301,20,False
4861,8.3,8,331,20,False
4862,8.3,15,1,20,False
4863,8.3,15,31,20,False
4864,8.3,15,61,20,True
4865,8.3,15,91,20,False
4866,8.3,15,121,20,False
4867,8.3,15,151,20,True
4868,8.3,15,181,20,False
4869,8.3,15,211,20,False
4870,8.3,15,241,20,False
4871,8.3,15,271,20,False
4872,8.3,15,301,20,False
4873,8.3,15,331,20,False
4874,8.3,22,1,20,False
4875,8.3,22,31,20,True
4876,8.3,22,61,20,False
4877,8.3,22,91,20,False
4878,8.3,22,121,20,False
4879,8.3,22,151,20,False
4880,8.3,22,181,20,False
4881,8.3,22,211,20,False
4882,8.3,22,241,20,False
4883,8.3,22,271,20,False
4884,8.3,22,301,20,False
4885,8.3,22,331,20,False
4886,8.3,29,31,20,False
4887,8.3,29,61,20,False
4888,8.3,29,91,20,True
4889,8.3,29,121,20,False
4890,8.3,29,151,20,False
4891,8.3,29,181,20,False
4892,8.3,29,211,20,False
4893,8.3,29,241,20,False
4894,8.3,29,271,20,False
4895,8.3,29,301,20,False
4896,8.3,29,331,20,False
4897,8.4,1,1,20,False
4898,8.4,1,31,20,True
4899,8.4,1,61,20,False
4900,8.4,1,91,20,False
4901,8.4,1,121,20,False
4902,8.4,1,151,20,False
4903,8.4,1,181,20,True
4904,8.4,1,211,20,True
4905,8.4,1,241,20,False
4906,8.4,1,271,20,False
4907,8.4,1,301,20,True
4908,8.4,1,331,20,False
4909,8.4,8,1,20,False
4910,8.4,8,31,20,False
4911,8.4,8,61,20,True
4912,8.4,8,91,20,False
4913,8.4,8,121,20,False
4914,8.4,8,151,20,True
4915,8.4,8,181,20,False
4916,8.4,8,211,20,False
4917,8.4,8,241,20,True
4918,8.4,8,271,20,False
4919,8.4,8,301,20,False
4920,8.4,8,331,20,True
4921,8.4,15,1,20,False
4922,8.4,15,31,20,False
4923,8.4,15,61,20,True
4924,8.4,15,91,20,False
4925,8.4,15,121,20,False
4926,8.4,15,151,20,False
4927,8.4,15,181,20,False
4928,8.4,15,211,20,False
4929,8.4,15,241,20,True
4930,8.4,15,271,20,False
4931,8.4,15,301,20,False
4932,8.4,15,331,20,False
4933,8.4,22,1,20,False
4934,8.4,22,31,20,False
4935,8.4,22,61,20,False
4936,8.4,22,91,20,True
4937,8.4,22,121,20,False
4938,8.4,22,151,20,False
4939,8.4,22,181,20,False
4940,8.4,22,211,20,False
4941,8.4,22,241,20,False
4942,8.4,22,271,20,False
4943,8.4,22,301,20,False
4944,8.4,22,331,20,False
4945,8.4,29,31,20,False
4946,8.4,29,61,20,False
4947,8.4,29,91,20,False
4948,8.4,29,121,20,False
4949,8.4,29,151,20,True
4950,8.4,29,181,20,False
4951,8.4,29,211,20,True
4952,8.4,29,241,20,False
4953,8.4,29,271,20,True
4954,8.4,29,301,20,False
4955,8.4,29,331,20,False
4956,8.5,1,1,20,False
4957,8.5,1,31,20,False
4958,8.5,1,61,20,False
4959,8.5,1,91,20,False
4960,8.5,1,121,20,False
4961,8.5,1,151,20,True
4962,8.5,1,181,20,False
4963,8.5,1,211,20,False
4964,8.5,1,241,20,False
4965,8.5,1,271,20,False
4966,8.5,1,301,20,False
4967,8.5,1,331,20,False
4968,8.5,8,1,20,False
4969,8.5,8,31,20,False
4970,8.5,8,61,20,False
4971,8.5,8,91,20,False
4972,8.5,8,121,20,False
4973,8.5,8,151,20,False
4974,8.5,8,181,20,False
4975,8.5,8,211,20,True
4976,8.5,8,241,20,False
4977,8.5,8,271,20,False
4978,8.5,8,301,20,False
4979,8.5,8,331,20,False
4980,8.5,15,1,20,False
4981,8.5,15,31,20,False
4982,8.5,15,61,20,False
4983,8.5,15,91,20,False
4984,8.5,15,121,20,False
4985,8.5,15,151,20,False
4986,8.5,15,181,20,False
4987,8.5,15,211,20,False
4988,8.5,15,241,20,False
4989,8.5,15,271,20,False
4990,8.5,15,301,20,False
4991,8.5,15,331,20,False
4992,8.5,22,1,20,False
4993,8.5,22,31,20,False
4994,8.5,22,61,20,False
4995,8.5,22,91,20,False
4996,8.5,22,121,20,False
4997,8.5,22,151,20,False
4998,8.5,22,181,20,False
4999,8.5,22,211,20,False
5000,8.5,22,241,20,False
5001,8.5,22,271,20,False
5002,8.5,22,301,20,True
5003,8.5,22,331,20,False
5004,8.5,29,31,20,False
5005,8.5,29,61,20,False
5006,8.5,29,91,20,False
5007,8.5,29,121,20,False
5008,8.5,29,151,20,True
5009,8.5,29,181,20,False
5010,8.5,29,211,20,False
5011,8.5,29,241,20,True
5012,8.5,29,271,20,False
5013,8.5,29,301,20,True
5014,8.5,29,331,20,False
5015,8.6,1,1,20,False
5016,8.6,1,31,20,False
5017,8.6,1,61,20,False
5018,8.6,1,91,20,False
5019,8.6,1,121,20,False
5020,8.6,1,151,20,True
5021,8.6,1,181,20,False
5022,8.6,1,211,20,False
5023,8.6,1,241,20,False
5024,8.6,1,271,20,False
5025,8.6,1,301,20,False
5026,8.6,1,331,20,False
5027,8.6,8,1,20,False
5028,8.6,8,31,20,False
5029,8.6,8,61,20,False
5030,8.6,8,91,20,False
5031,8.6,8,121,20,False
5032,8.6,8,151,20,True
5033,8.6,8,181,20,False
5034,8.6,8,211,20,False
5035,8.6,8,241,20,False
5036,8.6,8,271,20,False
5037,8.6,8,301,20,False
5038,8.6,8,331,20,False
5039,8.6,15,1,20,False
5040,8.6,15,31,20,True
5041,8.6,15,61,20,False
5042,8.6,15,91,20,False
5043,8.6,15,121,20,False
5044,8.6,15,151,20,False
5045,8.6,15,181,20,False
5046,8.6,15,211,20,False
5047,8.6,15,241,20,False
5048,8.6,15,271,20,False
5049,8.6,15,301,20,False
5050,8.6,15,331,20,False
5051,8.6,22,1,20,False
5052,8.6,22,31,20,False
5053,8.6,22,61,20,False
5054,8.6,22,91,20,False
5055,8.6,22,121,20,False
5056,8.6,22,151,20,False
5057,8.6,22,181,20,False
5058,8.6,22,211,20,False
5059,8.6,22,241,20,False
5060,8.6,22,271,20,False
5061,8.6,22,301,20,False
5062,8.6,22,331,20,False
5063,8.6,29,31,20,False
5064,8.6,29,61,20,True
5065,8.6,29,91,20,False
5066,8.6,29,121,20,False
5067,8.6,29,151,20,False
5068,8.6,29,181,20,False
5069,8.6,29,211,20,False
5070,8.6,29,241,20,False
5071,8.6,29,271,20,False
5072,8.6,29,301,20,False
5073,8.6,29,331,20,False
5074,8.7,1,1,20,False
5075,8.7,1,31,20,False
5076,8.7,1,61,20,False
5077,8.7,1,91,20,False
5078,8.7,1,121,20,False
5079,8.7,1,151,20,True
5080,8.7,1,181,20,False
5081,8.7,1,211,20,False
5082,8.7,1,241,20,False
5083,8.7,1,271,20,True
5084,8.7,1,301,20,False
5085,8.7,1,331,20,False
5086,8.7,8,1,20,False
5087,8.7,8,31,20,False
5088,8.7,8,61,20,True
5089,8.7,8,91,20,False
5090,8.7,8,121,20,True
5091,8.7,8,151,20,True
5092,8.7,8,181,20,False
5093,8.7,8,211,20,False
5094,8.7,8,241,20,False
5095,8.7,8,271,20,False
5096,8.7,8,301,20,False
5097,8.7,8,331,20,False
5098,8.7,15,1,20,False
5099,8.7,15,31,20,False
5100,8.7,15,61,20,False
5101,8.7,15,91,20,False
5102,8.7,15,121,20,False
5103,8.7,15,151,20,False
5104,8.7,15,181,20,False
5105,8.7,15,211,20,False
5106,8.7,15,241,20,False
5107,8.7,15,271,20,False
5108,8.7,15,301,20,False
5109,8.7,15,331,20,False
5110,8.7,22,1,20,False
5111,8.7,22,31,20,False
5112,8.7,22,61,20,False
5113,8.7,22,91,20,False
5114,8.7,22,121,20,False
5115,8.7,22,151,20,False
5116,8.7,22,181,20,False
5117,8.7,22,211,20,False
5118,8.7,22,241,20,False
5119,8.7,22,271,20,False
5120,8.7,22,301,20,False
5121,8.7,22,331,20,False
5122,8.7,29,31,20,False
5123,8.7,29,61,20,False
5124,8.7,29,91,20,False
5125,8.7,29,121,20,False
5126,8.7,29,151,20,False
5127,8.7,29,181,20,False
5128,8.7,29,211,20,False
5129,8.7,29,241,20,False
5130,8.7,29,271,20,False
5131,8.7,29,301,20,False
5132,8.7,29,331,20,False
5133,8.8,1,1,20,False
5134,8.8,1,31,20,False
5135,8.8,1,61,20,True
5136,8.8,1,91,20,False
5137,8.8,1,121,20,False
5138,8.8,1,151,20,False
5139,8.8,1,181,20,False
5140,8.8,1,211,20,False
5141,8.8,1,241,20,False
5142,8.8,1,271,20,False
5143,8.8,1,301,20,False
5144,8.8,1,331,20,False
5145,8.8,8,1,20,False
5146,8.8,8,31,20,False
5147,8.8,8,61,20,False
5148,8.8,8,91,20,False
5149,8.8,8,121,20,False
5150,8.8,8,151,20,False
5151,8.8,8,181,20,True
5152,8.8,8,211,20,False
5153,8.8,8,241,20,False
5154,8.8,8,271,20,False
5155,8.8,8,301,20,False
5156,8.8,8,331,20,False
5157,8.8,15,1,20,False
5158,8.8,15,31,20,False
5159,8.8,15,61,20,False
5160,8.8,15,91,20,False
5161,8.8,15,121,20,True
5162,8.8,15,151,20,False
5163,8.8,15,181,20,False
5164,8.8,15,211,20,True
5165,8.8,15,241,20,True
5166,8.8,15,271,20,False
5167,8.8,15,301,20,False
5168,8.8,15,331,20,False
5169,8.8,22,1,20,False
5170,8.8,22,31,20,False
5171,8.8,22,61,20,False
5172,8.8,22,91,20,False
5173,8.8,22,121,20,False
5174,8.8,22,151,20,False
5175,8.8,22,181,20,False
5176,8.8,22,211,20,False
5177,8.8,22,241,20,True
5178,8.8,22,271,20,False
5179,8.8,22,301,20,True
5180,8.8,22,331,20,True
5181,8.8,29,31,20,False
5182,8.8,29,61,20,False
5183,8.8,29,91,20,False
5184,8.8,29,121,20,False
5185,8.8,29,151,20,False
5186,8.8,29,181,20,False
5187,8.8,29,211,20,False
5188,8.8,29,241,20,False
5189,8.8,29,271,20,False
5190,8.8,29,301,20,False
5191,8.8,29,331,20,False
5192,8.9,1,1,20,False
5193,8.9,1,31,20,False
5194,8.9,1,61,20,False
5195,8.9,1,91,20,False
5196,8.9,1,121,20,True
5197,8.9,1,151,20,False
5198,8.9,1,181,20,True
5199,8.9,1,211,20,False
5200,8.9,1,241,20,False
5201,8.9,1,271,20,False
5202,8.9,1,301,20,False
5203,8.9,1,331,20,False
5204,8.9,8,1,20,False
5205,8.9,8,31,20,False
5206,8.9,8,61,20,False
5207,8.9,8,91,20,False
5208,8.9,8,121,20,False
5209,8.9,8,151,20,False
5210,8.9,8,181,20,True
5211,8.9,8,211,20,True
5212,8.9,8,241,20,False
5213,8.9,8,271,20,False
5214,8.9,8,301,20,False
5215,8.9,8,331,20,False
5216,8.9,15,1,20,False
5217,8.9,15,31,20,False
5218,8.9,15,61,20,False
5219,8.9,15,91,20,False
5220,8.9,15,121,20,False
5221,8.9,15,151,20,False
5222,8.9,15,181,20,False
5223,8.9,15,211,20,True
5224,8.9,15,241,20,False
5225,8.9,15,271,20,True
5226,8.9,15,301,20,False
5227,8.9,15,331,20,True
5228,8.9,22,1,20,False
5229,8.9,22,31,20,False
5230,8.9,22,61,20,True
5231,8.9,22,91,20,False
5232,8.9,22,121,20,True
5233,8.9,22,151,20,False
5234,8.9,22,181,20,False
5235,8.9,22,211,20,False
5236,8.9,22,241,20,False
5237,8.9,22,271,20,True
5238,8.9,22,301,20,False
5239,8.9,22,331,20,True
5240,8.9,29,31,20,False
5241,8.9,29,61,20,False
5242,8.9,29,91,20,False
5243,8.9,29,121,20,False
5244,8.9,29,151,20,False
5245,8.9,29,181,20,False
5246,8.9,29,211,20,False
5247,8.9,29,241,20,False
5248,8.9,29,271,20,False
5249,8.9,29,301,20,False
5250,8.9,29,331,20,False
5251,9.0,1,1,20,False
5252,9.0,1,31,20,False
5253,9.0,1,61,20,False
5254,9.0,1,91,20,False
5255,9.0,1,121,20,False
5256,9.0,1,151,20,False
5257,9.0,1,181,20,False
5258,9.0,1,211,20,False
5259,9.0,1,241,20,False
5260,9.0,1,271,20,True
5261,9.0,1,301,20,False
5262,9.0,1,331,20,True
5263,9.0,8,1,20,False
5264,9.0,8,31,20,False
5265,9.0,8,61,20,False
5266,9.0,8,91,20,False
5267,9.0,8,121,20,False
5268,9.0,8,151,20,False
5269,9.0,8,181,20,False
5270,9.0,8,211,20,False
5271,9.0,8,241,20,False
5272,9.0,8,271,20,False
5273,9.0,8,301,20,False
5274,9.0,8,331,20,False
5275,9.0,15,1,20,False
5276,9.0,15,31,20,False
5277,9.0,15,61,20,False
5278,9.0,15,91,20,False
5279,9.0,15,121,20,False
5280,9.0,15,151,20,False
5281,9.0,15,181,20,False
5282,9.0,15,211,20,False
5283,9.0,15,241,20,False
5284,9.0,15,271,20,False
5285,9.0,15,301,20,True
5286,9.0,15,331,20,False
5287,9.0,22,1,20,False
5288,9.0,22,31,20,False
5289,9.0,22,61,20,False
5290,9.0,22,91,20,False
5291,9.0,22,121,20,False
5292,9.0,22,151,20,False
5293,9.0,22,181,20,True
5294,9.0,22,211,20,False
5295,9.0,22,241,20,False
5296,9.0,22,271,20,False
5297,9.0,22,301,20,False
5298,9.0,22,331,20,False
5299,9.0,29,31,20,False
5300,9.0,29,61,20,False
5301,9.0,29,91,20,False
5302,9.0,29,121,20,True
5303,9.0,29,151,20,True
5304,9.0,29,181,20,False
5305,9.0,29,211,20,False
5306,9.0,29,241,20,False
5307,9.0,29,271,20,False
5308,9.0,29,301,20,False
5309,9.0,29,331,20,False
5310,9.1,1,1,20,False
5311,9.1,1,31,20,False
5312,9.1,1,61,20,False
5313,9.1,1,91,20,False
5314,9.1,1,121,20,False
5315,9.1,1,151,20,False
5316,9.1,1,181,20,False
5317,9.1,1,211,20,True
5318,9.1,1,241,20,False
5319,9.1,1,271,20,False
5320,9.1,1,301,20,False
5321,9.1,1,331,20,False
5322,9.1,8,1,20,False
5323,9.1,8,31,20,False
5324,9.1,8,61,20,False
5325,9.1,8,91,20,False
5326,9.1,8,121,20,False
5327,9.1,8,151,20,False
5328,9.1,8,181,20,False
5329,9.1,8,211,20,False
5330,9.1,8,241,20,False
5331,9.1,8,271,20,True
5332,9.1,8,301,20,False
5333,9.1,8,331,20,False
5334,9.1,15,1,20,False
5335,9.1,15,31,20,False
5336,9.1,15,61,20,False
5337,9.1,15,91,20,False
5338,9.1,15,121,20,False
5339,9.1,15,151,20,False
5340,9.1,15,181,20,False
5341,9.1,15,211,20,False
5342,9.1,15,241,20,False
5343,9.1,15,271,20,False
5344,9.1,15,301,20,False
5345,9.1,15,331,20,False
5346,9.1,22,1,20,False
5347,9.1,22,31,20,False
5348,9.1,22,61,20,False
5349,9.1,22,91,20,False
5350,9.1,22,121,20,False
5351,9.1,22,151,20,True
5352,9.1,22,181,20,True
5353,9.1,22,211,20,False
5354,9.1,22,241,20,False
5355,9.1,22,271,20,False
5356,9.1,22,301,20,False
5357,9.1,22,331,20,False
5358,9.1,29,31,20,True
5359,9.1,29,61,20,False
5360,9.1,29,91,20,True
5361,9.1,29,121,20,False
5362,9.1,29,151,20,False
5363,9.1,29,181,20,False
5364,9.1,29,211,20,False
5365,9.1,29,241,20,False
5366,9.1,29,271,20,False
5367,9.1,29,301,20,True
5368,9.1,29,331,20,False
5369,9.2,1,1,20,False
5370,9.2,1,31,20,False
5371,9.2,1,61,20,False
5372,9.2,1,91,20,False
5373,9.2,1,121,20,False
5374,9.2,1,151,20,True
5375,9.2,1,181,20,False
5376,9.2,1,211,20,False
5377,9.2,1,241,20,True
5378,9.2,1,271,20,False
5379,9.2,1,301,20,False
5380,9.2,1,331,20,False
5381,9.2,8,1,20,False
5382,9.2,8,31,20,True
5383,9.2,8,61,20,False
5384,9.2,8,91,20,False
5385,9.2,8,121,20,False
5386,9.2,8,151,20,False
5387,9.2,8,181,20,True
5388,9.2,8,211,20,False
5389,9.2,8,241,20,False
5390,9.2,8,271,20,False
5391,9.2,8,301,20,False
5392,9.2,8,331,20,False
5393,9.2,15,1,20,False
5394,9.2,15,31,20,False
5395,9.2,15,61,20,False
5396,9.2,15,91,20,True
5397,9.2,15,121,20,False
5398,9.2,15,151,20,False
5399,9.2,15,181,20,True
5400,9.2,15,211,20,False
5401,9.2,15,241,20,False
5402,9.2,15,271,20,False
5403,9.2,15,301,20,False
5404,9.2,15,331,20,False
5405,9.2,22,1,20,False
5406,9.2,22,31,20,False
5407,9.2,22,61,20,False
5408,9.2,22,91,20,False
5409,9.2,22,121,20,False
5410,9.2,22,151,20,False
5411,9.2,22,181,20,False
5412,9.2,22,211,20,False
5413,9.2,22,241,20,False
5414,9.2,22,271,20,True
5415,9.2,22,301,20,False
5416,9.2,22,331,20,True
5417,9.2,29,31,20,False
5418,9.2,29,61,20,False
5419,9.2,29,91,20,False
5420,9.2,29,121,20,False
5421,9.2,29,151,20,True
5422,9.2,29,181,20,False
5423,9.2,29,211,20,False
5424,9.2,29,241,20,False
5425,9.2,29,271,20,False
5426,9.2,29,301,20,False
5427,9.2,29,331,20,False
5428,9.3,1,1,20,False
5429,9.3,1,31,20,False
5430,9.3,1,61,20,False
5431,9.3,1,91,20,False
5432,9.3,1,121,20,False
5433,9.3,1,151,20,False
5434,9.3,1,181,20,False
5435,9.3,1,211,20,False
5436,9.3,1,241,20,False
5437,9.3,1,271,20,False
5438,9.3,1,301,20,False
5439,9.3,1,331,20,False
5440,9.3,8,1,20,False
5441,9.3,8,31,20,False
5442,9.3,8,61,20,False
5443,9.3,8,91,20,False
5444,9.3,8,121,20,False
5445,9.3,8,151,20,False
5446,9.3,8,181,20,False
5447,9.3,8,211,20,False
5448,9.3,8,241,20,False
5449,9.3,8,271,20,False
5450,9.3,8,301,20,False
5451,9.3,8,331,20,False
5452,9.3,15,1,20,False
5453,9.3,15,31,20,False
5454,9.3,15,61,20,False
5455,9.3,15,91,20,False
5456,9.3,15,121,20,False
5457,9.3,15,151,20,False
5458,9.3,15,181,20,False
5459,9.3,15,211,20,False
5460,9.3,15,241,20,False
5461,9.3,15,271,20,False
5462,9.3,15,301,20,False
5463,9.3,15,331,20,False
5464,9.3,22,1,20,False
5465,9.3,22,31,20,False
5466,9.3,22,61,20,False
5467,9.3,22,91,20,False
5468,9.3,22,121,20,False
5469,9.3,22,151,20,False
5470,9.3,22,181,20,False
5471,9.3,22,211,20,False
5472,9.3,22,241,20,False
5473,9.3,22,271,20,False
5474,9.3,22,301,20,False
5475,9.3,22,331,20,False
5476,9.3,29,31,20,False
5477,9.3,29,61,20,False
5478,9.3,29,91,20,False
5479,9.3,29,121,20,False
5480,9.3,29,151,20,False
5481,9.3,29,181,20,False
5482,9.3,29,211,20,False
5483,9.3,29,241,20,False
5484,9.3,29,271,20,True
5485,9.3,29,301,20,False
5486,9.3,29,331,20,False
5487,9.4,1,1,20,False
5488,9.4,1,31,20,False
5489,9.4,1,61,20,False
5490,9.4,1,91,20,False
5491,9.4,1,121,20,False
5492,9.4,1,151,20,False
5493,9.4,1,181,20,False
5494,9.4,1,211,20,False
5495,9.4,1,241,20,False
5496,9.4,1,271,20,False
5497,9.4,1,301,20,False
5498,9.4,1,331,20,False
5499,9.4,8,1,20,False
5500,9.4,8,31,20,False
5501,9.4,8,61,20,False
5502,9.4,8,91,20,False
5503,9.4,8,121,20,False
5504,9.4,8,151,20,False
5505,9.4,8,181,20,False
5506,9.4,8,211,20,False
5507,9.4,8,241,20,False
5508,9.4,8,271,20,False
5509,9.4,8,301,20,False
5510,9.4,8,331,20,False
5511,9.4,15,1,20,False
5512,9.4,15,31,20,False
5513,9.4,15,61,20,True
5514,9.4,15,91,20,True
5515,9.4,15,121,20,False
5516,9.4,15,151,20,True
5517,9.4,15,181,20,False
5518,9.4,15,211,20,False
5519,9.4,15,241,20,False
5520,9.4,15,271,20,False
5521,9.4,15,301,20,False
5522,9.4,15,331,20,False
5523,9.4,22,1,20,True
5524,9.4,22,31,20,False
5525,9.4,22,61,20,False
5526,9.4,22,91,20,False
5527,9.4,22,121,20,False
5528,9.4,22,151,20,False
5529,9.4,22,181,20,False
5530,9.4,22,211,20,False
5531,9.4,22,241,20,False
5532,9.4,22,271,20,False
5533,9.4,22,301,20,False
5534,9.4,22,331,20,False
5535,9.4,29,31,20,False
5536,9.4,29,61,20,False
5537,9.4,29,91,20,False
5538,9.4,29,121,20,False
5539,9.4,29,151,20,False
5540,9.4,29,181,20,False
5541,9.4,29,211,20,False
5542,9.4,29,241,20,False
5543,9.4,29,271,20,False
5544,9.4,29,301,20,False
5545,9.4,29,331,20,False
5546,9.5,1,1,20,False
5547,9.5,1,31,20,False
5548,9.5,1,61,20,True
5549,9.5,1,91,20,False
5550,9.5,1,121,20,False
5551,9.5,1,151,20,False
5552,9.5,1,181,20,False
5553,9.5,1,211,20,False
5554,9.5,1,241,20,False
5555,9.5,1,271,20,False
5556,9.5,1,301,20,False
5557,9.5,1,331,20,False
5558,9.5,8,1,20,False
5559,9.5,8,31,20,False
5560,9.5,8,61,20,False
5561,9.5,8,91,20,False
5562,9.5,8,121,20,True
5563,9.5,8,151,20,False
5564,9.5,8,181,20,False
5565,9.5,8,211,20,False
5566,9.5,8,241,20,False
5567,9.5,8,271,20,False
5568,9.5,8,301,20,False
5569,9.5,8,331,20,False
5570,9.5,15,1,20,False
5571,9.5,15,31,20,False
5572,9.5,15,61,20,True
5573,9.5,15,91,20,False
5574,9.5,15,121,20,False
5575,9.5,15,151,20,False
5576,9.5,15,181,20,False
5577,9.5,15,211,20,False
5578,9.5,15,241,20,False
5579,9.5,15,271,20,False
5580,9.5,15,301,20,False
5581,9.5,15,331,20,False
5582,9.5,22,1,20,False
5583,9.5,22,31,20,False
5584,9.5,22,61,20,False
5585,9.5,22,91,20,False
5586,9.5,22,121,20,False
5587,9.5,22,151,20,True
5588,9.5,22,181,20,True
5589,9.5,22,211,20,False
5590,9.5,22,241,20,False
5591,9.5,22,271,20,False
5592,9.5,22,301,20,False
5593,9.5,22,331,20,False
5594,9.5,29,31,20,False
5595,9.5,29,61,20,False
5596,9.5,29,91,20,False
5597,9.5,29,121,20,False
5598,9.5,29,151,20,False
5599,9.5,29,181,20,False
5600,9.5,29,211,20,False
5601,9.5,29,241,20,False
5602,9.5,29,271,20,False
5603,9.5,29,301,20,False
5604,9.5,29,331,20,False
5605,9.6,1,1,20,False
5606,9.6,1,31,20,False
5607,9.6,1,61,20,False
5608,9.6,1,91,20,False
5609,9.6,1,121,20,False
5610,9.6,1,151,20,False
5611,9.6,1,181,20,False
5612,9.6,1,211,20,True
5613,9.6,1,241,20,False
5614,9.6,1,271,20,False
5615,9.6,1,301,20,False
5616,9.6,1,331,20,False
5617,9.6,8,1,20,False
5618,9.6,8,31,20,False
5619,9.6,8,61,20,False
5620,9.6,8,91,20,False
5621,9.6,8,121,20,False
5622,9.6,8,151,20,False
5623,9.6,8,181,20,False
5624,9.6,8,211,20,False
5625,9.6,8,241,20,False
5626,9.6,8,271,20,False
5627,9.6,8,301,20,False
5628,9.6,8,331,20,False
5629,9.6,15,1,20,False
5630,9.6,15,31,20,False
5631,9.6,15,61,20,False
5632,9.6,15,91,20,False
5633,9.6,15,121,20,False
5634,9.6,15,151,20,False
5635,9.6,15,181,20,False
5636,9.6,15,211,20,False
5637,9.6,15,241,20,False
5638,9.6,15,271,20,False
5639,9.6,15,301,20,False
5640,9.6,15,331,20,False
5641,9.6,22,1,20,False
5642,9.6,22,31,20,False
5643,9.6,22,61,20,False
5644,9.6,22,91,20,False
5645,9.6,22,121,20,False
5646,9.6,22,151,20,False
5647,9.6,22,181,20,False
5648,9.6,22,211,20,False
5649,9.6,22,241,20,False
5650,9.6,22,271,20,True
5651,9.6,22,301,20,False
5652,9.6,22,331,20,False
5653,9.6,29,31,20,False
5654,9.6,29,61,20,False
5655,9.6,29,91,20,False
5656,9.6,29,121,20,True
5657,9.6,29,151,20,False
5658,9.6,29,181,20,True
5659,9.6,29,211,20,False
5660,9.6,29,241,20,False
5661,9.6,29,271,20,False
5662,9.6,29,301,20,False
5663,9.6,29,331,20,False
5664,9.700000000000001,1,1,20,False
5665,9.700000000000001,1,31,20,False
5666,9.700000000000001,1,61,20,True
5667,9.700000000000001,1,91,20,False
5668,9.700000000000001,1,121,20,False
5669,9.700000000000001,1,151,20,True
5670,9.700000000000001,1,181,20,False
5671,9.700000000000001,1,211,20,False
5672,9.700000000000001,1,241,20,False
5673,9.700000000000001,1,271,20,False
5674,9.700000000000001,1,301,20,False
5675,9.700000000000001,1,331,20,False
5676,9.700000000000001,8,1,20,False
5677,9.700000000000001,8,31,20,False
5678,9.700000000000001,8,61,20,True
5679,9.700000000000001,8,91,20,False
5680,9.700000000000001,8,121,20,False
5681,9.700000000000001,8,151,20,False
5682,9.700000000000001,8,181,20,False
5683,9.700000000000001,8,211,20,False
5684,9.700000000000001,8,241,20,False
5685,9.700000000000001,8,271,20,False
5686,9.700000000000001,8,301,20,False
5687,9.700000000000001,8,331,20,True
5688,9.700000000000001,15,1,20,False
5689,9.700000000000001,15,31,20,False
5690,9.700000000000001,15,61,20,False
5691,9.700000000000001,15,91,20,False
5692,9.700000000000001,15,121,20,False
5693,9.700000000000001,15,151,20,True
5694,9.700000000000001,15,181,20,False
5695,9.700000000000001,15,211,20,False
5696,9.700000000000001,15,241,20,False
5697,9.700000000000001,15,271,20,False
5698,9.700000000000001,15,301,20,False
5699,9.700000000000001,15,331,20,False
5700,9.700000000000001,22,1,20,False
5701,9.700000000000001,22,31,20,False
5702,9.700000000000001,22,61,20,False
5703,9.700000000000001,22,91,20,False
5704,9.700000000000001,22,121,20,False
5705,9.700000000000001,22,151,20,False
5706,9.700000000000001,22,181,20,False
5707,9.700000000000001,22,211,20,True
5708,9.700000000000001,22,241,20,False
5709,9.700000000000001,22,271,20,False
5710,9.700000000000001,22,301,20,False
5711,9.700000000000001,22,331,20,False
5712,9.700000000000001,29,31,20,True
5713,9.700000000000001,29,61,20,False
5714,9.700000000000001,29,91,20,False
5715,9.700000000000001,29,121,20,False
5716,9.700000000000001,29,151,20,False
5717,9.700000000000001,29,181,20,False
5718,9.700000000000001,29,211,20,False
5719,9.700000000000001,29,241,20,False
5720,9.700000000000001,29,271,20,True
5721,9.700000000000001,29,301,20,False
5722,9.700000000000001,29,331,20,False
5723,9.8,1,1,20,False
5724,9.8,1,31,20,False
5725,9.8,1,61,20,False
5726,9.8,1,91,20,False
5727,9.8,1,121,20,False
5728,9.8,1,151,20,False
5729,9.8,1,181,20,False
5730,9.8,1,211,20,False
5731,9.8,1,241,20,False
5732,9.8,1,271,20,False
5733,9.8,1,301,20,False
5734,9.8,1,331,20,False
5735,9.8,8,1,20,False
5736,9.8,8,31,20,False
5737,9.8,8,61,20,False
5738,9.8,8,91,20,False
5739,9.8,8,121,20,False
5740,9.8,8,151,20,True
5741,9.8,8,181,20,False
5742,9.8,8,211,20,False
5743,9.8,8,241,20,False
5744,9.8,8,271,20,False
5745,9.8,8,301,20,False
5746,9.8,8,331,20,False
5747,9.8,15,1,20,False
5748,9.8,15,31,20,False
5749,9.8,15,61,20,False
5750,9.8,15,91,20,False
5751,9.8,15,121,20,False
5752,9.8,15,151,20,False
5753,9.8,15,181,20,False
5754,9.8,15,211,20,False
5755,9.8,15,241,20,False
5756,9.8,15,271,20,False
5757,9.8,15,301,20,False
5758,9.8,15,331,20,False
5759,9.8,22,1,20,False
5760,9.8,22,31,20,False
5761,9.8,22,61,20,False
5762,9.8,22,91,20,False
5763,9.8,22,121,20,False
5764,9.8,22,151,20,True
5765,9.8,22,181,20,False
5766,9.8,22,211,20,False
5767,9.8,22,241,20,False
5768,9.8,22,271,20,False
5769,9.8,22,301,20,False
5770,9.8,22,331,20,False
5771,9.8,29,31,20,False
5772,9.8,29,61,20,False
5773,9.8,29,91,20,False
5774,9.8,29,121,20,False
5775,9.8,29,151,20,False
5776,9.8,29,181,20,False
5777,9.8,29,211,20,False
5778,9.8,29,241,20,False
5779,9.8,29,271,20,False
5780,9.8,29,301,20,False
5781,9.8,29,331,20,False
5782,9.9,1,1,20,False
5783,9.9,1,31,20,False
5784,9.9,1,61,20,False
5785,9.9,1,91,20,False
5786,9.9,1,121,20,False
5787,9.9,1,151,20,False
5788,9.9,1,181,20,False
5789,9.9,1,211,20,False
5790,9.9,1,241,20,False
5791,9.9,1,271,20,True
5792,9.9,1,301,20,False
5793,9.9,1,331,20,False
5794,9.9,8,1,20,True
5795,9.9,8,31,20,False
5796,9.9,8,61,20,False
5797,9.9,8,91,20,False
5798,9.9,8,121,20,False
5799,9.9,8,151,20,False
5800,9.9,8,181,20,False
5801,9.9,8,211,20,False
5802,9.9,8,241,20,False
5803,9.9,8,271,20,False
5804,9.9,8,301,20,False
5805,9.9,8,331,20,False
5806,9.9,15,1,20,False
5807,9.9,15,31,20,False
5808,9.9,15,61,20,False
5809,9.9,15,91,20,False
5810,9.9,15,121,20,False
5811,9.9,15,151,20,False
5812,9.9,15,181,20,False
5813,9.9,15,211,20,False
5814,9.9,15,241,20,False
5815,9.9,15,271,20,False
5816,9.9,15,301,20,False
5817,9.9,15,331,20,False
5818,9.9,22,1,20,False
5819,9.9,22,31,20,False
5820,9.9,22,61,20,False
5821,9.9,22,91,20,False
5822,9.9,22,121,20,False
5823,9.9,22,151,20,False
5824,9.9,22,181,20,False
5825,9.9,22,211,20,False
5826,9.9,22,241,20,False
5827,9.9,22,271,20,False
5828,9.9,22,301,20,False
5829,9.9,22,331,20,False
5830,9.9,29,31,20,False
5831,9.9,29,61,20,True
5832,9.9,29,91,20,False
5833,9.9,29,121,20,False
5834,9.9,29,151,20,False
5835,9.9,29,181,20,False
5836,9.9,29,211,20,False
5837,9.9,29,241,20,False
5838,9.9,29,271,20,False
5839,9.9,29,301,20,False
5840,9.9,29,331,20,False
5841,10.0,1,1,20,False
5842,10.0,1,31,20,False
5843,10.0,1,61,20,False
5844,10.0,1,91,20,False
5845,10.0,1,121,20,False
5846,10.0,1,151,20,False
5847,10.0,1,181,20,False
5848,10.0,1,211,20,False
5849,10.0,1,241,20,False
5850,10.0,1,271,20,False
5851,10.0,1,301,20,False
5852,10.0,1,331,20,False
5853,10.0,8,1,20,False
5854,10.0,8,31,20,False
5855,10.0,8,61,20,False
5856,10.0,8,91,20,False
5857,10.0,8,121,20,False
5858,10.0,8,151,20,False
5859,10.0,8,181,20,False
5860,10.0,8,211,20,False
5861,10.0,8,241,20,False
5862,10.0,8,271,20,False
5863,10.0,8,301,20,False
5864,10.0,8,331,20,False
5865,10.0,15,1,20,False
5866,10.0,15,31,20,False
5867,10.0,15,61,20,True
5868,10.0,15,91,20,False
5869,10.0,15,121,20,False
5870,10.0,15,151,20,False
5871,10.0,15,181,20,False
5872,10.0,15,211,20,False
5873,10.0,15,241,20,False
5874,10.0,15,271,20,False
5875,10.0,15,301,20,False
5876,10.0,15,331,20,False
5877,10.0,22,1,20,False
5878,10.0,22,31,20,False
5879,10.0,22,61,20,False
5880,10.0,22,91,20,False
5881,10.0,22,121,20,False
5882,10.0,22,151,20,False
5883,10.0,22,181,20,False
5884,10.0,22,211,20,False
5885,10.0,22,241,20,False
5886,10.0,22,271,20,False
5887,10.0,22,301,20,False
5888,10.0,22,331,20,False
5889,10.0,29,31,20,False
5890,10.0,29,61,20,False
5891,10.0,29,91,20,False
5892,10.0,29,121,20,False
5893,10.0,29,151,20,False
5894,10.0,29,181,20,False
5895,10.0,29,211,20,False
5896,10.0,29,241,20,False
5897,10.0,29,271,20,True
5898,10.0,29,301,20,False
5899,10.0,29,331,20,True
