t_orbits mdot_big mdot_small   (tasas NEGATIVAS por convención)
0.000000000000000000e+00 -0.000000000000000000e+00 -0.000000000000000000e+00
5.005005005005004962e-03 -0.000000000000000000e+00 -0.000000000000000000e+00
1.001001001001000992e-02 -0.000000000000000000e+00 -0.000000000000000000e+00
1.501501501501501488e-02 -0.000000000000000000e+00 -0.000000000000000000e+00
2.002002002002001985e-02 -0.000000000000000000e+00 -0.000000000000000000e+00
2.502502502502502307e-02 -0.000000000000000000e+00 -0.000000000000000000e+00
3.003003003003002977e-02 -0.000000000000000000e+00 -0.000000000000000000e+00
3.503503503503503647e-02 -0.000000000000000000e+00 -0.000000000000000000e+00
4.004004004004003969e-02 -0.000000000000000000e+00 -0.000000000000000000e+00
4.504504504504504292e-02 -0.000000000000000000e+00 -0.000000000000000000e+00
5.005005005005004615e-02 -0.000000000000000000e+00 -0.000000000000000000e+00
5.505505505505505631e-02 -0.000000000000000000e+00 -0.000000000000000000e+00
6.006006006006005954e-02 -0.000000000000000000e+00 -0.000000000000000000e+00
6.506506506506505583e-02 -0.000000000000000000e+00 -0.000000000000000000e+00
7.007007007007007293e-02 -0.000000000000000000e+00 -0.000000000000000000e+00
7.507507507507507616e-02 -0.000000000000000000e+00 -0.000000000000000000e+00
8.008008008008007939e-02 -0.000000000000000000e+00 -0.000000000000000000e+00
8.508508508508508261e-02 -0.000000000000000000e+00 -0.000000000000000000e+00
9.009009009009008584e-02 -0.000000000000000000e+00 -0.000000000000000000e+00
9.509509509509508907e-02 -0.000000000000000000e+00 -0.000000000000000000e+00
1.001001001001000923e-01 -0.000000000000000000e+00 -0.000000000000000000e+00
1.051051051051050955e-01 -0.000000000000000000e+00 -0.000000000000000000e+00
1.101101101101101126e-01 -0.000000000000000000e+00 -0.000000000000000000e+00
1.151151151151151020e-01 -0.000000000000000000e+00 -0.000000000000000000e+00
1.201201201201201191e-01 -0.000000000000000000e+00 -0.000000000000000000e+00
1.251251251251251084e-01 -0.000000000000000000e+00 -0.000000000000000000e+00
1.301301301301301117e-01 -0.000000000000000000e+00 -0.000000000000000000e+00
1.351351351351351149e-01 -0.000000000000000000e+00 -0.000000000000000000e+00
1.401401401401401459e-01 -0.000000000000000000e+00 -0.000000000000000000e+00
1.451451451451451491e-01 -0.000000000000000000e+00 -0.000000000000000000e+00
1.501501501501501523e-01 -0.000000000000000000e+00 -0.000000000000000000e+00
1.551551551551551555e-01 -0.000000000000000000e+00 -0.000000000000000000e+00
1.601601601601601588e-01 -0.000000000000000000e+00 -0.000000000000000000e+00
1.651651651651651620e-01 -0.000000000000000000e+00 -0.000000000000000000e+00
1.701701701701701652e-01 -0.000000000000000000e+00 -0.000000000000000000e+00
1.751751751751751685e-01 -0.000000000000000000e+00 -0.000000000000000000e+00
1.801801801801801717e-01 -0.000000000000000000e+00 -0.000000000000000000e+00
1.851851851851851749e-01 -0.000000000000000000e+00 -0.000000000000000000e+00
1.901901901901901781e-01 -0.000000000000000000e+00 -0.000000000000000000e+00
1.951951951951952091e-01 -0.000000000000000000e+00 -0.000000000000000000e+00
2.002002002002001846e-01 -0.000000000000000000e+00 -0.000000000000000000e+00
2.052052052052051878e-01 -0.000000000000000000e+00 -0.000000000000000000e+00
2.102102102102101910e-01 -0.000000000000000000e+00 -0.000000000000000000e+00
2.152152152152152220e-01 -0.000000000000000000e+00 -0.000000000000000000e+00
2.202202202202202252e-01 -0.000000000000000000e+00 -0.000000000000000000e+00
2.252252252252252007e-01 -0.000000000000000000e+00 -0.000000000000000000e+00
2.302302302302302039e-01 -0.000000000000000000e+00 -0.000000000000000000e+00
2.352352352352352072e-01 -0.000000000000000000e+00 -0.000000000000000000e+00
2.402402402402402382e-01 -0.000000000000000000e+00 -0.000000000000000000e+00
2.452452452452452414e-01 -0.000000000000000000e+00 -0.000000000000000000e+00
2.502502502502502169e-01 -0.000000000000000000e+00 -0.000000000000000000e+00
2.552552552552552201e-01 -0.000000000000000000e+00 -0.000000000000000000e+00
2.602602602602602233e-01 -0.000000000000000000e+00 -0.000000000000000000e+00
2.652652652652652820e-01 -0.000000000000000000e+00 -0.000000000000000000e+00
2.702702702702702298e-01 -0.000000000000000000e+00 -0.000000000000000000e+00
2.752752752752752330e-01 -0.000000000000000000e+00 -0.000000000000000000e+00
2.802802802802802917e-01 -0.000000000000000000e+00 -0.000000000000000000e+00
2.852852852852852950e-01 -0.000000000000000000e+00 -0.000000000000000000e+00
2.902902902902902982e-01 -0.000000000000000000e+00 -0.000000000000000000e+00
2.952952952952952459e-01 -0.000000000000000000e+00 -0.000000000000000000e+00
3.003003003003003046e-01 -0.000000000000000000e+00 -0.000000000000000000e+00
3.053053053053053079e-01 -0.000000000000000000e+00 -0.000000000000000000e+00
3.103103103103103111e-01 -0.000000000000000000e+00 -0.000000000000000000e+00
3.153153153153153143e-01 -0.000000000000000000e+00 -0.000000000000000000e+00
3.203203203203203175e-01 -0.000000000000000000e+00 -0.000000000000000000e+00
3.253253253253253208e-01 -0.000000000000000000e+00 -0.000000000000000000e+00
3.303303303303303240e-01 -0.000000000000000000e+00 -0.000000000000000000e+00
3.353353353353353272e-01 -0.000000000000000000e+00 -0.000000000000000000e+00
3.403403403403403304e-01 -0.000000000000000000e+00 -0.000000000000000000e+00
3.453453453453453337e-01 -0.000000000000000000e+00 -0.000000000000000000e+00
3.503503503503503369e-01 -0.000000000000000000e+00 -0.000000000000000000e+00
3.553553553553553401e-01 -0.000000000000000000e+00 -0.000000000000000000e+00
3.603603603603603434e-01 -0.000000000000000000e+00 -0.000000000000000000e+00
3.653653653653654021e-01 -0.000000000000000000e+00 -0.000000000000000000e+00
3.703703703703703498e-01 -0.000000000000000000e+00 -0.000000000000000000e+00
3.753753753753753530e-01 -0.000000000000000000e+00 -0.000000000000000000e+00
3.803803803803803563e-01 -0.000000000000000000e+00 -0.000000000000000000e+00
3.853853853853853595e-01 -0.000000000000000000e+00 -0.000000000000000000e+00
3.903903903903904182e-01 -0.000000000000000000e+00 -0.000000000000000000e+00
3.953953953953953659e-01 -0.000000000000000000e+00 -0.000000000000000000e+00
4.004004004004003692e-01 -0.000000000000000000e+00 -0.000000000000000000e+00
4.054054054054053724e-01 -0.000000000000000000e+00 -0.000000000000000000e+00
4.104104104104103756e-01 -0.000000000000000000e+00 -0.000000000000000000e+00
4.154154154154154344e-01 -0.000000000000000000e+00 -0.000000000000000000e+00
4.204204204204203821e-01 -0.000000000000000000e+00 -0.000000000000000000e+00
4.254254254254253853e-01 -0.000000000000000000e+00 -0.000000000000000000e+00
4.304304304304304440e-01 -0.000000000000000000e+00 -0.000000000000000000e+00
4.354354354354353918e-01 -0.000000000000000000e+00 -0.000000000000000000e+00
4.404404404404404505e-01 -0.000000000000000000e+00 -0.000000000000000000e+00
4.454454454454453982e-01 -0.000000000000000000e+00 -0.000000000000000000e+00
4.504504504504504014e-01 -0.000000000000000000e+00 -0.000000000000000000e+00
4.554554554554554047e-01 -0.000000000000000000e+00 -0.000000000000000000e+00
4.604604604604604079e-01 -0.000000000000000000e+00 -0.000000000000000000e+00
4.654654654654654666e-01 -0.000000000000000000e+00 -0.000000000000000000e+00
4.704704704704704143e-01 -0.000000000000000000e+00 -0.000000000000000000e+00
4.754754754754754176e-01 -0.000000000000000000e+00 -0.000000000000000000e+00
4.804804804804804763e-01 -0.000000000000000000e+00 -0.000000000000000000e+00
4.854854854854854240e-01 -0.000000000000000000e+00 -0.000000000000000000e+00
4.904904904904904828e-01 -0.000000000000000000e+00 -0.000000000000000000e+00
4.954954954954954860e-01 -0.000000000000000000e+00 -0.000000000000000000e+00
5.005005005005004337e-01 -0.000000000000000000e+00 -0.000000000000000000e+00
5.055055055055055480e-01 -0.000000000000000000e+00 -0.000000000000000000e+00
5.105105105105104402e-01 -0.000000000000000000e+00 -0.000000000000000000e+00
5.155155155155154434e-01 -0.000000000000000000e+00 -0.000000000000000000e+00
5.205205205205204466e-01 -0.000000000000000000e+00 -0.000000000000000000e+00
5.255255255255254498e-01 -0.000000000000000000e+00 -0.000000000000000000e+00
5.305305305305305641e-01 -0.000000000000000000e+00 -0.000000000000000000e+00
5.355355355355354563e-01 -0.000000000000000000e+00 -0.000000000000000000e+00
5.405405405405404595e-01 -0.000000000000000000e+00 -0.000000000000000000e+00
5.455455455455455738e-01 -0.000000000000000000e+00 -0.000000000000000000e+00
5.505505505505504660e-01 -0.000000000000000000e+00 -0.000000000000000000e+00
5.555555555555555802e-01 -0.000000000000000000e+00 -0.000000000000000000e+00
5.605605605605605835e-01 -0.000000000000000000e+00 -0.000000000000000000e+00
5.655655655655654757e-01 -0.000000000000000000e+00 -0.000000000000000000e+00
5.705705705705705899e-01 -0.000000000000000000e+00 -0.000000000000000000e+00
5.755755755755754821e-01 -0.000000000000000000e+00 -0.000000000000000000e+00
5.805805805805805964e-01 -0.000000000000000000e+00 -0.000000000000000000e+00
5.855855855855855996e-01 -0.000000000000000000e+00 -0.000000000000000000e+00
5.905905905905904918e-01 -0.000000000000000000e+00 -0.000000000000000000e+00
5.955955955955956060e-01 -0.000000000000000000e+00 -0.000000000000000000e+00
6.006006006006006093e-01 -0.000000000000000000e+00 -0.000000000000000000e+00
6.056056056056056125e-01 -0.000000000000000000e+00 -0.000000000000000000e+00
6.106106106106106157e-01 -0.000000000000000000e+00 -0.000000000000000000e+00
6.156156156156155079e-01 -0.000000000000000000e+00 -0.000000000000000000e+00
6.206206206206206222e-01 -0.000000000000000000e+00 -0.000000000000000000e+00
6.256256256256255144e-01 -0.000000000000000000e+00 -0.000000000000000000e+00
6.306306306306306286e-01 -0.000000000000000000e+00 -0.000000000000000000e+00
6.356356356356356319e-01 -0.000000000000000000e+00 -0.000000000000000000e+00
6.406406406406406351e-01 -0.000000000000000000e+00 -0.000000000000000000e+00
6.456456456456455273e-01 -0.000000000000000000e+00 -0.000000000000000000e+00
6.506506506506506415e-01 -0.000000000000000000e+00 -0.000000000000000000e+00
6.556556556556556448e-01 -0.000000000000000000e+00 -0.000000000000000000e+00
6.606606606606606480e-01 -0.000000000000000000e+00 -0.000000000000000000e+00
6.656656656656656512e-01 -0.000000000000000000e+00 -0.000000000000000000e+00
6.706706706706706544e-01 -0.000000000000000000e+00 -0.000000000000000000e+00
6.756756756756755466e-01 -0.000000000000000000e+00 -0.000000000000000000e+00
6.806806806806806609e-01 -0.000000000000000000e+00 -0.000000000000000000e+00
6.856856856856856641e-01 -0.000000000000000000e+00 -0.000000000000000000e+00
6.906906906906906674e-01 -0.000000000000000000e+00 -0.000000000000000000e+00
6.956956956956955596e-01 -0.000000000000000000e+00 -0.000000000000000000e+00
7.007007007007006738e-01 -0.000000000000000000e+00 -0.000000000000000000e+00
7.057057057057056770e-01 -0.000000000000000000e+00 -0.000000000000000000e+00
7.107107107107106803e-01 -0.000000000000000000e+00 -0.000000000000000000e+00
7.157157157157156835e-01 -0.000000000000000000e+00 -0.000000000000000000e+00
7.207207207207206867e-01 -0.000000000000000000e+00 -0.000000000000000000e+00
7.257257257257255789e-01 -0.000000000000000000e+00 -0.000000000000000000e+00
7.307307307307308042e-01 -0.000000000000000000e+00 -0.000000000000000000e+00
7.357357357357356964e-01 -0.000000000000000000e+00 -0.000000000000000000e+00
7.407407407407406996e-01 -0.000000000000000000e+00 -0.000000000000000000e+00
7.457457457457457028e-01 -0.000000000000000000e+00 -0.000000000000000000e+00
7.507507507507507061e-01 -0.000000000000000000e+00 -0.000000000000000000e+00
7.557557557557557093e-01 -0.000000000000000000e+00 -0.000000000000000000e+00
7.607607607607607125e-01 -0.000000000000000000e+00 -0.000000000000000000e+00
7.657657657657657158e-01 -0.000000000000000000e+00 -0.000000000000000000e+00
7.707707707707707190e-01 -0.000000000000000000e+00 -0.000000000000000000e+00
7.757757757757756112e-01 -0.000000000000000000e+00 -0.000000000000000000e+00
7.807807807807808365e-01 -0.000000000000000000e+00 -0.000000000000000000e+00
7.857857857857857287e-01 -0.000000000000000000e+00 -0.000000000000000000e+00
7.907907907907907319e-01 -0.000000000000000000e+00 -0.000000000000000000e+00
7.957957957957957351e-01 -0.000000000000000000e+00 -0.000000000000000000e+00
8.008008008008007383e-01 -0.000000000000000000e+00 -0.000000000000000000e+00
8.058058058058057416e-01 -0.000000000000000000e+00 -0.000000000000000000e+00
8.108108108108107448e-01 -0.000000000000000000e+00 -0.000000000000000000e+00
8.158158158158156370e-01 -0.000000000000000000e+00 -0.000000000000000000e+00
8.208208208208207513e-01 -0.000000000000000000e+00 -0.000000000000000000e+00
8.258258258258257545e-01 -0.000000000000000000e+00 -0.000000000000000000e+00
8.308308308308308687e-01 -0.000000000000000000e+00 -0.000000000000000000e+00
8.358358358358357609e-01 -0.000000000000000000e+00 -0.000000000000000000e+00
8.408408408408407642e-01 -0.000000000000000000e+00 -0.000000000000000000e+00
8.458458458458456564e-01 -0.000000000000000000e+00 -0.000000000000000000e+00
8.508508508508507706e-01 -0.000000000000000000e+00 -0.000000000000000000e+00
8.558558558558558849e-01 -0.000000000000000000e+00 -0.000000000000000000e+00
8.608608608608608881e-01 -0.000000000000000000e+00 -0.000000000000000000e+00
8.658658658658657803e-01 -0.000000000000000000e+00 -0.000000000000000000e+00
8.708708708708707835e-01 -0.000000000000000000e+00 -0.000000000000000000e+00
8.758758758758756757e-01 -0.000000000000000000e+00 -0.000000000000000000e+00
8.808808808808809010e-01 -0.000000000000000000e+00 -0.000000000000000000e+00
8.858858858858859042e-01 -0.000000000000000000e+00 -0.000000000000000000e+00
8.908908908908907964e-01 -0.000000000000000000e+00 -0.000000000000000000e+00
8.958958958958957997e-01 -0.000000000000000000e+00 -0.000000000000000000e+00
9.009009009009008029e-01 -0.000000000000000000e+00 -0.000000000000000000e+00
9.059059059059058061e-01 -0.000000000000000000e+00 -0.000000000000000000e+00
9.109109109109108093e-01 -0.000000000000000000e+00 -0.000000000000000000e+00
9.159159159159159236e-01 -0.000000000000000000e+00 -0.000000000000000000e+00
9.209209209209208158e-01 -0.000000000000000000e+00 -0.000000000000000000e+00
9.259259259259258190e-01 -0.000000000000000000e+00 -0.000000000000000000e+00
9.309309309309309333e-01 -0.000000000000000000e+00 -0.000000000000000000e+00
9.359359359359358255e-01 -0.000000000000000000e+00 -0.000000000000000000e+00
9.409409409409408287e-01 -0.000000000000000000e+00 -0.000000000000000000e+00
9.459459459459460540e-01 -0.000000000000000000e+00 -0.000000000000000000e+00
9.509509509509508351e-01 -0.000000000000000000e+00 -0.000000000000000000e+00
9.559559559559559494e-01 -0.000000000000000000e+00 -0.000000000000000000e+00
9.609609609609609526e-01 -0.000000000000000000e+00 -0.000000000000000000e+00
9.659659659659658448e-01 -0.000000000000000000e+00 -0.000000000000000000e+00
9.709709709709708481e-01 -0.000000000000000000e+00 -0.000000000000000000e+00
9.759759759759757403e-01 -0.000000000000000000e+00 -0.000000000000000000e+00
9.809809809809809655e-01 -0.000000000000000000e+00 -0.000000000000000000e+00
9.859859859859859688e-01 -0.000000000000000000e+00 -0.000000000000000000e+00
9.909909909909909720e-01 -0.000000000000000000e+00 -0.000000000000000000e+00
9.959959959959958642e-01 -0.000000000000000000e+00 -0.000000000000000000e+00
1.001001001001000867e+00 -0.000000000000000000e+00 -0.000000000000000000e+00
1.006006006006005871e+00 -0.000000000000000000e+00 -0.000000000000000000e+00
1.011011011011011096e+00 -0.000000000000000000e+00 -0.000000000000000000e+00
1.016016016016016099e+00 -0.000000000000000000e+00 -0.000000000000000000e+00
1.021021021021020880e+00 -0.000000000000000000e+00 -0.000000000000000000e+00
1.026026026026025884e+00 -0.000000000000000000e+00 -0.000000000000000000e+00
1.031031031031030887e+00 -0.000000000000000000e+00 -0.000000000000000000e+00
1.036036036036035890e+00 -0.000000000000000000e+00 -0.000000000000000000e+00
1.041041041041040893e+00 -0.000000000000000000e+00 -0.000000000000000000e+00
1.046046046046046119e+00 -0.000000000000000000e+00 -0.000000000000000000e+00
1.051051051051050900e+00 -0.000000000000000000e+00 -0.000000000000000000e+00
1.056056056056055903e+00 -0.000000000000000000e+00 -0.000000000000000000e+00
1.061061061061061128e+00 -0.000000000000000000e+00 -0.000000000000000000e+00
1.066066066066065909e+00 -0.000000000000000000e+00 -0.000000000000000000e+00
1.071071071071070913e+00 -0.000000000000000000e+00 -0.000000000000000000e+00
1.076076076076076138e+00 -0.000000000000000000e+00 -0.000000000000000000e+00
1.081081081081080919e+00 -0.000000000000000000e+00 -0.000000000000000000e+00
1.086086086086086144e+00 -0.000000000000000000e+00 -0.000000000000000000e+00
1.091091091091091148e+00 -0.000000000000000000e+00 -0.000000000000000000e+00
1.096096096096095929e+00 -0.000000000000000000e+00 -0.000000000000000000e+00
1.101101101101100932e+00 -0.000000000000000000e+00 -0.000000000000000000e+00
1.106106106106106157e+00 -0.000000000000000000e+00 -0.000000000000000000e+00
1.111111111111111160e+00 -0.000000000000000000e+00 -0.000000000000000000e+00
1.116116116116116164e+00 -0.000000000000000000e+00 -0.000000000000000000e+00
1.121121121121121167e+00 -0.000000000000000000e+00 -0.000000000000000000e+00
1.126126126126125948e+00 -0.000000000000000000e+00 -0.000000000000000000e+00
1.131131131131130951e+00 -0.000000000000000000e+00 -0.000000000000000000e+00
1.136136136136135955e+00 -0.000000000000000000e+00 -0.000000000000000000e+00
1.141141141141141180e+00 -0.000000000000000000e+00 -0.000000000000000000e+00
1.146146146146146183e+00 -0.000000000000000000e+00 -0.000000000000000000e+00
1.151151151151150964e+00 -0.000000000000000000e+00 -0.000000000000000000e+00
1.156156156156155967e+00 -0.000000000000000000e+00 -0.000000000000000000e+00
1.161161161161161193e+00 -0.000000000000000000e+00 -0.000000000000000000e+00
1.166166166166165974e+00 -0.000000000000000000e+00 -0.000000000000000000e+00
1.171171171171171199e+00 -0.000000000000000000e+00 -0.000000000000000000e+00
1.176176176176176202e+00 -0.000000000000000000e+00 -0.000000000000000000e+00
1.181181181181180984e+00 -0.000000000000000000e+00 -0.000000000000000000e+00
1.186186186186186209e+00 -0.000000000000000000e+00 -0.000000000000000000e+00
1.191191191191191212e+00 -0.000000000000000000e+00 -0.000000000000000000e+00
1.196196196196195993e+00 -0.000000000000000000e+00 -0.000000000000000000e+00
1.201201201201201219e+00 -0.000000000000000000e+00 -0.000000000000000000e+00
1.206206206206206222e+00 -0.000000000000000000e+00 -0.000000000000000000e+00
1.211211211211211225e+00 -0.000000000000000000e+00 -0.000000000000000000e+00
1.216216216216216228e+00 -0.000000000000000000e+00 -0.000000000000000000e+00
1.221221221221221231e+00 -0.000000000000000000e+00 -0.000000000000000000e+00
1.226226226226226013e+00 -0.000000000000000000e+00 -0.000000000000000000e+00
1.231231231231231016e+00 -0.000000000000000000e+00 -0.000000000000000000e+00
1.236236236236236241e+00 -0.000000000000000000e+00 -0.000000000000000000e+00
1.241241241241241244e+00 -0.000000000000000000e+00 -0.000000000000000000e+00
1.246246246246246248e+00 -0.000000000000000000e+00 -0.000000000000000000e+00
1.251251251251251029e+00 -0.000000000000000000e+00 -0.000000000000000000e+00
1.256256256256256254e+00 -0.000000000000000000e+00 -0.000000000000000000e+00
1.261261261261261257e+00 -0.000000000000000000e+00 -0.000000000000000000e+00
1.266266266266266260e+00 -0.000000000000000000e+00 -0.000000000000000000e+00
1.271271271271271264e+00 -0.000000000000000000e+00 -0.000000000000000000e+00
1.276276276276276045e+00 -0.000000000000000000e+00 -0.000000000000000000e+00
1.281281281281281270e+00 -0.000000000000000000e+00 -0.000000000000000000e+00
1.286286286286286273e+00 -0.000000000000000000e+00 -0.000000000000000000e+00
1.291291291291291055e+00 -0.000000000000000000e+00 -0.000000000000000000e+00
1.296296296296296280e+00 -0.000000000000000000e+00 -0.000000000000000000e+00
1.301301301301301283e+00 -0.000000000000000000e+00 -0.000000000000000000e+00
1.306306306306306286e+00 -0.000000000000000000e+00 -0.000000000000000000e+00
1.311311311311311290e+00 -0.000000000000000000e+00 -0.000000000000000000e+00
1.316316316316316293e+00 -0.000000000000000000e+00 -0.000000000000000000e+00
1.321321321321321296e+00 -0.000000000000000000e+00 -0.000000000000000000e+00
1.326326326326326077e+00 -0.000000000000000000e+00 -0.000000000000000000e+00
1.331331331331331302e+00 -0.000000000000000000e+00 -0.000000000000000000e+00
1.336336336336336306e+00 -0.000000000000000000e+00 -0.000000000000000000e+00
1.341341341341341309e+00 -0.000000000000000000e+00 -0.000000000000000000e+00
1.346346346346346312e+00 -0.000000000000000000e+00 -0.000000000000000000e+00
1.351351351351351093e+00 -0.000000000000000000e+00 -0.000000000000000000e+00
1.356356356356356319e+00 -0.000000000000000000e+00 -0.000000000000000000e+00
1.361361361361361322e+00 -0.000000000000000000e+00 -0.000000000000000000e+00
1.366366366366366325e+00 -0.000000000000000000e+00 -0.000000000000000000e+00
1.371371371371371328e+00 -0.000000000000000000e+00 -0.000000000000000000e+00
1.376376376376376109e+00 -0.000000000000000000e+00 -0.000000000000000000e+00
1.381381381381381335e+00 -0.000000000000000000e+00 -0.000000000000000000e+00
1.386386386386386338e+00 -0.000000000000000000e+00 -0.000000000000000000e+00
1.391391391391391119e+00 -0.000000000000000000e+00 -0.000000000000000000e+00
1.396396396396396344e+00 -0.000000000000000000e+00 -0.000000000000000000e+00
1.401401401401401348e+00 -0.000000000000000000e+00 -0.000000000000000000e+00
1.406406406406406351e+00 -0.000000000000000000e+00 -0.000000000000000000e+00
1.411411411411411354e+00 -0.000000000000000000e+00 -0.000000000000000000e+00
1.416416416416416357e+00 -0.000000000000000000e+00 -0.000000000000000000e+00
1.421421421421421361e+00 -0.000000000000000000e+00 -0.000000000000000000e+00
1.426426426426426364e+00 -0.000000000000000000e+00 -0.000000000000000000e+00
1.431431431431431367e+00 -0.000000000000000000e+00 -0.000000000000000000e+00
1.436436436436436370e+00 -0.000000000000000000e+00 -0.000000000000000000e+00
1.441441441441441373e+00 -0.000000000000000000e+00 -0.000000000000000000e+00
1.446446446446446377e+00 -0.000000000000000000e+00 -0.000000000000000000e+00
1.451451451451451158e+00 -0.000000000000000000e+00 -0.000000000000000000e+00
1.456456456456456383e+00 -0.000000000000000000e+00 -0.000000000000000000e+00
1.461461461461461608e+00 -0.000000000000000000e+00 -0.000000000000000000e+00
1.466466466466466390e+00 -0.000000000000000000e+00 -0.000000000000000000e+00
1.471471471471471393e+00 -0.000000000000000000e+00 -0.000000000000000000e+00
1.476476476476476174e+00 -0.000000000000000000e+00 -0.000000000000000000e+00
1.481481481481481399e+00 -0.000000000000000000e+00 -0.000000000000000000e+00
1.486486486486486402e+00 -0.000000000000000000e+00 -0.000000000000000000e+00
1.491491491491491406e+00 -0.000000000000000000e+00 -0.000000000000000000e+00
1.496496496496496409e+00 -0.000000000000000000e+00 -0.000000000000000000e+00
1.501501501501501412e+00 -0.000000000000000000e+00 -0.000000000000000000e+00
1.506506506506506415e+00 -0.000000000000000000e+00 -0.000000000000000000e+00
1.511511511511511419e+00 -0.000000000000000000e+00 -0.000000000000000000e+00
1.516516516516516422e+00 -0.000000000000000000e+00 -0.000000000000000000e+00
1.521521521521521425e+00 -0.000000000000000000e+00 -0.000000000000000000e+00
1.526526526526526428e+00 -0.000000000000000000e+00 -0.000000000000000000e+00
1.531531531531531432e+00 -0.000000000000000000e+00 -0.000000000000000000e+00
1.536536536536536435e+00 -0.000000000000000000e+00 -0.000000000000000000e+00
1.541541541541541438e+00 -0.000000000000000000e+00 -0.000000000000000000e+00
1.546546546546546441e+00 -0.000000000000000000e+00 -0.000000000000000000e+00
1.551551551551551222e+00 -0.000000000000000000e+00 -0.000000000000000000e+00
1.556556556556556448e+00 -0.000000000000000000e+00 -0.000000000000000000e+00
1.561561561561561673e+00 -0.000000000000000000e+00 -0.000000000000000000e+00
1.566566566566566454e+00 -0.000000000000000000e+00 -0.000000000000000000e+00
1.571571571571571457e+00 -0.000000000000000000e+00 -0.000000000000000000e+00
1.576576576576576239e+00 -0.000000000000000000e+00 -0.000000000000000000e+00
1.581581581581581464e+00 -0.000000000000000000e+00 -0.000000000000000000e+00
1.586586586586586689e+00 -0.000000000000000000e+00 -0.000000000000000000e+00
1.591591591591591470e+00 -0.000000000000000000e+00 -0.000000000000000000e+00
1.596596596596596473e+00 -0.000000000000000000e+00 -0.000000000000000000e+00
1.601601601601601477e+00 -0.000000000000000000e+00 -0.000000000000000000e+00
1.606606606606606480e+00 -0.000000000000000000e+00 -0.000000000000000000e+00
1.611611611611611483e+00 -0.000000000000000000e+00 -0.000000000000000000e+00
1.616616616616616486e+00 -0.000000000000000000e+00 -0.000000000000000000e+00
1.621621621621621490e+00 -0.000000000000000000e+00 -0.000000000000000000e+00
1.626626626626626271e+00 -0.000000000000000000e+00 -0.000000000000000000e+00
1.631631631631631274e+00 -0.000000000000000000e+00 -0.000000000000000000e+00
1.636636636636636721e+00 -0.000000000000000000e+00 -0.000000000000000000e+00
1.641641641641641503e+00 -0.000000000000000000e+00 -0.000000000000000000e+00
1.646646646646646728e+00 -0.000000000000000000e+00 -0.000000000000000000e+00
1.651651651651651509e+00 -0.000000000000000000e+00 -0.000000000000000000e+00
1.656656656656656512e+00 -0.000000000000000000e+00 -0.000000000000000000e+00
1.661661661661661737e+00 -0.000000000000000000e+00 -0.000000000000000000e+00
1.666666666666666519e+00 -0.000000000000000000e+00 -0.000000000000000000e+00
1.671671671671671522e+00 -0.000000000000000000e+00 -0.000000000000000000e+00
1.676676676676676525e+00 -0.000000000000000000e+00 -0.000000000000000000e+00
1.681681681681681528e+00 -0.000000000000000000e+00 -0.000000000000000000e+00
1.686686686686686532e+00 -0.000000000000000000e+00 -0.000000000000000000e+00
1.691691691691691313e+00 -0.000000000000000000e+00 -0.000000000000000000e+00
1.696696696696696538e+00 -0.000000000000000000e+00 -0.000000000000000000e+00
1.701701701701701541e+00 -0.000000000000000000e+00 -0.000000000000000000e+00
1.706706706706706766e+00 -0.000000000000000000e+00 -0.000000000000000000e+00
1.711711711711711770e+00 -0.000000000000000000e+00 -0.000000000000000000e+00
1.716716716716716551e+00 -0.000000000000000000e+00 -0.000000000000000000e+00
1.721721721721721776e+00 -0.000000000000000000e+00 -0.000000000000000000e+00
1.726726726726726557e+00 -0.000000000000000000e+00 -0.000000000000000000e+00
1.731731731731731561e+00 -0.000000000000000000e+00 -0.000000000000000000e+00
1.736736736736736564e+00 -0.000000000000000000e+00 -0.000000000000000000e+00
1.741741741741741567e+00 -0.000000000000000000e+00 -0.000000000000000000e+00
1.746746746746746570e+00 -0.000000000000000000e+00 -0.000000000000000000e+00
1.751751751751751351e+00 -0.000000000000000000e+00 -0.000000000000000000e+00
1.756756756756756577e+00 -0.000000000000000000e+00 -0.000000000000000000e+00
1.761761761761761802e+00 -0.000000000000000000e+00 -0.000000000000000000e+00
1.766766766766767027e+00 -0.000000000000000000e+00 -0.000000000000000000e+00
1.771771771771771808e+00 -0.000000000000000000e+00 -0.000000000000000000e+00
1.776776776776776590e+00 -0.000000000000000000e+00 -0.000000000000000000e+00
1.781781781781781593e+00 -0.000000000000000000e+00 -0.000000000000000000e+00
1.786786786786786818e+00 -0.000000000000000000e+00 -0.000000000000000000e+00
1.791791791791791599e+00 -0.000000000000000000e+00 -0.000000000000000000e+00
1.796796796796796603e+00 -0.000000000000000000e+00 -0.000000000000000000e+00
1.801801801801801606e+00 -0.000000000000000000e+00 -0.000000000000000000e+00
1.806806806806806609e+00 -0.000000000000000000e+00 -0.000000000000000000e+00
1.811811811811811612e+00 -0.000000000000000000e+00 -0.000000000000000000e+00
1.816816816816816615e+00 -0.000000000000000000e+00 -0.000000000000000000e+00
1.821821821821821619e+00 -0.000000000000000000e+00 -0.000000000000000000e+00
1.826826826826827066e+00 -0.000000000000000000e+00 -0.000000000000000000e+00
1.831831831831831847e+00 -0.000000000000000000e+00 -0.000000000000000000e+00
1.836836836836836850e+00 -0.000000000000000000e+00 -0.000000000000000000e+00
1.841841841841841632e+00 -0.000000000000000000e+00 -0.000000000000000000e+00
1.846846846846846857e+00 -0.000000000000000000e+00 -0.000000000000000000e+00
1.851851851851851638e+00 -0.000000000000000000e+00 -0.000000000000000000e+00
1.856856856856856641e+00 -0.000000000000000000e+00 -0.000000000000000000e+00
1.861861861861861867e+00 -0.000000000000000000e+00 -0.000000000000000000e+00
1.866866866866866648e+00 -0.000000000000000000e+00 -0.000000000000000000e+00
1.871871871871871651e+00 -0.000000000000000000e+00 -0.000000000000000000e+00
1.876876876876876654e+00 -0.000000000000000000e+00 -0.000000000000000000e+00
1.881881881881881657e+00 -0.000000000000000000e+00 -0.000000000000000000e+00
1.886886886886886661e+00 -0.000000000000000000e+00 -0.000000000000000000e+00
1.891891891891892108e+00 -0.000000000000000000e+00 -0.000000000000000000e+00
1.896896896896896889e+00 -0.000000000000000000e+00 -0.000000000000000000e+00
1.901901901901901670e+00 -0.000000000000000000e+00 -0.000000000000000000e+00
1.906906906906906896e+00 -0.000000000000000000e+00 -0.000000000000000000e+00
1.911911911911911899e+00 -0.000000000000000000e+00 -0.000000000000000000e+00
1.916916916916916680e+00 -0.000000000000000000e+00 -0.000000000000000000e+00
1.921921921921921905e+00 -0.000000000000000000e+00 -0.000000000000000000e+00
1.926926926926926686e+00 -0.000000000000000000e+00 -0.000000000000000000e+00
1.931931931931931690e+00 -0.000000000000000000e+00 -0.000000000000000000e+00
1.936936936936936915e+00 -0.000000000000000000e+00 -0.000000000000000000e+00
1.941941941941941696e+00 -0.000000000000000000e+00 -0.000000000000000000e+00
1.946946946946946699e+00 -0.000000000000000000e+00 -0.000000000000000000e+00
1.951951951951951481e+00 -0.000000000000000000e+00 -0.000000000000000000e+00
1.956956956956956928e+00 -0.000000000000000000e+00 -0.000000000000000000e+00
1.961961961961961931e+00 -0.000000000000000000e+00 -0.000000000000000000e+00
1.966966966966967156e+00 -0.000000000000000000e+00 -0.000000000000000000e+00
1.971971971971971938e+00 -0.000000000000000000e+00 -0.000000000000000000e+00
1.976976976976976719e+00 -0.000000000000000000e+00 -0.000000000000000000e+00
1.981981981981981944e+00 -0.000000000000000000e+00 -0.000000000000000000e+00
1.986986986986986947e+00 -0.000000000000000000e+00 -0.000000000000000000e+00
1.991991991991991728e+00 -0.000000000000000000e+00 -0.000000000000000000e+00
1.996996996996996732e+00 -0.000000000000000000e+00 -0.000000000000000000e+00
2.002002002002001735e+00 -0.000000000000000000e+00 -0.000000000000000000e+00
2.007007007007006738e+00 -0.000000000000000000e+00 -0.000000000000000000e+00
2.012012012012011741e+00 -0.000000000000000000e+00 -0.000000000000000000e+00
2.017017017017016745e+00 -0.000000000000000000e+00 -0.000000000000000000e+00
2.022022022022022192e+00 -0.000000000000000000e+00 -0.000000000000000000e+00
2.027027027027027195e+00 -0.000000000000000000e+00 -0.000000000000000000e+00
2.032032032032032198e+00 -0.000000000000000000e+00 -0.000000000000000000e+00
2.037037037037036757e+00 -0.000000000000000000e+00 -0.000000000000000000e+00
2.042042042042041761e+00 -0.000000000000000000e+00 -0.000000000000000000e+00
2.047047047047047208e+00 -0.000000000000000000e+00 -0.000000000000000000e+00
2.052052052052051767e+00 -0.000000000000000000e+00 -0.000000000000000000e+00
2.057057057057056770e+00 -0.000000000000000000e+00 -0.000000000000000000e+00
2.062062062062061774e+00 -0.000000000000000000e+00 -0.000000000000000000e+00
2.067067067067066777e+00 -0.000000000000000000e+00 -0.000000000000000000e+00
2.072072072072071780e+00 -0.000000000000000000e+00 -0.000000000000000000e+00
2.077077077077076783e+00 -0.000000000000000000e+00 -0.000000000000000000e+00
2.082082082082081786e+00 -0.000000000000000000e+00 -0.000000000000000000e+00
2.087087087087087234e+00 -0.000000000000000000e+00 -0.000000000000000000e+00
2.092092092092092237e+00 -0.000000000000000000e+00 -0.000000000000000000e+00
2.097097097097097240e+00 -0.000000000000000000e+00 -0.000000000000000000e+00
2.102102102102101799e+00 -0.000000000000000000e+00 -0.000000000000000000e+00
2.107107107107107247e+00 -0.000000000000000000e+00 -0.000000000000000000e+00
2.112112112112111806e+00 -0.000000000000000000e+00 -0.000000000000000000e+00
2.117117117117116809e+00 -0.000000000000000000e+00 -0.000000000000000000e+00
2.122122122122122256e+00 -0.000000000000000000e+00 -0.000000000000000000e+00
2.127127127127126816e+00 -0.000000000000000000e+00 -0.000000000000000000e+00
2.132132132132131819e+00 -0.000000000000000000e+00 -0.000000000000000000e+00
2.137137137137136822e+00 -0.000000000000000000e+00 -0.000000000000000000e+00
2.142142142142141825e+00 -0.000000000000000000e+00 -0.000000000000000000e+00
2.147147147147147273e+00 -0.000000000000000000e+00 -0.000000000000000000e+00
2.152152152152152276e+00 -0.000000000000000000e+00 -0.000000000000000000e+00
2.157157157157157279e+00 -0.000000000000000000e+00 -0.000000000000000000e+00
2.162162162162161838e+00 -0.000000000000000000e+00 -0.000000000000000000e+00
2.167167167167167285e+00 -0.000000000000000000e+00 -0.000000000000000000e+00
2.172172172172172289e+00 -0.000000000000000000e+00 -0.000000000000000000e+00
2.177177177177176848e+00 -0.000000000000000000e+00 -0.000000000000000000e+00
2.182182182182182295e+00 -0.000000000000000000e+00 -0.000000000000000000e+00
2.187187187187186854e+00 -0.000000000000000000e+00 -0.000000000000000000e+00
2.192192192192191857e+00 -0.000000000000000000e+00 -0.000000000000000000e+00
2.197197197197197305e+00 -0.000000000000000000e+00 -0.000000000000000000e+00
2.202202202202201864e+00 -0.000000000000000000e+00 -0.000000000000000000e+00
2.207207207207206867e+00 -0.000000000000000000e+00 -0.000000000000000000e+00
2.212212212212212314e+00 -0.000000000000000000e+00 -0.000000000000000000e+00
2.217217217217217318e+00 -0.000000000000000000e+00 -0.000000000000000000e+00
2.222222222222222321e+00 -0.000000000000000000e+00 -0.000000000000000000e+00
2.227227227227227324e+00 -0.000000000000000000e+00 -0.000000000000000000e+00
2.232232232232232327e+00 -0.000000000000000000e+00 -0.000000000000000000e+00
2.237237237237236887e+00 -0.000000000000000000e+00 -0.000000000000000000e+00
2.242242242242242334e+00 -0.000000000000000000e+00 -0.000000000000000000e+00
2.247247247247247337e+00 -0.000000000000000000e+00 -0.000000000000000000e+00
2.252252252252251896e+00 -0.000000000000000000e+00 -0.000000000000000000e+00
2.257257257257256899e+00 -0.000000000000000000e+00 -0.000000000000000000e+00
2.262262262262261903e+00 -0.000000000000000000e+00 -0.000000000000000000e+00
2.267267267267266906e+00 -0.000000000000000000e+00 -0.000000000000000000e+00
2.272272272272271909e+00 -0.000000000000000000e+00 -0.000000000000000000e+00
2.277277277277277356e+00 -0.000000000000000000e+00 -0.000000000000000000e+00
2.282282282282282360e+00 -0.000000000000000000e+00 -0.000000000000000000e+00
2.287287287287287363e+00 -0.000000000000000000e+00 -0.000000000000000000e+00
2.292292292292292366e+00 -0.000000000000000000e+00 -0.000000000000000000e+00
2.297297297297297369e+00 -0.000000000000000000e+00 -0.000000000000000000e+00
2.302302302302301928e+00 -0.000000000000000000e+00 -0.000000000000000000e+00
2.307307307307307376e+00 -0.000000000000000000e+00 -0.000000000000000000e+00
2.312312312312311935e+00 -0.000000000000000000e+00 -0.000000000000000000e+00
2.317317317317316938e+00 -0.000000000000000000e+00 -0.000000000000000000e+00
2.322322322322322385e+00 -0.000000000000000000e+00 -0.000000000000000000e+00
2.327327327327326945e+00 -0.000000000000000000e+00 -0.000000000000000000e+00
2.332332332332331948e+00 -0.000000000000000000e+00 -0.000000000000000000e+00
2.337337337337336951e+00 -0.000000000000000000e+00 -0.000000000000000000e+00
2.342342342342342398e+00 -0.000000000000000000e+00 -0.000000000000000000e+00
2.347347347347347402e+00 -0.000000000000000000e+00 -0.000000000000000000e+00
2.352352352352352405e+00 -0.000000000000000000e+00 -0.000000000000000000e+00
2.357357357357357408e+00 -0.000000000000000000e+00 -0.000000000000000000e+00
2.362362362362361967e+00 -0.000000000000000000e+00 -0.000000000000000000e+00
2.367367367367367414e+00 -0.000000000000000000e+00 -0.000000000000000000e+00
2.372372372372372418e+00 -0.000000000000000000e+00 -0.000000000000000000e+00
2.377377377377376977e+00 -0.000000000000000000e+00 -0.000000000000000000e+00
2.382382382382382424e+00 -0.000000000000000000e+00 -0.000000000000000000e+00
2.387387387387386983e+00 -0.000000000000000000e+00 -0.000000000000000000e+00
2.392392392392391987e+00 -0.000000000000000000e+00 -0.000000000000000000e+00
2.397397397397397434e+00 -0.000000000000000000e+00 -0.000000000000000000e+00
2.402402402402402437e+00 -0.000000000000000000e+00 -0.000000000000000000e+00
2.407407407407407440e+00 -0.000000000000000000e+00 -0.000000000000000000e+00
2.412412412412412444e+00 -0.000000000000000000e+00 -0.000000000000000000e+00
2.417417417417417447e+00 -0.000000000000000000e+00 -0.000000000000000000e+00
2.422422422422422450e+00 -0.000000000000000000e+00 -0.000000000000000000e+00
2.427427427427427453e+00 -0.000000000000000000e+00 -0.000000000000000000e+00
2.432432432432432456e+00 -0.000000000000000000e+00 -0.000000000000000000e+00
2.437437437437437016e+00 -0.000000000000000000e+00 -0.000000000000000000e+00
2.442442442442442463e+00 -0.000000000000000000e+00 -0.000000000000000000e+00
2.447447447447447466e+00 -0.000000000000000000e+00 -0.000000000000000000e+00
2.452452452452452025e+00 -0.000000000000000000e+00 -0.000000000000000000e+00
2.457457457457457028e+00 -0.000000000000000000e+00 -0.000000000000000000e+00
2.462462462462462032e+00 -0.000000000000000000e+00 -0.000000000000000000e+00
2.467467467467467479e+00 -0.000000000000000000e+00 -0.000000000000000000e+00
2.472472472472472482e+00 -0.000000000000000000e+00 -0.000000000000000000e+00
2.477477477477477485e+00 -0.000000000000000000e+00 -0.000000000000000000e+00
2.482482482482482489e+00 -0.000000000000000000e+00 -0.000000000000000000e+00
2.487487487487487492e+00 -0.000000000000000000e+00 -0.000000000000000000e+00
2.492492492492492495e+00 -0.000000000000000000e+00 -0.000000000000000000e+00
2.497497497497497498e+00 -0.000000000000000000e+00 -0.000000000000000000e+00
2.502502502502502058e+00 -0.000000000000000000e+00 -0.000000000000000000e+00
2.507507507507507061e+00 -0.000000000000000000e+00 -0.000000000000000000e+00
2.512512512512512508e+00 -0.000000000000000000e+00 -0.000000000000000000e+00
2.517517517517517511e+00 -0.000000000000000000e+00 -0.000000000000000000e+00
2.522522522522522515e+00 -0.000000000000000000e+00 -0.000000000000000000e+00
2.527527527527527074e+00 -0.000000000000000000e+00 -0.000000000000000000e+00
2.532532532532532521e+00 -0.000000000000000000e+00 -0.000000000000000000e+00
2.537537537537537524e+00 -0.000000000000000000e+00 -0.000000000000000000e+00
2.542542542542542527e+00 -0.000000000000000000e+00 -0.000000000000000000e+00
2.547547547547547531e+00 -0.000000000000000000e+00 -0.000000000000000000e+00
2.552552552552552090e+00 -0.000000000000000000e+00 -0.000000000000000000e+00
2.557557557557557537e+00 -0.000000000000000000e+00 -0.000000000000000000e+00
2.562562562562562540e+00 -0.000000000000000000e+00 -0.000000000000000000e+00
2.567567567567567544e+00 -0.000000000000000000e+00 -0.000000000000000000e+00
2.572572572572572547e+00 -0.000000000000000000e+00 -0.000000000000000000e+00
2.577577577577577106e+00 -0.000000000000000000e+00 -0.000000000000000000e+00
2.582582582582582109e+00 -0.000000000000000000e+00 -0.000000000000000000e+00
2.587587587587587112e+00 -0.000000000000000000e+00 -0.000000000000000000e+00
2.592592592592592560e+00 -0.000000000000000000e+00 -0.000000000000000000e+00
2.597597597597597563e+00 -0.000000000000000000e+00 -0.000000000000000000e+00
2.602602602602602566e+00 -0.000000000000000000e+00 -0.000000000000000000e+00
2.607607607607607569e+00 -0.000000000000000000e+00 -0.000000000000000000e+00
2.612612612612612573e+00 -0.000000000000000000e+00 -0.000000000000000000e+00
2.617617617617617576e+00 -0.000000000000000000e+00 -0.000000000000000000e+00
2.622622622622622579e+00 -0.000000000000000000e+00 -0.000000000000000000e+00
2.627627627627627138e+00 -0.000000000000000000e+00 -0.000000000000000000e+00
2.632632632632632586e+00 -0.000000000000000000e+00 -0.000000000000000000e+00
2.637637637637637589e+00 -0.000000000000000000e+00 -0.000000000000000000e+00
2.642642642642642592e+00 -0.000000000000000000e+00 -0.000000000000000000e+00
2.647647647647647595e+00 -0.000000000000000000e+00 -0.000000000000000000e+00
2.652652652652652154e+00 -0.000000000000000000e+00 -0.000000000000000000e+00
2.657657657657657158e+00 -0.000000000000000000e+00 -0.000000000000000000e+00
2.662662662662662605e+00 -0.000000000000000000e+00 -0.000000000000000000e+00
2.667667667667667608e+00 -0.000000000000000000e+00 -0.000000000000000000e+00
2.672672672672672611e+00 -0.000000000000000000e+00 -0.000000000000000000e+00
2.677677677677677615e+00 -0.000000000000000000e+00 -0.000000000000000000e+00
2.682682682682682618e+00 -0.000000000000000000e+00 -0.000000000000000000e+00
2.687687687687687621e+00 -0.000000000000000000e+00 -0.000000000000000000e+00
2.692692692692692624e+00 -0.000000000000000000e+00 -0.000000000000000000e+00
2.697697697697697627e+00 -0.000000000000000000e+00 -0.000000000000000000e+00
2.702702702702702187e+00 -0.000000000000000000e+00 -0.000000000000000000e+00
2.707707707707707190e+00 -0.000000000000000000e+00 -0.000000000000000000e+00
2.712712712712712637e+00 -0.000000000000000000e+00 -0.000000000000000000e+00
2.717717717717717640e+00 -0.000000000000000000e+00 -0.000000000000000000e+00
2.722722722722722644e+00 -0.000000000000000000e+00 -0.000000000000000000e+00
2.727727727727727647e+00 -0.000000000000000000e+00 -0.000000000000000000e+00
2.732732732732732650e+00 -0.000000000000000000e+00 -0.000000000000000000e+00
2.737737737737737653e+00 -0.000000000000000000e+00 -0.000000000000000000e+00
2.742742742742742657e+00 -0.000000000000000000e+00 -0.000000000000000000e+00
2.747747747747747660e+00 -0.000000000000000000e+00 -0.000000000000000000e+00
2.752752752752752219e+00 -0.000000000000000000e+00 -0.000000000000000000e+00
2.757757757757757666e+00 -0.000000000000000000e+00 -0.000000000000000000e+00
2.762762762762762669e+00 -0.000000000000000000e+00 -0.000000000000000000e+00
2.767767767767767673e+00 -0.000000000000000000e+00 -0.000000000000000000e+00
2.772772772772772676e+00 -0.000000000000000000e+00 -0.000000000000000000e+00
2.777777777777777235e+00 -0.000000000000000000e+00 -0.000000000000000000e+00
2.782782782782782238e+00 -0.000000000000000000e+00 -0.000000000000000000e+00
2.787787787787787686e+00 -0.000000000000000000e+00 -0.000000000000000000e+00
2.792792792792792689e+00 -0.000000000000000000e+00 -0.000000000000000000e+00
2.797797797797797692e+00 -0.000000000000000000e+00 -0.000000000000000000e+00
2.802802802802802695e+00 -0.000000000000000000e+00 -0.000000000000000000e+00
2.807807807807807698e+00 -0.000000000000000000e+00 -0.000000000000000000e+00
2.812812812812812702e+00 -0.000000000000000000e+00 -0.000000000000000000e+00
2.817817817817817705e+00 -0.000000000000000000e+00 -0.000000000000000000e+00
2.822822822822822708e+00 -0.000000000000000000e+00 -0.000000000000000000e+00
2.827827827827827267e+00 -0.000000000000000000e+00 -0.000000000000000000e+00
2.832832832832832715e+00 -0.000000000000000000e+00 -0.000000000000000000e+00
2.837837837837837718e+00 -0.000000000000000000e+00 -0.000000000000000000e+00
2.842842842842842721e+00 -0.000000000000000000e+00 -0.000000000000000000e+00
2.847847847847847724e+00 -0.000000000000000000e+00 -0.000000000000000000e+00
2.852852852852852727e+00 -0.000000000000000000e+00 -0.000000000000000000e+00
2.857857857857857731e+00 -0.000000000000000000e+00 -0.000000000000000000e+00
2.862862862862862734e+00 -0.000000000000000000e+00 -0.000000000000000000e+00
2.867867867867867737e+00 -0.000000000000000000e+00 -0.000000000000000000e+00
2.872872872872872740e+00 -0.000000000000000000e+00 -0.000000000000000000e+00
2.877877877877877744e+00 -0.000000000000000000e+00 -0.000000000000000000e+00
2.882882882882882747e+00 -0.000000000000000000e+00 -0.000000000000000000e+00
2.887887887887887750e+00 -0.000000000000000000e+00 -0.000000000000000000e+00
2.892892892892892753e+00 -0.000000000000000000e+00 -0.000000000000000000e+00
2.897897897897897757e+00 -0.000000000000000000e+00 -0.000000000000000000e+00
2.902902902902902316e+00 -0.000000000000000000e+00 -0.000000000000000000e+00
2.907907907907907319e+00 -0.000000000000000000e+00 -0.000000000000000000e+00
2.912912912912912766e+00 -0.000000000000000000e+00 -0.000000000000000000e+00
2.917917917917917769e+00 -0.000000000000000000e+00 -0.000000000000000000e+00
2.922922922922923217e+00 -0.000000000000000000e+00 -0.000000000000000000e+00
2.927927927927927776e+00 -0.000000000000000000e+00 -0.000000000000000000e+00
2.932932932932932779e+00 -0.000000000000000000e+00 -0.000000000000000000e+00
2.937937937937937782e+00 -0.000000000000000000e+00 -0.000000000000000000e+00
2.942942942942942786e+00 -0.000000000000000000e+00 -0.000000000000000000e+00
2.947947947947947789e+00 -0.000000000000000000e+00 -0.000000000000000000e+00
2.952952952952952348e+00 -0.000000000000000000e+00 -0.000000000000000000e+00
2.957957957957957795e+00 -0.000000000000000000e+00 -0.000000000000000000e+00
2.962962962962962798e+00 -0.000000000000000000e+00 -0.000000000000000000e+00
2.967967967967967802e+00 -0.000000000000000000e+00 -0.000000000000000000e+00
2.972972972972972805e+00 -0.000000000000000000e+00 -0.000000000000000000e+00
2.977977977977977364e+00 -0.000000000000000000e+00 -0.000000000000000000e+00
2.982982982982982811e+00 -0.000000000000000000e+00 -0.000000000000000000e+00
2.987987987987987815e+00 -0.000000000000000000e+00 -0.000000000000000000e+00
2.992992992992992818e+00 -0.000000000000000000e+00 -0.000000000000000000e+00
2.997997997997997821e+00 -0.000000000000000000e+00 -0.000000000000000000e+00
3.003003003003002824e+00 -0.000000000000000000e+00 -0.000000000000000000e+00
3.008008008008007828e+00 -0.000000000000000000e+00 -0.000000000000000000e+00
3.013013013013012831e+00 -0.000000000000000000e+00 -0.000000000000000000e+00
3.018018018018017834e+00 -0.000000000000000000e+00 -0.000000000000000000e+00
3.023023023023022837e+00 -0.000000000000000000e+00 -0.000000000000000000e+00
3.028028028028027396e+00 -0.000000000000000000e+00 -0.000000000000000000e+00
3.033033033033032844e+00 -0.000000000000000000e+00 -0.000000000000000000e+00
3.038038038038037847e+00 -0.000000000000000000e+00 -0.000000000000000000e+00
3.043043043043042850e+00 -0.000000000000000000e+00 -0.000000000000000000e+00
3.048048048048048297e+00 -0.000000000000000000e+00 -0.000000000000000000e+00
3.053053053053052857e+00 -0.000000000000000000e+00 -0.000000000000000000e+00
3.058058058058057860e+00 -0.000000000000000000e+00 -0.000000000000000000e+00
3.063063063063062863e+00 -0.000000000000000000e+00 -0.000000000000000000e+00
3.068068068068067866e+00 -0.000000000000000000e+00 -0.000000000000000000e+00
3.073073073073072869e+00 -0.000000000000000000e+00 -0.000000000000000000e+00
3.078078078078077873e+00 -0.000000000000000000e+00 -0.000000000000000000e+00
3.083083083083082876e+00 -0.000000000000000000e+00 -0.000000000000000000e+00
3.088088088088087879e+00 -0.000000000000000000e+00 -0.000000000000000000e+00
3.093093093093092882e+00 -0.000000000000000000e+00 -0.000000000000000000e+00
3.098098098098097886e+00 -0.000000000000000000e+00 -0.000000000000000000e+00
3.103103103103102445e+00 -0.000000000000000000e+00 -0.000000000000000000e+00
3.108108108108107892e+00 -0.000000000000000000e+00 -0.000000000000000000e+00
3.113113113113112895e+00 -0.000000000000000000e+00 -0.000000000000000000e+00
3.118118118118117899e+00 -0.000000000000000000e+00 -0.000000000000000000e+00
3.123123123123123346e+00 -0.000000000000000000e+00 -0.000000000000000000e+00
3.128128128128127905e+00 -0.000000000000000000e+00 -0.000000000000000000e+00
3.133133133133132908e+00 -0.000000000000000000e+00 -0.000000000000000000e+00
3.138138138138137911e+00 -0.000000000000000000e+00 -0.000000000000000000e+00
3.143143143143142915e+00 -0.000000000000000000e+00 -0.000000000000000000e+00
3.148148148148147918e+00 -0.000000000000000000e+00 -0.000000000000000000e+00
3.153153153153152477e+00 -0.000000000000000000e+00 -0.000000000000000000e+00
3.158158158158157924e+00 -0.000000000000000000e+00 -0.000000000000000000e+00
3.163163163163162928e+00 -0.000000000000000000e+00 -0.000000000000000000e+00
3.168168168168167931e+00 -0.000000000000000000e+00 -0.000000000000000000e+00
3.173173173173173378e+00 -0.000000000000000000e+00 -0.000000000000000000e+00
3.178178178178177937e+00 -0.000000000000000000e+00 -0.000000000000000000e+00
3.183183183183182940e+00 -0.000000000000000000e+00 -0.000000000000000000e+00
3.188188188188187944e+00 -0.000000000000000000e+00 -0.000000000000000000e+00
3.193193193193192947e+00 -0.000000000000000000e+00 -0.000000000000000000e+00
3.198198198198197950e+00 -0.000000000000000000e+00 -0.000000000000000000e+00
3.203203203203202953e+00 -0.000000000000000000e+00 -0.000000000000000000e+00
3.208208208208207957e+00 -0.000000000000000000e+00 -0.000000000000000000e+00
3.213213213213212960e+00 -0.000000000000000000e+00 -0.000000000000000000e+00
3.218218218218218407e+00 -0.000000000000000000e+00 -0.000000000000000000e+00
3.223223223223222966e+00 -0.000000000000000000e+00 -0.000000000000000000e+00
3.228228228228227970e+00 -0.000000000000000000e+00 -0.000000000000000000e+00
3.233233233233232973e+00 -0.000000000000000000e+00 -0.000000000000000000e+00
3.238238238238237976e+00 -0.000000000000000000e+00 -0.000000000000000000e+00
3.243243243243242979e+00 -0.000000000000000000e+00 -0.000000000000000000e+00
3.248248248248248427e+00 -0.000000000000000000e+00 -0.000000000000000000e+00
3.253253253253252542e+00 -0.000000000000000000e+00 -0.000000000000000000e+00
3.258258258258257989e+00 -0.000000000000000000e+00 -0.000000000000000000e+00
3.263263263263262548e+00 -0.000000000000000000e+00 -0.000000000000000000e+00
3.268268268268267995e+00 -0.000000000000000000e+00 -0.000000000000000000e+00
3.273273273273273443e+00 -0.000000000000000000e+00 -0.000000000000000000e+00
3.278278278278278002e+00 -0.000000000000000000e+00 -0.000000000000000000e+00
3.283283283283283005e+00 -0.000000000000000000e+00 -0.000000000000000000e+00
3.288288288288288008e+00 -0.000000000000000000e+00 -0.000000000000000000e+00
3.293293293293293456e+00 -0.000000000000000000e+00 -0.000000000000000000e+00
3.298298298298298015e+00 -0.000000000000000000e+00 -0.000000000000000000e+00
3.303303303303303018e+00 -0.000000000000000000e+00 -0.000000000000000000e+00
3.308308308308308021e+00 -0.000000000000000000e+00 -0.000000000000000000e+00
3.313313313313313024e+00 -0.000000000000000000e+00 -0.000000000000000000e+00
3.318318318318318028e+00 -0.000000000000000000e+00 -0.000000000000000000e+00
3.323323323323323475e+00 -0.000000000000000000e+00 -0.000000000000000000e+00
3.328328328328327590e+00 -0.000000000000000000e+00 -0.000000000000000000e+00
3.333333333333333037e+00 -0.000000000000000000e+00 -0.000000000000000000e+00
3.338338338338338485e+00 -0.000000000000000000e+00 -0.000000000000000000e+00
3.343343343343343044e+00 -0.000000000000000000e+00 -0.000000000000000000e+00
3.348348348348348491e+00 -0.000000000000000000e+00 -0.000000000000000000e+00
3.353353353353353050e+00 -0.000000000000000000e+00 -0.000000000000000000e+00
3.358358358358358053e+00 -0.000000000000000000e+00 -0.000000000000000000e+00
3.363363363363363057e+00 -0.000000000000000000e+00 -0.000000000000000000e+00
3.368368368368368504e+00 -0.000000000000000000e+00 -0.000000000000000000e+00
3.373373373373373063e+00 -0.000000000000000000e+00 -0.000000000000000000e+00
3.378378378378378066e+00 -0.000000000000000000e+00 -0.000000000000000000e+00
3.383383383383382625e+00 -0.000000000000000000e+00 -0.000000000000000000e+00
3.388388388388388073e+00 -0.000000000000000000e+00 -0.000000000000000000e+00
3.393393393393393076e+00 -0.000000000000000000e+00 -0.000000000000000000e+00
3.398398398398398523e+00 -0.000000000000000000e+00 -0.000000000000000000e+00
3.403403403403403082e+00 -0.000000000000000000e+00 -0.000000000000000000e+00
3.408408408408408086e+00 -0.000000000000000000e+00 -0.000000000000000000e+00
3.413413413413413533e+00 -0.000000000000000000e+00 -0.000000000000000000e+00
3.418418418418418092e+00 -0.000000000000000000e+00 -0.000000000000000000e+00
3.423423423423423539e+00 -0.000000000000000000e+00 -0.000000000000000000e+00
3.428428428428427654e+00 -0.000000000000000000e+00 -0.000000000000000000e+00
3.433433433433433102e+00 -0.000000000000000000e+00 -0.000000000000000000e+00
3.438438438438438105e+00 -0.000000000000000000e+00 -0.000000000000000000e+00
3.443443443443443552e+00 -0.000000000000000000e+00 -0.000000000000000000e+00
3.448448448448448111e+00 -0.000000000000000000e+00 -0.000000000000000000e+00
3.453453453453453115e+00 -0.000000000000000000e+00 -0.000000000000000000e+00
3.458458458458457674e+00 -0.000000000000000000e+00 -0.000000000000000000e+00
3.463463463463463121e+00 -0.000000000000000000e+00 -0.000000000000000000e+00
3.468468468468468568e+00 -0.000000000000000000e+00 -0.000000000000000000e+00
3.473473473473473128e+00 -0.000000000000000000e+00 -0.000000000000000000e+00
3.478478478478478131e+00 -0.000000000000000000e+00 -0.000000000000000000e+00
3.483483483483483134e+00 -0.000000000000000000e+00 -0.000000000000000000e+00
3.488488488488488581e+00 -0.000000000000000000e+00 -0.000000000000000000e+00
3.493493493493493141e+00 -0.000000000000000000e+00 -0.000000000000000000e+00
3.498498498498498588e+00 -0.000000000000000000e+00 -0.000000000000000000e+00
3.503503503503502703e+00 -0.000000000000000000e+00 -0.000000000000000000e+00
3.508508508508508150e+00 -0.000000000000000000e+00 -0.000000000000000000e+00
3.513513513513513153e+00 -0.000000000000000000e+00 -0.000000000000000000e+00
3.518518518518518157e+00 -0.000000000000000000e+00 -0.000000000000000000e+00
3.523523523523523604e+00 -0.000000000000000000e+00 -0.000000000000000000e+00
3.528528528528528163e+00 -0.000000000000000000e+00 -0.000000000000000000e+00
3.533533533533534055e+00 -0.000000000000000000e+00 -0.000000000000000000e+00
3.538538538538538170e+00 -0.000000000000000000e+00 -0.000000000000000000e+00
3.543543543543543617e+00 -0.000000000000000000e+00 -0.000000000000000000e+00
3.548548548548548176e+00 -0.000000000000000000e+00 -0.000000000000000000e+00
3.553553553553553179e+00 -0.000000000000000000e+00 -0.000000000000000000e+00
3.558558558558558182e+00 -0.000000000000000000e+00 -0.000000000000000000e+00
3.563563563563563186e+00 -0.000000000000000000e+00 -0.000000000000000000e+00
3.568568568568568189e+00 -0.000000000000000000e+00 -0.000000000000000000e+00
3.573573573573573636e+00 -0.000000000000000000e+00 -0.000000000000000000e+00
3.578578578578577751e+00 -0.000000000000000000e+00 -0.000000000000000000e+00
3.583583583583583199e+00 -0.000000000000000000e+00 -0.000000000000000000e+00
3.588588588588588646e+00 -0.000000000000000000e+00 -0.000000000000000000e+00
3.593593593593593205e+00 -0.000000000000000000e+00 -0.000000000000000000e+00
3.598598598598598652e+00 -0.000000000000000000e+00 -0.000000000000000000e+00
3.603603603603603212e+00 -0.000000000000000000e+00 -0.000000000000000000e+00
3.608608608608608215e+00 -0.000000000000000000e+00 -0.000000000000000000e+00
3.613613613613613218e+00 -0.000000000000000000e+00 -0.000000000000000000e+00
3.618618618618618665e+00 -0.000000000000000000e+00 -0.000000000000000000e+00
3.623623623623623224e+00 -0.000000000000000000e+00 -0.000000000000000000e+00
3.628628628628628228e+00 -0.000000000000000000e+00 -0.000000000000000000e+00
3.633633633633633231e+00 -0.000000000000000000e+00 -0.000000000000000000e+00
3.638638638638638234e+00 -0.000000000000000000e+00 -0.000000000000000000e+00
3.643643643643643237e+00 -0.000000000000000000e+00 -0.000000000000000000e+00
3.648648648648648685e+00 -0.000000000000000000e+00 -0.000000000000000000e+00
3.653653653653654132e+00 -0.000000000000000000e+00 -0.000000000000000000e+00
3.658658658658658247e+00 -0.000000000000000000e+00 -0.000000000000000000e+00
3.663663663663663694e+00 -0.000000000000000000e+00 -0.000000000000000000e+00
3.668668668668668253e+00 -0.000000000000000000e+00 -0.000000000000000000e+00
3.673673673673673701e+00 -0.000000000000000000e+00 -0.000000000000000000e+00
3.678678678678678260e+00 -0.000000000000000000e+00 -0.000000000000000000e+00
3.683683683683683263e+00 -0.000000000000000000e+00 -0.000000000000000000e+00
3.688688688688688266e+00 -0.000000000000000000e+00 -0.000000000000000000e+00
3.693693693693693714e+00 -0.000000000000000000e+00 -0.000000000000000000e+00
3.698698698698698273e+00 -0.000000000000000000e+00 -0.000000000000000000e+00
3.703703703703703276e+00 -0.000000000000000000e+00 -0.000000000000000000e+00
3.708708708708708279e+00 -0.000000000000000000e+00 -0.000000000000000000e+00
3.713713713713713283e+00 -0.000000000000000000e+00 -0.000000000000000000e+00
3.718718718718718730e+00 -0.000000000000000000e+00 -0.000000000000000000e+00
3.723723723723723733e+00 -0.000000000000000000e+00 -0.000000000000000000e+00
3.728728728728728292e+00 -0.000000000000000000e+00 -0.000000000000000000e+00
3.733733733733733295e+00 -0.000000000000000000e+00 -0.000000000000000000e+00
3.738738738738738743e+00 -0.000000000000000000e+00 -0.000000000000000000e+00
3.743743743743743302e+00 -0.000000000000000000e+00 -0.000000000000000000e+00
3.748748748748748749e+00 -0.000000000000000000e+00 -0.000000000000000000e+00
3.753753753753753308e+00 -0.000000000000000000e+00 -0.000000000000000000e+00
3.758758758758758312e+00 -0.000000000000000000e+00 -0.000000000000000000e+00
3.763763763763763315e+00 -0.000000000000000000e+00 -0.000000000000000000e+00
3.768768768768768762e+00 -0.000000000000000000e+00 -0.000000000000000000e+00
3.773773773773773321e+00 -0.000000000000000000e+00 -0.000000000000000000e+00
3.778778778778778324e+00 -0.000000000000000000e+00 -0.000000000000000000e+00
3.783783783783784216e+00 -0.000000000000000000e+00 -0.000000000000000000e+00
3.788788788788788331e+00 -0.000000000000000000e+00 -0.000000000000000000e+00
3.793793793793793778e+00 -0.000000000000000000e+00 -0.000000000000000000e+00
3.798798798798798781e+00 -0.000000000000000000e+00 -0.000000000000000000e+00
3.803803803803803341e+00 -0.000000000000000000e+00 -0.000000000000000000e+00
3.808808808808808344e+00 -0.000000000000000000e+00 -0.000000000000000000e+00
3.813813813813813791e+00 -0.000000000000000000e+00 -0.000000000000000000e+00
3.818818818818818350e+00 -0.000000000000000000e+00 -0.000000000000000000e+00
3.823823823823823798e+00 -0.000000000000000000e+00 -0.000000000000000000e+00
3.828828828828827913e+00 -0.000000000000000000e+00 -0.000000000000000000e+00
3.833833833833833360e+00 -0.000000000000000000e+00 -0.000000000000000000e+00
3.838838838838838363e+00 -0.000000000000000000e+00 -0.000000000000000000e+00
3.843843843843843811e+00 -0.000000000000000000e+00 -0.000000000000000000e+00
3.848848848848848814e+00 -0.000000000000000000e+00 -0.000000000000000000e+00
3.853853853853853373e+00 -0.000000000000000000e+00 -0.000000000000000000e+00
3.858858858858859264e+00 -0.000000000000000000e+00 -0.000000000000000000e+00
3.863863863863863379e+00 -0.000000000000000000e+00 -0.000000000000000000e+00
3.868868868868868827e+00 -0.000000000000000000e+00 -0.000000000000000000e+00
3.873873873873873830e+00 -0.000000000000000000e+00 -0.000000000000000000e+00
3.878878878878878389e+00 -0.000000000000000000e+00 -0.000000000000000000e+00
3.883883883883883392e+00 -0.000000000000000000e+00 -0.000000000000000000e+00
3.888888888888888840e+00 -0.000000000000000000e+00 -0.000000000000000000e+00
3.893893893893893399e+00 -0.000000000000000000e+00 -0.000000000000000000e+00
3.898898898898898846e+00 -0.000000000000000000e+00 -0.000000000000000000e+00
3.903903903903902961e+00 -0.000000000000000000e+00 -0.000000000000000000e+00
3.908908908908908408e+00 -0.000000000000000000e+00 -0.000000000000000000e+00
3.913913913913913856e+00 -0.000000000000000000e+00 -0.000000000000000000e+00
3.918918918918918859e+00 -0.000000000000000000e+00 -0.000000000000000000e+00
3.923923923923923862e+00 -0.000000000000000000e+00 -0.000000000000000000e+00
3.928928928928928421e+00 -0.000000000000000000e+00 -0.000000000000000000e+00
3.933933933933934313e+00 -0.000000000000000000e+00 -0.000000000000000000e+00
3.938938938938938428e+00 -0.000000000000000000e+00 -0.000000000000000000e+00
3.943943943943943875e+00 -0.000000000000000000e+00 -0.000000000000000000e+00
3.948948948948948434e+00 -0.000000000000000000e+00 -0.000000000000000000e+00
3.953953953953953437e+00 -0.000000000000000000e+00 -0.000000000000000000e+00
3.958958958958958441e+00 -0.000000000000000000e+00 -0.000000000000000000e+00
3.963963963963963888e+00 -0.000000000000000000e+00 -0.000000000000000000e+00
3.968968968968968447e+00 -0.000000000000000000e+00 -0.000000000000000000e+00
3.973973973973973894e+00 -0.000000000000000000e+00 -0.000000000000000000e+00
3.978978978978979342e+00 -0.000000000000000000e+00 -0.000000000000000000e+00
3.983983983983983457e+00 -0.000000000000000000e+00 -0.000000000000000000e+00
3.988988988988988904e+00 -0.000000000000000000e+00 -0.000000000000000000e+00
3.993993993993993463e+00 -0.000000000000000000e+00 -0.000000000000000000e+00
3.998998998998998911e+00 -0.000000000000000000e+00 -0.000000000000000000e+00
4.004004004004003470e+00 -0.000000000000000000e+00 -0.000000000000000000e+00
4.009009009009009361e+00 -0.000000000000000000e+00 -0.000000000000000000e+00
4.014014014014013476e+00 -0.000000000000000000e+00 -0.000000000000000000e+00
4.019019019019019368e+00 -0.000000000000000000e+00 -0.000000000000000000e+00
4.024024024024023483e+00 -0.000000000000000000e+00 -0.000000000000000000e+00
4.029029029029028486e+00 -0.000000000000000000e+00 -0.000000000000000000e+00
4.034034034034033489e+00 -0.000000000000000000e+00 -0.000000000000000000e+00
4.039039039039038492e+00 -0.000000000000000000e+00 -0.000000000000000000e+00
4.044044044044044384e+00 -0.000000000000000000e+00 -0.000000000000000000e+00
4.049049049049048499e+00 -0.000000000000000000e+00 -0.000000000000000000e+00
4.054054054054054390e+00 -0.000000000000000000e+00 -0.000000000000000000e+00
4.059059059059058505e+00 -0.000000000000000000e+00 -0.000000000000000000e+00
4.064064064064064397e+00 -0.000000000000000000e+00 -0.000000000000000000e+00
4.069069069069068512e+00 -0.000000000000000000e+00 -0.000000000000000000e+00
4.074074074074073515e+00 -0.000000000000000000e+00 -0.000000000000000000e+00
4.079079079079078518e+00 -0.000000000000000000e+00 -0.000000000000000000e+00
4.084084084084083521e+00 -0.000000000000000000e+00 -0.000000000000000000e+00
4.089089089089088525e+00 -0.000000000000000000e+00 -0.000000000000000000e+00
4.094094094094094416e+00 -0.000000000000000000e+00 -0.000000000000000000e+00
4.099099099099098531e+00 -0.000000000000000000e+00 -0.000000000000000000e+00
4.104104104104103534e+00 -0.000000000000000000e+00 -0.000000000000000000e+00
4.109109109109109426e+00 -0.000000000000000000e+00 -0.000000000000000000e+00
4.114114114114113541e+00 -0.000000000000000000e+00 -0.000000000000000000e+00
4.119119119119119432e+00 -0.000000000000000000e+00 -0.000000000000000000e+00
4.124124124124123547e+00 -0.000000000000000000e+00 -0.000000000000000000e+00
4.129129129129128550e+00 -0.000000000000000000e+00 -0.000000000000000000e+00
4.134134134134133554e+00 -0.000000000000000000e+00 -0.000000000000000000e+00
4.139139139139139445e+00 -0.000000000000000000e+00 -0.000000000000000000e+00
4.144144144144143560e+00 -0.000000000000000000e+00 -0.000000000000000000e+00
4.149149149149148563e+00 -0.000000000000000000e+00 -0.000000000000000000e+00
4.154154154154153566e+00 -0.000000000000000000e+00 -0.000000000000000000e+00
4.159159159159158570e+00 -0.000000000000000000e+00 -0.000000000000000000e+00
4.164164164164163573e+00 -0.000000000000000000e+00 -0.000000000000000000e+00
4.169169169169169464e+00 -0.000000000000000000e+00 -0.000000000000000000e+00
4.174174174174174468e+00 -0.000000000000000000e+00 -0.000000000000000000e+00
4.179179179179178583e+00 -0.000000000000000000e+00 -0.000000000000000000e+00
4.184184184184184474e+00 -0.000000000000000000e+00 -0.000000000000000000e+00
4.189189189189188589e+00 -0.000000000000000000e+00 -0.000000000000000000e+00
4.194194194194194480e+00 -0.000000000000000000e+00 -0.000000000000000000e+00
4.199199199199198596e+00 -0.000000000000000000e+00 -0.000000000000000000e+00
4.204204204204203599e+00 -0.000000000000000000e+00 -0.000000000000000000e+00
4.209209209209208602e+00 -0.000000000000000000e+00 -0.000000000000000000e+00
4.214214214214214493e+00 -0.000000000000000000e+00 -0.000000000000000000e+00
4.219219219219218608e+00 -0.000000000000000000e+00 -0.000000000000000000e+00
4.224224224224223612e+00 -0.000000000000000000e+00 -0.000000000000000000e+00
4.229229229229229503e+00 -0.000000000000000000e+00 -0.000000000000000000e+00
4.234234234234233618e+00 -0.000000000000000000e+00 -0.000000000000000000e+00
4.239239239239239510e+00 -0.000000000000000000e+00 -0.000000000000000000e+00
4.244244244244244513e+00 -0.000000000000000000e+00 -0.000000000000000000e+00
4.249249249249248628e+00 -0.000000000000000000e+00 -0.000000000000000000e+00
4.254254254254253631e+00 -0.000000000000000000e+00 -0.000000000000000000e+00
4.259259259259259522e+00 -0.000000000000000000e+00 -0.000000000000000000e+00
4.264264264264263637e+00 -0.000000000000000000e+00 -0.000000000000000000e+00
4.269269269269269529e+00 -0.000000000000000000e+00 -0.000000000000000000e+00
4.274274274274273644e+00 -0.000000000000000000e+00 -0.000000000000000000e+00
4.279279279279278647e+00 -0.000000000000000000e+00 -0.000000000000000000e+00
4.284284284284283650e+00 -0.000000000000000000e+00 -0.000000000000000000e+00
4.289289289289289542e+00 -0.000000000000000000e+00 -0.000000000000000000e+00
4.294294294294294545e+00 -0.000000000000000000e+00 -0.000000000000000000e+00
4.299299299299298660e+00 -0.000000000000000000e+00 -0.000000000000000000e+00
4.304304304304304551e+00 -0.000000000000000000e+00 -0.000000000000000000e+00
4.309309309309308667e+00 -0.000000000000000000e+00 -0.000000000000000000e+00
4.314314314314314558e+00 -0.000000000000000000e+00 -0.000000000000000000e+00
4.319319319319319561e+00 -0.000000000000000000e+00 -0.000000000000000000e+00
4.324324324324323676e+00 -0.000000000000000000e+00 -0.000000000000000000e+00
4.329329329329328679e+00 -0.000000000000000000e+00 -0.000000000000000000e+00
4.334334334334334571e+00 -0.000000000000000000e+00 -0.000000000000000000e+00
4.339339339339338686e+00 -0.000000000000000000e+00 -0.000000000000000000e+00
4.344344344344344577e+00 -0.000000000000000000e+00 -0.000000000000000000e+00
4.349349349349348692e+00 -0.000000000000000000e+00 -0.000000000000000000e+00
4.354354354354353696e+00 -0.000000000000000000e+00 -0.000000000000000000e+00
4.359359359359359587e+00 -0.000000000000000000e+00 -0.000000000000000000e+00
4.364364364364364590e+00 -0.000000000000000000e+00 -0.000000000000000000e+00
4.369369369369369593e+00 -0.000000000000000000e+00 -0.000000000000000000e+00
4.374374374374373708e+00 -0.000000000000000000e+00 -0.000000000000000000e+00
4.379379379379379600e+00 -0.000000000000000000e+00 -0.000000000000000000e+00
4.384384384384383715e+00 -0.000000000000000000e+00 -0.000000000000000000e+00
4.389389389389389606e+00 -0.000000000000000000e+00 -0.000000000000000000e+00
4.394394394394394610e+00 -0.000000000000000000e+00 -0.000000000000000000e+00
4.399399399399398725e+00 -0.000000000000000000e+00 -0.000000000000000000e+00
4.404404404404403728e+00 -0.000000000000000000e+00 -0.000000000000000000e+00
4.409409409409409619e+00 -0.000000000000000000e+00 -0.000000000000000000e+00
4.414414414414413734e+00 -0.000000000000000000e+00 -0.000000000000000000e+00
4.419419419419419626e+00 -0.000000000000000000e+00 -0.000000000000000000e+00
4.424424424424424629e+00 -0.000000000000000000e+00 -0.000000000000000000e+00
4.429429429429428744e+00 -0.000000000000000000e+00 -0.000000000000000000e+00
4.434434434434434635e+00 -0.000000000000000000e+00 -0.000000000000000000e+00
4.439439439439439639e+00 -0.000000000000000000e+00 -0.000000000000000000e+00
4.444444444444444642e+00 -0.000000000000000000e+00 -0.000000000000000000e+00
4.449449449449448757e+00 -0.000000000000000000e+00 -0.000000000000000000e+00
4.454454454454454648e+00 -0.000000000000000000e+00 -0.000000000000000000e+00
4.459459459459458763e+00 -0.000000000000000000e+00 -0.000000000000000000e+00
4.464464464464464655e+00 -0.000000000000000000e+00 -0.000000000000000000e+00
4.469469469469468770e+00 -0.000000000000000000e+00 -0.000000000000000000e+00
4.474474474474473773e+00 -0.000000000000000000e+00 -0.000000000000000000e+00
4.479479479479478776e+00 -0.000000000000000000e+00 -0.000000000000000000e+00
4.484484484484484668e+00 -0.000000000000000000e+00 -0.000000000000000000e+00
4.489489489489489671e+00 -0.000000000000000000e+00 -0.000000000000000000e+00
4.494494494494494674e+00 -0.000000000000000000e+00 -0.000000000000000000e+00
4.499499499499499677e+00 -0.000000000000000000e+00 -0.000000000000000000e+00
4.504504504504503792e+00 -0.000000000000000000e+00 -0.000000000000000000e+00
4.509509509509509684e+00 -0.000000000000000000e+00 -0.000000000000000000e+00
4.514514514514513799e+00 -0.000000000000000000e+00 -0.000000000000000000e+00
4.519519519519519690e+00 -0.000000000000000000e+00 -0.000000000000000000e+00
4.524524524524523805e+00 -0.000000000000000000e+00 -0.000000000000000000e+00
4.529529529529529697e+00 -0.000000000000000000e+00 -0.000000000000000000e+00
4.534534534534533812e+00 -0.000000000000000000e+00 -0.000000000000000000e+00
4.539539539539539703e+00 -0.000000000000000000e+00 -0.000000000000000000e+00
4.544544544544543818e+00 -0.000000000000000000e+00 -0.000000000000000000e+00
4.549549549549548821e+00 -0.000000000000000000e+00 -0.000000000000000000e+00
4.554554554554554713e+00 -0.000000000000000000e+00 -0.000000000000000000e+00
4.559559559559558828e+00 -0.000000000000000000e+00 -0.000000000000000000e+00
4.564564564564564719e+00 -0.000000000000000000e+00 -0.000000000000000000e+00
4.569569569569569722e+00 -0.000000000000000000e+00 -0.000000000000000000e+00
4.574574574574574726e+00 -0.000000000000000000e+00 -0.000000000000000000e+00
4.579579579579578841e+00 -0.000000000000000000e+00 -0.000000000000000000e+00
4.584584584584584732e+00 -0.000000000000000000e+00 -0.000000000000000000e+00
4.589589589589588847e+00 -0.000000000000000000e+00 -0.000000000000000000e+00
4.594594594594594739e+00 -0.000000000000000000e+00 -0.000000000000000000e+00
4.599599599599598854e+00 -0.000000000000000000e+00 -0.000000000000000000e+00
4.604604604604603857e+00 -0.000000000000000000e+00 -0.000000000000000000e+00
4.609609609609608860e+00 -0.000000000000000000e+00 -0.000000000000000000e+00
4.614614614614614752e+00 -0.000000000000000000e+00 -0.000000000000000000e+00
4.619619619619619755e+00 -0.000000000000000000e+00 -0.000000000000000000e+00
4.624624624624623870e+00 -0.000000000000000000e+00 -0.000000000000000000e+00
4.629629629629629761e+00 -0.000000000000000000e+00 -0.000000000000000000e+00
4.634634634634633876e+00 -0.000000000000000000e+00 -0.000000000000000000e+00
4.639639639639639768e+00 -0.000000000000000000e+00 -0.000000000000000000e+00
4.644644644644644771e+00 -0.000000000000000000e+00 -0.000000000000000000e+00
4.649649649649648886e+00 -0.000000000000000000e+00 -0.000000000000000000e+00
4.654654654654653889e+00 -0.000000000000000000e+00 -0.000000000000000000e+00
4.659659659659659781e+00 -0.000000000000000000e+00 -0.000000000000000000e+00
4.664664664664663896e+00 -0.000000000000000000e+00 -0.000000000000000000e+00
4.669669669669669787e+00 -0.000000000000000000e+00 -0.000000000000000000e+00
4.674674674674673902e+00 -0.000000000000000000e+00 -0.000000000000000000e+00
4.679679679679678905e+00 -0.000000000000000000e+00 -0.000000000000000000e+00
4.684684684684684797e+00 -0.000000000000000000e+00 -0.000000000000000000e+00
4.689689689689689800e+00 -0.000000000000000000e+00 -0.000000000000000000e+00
4.694694694694694803e+00 -0.000000000000000000e+00 -0.000000000000000000e+00
4.699699699699698918e+00 -0.000000000000000000e+00 -0.000000000000000000e+00
4.704704704704704810e+00 -0.000000000000000000e+00 -0.000000000000000000e+00
4.709709709709708925e+00 -0.000000000000000000e+00 -0.000000000000000000e+00
4.714714714714714816e+00 -0.000000000000000000e+00 -0.000000000000000000e+00
4.719719719719719819e+00 -0.000000000000000000e+00 -0.000000000000000000e+00
4.724724724724723934e+00 -0.000000000000000000e+00 -0.000000000000000000e+00
4.729729729729728938e+00 -0.000000000000000000e+00 -0.000000000000000000e+00
4.734734734734734829e+00 -0.000000000000000000e+00 -0.000000000000000000e+00
4.739739739739738944e+00 -0.000000000000000000e+00 -0.000000000000000000e+00
4.744744744744744835e+00 -0.000000000000000000e+00 -0.000000000000000000e+00
4.749749749749749839e+00 -0.000000000000000000e+00 -0.000000000000000000e+00
4.754754754754753954e+00 -0.000000000000000000e+00 -0.000000000000000000e+00
4.759759759759759845e+00 -0.000000000000000000e+00 -0.000000000000000000e+00
4.764764764764764848e+00 -0.000000000000000000e+00 -0.000000000000000000e+00
4.769769769769769852e+00 -0.000000000000000000e+00 -0.000000000000000000e+00
4.774774774774773967e+00 -0.000000000000000000e+00 -0.000000000000000000e+00
4.779779779779779858e+00 -0.000000000000000000e+00 -0.000000000000000000e+00
4.784784784784783973e+00 -0.000000000000000000e+00 -0.000000000000000000e+00
4.789789789789789864e+00 -0.000000000000000000e+00 -0.000000000000000000e+00
4.794794794794794868e+00 -0.000000000000000000e+00 -0.000000000000000000e+00
4.799799799799798983e+00 -0.000000000000000000e+00 -0.000000000000000000e+00
4.804804804804804874e+00 -0.000000000000000000e+00 -0.000000000000000000e+00
4.809809809809809877e+00 -0.000000000000000000e+00 -0.000000000000000000e+00
4.814814814814814881e+00 -0.000000000000000000e+00 -0.000000000000000000e+00
4.819819819819819884e+00 -0.000000000000000000e+00 -0.000000000000000000e+00
4.824824824824824887e+00 -0.000000000000000000e+00 -0.000000000000000000e+00
4.829829829829829002e+00 -0.000000000000000000e+00 -0.000000000000000000e+00
4.834834834834834894e+00 -0.000000000000000000e+00 -0.000000000000000000e+00
4.839839839839839897e+00 -0.000000000000000000e+00 -0.000000000000000000e+00
4.844844844844844900e+00 -0.000000000000000000e+00 -0.000000000000000000e+00
4.849849849849849015e+00 -0.000000000000000000e+00 -0.000000000000000000e+00
4.854854854854854906e+00 -0.000000000000000000e+00 -0.000000000000000000e+00
4.859859859859859021e+00 -0.000000000000000000e+00 -0.000000000000000000e+00
4.864864864864864913e+00 -0.000000000000000000e+00 -0.000000000000000000e+00
4.869869869869869916e+00 -0.000000000000000000e+00 -0.000000000000000000e+00
4.874874874874874031e+00 -0.000000000000000000e+00 -0.000000000000000000e+00
4.879879879879879923e+00 -0.000000000000000000e+00 -0.000000000000000000e+00
4.884884884884884926e+00 -0.000000000000000000e+00 -0.000000000000000000e+00
4.889889889889889929e+00 -0.000000000000000000e+00 -0.000000000000000000e+00
4.894894894894894932e+00 -0.000000000000000000e+00 -0.000000000000000000e+00
4.899899899899899935e+00 -0.000000000000000000e+00 -0.000000000000000000e+00
4.904904904904904051e+00 -0.000000000000000000e+00 -0.000000000000000000e+00
4.909909909909909942e+00 -0.000000000000000000e+00 -0.000000000000000000e+00
4.914914914914914057e+00 -0.000000000000000000e+00 -0.000000000000000000e+00
4.919919919919919948e+00 -0.000000000000000000e+00 -0.000000000000000000e+00
4.924924924924924063e+00 -0.000000000000000000e+00 -0.000000000000000000e+00
4.929929929929929955e+00 -0.000000000000000000e+00 -0.000000000000000000e+00
4.934934934934934958e+00 -0.000000000000000000e+00 -0.000000000000000000e+00
4.939939939939939961e+00 -0.000000000000000000e+00 -0.000000000000000000e+00
4.944944944944944965e+00 -0.000000000000000000e+00 -0.000000000000000000e+00
4.949949949949949080e+00 -0.000000000000000000e+00 -0.000000000000000000e+00
4.954954954954954971e+00 -0.000000000000000000e+00 -0.000000000000000000e+00
4.959959959959959974e+00 -0.000000000000000000e+00 -0.000000000000000000e+00
4.964964964964964977e+00 -0.000000000000000000e+00 -0.000000000000000000e+00
4.969969969969969981e+00 -0.000000000000000000e+00 -0.000000000000000000e+00
4.974974974974974984e+00 -0.000000000000000000e+00 -0.000000000000000000e+00
4.979979979979979099e+00 -0.000000000000000000e+00 -0.000000000000000000e+00
4.984984984984984990e+00 -0.000000000000000000e+00 -0.000000000000000000e+00
4.989989989989989105e+00 -0.000000000000000000e+00 -0.000000000000000000e+00
4.994994994994994997e+00 -0.000000000000000000e+00 -0.000000000000000000e+00
5.000000000000000000e+00 -0.000000000000000000e+00 -0.000000000000000000e+00
5.000000000000000000e+00 -0.000000000000000000e+00 -0.000000000000000000e+00
5.005005005005005003e+00 -0.000000000000000000e+00 -0.000000000000000000e+00
5.010010010010010006e+00 -0.000000000000000000e+00 -0.000000000000000000e+00
5.015015015015015010e+00 -0.000000000000000000e+00 -0.000000000000000000e+00
5.020020020020020013e+00 -0.000000000000000000e+00 -0.000000000000000000e+00
5.025025025025025016e+00 -0.000000000000000000e+00 -0.000000000000000000e+00
5.030030030030030019e+00 -0.000000000000000000e+00 -0.000000000000000000e+00
5.035035035035035023e+00 -0.000000000000000000e+00 -0.000000000000000000e+00
5.040040040040040026e+00 -0.000000000000000000e+00 -0.000000000000000000e+00
5.045045045045045029e+00 -0.000000000000000000e+00 -0.000000000000000000e+00
5.050050050050050032e+00 -0.000000000000000000e+00 -0.000000000000000000e+00
5.055055055055055035e+00 -0.000000000000000000e+00 -0.000000000000000000e+00
5.060060060060060039e+00 -0.000000000000000000e+00 -0.000000000000000000e+00
5.065065065065065042e+00 -0.000000000000000000e+00 -0.000000000000000000e+00
5.070070070070070045e+00 -0.000000000000000000e+00 -0.000000000000000000e+00
5.075075075075075048e+00 -0.000000000000000000e+00 -0.000000000000000000e+00
5.080080080080080052e+00 -0.000000000000000000e+00 -0.000000000000000000e+00
5.085085085085085055e+00 -0.000000000000000000e+00 -0.000000000000000000e+00
5.090090090090090058e+00 -0.000000000000000000e+00 -0.000000000000000000e+00
5.095095095095095061e+00 -0.000000000000000000e+00 -0.000000000000000000e+00
5.100100100100100065e+00 -0.000000000000000000e+00 -0.000000000000000000e+00
5.105105105105105068e+00 -0.000000000000000000e+00 -0.000000000000000000e+00
5.110110110110110071e+00 -0.000000000000000000e+00 -0.000000000000000000e+00
5.115115115115115074e+00 -0.000000000000000000e+00 -0.000000000000000000e+00
5.120120120120120077e+00 -0.000000000000000000e+00 -0.000000000000000000e+00
5.125125125125125081e+00 -0.000000000000000000e+00 -0.000000000000000000e+00
5.130130130130130084e+00 -0.000000000000000000e+00 -0.000000000000000000e+00
5.135135135135135087e+00 -0.000000000000000000e+00 -0.000000000000000000e+00
5.140140140140140090e+00 -0.000000000000000000e+00 -0.000000000000000000e+00
5.145145145145145094e+00 -0.000000000000000000e+00 -0.000000000000000000e+00
5.150150150150150097e+00 -0.000000000000000000e+00 -0.000000000000000000e+00
5.155155155155155100e+00 -0.000000000000000000e+00 -0.000000000000000000e+00
5.160160160160160103e+00 -0.000000000000000000e+00 -0.000000000000000000e+00
5.165165165165165106e+00 -0.000000000000000000e+00 -0.000000000000000000e+00
5.170170170170170110e+00 -0.000000000000000000e+00 -0.000000000000000000e+00
5.175175175175175113e+00 -0.000000000000000000e+00 -0.000000000000000000e+00
5.180180180180180116e+00 -0.000000000000000000e+00 -0.000000000000000000e+00
5.185185185185185119e+00 -0.000000000000000000e+00 -0.000000000000000000e+00
5.190190190190190123e+00 -0.000000000000000000e+00 -0.000000000000000000e+00
5.195195195195195126e+00 -0.000000000000000000e+00 -0.000000000000000000e+00
5.200200200200200129e+00 -0.000000000000000000e+00 -0.000000000000000000e+00
5.205205205205205132e+00 -0.000000000000000000e+00 -0.000000000000000000e+00
5.210210210210210136e+00 -0.000000000000000000e+00 -0.000000000000000000e+00
5.215215215215215139e+00 -0.000000000000000000e+00 -0.000000000000000000e+00
5.220220220220220142e+00 -0.000000000000000000e+00 -0.000000000000000000e+00
5.225225225225225145e+00 -0.000000000000000000e+00 -0.000000000000000000e+00
5.230230230230230148e+00 -0.000000000000000000e+00 -0.000000000000000000e+00
5.235235235235235152e+00 -0.000000000000000000e+00 -0.000000000000000000e+00
5.240240240240240155e+00 -0.000000000000000000e+00 -0.000000000000000000e+00
5.245245245245245158e+00 -0.000000000000000000e+00 -0.000000000000000000e+00
5.250250250250250161e+00 -0.000000000000000000e+00 -0.000000000000000000e+00
5.255255255255255165e+00 -0.000000000000000000e+00 -0.000000000000000000e+00
5.260260260260260168e+00 -0.000000000000000000e+00 -0.000000000000000000e+00
5.265265265265265171e+00 -0.000000000000000000e+00 -0.000000000000000000e+00
5.270270270270270174e+00 -0.000000000000000000e+00 -0.000000000000000000e+00
5.275275275275275177e+00 -0.000000000000000000e+00 -0.000000000000000000e+00
5.280280280280280181e+00 -0.000000000000000000e+00 -0.000000000000000000e+00
5.285285285285285184e+00 -0.000000000000000000e+00 -0.000000000000000000e+00
5.290290290290290187e+00 -0.000000000000000000e+00 -0.000000000000000000e+00
5.295295295295295190e+00 -0.000000000000000000e+00 -0.000000000000000000e+00
5.300300300300300194e+00 -0.000000000000000000e+00 -0.000000000000000000e+00
5.305305305305305197e+00 -0.000000000000000000e+00 -0.000000000000000000e+00
5.310310310310310200e+00 -0.000000000000000000e+00 -0.000000000000000000e+00
5.315315315315315203e+00 -0.000000000000000000e+00 -0.000000000000000000e+00
5.320320320320320207e+00 -0.000000000000000000e+00 -0.000000000000000000e+00
5.325325325325325210e+00 -0.000000000000000000e+00 -0.000000000000000000e+00
5.330330330330330213e+00 -0.000000000000000000e+00 -0.000000000000000000e+00
5.335335335335335216e+00 -0.000000000000000000e+00 -0.000000000000000000e+00
5.340340340340340219e+00 -0.000000000000000000e+00 -0.000000000000000000e+00
5.345345345345345223e+00 -0.000000000000000000e+00 -0.000000000000000000e+00
5.350350350350350226e+00 -0.000000000000000000e+00 -0.000000000000000000e+00
5.355355355355355229e+00 -0.000000000000000000e+00 -0.000000000000000000e+00
5.360360360360360232e+00 -0.000000000000000000e+00 -0.000000000000000000e+00
5.365365365365365236e+00 -0.000000000000000000e+00 -0.000000000000000000e+00
5.370370370370370239e+00 -0.000000000000000000e+00 -0.000000000000000000e+00
5.375375375375375242e+00 -0.000000000000000000e+00 -0.000000000000000000e+00
5.380380380380380245e+00 -0.000000000000000000e+00 -0.000000000000000000e+00
5.385385385385385248e+00 -0.000000000000000000e+00 -0.000000000000000000e+00
5.390390390390390252e+00 -0.000000000000000000e+00 -0.000000000000000000e+00
5.395395395395395255e+00 -0.000000000000000000e+00 -0.000000000000000000e+00
5.400400400400400258e+00 -0.000000000000000000e+00 -0.000000000000000000e+00
5.405405405405405261e+00 -0.000000000000000000e+00 -0.000000000000000000e+00
5.410410410410410265e+00 -0.000000000000000000e+00 -0.000000000000000000e+00
5.415415415415415268e+00 -0.000000000000000000e+00 -0.000000000000000000e+00
5.420420420420420271e+00 -0.000000000000000000e+00 -0.000000000000000000e+00
5.425425425425425274e+00 -0.000000000000000000e+00 -0.000000000000000000e+00
5.430430430430430278e+00 -0.000000000000000000e+00 -0.000000000000000000e+00
5.435435435435435281e+00 -0.000000000000000000e+00 -0.000000000000000000e+00
5.440440440440440284e+00 -0.000000000000000000e+00 -0.000000000000000000e+00
5.445445445445445287e+00 -0.000000000000000000e+00 -0.000000000000000000e+00
5.450450450450450290e+00 -0.000000000000000000e+00 -0.000000000000000000e+00
5.455455455455455294e+00 -0.000000000000000000e+00 -0.000000000000000000e+00
5.460460460460460297e+00 -0.000000000000000000e+00 -0.000000000000000000e+00
5.465465465465465300e+00 -0.000000000000000000e+00 -0.000000000000000000e+00
5.470470470470470303e+00 -0.000000000000000000e+00 -0.000000000000000000e+00
5.475475475475475307e+00 -0.000000000000000000e+00 -0.000000000000000000e+00
5.480480480480480310e+00 -0.000000000000000000e+00 -0.000000000000000000e+00
5.485485485485485313e+00 -0.000000000000000000e+00 -0.000000000000000000e+00
5.490490490490490316e+00 -0.000000000000000000e+00 -0.000000000000000000e+00
5.495495495495496208e+00 -0.000000000000000000e+00 -0.000000000000000000e+00
5.500500500500500323e+00 -0.000000000000000000e+00 -0.000000000000000000e+00
5.505505505505505326e+00 -0.000000000000000000e+00 -0.000000000000000000e+00
5.510510510510510329e+00 -0.000000000000000000e+00 -0.000000000000000000e+00
5.515515515515515332e+00 -0.000000000000000000e+00 -0.000000000000000000e+00
5.520520520520520336e+00 -0.000000000000000000e+00 -0.000000000000000000e+00
5.525525525525525339e+00 -0.000000000000000000e+00 -0.000000000000000000e+00
5.530530530530530342e+00 -0.000000000000000000e+00 -0.000000000000000000e+00
5.535535535535535345e+00 -0.000000000000000000e+00 -0.000000000000000000e+00
5.540540540540540349e+00 -0.000000000000000000e+00 -0.000000000000000000e+00
5.545545545545546240e+00 -0.000000000000000000e+00 -0.000000000000000000e+00
5.550550550550550355e+00 -0.000000000000000000e+00 -0.000000000000000000e+00
5.555555555555555358e+00 -0.000000000000000000e+00 -0.000000000000000000e+00
5.560560560560560361e+00 -0.000000000000000000e+00 -0.000000000000000000e+00
5.565565565565565365e+00 -0.000000000000000000e+00 -0.000000000000000000e+00
5.570570570570571256e+00 -0.000000000000000000e+00 -0.000000000000000000e+00
5.575575575575575371e+00 -0.000000000000000000e+00 -0.000000000000000000e+00
5.580580580580580374e+00 -0.000000000000000000e+00 -0.000000000000000000e+00
5.585585585585585378e+00 -0.000000000000000000e+00 -0.000000000000000000e+00
5.590590590590590381e+00 -0.000000000000000000e+00 -0.000000000000000000e+00
5.595595595595596272e+00 -0.000000000000000000e+00 -0.000000000000000000e+00
5.600600600600600387e+00 -0.000000000000000000e+00 -0.000000000000000000e+00
5.605605605605605390e+00 -0.000000000000000000e+00 -0.000000000000000000e+00
5.610610610610610394e+00 -0.000000000000000000e+00 -0.000000000000000000e+00
5.615615615615615397e+00 -0.000000000000000000e+00 -0.000000000000000000e+00
5.620620620620621288e+00 -0.000000000000000000e+00 -0.000000000000000000e+00
5.625625625625625403e+00 -0.000000000000000000e+00 -0.000000000000000000e+00
5.630630630630630407e+00 -0.000000000000000000e+00 -0.000000000000000000e+00
5.635635635635635410e+00 -0.000000000000000000e+00 -0.000000000000000000e+00
5.640640640640640413e+00 -0.000000000000000000e+00 -0.000000000000000000e+00
5.645645645645645416e+00 -0.000000000000000000e+00 -0.000000000000000000e+00
5.650650650650650419e+00 -0.000000000000000000e+00 -0.000000000000000000e+00
5.655655655655655423e+00 -0.000000000000000000e+00 -0.000000000000000000e+00
5.660660660660660426e+00 -0.000000000000000000e+00 -0.000000000000000000e+00
5.665665665665665429e+00 -0.000000000000000000e+00 -0.000000000000000000e+00
5.670670670670671321e+00 -0.000000000000000000e+00 -0.000000000000000000e+00
5.675675675675675436e+00 -0.000000000000000000e+00 -0.000000000000000000e+00
5.680680680680680439e+00 -0.000000000000000000e+00 -0.000000000000000000e+00
5.685685685685685442e+00 -0.000000000000000000e+00 -0.000000000000000000e+00
5.690690690690690445e+00 -0.000000000000000000e+00 -0.000000000000000000e+00
5.695695695695695449e+00 -0.000000000000000000e+00 -0.000000000000000000e+00
5.700700700700700452e+00 -0.000000000000000000e+00 -0.000000000000000000e+00
5.705705705705705455e+00 -0.000000000000000000e+00 -0.000000000000000000e+00
5.710710710710710458e+00 -0.000000000000000000e+00 -0.000000000000000000e+00
5.715715715715715461e+00 -0.000000000000000000e+00 -0.000000000000000000e+00
5.720720720720721353e+00 -0.000000000000000000e+00 -0.000000000000000000e+00
5.725725725725725468e+00 -0.000000000000000000e+00 -0.000000000000000000e+00
5.730730730730730471e+00 -0.000000000000000000e+00 -0.000000000000000000e+00
5.735735735735735474e+00 -0.000000000000000000e+00 -0.000000000000000000e+00
5.740740740740740478e+00 -0.000000000000000000e+00 -0.000000000000000000e+00
5.745745745745746369e+00 -0.000000000000000000e+00 -0.000000000000000000e+00
5.750750750750750484e+00 -0.000000000000000000e+00 -0.000000000000000000e+00
5.755755755755755487e+00 -0.000000000000000000e+00 -0.000000000000000000e+00
5.760760760760760490e+00 -0.000000000000000000e+00 -0.000000000000000000e+00
5.765765765765765494e+00 -0.000000000000000000e+00 -0.000000000000000000e+00
5.770770770770771385e+00 -0.000000000000000000e+00 -0.000000000000000000e+00
5.775775775775775500e+00 -0.000000000000000000e+00 -0.000000000000000000e+00
5.780780780780780503e+00 -0.000000000000000000e+00 -0.000000000000000000e+00
5.785785785785785507e+00 -0.000000000000000000e+00 -0.000000000000000000e+00
5.790790790790790510e+00 -0.000000000000000000e+00 -0.000000000000000000e+00
5.795795795795796401e+00 -0.000000000000000000e+00 -0.000000000000000000e+00
5.800800800800800516e+00 -0.000000000000000000e+00 -0.000000000000000000e+00
5.805805805805805520e+00 -0.000000000000000000e+00 -0.000000000000000000e+00
5.810810810810810523e+00 -0.000000000000000000e+00 -0.000000000000000000e+00
5.815815815815815526e+00 -0.000000000000000000e+00 -0.000000000000000000e+00
5.820820820820821417e+00 -0.000000000000000000e+00 -0.000000000000000000e+00
5.825825825825825532e+00 -0.000000000000000000e+00 -0.000000000000000000e+00
5.830830830830830536e+00 -0.000000000000000000e+00 -0.000000000000000000e+00
5.835835835835835539e+00 -0.000000000000000000e+00 -0.000000000000000000e+00
5.840840840840840542e+00 -0.000000000000000000e+00 -0.000000000000000000e+00
5.845845845845845545e+00 -0.000000000000000000e+00 -0.000000000000000000e+00
5.850850850850850549e+00 -0.000000000000000000e+00 -0.000000000000000000e+00
5.855855855855855552e+00 -0.000000000000000000e+00 -0.000000000000000000e+00
5.860860860860861443e+00 -0.000000000000000000e+00 -0.000000000000000000e+00
5.865865865865865558e+00 -0.000000000000000000e+00 -0.000000000000000000e+00
5.870870870870871450e+00 -0.000000000000000000e+00 -0.000000000000000000e+00
5.875875875875875565e+00 -0.000000000000000000e+00 -0.000000000000000000e+00
5.880880880880880568e+00 -0.000000000000000000e+00 -0.000000000000000000e+00
5.885885885885886459e+00 -0.000000000000000000e+00 -0.000000000000000000e+00
5.890890890890890574e+00 -0.000000000000000000e+00 -0.000000000000000000e+00
5.895895895895896466e+00 -0.000000000000000000e+00 -0.000000000000000000e+00
5.900900900900900581e+00 -0.000000000000000000e+00 -0.000000000000000000e+00
5.905905905905905584e+00 -0.000000000000000000e+00 -0.000000000000000000e+00
5.910910910910910587e+00 -0.000000000000000000e+00 -0.000000000000000000e+00
5.915915915915915591e+00 -0.000000000000000000e+00 -0.000000000000000000e+00
5.920920920920921482e+00 -0.000000000000000000e+00 -0.000000000000000000e+00
5.925925925925925597e+00 -0.000000000000000000e+00 -0.000000000000000000e+00
5.930930930930930600e+00 -0.000000000000000000e+00 -0.000000000000000000e+00
5.935935935935935603e+00 -0.000000000000000000e+00 -0.000000000000000000e+00
5.940940940940940607e+00 -0.000000000000000000e+00 -0.000000000000000000e+00
5.945945945945946498e+00 -0.000000000000000000e+00 -0.000000000000000000e+00
5.950950950950950613e+00 -0.000000000000000000e+00 -0.000000000000000000e+00
5.955955955955955616e+00 -0.000000000000000000e+00 -0.000000000000000000e+00
5.960960960960961508e+00 -0.000000000000000000e+00 -0.000000000000000000e+00
5.965965965965965623e+00 -0.000000000000000000e+00 -0.000000000000000000e+00
5.970970970970971514e+00 -0.000000000000000000e+00 -0.000000000000000000e+00
5.975975975975975629e+00 -0.000000000000000000e+00 -0.000000000000000000e+00
5.980980980980980632e+00 -0.000000000000000000e+00 -0.000000000000000000e+00
5.985985985985986524e+00 -0.000000000000000000e+00 -0.000000000000000000e+00
5.990990990990990639e+00 -0.000000000000000000e+00 -0.000000000000000000e+00
5.995995995995996530e+00 -0.000000000000000000e+00 -0.000000000000000000e+00
6.001001001001000645e+00 -0.000000000000000000e+00 -0.000000000000000000e+00
6.006006006006005649e+00 -0.000000000000000000e+00 -0.000000000000000000e+00
6.011011011011011540e+00 -0.000000000000000000e+00 -0.000000000000000000e+00
6.016016016016015655e+00 -0.000000000000000000e+00 -0.000000000000000000e+00
6.021021021021021546e+00 -0.000000000000000000e+00 -0.000000000000000000e+00
6.026026026026025662e+00 -0.000000000000000000e+00 -0.000000000000000000e+00
6.031031031031030665e+00 -0.000000000000000000e+00 -0.000000000000000000e+00
6.036036036036035668e+00 -0.000000000000000000e+00 -0.000000000000000000e+00
6.041041041041040671e+00 -0.000000000000000000e+00 -0.000000000000000000e+00
6.046046046046046563e+00 -0.000000000000000000e+00 -0.000000000000000000e+00
6.051051051051050678e+00 -0.000000000000000000e+00 -0.000000000000000000e+00
6.056056056056055681e+00 -0.000000000000000000e+00 -0.000000000000000000e+00
6.061061061061061572e+00 -0.000000000000000000e+00 -0.000000000000000000e+00
6.066066066066065687e+00 -0.000000000000000000e+00 -0.000000000000000000e+00
6.071071071071071579e+00 -0.000000000000000000e+00 -0.000000000000000000e+00
6.076076076076075694e+00 -0.000000000000000000e+00 -0.000000000000000000e+00
6.081081081081080697e+00 -0.000000000000000000e+00 -0.000000000000000000e+00
6.086086086086086588e+00 -0.000000000000000000e+00 -0.000000000000000000e+00
6.091091091091090703e+00 -0.000000000000000000e+00 -0.000000000000000000e+00
6.096096096096096595e+00 -0.000000000000000000e+00 -0.000000000000000000e+00
6.101101101101100710e+00 -0.000000000000000000e+00 -0.000000000000000000e+00
6.106106106106105713e+00 -0.000000000000000000e+00 -0.000000000000000000e+00
6.111111111111111605e+00 -0.000000000000000000e+00 -0.000000000000000000e+00
6.116116116116115720e+00 -0.000000000000000000e+00 -0.000000000000000000e+00
6.121121121121121611e+00 -0.000000000000000000e+00 -0.000000000000000000e+00
6.126126126126125726e+00 -0.000000000000000000e+00 -0.000000000000000000e+00
6.131131131131130729e+00 -0.000000000000000000e+00 -0.000000000000000000e+00
6.136136136136135732e+00 -0.000000000000000000e+00 -0.000000000000000000e+00
6.141141141141140736e+00 -0.000000000000000000e+00 -0.000000000000000000e+00
6.146146146146146627e+00 -0.000000000000000000e+00 -0.000000000000000000e+00
6.151151151151150742e+00 -0.000000000000000000e+00 -0.000000000000000000e+00
6.156156156156155745e+00 -0.000000000000000000e+00 -0.000000000000000000e+00
6.161161161161161637e+00 -0.000000000000000000e+00 -0.000000000000000000e+00
6.166166166166165752e+00 -0.000000000000000000e+00 -0.000000000000000000e+00
6.171171171171171643e+00 -0.000000000000000000e+00 -0.000000000000000000e+00
6.176176176176175758e+00 -0.000000000000000000e+00 -0.000000000000000000e+00
6.181181181181180762e+00 -0.000000000000000000e+00 -0.000000000000000000e+00
6.186186186186186653e+00 -0.000000000000000000e+00 -0.000000000000000000e+00
6.191191191191190768e+00 -0.000000000000000000e+00 -0.000000000000000000e+00
6.196196196196196659e+00 -0.000000000000000000e+00 -0.000000000000000000e+00
6.201201201201200774e+00 -0.000000000000000000e+00 -0.000000000000000000e+00
6.206206206206205778e+00 -0.000000000000000000e+00 -0.000000000000000000e+00
6.211211211211211669e+00 -0.000000000000000000e+00 -0.000000000000000000e+00
6.216216216216215784e+00 -0.000000000000000000e+00 -0.000000000000000000e+00
6.221221221221221676e+00 -0.000000000000000000e+00 -0.000000000000000000e+00
6.226226226226225791e+00 -0.000000000000000000e+00 -0.000000000000000000e+00
6.231231231231230794e+00 -0.000000000000000000e+00 -0.000000000000000000e+00
6.236236236236236685e+00 -0.000000000000000000e+00 -0.000000000000000000e+00
6.241241241241240800e+00 -0.000000000000000000e+00 -0.000000000000000000e+00
6.246246246246246692e+00 -0.000000000000000000e+00 -0.000000000000000000e+00
6.251251251251250807e+00 -0.000000000000000000e+00 -0.000000000000000000e+00
6.256256256256255810e+00 -0.000000000000000000e+00 -0.000000000000000000e+00
6.261261261261261701e+00 -0.000000000000000000e+00 -0.000000000000000000e+00
6.266266266266265816e+00 -0.000000000000000000e+00 -0.000000000000000000e+00
6.271271271271271708e+00 -0.000000000000000000e+00 -0.000000000000000000e+00
6.276276276276275823e+00 -0.000000000000000000e+00 -0.000000000000000000e+00
6.281281281281280826e+00 -0.000000000000000000e+00 -0.000000000000000000e+00
6.286286286286286717e+00 -0.000000000000000000e+00 -0.000000000000000000e+00
6.291291291291290833e+00 -0.000000000000000000e+00 -0.000000000000000000e+00
6.296296296296296724e+00 -0.000000000000000000e+00 -0.000000000000000000e+00
6.301301301301300839e+00 -0.000000000000000000e+00 -0.000000000000000000e+00
6.306306306306305842e+00 -0.000000000000000000e+00 -0.000000000000000000e+00
6.311311311311311734e+00 -0.000000000000000000e+00 -0.000000000000000000e+00
6.316316316316315849e+00 -0.000000000000000000e+00 -0.000000000000000000e+00
6.321321321321321740e+00 -0.000000000000000000e+00 -0.000000000000000000e+00
6.326326326326325855e+00 -0.000000000000000000e+00 -0.000000000000000000e+00
6.331331331331330858e+00 -0.000000000000000000e+00 -0.000000000000000000e+00
6.336336336336336750e+00 -0.000000000000000000e+00 -0.000000000000000000e+00
6.341341341341340865e+00 -0.000000000000000000e+00 -0.000000000000000000e+00
6.346346346346346756e+00 -0.000000000000000000e+00 -0.000000000000000000e+00
6.351351351351350871e+00 -0.000000000000000000e+00 -0.000000000000000000e+00
6.356356356356355874e+00 -0.000000000000000000e+00 -0.000000000000000000e+00
6.361361361361361766e+00 -0.000000000000000000e+00 -0.000000000000000000e+00
6.366366366366365881e+00 -0.000000000000000000e+00 -0.000000000000000000e+00
6.371371371371371772e+00 -0.000000000000000000e+00 -0.000000000000000000e+00
6.376376376376375887e+00 -0.000000000000000000e+00 -0.000000000000000000e+00
6.381381381381380891e+00 -0.000000000000000000e+00 -0.000000000000000000e+00
6.386386386386386782e+00 -0.000000000000000000e+00 -0.000000000000000000e+00
6.391391391391390897e+00 -0.000000000000000000e+00 -0.000000000000000000e+00
6.396396396396396788e+00 -0.000000000000000000e+00 -0.000000000000000000e+00
6.401401401401400904e+00 -0.000000000000000000e+00 -0.000000000000000000e+00
6.406406406406405907e+00 -0.000000000000000000e+00 -0.000000000000000000e+00
6.411411411411411798e+00 -0.000000000000000000e+00 -0.000000000000000000e+00
6.416416416416415913e+00 -0.000000000000000000e+00 -0.000000000000000000e+00
6.421421421421421805e+00 -0.000000000000000000e+00 -0.000000000000000000e+00
6.426426426426425920e+00 -0.000000000000000000e+00 -0.000000000000000000e+00
6.431431431431430923e+00 -0.000000000000000000e+00 -0.000000000000000000e+00
6.436436436436436814e+00 -0.000000000000000000e+00 -0.000000000000000000e+00
6.441441441441440929e+00 -0.000000000000000000e+00 -0.000000000000000000e+00
6.446446446446446821e+00 -0.000000000000000000e+00 -0.000000000000000000e+00
6.451451451451450936e+00 -0.000000000000000000e+00 -0.000000000000000000e+00
6.456456456456455939e+00 -0.000000000000000000e+00 -0.000000000000000000e+00
6.461461461461461830e+00 -0.000000000000000000e+00 -0.000000000000000000e+00
6.466466466466465945e+00 -0.000000000000000000e+00 -0.000000000000000000e+00
6.471471471471471837e+00 -0.000000000000000000e+00 -0.000000000000000000e+00
6.476476476476475952e+00 -0.000000000000000000e+00 -0.000000000000000000e+00
6.481481481481480955e+00 -0.000000000000000000e+00 -0.000000000000000000e+00
6.486486486486486847e+00 -0.000000000000000000e+00 -0.000000000000000000e+00
6.491491491491490962e+00 -0.000000000000000000e+00 -0.000000000000000000e+00
6.496496496496496853e+00 -0.000000000000000000e+00 -0.000000000000000000e+00
6.501501501501500968e+00 -0.000000000000000000e+00 -0.000000000000000000e+00
6.506506506506505971e+00 -0.000000000000000000e+00 -0.000000000000000000e+00
6.511511511511511863e+00 -0.000000000000000000e+00 -0.000000000000000000e+00
6.516516516516515978e+00 -0.000000000000000000e+00 -0.000000000000000000e+00
6.521521521521521869e+00 -0.000000000000000000e+00 -0.000000000000000000e+00
6.526526526526525984e+00 -0.000000000000000000e+00 -0.000000000000000000e+00
6.531531531531530987e+00 -0.000000000000000000e+00 -0.000000000000000000e+00
6.536536536536536879e+00 -0.000000000000000000e+00 -0.000000000000000000e+00
6.541541541541540994e+00 -0.000000000000000000e+00 -0.000000000000000000e+00
6.546546546546546885e+00 -0.000000000000000000e+00 -0.000000000000000000e+00
6.551551551551551000e+00 -0.000000000000000000e+00 -0.000000000000000000e+00
6.556556556556556004e+00 -0.000000000000000000e+00 -0.000000000000000000e+00
6.561561561561561895e+00 -0.000000000000000000e+00 -0.000000000000000000e+00
6.566566566566566010e+00 -0.000000000000000000e+00 -0.000000000000000000e+00
6.571571571571571901e+00 -0.000000000000000000e+00 -0.000000000000000000e+00
6.576576576576576016e+00 -0.000000000000000000e+00 -0.000000000000000000e+00
6.581581581581581020e+00 -0.000000000000000000e+00 -0.000000000000000000e+00
6.586586586586586911e+00 -0.000000000000000000e+00 -0.000000000000000000e+00
6.591591591591591026e+00 -0.000000000000000000e+00 -0.000000000000000000e+00
6.596596596596596918e+00 -0.000000000000000000e+00 -0.000000000000000000e+00
6.601601601601601033e+00 -0.000000000000000000e+00 -0.000000000000000000e+00
6.606606606606606036e+00 -0.000000000000000000e+00 -0.000000000000000000e+00
6.611611611611611927e+00 -0.000000000000000000e+00 -0.000000000000000000e+00
6.616616616616616042e+00 -0.000000000000000000e+00 -0.000000000000000000e+00
6.621621621621621934e+00 -0.000000000000000000e+00 -0.000000000000000000e+00
6.626626626626626049e+00 -0.000000000000000000e+00 -0.000000000000000000e+00
6.631631631631631052e+00 -0.000000000000000000e+00 -0.000000000000000000e+00
6.636636636636636943e+00 -0.000000000000000000e+00 -0.000000000000000000e+00
6.641641641641641058e+00 -0.000000000000000000e+00 -0.000000000000000000e+00
6.646646646646646950e+00 -0.000000000000000000e+00 -0.000000000000000000e+00
6.651651651651651065e+00 -0.000000000000000000e+00 -0.000000000000000000e+00
6.656656656656656068e+00 -0.000000000000000000e+00 -0.000000000000000000e+00
6.661661661661661959e+00 -0.000000000000000000e+00 -0.000000000000000000e+00
6.666666666666666075e+00 -0.000000000000000000e+00 -0.000000000000000000e+00
6.671671671671671966e+00 -0.000000000000000000e+00 -0.000000000000000000e+00
6.676676676676676081e+00 -0.000000000000000000e+00 -0.000000000000000000e+00
6.681681681681681084e+00 -0.000000000000000000e+00 -0.000000000000000000e+00
6.686686686686686976e+00 -0.000000000000000000e+00 -0.000000000000000000e+00
6.691691691691691091e+00 -0.000000000000000000e+00 -0.000000000000000000e+00
6.696696696696696982e+00 -0.000000000000000000e+00 -0.000000000000000000e+00
6.701701701701701097e+00 -0.000000000000000000e+00 -0.000000000000000000e+00
6.706706706706706100e+00 -0.000000000000000000e+00 -0.000000000000000000e+00
6.711711711711711992e+00 -0.000000000000000000e+00 -0.000000000000000000e+00
6.716716716716716107e+00 -0.000000000000000000e+00 -0.000000000000000000e+00
6.721721721721721998e+00 -0.000000000000000000e+00 -0.000000000000000000e+00
6.726726726726726113e+00 -0.000000000000000000e+00 -0.000000000000000000e+00
6.731731731731731116e+00 -0.000000000000000000e+00 -0.000000000000000000e+00
6.736736736736737008e+00 -0.000000000000000000e+00 -0.000000000000000000e+00
6.741741741741741123e+00 -0.000000000000000000e+00 -0.000000000000000000e+00
6.746746746746747014e+00 -0.000000000000000000e+00 -0.000000000000000000e+00
6.751751751751751129e+00 -0.000000000000000000e+00 -0.000000000000000000e+00
6.756756756756756133e+00 -0.000000000000000000e+00 -0.000000000000000000e+00
6.761761761761762024e+00 -0.000000000000000000e+00 -0.000000000000000000e+00
6.766766766766767915e+00 -0.000000000000000000e+00 -0.000000000000000000e+00
6.771771771771772030e+00 -0.000000000000000000e+00 -0.000000000000000000e+00
6.776776776776776146e+00 -0.000000000000000000e+00 -0.000000000000000000e+00
6.781781781781781149e+00 -0.000000000000000000e+00 -0.000000000000000000e+00
6.786786786786787040e+00 -0.000000000000000000e+00 -0.000000000000000000e+00
6.791791791791791155e+00 -0.000000000000000000e+00 -0.000000000000000000e+00
6.796796796796797047e+00 -0.000000000000000000e+00 -0.000000000000000000e+00
6.801801801801801162e+00 -0.000000000000000000e+00 -0.000000000000000000e+00
6.806806806806806165e+00 -0.000000000000000000e+00 -0.000000000000000000e+00
6.811811811811812056e+00 -0.000000000000000000e+00 -0.000000000000000000e+00
6.816816816816816171e+00 -0.000000000000000000e+00 -0.000000000000000000e+00
6.821821821821822063e+00 -0.000000000000000000e+00 -0.000000000000000000e+00
6.826826826826827066e+00 -0.000000000000000000e+00 -0.000000000000000000e+00
6.831831831831831181e+00 -0.000000000000000000e+00 -0.000000000000000000e+00
6.836836836836837072e+00 -0.000000000000000000e+00 -0.000000000000000000e+00
6.841841841841841187e+00 -0.000000000000000000e+00 -0.000000000000000000e+00
6.846846846846847079e+00 -0.000000000000000000e+00 -0.000000000000000000e+00
6.851851851851851194e+00 -0.000000000000000000e+00 -0.000000000000000000e+00
6.856856856856856197e+00 -0.000000000000000000e+00 -0.000000000000000000e+00
6.861861861861862089e+00 -0.000000000000000000e+00 -0.000000000000000000e+00
6.866866866866866204e+00 -0.000000000000000000e+00 -0.000000000000000000e+00
6.871871871871872095e+00 -0.000000000000000000e+00 -0.000000000000000000e+00
6.876876876876876210e+00 -0.000000000000000000e+00 -0.000000000000000000e+00
6.881881881881881213e+00 -0.000000000000000000e+00 -0.000000000000000000e+00
6.886886886886887105e+00 -0.000000000000000000e+00 -0.000000000000000000e+00
6.891891891891892996e+00 -0.000000000000000000e+00 -0.000000000000000000e+00
6.896896896896897111e+00 -0.000000000000000000e+00 -0.000000000000000000e+00
6.901901901901901226e+00 -0.000000000000000000e+00 -0.000000000000000000e+00
6.906906906906906229e+00 -0.000000000000000000e+00 -0.000000000000000000e+00
6.911911911911912121e+00 -0.000000000000000000e+00 -0.000000000000000000e+00
6.916916916916916236e+00 -0.000000000000000000e+00 -0.000000000000000000e+00
6.921921921921922127e+00 -0.000000000000000000e+00 -0.000000000000000000e+00
6.926926926926926242e+00 -0.000000000000000000e+00 -0.000000000000000000e+00
6.931931931931931246e+00 -0.000000000000000000e+00 -0.000000000000000000e+00
6.936936936936937137e+00 -0.000000000000000000e+00 -0.000000000000000000e+00
6.941941941941941252e+00 -0.000000000000000000e+00 -0.000000000000000000e+00
6.946946946946947143e+00 -0.000000000000000000e+00 -0.000000000000000000e+00
6.951951951951951258e+00 -0.000000000000000000e+00 -0.000000000000000000e+00
6.956956956956956262e+00 -0.000000000000000000e+00 -0.000000000000000000e+00
6.961961961961962153e+00 -0.000000000000000000e+00 -0.000000000000000000e+00
6.966966966966968045e+00 -0.000000000000000000e+00 -0.000000000000000000e+00
6.971971971971972160e+00 -0.000000000000000000e+00 -0.000000000000000000e+00
6.976976976976976275e+00 -0.000000000000000000e+00 -0.000000000000000000e+00
6.981981981981981278e+00 -0.000000000000000000e+00 -0.000000000000000000e+00
6.986986986986987169e+00 -0.000000000000000000e+00 -0.000000000000000000e+00
6.991991991991991284e+00 -0.000000000000000000e+00 -0.000000000000000000e+00
6.996996996996997176e+00 -0.000000000000000000e+00 -0.000000000000000000e+00
7.002002002002001291e+00 -0.000000000000000000e+00 -0.000000000000000000e+00
7.007007007007006294e+00 -0.000000000000000000e+00 -0.000000000000000000e+00
7.012012012012012185e+00 -0.000000000000000000e+00 -0.000000000000000000e+00
7.017017017017016300e+00 -0.000000000000000000e+00 -0.000000000000000000e+00
7.022022022022022192e+00 -0.000000000000000000e+00 -0.000000000000000000e+00
7.027027027027027195e+00 -0.000000000000000000e+00 -0.000000000000000000e+00
7.032032032032031310e+00 -0.000000000000000000e+00 -0.000000000000000000e+00
7.037037037037037202e+00 -0.000000000000000000e+00 -0.000000000000000000e+00
7.042042042042041317e+00 -0.000000000000000000e+00 -0.000000000000000000e+00
7.047047047047047208e+00 -0.000000000000000000e+00 -0.000000000000000000e+00
7.052052052052051323e+00 -0.000000000000000000e+00 -0.000000000000000000e+00
7.057057057057056326e+00 -0.000000000000000000e+00 -0.000000000000000000e+00
7.062062062062062218e+00 -0.000000000000000000e+00 -0.000000000000000000e+00
7.067067067067066333e+00 -0.000000000000000000e+00 -0.000000000000000000e+00
7.072072072072072224e+00 -0.000000000000000000e+00 -0.000000000000000000e+00
7.077077077077076339e+00 -0.000000000000000000e+00 -0.000000000000000000e+00
7.082082082082081342e+00 -0.000000000000000000e+00 -0.000000000000000000e+00
7.087087087087087234e+00 -0.000000000000000000e+00 -0.000000000000000000e+00
7.092092092092093125e+00 -0.000000000000000000e+00 -0.000000000000000000e+00
7.097097097097097240e+00 -0.000000000000000000e+00 -0.000000000000000000e+00
7.102102102102101355e+00 -0.000000000000000000e+00 -0.000000000000000000e+00
7.107107107107106359e+00 -0.000000000000000000e+00 -0.000000000000000000e+00
7.112112112112112250e+00 -0.000000000000000000e+00 -0.000000000000000000e+00
7.117117117117116365e+00 -0.000000000000000000e+00 -0.000000000000000000e+00
7.122122122122122256e+00 -0.000000000000000000e+00 -0.000000000000000000e+00
7.127127127127126371e+00 -0.000000000000000000e+00 -0.000000000000000000e+00
7.132132132132131375e+00 -0.000000000000000000e+00 -0.000000000000000000e+00
7.137137137137137266e+00 -0.000000000000000000e+00 -0.000000000000000000e+00
7.142142142142141381e+00 -0.000000000000000000e+00 -0.000000000000000000e+00
7.147147147147147273e+00 -0.000000000000000000e+00 -0.000000000000000000e+00
7.152152152152152276e+00 -0.000000000000000000e+00 -0.000000000000000000e+00
7.157157157157156391e+00 -0.000000000000000000e+00 -0.000000000000000000e+00
7.162162162162162282e+00 -0.000000000000000000e+00 -0.000000000000000000e+00
7.167167167167168174e+00 -0.000000000000000000e+00 -0.000000000000000000e+00
7.172172172172172289e+00 -0.000000000000000000e+00 -0.000000000000000000e+00
7.177177177177176404e+00 -0.000000000000000000e+00 -0.000000000000000000e+00
7.182182182182181407e+00 -0.000000000000000000e+00 -0.000000000000000000e+00
7.187187187187187298e+00 -0.000000000000000000e+00 -0.000000000000000000e+00
7.192192192192191413e+00 -0.000000000000000000e+00 -0.000000000000000000e+00
7.197197197197197305e+00 -0.000000000000000000e+00 -0.000000000000000000e+00
7.202202202202201420e+00 -0.000000000000000000e+00 -0.000000000000000000e+00
7.207207207207206423e+00 -0.000000000000000000e+00 -0.000000000000000000e+00
7.212212212212212314e+00 -0.000000000000000000e+00 -0.000000000000000000e+00
7.217217217217218206e+00 -0.000000000000000000e+00 -0.000000000000000000e+00
7.222222222222222321e+00 -0.000000000000000000e+00 -0.000000000000000000e+00
7.227227227227227324e+00 -0.000000000000000000e+00 -0.000000000000000000e+00
7.232232232232231439e+00 -0.000000000000000000e+00 -0.000000000000000000e+00
7.237237237237237331e+00 -0.000000000000000000e+00 -0.000000000000000000e+00
7.242242242242243222e+00 -0.000000000000000000e+00 -0.000000000000000000e+00
7.247247247247247337e+00 -0.000000000000000000e+00 -0.000000000000000000e+00
7.252252252252251452e+00 -0.000000000000000000e+00 -0.000000000000000000e+00
7.257257257257256455e+00 -0.000000000000000000e+00 -0.000000000000000000e+00
7.262262262262262347e+00 -0.000000000000000000e+00 -0.000000000000000000e+00
7.267267267267266462e+00 -0.000000000000000000e+00 -0.000000000000000000e+00
7.272272272272272353e+00 -0.000000000000000000e+00 -0.000000000000000000e+00
7.277277277277277356e+00 -0.000000000000000000e+00 -0.000000000000000000e+00
7.282282282282281471e+00 -0.000000000000000000e+00 -0.000000000000000000e+00
7.287287287287287363e+00 -0.000000000000000000e+00 -0.000000000000000000e+00
7.292292292292293254e+00 -0.000000000000000000e+00 -0.000000000000000000e+00
7.297297297297297369e+00 -0.000000000000000000e+00 -0.000000000000000000e+00
7.302302302302301484e+00 -0.000000000000000000e+00 -0.000000000000000000e+00
7.307307307307306488e+00 -0.000000000000000000e+00 -0.000000000000000000e+00
7.312312312312312379e+00 -0.000000000000000000e+00 -0.000000000000000000e+00
7.317317317317316494e+00 -0.000000000000000000e+00 -0.000000000000000000e+00
7.322322322322322385e+00 -0.000000000000000000e+00 -0.000000000000000000e+00
7.327327327327326500e+00 -0.000000000000000000e+00 -0.000000000000000000e+00
7.332332332332331504e+00 -0.000000000000000000e+00 -0.000000000000000000e+00
7.337337337337337395e+00 -0.000000000000000000e+00 -0.000000000000000000e+00
7.342342342342343287e+00 -0.000000000000000000e+00 -0.000000000000000000e+00
7.347347347347347402e+00 -0.000000000000000000e+00 -0.000000000000000000e+00
7.352352352352352405e+00 -0.000000000000000000e+00 -0.000000000000000000e+00
7.357357357357356520e+00 -0.000000000000000000e+00 -0.000000000000000000e+00
7.362362362362362411e+00 -0.000000000000000000e+00 -0.000000000000000000e+00
7.367367367367368303e+00 -0.000000000000000000e+00 -0.000000000000000000e+00
7.372372372372372418e+00 -0.000000000000000000e+00 -0.000000000000000000e+00
7.377377377377376533e+00 -0.000000000000000000e+00 -0.000000000000000000e+00
7.382382382382381536e+00 -0.000000000000000000e+00 -0.000000000000000000e+00
7.387387387387387427e+00 -0.000000000000000000e+00 -0.000000000000000000e+00
7.392392392392391542e+00 -0.000000000000000000e+00 -0.000000000000000000e+00
7.397397397397397434e+00 -0.000000000000000000e+00 -0.000000000000000000e+00
7.402402402402402437e+00 -0.000000000000000000e+00 -0.000000000000000000e+00
7.407407407407406552e+00 -0.000000000000000000e+00 -0.000000000000000000e+00
7.412412412412412444e+00 -0.000000000000000000e+00 -0.000000000000000000e+00
7.417417417417418335e+00 -0.000000000000000000e+00 -0.000000000000000000e+00
7.422422422422422450e+00 -0.000000000000000000e+00 -0.000000000000000000e+00
7.427427427427427453e+00 -0.000000000000000000e+00 -0.000000000000000000e+00
7.432432432432431568e+00 -0.000000000000000000e+00 -0.000000000000000000e+00
7.437437437437437460e+00 -0.000000000000000000e+00 -0.000000000000000000e+00
7.442442442442443351e+00 -0.000000000000000000e+00 -0.000000000000000000e+00
7.447447447447447466e+00 -0.000000000000000000e+00 -0.000000000000000000e+00
7.452452452452451581e+00 -0.000000000000000000e+00 -0.000000000000000000e+00
7.457457457457456584e+00 -0.000000000000000000e+00 -0.000000000000000000e+00
7.462462462462462476e+00 -0.000000000000000000e+00 -0.000000000000000000e+00
7.467467467467468367e+00 -0.000000000000000000e+00 -0.000000000000000000e+00
7.472472472472472482e+00 -0.000000000000000000e+00 -0.000000000000000000e+00
7.477477477477477485e+00 -0.000000000000000000e+00 -0.000000000000000000e+00
7.482482482482481601e+00 -0.000000000000000000e+00 -0.000000000000000000e+00
7.487487487487487492e+00 -0.000000000000000000e+00 -0.000000000000000000e+00
7.492492492492493383e+00 -0.000000000000000000e+00 -0.000000000000000000e+00
7.497497497497497498e+00 -0.000000000000000000e+00 -0.000000000000000000e+00
7.502502502502501613e+00 -0.000000000000000000e+00 -0.000000000000000000e+00
7.507507507507506617e+00 -0.000000000000000000e+00 -0.000000000000000000e+00
7.512512512512512508e+00 -0.000000000000000000e+00 -0.000000000000000000e+00
7.517517517517518399e+00 -0.000000000000000000e+00 -0.000000000000000000e+00
7.522522522522522515e+00 -0.000000000000000000e+00 -0.000000000000000000e+00
7.527527527527526630e+00 -0.000000000000000000e+00 -0.000000000000000000e+00
7.532532532532531633e+00 -0.000000000000000000e+00 -0.000000000000000000e+00
7.537537537537537524e+00 -0.000000000000000000e+00 -0.000000000000000000e+00
7.542542542542543416e+00 -0.000000000000000000e+00 -0.000000000000000000e+00
7.547547547547547531e+00 -0.000000000000000000e+00 -0.000000000000000000e+00
7.552552552552551646e+00 -0.000000000000000000e+00 -0.000000000000000000e+00
7.557557557557556649e+00 -0.000000000000000000e+00 -0.000000000000000000e+00
7.562562562562562540e+00 -0.000000000000000000e+00 -0.000000000000000000e+00
7.567567567567568432e+00 -0.000000000000000000e+00 -0.000000000000000000e+00
7.572572572572572547e+00 -0.000000000000000000e+00 -0.000000000000000000e+00
7.577577577577576662e+00 -0.000000000000000000e+00 -0.000000000000000000e+00
7.582582582582581665e+00 -0.000000000000000000e+00 -0.000000000000000000e+00
7.587587587587587556e+00 -0.000000000000000000e+00 -0.000000000000000000e+00
7.592592592592593448e+00 -0.000000000000000000e+00 -0.000000000000000000e+00
7.597597597597597563e+00 -0.000000000000000000e+00 -0.000000000000000000e+00
7.602602602602602566e+00 -0.000000000000000000e+00 -0.000000000000000000e+00
7.607607607607606681e+00 -0.000000000000000000e+00 -0.000000000000000000e+00
7.612612612612612573e+00 -0.000000000000000000e+00 -0.000000000000000000e+00
7.617617617617618464e+00 -0.000000000000000000e+00 -0.000000000000000000e+00
7.622622622622622579e+00 -0.000000000000000000e+00 -0.000000000000000000e+00
7.627627627627626694e+00 -0.000000000000000000e+00 -0.000000000000000000e+00
7.632632632632631697e+00 -0.000000000000000000e+00 -0.000000000000000000e+00
7.637637637637637589e+00 -0.000000000000000000e+00 -0.000000000000000000e+00
7.642642642642643480e+00 -0.000000000000000000e+00 -0.000000000000000000e+00
7.647647647647647595e+00 -0.000000000000000000e+00 -0.000000000000000000e+00
7.652652652652651710e+00 -0.000000000000000000e+00 -0.000000000000000000e+00
7.657657657657656713e+00 -0.000000000000000000e+00 -0.000000000000000000e+00
7.662662662662662605e+00 -0.000000000000000000e+00 -0.000000000000000000e+00
7.667667667667668496e+00 -0.000000000000000000e+00 -0.000000000000000000e+00
7.672672672672672611e+00 -0.000000000000000000e+00 -0.000000000000000000e+00
7.677677677677677615e+00 -0.000000000000000000e+00 -0.000000000000000000e+00
7.682682682682681730e+00 -0.000000000000000000e+00 -0.000000000000000000e+00
7.687687687687687621e+00 -0.000000000000000000e+00 -0.000000000000000000e+00
7.692692692692693512e+00 -0.000000000000000000e+00 -0.000000000000000000e+00
7.697697697697697627e+00 -0.000000000000000000e+00 -0.000000000000000000e+00
7.702702702702701743e+00 -0.000000000000000000e+00 -0.000000000000000000e+00
7.707707707707706746e+00 -0.000000000000000000e+00 -0.000000000000000000e+00
7.712712712712712637e+00 -0.000000000000000000e+00 -0.000000000000000000e+00
7.717717717717718529e+00 -0.000000000000000000e+00 -0.000000000000000000e+00
7.722722722722722644e+00 -0.000000000000000000e+00 -0.000000000000000000e+00
7.727727727727727647e+00 -0.000000000000000000e+00 -0.000000000000000000e+00
7.732732732732731762e+00 -0.000000000000000000e+00 -0.000000000000000000e+00
7.737737737737737653e+00 -0.000000000000000000e+00 -0.000000000000000000e+00
7.742742742742743545e+00 -0.000000000000000000e+00 -0.000000000000000000e+00
7.747747747747747660e+00 -0.000000000000000000e+00 -0.000000000000000000e+00
7.752752752752751775e+00 -0.000000000000000000e+00 -0.000000000000000000e+00
7.757757757757756778e+00 -0.000000000000000000e+00 -0.000000000000000000e+00
7.762762762762762669e+00 -0.000000000000000000e+00 -0.000000000000000000e+00
7.767767767767768561e+00 -0.000000000000000000e+00 -0.000000000000000000e+00
7.772772772772772676e+00 -0.000000000000000000e+00 -0.000000000000000000e+00
7.777777777777776791e+00 -0.000000000000000000e+00 -0.000000000000000000e+00
7.782782782782781794e+00 -0.000000000000000000e+00 -0.000000000000000000e+00
7.787787787787787686e+00 -0.000000000000000000e+00 -0.000000000000000000e+00
7.792792792792793577e+00 -0.000000000000000000e+00 -0.000000000000000000e+00
7.797797797797797692e+00 -0.000000000000000000e+00 -0.000000000000000000e+00
7.802802802802802695e+00 -0.000000000000000000e+00 -0.000000000000000000e+00
7.807807807807806810e+00 -0.000000000000000000e+00 -0.000000000000000000e+00
7.812812812812812702e+00 -0.000000000000000000e+00 -0.000000000000000000e+00
7.817817817817818593e+00 -0.000000000000000000e+00 -0.000000000000000000e+00
7.822822822822822708e+00 -0.000000000000000000e+00 -0.000000000000000000e+00
7.827827827827826823e+00 -0.000000000000000000e+00 -0.000000000000000000e+00
7.832832832832831826e+00 -0.000000000000000000e+00 -0.000000000000000000e+00
7.837837837837837718e+00 -0.000000000000000000e+00 -0.000000000000000000e+00
7.842842842842843609e+00 -0.000000000000000000e+00 -0.000000000000000000e+00
7.847847847847847724e+00 -0.000000000000000000e+00 -0.000000000000000000e+00
7.852852852852852727e+00 -0.000000000000000000e+00 -0.000000000000000000e+00
7.857857857857856843e+00 -0.000000000000000000e+00 -0.000000000000000000e+00
7.862862862862862734e+00 -0.000000000000000000e+00 -0.000000000000000000e+00
7.867867867867868625e+00 -0.000000000000000000e+00 -0.000000000000000000e+00
7.872872872872872740e+00 -0.000000000000000000e+00 -0.000000000000000000e+00
7.877877877877877744e+00 -0.000000000000000000e+00 -0.000000000000000000e+00
7.882882882882881859e+00 -0.000000000000000000e+00 -0.000000000000000000e+00
7.887887887887887750e+00 -0.000000000000000000e+00 -0.000000000000000000e+00
7.892892892892893641e+00 -0.000000000000000000e+00 -0.000000000000000000e+00
7.897897897897897757e+00 -0.000000000000000000e+00 -0.000000000000000000e+00
7.902902902902901872e+00 -0.000000000000000000e+00 -0.000000000000000000e+00
7.907907907907906875e+00 -0.000000000000000000e+00 -0.000000000000000000e+00
7.912912912912912766e+00 -0.000000000000000000e+00 -0.000000000000000000e+00
7.917917917917918658e+00 -0.000000000000000000e+00 -0.000000000000000000e+00
7.922922922922923661e+00 -0.000000000000000000e+00 -0.000000000000000000e+00
7.927927927927927776e+00 -0.000000000000000000e+00 -0.000000000000000000e+00
7.932932932932931891e+00 -0.000000000000000000e+00 -0.000000000000000000e+00
7.937937937937937782e+00 -0.000000000000000000e+00 -0.000000000000000000e+00
7.942942942942943674e+00 -0.000000000000000000e+00 -0.000000000000000000e+00
7.947947947947947789e+00 -0.000000000000000000e+00 -0.000000000000000000e+00
7.952952952952951904e+00 -0.000000000000000000e+00 -0.000000000000000000e+00
7.957957957957956907e+00 -0.000000000000000000e+00 -0.000000000000000000e+00
7.962962962962962798e+00 -0.000000000000000000e+00 -0.000000000000000000e+00
7.967967967967968690e+00 -0.000000000000000000e+00 -0.000000000000000000e+00
7.972972972972972805e+00 -0.000000000000000000e+00 -0.000000000000000000e+00
7.977977977977976920e+00 -0.000000000000000000e+00 -0.000000000000000000e+00
7.982982982982981923e+00 -0.000000000000000000e+00 -0.000000000000000000e+00
7.987987987987987815e+00 -0.000000000000000000e+00 -0.000000000000000000e+00
7.992992992992993706e+00 -0.000000000000000000e+00 -0.000000000000000000e+00
7.997997997997997821e+00 -0.000000000000000000e+00 -0.000000000000000000e+00
8.003003003003003712e+00 -0.000000000000000000e+00 -0.000000000000000000e+00
8.008008008008006939e+00 -0.000000000000000000e+00 -0.000000000000000000e+00
8.013013013013011943e+00 -0.000000000000000000e+00 -0.000000000000000000e+00
8.018018018018018722e+00 -0.000000000000000000e+00 -0.000000000000000000e+00
8.023023023023021949e+00 -0.000000000000000000e+00 -0.000000000000000000e+00
8.028028028028026952e+00 -0.000000000000000000e+00 -0.000000000000000000e+00
8.033033033033031955e+00 -0.000000000000000000e+00 -0.000000000000000000e+00
8.038038038038038735e+00 -0.000000000000000000e+00 -0.000000000000000000e+00
8.043043043043043738e+00 -0.000000000000000000e+00 -0.000000000000000000e+00
8.048048048048048742e+00 -0.000000000000000000e+00 -0.000000000000000000e+00
8.053053053053053745e+00 -0.000000000000000000e+00 -0.000000000000000000e+00
8.058058058058056972e+00 -0.000000000000000000e+00 -0.000000000000000000e+00
8.063063063063061975e+00 -0.000000000000000000e+00 -0.000000000000000000e+00
8.068068068068068754e+00 -0.000000000000000000e+00 -0.000000000000000000e+00
8.073073073073071981e+00 -0.000000000000000000e+00 -0.000000000000000000e+00
8.078078078078078761e+00 -0.000000000000000000e+00 -0.000000000000000000e+00
8.083083083083081988e+00 -0.000000000000000000e+00 -0.000000000000000000e+00
8.088088088088088767e+00 -0.000000000000000000e+00 -0.000000000000000000e+00
8.093093093093093771e+00 -0.000000000000000000e+00 -0.000000000000000000e+00
8.098098098098096997e+00 -0.000000000000000000e+00 -0.000000000000000000e+00
8.103103103103102001e+00 -0.000000000000000000e+00 -0.000000000000000000e+00
8.108108108108107004e+00 -0.000000000000000000e+00 -0.000000000000000000e+00
8.113113113113112007e+00 -0.000000000000000000e+00 -0.000000000000000000e+00
8.118118118118118787e+00 -0.000000000000000000e+00 -0.000000000000000000e+00
8.123123123123123790e+00 -0.000000000000000000e+00 -0.000000000000000000e+00
8.128128128128128793e+00 -0.000000000000000000e+00 -0.000000000000000000e+00
8.133133133133132020e+00 -0.000000000000000000e+00 -0.000000000000000000e+00
8.138138138138138800e+00 -0.000000000000000000e+00 -0.000000000000000000e+00
8.143143143143143803e+00 -0.000000000000000000e+00 -0.000000000000000000e+00
8.148148148148147030e+00 -0.000000000000000000e+00 -0.000000000000000000e+00
8.153153153153152033e+00 -0.000000000000000000e+00 -0.000000000000000000e+00
8.158158158158157036e+00 -0.000000000000000000e+00 -0.000000000000000000e+00
8.163163163163162039e+00 -0.000000000000000000e+00 -0.000000000000000000e+00
8.168168168168168819e+00 -0.000000000000000000e+00 -0.000000000000000000e+00
8.173173173173173822e+00 -0.000000000000000000e+00 -0.000000000000000000e+00
8.178178178178178825e+00 -0.000000000000000000e+00 -0.000000000000000000e+00
8.183183183183182052e+00 -0.000000000000000000e+00 -0.000000000000000000e+00
8.188188188188188832e+00 -0.000000000000000000e+00 -0.000000000000000000e+00
8.193193193193193835e+00 -0.000000000000000000e+00 -0.000000000000000000e+00
8.198198198198197062e+00 -0.000000000000000000e+00 -0.000000000000000000e+00
8.203203203203203842e+00 -0.000000000000000000e+00 -0.000000000000000000e+00
8.208208208208207068e+00 -0.000000000000000000e+00 -0.000000000000000000e+00
8.213213213213212072e+00 -0.000000000000000000e+00 -0.000000000000000000e+00
8.218218218218218851e+00 -0.000000000000000000e+00 -0.000000000000000000e+00
8.223223223223222078e+00 -0.000000000000000000e+00 -0.000000000000000000e+00
8.228228228228228858e+00 -0.000000000000000000e+00 -0.000000000000000000e+00
8.233233233233232085e+00 -0.000000000000000000e+00 -0.000000000000000000e+00
8.238238238238238864e+00 -0.000000000000000000e+00 -0.000000000000000000e+00
8.243243243243243867e+00 -0.000000000000000000e+00 -0.000000000000000000e+00
8.248248248248248871e+00 -0.000000000000000000e+00 -0.000000000000000000e+00
8.253253253253252097e+00 -0.000000000000000000e+00 -0.000000000000000000e+00
8.258258258258257101e+00 -0.000000000000000000e+00 -0.000000000000000000e+00
8.263263263263262104e+00 -0.000000000000000000e+00 -0.000000000000000000e+00
8.268268268268268884e+00 -0.000000000000000000e+00 -0.000000000000000000e+00
8.273273273273273887e+00 -0.000000000000000000e+00 -0.000000000000000000e+00
8.278278278278278890e+00 -0.000000000000000000e+00 -0.000000000000000000e+00
8.283283283283282117e+00 -0.000000000000000000e+00 -0.000000000000000000e+00
8.288288288288288896e+00 -0.000000000000000000e+00 -0.000000000000000000e+00
8.293293293293293900e+00 -0.000000000000000000e+00 -0.000000000000000000e+00
8.298298298298297127e+00 -0.000000000000000000e+00 -0.000000000000000000e+00
8.303303303303303906e+00 -0.000000000000000000e+00 -0.000000000000000000e+00
8.308308308308307133e+00 -0.000000000000000000e+00 -0.000000000000000000e+00
8.313313313313312136e+00 -0.000000000000000000e+00 -0.000000000000000000e+00
8.318318318318318916e+00 -0.000000000000000000e+00 -0.000000000000000000e+00
8.323323323323323919e+00 -0.000000000000000000e+00 -0.000000000000000000e+00
8.328328328328327146e+00 -0.000000000000000000e+00 -0.000000000000000000e+00
8.333333333333332149e+00 -0.000000000000000000e+00 -0.000000000000000000e+00
8.338338338338338929e+00 -0.000000000000000000e+00 -0.000000000000000000e+00
8.343343343343343932e+00 -0.000000000000000000e+00 -0.000000000000000000e+00
8.348348348348348935e+00 -0.000000000000000000e+00 -0.000000000000000000e+00
8.353353353353353938e+00 -0.000000000000000000e+00 -0.000000000000000000e+00
8.358358358358357165e+00 -0.000000000000000000e+00 -0.000000000000000000e+00
8.363363363363362168e+00 -0.000000000000000000e+00 -0.000000000000000000e+00
8.368368368368368948e+00 -0.000000000000000000e+00 -0.000000000000000000e+00
8.373373373373372175e+00 -0.000000000000000000e+00 -0.000000000000000000e+00
8.378378378378378954e+00 -0.000000000000000000e+00 -0.000000000000000000e+00
8.383383383383382181e+00 -0.000000000000000000e+00 -0.000000000000000000e+00
8.388388388388388961e+00 -0.000000000000000000e+00 -0.000000000000000000e+00
8.393393393393393964e+00 -0.000000000000000000e+00 -0.000000000000000000e+00
8.398398398398398967e+00 -0.000000000000000000e+00 -0.000000000000000000e+00
8.403403403403403971e+00 -0.000000000000000000e+00 -0.000000000000000000e+00
8.408408408408407197e+00 -0.000000000000000000e+00 -0.000000000000000000e+00
8.413413413413412201e+00 -0.000000000000000000e+00 -0.000000000000000000e+00
8.418418418418418980e+00 -0.000000000000000000e+00 -0.000000000000000000e+00
8.423423423423423984e+00 -0.000000000000000000e+00 -0.000000000000000000e+00
8.428428428428427210e+00 -0.000000000000000000e+00 -0.000000000000000000e+00
8.433433433433432214e+00 -0.000000000000000000e+00 -0.000000000000000000e+00
8.438438438438438993e+00 -0.000000000000000000e+00 -0.000000000000000000e+00
8.443443443443443996e+00 -0.000000000000000000e+00 -0.000000000000000000e+00
8.448448448448447223e+00 -0.000000000000000000e+00 -0.000000000000000000e+00
8.453453453453454003e+00 -0.000000000000000000e+00 -0.000000000000000000e+00
8.458458458458457230e+00 -0.000000000000000000e+00 -0.000000000000000000e+00
8.463463463463462233e+00 -0.000000000000000000e+00 -0.000000000000000000e+00
8.468468468468469013e+00 -0.000000000000000000e+00 -0.000000000000000000e+00
8.473473473473472239e+00 -0.000000000000000000e+00 -0.000000000000000000e+00
8.478478478478479019e+00 -0.000000000000000000e+00 -0.000000000000000000e+00
8.483483483483482246e+00 -0.000000000000000000e+00 -0.000000000000000000e+00
8.488488488488489025e+00 -0.000000000000000000e+00 -0.000000000000000000e+00
8.493493493493494029e+00 -0.000000000000000000e+00 -0.000000000000000000e+00
8.498498498498499032e+00 -0.000000000000000000e+00 -0.000000000000000000e+00
8.503503503503502259e+00 -0.000000000000000000e+00 -0.000000000000000000e+00
8.508508508508507262e+00 -0.000000000000000000e+00 -0.000000000000000000e+00
8.513513513513512265e+00 -0.000000000000000000e+00 -0.000000000000000000e+00
8.518518518518519045e+00 -0.000000000000000000e+00 -0.000000000000000000e+00
8.523523523523524048e+00 -0.000000000000000000e+00 -0.000000000000000000e+00
8.528528528528529051e+00 -0.000000000000000000e+00 -0.000000000000000000e+00
8.533533533533534055e+00 -0.000000000000000000e+00 -0.000000000000000000e+00
8.538538538538539058e+00 -0.000000000000000000e+00 -0.000000000000000000e+00
8.543543543543544061e+00 -0.000000000000000000e+00 -0.000000000000000000e+00
8.548548548548547288e+00 -0.000000000000000000e+00 -0.000000000000000000e+00
8.553553553553554067e+00 -0.000000000000000000e+00 -0.000000000000000000e+00
8.558558558558557294e+00 -0.000000000000000000e+00 -0.000000000000000000e+00
8.563563563563562298e+00 -0.000000000000000000e+00 -0.000000000000000000e+00
8.568568568568569077e+00 -0.000000000000000000e+00 -0.000000000000000000e+00
8.573573573573574080e+00 -0.000000000000000000e+00 -0.000000000000000000e+00
8.578578578578577307e+00 -0.000000000000000000e+00 -0.000000000000000000e+00
8.583583583583582310e+00 -0.000000000000000000e+00 -0.000000000000000000e+00
8.588588588588589090e+00 -0.000000000000000000e+00 -0.000000000000000000e+00
8.593593593593594093e+00 -0.000000000000000000e+00 -0.000000000000000000e+00
8.598598598598599096e+00 -0.000000000000000000e+00 -0.000000000000000000e+00
8.603603603603604100e+00 -0.000000000000000000e+00 -0.000000000000000000e+00
8.608608608608607327e+00 -0.000000000000000000e+00 -0.000000000000000000e+00
8.613613613613612330e+00 -0.000000000000000000e+00 -0.000000000000000000e+00
8.618618618618619109e+00 -0.000000000000000000e+00 -0.000000000000000000e+00
8.623623623623622336e+00 -0.000000000000000000e+00 -0.000000000000000000e+00
8.628628628628629116e+00 -0.000000000000000000e+00 -0.000000000000000000e+00
8.633633633633632343e+00 -0.000000000000000000e+00 -0.000000000000000000e+00
8.638638638638639122e+00 -0.000000000000000000e+00 -0.000000000000000000e+00
8.643643643643644126e+00 -0.000000000000000000e+00 -0.000000000000000000e+00
8.648648648648649129e+00 -0.000000000000000000e+00 -0.000000000000000000e+00
8.653653653653654132e+00 -0.000000000000000000e+00 -0.000000000000000000e+00
8.658658658658657359e+00 -0.000000000000000000e+00 -0.000000000000000000e+00
8.663663663663662362e+00 -0.000000000000000000e+00 -0.000000000000000000e+00
8.668668668668669142e+00 -0.000000000000000000e+00 -0.000000000000000000e+00
8.673673673673674145e+00 -0.000000000000000000e+00 -0.000000000000000000e+00
8.678678678678679148e+00 -0.000000000000000000e+00 -0.000000000000000000e+00
8.683683683683682375e+00 -0.000000000000000000e+00 -0.000000000000000000e+00
8.688688688688689155e+00 -0.000000000000000000e+00 -0.000000000000000000e+00
8.693693693693694158e+00 -0.000000000000000000e+00 -0.000000000000000000e+00
8.698698698698697385e+00 -0.000000000000000000e+00 -0.000000000000000000e+00
8.703703703703704164e+00 -0.000000000000000000e+00 -0.000000000000000000e+00
8.708708708708707391e+00 -0.000000000000000000e+00 -0.000000000000000000e+00
8.713713713713712394e+00 -0.000000000000000000e+00 -0.000000000000000000e+00
8.718718718718719174e+00 -0.000000000000000000e+00 -0.000000000000000000e+00
8.723723723723724177e+00 -0.000000000000000000e+00 -0.000000000000000000e+00
8.728728728728729180e+00 -0.000000000000000000e+00 -0.000000000000000000e+00
8.733733733733732407e+00 -0.000000000000000000e+00 -0.000000000000000000e+00
8.738738738738739187e+00 -0.000000000000000000e+00 -0.000000000000000000e+00
8.743743743743744190e+00 -0.000000000000000000e+00 -0.000000000000000000e+00
8.748748748748749193e+00 -0.000000000000000000e+00 -0.000000000000000000e+00
8.753753753753754197e+00 -0.000000000000000000e+00 -0.000000000000000000e+00
8.758758758758757423e+00 -0.000000000000000000e+00 -0.000000000000000000e+00
8.763763763763762427e+00 -0.000000000000000000e+00 -0.000000000000000000e+00
8.768768768768769206e+00 -0.000000000000000000e+00 -0.000000000000000000e+00
8.773773773773772433e+00 -0.000000000000000000e+00 -0.000000000000000000e+00
8.778778778778779213e+00 -0.000000000000000000e+00 -0.000000000000000000e+00
8.783783783783784216e+00 -0.000000000000000000e+00 -0.000000000000000000e+00
8.788788788788789219e+00 -0.000000000000000000e+00 -0.000000000000000000e+00
8.793793793793794222e+00 -0.000000000000000000e+00 -0.000000000000000000e+00
8.798798798798799226e+00 -0.000000000000000000e+00 -0.000000000000000000e+00
8.803803803803804229e+00 -0.000000000000000000e+00 -0.000000000000000000e+00
8.808808808808807456e+00 -0.000000000000000000e+00 -0.000000000000000000e+00
8.813813813813812459e+00 -0.000000000000000000e+00 -0.000000000000000000e+00
8.818818818818819238e+00 -0.000000000000000000e+00 -0.000000000000000000e+00
8.823823823823824242e+00 -0.000000000000000000e+00 -0.000000000000000000e+00
8.828828828828827469e+00 -0.000000000000000000e+00 -0.000000000000000000e+00
8.833833833833832472e+00 -0.000000000000000000e+00 -0.000000000000000000e+00
8.838838838838839251e+00 -0.000000000000000000e+00 -0.000000000000000000e+00
8.843843843843844255e+00 -0.000000000000000000e+00 -0.000000000000000000e+00
8.848848848848849258e+00 -0.000000000000000000e+00 -0.000000000000000000e+00
8.853853853853854261e+00 -0.000000000000000000e+00 -0.000000000000000000e+00
8.858858858858859264e+00 -0.000000000000000000e+00 -0.000000000000000000e+00
8.863863863863862491e+00 -0.000000000000000000e+00 -0.000000000000000000e+00
8.868868868868869271e+00 -0.000000000000000000e+00 -0.000000000000000000e+00
8.873873873873874274e+00 -0.000000000000000000e+00 -0.000000000000000000e+00
8.878878878878879277e+00 -0.000000000000000000e+00 -0.000000000000000000e+00
8.883883883883882504e+00 -0.000000000000000000e+00 -0.000000000000000000e+00
8.888888888888889284e+00 -0.000000000000000000e+00 -0.000000000000000000e+00
8.893893893893894287e+00 -0.000000000000000000e+00 -0.000000000000000000e+00
8.898898898898899290e+00 -0.000000000000000000e+00 -0.000000000000000000e+00
8.903903903903902517e+00 -0.000000000000000000e+00 -0.000000000000000000e+00
8.908908908908907520e+00 -0.000000000000000000e+00 -0.000000000000000000e+00
8.913913913913912523e+00 -0.000000000000000000e+00 -0.000000000000000000e+00
8.918918918918919303e+00 -0.000000000000000000e+00 -0.000000000000000000e+00
8.923923923923924306e+00 -0.000000000000000000e+00 -0.000000000000000000e+00
8.928928928928929309e+00 -0.000000000000000000e+00 -0.000000000000000000e+00
8.933933933933934313e+00 -0.000000000000000000e+00 -0.000000000000000000e+00
8.938938938938939316e+00 -0.000000000000000000e+00 -0.000000000000000000e+00
8.943943943943944319e+00 -0.000000000000000000e+00 -0.000000000000000000e+00
8.948948948948947546e+00 -0.000000000000000000e+00 -0.000000000000000000e+00
8.953953953953954326e+00 -0.000000000000000000e+00 -0.000000000000000000e+00
8.958958958958957552e+00 -0.000000000000000000e+00 -0.000000000000000000e+00
8.963963963963962556e+00 -0.000000000000000000e+00 -0.000000000000000000e+00
8.968968968968969335e+00 -0.000000000000000000e+00 -0.000000000000000000e+00
8.973973973973974338e+00 -0.000000000000000000e+00 -0.000000000000000000e+00
8.978978978978979342e+00 -0.000000000000000000e+00 -0.000000000000000000e+00
8.983983983983982569e+00 -0.000000000000000000e+00 -0.000000000000000000e+00
8.988988988988989348e+00 -0.000000000000000000e+00 -0.000000000000000000e+00
8.993993993993994351e+00 -0.000000000000000000e+00 -0.000000000000000000e+00
8.998998998998999355e+00 -0.000000000000000000e+00 -0.000000000000000000e+00
9.004004004004004358e+00 -0.000000000000000000e+00 -0.000000000000000000e+00
9.009009009009009361e+00 -0.000000000000000000e+00 -0.000000000000000000e+00
9.014014014014012588e+00 -0.000000000000000000e+00 -0.000000000000000000e+00
9.019019019019019368e+00 -0.000000000000000000e+00 -0.000000000000000000e+00
9.024024024024022594e+00 -0.000000000000000000e+00 -0.000000000000000000e+00
9.029029029029029374e+00 -0.000000000000000000e+00 -0.000000000000000000e+00
9.034034034034032601e+00 -0.000000000000000000e+00 -0.000000000000000000e+00
9.039039039039039380e+00 -0.000000000000000000e+00 -0.000000000000000000e+00
9.044044044044044384e+00 -0.000000000000000000e+00 -0.000000000000000000e+00
9.049049049049049387e+00 -0.000000000000000000e+00 -0.000000000000000000e+00
9.054054054054054390e+00 -0.000000000000000000e+00 -0.000000000000000000e+00
9.059059059059057617e+00 -0.000000000000000000e+00 -0.000000000000000000e+00
9.064064064064062620e+00 -0.000000000000000000e+00 -0.000000000000000000e+00
9.069069069069069400e+00 -0.000000000000000000e+00 -0.000000000000000000e+00
9.074074074074074403e+00 -0.000000000000000000e+00 -0.000000000000000000e+00
9.079079079079079406e+00 -0.000000000000000000e+00 -0.000000000000000000e+00
9.084084084084082633e+00 -0.000000000000000000e+00 -0.000000000000000000e+00
9.089089089089089413e+00 -0.000000000000000000e+00 -0.000000000000000000e+00
9.094094094094094416e+00 -0.000000000000000000e+00 -0.000000000000000000e+00
9.099099099099097643e+00 -0.000000000000000000e+00 -0.000000000000000000e+00
9.104104104104104422e+00 -0.000000000000000000e+00 -0.000000000000000000e+00
9.109109109109109426e+00 -0.000000000000000000e+00 -0.000000000000000000e+00
9.114114114114112652e+00 -0.000000000000000000e+00 -0.000000000000000000e+00
9.119119119119119432e+00 -0.000000000000000000e+00 -0.000000000000000000e+00
9.124124124124124435e+00 -0.000000000000000000e+00 -0.000000000000000000e+00
9.129129129129129439e+00 -0.000000000000000000e+00 -0.000000000000000000e+00
9.134134134134132665e+00 -0.000000000000000000e+00 -0.000000000000000000e+00
9.139139139139139445e+00 -0.000000000000000000e+00 -0.000000000000000000e+00
9.144144144144144448e+00 -0.000000000000000000e+00 -0.000000000000000000e+00
9.149149149149149451e+00 -0.000000000000000000e+00 -0.000000000000000000e+00
9.154154154154154455e+00 -0.000000000000000000e+00 -0.000000000000000000e+00
9.159159159159157682e+00 -0.000000000000000000e+00 -0.000000000000000000e+00
9.164164164164162685e+00 -0.000000000000000000e+00 -0.000000000000000000e+00
9.169169169169169464e+00 -0.000000000000000000e+00 -0.000000000000000000e+00
9.174174174174174468e+00 -0.000000000000000000e+00 -0.000000000000000000e+00
9.179179179179179471e+00 -0.000000000000000000e+00 -0.000000000000000000e+00
9.184184184184184474e+00 -0.000000000000000000e+00 -0.000000000000000000e+00
9.189189189189189477e+00 -0.000000000000000000e+00 -0.000000000000000000e+00
9.194194194194194480e+00 -0.000000000000000000e+00 -0.000000000000000000e+00
9.199199199199199484e+00 -0.000000000000000000e+00 -0.000000000000000000e+00
9.204204204204204487e+00 -0.000000000000000000e+00 -0.000000000000000000e+00
9.209209209209207714e+00 -0.000000000000000000e+00 -0.000000000000000000e+00
9.214214214214212717e+00 -0.000000000000000000e+00 -0.000000000000000000e+00
9.219219219219219497e+00 -0.000000000000000000e+00 -0.000000000000000000e+00
9.224224224224224500e+00 -0.000000000000000000e+00 -0.000000000000000000e+00
9.229229229229229503e+00 -0.000000000000000000e+00 -0.000000000000000000e+00
9.234234234234232730e+00 -0.000000000000000000e+00 -0.000000000000000000e+00
9.239239239239239510e+00 -0.000000000000000000e+00 -0.000000000000000000e+00
9.244244244244244513e+00 -0.000000000000000000e+00 -0.000000000000000000e+00
9.249249249249249516e+00 -0.000000000000000000e+00 -0.000000000000000000e+00
9.254254254254254519e+00 -0.000000000000000000e+00 -0.000000000000000000e+00
9.259259259259259522e+00 -0.000000000000000000e+00 -0.000000000000000000e+00
9.264264264264262749e+00 -0.000000000000000000e+00 -0.000000000000000000e+00
9.269269269269269529e+00 -0.000000000000000000e+00 -0.000000000000000000e+00
9.274274274274274532e+00 -0.000000000000000000e+00 -0.000000000000000000e+00
9.279279279279279535e+00 -0.000000000000000000e+00 -0.000000000000000000e+00
9.284284284284282762e+00 -0.000000000000000000e+00 -0.000000000000000000e+00
9.289289289289289542e+00 -0.000000000000000000e+00 -0.000000000000000000e+00
9.294294294294294545e+00 -0.000000000000000000e+00 -0.000000000000000000e+00
9.299299299299299548e+00 -0.000000000000000000e+00 -0.000000000000000000e+00
9.304304304304304551e+00 -0.000000000000000000e+00 -0.000000000000000000e+00
9.309309309309307778e+00 -0.000000000000000000e+00 -0.000000000000000000e+00
9.314314314314312782e+00 -0.000000000000000000e+00 -0.000000000000000000e+00
9.319319319319319561e+00 -0.000000000000000000e+00 -0.000000000000000000e+00
9.324324324324324564e+00 -0.000000000000000000e+00 -0.000000000000000000e+00
9.329329329329329568e+00 -0.000000000000000000e+00 -0.000000000000000000e+00
9.334334334334334571e+00 -0.000000000000000000e+00 -0.000000000000000000e+00
9.339339339339339574e+00 -0.000000000000000000e+00 -0.000000000000000000e+00
9.344344344344344577e+00 -0.000000000000000000e+00 -0.000000000000000000e+00
9.349349349349347804e+00 -0.000000000000000000e+00 -0.000000000000000000e+00
9.354354354354354584e+00 -0.000000000000000000e+00 -0.000000000000000000e+00
9.359359359359359587e+00 -0.000000000000000000e+00 -0.000000000000000000e+00
9.364364364364362814e+00 -0.000000000000000000e+00 -0.000000000000000000e+00
9.369369369369369593e+00 -0.000000000000000000e+00 -0.000000000000000000e+00
9.374374374374374597e+00 -0.000000000000000000e+00 -0.000000000000000000e+00
9.379379379379379600e+00 -0.000000000000000000e+00 -0.000000000000000000e+00
9.384384384384382827e+00 -0.000000000000000000e+00 -0.000000000000000000e+00
9.389389389389389606e+00 -0.000000000000000000e+00 -0.000000000000000000e+00
9.394394394394394610e+00 -0.000000000000000000e+00 -0.000000000000000000e+00
9.399399399399399613e+00 -0.000000000000000000e+00 -0.000000000000000000e+00
9.404404404404404616e+00 -0.000000000000000000e+00 -0.000000000000000000e+00
9.409409409409409619e+00 -0.000000000000000000e+00 -0.000000000000000000e+00
9.414414414414412846e+00 -0.000000000000000000e+00 -0.000000000000000000e+00
9.419419419419419626e+00 -0.000000000000000000e+00 -0.000000000000000000e+00
9.424424424424424629e+00 -0.000000000000000000e+00 -0.000000000000000000e+00
9.429429429429429632e+00 -0.000000000000000000e+00 -0.000000000000000000e+00
9.434434434434434635e+00 -0.000000000000000000e+00 -0.000000000000000000e+00
9.439439439439439639e+00 -0.000000000000000000e+00 -0.000000000000000000e+00
9.444444444444444642e+00 -0.000000000000000000e+00 -0.000000000000000000e+00
9.449449449449449645e+00 -0.000000000000000000e+00 -0.000000000000000000e+00
9.454454454454454648e+00 -0.000000000000000000e+00 -0.000000000000000000e+00
9.459459459459457875e+00 -0.000000000000000000e+00 -0.000000000000000000e+00
9.464464464464462878e+00 -0.000000000000000000e+00 -0.000000000000000000e+00
9.469469469469469658e+00 -0.000000000000000000e+00 -0.000000000000000000e+00
9.474474474474474661e+00 -0.000000000000000000e+00 -0.000000000000000000e+00
9.479479479479479664e+00 -0.000000000000000000e+00 -0.000000000000000000e+00
9.484484484484484668e+00 -0.000000000000000000e+00 -0.000000000000000000e+00
9.489489489489489671e+00 -0.000000000000000000e+00 -0.000000000000000000e+00
9.494494494494494674e+00 -0.000000000000000000e+00 -0.000000000000000000e+00
9.499499499499499677e+00 -0.000000000000000000e+00 -0.000000000000000000e+00
9.504504504504504681e+00 -0.000000000000000000e+00 -0.000000000000000000e+00
9.509509509509509684e+00 -0.000000000000000000e+00 -0.000000000000000000e+00
9.514514514514512911e+00 -0.000000000000000000e+00 -0.000000000000000000e+00
9.519519519519519690e+00 -0.000000000000000000e+00 -0.000000000000000000e+00
9.524524524524524693e+00 -0.000000000000000000e+00 -0.000000000000000000e+00
9.529529529529529697e+00 -0.000000000000000000e+00 -0.000000000000000000e+00
9.534534534534532924e+00 -0.000000000000000000e+00 -0.000000000000000000e+00
9.539539539539539703e+00 -0.000000000000000000e+00 -0.000000000000000000e+00
9.544544544544544706e+00 -0.000000000000000000e+00 -0.000000000000000000e+00
9.549549549549549710e+00 -0.000000000000000000e+00 -0.000000000000000000e+00
9.554554554554554713e+00 -0.000000000000000000e+00 -0.000000000000000000e+00
9.559559559559557940e+00 -0.000000000000000000e+00 -0.000000000000000000e+00
9.564564564564562943e+00 -0.000000000000000000e+00 -0.000000000000000000e+00
9.569569569569569722e+00 -0.000000000000000000e+00 -0.000000000000000000e+00
9.574574574574574726e+00 -0.000000000000000000e+00 -0.000000000000000000e+00
9.579579579579579729e+00 -0.000000000000000000e+00 -0.000000000000000000e+00
9.584584584584584732e+00 -0.000000000000000000e+00 -0.000000000000000000e+00
9.589589589589589735e+00 -0.000000000000000000e+00 -0.000000000000000000e+00
9.594594594594594739e+00 -0.000000000000000000e+00 -0.000000000000000000e+00
9.599599599599599742e+00 -0.000000000000000000e+00 -0.000000000000000000e+00
9.604604604604604745e+00 -0.000000000000000000e+00 -0.000000000000000000e+00
9.609609609609607972e+00 -0.000000000000000000e+00 -0.000000000000000000e+00
9.614614614614612975e+00 -0.000000000000000000e+00 -0.000000000000000000e+00
9.619619619619619755e+00 -0.000000000000000000e+00 -0.000000000000000000e+00
9.624624624624624758e+00 -0.000000000000000000e+00 -0.000000000000000000e+00
9.629629629629629761e+00 -0.000000000000000000e+00 -0.000000000000000000e+00
9.634634634634632988e+00 -0.000000000000000000e+00 -0.000000000000000000e+00
9.639639639639639768e+00 -0.000000000000000000e+00 -0.000000000000000000e+00
9.644644644644644771e+00 -0.000000000000000000e+00 -0.000000000000000000e+00
9.649649649649649774e+00 -0.000000000000000000e+00 -0.000000000000000000e+00
9.654654654654654777e+00 -0.000000000000000000e+00 -0.000000000000000000e+00
9.659659659659659781e+00 -0.000000000000000000e+00 -0.000000000000000000e+00
9.664664664664663007e+00 -0.000000000000000000e+00 -0.000000000000000000e+00
9.669669669669669787e+00 -0.000000000000000000e+00 -0.000000000000000000e+00
9.674674674674674790e+00 -0.000000000000000000e+00 -0.000000000000000000e+00
9.679679679679679793e+00 -0.000000000000000000e+00 -0.000000000000000000e+00
9.684684684684684797e+00 -0.000000000000000000e+00 -0.000000000000000000e+00
9.689689689689689800e+00 -0.000000000000000000e+00 -0.000000000000000000e+00
9.694694694694694803e+00 -0.000000000000000000e+00 -0.000000000000000000e+00
9.699699699699699806e+00 -0.000000000000000000e+00 -0.000000000000000000e+00
9.704704704704704810e+00 -0.000000000000000000e+00 -0.000000000000000000e+00
9.709709709709708036e+00 -0.000000000000000000e+00 -0.000000000000000000e+00
9.714714714714713040e+00 -0.000000000000000000e+00 -0.000000000000000000e+00
9.719719719719719819e+00 -0.000000000000000000e+00 -0.000000000000000000e+00
9.724724724724724823e+00 -0.000000000000000000e+00 -0.000000000000000000e+00
9.729729729729729826e+00 -0.000000000000000000e+00 -0.000000000000000000e+00
9.734734734734734829e+00 -0.000000000000000000e+00 -0.000000000000000000e+00
9.739739739739739832e+00 -0.000000000000000000e+00 -0.000000000000000000e+00
9.744744744744744835e+00 -0.000000000000000000e+00 -0.000000000000000000e+00
9.749749749749749839e+00 -0.000000000000000000e+00 -0.000000000000000000e+00
9.754754754754754842e+00 -0.000000000000000000e+00 -0.000000000000000000e+00
9.759759759759759845e+00 -0.000000000000000000e+00 -0.000000000000000000e+00
9.764764764764763072e+00 -0.000000000000000000e+00 -0.000000000000000000e+00
9.769769769769769852e+00 -0.000000000000000000e+00 -0.000000000000000000e+00
9.774774774774774855e+00 -0.000000000000000000e+00 -0.000000000000000000e+00
9.779779779779779858e+00 -0.000000000000000000e+00 -0.000000000000000000e+00
9.784784784784783085e+00 -0.000000000000000000e+00 -0.000000000000000000e+00
9.789789789789789864e+00 -0.000000000000000000e+00 -0.000000000000000000e+00
9.794794794794794868e+00 -0.000000000000000000e+00 -0.000000000000000000e+00
9.799799799799799871e+00 -0.000000000000000000e+00 -0.000000000000000000e+00
9.804804804804804874e+00 -0.000000000000000000e+00 -0.000000000000000000e+00
9.809809809809809877e+00 -0.000000000000000000e+00 -0.000000000000000000e+00
9.814814814814813104e+00 -0.000000000000000000e+00 -0.000000000000000000e+00
9.819819819819819884e+00 -0.000000000000000000e+00 -0.000000000000000000e+00
9.824824824824824887e+00 -0.000000000000000000e+00 -0.000000000000000000e+00
9.829829829829829890e+00 -0.000000000000000000e+00 -0.000000000000000000e+00
9.834834834834834894e+00 -0.000000000000000000e+00 -0.000000000000000000e+00
9.839839839839839897e+00 -0.000000000000000000e+00 -0.000000000000000000e+00
9.844844844844844900e+00 -0.000000000000000000e+00 -0.000000000000000000e+00
9.849849849849849903e+00 -0.000000000000000000e+00 -0.000000000000000000e+00
9.854854854854854906e+00 -0.000000000000000000e+00 -0.000000000000000000e+00
9.859859859859858133e+00 -0.000000000000000000e+00 -0.000000000000000000e+00
9.864864864864863137e+00 -0.000000000000000000e+00 -0.000000000000000000e+00
9.869869869869869916e+00 -0.000000000000000000e+00 -0.000000000000000000e+00
9.874874874874874919e+00 -0.000000000000000000e+00 -0.000000000000000000e+00
9.879879879879879923e+00 -0.000000000000000000e+00 -0.000000000000000000e+00
9.884884884884884926e+00 -0.000000000000000000e+00 -0.000000000000000000e+00
9.889889889889889929e+00 -0.000000000000000000e+00 -0.000000000000000000e+00
9.894894894894894932e+00 -0.000000000000000000e+00 -0.000000000000000000e+00
9.899899899899899935e+00 -0.000000000000000000e+00 -0.000000000000000000e+00
9.904904904904904939e+00 -0.000000000000000000e+00 -0.000000000000000000e+00
9.909909909909909942e+00 -0.000000000000000000e+00 -0.000000000000000000e+00
9.914914914914913169e+00 -0.000000000000000000e+00 -0.000000000000000000e+00
9.919919919919919948e+00 -0.000000000000000000e+00 -0.000000000000000000e+00
9.924924924924924952e+00 -0.000000000000000000e+00 -0.000000000000000000e+00
9.929929929929929955e+00 -0.000000000000000000e+00 -0.000000000000000000e+00
9.934934934934934958e+00 -0.000000000000000000e+00 -0.000000000000000000e+00
9.939939939939939961e+00 -0.000000000000000000e+00 -0.000000000000000000e+00
9.944944944944944965e+00 -0.000000000000000000e+00 -0.000000000000000000e+00
9.949949949949949968e+00 -0.000000000000000000e+00 -0.000000000000000000e+00
9.954954954954954971e+00 -0.000000000000000000e+00 -0.000000000000000000e+00
9.959959959959959974e+00 -0.000000000000000000e+00 -0.000000000000000000e+00
9.964964964964963201e+00 -0.000000000000000000e+00 -0.000000000000000000e+00
9.969969969969969981e+00 -0.000000000000000000e+00 -0.000000000000000000e+00
9.974974974974974984e+00 -0.000000000000000000e+00 -0.000000000000000000e+00
9.979979979979979987e+00 -0.000000000000000000e+00 -0.000000000000000000e+00
9.984984984984984990e+00 -0.000000000000000000e+00 -0.000000000000000000e+00
9.989989989989989994e+00 -0.000000000000000000e+00 -0.000000000000000000e+00
9.994994994994994997e+00 -0.000000000000000000e+00 -0.000000000000000000e+00
1.000000000000000000e+01 -0.000000000000000000e+00 -0.000000000000000000e+00
