4.000057305576602289e+02 -5.115621489942081580e-03 -7.804985283130307788e-03
4.000216947410801822e+02 -5.134621100463279859e-03 -7.740723755982376227e-03
4.000537353307996682e+02 -5.169731152899255215e-03 -7.629793310976397576e-03
4.000698396800719365e+02 -5.183327187371238043e-03 -7.581936891265332427e-03
4.000860225477498489e+02 -5.195286545131610340e-03 -7.537298556508421378e-03
4.001022909370702791e+02 -5.205506967198239403e-03 -7.491095215982233532e-03
4.001349071661499579e+02 -5.215647846388448382e-03 -7.394445181272402828e-03
4.001511198733268202e+02 -5.214302400578141490e-03 -7.344708271045644402e-03
4.001672802277786332e+02 -5.214416038539302321e-03 -7.290850127483722125e-03
4.001833986267360501e+02 -5.212259517646106871e-03 -7.241700027027658977e-03
4.002155570468956398e+02 -5.198947088509198872e-03 -7.144485985993534113e-03
4.002316132893000145e+02 -5.190767028254310994e-03 -7.091783049352567113e-03
4.002476745454413276e+02 -5.180391034157029971e-03 -7.038313333085579986e-03
4.002637434999810466e+02 -5.169534154220925895e-03 -6.987168708576086025e-03
4.002959451765304379e+02 -5.143185761542518053e-03 -6.876946955275022380e-03
4.003120858631774581e+02 -5.130703597627041951e-03 -6.821579276678016793e-03
4.003282694832922743e+02 -5.116084084489777931e-03 -6.767581839935420639e-03
4.003445023936013740e+02 -5.100603736720458505e-03 -6.721665095953606971e-03
4.003608008719049849e+02 -5.083620717235211826e-03 -6.696270686186324601e-03
4.003934610333834030e+02 -5.047443592340127884e-03 -6.879620402873306249e-03
4.004096931238522643e+02 -5.029754925224493370e-03 -7.040545227126077110e-03
4.004258699353095494e+02 -5.010863069082958920e-03 -7.206902263066041446e-03
4.004419991619679990e+02 -4.991469613737051746e-03 -7.364674879452201908e-03
4.004741407141146396e+02 -4.947568265188150363e-03 -7.658800286032471476e-03
4.004901768322328621e+02 -4.927215379079588446e-03 -7.789951840954320757e-03
4.005062107040778301e+02 -4.904989330310123227e-03 -7.955430554689998240e-03
4.005222541644409944e+02 -4.882621355723859406e-03 -8.123289568350226808e-03
4.005544225118300687e+02 -4.839912070819785833e-03 -8.498372315604562147e-03
4.005705680501574193e+02 -4.818713978333650713e-03 -8.718170992696873400e-03
4.005867716790897930e+02 -4.799786395001790287e-03 -8.973722060939503392e-03
4.006030451063885494e+02 -4.782778210155954821e-03 -9.235957306292612301e-03
4.006357068938267503e+02 -4.750232787988728153e-03 -9.824562228674341841e-03
4.006519436550991600e+02 -4.733590735002513039e-03 -1.013715653852491523e-02
4.006681139669989875e+02 -4.718737139964690637e-03 -1.043905872558717647e-02
4.006842314015848387e+02 -4.705616483522651744e-03 -1.073956595494298533e-02
4.007003031199108136e+02 -4.692218333804233123e-03 -1.103337505484392779e-02
4.007323846681869099e+02 -4.669578066741641477e-03 -1.154848465721017466e-02
4.007484218040835913e+02 -4.657678105039309013e-03 -1.176607328759460627e-02
4.007644701434680883e+02 -4.646734290184951176e-03 -1.195810740595250159e-02
4.007805379671502237e+02 -4.636357564547806745e-03 -1.211605597598756044e-02
4.008127855358577563e+02 -4.615867494971997477e-03 -1.238399603856332222e-02
4.008289796186627427e+02 -4.606665678413143609e-03 -1.248875160067445048e-02
4.008452309603530352e+02 -4.597883362617351602e-03 -1.257911570821278711e-02
4.008615511933471680e+02 -4.589193493785886403e-03 -1.265248656160445490e-02
4.008941704124303556e+02 -4.568204385873337811e-03 -1.272020258555397847e-02
4.009103812257388881e+02 -4.557027711909779344e-03 -1.272021864401010408e-02
4.009265471384458124e+02 -4.545563424923425300e-03 -1.270306684818046927e-02
4.009426735541152880e+02 -4.533514157818173233e-03 -1.267000484515260102e-02
4.009748374757496663e+02 -4.505829374808862156e-03 -1.257485356275219596e-02
4.009908946725240071e+02 -4.493441777526560425e-03 -1.251264359562613386e-02
4.010069491394917804e+02 -4.480202570176643716e-03 -1.244521893943978733e-02
4.010230128025251588e+02 -4.466777304639800265e-03 -1.236477059428205995e-02
4.010552212609692333e+02 -4.439323357964939168e-03 -1.217744268439208306e-02
4.010713800884701641e+02 -4.424580949952349428e-03 -1.207453283662818407e-02
4.010875940372578157e+02 -4.410694390800782953e-03 -1.196977522761288361e-02
4.011038754026091055e+02 -4.399752218298302008e-03 -1.186743436860884272e-02
4.011202050153277696e+02 -4.387948370196303322e-03 -1.177973499718454158e-02
4.011528238721735420e+02 -4.366373118464489736e-03 -1.162901373541776369e-02
4.011690169502987260e+02 -4.355586426557702187e-03 -1.163830219604083428e-02
4.011851452112771312e+02 -4.344490925242218242e-03 -1.151552022606337246e-02
4.012012182942069671e+02 -4.333984249885573965e-03 -1.140683249302820723e-02
4.012332602734412035e+02 -4.318048672289915256e-03 -1.122069602334428359e-02
4.012492776654574413e+02 -4.309789096788746790e-03 -1.112441246228845770e-02
4.012653124509693043e+02 -4.301261255668130563e-03 -1.102329803099762716e-02
4.012813625485960074e+02 -4.293263835698812522e-03 -1.092119064973407806e-02
4.013135827992560394e+02 -4.278836754469918235e-03 -1.071421306237734135e-02
4.013297700931155987e+02 -4.272314442264650396e-03 -1.061038921704359796e-02
4.013460202779845645e+02 -4.266643725024683170e-03 -1.050471925097297421e-02
4.013623488958394319e+02 -4.263100076400396996e-03 -1.040289978205882065e-02
4.013949254408849470e+02 -4.253348340168564869e-03 -1.022087665718255517e-02
4.014111087441726227e+02 -4.246522585134721896e-03 -1.016305331913155280e-02
4.014272514322500456e+02 -4.240597519528399063e-03 -1.018783437805316494e-02
4.014433649139371596e+02 -4.233835284938868536e-03 -1.025693525011475704e-02
4.014755367977396645e+02 -4.213586319460932601e-03 -1.047348906813124619e-02
4.014916120984183863e+02 -4.204893341227652383e-03 -1.056924445125855851e-02
4.015076853106975818e+02 -4.195479533823725897e-03 -1.064271434966590837e-02
4.015237678258837377e+02 -4.185912833286990591e-03 -1.070122773037069513e-02
4.015560097303190332e+02 -4.164099380763809470e-03 -1.075330902795220214e-02
4.015721840198780228e+02 -4.150929392289461582e-03 -1.078396903539478521e-02
4.015884024204775073e+02 -4.138009145727945121e-03 -1.083367965189598048e-02
4.016046733257222172e+02 -4.124599997242634451e-03 -1.090819861945994257e-02
4.016210153116022639e+02 -4.110793139267000448e-03 -1.100330096587746713e-02
4.016536340945616530e+02 -4.081519851208924125e-03 -1.123349685368904213e-02
4.016698294228522172e+02 -4.070990949652417493e-03 -1.136043844025457980e-02
4.016858868488746452e+02 -4.065647699666861264e-03 -1.147612196380955879e-02
4.017018280163248960e+02 -4.067640731992163035e-03 -1.157962140097031946e-02
4.017336848462734906e+02 -4.097798173123386872e-03 -1.173074132191016285e-02
4.017496687607593913e+02 -4.119322203590921813e-03 -1.177573791645710258e-02
4.017657392151230056e+02 -4.150089992889723599e-03 -1.179191542182495174e-02
4.017819210519085118e+02 -4.185080163894508085e-03 -1.179794110691756957e-02
4.018143775128218067e+02 -4.262020633130465634e-03 -1.173667219037539955e-02
4.018305632918475681e+02 -4.298707428265433235e-03 -1.166944311709832913e-02
4.018467025936117238e+02 -4.339320099555918006e-03 -1.159559488416792884e-02
4.018628390489407707e+02 -4.381091347424815631e-03 -1.149794351957949060e-02
4.018952888549458180e+02 -4.461271783167291595e-03 -1.127489686784929890e-02
4.019116073562379370e+02 -4.495860814558490931e-03 -1.115367325737931167e-02
4.019278203308896309e+02 -4.528577875328541197e-03 -1.102954703503518895e-02
4.019439274042620127e+02 -4.559721387845530952e-03 -1.090520852015845060e-02
4.019759543991546593e+02 -4.614830304039682640e-03 -1.066107219620452372e-02
4.019918902323992711e+02 -4.647460241391229881e-03 -1.053808963523046073e-02
4.020078038828839340e+02 -4.674174518934696987e-03 -1.041901018758778670e-02
4.020237413091634835e+02 -4.697547191926939453e-03 -1.029515906873496207e-02
4.020557555782177133e+02 -4.738618670940970314e-03 -1.005303317828204306e-02
4.020718551960934519e+02 -4.753569463008216860e-03 -9.938982552801803316e-03
4.020880324068587015e+02 -4.767750256456608840e-03 -9.831535002437262818e-03
4.021042918208513015e+02 -4.779997452974213065e-03 -9.735554883309155416e-03
4.021206299975872867e+02 -4.788703449580346098e-03 -9.642915016204744311e-03
4.021531303639281987e+02 -4.800069692504892530e-03 -9.460549978010268646e-03
4.021692770206488490e+02 -4.805528682654422457e-03 -9.368973363057439205e-03
4.021853752701901499e+02 -4.808948891944635727e-03 -9.275802525898857107e-03
4.022014319339498911e+02 -4.809814213366459847e-03 -9.183681043210160239e-03
4.022334949337340504e+02 -4.809864799696447583e-03 -9.003533651062841855e-03
4.022495269121337174e+02 -4.806396832098252386e-03 -8.916438985378645488e-03
4.022655718635859898e+02 -4.802331872186377769e-03 -8.836998832728749226e-03
4.022816363273080924e+02 -4.797255684161011967e-03 -8.755005367483817413e-03
4.023138829409340929e+02 -4.784162858552214355e-03 -8.600772565595573432e-03
4.023300785372507562e+02 -4.777032439520101370e-03 -8.529841438889931154e-03
4.023463262494142327e+02 -4.769567974427350171e-03 -8.465383020733659516e-03
4.023626421265236104e+02 -4.763526393665086338e-03 -8.413233566114753162e-03
4.023952740793274643e+02 -4.746119560326769390e-03 -8.333254159185387103e-03
4.024114935864244558e+02 -4.735368290917735430e-03 -8.334754316041402891e-03
4.024276612280506811e+02 -4.725889229055159867e-03 -8.430649304506810521e-03
4.024437859655263878e+02 -4.717151607320249802e-03 -8.490358881435433255e-03
4.024759251731096015e+02 -4.693703647698845537e-03 -8.743283982058343631e-03
4.024919531552932881e+02 -4.684451499728493028e-03 -8.831908103406024488e-03
4.025079708630032655e+02 -4.673550531099513600e-03 -8.915404444625222094e-03
4.025239938889299083e+02 -4.662224907492782712e-03 -9.001900771872892171e-03
4.025400384629250539e+02 -4.652153168093199967e-03 -9.094034680008789701e-03
4.025722497579548644e+02 -4.620012566838175086e-03 -9.311064654386186704e-03
4.025884361742309352e+02 -4.605875021600192715e-03 -9.412965787794201969e-03
4.026046929265688163e+02 -4.592672403124250027e-03 -9.539182877308967010e-03
4.026210349504215742e+02 -4.580206848415481827e-03 -9.656087385931140174e-03
4.026535848691399337e+02 -4.558343074858732351e-03 -9.909760016033183558e-03
4.026697480138465153e+02 -4.548871313964357455e-03 -1.004536356114712516e-02
4.026858564782639291e+02 -4.540384615573391479e-03 -1.017702273336839464e-02
4.027019183005985496e+02 -4.530987503187678365e-03 -1.030464003182569865e-02
4.027339771836449245e+02 -4.515779717139997707e-03 -1.053007100561962651e-02
4.027499988867729144e+02 -4.507835801602765036e-03 -1.062604828768268748e-02
4.027660328452624299e+02 -4.500526554455922500e-03 -1.070325787982638610e-02
4.027820849643409815e+02 -4.493214946890439904e-03 -1.077364455904866215e-02
4.028143179133617764e+02 -4.478854375600250549e-03 -1.085751799193344566e-02
4.028305194464321630e+02 -4.471876401144370822e-03 -1.087364578682351382e-02
4.028467801649919124e+02 -4.468615485934593345e-03 -1.087021697871522544e-02
4.028631082595783823e+02 -4.469265561117426871e-03 -1.084669017164185609e-02
4.028955788203220436e+02 -4.491148999296868706e-03 -1.075258274693040653e-02
4.029116514964514408e+02 -4.510552040423596032e-03 -1.068775509058866001e-02
4.029276884025421737e+02 -4.529437842759494875e-03 -1.061545074166540120e-02
4.029437605183360915e+02 -4.557937113347600155e-03 -1.053758744829456050e-02
4.029761425618069097e+02 -4.613285324174171836e-03 -1.036225806839039323e-02
4.029923259761268355e+02 -4.635339341810621079e-03 -1.026473668454029944e-02
4.030084207789202537e+02 -4.653527684412034175e-03 -1.016435099263078394e-02
4.030244286155103168e+02 -4.669425248873428427e-03 -1.006042341657783883e-02
4.030404064011368632e+02 -4.685517767729537215e-03 -9.954698091377873689e-03
4.030723660270230084e+02 -4.698426802463611524e-03 -9.746691537166453714e-03
4.030884341337538785e+02 -4.705816301642252661e-03 -9.644852691907698436e-03
4.031046121795038175e+02 -4.708105609440593232e-03 -9.546460266622392235e-03
4.031209190004428820e+02 -4.709013274672039194e-03 -9.448966380453518998e-03
4.031534061420869079e+02 -4.702756326284001330e-03 -9.295807443059023178e-03
4.031695358712251505e+02 -4.698869713090176800e-03 -9.333586402760440937e-03
4.031856197498729557e+02 -4.693037799257812441e-03 -9.281774985239747006e-03
4.032016688546156615e+02 -4.685406467640906500e-03 -9.184737357510363437e-03
4.032337300798815249e+02 -4.669173394529606454e-03 -9.067959413221551163e-03
4.032497677752003256e+02 -4.658424109196492545e-03 -9.004219044111538145e-03
4.032658191102320302e+02 -4.647356594831423757e-03 -8.942515169215041124e-03
4.032818883487697690e+02 -4.635997170495872836e-03 -8.882562865522572113e-03
4.033141413802010788e+02 -4.612690079971286557e-03 -8.754431913910497645e-03
4.033303419848213025e+02 -4.600572528732582711e-03 -8.684414993283590470e-03
4.033465971560125922e+02 -4.588189752887637113e-03 -8.611382524120046733e-03
4.033629221873972597e+02 -4.577677411066687248e-03 -8.535922183538574570e-03
4.033955356094857052e+02 -4.551327648010980789e-03 -8.388161421784985292e-03
4.034117443304301105e+02 -4.535157548820900782e-03 -8.322957278458028088e-03
4.034279020314698414e+02 -4.519898781837021831e-03 -8.265280439852159752e-03
4.034440221345764712e+02 -4.505153217516088930e-03 -8.215391851034077250e-03
4.034601201092523297e+02 -4.487270511870791213e-03 -8.172265470588484584e-03
4.034922567243389722e+02 -4.453525025314213244e-03 -8.101609232572392835e-03
4.035083279151771194e+02 -4.436792374448414282e-03 -8.077765093111494848e-03
4.035244114528998693e+02 -4.420215418797022143e-03 -8.059036943884408458e-03
4.035405247339720631e+02 -4.405625211409202463e-03 -8.052302166747571377e-03
4.035728432326692428e+02 -4.369874901163772231e-03 -8.060349728798262697e-03
4.035890728448100617e+02 -4.352705195428208454e-03 -8.074106555435816429e-03
4.036053529917531364e+02 -4.335998575791167112e-03 -8.094800658385288214e-03
4.036217038041249907e+02 -4.319922578631531056e-03 -8.120543458378882626e-03
4.036542862114907280e+02 -4.283375737848835706e-03 -8.181199490602291541e-03
4.036704820171329402e+02 -4.265086481403253596e-03 -8.211671918297566708e-03
4.036866341816238446e+02 -4.247754965369790470e-03 -8.241135844656386628e-03
4.037027443595125078e+02 -4.230187432341364802e-03 -8.265786459675530939e-03
4.037348959704672779e+02 -4.196419699397438245e-03 -8.301108782653778342e-03
4.037509551282299753e+02 -4.179004463489058817e-03 -8.311241602665407624e-03
4.037670208825426812e+02 -4.164047335480411394e-03 -8.310662285889421422e-03
4.037830945692377895e+02 -4.152194448742338104e-03 -8.306212948167419896e-03
4.038153908938595578e+02 -4.136514965403607740e-03 -8.272028934334391820e-03
4.038316237465488143e+02 -4.132900905685207502e-03 -8.242436411333290899e-03
4.038478477866974572e+02 -4.129697501074522034e-03 -8.202687115278830057e-03
4.038640691772819196e+02 -4.130060148538340116e-03 -8.164965928306865128e-03
4.038803275402727877e+02 -4.127156097378795879e-03 -8.114923278386008271e-03
4.039129727229624223e+02 -4.128898511104937656e-03 -8.010312488381379076e-03
4.039291979885161368e+02 -4.129404825683131823e-03 -7.953729010611894704e-03
4.039453382257936482e+02 -4.130058447484308976e-03 -7.896693664752704039e-03
4.039613932957236671e+02 -4.133433206563793573e-03 -7.837493662325127966e-03
4.039933522034895077e+02 -4.144431852709086136e-03 -7.719269094062895450e-03
4.040092807016791880e+02 -4.152854252696918172e-03 -7.659611137330850882e-03
4.040252297343512851e+02 -4.161392794753521543e-03 -7.601347373170344937e-03
4.040412129459992343e+02 -4.173657694110212771e-03 -7.542597491120327409e-03
4.040733693666887802e+02 -4.190800186912035062e-03 -7.458925033019312908e-03
4.040895608024329704e+02 -4.201158203871192473e-03 -7.398599371086778120e-03
4.041058395979537181e+02 -4.209882270071465052e-03 -7.350340666306181582e-03
4.041221682961308943e+02 -4.220317205910020276e-03 -7.284038840742940168e-03
4.041546144924092232e+02 -4.233634722894589683e-03 -7.146915032263750911e-03
4.041707472155967480e+02 -4.239609632732799401e-03 -7.079371056339846952e-03
4.041868454403521582e+02 -4.243096366234107297e-03 -7.014126515185623197e-03
4.042029162837566219e+02 -4.246031074883772731e-03 -6.949855725229121123e-03
4.042350199188009583e+02 -4.246272769213336844e-03 -6.820183949314171171e-03
4.042510742969445232e+02 -4.243918303750974196e-03 -6.775550913815459909e-03
4.042671378056847402e+02 -4.240877295538927200e-03 -6.709974979943799343e-03
4.042832193005791055e+02 -4.236847984351727915e-03 -6.654285017178645893e-03
4.043154847234085878e+02 -4.227644313838961783e-03 -6.535005425923129212e-03
4.043316819606516219e+02 -4.221177088329341673e-03 -6.473703907910507982e-03
4.043479375975757080e+02 -4.213475594258175166e-03 -6.414753366697229474e-03
4.043642536800973630e+02 -4.207046753691990638e-03 -6.364799010653495424e-03
4.043806001250144959e+02 -4.197033152101904176e-03 -6.359438775132978013e-03
4.044130865163714930e+02 -4.178187790261508015e-03 -6.621259900354329285e-03
4.044292421696720794e+02 -4.167840409263458105e-03 -6.791818712258242650e-03
4.044453540014022792e+02 -4.158036973805257289e-03 -6.960832358805154989e-03
4.044614388250394654e+02 -4.145869924794916804e-03 -7.080870933760315122e-03
4.044935322296402660e+02 -4.122261659475030468e-03 -7.293182010774937850e-03
4.045095756611141837e+02 -4.109766512845344257e-03 -7.402449087772026808e-03
4.045256294467656062e+02 -4.097157508026141697e-03 -7.539520642629327432e-03
4.045417074093912788e+02 -4.086190185534338722e-03 -7.674085973180931435e-03
4.045739842591883075e+02 -4.059107973060156055e-03 -8.050212840376731044e-03
4.045902017737319056e+02 -4.047355411558950858e-03 -8.284780297056574053e-03
4.046064855241262990e+02 -4.036185693225746197e-03 -8.581200065365550411e-03
4.046228406572981839e+02 -4.028108956447441942e-03 -8.886020058419121653e-03
4.046553561619452353e+02 -4.011123953608580241e-03 -9.676295629136556775e-03
4.046715083133150301e+02 -4.004403281137165760e-03 -1.005990191919941060e-02
4.046876093445796414e+02 -3.998110999884242275e-03 -1.046284942831735357e-02
4.047036685033287995e+02 -3.992552732548755069e-03 -1.084416144833225300e-02
4.047357247223717991e+02 -3.985196570890224728e-03 -1.153675076698878164e-02
4.047517518482465562e+02 -3.982159565760094028e-03 -1.182378966757307442e-02
4.047677928062805108e+02 -3.980094075377718817e-03 -1.207295292766394704e-02
4.047838519004299087e+02 -3.977953682346245697e-03 -1.229692903954953710e-02
4.048160982169937938e+02 -3.975837405824276388e-03 -1.262007103620864899e-02
4.048323021722583235e+02 -3.974711381436049108e-03 -1.272118061416419380e-02
4.048485712407756978e+02 -3.973116077956828987e-03 -1.277292551880437714e-02
4.048648980561536064e+02 -3.972707966066226816e-03 -1.277507480001370543e-02
4.048812195697528864e+02 -3.971490513194051754e-03 -1.274034095048082356e-02
4.049136511615603808e+02 -3.967612488403996635e-03 -1.258522893221904020e-02
4.049297881526202900e+02 -3.965382917467760553e-03 -1.247674085933152092e-02
4.049458844666609139e+02 -3.964009218307074783e-03 -1.235626294575714948e-02
4.049619620255674590e+02 -3.959902923497851494e-03 -1.222504868333679565e-02
4.049940622715787981e+02 -3.952191011437850530e-03 -1.193428039036268165e-02
4.050101157665901042e+02 -3.947897247231849267e-03 -1.178625261879884777e-02
4.050261814410972079e+02 -3.943266179526254932e-03 -1.164171048149575602e-02
4.050422770172182823e+02 -3.939911402400775829e-03 -1.150189609117236930e-02
4.050745810900081096e+02 -3.932115244012890538e-03 -1.124233487874379614e-02
4.050907998641501422e+02 -3.930762063720751737e-03 -1.112450858892243856e-02
4.051070435782186223e+02 -3.929467919757605003e-03 -1.101549835765686103e-02
4.051233300514295479e+02 -3.930151669399557270e-03 -1.091847585845266179e-02
4.051559092839742107e+02 -3.923278239467803755e-03 -1.079963636982509377e-02
4.051720828514585264e+02 -3.920515855577826753e-03 -1.081973833843155423e-02
4.051881872826526774e+02 -3.917684008506368623e-03 -1.074555902138429712e-02
4.052042375770678859e+02 -3.914958146812378727e-03 -1.075309509501788316e-02
4.052202727889039124e+02 -3.915427013065844383e-03 -1.070414906391461279e-02
4.052523129120263548e+02 -3.909783094118612218e-03 -1.059111799084031490e-02
4.052683526129220581e+02 -3.906536737486497601e-03 -1.054173589672001421e-02
4.052844132882365216e+02 -3.902858053294067445e-03 -1.049093668627787239e-02
4.053005179617468343e+02 -3.899142095858918865e-03 -1.043026927740675625e-02
4.053328747773117016e+02 -3.894349822877200915e-03 -1.029754610788302140e-02
4.053491553397536791e+02 -3.891054130088732015e-03 -1.021941679670895602e-02
4.053654897888355890e+02 -3.888476096633847710e-03 -1.013721415154327996e-02
4.053818032699080618e+02 -3.885778837982289350e-03 -1.006109208369168270e-02
4.054142353898496367e+02 -3.877136601089910262e-03 -9.956755307992932666e-03
4.054303835897567865e+02 -3.870880938755515317e-03 -9.993478038048191417e-03
4.054464955274231670e+02 -3.865121139574538567e-03 -1.004940424882751204e-02
4.054625921160538269e+02 -3.856841901742112146e-03 -1.012538295782598741e-02
4.054947328140913214e+02 -3.840080115608715799e-03 -1.028628050164246376e-02
4.055108021778590341e+02 -3.831629907130913379e-03 -1.033793173467256916e-02
4.055268828124492870e+02 -3.822641774359317440e-03 -1.036531546408325614e-02
4.055429957318364700e+02 -3.813359083634904664e-03 -1.037103276434476161e-02
4.055753160917990385e+02 -3.791795056404661472e-03 -1.041634139356851368e-02
4.055915491621038313e+02 -3.780574835696806114e-03 -1.047022100513428366e-02
4.056078454240351334e+02 -3.768001670673641178e-03 -1.055035948031357758e-02
4.056241952192245321e+02 -3.757646058437602316e-03 -1.065092075112473134e-02
4.056405139427529321e+02 -3.743054843139791057e-03 -1.077139761946964772e-02
4.056729876338969802e+02 -3.722380412227901513e-03 -1.104514084288357040e-02
4.056891210418195897e+02 -3.722200206928420307e-03 -1.118217242098870461e-02
4.057051427092702056e+02 -3.728949132643632688e-03 -1.130875681245869721e-02
4.057210521552427167e+02 -3.748518854460846424e-03 -1.141404605136336382e-02
4.057527994442080512e+02 -3.812087321236379105e-03 -1.156285093394136994e-02
4.057687478908251819e+02 -3.854348120383729523e-03 -1.159933026968069242e-02
4.057847968822646862e+02 -3.905476569918950314e-03 -1.162419284981192763e-02
4.058009910343044453e+02 -3.963538804036647115e-03 -1.161938448582159646e-02
4.058335272888986083e+02 -4.077851604575681577e-03 -1.154847633255295242e-02
4.058497234230908930e+02 -4.130856096161728344e-03 -1.147775641324584942e-02
4.058658866787964143e+02 -4.186281662941081401e-03 -1.140049864121444635e-02
4.058820757626108389e+02 -4.240951050662621416e-03 -1.129741223674005611e-02
4.059146409320856606e+02 -4.349711996785282815e-03 -1.107629079868362176e-02
4.059308427216959672e+02 -4.391465625002902509e-03 -1.095676923468530926e-02
4.059469362348455661e+02 -4.430752174021135650e-03 -1.083663632874714775e-02
4.059629537876911627e+02 -4.470811761501890941e-03 -1.071608378340790577e-02
4.059948835562893237e+02 -4.541336957768751445e-03 -1.047329049452078165e-02
4.060108070494687809e+02 -4.572809863762232474e-03 -1.035258717575626014e-02
4.060267462213547560e+02 -4.601444039042771293e-03 -1.022686264815010626e-02
4.060427163206824162e+02 -4.629683999990672622e-03 -1.010483992696066535e-02
4.060748463549683152e+02 -4.672142883903739920e-03 -9.858766512725870151e-03
4.060910300795613921e+02 -4.691355201692583993e-03 -9.736331971136789887e-03
4.061073092313621942e+02 -4.703778608235203128e-03 -9.617497982466017420e-03
4.061236381301632150e+02 -4.718267812959385521e-03 -9.501338375178705609e-03
4.061560980636255067e+02 -4.734419667115010062e-03 -9.340482150085616456e-03
4.061722396011920750e+02 -4.739971518208002492e-03 -9.291088008303952442e-03
4.061883350042390362e+02 -4.741576981290314581e-03 -9.181948435194734956e-03
4.062043993187728574e+02 -4.742050938565711520e-03 -9.128138537830492866e-03
4.062204450865064018e+02 -4.743269065030608980e-03 -9.020574681590559987e-03
4.062525266764267258e+02 -4.733451657709381380e-03 -8.835943792239710215e-03
4.062685829869645886e+02 -4.727079270828963772e-03 -8.745953672586079600e-03
4.062846594859910283e+02 -4.719194196511981507e-03 -8.663662635739225945e-03
4.063007759822454545e+02 -4.710733767869643672e-03 -8.582672207304060594e-03
4.063331355467707908e+02 -4.694467385831387583e-03 -8.430176845870385183e-03
4.063494023735021869e+02 -4.683674167195416016e-03 -8.362656221871139078e-03
4.063657251107538286e+02 -4.673230467287652588e-03 -8.305987144910671055e-03
4.063820670067532888e+02 -4.662538251704306629e-03 -8.251808942852894083e-03
4.064145444629837698e+02 -4.637823617747175581e-03 -8.164049470458378463e-03
4.064307010239016336e+02 -4.625079809959577529e-03 -8.130041140231518415e-03
4.064468113726193224e+02 -4.613401553942594532e-03 -8.279343958179249258e-03
4.064628930158243634e+02 -4.600775075183077302e-03 -8.245536068347974340e-03
4.064949676443171711e+02 -4.576692643273968207e-03 -8.595785454680105950e-03
4.065109924628424096e+02 -4.564283394948580493e-03 -8.656830164929983640e-03
4.065270240259766865e+02 -4.551566372294872827e-03 -8.756098635754550052e-03
4.065430789106980001e+02 -4.539137125557842281e-03 -8.834308425855589425e-03
4.065753153198403425e+02 -4.507969780804786837e-03 -9.009643054766114725e-03
4.065915186981795273e+02 -4.493731532310191526e-03 -9.093769813157948773e-03
4.066077993660256880e+02 -4.479006721182899643e-03 -9.201201388078701984e-03
4.066241473101026713e+02 -4.468367979463185903e-03 -9.289145204185559473e-03
4.066404450293726427e+02 -4.456389228645993468e-03 -9.384190019362683918e-03
4.066728236133918699e+02 -4.439570012444195302e-03 -9.619148477449990242e-03
4.066889241017879044e+02 -4.430114448461875028e-03 -9.737793695582235703e-03
4.067049819409292581e+02 -4.421106451158239407e-03 -9.849432459507657597e-03
4.067210215111834373e+02 -4.414688800468266269e-03 -9.957338184051488933e-03
4.067530732117328967e+02 -4.397679159216994448e-03 -1.015950501538185648e-02
4.067691168357664537e+02 -4.390561839318637451e-03 -1.024031382104962501e-02
4.067851805726210728e+02 -4.383138478274895347e-03 -1.032950442718120337e-02
4.068012886875508798e+02 -4.376457402667084835e-03 -1.039604986105392530e-02
4.068336541859569024e+02 -4.365731718094068015e-03 -1.049880873442952424e-02
4.068499330216058070e+02 -4.358670132540732114e-03 -1.052526381671904480e-02
4.068662674021551311e+02 -4.361307926641628911e-03 -1.053276573874464134e-02
4.068826016955501927e+02 -4.365774248768610095e-03 -1.051930139339392334e-02
4.069148858305179601e+02 -4.391065496113431138e-03 -1.045237790609992307e-02
4.069308795741933977e+02 -4.414203289912915079e-03 -1.040324770499219918e-02
4.069468659229122522e+02 -4.442426857893347694e-03 -1.034726287567227718e-02
4.069629174008425139e+02 -4.474621603249416373e-03 -1.028397478973388374e-02
4.069953201908593883e+02 -4.548911729110409301e-03 -1.013093828025876837e-02
4.070114818757670037e+02 -4.581057310700521225e-03 -1.004330011994237527e-02
4.070275403770998537e+02 -4.608299517551617611e-03 -9.945894840296639824e-03
4.070435008516467406e+02 -4.629658263738103442e-03 -9.848034515630326932e-03
4.070754438326545710e+02 -4.670356493150966751e-03 -9.642643091798850860e-03
4.070914968166530912e+02 -4.683758154014483997e-03 -9.540065865581887766e-03
4.071076478301588963e+02 -4.694970073526711328e-03 -9.439771510402199250e-03
4.071239234050131017e+02 -4.702263966595145867e-03 -9.344667640712893408e-03
4.071401830593201794e+02 -4.707703844144484930e-03 -9.337918071672684020e-03
4.071724831885236426e+02 -4.710685538006102388e-03 -9.176862250872499030e-03
4.071885479061401156e+02 -4.707028492462891033e-03 -9.110275415922334044e-03
4.072045858594719903e+02 -4.702123480285771116e-03 -9.015264040427305864e-03
4.072206117841872697e+02 -4.697510406060091161e-03 -8.939606801393960855e-03
4.072526768317376309e+02 -4.678180182525183001e-03 -8.782040755312303659e-03
4.072687325444342150e+02 -4.667424379078389217e-03 -8.699658458875695125e-03
4.072848085500926913e+02 -4.655870461126657145e-03 -8.618135013021808316e-03
4.073009244933600712e+02 -4.644043471103443191e-03 -8.535733703879881673e-03
4.073332944017809609e+02 -4.622112781327241023e-03 -8.379378083940836747e-03
4.073495690769738076e+02 -4.608907790994809343e-03 -8.300845597095244180e-03
4.073659000456027002e+02 -4.595950138176421382e-03 -8.222524010379201123e-03
4.073822327148402564e+02 -4.582713938717018591e-03 -8.149827237578316508e-03
4.074146954964664360e+02 -4.551928350355779335e-03 -8.030892053787423712e-03
4.074308502978920501e+02 -4.535257459949146482e-03 -8.001402828883570628e-03
4.074469623817769843e+02 -4.519529552734661421e-03 -7.988601861992520453e-03
4.074630577797363458e+02 -4.501933424669903039e-03 -7.991553538448773614e-03
4.074951964872519738e+02 -4.467223934056369777e-03 -8.004398012286953815e-03
4.075112691408639876e+02 -4.450150256559909541e-03 -8.005892186932801399e-03
4.075273553582684940e+02 -4.433247150280172390e-03 -8.005527637281057915e-03
4.075434737180440834e+02 -4.416410583702283510e-03 -8.005790010379080016e-03
4.075758029791188051e+02 -4.381917417121824858e-03 -8.024559051929750983e-03
4.075920392652022883e+02 -4.364684218052345029e-03 -8.044327987928426987e-03
4.076083387855636602e+02 -4.345969850115418039e-03 -8.073602445340473735e-03
4.076246874934276434e+02 -4.329744970233451694e-03 -8.106569781363162641e-03
4.076410024037092512e+02 -4.309466554784471479e-03 -8.149500800112332785e-03
4.076734358615910878e+02 -4.274282222322177069e-03 -8.234560285624350703e-03
4.076895816068349063e+02 -4.254661580517438667e-03 -8.280284099666005218e-03
4.077056879591943357e+02 -4.236506602387305961e-03 -8.325971098581083987e-03
4.077217668985177284e+02 -4.219078603903027649e-03 -8.369864224437324057e-03
4.077538705886236698e+02 -4.189870058877349229e-03 -8.441025614709525907e-03
4.077698562932055211e+02 -4.178972817927250651e-03 -8.459658702936712418e-03
4.077859023282463227e+02 -4.171556556199181205e-03 -8.476467376856021765e-03
4.078020849230093745e+02 -4.168458146372988268e-03 -8.477282390274140308e-03
4.078345415045988034e+02 -4.179914587842871454e-03 -8.444823127435465565e-03
4.078507863070612984e+02 -4.188567257639008896e-03 -8.407217179746189969e-03
4.078670684739446415e+02 -4.200116213942403122e-03 -8.367746646895643514e-03
4.078833781928421445e+02 -4.217177968731157696e-03 -8.312334943669610551e-03
4.079160793754541601e+02 -4.258275861714080901e-03 -8.191592782420108881e-03
4.079323579920832117e+02 -4.278467831852937435e-03 -8.124480449225960146e-03
4.079485062043723929e+02 -4.297694499246858604e-03 -8.054558844808065374e-03
4.079645460231845391e+02 -4.319801937564432190e-03 -7.984180334045002173e-03
4.079805504127921836e+02 -4.341866831814439158e-03 -7.912962763391651055e-03
4.080124207239825296e+02 -4.386268329366143325e-03 -7.765993722420203201e-03
4.080283672787122100e+02 -4.407489035171148657e-03 -7.692533472892222439e-03
4.080443617710386093e+02 -4.426735871160412256e-03 -7.621764241786462869e-03
4.080603980298474767e+02 -4.446622559993003258e-03 -7.559230415608627490e-03
4.080926588369501928e+02 -4.484912674960521255e-03 -7.446465522293836854e-03
4.081089203897981292e+02 -4.501413474090198638e-03 -7.393461223823011817e-03
4.081252293468591006e+02 -4.520096176505791243e-03 -7.342475183999721926e-03
4.081414689802723501e+02 -4.534533396229642292e-03 -7.287459865731409775e-03
4.081737452192509181e+02 -4.560442991962782369e-03 -7.175874751000543492e-03
4.081898239392407959e+02 -4.567048112027609179e-03 -7.119293353953560534e-03
4.082058800668390290e+02 -4.572071060058491634e-03 -7.063112859705776916e-03
4.082219158461608686e+02 -4.576739424721240623e-03 -7.007992363878969705e-03
4.082540121464784875e+02 -4.575051536995903591e-03 -6.892532573144823094e-03
4.082700762606054354e+02 -4.572489998749585532e-03 -6.839714107585638525e-03
4.082861601755350875e+02 -4.568126981132549815e-03 -6.787927551870783470e-03
4.083022820242864555e+02 -4.563044804327419379e-03 -6.726564977322925694e-03
4.083346474120178868e+02 -4.550793799286528482e-03 -6.618823018272476655e-03
4.083509125867878424e+02 -4.541978769342398282e-03 -6.559751982244369992e-03
4.083672394482350683e+02 -4.530987860310772483e-03 -6.504764402191233995e-03
4.083835820496338442e+02 -4.522018868866052935e-03 -6.467958489232810727e-03
4.084160494079001182e+02 -4.495922647978511412e-03 -6.751364472029099985e-03
4.084321992950790445e+02 -4.482801498715479303e-03 -6.900923201935830684e-03
4.084483026952672162e+02 -4.468762788529618592e-03 -7.139604765924579752e-03
4.084643775213061758e+02 -4.454980476602385039e-03 -7.289849313155918019e-03
4.084804186624884892e+02 -4.441747029229691814e-03 -7.432913294243920221e-03
4.085124886360028427e+02 -4.411720770332321420e-03 -7.728023829095349330e-03
4.085285352129647549e+02 -4.396332052873535602e-03 -7.882733801654596278e-03
4.085446093435516559e+02 -4.380615467694233198e-03 -8.073874203020454596e-03
4.085607227992458661e+02 -4.364880198548583626e-03 -8.291953492105369819e-03
4.085931077341775790e+02 -4.335244529120809050e-03 -8.790553553649844282e-03
4.086094054433839915e+02 -4.321136252749180687e-03 -9.065291057081094686e-03
4.086257530990553164e+02 -4.309407753623420954e-03 -9.367949309887982010e-03
4.086420417753554375e+02 -4.298466076807722427e-03 -9.681302146471204226e-03
4.086743913664671481e+02 -4.281479871638831786e-03 -1.029543269120150595e-02
4.086904914729964275e+02 -4.272342298498253178e-03 -1.058851184921494500e-02
4.087065499641063298e+02 -4.263735348760114806e-03 -1.086583799047272092e-02
4.087225808966484237e+02 -4.257087021508464825e-03 -1.111338489859987379e-02
4.087546324889009384e+02 -4.244977621424638782e-03 -1.152030471030283248e-02
4.087706765274656391e+02 -4.240210444809710232e-03 -1.167929089111662162e-02
4.087867402850679355e+02 -4.235261785877836478e-03 -1.182121180071228281e-02
4.088028494572915292e+02 -4.231361225737709231e-03 -1.194075484099837298e-02
4.088352205107527766e+02 -4.224516046062202004e-03 -1.209365924433233354e-02
4.088515011368874639e+02 -4.221656503439261479e-03 -1.212777204986166014e-02
4.088678484558363948e+02 -4.222840159884462714e-03 -1.212542012664216684e-02
4.088841216441854840e+02 -4.236571692299091925e-03 -1.209660236580155715e-02
4.089002509393831701e+02 -4.250438863275879213e-03 -1.205062154123085101e-02
4.089323348281097310e+02 -4.293799164862135281e-03 -1.191119859349844615e-02
4.089484091207486358e+02 -4.321007277698817040e-03 -1.182895805027621428e-02
4.089645850908752323e+02 -4.348194921646360463e-03 -1.173537072335790847e-02
4.089808119507110860e+02 -4.379795038450466464e-03 -1.163448622769429688e-02
4.090130631074885628e+02 -4.431569794476074124e-03 -1.141027369700909136e-02
4.090290918379065488e+02 -4.454037805867712072e-03 -1.128818492234976573e-02
4.090450566966280803e+02 -4.471869363207795281e-03 -1.117119465253698686e-02
4.090610018817155833e+02 -4.494521363857781164e-03 -1.104994214226387612e-02
4.090930797286682719e+02 -4.522678632611638015e-03 -1.081418973575086137e-02
4.091092755478069307e+02 -4.534938280767186053e-03 -1.070105853916409992e-02
4.091255796277535524e+02 -4.542733338122414803e-03 -1.059529604353662800e-02
4.091418217349846600e+02 -4.551526412988559332e-03 -1.064983316515526364e-02
4.091740960527695847e+02 -4.560845529809399480e-03 -1.045643819703362572e-02
4.091901671696462017e+02 -4.560282241810285908e-03 -1.037528123053827779e-02
4.092062123262660975e+02 -4.557745931662002953e-03 -1.025623983248516273e-02
4.092222372553644050e+02 -4.555699279811952981e-03 -1.017916506239101987e-02
4.092543095934198618e+02 -4.544122226814290705e-03 -1.001364978979324763e-02
4.092703677084477931e+02 -4.537128822897412185e-03 -9.923645458372650635e-03
4.092864476136842313e+02 -4.528807038231481494e-03 -9.834488423921263281e-03
4.093025691884985235e+02 -4.520737494395903056e-03 -9.740031188734281364e-03
4.093349489913956631e+02 -4.504117803021875747e-03 -9.547716510916083241e-03
4.093512263058110534e+02 -4.494837313036585159e-03 -9.452091405605858934e-03
4.093675654911455126e+02 -4.482969533806107666e-03 -9.358511625423589567e-03
4.093838897633407896e+02 -4.473519401062085038e-03 -9.267809530599659812e-03
4.094001432151616768e+02 -4.459402153749198600e-03 -9.196310345346276824e-03
4.094324963601856666e+02 -4.432683547645902347e-03 -9.238181453555125572e-03
4.094486078363025285e+02 -4.417631996852566627e-03 -9.294244815370332133e-03
4.094647000934061225e+02 -4.402421026620527943e-03 -9.380268836581346498e-03
4.094807689045949814e+02 -4.386839783239440335e-03 -9.461769954322185594e-03
4.095129083694542373e+02 -4.355989928968594105e-03 -9.551109758699379698e-03
4.095289941508573293e+02 -4.340532287102567659e-03 -9.576074731493779135e-03
4.095451137717677170e+02 -4.323712655849002232e-03 -9.597004695164947433e-03
4.095612570082935235e+02 -4.308803835677059609e-03 -9.631366953492826941e-03
4.095936869131695062e+02 -4.277300606626343281e-03 -9.758317973559183650e-03
4.096099942565713832e+02 -4.260265409679312235e-03 -9.858069281930293901e-03
4.096263439210141541e+02 -4.243813698198635985e-03 -9.975476686385043035e-03
4.096426472622445658e+02 -4.226692390911943216e-03 -1.011465174506811886e-02
4.096750666276770971e+02 -4.198423530710475304e-03 -1.043395295157044031e-02
4.096911840808627971e+02 -4.188860551809205079e-03 -1.059411865305120125e-02
4.097071661642900153e+02 -4.185224057687836688e-03 -1.074528897491540055e-02
4.097230723359474496e+02 -4.191360356573417371e-03 -1.087982134124243321e-02
4.097549261758143757e+02 -4.231338429002555121e-03 -1.108603774812314501e-02
4.097709599496117221e+02 -4.260855775341178438e-03 -1.115479337478858003e-02
4.097871061881228343e+02 -4.299137729282680870e-03 -1.121077839890887058e-02
4.098033221712191221e+02 -4.345389983092746815e-03 -1.123987244205395218e-02
4.098358168651163282e+02 -4.440923823290800383e-03 -1.123444154049861067e-02
4.098520608237806186e+02 -4.488260490550088390e-03 -1.120537252471843874e-02
4.098682996644586183e+02 -4.540773708469354047e-03 -1.115391768653328265e-02
4.098845392824911755e+02 -4.601507539565645108e-03 -1.108363476125538358e-02
4.099008151866732987e+02 -4.657475816451951516e-03 -1.100425499486757698e-02
4.099334025005507556e+02 -4.767308711473757996e-03 -1.081226592928015082e-02
4.099495404639372964e+02 -4.814143489472526641e-03 -1.070808189920037859e-02
4.099655775321987221e+02 -4.865091070029071291e-03 -1.060177275272362885e-02
4.099815785986324386e+02 -4.912900328081232747e-03 -1.049446666652360111e-02
4.100134219036658578e+02 -5.003559135762298410e-03 -1.027443130506903481e-02
4.100293453673260728e+02 -5.044900200479950081e-03 -1.015856504872844623e-02
4.100453087190294923e+02 -5.080828405752180893e-03 -1.004716371727595522e-02
4.100613302399384565e+02 -5.115141615506023018e-03 -9.934465516673358573e-03
4.100935788786556486e+02 -5.173693994332886036e-03 -9.710685309738955120e-03
4.101098391524566864e+02 -5.197176891302119316e-03 -9.599639387289670908e-03
4.101261608129713636e+02 -5.217833563104507313e-03 -9.491366168038885970e-03
4.101424185967860581e+02 -5.234076450720813803e-03 -9.389978832601744707e-03
4.101747235988029843e+02 -5.258795872389416919e-03 -9.220424967531413996e-03
4.101908094522656256e+02 -5.266259048114985651e-03 -9.156807769246230397e-03
4.102068620477836589e+02 -5.270046483481669215e-03 -9.087641122170780905e-03
4.102228908328457351e+02 -5.273094279548168339e-03 -9.013844777381473453e-03
4.102549544090383051e+02 -5.269868755130317252e-03 -8.848429382757339381e-03
4.102710028127779083e+02 -5.265082922734945665e-03 -8.756186994576396071e-03
4.102870736007213281e+02 -5.258807464465570930e-03 -8.679237654184204440e-03
4.103031853949334504e+02 -5.250536992780733582e-03 -8.606004091765658004e-03
4.103355420847781829e+02 -5.232296500848335023e-03 -8.474621808171553874e-03
4.103518110923961899e+02 -5.222770920502712091e-03 -8.413576052983063117e-03
4.103681466819584784e+02 -5.209827211188435003e-03 -8.354663869840069784e-03
4.103844732024185760e+02 -5.200267502599855568e-03 -8.301769955677556698e-03
4.104007244032853237e+02 -5.185560101657882282e-03 -8.257064551894338980e-03
4.104330554543698213e+02 -5.159825318252086838e-03 -8.287942146722591941e-03
4.104491509497285051e+02 -5.145379416013225009e-03 -8.368484737662875914e-03
4.104652177838506191e+02 -5.131891641940041458e-03 -8.471686521252654728e-03
4.104812496648611386e+02 -5.118634973606368647e-03 -8.682536401363526862e-03
4.105132969381534735e+02 -5.088377400119939616e-03 -8.933344457607555328e-03
4.105293335327167483e+02 -5.072734349799284774e-03 -9.076171135174062113e-03
4.105454001630669154e+02 -5.055892828438789989e-03 -9.213728342392354942e-03
4.105615091494368585e+02 -5.039939929704898361e-03 -9.328788938385361787e-03
4.105938981204795368e+02 -5.009539834392747956e-03 -9.587752239437953572e-03
4.106102040640212181e+02 -4.995377780882426927e-03 -9.718599057199768868e-03
4.106265531516787064e+02 -4.982001734571992434e-03 -9.867610956870680530e-03
4.106428380566077863e+02 -4.970720887732020359e-03 -1.003277211263433472e-02
4.106751856843303017e+02 -4.949589069236439397e-03 -1.039588547409808078e-02
4.106912907527296284e+02 -4.937353432841356735e-03 -1.058358405410303460e-02
4.107073609253558288e+02 -4.924140305450917625e-03 -1.076374592548509992e-02
4.107234030881447211e+02 -4.911452320596578110e-03 -1.093092389908183019e-02
4.107554867243671310e+02 -4.886910857323267451e-03 -1.121906139915313655e-02
4.107715456543681398e+02 -4.875460066505241281e-03 -1.134099578157325358e-02
4.107876297201872262e+02 -4.864081831214094216e-03 -1.143804302741000152e-02
4.108037566258348647e+02 -4.853048700378923691e-03 -1.150938934515072058e-02
4.108361443550069225e+02 -4.831128298911545327e-03 -1.157732650874691328e-02
4.108524236537338652e+02 -4.827508895227746420e-03 -1.157071433777570081e-02
4.108687703470815222e+02 -4.824249279631550626e-03 -1.153683762340721244e-02
4.108850010971987103e+02 -4.830261233730440140e-03 -1.147844917627463893e-02
4.109011251778954943e+02 -4.838426203341142373e-03 -1.140297704710364034e-02
4.109332510852176483e+02 -4.877050389957481198e-03 -1.121367589069692701e-02
4.109493769314738643e+02 -4.901183838192175318e-03 -1.110685108945169523e-02
4.109655834878120686e+02 -4.926759402234750888e-03 -1.099226410498417919e-02
4.109818131997226942e+02 -4.957290967571744561e-03 -1.086999225370838609e-02
4.110140672081830076e+02 -5.007369883026873206e-03 -1.060591343940528626e-02
4.110300893100459803e+02 -5.029642942135846735e-03 -1.046817539268815080e-02
4.110460547893191006e+02 -5.046878523988593268e-03 -1.033568169130699883e-02
4.110620118318789764e+02 -5.071112600329781561e-03 -1.020232411089549464e-02
4.110940937711161496e+02 -5.099470332378400889e-03 -9.945516662259776264e-03
4.111102764209698535e+02 -5.111395238364919297e-03 -9.826120308967570965e-03
4.111265711284039526e+02 -5.116209614179219670e-03 -9.758097824445968391e-03
4.111428172300977621e+02 -5.123480403337081317e-03 -9.685256272307277148e-03
4.111750812459479789e+02 -5.128380386710094593e-03 -9.526254388971573325e-03
4.111911450442286764e+02 -5.127731036333882039e-03 -9.421516961179980665e-03
4.112071855089802739e+02 -5.122099382164040614e-03 -9.329024814328902918e-03
4.112232056600105352e+02 -5.116079470566570024e-03 -9.242619855245829547e-03
4.112552783744692988e+02 -5.098472526688289062e-03 -9.070108791376381430e-03
4.112713391545911463e+02 -5.088086245167426636e-03 -8.981176864584801758e-03
4.112874224660105256e+02 -5.076169590770059775e-03 -8.892142567648232687e-03
4.113035479355307302e+02 -5.064270569981035516e-03 -8.805429060835843341e-03
4.113359382889664175e+02 -5.039454298936241715e-03 -8.642476101271045000e-03
4.113522194107521273e+02 -5.026759585243035025e-03 -8.559136054872410609e-03
4.113685631854491476e+02 -5.010656204754162894e-03 -8.474047948848074940e-03
4.113848823867888882e+02 -4.997564042288151626e-03 -8.386698476945123742e-03
4.114011394141489291e+02 -4.978061666631461608e-03 -8.303765973547410500e-03
4.114334919682633540e+02 -4.943268857401190639e-03 -8.177402913036761062e-03
4.114496063200791127e+02 -4.923484813361333687e-03 -8.189409675120478543e-03
4.114657023327849288e+02 -4.904015864249698133e-03 -8.216824528893653876e-03
4.114817749630660160e+02 -4.884092263888804505e-03 -8.262106486574313791e-03
4.115139180299516966e+02 -4.844335727303209806e-03 -8.381876010453986545e-03
4.115300059798096868e+02 -4.824767324328199485e-03 -8.414215899205337856e-03
4.115461282578841065e+02 -4.802858523180538082e-03 -8.428780895404755849e-03
4.115622754290175180e+02 -4.783448433758604595e-03 -8.432859202699604512e-03
4.115947094199825642e+02 -4.742905603771440347e-03 -8.459698863171414424e-03
4.116110180444694038e+02 -4.721791118450012308e-03 -8.490768166195783798e-03
4.116273711223053624e+02 -4.699571871954390245e-03 -8.531968432333669750e-03
4.116436739738177266e+02 -4.679130252737140339e-03 -8.586918884335832669e-03
4.116760841004060012e+02 -4.637574058093650760e-03 -8.718125366893970246e-03
4.116922226603942363e+02 -4.616211945594848355e-03 -8.791278754929155240e-03
4.117083271330643583e+02 -4.592788887688199415e-03 -8.868639629444851485e-03
4.117243982304917154e+02 -4.574320935768058302e-03 -8.939177067034962190e-03
4.117404353678517168e+02 -4.560167655826716238e-03 -9.003191927987196433e-03
4.117723047923136050e+02 -4.542973122638415545e-03 -9.094013940659151016e-03
4.117883686994221648e+02 -4.542861543102884314e-03 -9.123614617239752742e-03
4.118046174281700473e+02 -4.546701161277447341e-03 -9.144674668872327522e-03
4.118208783548579390e+02 -4.554811633165657681e-03 -9.154991561591488067e-03
4.118532585289648864e+02 -4.568425212870888541e-03 -9.129177346181880509e-03
4.118694737660280225e+02 -4.576918801052806685e-03 -9.094513857948870184e-03
4.118857456641067074e+02 -4.591198180842808070e-03 -9.059780855401385058e-03
4.119020942015023365e+02 -4.597301433083594846e-03 -9.007227683470909671e-03
4.119345250264928495e+02 -4.619841366607387208e-03 -8.894549524233803794e-03
4.119506298179416603e+02 -4.630267003019976173e-03 -8.831044760322228487e-03
4.119666780048974033e+02 -4.644916954020128323e-03 -8.764565538650874107e-03
4.119827064505333851e+02 -4.657881515736111804e-03 -8.698064699518592499e-03
4.120146266694546284e+02 -4.692478818666279659e-03 -8.557898006884993858e-03
4.120305959576367059e+02 -4.711855297503107255e-03 -8.485576317812586894e-03
4.120466100695008436e+02 -4.727476406419818360e-03 -8.412019341066475156e-03
4.120626569884710761e+02 -4.746107152224053084e-03 -8.347306802335035733e-03
4.120949592199888230e+02 -4.780814160480951862e-03 -8.224082963347584610e-03
4.121112368086422180e+02 -4.799780925125856149e-03 -8.162215084000508381e-03
4.121275490041632565e+02 -4.815464173309848446e-03 -8.099847983390700765e-03
4.121437848253679022e+02 -4.833219337033378346e-03 -8.038654277636399226e-03
4.121760397270476233e+02 -4.861204679479303598e-03 -7.913226122956090389e-03
4.121921047304202830e+02 -4.873897088414374211e-03 -7.848568010562209304e-03
4.122081507575730939e+02 -4.881980351767587455e-03 -7.781264709523157651e-03
4.122241762413098627e+02 -4.888767232065079418e-03 -7.710860461850744217e-03
4.122402183786938394e+02 -4.894673352915209635e-03 -7.638611392191969017e-03
4.122723404365000306e+02 -4.898343960726997404e-03 -7.511382939558258927e-03
4.122884344604029820e+02 -4.898156854150201821e-03 -7.437788465030690035e-03
4.123045635576494305e+02 -4.895245253135481651e-03 -7.366295098842298196e-03
4.123207295210195298e+02 -4.891197101030245707e-03 -7.294625058753739615e-03
4.123532060737126699e+02 -4.882213782393102393e-03 -7.156968225719156571e-03
4.123695380184998385e+02 -4.874406306686754516e-03 -7.092597776583136303e-03
4.123858707315120569e+02 -4.867695968931329276e-03 -7.034379791700858843e-03
4.124021401326365890e+02 -4.856124810264162046e-03 -7.037848729244984905e-03
4.124344896945066807e+02 -4.836752870574228744e-03 -7.327436816543880793e-03
4.124505903347991875e+02 -4.824971594403048430e-03 -7.570477290022566662e-03
4.124666644377746252e+02 -4.814543210751925581e-03 -7.752469562281373919e-03
4.124827017713506621e+02 -4.801482490617048869e-03 -7.879989397063479756e-03
4.125147558016478797e+02 -4.771844103199433286e-03 -8.160581168399565211e-03
4.125307972904452640e+02 -4.755889142988256775e-03 -8.311082893982833092e-03
4.125468707463542728e+02 -4.737637361018539987e-03 -8.447136553116078167e-03
4.125629847335367799e+02 -4.720952079203876578e-03 -8.632394478183003442e-03
4.125953828889381612e+02 -4.687667604281202730e-03 -8.953690979348458492e-03
4.126116891881113133e+02 -4.673169605030693535e-03 -9.132942678390725336e-03
4.126280369393936667e+02 -4.657952952592577661e-03 -9.310675301415393540e-03
4.126443151327118244e+02 -4.646932670309255470e-03 -9.490766289595265609e-03
4.126605070220837206e+02 -4.634714011062128491e-03 -9.680001613698783341e-03
4.126927389803649930e+02 -4.612433526748022788e-03 -1.003008982927728471e-02
4.127088003328091190e+02 -4.600245635430177428e-03 -1.018188624752684214e-02
4.127248295782960099e+02 -4.588916376607393016e-03 -1.031091848434349638e-02
4.127408565735634625e+02 -4.580563824782348491e-03 -1.041688645705174908e-02
4.127729399635038021e+02 -4.563268676001568623e-03 -1.055981517033785511e-02
4.127890160522461542e+02 -4.555804451740002280e-03 -1.060584895351555056e-02
4.128051376164450517e+02 -4.560465471311996033e-03 -1.063210813453243676e-02
4.128212791537019939e+02 -4.563485419826982144e-03 -1.064069409036464721e-02
4.128531439414181818e+02 -4.601628470851023070e-03 -1.060193190302228042e-02
4.128692854064709650e+02 -4.636194406634212145e-03 -1.055507449560343612e-02
4.128854074430780088e+02 -4.678113841124307594e-03 -1.049453714723743054e-02
4.129014995217690398e+02 -4.721588198981502803e-03 -1.042454105759987003e-02
4.129338217168928509e+02 -4.811508682931046714e-03 -1.026178852422499760e-02
4.129501052576064239e+02 -4.854960422487194713e-03 -1.017271306954982413e-02
4.129663052218040775e+02 -4.893480893168676571e-03 -1.008075844916058936e-02
4.129823889137064725e+02 -4.926169653338553604e-03 -9.986859015045852425e-03
4.130142877195166307e+02 -4.981451893939806315e-03 -9.792146370784737819e-03
4.130301881148167809e+02 -5.004873425515646117e-03 -9.692114467120663268e-03
4.130461269564536906e+02 -5.019377328155705080e-03 -9.597073679436443974e-03
4.130621293231571940e+02 -5.035436576258044659e-03 -9.501160183218766361e-03
4.130944053379203069e+02 -5.050225581801533366e-03 -9.315348834953988966e-03
4.131107014194827798e+02 -5.054677423161290338e-03 -9.239212321080953610e-03
4.131270283586733854e+02 -5.055744886956929814e-03 -9.263698192034335380e-03
4.131432867773399948e+02 -5.056568487083896654e-03 -9.104635079408049392e-03
4.131755959844681456e+02 -5.051051092525695417e-03 -9.037439839788300941e-03
4.131916848127803519e+02 -5.045274532561412270e-03 -8.972783009187856873e-03
4.132077413814418492e+02 -5.037705622320435596e-03 -8.910025922477903329e-03
4.132237697027297827e+02 -5.029752888471669681e-03 -8.845041265145689793e-03
4.132558416268380483e+02 -5.009865837111777964e-03 -8.720510009850261993e-03
4.132718968883725665e+02 -4.998517923480591540e-03 -8.653973672274302767e-03
4.132879783533757632e+02 -4.986801520749872818e-03 -8.583513149704003614e-03
4.133041023333684620e+02 -4.974054255531110483e-03 -8.507706355675387008e-03
4.133202671177847947e+02 -4.960851215798344968e-03 -8.427651307885575954e-03
4.133527648354464077e+02 -4.936579244600479595e-03 -8.255791686314918262e-03
4.133691100976004122e+02 -4.921401847800022621e-03 -8.168944007018768411e-03
4.133854271353054060e+02 -4.908842123466952874e-03 -8.088660159217152604e-03
4.134016813517176843e+02 -4.890493050090016433e-03 -8.015714929753879961e-03
4.134340188607215509e+02 -4.857916785743925103e-03 -8.026452091145785256e-03
4.134501234692723415e+02 -4.839396943107140275e-03 -8.091808149089906033e-03
4.134662103507783968e+02 -4.821442839230132005e-03 -8.190046369612185781e-03
4.134822734143409662e+02 -4.802776342475989328e-03 -8.302818444669585879e-03
4.135144067058122346e+02 -4.764474220631999095e-03 -8.470510089744791998e-03
4.135304918601663644e+02 -4.745524261415528210e-03 -8.532097398168389524e-03
4.135466127286991878e+02 -4.724611860952832552e-03 -8.567406412265736806e-03
4.135627618067454705e+02 -4.706064256528166151e-03 -8.605401028254621235e-03
4.135952059356637278e+02 -4.667814140946949589e-03 -8.721842252547946581e-03
4.136115228719357901e+02 -4.649118539411458903e-03 -8.816683412761308278e-03
4.136278741870186764e+02 -4.628280140912962963e-03 -8.931451671779024742e-03
4.136441647454646500e+02 -4.610772730105202818e-03 -9.069695193284958365e-03
4.136603810225328743e+02 -4.591713504450476054e-03 -9.225257510315415521e-03
4.136926737251526447e+02 -4.554312028576585139e-03 -9.557867584946276585e-03
4.137087703702808312e+02 -4.533837302521890114e-03 -9.715534219479071698e-03
4.137248356814560566e+02 -4.516960893570724778e-03 -9.858014057111301812e-03
4.137408544631591667e+02 -4.508095301430639287e-03 -9.977749937623911838e-03
4.137727882468163330e+02 -4.502424940621525644e-03 -1.015188174499620857e-02
4.137888993976142729e+02 -4.506699393281643658e-03 -1.022118952748068792e-02
4.138051321811882985e+02 -4.516337782152696385e-03 -1.026961564821535049e-02
4.138213480492905774e+02 -4.526907561965920999e-03 -1.030328234385932511e-02
4.138537075925569866e+02 -4.553667785728406775e-03 -1.031092949029913455e-02
4.138699251185580579e+02 -4.570535986102431183e-03 -1.028160083577992455e-02
4.138861972811197916e+02 -4.595610086473749141e-03 -1.024449259359490154e-02
4.139025518144504758e+02 -4.612630497461437870e-03 -1.019644430501088009e-02
4.139350203453248014e+02 -4.660730271848402377e-03 -1.006411696582567260e-02
4.139511514425365704e+02 -4.684452483659964049e-03 -9.988008636586418604e-03
4.139672168461851811e+02 -4.712416739695336754e-03 -9.910218364300416374e-03
4.139832580065888692e+02 -4.739394994664901731e-03 -9.830195768800554373e-03
4.140151615058194352e+02 -4.805433379598995913e-03 -9.660014325595404558e-03
4.140311105101417297e+02 -4.839493994521697900e-03 -9.573741508025628705e-03
4.140471038721867103e+02 -4.869813444573759496e-03 -9.487842113525653959e-03
4.140631165508556819e+02 -4.902805527202200829e-03 -9.406145720122242523e-03
4.140953781546761547e+02 -4.959901524770102439e-03 -9.237778697835678440e-03
4.141116451138139496e+02 -4.991231551027934706e-03 -9.155325961406972010e-03
4.141279500192063097e+02 -5.016350961004428094e-03 -9.073287237627620030e-03
4.141441791997504538e+02 -5.042180209760079371e-03 -8.999058221701147775e-03
4.141603256565845186e+02 -5.064661854212192116e-03 -8.928421728705674548e-03
4.141924813421439353e+02 -5.101998229004565261e-03 -8.783304663270530971e-03
4.142085182979499791e+02 -5.115485192005213289e-03 -8.706319419610775504e-03
4.142245304676176261e+02 -5.127190856004347486e-03 -8.625886661209340028e-03
4.142405592769609370e+02 -5.138628085466920986e-03 -8.541035521277674444e-03
4.142726645299616735e+02 -5.151477226744042605e-03 -8.396701661331060565e-03
4.142887540942665510e+02 -5.154121119372506027e-03 -8.305352356512427439e-03
4.143048845336105614e+02 -5.153415648809972494e-03 -8.222911382806260064e-03
4.143210567187766173e+02 -5.151679520056666288e-03 -8.148096187375589508e-03
4.143535571433457108e+02 -5.148001965378860324e-03 -7.992827804839251760e-03
4.143699019741553116e+02 -5.142884799820362195e-03 -7.919571381448695796e-03
4.143862191044909764e+02 -5.137645208179105610e-03 -7.845701105796812347e-03
4.144024754061057934e+02 -5.127387683557835078e-03 -7.777880585237122689e-03
4.144348045902534636e+02 -5.109517457705206253e-03 -7.704452788830443329e-03
4.144509014635087851e+02 -5.097733354773500633e-03 -7.806578227739030540e-03
4.144669787326994879e+02 -5.086961262053164845e-03 -7.862481292169317543e-03
4.144830246373866771e+02 -5.074007170160066763e-03 -8.012264845202210148e-03
4.145151127960858162e+02 -5.045964963738992261e-03 -8.261828491226891336e-03
4.145311728266638056e+02 -5.031313845020336621e-03 -8.374055800462637186e-03
4.145472663042364161e+02 -5.014019021700302781e-03 -8.500641191338715458e-03
4.145633968471131539e+02 -4.998834791649630141e-03 -8.597440036313845624e-03
4.145958215566776062e+02 -4.967007859180500896e-03 -8.817510777808247255e-03
4.146121377088005033e+02 -4.953543612066040568e-03 -8.929224397550172831e-03
4.146284840668079710e+02 -4.936998226399961880e-03 -9.068540473050796386e-03
4.146447583743816949e+02 -4.925275837423361350e-03 -9.221030117795177977e-03
4.146609545908214614e+02 -4.911618601823332028e-03 -9.401255522396005648e-03
4.146931998925118705e+02 -4.888110729995286639e-03 -9.822895581650335425e-03
4.147092718559337641e+02 -4.875102250265994641e-03 -1.005168986849285830e-02
4.147253115099686056e+02 -4.861735670669735734e-03 -1.027642590986732780e-02
4.147413501506822513e+02 -4.851436017067860783e-03 -1.048780580793698750e-02
4.147734537473977525e+02 -4.830870757793292655e-03 -1.088418823509121336e-02
4.147895398081453777e+02 -4.822900744507295848e-03 -1.104786404074509579e-02
4.148056681969708848e+02 -4.813351148747887706e-03 -1.117293391861799538e-02
4.148218425052264706e+02 -4.804754665243924673e-03 -1.128101793152559880e-02
4.148543572895513876e+02 -4.790717595289490337e-03 -1.139146561016462188e-02
4.148707049205988824e+02 -4.783689650517374166e-03 -1.140822527404851232e-02
4.148870037555834074e+02 -4.775980933499230155e-03 -1.139847435430436928e-02
4.149032486527547121e+02 -4.767989540573322471e-03 -1.136958153801208120e-02
4.149354820481012780e+02 -4.772910601580793860e-03 -1.126594408248481408e-02
4.149514094772295607e+02 -4.783983459254098625e-03 -1.119668484682677725e-02
4.149673187929187179e+02 -4.802805329509625583e-03 -1.111535191306751123e-02
4.149833128547581964e+02 -4.821782636397888532e-03 -1.102439479003638860e-02
4.150156777072850218e+02 -4.873929519839783134e-03 -1.080907335897809268e-02
4.150318105905107586e+02 -4.898709319277773713e-03 -1.069347667267826589e-02
4.150478712006917021e+02 -4.915277720242054380e-03 -1.057961502103229798e-02
4.150639413867792200e+02 -4.936424613381228642e-03 -1.046454929376495514e-02
4.150960587615920758e+02 -4.969221217637122094e-03 -1.023381596810175702e-02
4.151122139333004952e+02 -4.982517726113389576e-03 -1.012126645184399133e-02
4.151284750414088762e+02 -4.989041490933879969e-03 -1.001497120165469566e-02
4.151447433827098052e+02 -4.996520571430042995e-03 -9.919772363284843492e-03
4.151609056398020812e+02 -5.001375260295473288e-03 -9.865350185272516240e-03
4.151930394229332819e+02 -5.007516803467918984e-03 -9.728607272295040909e-03
4.152090556530267236e+02 -5.005415184673222065e-03 -9.714499540301577488e-03
4.152250532223200707e+02 -5.002134839024432490e-03 -9.613045670935694773e-03
4.152410818273377799e+02 -4.998558030941421468e-03 -9.527584917051303351e-03
4.152732063711872570e+02 -4.984090263490950461e-03 -9.371165974500505341e-03
4.152893074116998946e+02 -4.975987129672117086e-03 -9.289906137336968739e-03
4.153054443534338702e+02 -4.965630167738348776e-03 -9.207031883610083609e-03
4.153216221671748940e+02 -4.954209585723717141e-03 -9.120031316708770985e-03
4.153541260685424277e+02 -4.932468768501799272e-03 -8.937897236256682823e-03
4.153704723133595849e+02 -4.920114256748925677e-03 -8.842646046753598402e-03
4.153867849076144694e+02 -4.906891194814543000e-03 -8.759210760031865481e-03
4.154030387396559263e+02 -4.890329475673400525e-03 -8.697682387029778001e-03
4.154353723006615269e+02 -4.858787520023340190e-03 -8.608583202269055185e-03
4.154514789521519447e+02 -4.841041800142685536e-03 -8.613355477300922367e-03
4.154675678082790569e+02 -4.824132656752315798e-03 -8.636597776780040661e-03
4.154836364056838534e+02 -4.805416664972928138e-03 -8.686601915559694423e-03
4.155157765295334116e+02 -4.768274158698260559e-03 -8.778890993438875565e-03
4.155318671972145808e+02 -4.750318961364101943e-03 -8.808649546311957471e-03
4.155479936536365813e+02 -4.730104448635507816e-03 -8.819615605033919933e-03
4.155641487791896793e+02 -4.712650182064603496e-03 -8.822629817622665988e-03
4.155803512882353630e+02 -4.693328555274847019e-03 -8.827439103522514638e-03
4.156129184543221982e+02 -4.656572069351554329e-03 -8.868714426389590066e-03
4.156292708454413400e+02 -4.634797148254377920e-03 -8.902990739421114130e-03
4.156455582680769112e+02 -4.618095216163355457e-03 -8.951846890213012095e-03
4.156617825570523905e+02 -4.596800945174235598e-03 -9.007735149509301861e-03
4.156940807771156301e+02 -4.558849277608765203e-03 -9.146162383321635933e-03
4.157101752286017700e+02 -4.541943303350433857e-03 -9.221635246027228699e-03
4.157262071586538354e+02 -4.529109473383811230e-03 -9.291699415324611994e-03
4.157421248219120002e+02 -4.521629570562746454e-03 -9.354925062976984784e-03
4.157740359323024109e+02 -4.523065385487730870e-03 -9.451540832557333432e-03
4.157901988478396333e+02 -4.534958733434539188e-03 -9.484249705965827615e-03
4.158064509618920397e+02 -4.550720847464604854e-03 -9.503365906615811667e-03
4.158226769936904361e+02 -4.568716185395486733e-03 -9.507816446865564181e-03
4.158551242447091454e+02 -4.608203333872048016e-03 -9.461106263012905235e-03
4.158713966899554748e+02 -4.631942406359100019e-03 -9.425976166954286306e-03
4.158876939230808034e+02 -4.663153076928820695e-03 -9.370507996099590106e-03
4.159040333993256695e+02 -4.689764563146315950e-03 -9.311667134384866984e-03
4.159203638146257731e+02 -4.721747664209529488e-03 -9.243825017412018660e-03
4.159527318296262592e+02 -4.781914970361850724e-03 -9.092637536729729006e-03
4.159687580184933609e+02 -4.813278740078382953e-03 -9.014156330178766871e-03
4.159847678587869950e+02 -4.840814474454525722e-03 -8.933677296735878168e-03
4.160007182137868540e+02 -4.872427158477489299e-03 -8.849675961033216104e-03
4.160326131572719532e+02 -4.931206856349064187e-03 -8.670675523478324140e-03
4.160486171363191374e+02 -4.956207521499994030e-03 -8.581140657899069546e-03
4.160646482346297148e+02 -4.983621250857973861e-03 -8.496037467054674136e-03
4.160807523331653215e+02 -5.007002535461328903e-03 -8.410771258884595231e-03
4.161131989443907742e+02 -5.051705477810863008e-03 -8.241893584351572474e-03
4.161295123416047659e+02 -5.070148874725031139e-03 -8.158969085280401087e-03
4.161457422045989460e+02 -5.088512627965397460e-03 -8.079025621056317580e-03
4.161618975920986827e+02 -5.101337002289539277e-03 -8.002847936376377910e-03
4.161940637969216823e+02 -5.123182649111098635e-03 -7.870542725950165769e-03
4.162101121971297744e+02 -5.128400839161195365e-03 -7.819443392960317638e-03
4.162261352867611208e+02 -5.130235461159359314e-03 -7.790870027167744703e-03
4.162421699844754812e+02 -5.132764080687415680e-03 -7.733426500441059961e-03
4.162742799749620985e+02 -5.127531627383726844e-03 -7.638723303823761329e-03
4.162903698337875085e+02 -5.124047672668610547e-03 -7.581986531535372768e-03
4.163064952216732877e+02 -5.115851451400874397e-03 -7.535476952248088695e-03
4.163226646291829525e+02 -5.106908576360436221e-03 -7.493472438572931597e-03
4.163551577104331614e+02 -5.087715425000061652e-03 -7.383455470460478440e-03
4.163715040931693920e+02 -5.077423013437097100e-03 -7.329284853313084401e-03
4.163878270413147789e+02 -5.063729498701115446e-03 -7.274821616947605742e-03
4.164040888106858915e+02 -5.050083642985869758e-03 -7.228686778248671028e-03
4.164202762928575225e+02 -5.035849707333700520e-03 -7.247538879290770820e-03
4.164524999686473166e+02 -5.006294708585459947e-03 -7.427329320454771969e-03
4.164685641493879871e+02 -4.993391827967218026e-03 -7.665970792402096445e-03
4.164845916016798810e+02 -4.974881738715701031e-03 -7.791720782166396998e-03
4.165006084771135306e+02 -4.957471100184054381e-03 -7.912350787073588881e-03
4.165326640940583047e+02 -4.922359496456829055e-03 -8.205201219180472891e-03
4.165487343090684931e+02 -4.902672175156055738e-03 -8.301123738760038048e-03
4.165648429674009208e+02 -4.886381948121030876e-03 -8.410964759459366863e-03
4.165810123282392397e+02 -4.868571596803528828e-03 -8.508926680612163840e-03
4.166135529715824646e+02 -4.838127319398402917e-03 -8.681343292256726851e-03
4.166298969599753264e+02 -4.824091848644636304e-03 -8.749381101991532059e-03
4.166461606316297548e+02 -4.814780654384016000e-03 -8.827337950977278899e-03
4.166623496488491583e+02 -4.802305480980939741e-03 -8.893365517736664602e-03
4.166945690884729174e+02 -4.783905888517529272e-03 -8.995563026318667554e-03
4.167106272964653044e+02 -4.772888787729467897e-03 -9.026669842405412106e-03
4.167266528937736325e+02 -4.762871907587140977e-03 -9.048147476342777162e-03
4.167426794333148337e+02 -4.755675321859859951e-03 -9.061206131537088981e-03
4.167747679685428466e+02 -4.738422373263390629e-03 -9.072411945216702495e-03
4.167908510867533209e+02 -4.745345600208997726e-03 -9.071827622244664838e-03
4.168069516617086379e+02 -4.747387239181502343e-03 -9.059923838025006268e-03
4.168228425902404979e+02 -4.757574173755727345e-03 -9.037257674078218520e-03
4.168548306308773022e+02 -4.815535878000972402e-03 -8.960159610960980250e-03
4.168710175043075310e+02 -4.864114683595759103e-03 -8.909464329605609051e-03
4.168871494298716129e+02 -4.907062862653146194e-03 -8.855129978503285121e-03
4.169033062441250763e+02 -4.949664040861580065e-03 -8.801143109689272409e-03
4.169358148341017909e+02 -5.037065011879876715e-03 -8.675205429892448097e-03
4.169520718266435324e+02 -5.074450164886177943e-03 -8.609971911928622143e-03
4.169681904278237994e+02 -5.105794080890351146e-03 -8.541345371409363868e-03
4.169842149205840087e+02 -5.129809979978757796e-03 -8.475104030688558263e-03
4.170001467670449529e+02 -5.154125527750978188e-03 -8.409369285247814824e-03
4.170319588561156365e+02 -5.192712748632664042e-03 -8.275681741649245499e-03
4.170479261710613628e+02 -5.202543371477084781e-03 -8.209813320311209681e-03
4.170639756904963633e+02 -5.209949926411504111e-03 -8.146038681749180957e-03
4.170801084349395751e+02 -5.212628537042732733e-03 -8.084778178052313274e-03
4.171126510816467317e+02 -5.210677676984127975e-03 -7.993936615368419513e-03
4.171289755498375484e+02 -5.205190460475941396e-03 -7.996044078577617398e-03
4.171452286631213155e+02 -5.201672714581462645e-03 -8.036356088966469316e-03
4.171614136456081496e+02 -5.192855458264538857e-03 -7.972480591870195754e-03
4.171936356855385952e+02 -5.175794726991851322e-03 -7.991145058333187084e-03
4.172096982950642996e+02 -5.163815782725786514e-03 -7.955503402617528780e-03
4.172257295560516468e+02 -5.150857861786406998e-03 -7.920149186184936851e-03
4.172417637836927611e+02 -5.139328145676886651e-03 -7.886799882597904376e-03
4.172738620473700735e+02 -5.110703258294726180e-03 -7.818793356264463340e-03
4.172899473061575009e+02 -5.097873332766465586e-03 -7.788914982931886138e-03
4.173060751181113801e+02 -5.081949848916719574e-03 -7.750249989797280449e-03
4.173222495881592522e+02 -5.066330965410387882e-03 -7.705293825931039918e-03
4.173547637268699759e+02 -5.037709066207383783e-03 -7.600655686963183819e-03
4.173711167634611456e+02 -5.023726315775310473e-03 -7.539405710192190538e-03
4.173874226638179721e+02 -5.007445454661934962e-03 -7.487727742257951728e-03
4.174036711326945692e+02 -4.989496012308634529e-03 -7.442639949874564446e-03
4.174359917671462767e+02 -4.955156816704389504e-03 -7.504546041893448739e-03
4.174520935022285926e+02 -4.936543264977307291e-03 -7.598801707009246800e-03
4.174681774843600692e+02 -4.918965728512833362e-03 -7.704239347783860617e-03
4.174842428247635553e+02 -4.899235867119981769e-03 -7.815823674968669019e-03
4.175003086065372599e+02 -4.879673466623670429e-03 -7.916541886715233386e-03
4.175324734113677891e+02 -4.841739585873762984e-03 -8.076333282065958907e-03
4.175486001060476156e+02 -4.821281742989646547e-03 -8.134023826484648723e-03
4.175647576336247084e+02 -4.803626722129324296e-03 -8.191532966060470836e-03
4.175809641147997695e+02 -4.783801573876697751e-03 -8.265815522993744807e-03
4.176135398863824548e+02 -4.746342486444571872e-03 -8.463045562767092245e-03
4.176298888776120180e+02 -4.724538675967529695e-03 -8.595292194418959267e-03
4.176461686004587364e+02 -4.707825899835131438e-03 -8.748518012035614091e-03
4.176623904534602048e+02 -4.685754949220635561e-03 -8.914518561080936668e-03
4.176946820395869509e+02 -4.646901617707309071e-03 -9.277193151937243587e-03
4.177107807624849443e+02 -4.628661375321764179e-03 -9.450397940157260340e-03
4.177268014406241718e+02 -4.617774580015677685e-03 -9.603126541346949929e-03
4.177427243698659822e+02 -4.613878222740701827e-03 -9.738198948811395764e-03
4.177745954774861161e+02 -4.625231285014258335e-03 -9.929136457797083093e-03
4.177907324704104326e+02 -4.644004660447280386e-03 -9.994037455170058648e-03
4.178069989957657526e+02 -4.666908169042618439e-03 -1.003882307524147505e-02
4.178232509151028466e+02 -4.692140433254601492e-03 -1.006128572406945511e-02
4.178556784561779978e+02 -4.747474310576212109e-03 -1.003580496221966566e-02
4.178719221655906040e+02 -4.778192213964524600e-03 -9.995578417532346993e-03
4.178882158231785411e+02 -4.814770454020910612e-03 -9.938710102754580791e-03
4.179045676818195147e+02 -4.852139499946504439e-03 -9.863104648809692745e-03
4.179208554395517012e+02 -4.891934142690989792e-03 -9.783113111645131907e-03
4.179532452085538807e+02 -4.970865547408586001e-03 -9.596885770789216619e-03
4.179693076710669857e+02 -5.011282438588830768e-03 -9.499535852745294440e-03
4.179853388678808983e+02 -5.048815266333517640e-03 -9.400201157034078839e-03
4.180012990327708167e+02 -5.091885177344318038e-03 -9.298412093959334060e-03
4.180331754674454032e+02 -5.173524068691705627e-03 -9.093691759391611326e-03
4.180491649183921936e+02 -5.209578538551465875e-03 -8.994725365673087586e-03
4.180651789761145665e+02 -5.247348124113288860e-03 -8.898522490573877383e-03
4.180812778099423781e+02 -5.279670550610213002e-03 -8.803126328222077648e-03
4.181137210560011113e+02 -5.339250748563858714e-03 -8.615494814513017380e-03
4.181300269798225600e+02 -5.364604507850583882e-03 -8.525794619745915778e-03
4.181462491086095952e+02 -5.389089277195844956e-03 -8.441962594478959886e-03
4.181624006075501825e+02 -5.407821962276753228e-03 -8.367470628116342041e-03
4.181945504879769828e+02 -5.441149360110506678e-03 -8.254682108179344988e-03
4.182105866704509936e+02 -5.451732554355246535e-03 -8.191820015349963319e-03
4.182265981838793323e+02 -5.459428671240332091e-03 -8.130305014347414747e-03
4.182426269863124730e+02 -5.467217609216665740e-03 -8.058942735291365483e-03
4.182747287820358224e+02 -5.470573635899340405e-03 -7.932103880503117710e-03
4.182908181454565124e+02 -5.470391055935230201e-03 -7.857391484833105982e-03
4.183069470039629323e+02 -5.464878095988886381e-03 -7.800415956220334464e-03
4.183231213653129430e+02 -5.458936214335351721e-03 -7.735208969158398860e-03
4.183556363064273569e+02 -5.445752508458563332e-03 -7.622653058294753640e-03
4.183719894829213786e+02 -5.439666048445587071e-03 -7.563474735399361784e-03
4.183882951083390935e+02 -5.428029417319234738e-03 -7.507877172235196198e-03
4.184045398414224906e+02 -5.417268590103948601e-03 -7.454338870050556363e-03
4.184207181520210952e+02 -5.404698452115669870e-03 -7.408414035831213315e-03
4.184529386098120654e+02 -5.378611314150128810e-03 -7.511665788143071475e-03
4.184690069174031919e+02 -5.366957073771601999e-03 -7.578059469755498226e-03
4.184850480783597391e+02 -5.349932260605150258e-03 -7.752542224388809036e-03
4.185010839090971331e+02 -5.334000701780690183e-03 -7.934723342786354286e-03
4.185331801194569721e+02 -5.300564801375819667e-03 -8.220358744142373247e-03
4.185492727112004445e+02 -5.281322549396970378e-03 -8.406611790781746973e-03
4.185654005650807221e+02 -5.264166513961755778e-03 -8.532569578393626661e-03
4.185815871615620267e+02 -5.245179154380929902e-03 -8.651372397522243476e-03
4.186141587469224419e+02 -5.210081404017620661e-03 -8.960484473315603188e-03
4.186305028261022585e+02 -5.192967962926559392e-03 -9.118748611935283133e-03
4.186467635654332184e+02 -5.179948330033505924e-03 -9.293563701718661821e-03
4.186629580271123245e+02 -5.162446489428416420e-03 -9.497962472229054889e-03
4.186951869172934266e+02 -5.136689067179180460e-03 -9.965334001927129634e-03
4.187112557927510466e+02 -5.122675456428185323e-03 -1.021010858766820822e-02
4.187272917755711319e+02 -5.108356395716938912e-03 -1.045250159939155668e-02
4.187433286029566943e+02 -5.096550472832792056e-03 -1.068317237443669812e-02
4.187754340569950955e+02 -5.072618018300021313e-03 -1.108170175975022563e-02
4.187915230725750462e+02 -5.063883277445945484e-03 -1.126811919761810596e-02
4.188076552666582870e+02 -5.051868123657717903e-03 -1.139783540814230493e-02
4.188238358461127291e+02 -5.041806519935824668e-03 -1.150940161300911466e-02
4.188400725777076445e+02 -5.032418506151861183e-03 -1.158619654286755819e-02
4.188727172303151747e+02 -5.014620960673895483e-03 -1.163830384378801777e-02
4.188890136792920771e+02 -5.002863603987810909e-03 -1.162469817579881576e-02
4.189052463035833398e+02 -4.992345452358053388e-03 -1.159147226606749466e-02
4.189214254389326584e+02 -4.979365101468825015e-03 -1.153808939518168736e-02
4.189536471672408879e+02 -4.966887557171361690e-03 -1.139176182761253604e-02
4.189695947971283658e+02 -4.972012148051851640e-03 -1.130086353225677118e-02
4.189854673005346513e+02 -4.975369829267261082e-03 -1.119875880879963453e-02
4.190013734539816141e+02 -4.986039109038665519e-03 -1.108656494316563081e-02
4.190337022805928768e+02 -5.022011293707380301e-03 -1.084029711379411870e-02
4.190498957879186150e+02 -5.040194160141375432e-03 -1.071570184218129627e-02
4.190659968279466625e+02 -5.055354503837089855e-03 -1.059264500126071672e-02
4.190821078718286117e+02 -5.065721214473280741e-03 -1.047002286480262084e-02
4.191144190726292322e+02 -5.089620202833153480e-03 -1.022967371797746904e-02
4.191306802935252449e+02 -5.091561933049192253e-03 -1.011948918327508495e-02
4.191469803443454225e+02 -5.096194333904807520e-03 -1.002400589364968453e-02
4.191631691596002156e+02 -5.095767026318214279e-03 -9.965463347773921565e-03
4.191952929205032774e+02 -5.097425039910105649e-03 -9.844354237614360084e-03
4.192112955152042559e+02 -5.096310755017785001e-03 -9.782537455979754826e-03
4.192272742668405385e+02 -5.091237764101239939e-03 -9.709037291538880066e-03
4.192432680006659780e+02 -5.087293786689889991e-03 -9.624008608148354460e-03
4.192753540818822557e+02 -5.073372029011872369e-03 -9.461039466041520560e-03
4.192914489968565022e+02 -5.066862275059751120e-03 -9.377655470016257183e-03
4.193075948234745169e+02 -5.055396666571520398e-03 -9.294399304861651612e-03
4.193237850176332699e+02 -5.044305800702441646e-03 -9.207334872150068489e-03
4.193400255025359797e+02 -5.032775990767615268e-03 -9.117612254813266606e-03
4.193726709028279629e+02 -5.009213926279889803e-03 -8.931884681935562884e-03
4.193889754742770606e+02 -4.994002190402581712e-03 -8.840846093999895836e-03
4.194052153122808591e+02 -4.980237859227925994e-03 -8.749377757785675377e-03
4.194213970072168536e+02 -4.963671979202594238e-03 -8.671565201114721233e-03
4.194536386207225860e+02 -4.929740227444002164e-03 -8.557573001763060794e-03
4.194697201785592711e+02 -4.913436060977483671e-03 -8.531667892075298770e-03
4.194857881272579903e+02 -4.893513028964847390e-03 -8.530535742568338964e-03
4.195018554776168571e+02 -4.874402185497016954e-03 -8.546477459387984491e-03
4.195340253529193433e+02 -4.836826971494194785e-03 -8.636138729651930690e-03
4.195501559480115361e+02 -4.817004955483481995e-03 -8.690789873177269184e-03
4.195663193041370391e+02 -4.799162561196453070e-03 -8.744363524493604586e-03
4.195825272524254501e+02 -4.779019060731250559e-03 -8.788847830361191937e-03
4.196151105594976798e+02 -4.738908351326196443e-03 -8.875305820934806245e-03
4.196314607752212851e+02 -4.718240105322695291e-03 -8.922871447323883418e-03
4.196477389467619901e+02 -4.699128395177180374e-03 -8.985759641227851480e-03
4.196639636946121072e+02 -4.676651593101857976e-03 -9.054376981535924851e-03
4.196801325987956375e+02 -4.655955513945388667e-03 -9.136092911566352087e-03
4.197123583870571224e+02 -4.615588909696618711e-03 -9.321127990111163428e-03
4.197284258489231661e+02 -4.594019498434295107e-03 -9.418522962440806223e-03
4.197444863185032773e+02 -4.579330896255181561e-03 -9.516596720970703707e-03
4.197605148251419109e+02 -4.567041365089941768e-03 -9.604192719537708173e-03
4.197923911662231831e+02 -4.555994892087079397e-03 -9.743949426197879085e-03
4.198084989102098916e+02 -4.557885132294548815e-03 -9.791442820941582970e-03
4.198248028825649953e+02 -4.569269527610122193e-03 -9.825312847259067700e-03
4.198411312899382892e+02 -4.583841885644048507e-03 -9.837230776475037672e-03
4.198736975114680945e+02 -4.616395792601772109e-03 -9.816750551168176159e-03
4.198900072556313603e+02 -4.631930636869238151e-03 -9.778321712993172724e-03
4.199063421047166003e+02 -4.656760433820053037e-03 -9.729323196917008532e-03
4.199226580800292368e+02 -4.680713740979625288e-03 -9.667911139932358622e-03
4.199550619342467712e+02 -4.737152853938728439e-03 -9.523049869093499001e-03
4.199711627759467092e+02 -4.765709388784705736e-03 -9.443832889708504014e-03
4.199872363946337828e+02 -4.794273649091611994e-03 -9.359070435860658912e-03
4.200032420105695792e+02 -4.825443384944910589e-03 -9.272306453379005470e-03
4.200352127147062902e+02 -4.887976439636555932e-03 -9.083380501882769992e-03
4.200512249727462972e+02 -4.916855560043081712e-03 -8.984674943058320457e-03
4.200672641747961507e+02 -4.949277377241417981e-03 -8.889700289962974150e-03
4.200833579661556882e+02 -4.977632768931228649e-03 -8.794970152694649504e-03
4.201157867604573539e+02 -5.034929703096710681e-03 -8.624875121877657869e-03
4.201320908790384578e+02 -5.063443234044129500e-03 -8.541132053734790813e-03
4.201483046801175760e+02 -5.087869909799459800e-03 -8.461602871140495169e-03
4.201644412968248048e+02 -5.110303465170260018e-03 -8.382933064458813685e-03
4.201805199566908868e+02 -5.132073490300612627e-03 -8.309262859969253345e-03
4.202125692772163461e+02 -5.168764513308169578e-03 -8.177621259282261829e-03
4.202285659821179138e+02 -5.181809035397694219e-03 -8.113504961929970255e-03
4.202445843663251708e+02 -5.193002304294714808e-03 -8.045642558778546422e-03
4.202606215623450794e+02 -5.199967651639537253e-03 -7.977114286235596416e-03
4.202927687167533009e+02 -5.204670368065189220e-03 -7.845804389770094298e-03
4.203089013417270507e+02 -5.201776368687700131e-03 -7.776053755678240254e-03
4.203250800973300443e+02 -5.198686627310706090e-03 -7.698790334502581510e-03
4.203413105585334506e+02 -5.194719702614215492e-03 -7.640708803847940864e-03
4.203739525468968168e+02 -5.182822608745357197e-03 -7.506368973068582549e-03
4.203902692940447423e+02 -5.170589659285442820e-03 -7.445043810756732730e-03
4.204065152865950949e+02 -5.162911455967519013e-03 -7.387010974997898667e-03
4.204227060702931453e+02 -5.150667444918656870e-03 -7.338795258812392912e-03
4.204549344056267159e+02 -5.125380109520310049e-03 -7.278499357259338338e-03
4.204710026778149654e+02 -5.113745847703748612e-03 -7.271654485089121440e-03
4.204870390278588275e+02 -5.098113288969296011e-03 -7.279731869113870504e-03
4.205030618009536738e+02 -5.083235617421322586e-03 -7.304852392888564264e-03
4.205351280257679605e+02 -5.050827322821570611e-03 -7.405712243751051520e-03
4.205512061608976637e+02 -5.032016417993971300e-03 -7.462899518717410439e-03
4.205673149026623605e+02 -5.014393434107069537e-03 -7.538023094483344358e-03
4.205834809034136583e+02 -4.994285732261608338e-03 -7.602842430202098184e-03
4.206160284662042841e+02 -4.954103414945373700e-03 -7.758799804661473121e-03
4.206323694814915370e+02 -4.937191905662996483e-03 -7.845439620533261119e-03
4.206486231504468947e+02 -4.921427447751046229e-03 -7.934131099789486219e-03
4.206648081719975494e+02 -4.905840221934403000e-03 -8.034312199000158417e-03
4.206809352752117093e+02 -4.893175533573062078e-03 -8.128030844432098528e-03
4.207130570738926849e+02 -4.872431781890893161e-03 -8.290454242137463778e-03
4.207290709012992238e+02 -4.862335002428269139e-03 -8.356489069299069886e-03
4.207450842822067898e+02 -4.853920285101346460e-03 -8.416890066334907841e-03
4.207611046817787610e+02 -4.846254796569692512e-03 -8.469934534650436914e-03
4.207932055414493675e+02 -4.833724621336064377e-03 -8.566388919339876229e-03
4.208093230428372067e+02 -4.825696035453921028e-03 -8.609294153595292709e-03
4.208254930801820706e+02 -4.819034537378424563e-03 -8.643699883359503081e-03
4.208417271326544551e+02 -4.813770978125584202e-03 -8.673635296092500196e-03
4.208743742509493018e+02 -4.803043134136875114e-03 -8.708742894296895437e-03
4.208906520167904546e+02 -4.794366568018509391e-03 -8.713948048011723943e-03
4.209068597536299876e+02 -4.788743483675651433e-03 -8.710545631665032873e-03
4.209230217633698885e+02 -4.779928089501916423e-03 -8.698919016769250320e-03
4.209552256639590837e+02 -4.768195463188071477e-03 -8.657556718964849740e-03
4.209711988772540963e+02 -4.770531826325558923e-03 -8.631025730228319287e-03
4.209871350666522289e+02 -4.771477090276983468e-03 -8.598629867073452962e-03
4.210031231661837410e+02 -4.775395835106292265e-03 -8.562874956355775655e-03
4.210354564361740017e+02 -4.787909134549826924e-03 -8.464070583542088536e-03
4.210515877563740901e+02 -4.795081542265603597e-03 -8.405133566347778099e-03
4.210676839000291807e+02 -4.800424298741310519e-03 -8.342576955211841033e-03
4.210838033701434711e+02 -4.800215787137492376e-03 -8.274428726286843505e-03
4.211161982665182677e+02 -4.796308135243181232e-03 -8.129092812026277037e-03
4.211325091993894034e+02 -4.791171409175209658e-03 -8.054497841660521532e-03
4.211487911982065953e+02 -4.784471271508897172e-03 -7.984454909064018710e-03
4.211649645339835502e+02 -4.776197269765382163e-03 -7.916228883405353189e-03
4.211810557157879202e+02 -4.770803710436988428e-03 -7.904400264788603164e-03
4.212131140374251004e+02 -4.758250224969888531e-03 -7.804928270688066619e-03
4.212291025144884316e+02 -4.750067469577853342e-03 -7.790031980447608730e-03
4.212450994300071443e+02 -4.742081074444769347e-03 -7.717409124376164477e-03
4.212611213349082959e+02 -4.734981416560555233e-03 -7.661568034312374667e-03
4.212932455420606175e+02 -4.720199345454463222e-03 -7.549084546474016388e-03
4.213093777221777145e+02 -4.709482271689602317e-03 -7.489927160961107680e-03
4.213255612720045633e+02 -4.699921452799319006e-03 -7.429778899250520999e-03
4.213418028314753201e+02 -4.691937458407276738e-03 -7.369601606942883902e-03
4.213744565707220318e+02 -4.675219592280192328e-03 -7.245529967582405376e-03
4.213907421778646381e+02 -4.663510974607632496e-03 -7.195507699322900227e-03
4.214069558963285544e+02 -4.655655904349813648e-03 -7.155266535635923172e-03
4.214231210328476891e+02 -4.644412463756934437e-03 -7.147340032283589287e-03
4.214553354427436602e+02 -4.619413380422422027e-03 -7.338873649489583741e-03
4.214714037027967493e+02 -4.608316027452554441e-03 -7.495042324657899893e-03
4.214874676349105016e+02 -4.594316128284992203e-03 -7.640998498076255127e-03
4.215035340021919978e+02 -4.581310896798033300e-03 -7.766240795497527001e-03
4.215357136297395755e+02 -4.555895376954870873e-03 -7.962517771268601621e-03
4.215518477936650470e+02 -4.543753463314149400e-03 -8.027643663481106098e-03
4.215680174874538011e+02 -4.531796830737757492e-03 -8.074519308154467709e-03
4.215842315402113627e+02 -4.519295115922667729e-03 -8.136018297840478045e-03
4.216004985586641283e+02 -4.504902063909079282e-03 -8.222093332613608294e-03
4.216331650125985107e+02 -4.475245480323397466e-03 -8.483773723925384924e-03
4.216494402991032757e+02 -4.458915981250755924e-03 -8.640674522832283641e-03
4.216656658553035300e+02 -4.442253542352780048e-03 -8.828018003584891041e-03
4.216818526374872818e+02 -4.430350717506247558e-03 -9.023823708925722206e-03
4.217140230178616207e+02 -4.411098932012394794e-03 -9.413885438052969207e-03
4.217299396147128050e+02 -4.416149251665658221e-03 -9.588690094913468118e-03
4.217458238694892998e+02 -4.428470727724710676e-03 -9.740543215411517561e-03
4.217617674228143869e+02 -4.449841497572403805e-03 -9.867275927188178669e-03
4.217939856767530955e+02 -4.519469932555881392e-03 -1.004952008301247292e-02
4.218102638256289083e+02 -4.558209638347775379e-03 -1.011116547821934268e-02
4.218265043389324092e+02 -4.598330585817519793e-03 -1.014391352130036839e-02
4.218427012048829283e+02 -4.636945860981985315e-03 -1.015737265524383100e-02
4.218750868470082764e+02 -4.719976105694512029e-03 -1.010215992036418882e-02
4.218913353293336286e+02 -4.755976604286115371e-03 -1.005975934832517397e-02
4.219076543706329403e+02 -4.798232136679037377e-03 -9.989363492951949461e-03
4.219239071373946217e+02 -4.830407054006110451e-03 -9.917031171718949586e-03
4.219400373566072062e+02 -4.861752350799687476e-03 -9.834841950815735589e-03
4.219720775216055699e+02 -4.918484077794582285e-03 -9.656999508904640095e-03
4.219880406178379531e+02 -4.945008731951968522e-03 -9.563316790609843743e-03
4.220039692672442584e+02 -4.971747968684625020e-03 -9.471942459052001828e-03
4.220358765038342312e+02 -5.018146567329879494e-03 -9.274480040006933407e-03
4.220518979324638735e+02 -5.036138720226015011e-03 -9.173793923925949167e-03
4.220679591806174358e+02 -5.055426775802377218e-03 -9.074343160553648840e-03
4.220840992603768314e+02 -5.073750880028872826e-03 -8.974441785726811407e-03
4.221003273043463082e+02 -5.090800246952349555e-03 -8.875599207011874298e-03
4.221329440069157499e+02 -5.116878740488572420e-03 -8.687817288104018529e-03
4.221491538646244521e+02 -5.125933026911268404e-03 -8.606173364535476406e-03
4.221653089880945231e+02 -5.134495411264193045e-03 -8.536543526786181252e-03
4.221814126810745051e+02 -5.143083426349881297e-03 -8.475707331266967709e-03
4.222135144212843443e+02 -5.155093547882607687e-03 -8.352731653796203332e-03
4.222295307316665003e+02 -5.159903323084545634e-03 -8.287893043446081104e-03
4.222455605707112909e+02 -5.163072701470213834e-03 -8.217616192919316442e-03
4.222616026047642777e+02 -5.164219574088360458e-03 -8.151449399073147639e-03
4.222937542728673748e+02 -5.162065216849680976e-03 -8.017631895815478110e-03
4.223098890180544345e+02 -5.158492095114286004e-03 -7.954616909555952547e-03
4.223260730492395396e+02 -5.155316819891050950e-03 -7.892634644059166177e-03
4.223423129724870364e+02 -5.151975992500642913e-03 -7.829576690668353656e-03
4.223749639245834828e+02 -5.142536448683715684e-03 -7.705979148567528025e-03
4.223912597595479497e+02 -5.133845951437260302e-03 -7.648846089302614726e-03
4.224074845043685400e+02 -5.129129407588761853e-03 -7.599400611262264842e-03
4.224236588460046278e+02 -5.120280043823962311e-03 -7.576143581787935129e-03
4.224558814990751330e+02 -5.099822932784454227e-03 -7.723879164627337271e-03
4.224719464911632940e+02 -5.090635849856288246e-03 -7.846994024348557389e-03
4.224879914252409208e+02 -5.079083146052850231e-03 -8.012729245827526423e-03
4.225040305135406129e+02 -5.067704014116099914e-03 -8.142143830049724390e-03
4.225200748642049575e+02 -5.055457153839507285e-03 -8.268589486012568532e-03
4.225522324579740712e+02 -5.028249230661432922e-03 -8.545380530916336925e-03
4.225683671577066320e+02 -5.014248410582082885e-03 -8.644655196662793042e-03
4.225845584391980765e+02 -4.999950366911401836e-03 -8.754594523610452830e-03
4.226008176268580883e+02 -4.985445225788699176e-03 -8.880860922579978528e-03
4.226334812771291354e+02 -4.959009086838383172e-03 -9.169983705769860563e-03
4.226497259513868698e+02 -4.945345003699540970e-03 -9.362292332007342982e-03
4.226659093987566393e+02 -4.933133249208214964e-03 -9.583610306778187274e-03
4.226820387922982718e+02 -4.923161983524381412e-03 -9.823522591606079560e-03
4.227141797416246618e+02 -4.903919706824990538e-03 -1.034526443486816043e-02
4.227302058070353041e+02 -4.895758852379578432e-03 -1.059975874880540909e-02
4.227462356960625698e+02 -4.887509322133083180e-03 -1.083634285237144307e-02
4.227622743868782891e+02 -4.880046810471637582e-03 -1.105808944874518002e-02
4.227944144476403494e+02 -4.867013421621360983e-03 -1.143252296493820798e-02
4.228105472786292580e+02 -4.860684965292388221e-03 -1.158375750746467453e-02
4.228267322472801766e+02 -4.855956749743410399e-03 -1.170091220349820521e-02
4.228429769576111426e+02 -4.852269223779752741e-03 -1.179417470495709545e-02
4.228756283150925128e+02 -4.842054981242250797e-03 -1.189311991262969985e-02
4.228919047777940250e+02 -4.835157952507310522e-03 -1.190229870001187178e-02
4.229081119961310833e+02 -4.830999219422125318e-03 -1.189167150972091080e-02
4.229242741519210540e+02 -4.824120974583393472e-03 -1.186495605755424725e-02
4.229403993502426715e+02 -4.814757883647827891e-03 -1.182357696522985842e-02
4.229725588611325975e+02 -4.796964297256023531e-03 -1.171315665661416122e-02
4.229886214381077139e+02 -4.789977284864296164e-03 -1.164545136540847715e-02
4.230046798819597598e+02 -4.784776631382971213e-03 -1.157654301008228734e-02
4.230206159827631041e+02 -4.788499909422462564e-03 -1.149916990040802771e-02
4.230525068809174059e+02 -4.803922864621529287e-03 -1.133079445505403085e-02
4.230687823422069869e+02 -4.818877941469139684e-03 -1.124167290004458343e-02
4.230850738207660129e+02 -4.831369558105075464e-03 -1.114875263624203784e-02
4.231012606321364160e+02 -4.844099359085281623e-03 -1.105439432144831625e-02
4.231337115110525815e+02 -4.861125967475546719e-03 -1.086480097661036634e-02
4.231500622932907731e+02 -4.866008401267305633e-03 -1.077376967102797525e-02
4.231663199187871101e+02 -4.865833457684599385e-03 -1.068814323148198873e-02
4.231824551335637921e+02 -4.862872392304177713e-03 -1.063366685464879439e-02
4.232144919384364243e+02 -4.858554557585685260e-03 -1.052052200145657708e-02
4.232304478302147572e+02 -4.855335668126995255e-03 -1.051870517666149071e-02
4.232464109007792672e+02 -4.849671230737820186e-03 -1.043880900681118731e-02
4.232624126617906768e+02 -4.844476016925856020e-03 -1.035671024407295270e-02
4.232945173287208718e+02 -4.836270516502670647e-03 -1.021366259530065261e-02
4.233106576524846218e+02 -4.829369337355387572e-03 -1.012777371541666131e-02
4.233268641851827283e+02 -4.823315332587001236e-03 -1.004277735150552187e-02
4.233431266828829962e+02 -4.817454638471756895e-03 -9.951867884658882266e-03
4.233757876981552499e+02 -4.799540568797940748e-03 -9.755878735396562168e-03
4.233920789950867061e+02 -4.788048900551591242e-03 -9.656598606116470127e-03
4.234083044799492654e+02 -4.779298036765057545e-03 -9.555938162902519531e-03
4.234244803772868977e+02 -4.767565458509075843e-03 -9.457135341598482334e-03
4.234406137176052880e+02 -4.753804997145418682e-03 -9.363792204791575313e-03
4.234727782857998477e+02 -4.725151336500975872e-03 -9.208915592186681445e-03
4.234888392511412007e+02 -4.709464013296060445e-03 -9.165362396027365230e-03
4.235049001282878862e+02 -4.693465913940269782e-03 -9.165647720596633435e-03
4.235209724765156238e+02 -4.677305276113436459e-03 -9.180559929068431158e-03
4.235532017524254229e+02 -4.644885454327099018e-03 -9.283643415778572439e-03
4.235693723960247894e+02 -4.627939789581391773e-03 -9.338366288704352813e-03
4.235855927602962652e+02 -4.612270054698790547e-03 -9.385578488845568515e-03
4.236018679963154341e+02 -4.595407513686206556e-03 -9.426902990233984245e-03
4.236345407688147020e+02 -4.561649461029686735e-03 -9.518744138654717038e-03
4.236508074426901089e+02 -4.541360139242963008e-03 -9.575893800426123204e-03
4.236670172876065408e+02 -4.523482745500820475e-03 -9.653057215233974350e-03
4.236831783566800027e+02 -4.505492580378965203e-03 -9.740100649725979415e-03
4.237153974509571981e+02 -4.468324750705038144e-03 -9.935088042243685885e-03
4.237314688122023654e+02 -4.450260677774912736e-03 -1.003388301101058692e-02
4.237475344549516194e+02 -4.432693614474142278e-03 -1.013122234003901133e-02
4.237636027963783931e+02 -4.419948895826804162e-03 -1.022374303458665860e-02
4.237956446936550492e+02 -4.402024778673671590e-03 -1.037267360228986621e-02
4.238115569516715482e+02 -4.405833107880458531e-03 -1.042359506255914267e-02
4.238276013048484856e+02 -4.414382851288060558e-03 -1.045064711431497630e-02
4.238438702127306215e+02 -4.434429385228208856e-03 -1.045710435255557159e-02
4.238601720586944452e+02 -4.459884871508018427e-03 -1.044571953929018457e-02
4.238926234945014926e+02 -4.510977457548779462e-03 -1.037102173236366387e-02
4.239088644813189717e+02 -4.541771590391406772e-03 -1.031631498229919515e-02
4.239251559518134513e+02 -4.574670641663583677e-03 -1.025393285319413719e-02
4.239414453249502230e+02 -4.602241561744435661e-03 -1.018524310848924717e-02
4.239737320917150214e+02 -4.655806690894034872e-03 -1.003169881014340410e-02
4.239897436497000172e+02 -4.683136622918682851e-03 -9.950322289770909684e-03
4.240056829169536741e+02 -4.709769486859598578e-03 -9.869765589722608382e-03
4.240216299372560798e+02 -4.735685994504345089e-03 -9.782128278430566107e-03
4.240536207816248293e+02 -4.783838631793616882e-03 -9.602371997885078558e-03
4.240696658843731939e+02 -4.809416357373559082e-03 -9.510741547287676623e-03
4.240857702101244513e+02 -4.834804358569982571e-03 -9.420493675680896919e-03
4.241019538118104606e+02 -4.859835323731485912e-03 -9.330966584568313460e-03
4.241345306624409091e+02 -4.906573975947067963e-03 -9.171360544876008825e-03
4.241507381822135585e+02 -4.928830982832355795e-03 -9.091578979108155129e-03
4.241668699078155669e+02 -4.950942820450683797e-03 -9.015827559882977349e-03
4.241829437144641588e+02 -4.970738596948311681e-03 -8.941110734530249501e-03
4.242149796998266424e+02 -5.006014172636240843e-03 -8.797114471065554595e-03
4.242309663512197631e+02 -5.020142811189299767e-03 -8.726391231587041220e-03
4.242469740373592231e+02 -5.030994239938700423e-03 -8.650674498022627168e-03
4.242630030554380482e+02 -5.040647295857816207e-03 -8.571086200750008960e-03
4.242951456896258264e+02 -5.050924390642282449e-03 -8.396685871017729383e-03
4.243112854345218921e+02 -5.052371934489624516e-03 -8.301358282555890145e-03
4.243274751688746278e+02 -5.052863557963140420e-03 -8.227222713090037720e-03
4.243437216111635735e+02 -5.052500263950945869e-03 -8.148419366606117487e-03
4.243600346181534633e+02 -5.048569753738350527e-03 -8.057056533535684323e-03
4.243926784540914241e+02 -5.037325624349733855e-03 -7.895731098198792430e-03
4.244089079177858821e+02 -5.031209712607605765e-03 -7.811843536872786417e-03
4.244250895495342206e+02 -5.022014891932823598e-03 -7.730216809775720260e-03
4.244412302774284740e+02 -5.011209886771760165e-03 -7.652199047920484574e-03
4.244734039987548613e+02 -4.987057361844118505e-03 -7.543431213359292654e-03
4.244894537365537417e+02 -4.975120620433301499e-03 -7.523987961123221151e-03
4.245054918904502870e+02 -4.962538340476082936e-03 -7.502874484468929905e-03
4.245215325826411004e+02 -4.949211344941775031e-03 -7.541635416193181139e-03
4.245536806685529996e+02 -4.920488308851711338e-03 -7.612590941810916390e-03
4.245698015451172864e+02 -4.904794966839878638e-03 -7.687228054245339934e-03
4.245859749872880116e+02 -4.888983747684402630e-03 -7.771178981378412676e-03
4.246022171117439257e+02 -4.870628777014654118e-03 -7.823567127148113240e-03
4.246348696342170115e+02 -4.831752639032490040e-03 -7.991599630692656359e-03
4.246511229918894514e+02 -4.811100659803497874e-03 -8.067970341397874209e-03
4.246673045160137008e+02 -4.793248542439547226e-03 -8.152237078352093588e-03
4.246834280209911867e+02 -4.777864349952819917e-03 -8.235897544055190492e-03
4.247155595924173213e+02 -4.750770680773530943e-03 -8.403566012312044947e-03
4.247315708320273302e+02 -4.739679536123418344e-03 -8.486071816559038680e-03
4.247475784065983362e+02 -4.728297931638429825e-03 -8.564633410894305007e-03
4.247635971733818678e+02 -4.718063661140138067e-03 -8.637547822126860272e-03
4.247956966378595212e+02 -4.699624743227652501e-03 -8.778805373868823689e-03
4.248118114777560663e+02 -4.691997224389026291e-03 -8.843932320703695033e-03
4.248279823764758589e+02 -4.685430453633125832e-03 -8.901487182628972303e-03
4.248442203582975480e+02 -4.680365862271902884e-03 -8.951619767877838640e-03
4.248605377656781457e+02 -4.676118233271609435e-03 -8.991120665864238762e-03
4.248931277343480701e+02 -4.666775562790720887e-03 -9.039137087798599160e-03
4.249093125955770347e+02 -4.661266902528356584e-03 -9.047621575979034048e-03
4.249254479289422761e+02 -4.660743825166795314e-03 -9.049890719366767214e-03
4.249415161596256780e+02 -4.667478622395016680e-03 -9.046731844234412109e-03
4.249733483534042762e+02 -4.685297014738780234e-03 -9.020814078692984683e-03
4.249893246441717451e+02 -4.699386421180247637e-03 -8.997156416595630465e-03
4.250054520133743949e+02 -4.717609343209790661e-03 -8.970901148120297153e-03
4.250216718627394243e+02 -4.737083940205080897e-03 -8.933143414459341139e-03
4.250538960989179031e+02 -4.767722256946218921e-03 -8.834632173308133718e-03
4.250699811654650375e+02 -4.778072483605022742e-03 -8.777692858659723318e-03
4.250860771898680923e+02 -4.790339803988076864e-03 -8.716622578961113685e-03
4.251022035160760311e+02 -4.795979403860037987e-03 -8.649599814624856289e-03
4.251346905261481197e+02 -4.802653891585747549e-03 -8.511089508932378339e-03
4.251509190319741833e+02 -4.803816223654952880e-03 -8.444301456237784942e-03
4.251670558846020072e+02 -4.804354190235441378e-03 -8.377025496610566654e-03
4.251831337682429535e+02 -4.803091832715944594e-03 -8.308935379370076951e-03
4.252151891572017917e+02 -4.797120781155267411e-03 -8.214449529692397986e-03
4.252311890380790373e+02 -4.792360159529933383e-03 -8.285205485928408969e-03
4.252472179549714610e+02 -4.784906602840379407e-03 -8.208096752013002012e-03
4.252632678145012051e+02 -4.776914897296285177e-03 -8.145904554274238304e-03
4.252954406356365666e+02 -4.757346374507066822e-03 -8.050446981505298208e-03
4.253115796873494787e+02 -4.747543694029621869e-03 -7.993718341848751047e-03
4.253277675434476919e+02 -4.737708845542244925e-03 -7.937713563847313344e-03
4.253440120504880042e+02 -4.727894052334338966e-03 -7.883435059960589714e-03
4.253603254807783856e+02 -4.717135814999821875e-03 -7.825671577090137152e-03
4.253929542963281847e+02 -4.693479234476248714e-03 -7.705896120300392317e-03
4.254091637749205006e+02 -4.682644006196494402e-03 -7.648299815584286634e-03
4.254253243010917913e+02 -4.669347677791741043e-03 -7.600475101534137634e-03
4.254414464496530286e+02 -4.654487981825315181e-03 -7.611225510882693029e-03
4.254736021277353757e+02 -4.623123989837375943e-03 -7.801875639308341291e-03
4.254896626719371397e+02 -4.607974856847431473e-03 -7.957243973575497259e-03
4.255057252626556874e+02 -4.592603938513402199e-03 -8.088829430543242188e-03
4.255218004685496567e+02 -4.577357544363814222e-03 -8.208845166433373364e-03
4.255540383646674627e+02 -4.547097149946301847e-03 -8.373584261958246650e-03
4.255702129305620929e+02 -4.531116252635493218e-03 -8.430306009805099698e-03
4.255864372174066830e+02 -4.516847846373951876e-03 -8.485004678657624005e-03
4.256027159121539398e+02 -4.501873956212847604e-03 -8.557495710837813990e-03
4.256353839171650293e+02 -4.470378859302872460e-03 -8.758186862139170220e-03
4.256516491894234377e+02 -4.451160661424281677e-03 -8.899029903950798903e-03
4.256678555969466515e+02 -4.434480800311429299e-03 -9.054104137995691581e-03
4.256840180449926834e+02 -4.417054868936631969e-03 -9.227649200823822076e-03
4.257001487744142878e+02 -4.405770539330639002e-03 -9.400483973025737516e-03
4.257321969927193095e+02 -4.391495826005678386e-03 -9.720205889836620178e-03
4.257480493049095571e+02 -4.400241387287610884e-03 -9.856101528693020711e-03
4.257639438640844105e+02 -4.417589727920843805e-03 -9.967387559108021461e-03
4.257960287710150169e+02 -4.483664929206565911e-03 -1.012727586119432054e-02
4.258122822880312128e+02 -4.525753137158024936e-03 -1.017704953544401603e-02
4.258285912196154754e+02 -4.577853759672563354e-03 -1.020278841979335716e-02
4.258448951711267796e+02 -4.630750623885645720e-03 -1.020801864881928055e-02
4.258611880746353791e+02 -4.681679803568732610e-03 -1.018450319645220099e-02
4.258937653507244363e+02 -4.793897908911610127e-03 -1.007392943460393327e-02
4.259100815202417039e+02 -4.854787250630213796e-03 -1.000380354064123178e-02
4.259264137020073804e+02 -4.915714600037994833e-03 -9.921563605095438595e-03
4.259426122454884194e+02 -4.964053435773239063e-03 -9.832008727683808763e-03
4.259747065141434632e+02 -5.051807475718461324e-03 -9.646093156582401240e-03
4.259906820819475683e+02 -5.098350192887109687e-03 -9.546755118403950358e-03
4.260066014460884389e+02 -5.138437947548136348e-03 -9.449499380413268687e-03
4.260225244913175402e+02 -5.175342330860910160e-03 -9.351388574045714150e-03
4.260544983293470409e+02 -5.238208178754209625e-03 -9.156063043514090644e-03
4.260705492881197642e+02 -5.264859648453275656e-03 -9.060779732522394880e-03
4.260866816201415190e+02 -5.288413531973134435e-03 -8.967149007404967911e-03
4.261029035293559559e+02 -5.312412191663570295e-03 -8.872946028906290167e-03
4.261354983495041893e+02 -5.344905497956548013e-03 -8.695500331411323836e-03
4.261516996876700318e+02 -5.355965362161616526e-03 -8.614188697361893979e-03
4.261678428220874366e+02 -5.366978161574529477e-03 -8.543332423683783206e-03
4.261839366402093106e+02 -5.375146923976270412e-03 -8.479952977708647352e-03
4.262160307529930492e+02 -5.383614083886282577e-03 -8.362871366201028722e-03
4.262320486813048319e+02 -5.385244853279230227e-03 -8.303594091177318379e-03
4.262480784623249406e+02 -5.383485285165271091e-03 -8.240556378955692790e-03
4.262641207356092536e+02 -5.380367093176630956e-03 -8.175910278669807491e-03
4.262801816632174337e+02 -5.375740863684379603e-03 -8.112385126054857259e-03
4.263124184412333193e+02 -5.361070006570291084e-03 -7.984995420902505497e-03
4.263286087136790456e+02 -5.353505714431277748e-03 -7.920024099273137788e-03
4.263448571218235088e+02 -5.345463864528628324e-03 -7.860211715432746660e-03
4.263611741124149148e+02 -5.336928907372275738e-03 -7.797100623960489564e-03
4.263938084437650105e+02 -5.314314576551924796e-03 -7.677842272529640175e-03
4.264100245253552544e+02 -5.302425714047526335e-03 -7.627520304048765812e-03
4.264261932719965671e+02 -5.289272994309429307e-03 -7.595244133719581542e-03
4.264423211330881713e+02 -5.275156518661418964e-03 -7.650783709334203764e-03
4.264744739476909672e+02 -5.242795633251879500e-03 -7.858773546991179235e-03
4.264905160455618329e+02 -5.228268122158934335e-03 -8.051503976584710454e-03
4.265065520385333571e+02 -5.212222289586955840e-03 -8.186279194157685887e-03
4.265225942922340892e+02 -5.195421428699375892e-03 -8.315927124655238256e-03
4.265547596312626411e+02 -5.158937653122305095e-03 -8.595717580957864395e-03
4.265709024436608843e+02 -5.138081445243281552e-03 -8.696932405775676181e-03
4.265871012813152561e+02 -5.118580633136211172e-03 -8.808783633913243663e-03
4.266033700169620602e+02 -5.100059976426303196e-03 -8.951887309472980614e-03
4.266360337297715546e+02 -5.063798399277722427e-03 -9.262189339198615909e-03
4.266522789528730186e+02 -5.045284579911888181e-03 -9.460864417549091909e-03
4.266684561119348587e+02 -5.029102304731071678e-03 -9.688152522027530800e-03
4.266845782864228909e+02 -5.015109675862253549e-03 -9.957225192664610064e-03
4.267006559791675500e+02 -5.000168303144635409e-03 -1.023852336124939783e-02
4.267327454425946485e+02 -4.972632402016175825e-03 -1.082271688370820342e-02
4.267487798257117220e+02 -4.958060997568745736e-03 -1.110717488297688176e-02
4.267648246728552976e+02 -4.944849643517075857e-03 -1.136486128521837710e-02
4.267808861217190497e+02 -4.932436869271428388e-03 -1.160821823159882346e-02
4.268131279169194841e+02 -4.909378310864590846e-03 -1.202828515384391644e-02
4.268293228181122458e+02 -4.899357872056867708e-03 -1.219721001463283314e-02
4.268455760380695097e+02 -4.890193817849975387e-03 -1.234084750562710470e-02
4.268618981966176307e+02 -4.881962107877033802e-03 -1.245862544654311593e-02
4.268945040889285565e+02 -4.861575914789175758e-03 -1.259502154997222366e-02
4.269107082850707684e+02 -4.850274015319547619e-03 -1.261586554302636040e-02
4.269268681554075897e+02 -4.838927744603614689e-03 -1.261076766214049363e-02
4.269429910937325303e+02 -4.826668341157052365e-03 -1.258359237328388232e-02
4.269751579256150649e+02 -4.797096681132351735e-03 -1.249280285447842628e-02
4.269912227903759572e+02 -4.782612630099811191e-03 -1.243021280652997947e-02
4.270072855855156604e+02 -4.776245309221690064e-03 -1.236334735076487570e-02
4.270233035157103245e+02 -4.774648872942322854e-03 -1.228166319724016686e-02
4.270550792617404454e+02 -4.778889222703010253e-03 -1.209632888104550386e-02
4.270712295764830060e+02 -4.787895260762070268e-03 -1.199402065713407912e-02
4.270876093077458222e+02 -4.800817917067991616e-03 -1.188471724166758302e-02
4.271038807842940059e+02 -4.814700828025238535e-03 -1.177365934006871680e-02
4.271200917920416487e+02 -4.820981543874106566e-03 -1.166163425044568561e-02
4.271527012702856041e+02 -4.833836029077998898e-03 -1.144215690762520957e-02
4.271689735938069248e+02 -4.836175367027680666e-03 -1.134457348653905920e-02
4.271851289190955754e+02 -4.832976268892954022e-03 -1.127285913019553977e-02
4.272011888078850461e+02 -4.827037297404320956e-03 -1.122387126211665288e-02
4.272331369352055503e+02 -4.818739426069671566e-03 -1.107149765956876204e-02
4.272490857631482868e+02 -4.813124602657394696e-03 -1.098971360673436752e-02
4.272650702766229642e+02 -4.806261345617401926e-03 -1.089534289845294629e-02
4.272810901900351723e+02 -4.800686142618179608e-03 -1.080180131279120243e-02
4.273132883548041150e+02 -4.787596800540941562e-03 -1.060862804097531704e-02
4.273294968357743073e+02 -4.780746663713903062e-03 -1.050458765272826132e-02
4.273457716854090336e+02 -4.773086139503942421e-03 -1.039665231150698442e-02
4.273621067216534470e+02 -4.766093305533871533e-03 -1.028361372187155086e-02
4.273947067214153321e+02 -4.744645871000838754e-03 -1.005144722969898881e-02
4.274109207391602467e+02 -4.732216131145307314e-03 -9.936340194210087351e-03
4.274270906371106094e+02 -4.720396446572109120e-03 -9.821691656481499819e-03
4.274432180970244985e+02 -4.707890722426049702e-03 -9.716733766163899652e-03
4.274753826437624866e+02 -4.676365785074041402e-03 -9.542909339048903997e-03
4.274914427743764804e+02 -4.661420720345922121e-03 -9.496593827246026243e-03
4.275075028194064544e+02 -4.644877844703091709e-03 -9.491135017907286267e-03
4.275235759382580909e+02 -4.627862218155921227e-03 -9.513279850547340377e-03
4.275558133254087352e+02 -4.593208920171593969e-03 -9.660519426590567782e-03
4.275719923936876512e+02 -4.573846289073597859e-03 -9.735551476905831073e-03
4.275882197106489002e+02 -4.555269397922781342e-03 -9.809270601220651531e-03
4.276045014001318805e+02 -4.537307983063975682e-03 -9.864201211740294961e-03
4.276208521315822964e+02 -4.519335504596010133e-03 -9.913860468894857003e-03
4.276534386989258110e+02 -4.479823841604175204e-03 -1.004380442617633200e-02
4.276696358719164550e+02 -4.460303875161692778e-03 -1.014205646548069738e-02
4.276857903174006879e+02 -4.441515223594330597e-03 -1.026127161422594851e-02
4.277019031463103147e+02 -4.421801787599774838e-03 -1.039245592266728122e-02
4.277340659772164031e+02 -4.383679413528555717e-03 -1.065362804834108813e-02
4.277501277468095964e+02 -4.364996123789309859e-03 -1.077870307665099517e-02
4.277661941263287986e+02 -4.349688753670347477e-03 -1.089815305737602651e-02
4.277821804757426207e+02 -4.343774310404095555e-03 -1.100001878672319730e-02
4.278139824301401859e+02 -4.348398941186991905e-03 -1.114034222798262336e-02
4.278301275733945772e+02 -4.363167994566683611e-03 -1.117495025481205287e-02
4.278464650401848530e+02 -4.383605150980284318e-03 -1.118833709265861648e-02
4.278627489863800974e+02 -4.410434687186793115e-03 -1.118059115208311881e-02
4.278952258815892264e+02 -4.464975470158213076e-03 -1.108469666202280268e-02
4.279114819551754181e+02 -4.492108791111412355e-03 -1.100887102884052712e-02
4.279277814777419735e+02 -4.525812950162934160e-03 -1.091909965863024218e-02
4.279440608595024287e+02 -4.556572061215591676e-03 -1.082155989743049940e-02
4.279602502758486366e+02 -4.586193894676762924e-03 -1.072117087540229441e-02
4.279923346592510143e+02 -4.640516322282860900e-03 -1.051043697749649321e-02
4.280083197830016388e+02 -4.670826410676900790e-03 -1.040027056720925144e-02
4.280243153829843550e+02 -4.701345419269207897e-03 -1.028614983188426250e-02
4.280403365071940129e+02 -4.733215040061316062e-03 -1.016971212487247610e-02
4.280724013134625352e+02 -4.791083152151931479e-03 -9.934123145233611160e-03
4.280885082009446023e+02 -4.825284123375970027e-03 -9.817350843538805508e-03
4.281046821218273521e+02 -4.856036596415181338e-03 -9.703233372146393906e-03
4.281209483380944221e+02 -4.887469063690306689e-03 -9.593692184258657829e-03
4.281534549986364482e+02 -4.945877570787514041e-03 -9.389245624230279502e-03
4.281695817368142229e+02 -4.974552831696683886e-03 -9.293210375316284660e-03
4.281856464066111698e+02 -4.999616223020785996e-03 -9.199709204835457982e-03
4.282016640358654058e+02 -5.022366745110425079e-03 -9.109767716216672293e-03
4.282336341775497885e+02 -5.063631770781447210e-03 -8.938907248858447147e-03
4.282496267480962615e+02 -5.079431673038732088e-03 -8.858510785085201705e-03
4.282656429922731149e+02 -5.093217743466084413e-03 -8.777711466682883851e-03
4.282816840557118212e+02 -5.104674540510525244e-03 -8.691582149530325402e-03
4.283139036019454124e+02 -5.116137539342823642e-03 -8.514888543338197321e-03
4.283300996229305042e+02 -5.118314843439905268e-03 -8.419857675814844400e-03
4.283463532480918161e+02 -5.119093980144914791e-03 -8.327071476873944972e-03
4.283626769166137933e+02 -5.120478558485696413e-03 -8.269995755567468437e-03
4.283952937356516486e+02 -5.114406157037823010e-03 -8.099884955909946588e-03
4.284115086094290064e+02 -5.107079010593769397e-03 -8.023721627930299055e-03
4.284276751707577660e+02 -5.100111086654729453e-03 -7.949196976777046786e-03
4.284438030995356144e+02 -5.092828213635100694e-03 -7.890327885151213541e-03
4.284759655752872618e+02 -5.070990813202707476e-03 -7.983458622245170888e-03
4.284920105622510960e+02 -5.061980403310303335e-03 -7.992520936713104138e-03
4.285080460048469604e+02 -5.051404324684581094e-03 -8.187980929740783578e-03
4.285240850821996901e+02 -5.040160702897300386e-03 -8.250884883095020716e-03
4.285401450693736933e+02 -5.030714854322427404e-03 -8.349997998882814632e-03
4.285723473921406139e+02 -5.000712935074326168e-03 -8.591143902928760276e-03
4.285885179230865560e+02 -4.986667688793705415e-03 -8.670733295158715090e-03
4.286047526966378882e+02 -4.969942518270211232e-03 -8.792260699155370410e-03
4.286210691179207402e+02 -4.953125056680815486e-03 -8.896199499037806338e-03
4.286536548418793586e+02 -4.915349361282745320e-03 -9.138601057231300964e-03
4.286698311144032800e+02 -4.899023167709556058e-03 -9.278618203737222167e-03
4.286859473750098459e+02 -4.884102104893413808e-03 -9.421938719893583475e-03
4.287020185107822385e+02 -4.869983606643158054e-03 -9.568296390583444500e-03
4.287340749901523509e+02 -4.847823594617407632e-03 -9.860566380060841601e-03
4.287500790645023585e+02 -4.836671702598061180e-03 -9.999838397610927299e-03
4.287660942402041542e+02 -4.826469672022212949e-03 -1.012075566222537214e-02
4.287821283476848748e+02 -4.816531756206706393e-03 -1.023628296105603269e-02
4.288143190083540617e+02 -4.797106568683481148e-03 -1.040516604349971640e-02
4.288305011809762846e+02 -4.787614933108741248e-03 -1.046714383508631947e-02
4.288467474839623037e+02 -4.778762781240231128e-03 -1.051476488034461948e-02
4.288630684551590093e+02 -4.772901047319173286e-03 -1.054108477555013371e-02
4.288956408354514451e+02 -4.764361410719527776e-03 -1.053971927040831674e-02
4.289117940878638819e+02 -4.766724414453741253e-03 -1.051538519355167678e-02
4.289278071217501633e+02 -4.772661599520854059e-03 -1.048113921385989897e-02
4.289437603701124999e+02 -4.784431048266619448e-03 -1.043533772054305170e-02
4.289758116330704070e+02 -4.813046422039684094e-03 -1.031666933965627760e-02
4.289919924593052656e+02 -4.830571168918371128e-03 -1.024063883260559020e-02
4.290081692073235899e+02 -4.847639498944598252e-03 -1.015985467426314647e-02
4.290243009145390829e+02 -4.860826373475164372e-03 -1.006992088223102912e-02
4.290403643285896464e+02 -4.870766887139985936e-03 -9.975495752047296855e-03
4.290724208336029619e+02 -4.882427614046180170e-03 -9.779780767433141411e-03
4.290884909065626402e+02 -4.891528897101294314e-03 -9.677831240792019590e-03
4.291046190004935283e+02 -4.894597377924725899e-03 -9.575561489387382844e-03
4.291208470421705101e+02 -4.898090808928286244e-03 -9.472869483704772497e-03
4.291533522122642808e+02 -4.894205079302291726e-03 -9.272912693564882083e-03
4.291694902098913644e+02 -4.891538210390883497e-03 -9.177951286876141063e-03
4.291855739281998581e+02 -4.886323780991770963e-03 -9.081510623224656881e-03
4.292016157162318564e+02 -4.879185176427333973e-03 -9.156957145155695046e-03
4.292336688192262955e+02 -4.864729942269293769e-03 -8.995458240047190038e-03
4.292496969922454468e+02 -4.853823124678026749e-03 -8.973892508093035333e-03
4.292657388349197163e+02 -4.842631247407217995e-03 -8.887423274691236968e-03
4.292817996750236489e+02 -4.831372174167067497e-03 -8.831106456960306425e-03
4.293140321269309538e+02 -4.807355337528822735e-03 -8.758429122426683242e-03
4.293302261912210724e+02 -4.795371403460688131e-03 -8.713887612969551874e-03
4.293464771028794758e+02 -4.783175753128839428e-03 -8.661952133345472357e-03
4.293627984543123830e+02 -4.773650212350164304e-03 -8.606467014255983136e-03
4.293954031004408876e+02 -4.749579927500457814e-03 -8.478626807433071316e-03
4.294116024372564198e+02 -4.735325086310302953e-03 -8.403205117742180985e-03
4.294277509430837085e+02 -4.721590333842342994e-03 -8.329271688866575832e-03
4.294438592108103308e+02 -4.708959539282076001e-03 -8.261607311951940646e-03
4.294759959411737782e+02 -4.676171622368057064e-03 -8.240102365374682783e-03
4.294920526849655289e+02 -4.661407992272514379e-03 -8.279497166074963055e-03
4.295081135134911960e+02 -4.645476725946105258e-03 -8.371726205246272576e-03
4.295241882826308597e+02 -4.629635869637826161e-03 -8.476807909798612581e-03
4.295402925747594622e+02 -4.615586486877450330e-03 -8.557595785854755707e-03
4.295726165499892772e+02 -4.581431842819583614e-03 -8.683917070847426214e-03
4.295888517166039833e+02 -4.565118374559721734e-03 -8.701472276332576639e-03
4.296051389965710996e+02 -4.549445387867025875e-03 -8.710765679188992028e-03
4.296214921156466744e+02 -4.533820324700487889e-03 -8.724650090605351807e-03
4.296540645101033533e+02 -4.497877674255850756e-03 -8.789002191953072113e-03
4.296702579875171750e+02 -4.479534887346868152e-03 -8.840337894884741157e-03
