1.800003557537650977e+03 -3.316542711513085443e-03 -9.967740316257489921e-03
1.800034944462697695e+03 -3.305459615628272060e-03 -9.935681469885391040e-03
1.800050653568169537e+03 -3.301019221960992209e-03 -9.899457039964466160e-03
1.800066379374243297e+03 -3.293069096787641734e-03 -9.834734699319887946e-03
1.800082099870091724e+03 -3.287811887229600844e-03 -9.768735615319547663e-03
1.800113602772287095e+03 -3.274731180853954985e-03 -9.609109975907246734e-03
1.800129369528300231e+03 -3.270924998536132826e-03 -9.516715253646454778e-03
1.800145124391807713e+03 -3.266133834638055341e-03 -9.417513515924139100e-03
1.800160909387085894e+03 -3.263616594368095973e-03 -9.309576205711305591e-03
1.800192307161392364e+03 -3.258686997548556567e-03 -9.078265891094993226e-03
1.800207949412101925e+03 -3.255116029308617338e-03 -8.963028602670642178e-03
1.800223554136246094e+03 -3.253660985983930585e-03 -8.847200175467698907e-03
1.800254821648437201e+03 -3.251170195051703796e-03 -8.614398126956360896e-03
1.800270494415418625e+03 -3.250811942455114102e-03 -8.498200488294320801e-03
1.800286185022447626e+03 -3.250358878265751858e-03 -8.381883839156606744e-03
1.800301893674181429e+03 -3.251788219362283360e-03 -8.272977695381258587e-03
1.800333403019663137e+03 -3.258565293870941629e-03 -8.071669094180810786e-03
1.800349182781625359e+03 -3.263573557377745602e-03 -7.979209308185571808e-03
1.800364945698466727e+03 -3.266567458943533519e-03 -7.899980943737812747e-03
1.800380700956763121e+03 -3.274644919500036607e-03 -7.841367757259359514e-03
1.800412099289086200e+03 -3.288026451807637626e-03 -7.681922248415130362e-03
1.800427791087739934e+03 -3.294649192004426869e-03 -7.604916273582082095e-03
1.800443461180100712e+03 -3.302859350092246862e-03 -7.527327491165028243e-03
1.800474833571949830e+03 -3.318751503263659905e-03 -7.347068875012602307e-03
1.800490531455960536e+03 -3.325520081795670709e-03 -7.252374336016225928e-03
1.800506239912931278e+03 -3.332243930703966076e-03 -7.151951251522627520e-03
1.800521950692650762e+03 -3.338675958540902617e-03 -7.056483686326280209e-03
1.800553390135688232e+03 -3.350922920295893413e-03 -6.867329013256546176e-03
1.800569130111513914e+03 -3.356745761750268287e-03 -6.790167848198970860e-03
1.800584870422660742e+03 -3.362163678501023205e-03 -6.800740580635885289e-03
1.800600631876426633e+03 -3.366846841168990960e-03 -6.717329932791466646e-03
1.800632188799058895e+03 -3.371633616206934619e-03 -6.581533920001049823e-03
1.800647972020640736e+03 -3.374195839704842957e-03 -6.637059482978823442e-03
1.800663718486777270e+03 -3.374520317615987107e-03 -6.794668069450842014e-03
1.800695196252966298e+03 -3.376217362832441542e-03 -7.501555080285794534e-03
1.800710913209456294e+03 -3.378002976215303647e-03 -7.453868920277985539e-03
1.800726614873939070e+03 -3.378721833234406280e-03 -7.718550004620063250e-03
1.800742309809283142e+03 -3.378109940867124027e-03 -7.939659953427732550e-03
1.800773693136930433e+03 -3.375739286635274540e-03 -8.138051349694915698e-03
1.800789387244857835e+03 -3.374169692523064281e-03 -8.220258692186444699e-03
1.800805102793079186e+03 -3.372009930474531222e-03 -8.297766389838690665e-03
1.800820826963818945e+03 -3.369913717297075458e-03 -8.390507212741579735e-03
1.800852302552543961e+03 -3.362614378279091959e-03 -8.689124941669413779e-03
1.800868062837741718e+03 -3.358380400433830411e-03 -8.872451149977540752e-03
1.800883858004623107e+03 -3.353641903392585652e-03 -9.049092544569013047e-03
1.800915404855594716e+03 -3.343005602034932779e-03 -9.369270593107412864e-03
1.800931149750544364e+03 -3.337950440173494994e-03 -9.586546781640703160e-03
1.800946884059626200e+03 -3.332911295481206810e-03 -9.727590304134012614e-03
1.800962600336643163e+03 -3.327684471037552737e-03 -9.818464235933405462e-03
1.800993991284243066e+03 -3.317821603746151909e-03 -9.957017597558081440e-03
1.801009683731719178e+03 -3.311701659657753562e-03 -9.977508121621236903e-03
1.801025373409888743e+03 -3.306054591529345582e-03 -9.961592663877881504e-03
1.801041069044745200e+03 -3.300342240479767555e-03 -9.937566974784688839e-03
1.801072511447252054e+03 -3.287626360787047897e-03 -9.824483596846173353e-03
1.801088242946220362e+03 -3.282272815242826512e-03 -9.758130536189669330e-03
1.801104001113310233e+03 -3.273980525778728834e-03 -9.678794517939301803e-03
1.801135519358831971e+03 -3.264283433875142179e-03 -9.495484382711151181e-03
1.801151290974650465e+03 -3.262157738695370401e-03 -9.392136785271168117e-03
1.801167064647744837e+03 -3.257753633271080057e-03 -9.284691953805029180e-03
1.801182757820291499e+03 -3.255691606749523681e-03 -9.170845045045743563e-03
1.801214049108828021e+03 -3.250316673489737126e-03 -8.935129928856665182e-03
1.801229657205695958e+03 -3.249258674963035644e-03 -8.816218303296608980e-03
1.801245288050023419e+03 -3.248083952499690365e-03 -8.699798204909936147e-03
1.801260948152378887e+03 -3.246774633230540934e-03 -8.584502140963177694e-03
1.801292319467958350e+03 -3.246642507544176496e-03 -8.352281674337930575e-03
1.801308038349561684e+03 -3.248517915569191887e-03 -8.246384677982738359e-03
1.801323796809884243e+03 -3.250074566993309006e-03 -8.143474295394602380e-03
1.801355353996234271e+03 -3.258738490021528735e-03 -7.957441361833645505e-03
1.801371107253958826e+03 -3.264029558707437842e-03 -7.884323251684532963e-03
1.801386837714431522e+03 -3.268813892426603723e-03 -7.825898244185929692e-03
1.801402554708163279e+03 -3.276614530361961989e-03 -7.744018465494261275e-03
1.801433915507150004e+03 -3.291677731012036725e-03 -7.586710778255926699e-03
1.801449583144791859e+03 -3.300987515573342718e-03 -7.506030245761683047e-03
1.801465271043245821e+03 -3.307189145642996236e-03 -7.415928951664081323e-03
1.801480964220466603e+03 -3.314371277535827637e-03 -7.322257184846202999e-03
1.801512379991603439e+03 -3.330413333756603901e-03 -7.126699013782938560e-03
1.801528093392223582e+03 -3.336885411365430373e-03 -7.032183852461427846e-03
1.801543806353695118e+03 -3.343117534088471416e-03 -6.938545423007349590e-03
1.801575275022289134e+03 -3.352051051762524377e-03 -6.790330374160652785e-03
1.801591026736968388e+03 -3.357209413206703984e-03 -6.798808549176612107e-03
1.801606794094277120e+03 -3.360606579747339902e-03 -6.679261454243792459e-03
1.801622571599376442e+03 -3.364536730228938084e-03 -6.585320492402129029e-03
1.801654131348542251e+03 -3.367466941116755656e-03 -6.667959364108477088e-03
1.801669875792013045e+03 -3.370381112788779169e-03 -6.885862209538763483e-03
1.801685614003672299e+03 -3.370630606160944683e-03 -7.392389165245004390e-03
1.801701336798599414e+03 -3.371354202931285075e-03 -7.462533975992744449e-03
1.801732744485346757e+03 -3.371078263702351630e-03 -7.793108706736907691e-03
1.801748440587389041e+03 -3.372066350629596490e-03 -7.975545077219380746e-03
1.801764134640730163e+03 -3.372462924398501004e-03 -8.071382064162668443e-03
1.801795529771319707e+03 -3.369402199844385472e-03 -8.239531272180536381e-03
1.801811249526358552e+03 -3.368811056078277640e-03 -8.320350279641567509e-03
1.801826965599157575e+03 -3.363545202798723030e-03 -8.420119199469677101e-03
1.801842703241197569e+03 -3.360419964195994653e-03 -8.562931335157127066e-03
1.801874237084344713e+03 -3.352217964321604123e-03 -8.928765714287800748e-03
1.801890025183873149e+03 -3.346724700691331919e-03 -9.083983500985864240e-03
1.801905811796514172e+03 -3.341038554941883412e-03 -9.207297182650531556e-03
1.801921560207265657e+03 -3.338243483681522204e-03 -9.442758205614387376e-03
1.801953026093072822e+03 -3.326264258855755624e-03 -9.767862159388029236e-03
1.801968733276511784e+03 -3.320929443420964685e-03 -9.847494755207806053e-03
1.801984426285633162e+03 -3.315006657668761580e-03 -9.922383087456484660e-03
1.802000120283226579e+03 -3.309955083737077877e-03 -9.975373335474871025e-03
1.802031506397213889e+03 -3.300597753549936158e-03 -9.964217486734918902e-03
1.802047211846813980e+03 -3.294533283387184042e-03 -9.935129131220700113e-03
1.802062934320597378e+03 -3.288886044996957095e-03 -9.880218481635455116e-03
1.802094400763985959e+03 -3.274499626050946053e-03 -9.743932571471641130e-03
1.802110154359028229e+03 -3.269274419324477883e-03 -9.661391577445860301e-03
1.802125917027942023e+03 -3.264174216300448367e-03 -9.571458442212568349e-03
1.802141677761630262e+03 -3.258393947885686228e-03 -9.473411212041631807e-03
1.802173215869552450e+03 -3.253511656283139108e-03 -9.259183510195551428e-03
1.802188895295513476e+03 -3.249491661701770819e-03 -9.139474683181094891e-03
1.802204548394706535e+03 -3.245594978662722993e-03 -9.021185271478698170e-03
1.802220156275560385e+03 -3.244366052968621940e-03 -8.905315425428200066e-03
1.802251411541028347e+03 -3.241270933484841164e-03 -8.670394782434089412e-03
1.802267078504641631e+03 -3.240170731280348892e-03 -8.554665325724533642e-03
1.802282765387167274e+03 -3.241070452871169360e-03 -8.436592715180055504e-03
1.802314202365234905e+03 -3.245516339110412433e-03 -8.219819366307839700e-03
1.802329964864080011e+03 -3.246769082963093470e-03 -8.119358470240053624e-03
1.802345744671238890e+03 -3.249905290717705533e-03 -8.025890604011492666e-03
1.802361516875481811e+03 -3.254289811215907435e-03 -7.937870835542804732e-03
1.802392985765913409e+03 -3.266709958295091303e-03 -7.806883474672554439e-03
1.802408687438428160e+03 -3.274925976376651983e-03 -7.724004538281534389e-03
1.802424374549810409e+03 -3.281086392957947764e-03 -7.644828941154489625e-03
1.802440049556099666e+03 -3.289240409318561383e-03 -7.568550097640910392e-03
1.802471407886392626e+03 -3.303964870741657543e-03 -7.392211021879180853e-03
1.802487104060673801e+03 -3.310982918899170371e-03 -7.299901532262782593e-03
1.802502812115413462e+03 -3.316926793980278648e-03 -7.200312236255545020e-03
1.802534236244847762e+03 -3.331324619326180708e-03 -7.009679371280893613e-03
1.802549959650376195e+03 -3.338811670276015369e-03 -6.916452275021816969e-03
1.802565700526725095e+03 -3.342959780755857483e-03 -6.823145300253364784e-03
1.802581433866216230e+03 -3.348477813711300474e-03 -6.800972875736481342e-03
1.802612962633548705e+03 -3.356314392407801998e-03 -6.645335408280530522e-03
1.802628752700670020e+03 -3.360479294487307787e-03 -6.583901755385346798e-03
1.802644528446716095e+03 -3.362253072485892232e-03 -6.615300841625958335e-03
1.802660287714468495e+03 -3.364327534836285792e-03 -6.710664092131481129e-03
1.802691769358203146e+03 -3.366352960531590870e-03 -7.497401845521273547e-03
1.802707490195239416e+03 -3.366509370549487096e-03 -7.434505695839721019e-03
1.802723191357496717e+03 -3.367021737224453783e-03 -7.589245594628832824e-03
1.802754579278684787e+03 -3.366210353536735166e-03 -8.000478520121825921e-03
1.802770272099420481e+03 -3.364901432983485874e-03 -8.093317247460957153e-03
1.802785965938276604e+03 -3.364078268872571723e-03 -8.183531837495025552e-03
1.802801676177183936e+03 -3.363599779379504180e-03 -8.260810207829545615e-03
1.802833120528346399e+03 -3.358082383440136494e-03 -8.456184777946683037e-03
1.802848868923222881e+03 -3.355731740746718990e-03 -8.608644004271833253e-03
1.802864626366256289e+03 -3.349337022373878765e-03 -8.786490121466912148e-03
1.802880419376520194e+03 -3.346440075792672490e-03 -8.989927202969275055e-03
1.802911971115568576e+03 -3.336492346211164268e-03 -9.274286167301309600e-03
1.802927718937812870e+03 -3.329702207984671508e-03 -9.516031316565053133e-03
1.802943457782625046e+03 -3.325940654390549447e-03 -9.691305026836119149e-03
1.802974877237060582e+03 -3.315493683256817096e-03 -9.877426803258928037e-03
1.802990567685539190e+03 -3.310057782954685390e-03 -9.949614279830874472e-03
1.803006259321794005e+03 -3.304103114873765956e-03 -9.989244333202787832e-03
1.803021950442203206e+03 -3.298142046567787387e-03 -9.985684156251079663e-03
1.803053358524045052e+03 -3.287238997668096626e-03 -9.927442645102499061e-03
1.803069085079383512e+03 -3.280919832672614649e-03 -9.864816396649562363e-03
1.803084809900858090e+03 -3.275450700874431905e-03 -9.799112846069277585e-03
1.803100563874384761e+03 -3.269610520787590187e-03 -9.724802197615440777e-03
1.803132090891861253e+03 -3.256468907929458822e-03 -9.546085315199711110e-03
1.803147854719889665e+03 -3.253455299534055694e-03 -9.445505660640356529e-03
1.803163641816429845e+03 -3.250116595031231261e-03 -9.338335845926318268e-03
1.803195036503844221e+03 -3.246208428432366833e-03 -9.106481132409463206e-03
1.803210670725007049e+03 -3.241576570446075278e-03 -8.990955888753452904e-03
1.803226278472004424e+03 -3.240180362029308932e-03 -8.873328891735742310e-03
1.803241901466165473e+03 -3.238503127492835948e-03 -8.755999029961941335e-03
1.803273221460172863e+03 -3.236521436780759146e-03 -8.521260352091965945e-03
1.803288913582987107e+03 -3.236156254392249902e-03 -8.404420732084734100e-03
1.803304626385549000e+03 -3.236165757824462086e-03 -8.296457074597612946e-03
1.803320378632371330e+03 -3.237869393173135098e-03 -8.191719268465987372e-03
1.803351936399435772e+03 -3.247058201708741005e-03 -8.001628946156432928e-03
1.803367688260756267e+03 -3.250557832156818986e-03 -7.917586332909891389e-03
1.803383432890548193e+03 -3.256896127140303503e-03 -7.858385724986666904e-03
1.803414829239264691e+03 -3.269016317493283422e-03 -7.702742042011749384e-03
1.803430518604533290e+03 -3.277263629614115929e-03 -7.625014607395148337e-03
1.803446185694879432e+03 -3.284923797715856835e-03 -7.547299512420536059e-03
1.803461867944450432e+03 -3.293582338876673878e-03 -7.459454022979731744e-03
1.803493260196752999e+03 -3.308054755303135950e-03 -7.272173155230760369e-03
1.803508969242764806e+03 -3.315009338140605197e-03 -7.173305391356591711e-03
1.803524679397185537e+03 -3.321927331666655204e-03 -7.076982638074304222e-03
1.803540391974927616e+03 -3.328226554961396817e-03 -6.983333385437896432e-03
1.803571863678165755e+03 -3.339399978582444951e-03 -6.806271927418629762e-03
1.803587607891652397e+03 -3.345262996985098533e-03 -6.811977362485241785e-03
1.803603373549015259e+03 -3.347468803351969727e-03 -6.749501093821398331e-03
1.803634930577092064e+03 -3.354512095196946712e-03 -6.588228131517729659e-03
1.803650713284680023e+03 -3.357726827727108322e-03 -6.634482588880638403e-03
1.803666456645145672e+03 -3.357059625740352240e-03 -6.766734745869280344e-03
1.803682198876563916e+03 -3.359274511793678818e-03 -7.159763806957812615e-03
1.803713642346807092e+03 -3.360364333487310048e-03 -7.435217723709118716e-03
1.803729340168751605e+03 -3.362301710306108901e-03 -7.671225684267526587e-03
1.803745035978068927e+03 -3.363019289257057187e-03 -7.903454332793430695e-03
1.803760732444746054e+03 -3.362181178223842479e-03 -8.022566646700476228e-03
1.803792118171158563e+03 -3.359729006178140999e-03 -8.199940150998400595e-03
1.803807837349070496e+03 -3.357835666219762937e-03 -8.282936914788305294e-03
1.803823557672444394e+03 -3.354591398974133762e-03 -8.373103093885295167e-03
1.803855044184173039e+03 -3.346771304908321802e-03 -8.656248267180175621e-03
1.803870806236729550e+03 -3.344225287652408118e-03 -8.845025673626830814e-03
1.803886601387761402e+03 -3.338764194980998936e-03 -9.043754531586239639e-03
1.803902392918552550e+03 -3.334747013621283673e-03 -9.156030928876563238e-03
1.803933886104937301e+03 -3.324467894010966606e-03 -9.583187604912465560e-03
1.803949614944312771e+03 -3.319039432638089173e-03 -9.740295411595562697e-03
1.803965328482632913e+03 -3.313011554744421227e-03 -9.834887748626433904e-03
1.803981022933127633e+03 -3.308533389440757207e-03 -9.906854190831834370e-03
1.804012409786344051e+03 -3.299305079209506348e-03 -9.995658313504246148e-03
1.804028103729941904e+03 -3.293412219858471175e-03 -9.984883915110338154e-03
1.804043800168619100e+03 -3.287617339069334732e-03 -9.959158278263198147e-03
1.804075241127882919e+03 -3.274160230350222755e-03 -9.847654098202781800e-03
1.804090977427220650e+03 -3.268599254780512296e-03 -9.781006080398231550e-03
1.804106737579844321e+03 -3.261409303003277253e-03 -9.702447166581680202e-03
1.804122493106715865e+03 -3.256312748149378308e-03 -9.615369329195096876e-03
1.804154052037175006e+03 -3.246122943755477136e-03 -9.414743919977144535e-03
1.804169822660538557e+03 -3.244666163884768820e-03 -9.307642313872432904e-03
1.804185510534058267e+03 -3.241711965853243723e-03 -9.193107652041536057e-03
1.804201177255102948e+03 -3.236273368150536112e-03 -9.072595485693023265e-03
1.804232405415923267e+03 -3.234817127975357382e-03 -8.838988945522390298e-03
1.804248039467130184e+03 -3.232922867987025623e-03 -8.721270874171363485e-03
1.804263698221593813e+03 -3.232490097780788864e-03 -8.605522994195194050e-03
1.804295079033500087e+03 -3.231783633605132995e-03 -8.372383699631905096e-03
1.804310801626666262e+03 -3.234213696906685243e-03 -8.266686857603105371e-03
1.804326563724267089e+03 -3.235553243417106737e-03 -8.163663040396992865e-03
1.804342341791513491e+03 -3.236814542456039039e-03 -8.068701215780862968e-03
1.804373879589402577e+03 -3.247537391384872421e-03 -7.899537099846799110e-03
1.804389594913998508e+03 -3.252201731803610035e-03 -7.840384558948707353e-03
1.804405308790947174e+03 -3.259153547013282637e-03 -7.761717465238430688e-03
1.804420989849521675e+03 -3.268074182382233166e-03 -7.681114245754481172e-03
1.804452334260020052e+03 -3.282245492480130936e-03 -7.524404193875173889e-03
1.804468019566920475e+03 -3.289838521927808488e-03 -7.433678657994996150e-03
1.804483712795066594e+03 -3.295912839212212109e-03 -7.340212150142741594e-03
1.804515131595640469e+03 -3.311291020057162589e-03 -7.145159977126255661e-03
1.804530843672408309e+03 -3.319756361151139906e-03 -7.049670728896429393e-03
1.804546565360869636e+03 -3.325876254849650243e-03 -6.957201837997462751e-03
1.804562301709647727e+03 -3.331673956595245564e-03 -6.863718997729714374e-03
1.804593794706579274e+03 -3.339323642121613204e-03 -6.814787012832954419e-03
1.804609561065629578e+03 -3.344635171927508571e-03 -6.707424460355054449e-03
1.804625348721089040e+03 -3.348037701258509483e-03 -6.597684361810785686e-03
1.804641120495725772e+03 -3.349736428425484618e-03 -6.598199019227386948e-03
1.804672635339495400e+03 -3.354539790561254179e-03 -6.842419866835067026e-03
1.804688375871145354e+03 -3.354623725957438414e-03 -7.334093052427761647e-03
1.804704093835262938e+03 -3.354851573949828043e-03 -7.484839903647253455e-03
1.804735495805379969e+03 -3.355792053080135576e-03 -7.746631323076774017e-03
1.804751191924546902e+03 -3.355729281876901598e-03 -7.937418243019895778e-03
1.804766886351523681e+03 -3.355731906917045620e-03 -8.042959009835403891e-03
1.804782579849941158e+03 -3.356072950382038567e-03 -8.137698696196791689e-03
1.804814009410135441e+03 -3.352374318153021702e-03 -8.305370139270813051e-03
1.804829723043835429e+03 -3.349576482434348922e-03 -8.401873225329059905e-03
1.804845467933801274e+03 -3.345900020531934402e-03 -8.536861372150133381e-03
1.804861226023353993e+03 -3.342357456328834322e-03 -8.704145957952085649e-03
1.804892794920329152e+03 -3.333327183709643496e-03 -9.085189249164075248e-03
1.804908573251072767e+03 -3.328705163638010639e-03 -9.200736482881508374e-03
1.804924321823679520e+03 -3.323439812671788451e-03 -9.429481840759763867e-03
1.804940064336742353e+03 -3.319197658685671404e-03 -9.644447483630575260e-03
1.804971486377752626e+03 -3.308429988115742324e-03 -9.861571712462666520e-03
1.804987178440606840e+03 -3.302602639708558229e-03 -9.933726527804713491e-03
1.805002871442360856e+03 -3.296802129810775129e-03 -9.988896590045056798e-03
1.805034257722001939e+03 -3.286493604075934813e-03 -9.982972348853898573e-03
1.805049965256486530e+03 -3.282052902876906198e-03 -9.952713503045152593e-03
1.805065691581463852e+03 -3.274361841175711489e-03 -9.897073188159058801e-03
1.805081409592939508e+03 -3.269128343409986696e-03 -9.831253706467814671e-03
1.805112916517693748e+03 -3.255658079842072873e-03 -9.679937055403271817e-03
1.805128695911496379e+03 -3.251289619485661642e-03 -9.588450772636442770e-03
1.805144455377944269e+03 -3.245687712203960008e-03 -9.491171523043354791e-03
1.805160251202588142e+03 -3.242816477165029639e-03 -9.384088656558096583e-03
1.805191673881913857e+03 -3.237227519669470290e-03 -9.157712248495361584e-03
1.805207325764853749e+03 -3.233890893107802672e-03 -9.040995974236199981e-03
1.805222930155346148e+03 -3.232158848436211644e-03 -8.924784077518222586e-03
1.805254188340149085e+03 -3.228987518021758738e-03 -8.688694127420010585e-03
1.805269855326637753e+03 -3.227722272136304953e-03 -8.571405012111673466e-03
1.805285544243698041e+03 -3.226755606516039203e-03 -8.453309147187631004e-03
1.805301251623379130e+03 -3.227817835500688178e-03 -8.341909874856515139e-03
1.805332761851012492e+03 -3.232352606914008167e-03 -8.136390728436125944e-03
1.805348548414224751e+03 -3.236643059685118378e-03 -8.042585880623107086e-03
1.805364309194952739e+03 -3.238908039817671274e-03 -7.953312321324516182e-03
1.805380060898716238e+03 -3.246005180020342541e-03 -7.884145836283797809e-03
1.805411463822526912e+03 -3.258521781248156779e-03 -7.738753822018919204e-03
1.805427154559305791e+03 -3.263984956700331959e-03 -7.659290911840941317e-03
1.805442823450185415e+03 -3.272249934209372265e-03 -7.583490352143070802e-03
1.805474184734084702e+03 -3.287324124448942793e-03 -7.407448264466300059e-03
1.805489880605261760e+03 -3.294543829325407430e-03 -7.313735146014833065e-03
1.805505589315951283e+03 -3.300984123226489205e-03 -7.215402097841553536e-03
1.805521301433297367e+03 -3.307532479951510139e-03 -7.117896846458285701e-03
1.805552742487886007e+03 -3.320831360623754166e-03 -6.931886310665163684e-03
1.805568484557548800e+03 -3.326675581278606703e-03 -6.837683936557786835e-03
1.805584225971491605e+03 -3.332465009230179721e-03 -6.806869603724993723e-03
1.805615756079058883e+03 -3.340034595434739680e-03 -6.664685516494513011e-03
1.805631546591878760e+03 -3.343582452655779504e-03 -6.590233016835874737e-03
1.805647326409904281e+03 -3.346421157315162230e-03 -6.610934944521113833e-03
1.805663073206618037e+03 -3.347738846285753991e-03 -6.689989857079723518e-03
1.805694550774511299e+03 -3.350077673458687171e-03 -7.472425818712381297e-03
1.805710267821474190e+03 -3.352244606388765907e-03 -7.432058847546634504e-03
1.805725971063445286e+03 -3.352953088002706347e-03 -7.537479566643997923e-03
1.805741664769025874e+03 -3.352914354351956006e-03 -7.809600311958693995e-03
1.805773049806028439e+03 -3.351260325206367047e-03 -8.065402899913937801e-03
1.805788744182240180e+03 -3.350140279536483953e-03 -8.155453349762371851e-03
1.805804459036728986e+03 -3.348606802477199773e-03 -8.238515897507986407e-03
1.805820183548378054e+03 -3.346835551861623501e-03 -8.328356239510116901e-03
1.805851657314276054e+03 -3.340964478154524742e-03 -8.578961943901532855e-03
1.805867416784603847e+03 -3.336310709829961620e-03 -8.757010642911268461e-03
1.805883211749524662e+03 -3.332246168332297833e-03 -8.973784963246729182e-03
1.805914759119051723e+03 -3.322289832994547443e-03 -9.254198437776717592e-03
1.805930504377740135e+03 -3.317200929295709578e-03 -9.501583155088576607e-03
1.805946239462779886e+03 -3.312663037637002001e-03 -9.689466510475809938e-03
1.805961956278912112e+03 -3.308071973385018089e-03 -9.802919314699079512e-03
1.805993348197425803e+03 -3.298117186127639058e-03 -9.951175795954666364e-03
1.806009039086125767e+03 -3.292329640055642690e-03 -9.990744822408019477e-03
1.806024728704231393e+03 -3.286841134804123574e-03 -9.992601981240537001e-03
1.806040423819441912e+03 -3.281273366478030563e-03 -9.969244668635546605e-03
1.806071866145383865e+03 -3.269275738546822963e-03 -9.873029548270970471e-03
1.806087593331079006e+03 -3.263928390148686503e-03 -9.808634524968941684e-03
1.806103350749072661e+03 -3.255658295707806581e-03 -9.735116573291891645e-03
1.806134889762350213e+03 -3.244803569817244267e-03 -9.556678489696058751e-03
1.806150666804495359e+03 -3.242564137610624148e-03 -9.456315386628628278e-03
1.806166452023677721e+03 -3.237789570547505540e-03 -9.350103620305800015e-03
1.806182163231849017e+03 -3.235131788510656973e-03 -9.240581247405059429e-03
1.806213467678197958e+03 -3.230068663178598844e-03 -9.005516706445062039e-03
1.806229074906350206e+03 -3.228996877872757163e-03 -8.885937404586876157e-03
1.806244701104963724e+03 -3.227751193751308458e-03 -8.767927229070517775e-03
1.806260355021492387e+03 -3.225636948525763617e-03 -8.651724107146542900e-03
1.806291719461130697e+03 -3.224138446025018225e-03 -8.416449223749242550e-03
1.806307436713240804e+03 -3.224775619245383741e-03 -8.308624448787842523e-03
1.806323195972429176e+03 -3.225508484155154530e-03 -8.203900452427215564e-03
1.806354760177017397e+03 -3.232983754366465599e-03 -8.014013124376748870e-03
1.806370508337760839e+03 -3.237483242565481791e-03 -7.927673208962319334e-03
1.806386237250072099e+03 -3.241451542126143684e-03 -7.865720447292166503e-03
1.806401956446611393e+03 -3.248671791626554090e-03 -7.794792865209431050e-03
1.806433318992942759e+03 -3.262473970844768402e-03 -7.636084635842039191e-03
1.806448982392634889e+03 -3.271237904044819230e-03 -7.558760901846196117e-03
1.806464665505687663e+03 -3.277523847934922865e-03 -7.472122176628130837e-03
1.806480354838084622e+03 -3.285153838869067384e-03 -7.377183229631240069e-03
1.806511770969088957e+03 -3.301065139769972668e-03 -7.184546121456529717e-03
1.806527484160390031e+03 -3.307472134975797569e-03 -7.087553146613207594e-03
1.806543197679971627e+03 -3.314161347416950607e-03 -6.994940671100926405e-03
1.806574670816338767e+03 -3.323832624498803887e-03 -6.816057612358708377e-03
1.806590423183500661e+03 -3.329533851791429029e-03 -6.818529997160603477e-03
1.806606192022589539e+03 -3.332893396566243786e-03 -6.768351671651214388e-03
1.806621968426482908e+03 -3.337617390478730267e-03 -6.628301360705589167e-03
1.806653526862411127e+03 -3.341860420117514444e-03 -6.624999617691696742e-03
1.806669270456685126e+03 -3.344357334608960824e-03 -6.733338405313861637e-03
1.806685008069306832e+03 -3.345524980411011817e-03 -7.082640863995317421e-03
1.806700730745476676e+03 -3.346742973766581031e-03 -7.522191894112612194e-03
1.806732140215611707e+03 -3.347263138152414916e-03 -7.614598979059174211e-03
1.806747836650585214e+03 -3.348866433753359441e-03 -7.854910476902747865e-03
1.806763531127883653e+03 -3.349505146896254726e-03 -7.984945892432216905e-03
1.806794925569832913e+03 -3.347093693861271160e-03 -8.171704585266463886e-03
1.806810645545224588e+03 -3.346900057369082884e-03 -8.258807765646193969e-03
1.806826362286090671e+03 -3.341986863896840264e-03 -8.352138519024084398e-03
1.806842098418022488e+03 -3.339466922908685374e-03 -8.471680470303505003e-03
1.806873628926648735e+03 -3.331798136377007308e-03 -8.816983794129268012e-03
1.806889418930886677e+03 -3.326583769901596179e-03 -9.026008450534679303e-03
1.806905206654422045e+03 -3.321290556012586846e-03 -9.130832599181166673e-03
1.806920955480514294e+03 -3.318735315947969351e-03 -9.321354345784738094e-03
1.806952421067643627e+03 -3.307446204855092001e-03 -9.726927974359490456e-03
1.806968129665278184e+03 -3.302098462002038895e-03 -9.821122732691162788e-03
1.806983822937687364e+03 -3.296587851512666929e-03 -9.896312941170938918e-03
1.807015209629507126e+03 -3.287796576672261974e-03 -9.990827343925685541e-03
1.807030902241717968e+03 -3.283018463121220587e-03 -9.984485095050312647e-03
1.807046606823072580e+03 -3.276900083077902755e-03 -9.957863696425088562e-03
1.807062327809010185e+03 -3.272004418717777696e-03 -9.915462097148171339e-03
1.807093789095283910e+03 -3.257583365782499001e-03 -9.786505550960450037e-03
1.807109548815777543e+03 -3.251768874378804536e-03 -9.709970704861833890e-03
1.807125320349864978e+03 -3.245970504994324501e-03 -9.622966308489052170e-03
1.807141091528034622e+03 -3.240227776021893918e-03 -9.527693488504646729e-03
1.807172650973979898e+03 -3.235073400668884557e-03 -9.318094612285271819e-03
1.807188343417292117e+03 -3.230973958784508215e-03 -9.203293744830892686e-03
1.807204004474287331e+03 -3.227069704500899402e-03 -9.084625938067008438e-03
1.807235227449059039e+03 -3.224380931987166042e-03 -8.850988804834885107e-03
1.807250864311736677e+03 -3.222328816858005714e-03 -8.732015612704523491e-03
1.807266524796322074e+03 -3.220805157949732916e-03 -8.615709101035082251e-03
1.807282207331073778e+03 -3.221307048909385299e-03 -8.496191481048603888e-03
1.807313640969790413e+03 -3.223719789779319091e-03 -8.276068847673245105e-03
1.807329405070759776e+03 -3.224315771466291624e-03 -8.173587598270082299e-03
1.807345189292130726e+03 -3.226464466284950823e-03 -8.078702045357910241e-03
1.807360962763409589e+03 -3.230632957793989294e-03 -7.986739309524070948e-03
1.807392424966008321e+03 -3.241055653746914306e-03 -7.844788331093576275e-03
1.807408131150339386e+03 -3.248465068827000382e-03 -7.770653256286870827e-03
1.807423815985350984e+03 -3.254697290097527135e-03 -7.689402353495512939e-03
1.807455157665731804e+03 -3.268111446133342268e-03 -7.533989802522260068e-03
1.807470839917927151e+03 -3.276820689728315861e-03 -7.444155977357840535e-03
1.807486533518278520e+03 -3.283686206414463283e-03 -7.350165576373544896e-03
1.807502241506415658e+03 -3.289772053453399528e-03 -7.252486858043356681e-03
1.807533667955124429e+03 -3.304709392055282628e-03 -7.060115185847423008e-03
1.807549391787585364e+03 -3.312528340589323585e-03 -6.968220851224805716e-03
1.807565135162066099e+03 -3.316899849293860822e-03 -6.875393346673988604e-03
1.807580869360075440e+03 -3.322609939326579432e-03 -6.807085394608158695e-03
1.807612400888179536e+03 -3.331473890304264066e-03 -6.724420680291143780e-03
1.807628190447937641e+03 -3.336033922622565120e-03 -6.605490503037575456e-03
1.807643963521878277e+03 -3.338167320214842880e-03 -6.594815310145302201e-03
1.807675468052678752e+03 -3.340664376869585152e-03 -6.796368954241596878e-03
1.807691203817066253e+03 -3.343682465355265771e-03 -7.256446048546206715e-03
1.807706923993140663e+03 -3.343683202528115010e-03 -7.492231166458421937e-03
1.807722625958952449e+03 -3.344889134274964173e-03 -7.426855217374893695e-03
1.807754015179306862e+03 -3.344816127869685348e-03 -7.892710238324449415e-03
1.807769708804199354e+03 -3.344014897610523424e-03 -8.009225841288944783e-03
1.807785403103282079e+03 -3.343778689477996339e-03 -8.104167853313762326e-03
1.807801112502171918e+03 -3.343861505160126025e-03 -8.192245295795798354e-03
1.807832555732092032e+03 -3.338885772816964272e-03 -8.380636241829012012e-03
1.807848304028211032e+03 -3.336636654303237054e-03 -8.508270893778431543e-03
1.807864061285448997e+03 -3.330867998141877253e-03 -8.668417519197234994e-03
1.807895639942249318e+03 -3.323527403852109038e-03 -9.059144303910039372e-03
1.807911406200241800e+03 -3.319068767780512449e-03 -9.163322217877339221e-03
1.807927153998067524e+03 -3.312412768223328089e-03 -9.395188924574419259e-03
1.807942892935382133e+03 -3.309005028804861120e-03 -9.618213710145725667e-03
1.807974313008951412e+03 -3.298862446246074442e-03 -9.838765161765111039e-03
1.807990003409024666e+03 -3.293719624572096372e-03 -9.914787892319445323e-03
1.808005695258549622e+03 -3.287894536365907391e-03 -9.973909903274378458e-03
1.808021386293496107e+03 -3.282138599803004122e-03 -9.989987274978530049e-03
1.808052792874536863e+03 -3.271883267633833667e-03 -9.946474372108731268e-03
1.808068519314962259e+03 -3.265418128375642548e-03 -9.894108828873799874e-03
1.808084243758322600e+03 -3.259977617312881208e-03 -9.831335349787161115e-03
1.808115752521768172e+03 -3.246228659117770220e-03 -9.685392921595150154e-03
1.808131538516620367e+03 -3.241129653202927223e-03 -9.593476188957825168e-03
1.808147310523373562e+03 -3.237141830449478952e-03 -9.496934644025152930e-03
1.808163107113277420e+03 -3.234168009588528694e-03 -9.392100112218727814e-03
1.808194527223742853e+03 -3.229711859738513581e-03 -9.166852412291473171e-03
1.808210169105377418e+03 -3.225467990666465619e-03 -9.051318986832980820e-03
1.808225777520591464e+03 -3.223993588330678096e-03 -8.933911793214040567e-03
1.808241395518130957e+03 -3.222301326570108527e-03 -8.814763029110942588e-03
1.808272705823698516e+03 -3.219243182218600990e-03 -8.578335316872574487e-03
1.808288394779162672e+03 -3.218079728816296368e-03 -8.459918016145024852e-03
1.808304105668212287e+03 -3.217224563062825397e-03 -8.349850815083359121e-03
1.808335629479295676e+03 -3.223073469081205646e-03 -8.144550233822685573e-03
1.808351420891126963e+03 -3.226299514493474480e-03 -8.050727784255232514e-03
1.808367171208788250e+03 -3.228796818598524392e-03 -7.960014351211443240e-03
1.808382912836619425e+03 -3.234581198987911913e-03 -7.888879920755442060e-03
1.808414310442073884e+03 -3.245385973911411089e-03 -7.746122034707533105e-03
1.808429999354250640e+03 -3.252694388233742882e-03 -7.666085655431496837e-03
1.808445664091736489e+03 -3.260174928041118577e-03 -7.591019967076966316e-03
1.808461340804570000e+03 -3.268861467206025679e-03 -7.508189326732824138e-03
1.808492727757059811e+03 -3.283188884536878890e-03 -7.320717003021866634e-03
1.808508436609841283e+03 -3.290235420018721487e-03 -7.223813238308565525e-03
1.808524148415734089e+03 -3.297257138278616041e-03 -7.126714540229466335e-03
1.808555594865059220e+03 -3.309900050495825571e-03 -6.942173815980731168e-03
1.808571337693959322e+03 -3.315989449861506209e-03 -6.848461107429606141e-03
1.808587082661291788e+03 -3.322130605947933284e-03 -6.812587522302243279e-03
1.808602849049559381e+03 -3.325187842022593859e-03 -6.814897097877931770e-03
1.808634406564406390e+03 -3.332775435293249423e-03 -6.594831078805359591e-03
1.808650187909822080e+03 -3.336511362372256671e-03 -6.605278056404633585e-03
1.808665929805342785e+03 -3.336175545587330340e-03 -6.670216370202272128e-03
1.808681672128090895e+03 -3.338789102861869623e-03 -6.886270447946512240e-03
1.808713115674071560e+03 -3.340930489560932359e-03 -7.431965470503685937e-03
1.808728813992371443e+03 -3.343218972240131082e-03 -7.483594208634466137e-03
1.808744510862833067e+03 -3.344061700615051820e-03 -7.758246269372780918e-03
1.808760206868033265e+03 -3.343422798019999882e-03 -7.922896613007962552e-03
1.808791593010731503e+03 -3.341812394326351947e-03 -8.125550461918306169e-03
1.808807311886015441e+03 -3.340114891275188132e-03 -8.212197678246824228e-03
1.808823033089317278e+03 -3.337661623232432689e-03 -8.298844380723506206e-03
1.808854517406612558e+03 -3.330392336774982628e-03 -8.547940446877021897e-03
1.808870278740681670e+03 -3.328183571560549073e-03 -8.721111453511658923e-03
1.808886073982198013e+03 -3.323132140669872794e-03 -8.944645199200011720e-03
1.808901865994543641e+03 -3.319646085673974741e-03 -9.076716467143074521e-03
1.808933359475036013e+03 -3.309493478346940774e-03 -9.466774132410978732e-03
1.808949089041499519e+03 -3.304397857610845337e-03 -9.664031069195968410e-03
1.808964803467998991e+03 -3.298676708965751943e-03 -9.778862319166251732e-03
1.808980498119426329e+03 -3.294670100570700616e-03 -9.853472459750548668e-03
1.809011885360475162e+03 -3.285463702758703846e-03 -9.978096758811077008e-03
1.809027577804640487e+03 -3.279681728821450676e-03 -9.984623939225665754e-03
1.809043273387750332e+03 -3.274227459282560981e-03 -9.962288653749666947e-03
1.809074714768661352e+03 -3.261193544637461771e-03 -9.872116657685111457e-03
1.809090449282702593e+03 -3.255851317952660005e-03 -9.811135206907886999e-03
1.809106210156680618e+03 -3.248098209095086775e-03 -9.740806534475737397e-03
1.809121972113510537e+03 -3.243005846056299865e-03 -9.658837621898945514e-03
1.809153549336258266e+03 -3.233003083953099165e-03 -9.465166506878732247e-03
1.809169330125020906e+03 -3.230768109448133463e-03 -9.360356623123565131e-03
1.809185033439499648e+03 -3.227770680876533137e-03 -9.250295223182207482e-03
1.809200709138163120e+03 -3.223060633500635010e-03 -9.130843530564701147e-03
1.809231940072110547e+03 -3.221203484085666258e-03 -8.896798413957393570e-03
1.809247570506096963e+03 -3.219459514245775773e-03 -8.777248812670796624e-03
1.809263224337717929e+03 -3.218283570445021249e-03 -8.660793626794935363e-03
1.809294595951826977e+03 -3.215795937821332769e-03 -8.424765970773592447e-03
1.809310317034990021e+03 -3.217283398141661602e-03 -8.317325405037318334e-03
1.809326080209279098e+03 -3.217957747213134271e-03 -8.212624058806149152e-03
1.809341860368512471e+03 -3.218616450859731158e-03 -8.116339072569624113e-03
1.809373396944874003e+03 -3.228008297154907977e-03 -7.935994880016172814e-03
1.809389110571911715e+03 -3.231634053004313768e-03 -7.869102281475529731e-03
1.809404825866242390e+03 -3.238018626860100346e-03 -7.800743490856699644e-03
1.809420506022964901e+03 -3.246467521067731340e-03 -7.721706216899912149e-03
1.809451846056337217e+03 -3.260247626388686551e-03 -7.567691492282291842e-03
1.809467527346275347e+03 -3.267764290725333823e-03 -7.482171482909823375e-03
1.809483217011844999e+03 -3.273878147670617519e-03 -7.387741242193757857e-03
1.809514636332754890e+03 -3.289995049281417908e-03 -7.194778859958697766e-03
1.809530349734610354e+03 -3.297979095819820322e-03 -7.097991669463633510e-03
1.809546071610774106e+03 -3.304397931080707475e-03 -7.005069139119732280e-03
1.809561809586674826e+03 -3.310905277450793081e-03 -6.915681950719076293e-03
1.809593305721664137e+03 -3.319050915936000695e-03 -6.825642072698234405e-03
1.809609073457463637e+03 -3.324730591300437132e-03 -6.785840091573757706e-03
1.809624860906476215e+03 -3.328402011204344580e-03 -6.641330591014926212e-03
1.809640631575342923e+03 -3.330664745566601186e-03 -6.592973078254223650e-03
1.809672145049932851e+03 -3.336694919070502287e-03 -6.707131509296687145e-03
1.809687884551122124e+03 -3.336744215812218351e-03 -7.012972577267484811e-03
1.809703602440841678e+03 -3.337469650072902652e-03 -7.507834932120356283e-03
1.809735005839318774e+03 -3.338919583076879836e-03 -7.558888548011036441e-03
1.809750702657926468e+03 -3.339384940339219614e-03 -7.809997572300756211e-03
1.809766397574119310e+03 -3.340001006099826367e-03 -7.951042892990351982e-03
1.809782091443329136e+03 -3.340654813587247245e-03 -8.050209159217324231e-03
1.809813520084559286e+03 -3.337950733440924866e-03 -8.229462285183153022e-03
1.809829234165732942e+03 -3.334936303862878152e-03 -8.323269659948787785e-03
1.809844978023470503e+03 -3.331597132142176485e-03 -8.444117878157178167e-03
1.809860736098667530e+03 -3.328575506832549304e-03 -8.589029212772438318e-03
1.809892303600322975e+03 -3.319810871573280857e-03 -8.995649525675797689e-03
1.809908083616215663e+03 -3.315300166125912697e-03 -9.092363128111926457e-03
1.809923831908931788e+03 -3.310850464293305789e-03 -9.278329054108341162e-03
1.809955294910134853e+03 -3.300535735847906320e-03 -9.702521138704935100e-03
1.809970997491749586e+03 -3.296181878172801429e-03 -9.795996608902039424e-03
1.809986689655068403e+03 -3.290512520501922590e-03 -9.872582412449896691e-03
1.810002382643557439e+03 -3.285006364354416033e-03 -9.949465720026341720e-03
1.810033768591502621e+03 -3.275333364993442652e-03 -9.977068464082188004e-03
1.810049475107359285e+03 -3.270827703355648052e-03 -9.954100014754128922e-03
1.810065201557834371e+03 -3.263473532064211508e-03 -9.913751899187514538e-03
1.810080918848397005e+03 -3.258181436586206608e-03 -9.853301647353379308e-03
1.810112427294927556e+03 -3.244630025511523966e-03 -9.717676630000114321e-03
1.810128213265534214e+03 -3.240079706310834348e-03 -9.630739176713863300e-03
1.810143983659618243e+03 -3.234305261429402684e-03 -9.537481518707091599e-03
1.810175541688201292e+03 -3.227203852562165499e-03 -9.329166195759595881e-03
1.810191233058884336e+03 -3.225128196591558419e-03 -9.214818712263638315e-03
1.810206894648296156e+03 -3.221794371185662115e-03 -9.097871480891018409e-03
1.810222501537053176e+03 -3.220071973616895136e-03 -8.982297950480944149e-03
1.810253753612328182e+03 -3.216094041814418752e-03 -8.743248371541872260e-03
1.810269414909025500e+03 -3.214349244046680459e-03 -8.625313019721789209e-03
1.810285099319200754e+03 -3.213004151699239315e-03 -8.505852239995715519e-03
1.810300803843277890e+03 -3.213654538412171868e-03 -8.392252883572575567e-03
1.810332312900709667e+03 -3.216235506219452221e-03 -8.183738020850553352e-03
1.810348103562421102e+03 -3.219694947957935181e-03 -8.088996574320132457e-03
1.810363865402343890e+03 -3.221593817558752060e-03 -7.997122420667558684e-03
1.810395323759929397e+03 -3.232690625268789305e-03 -7.848476110866779362e-03
1.810411016351837816e+03 -3.239446167134449068e-03 -7.778950332030854821e-03
1.810426704090396242e+03 -3.244118540782953836e-03 -7.697929378817704692e-03
1.810442372743851365e+03 -3.252348076839384639e-03 -7.622328101161758053e-03
1.810473724609247483e+03 -3.267168108010255236e-03 -7.456047443395144754e-03
1.810489418244802209e+03 -3.274660093354767910e-03 -7.360566527242724984e-03
1.810505127139322212e+03 -3.280927445450947718e-03 -7.262624242445831282e-03
1.810520840790804641e+03 -3.287257888102685602e-03 -7.167144934558584458e-03
1.810552283772314240e+03 -3.301700544260201438e-03 -6.979852418164697245e-03
1.810568028059287826e+03 -3.307689006324946151e-03 -6.888896055211769440e-03
1.810583770379902489e+03 -3.313895176632917789e-03 -6.818101850208357732e-03
1.810615303620656050e+03 -3.322497845762294611e-03 -6.743365100533534051e-03
1.810631093821518107e+03 -3.326632000589455074e-03 -6.617021829249151825e-03
1.810646870797198517e+03 -3.329801934831094767e-03 -6.596975297327830473e-03
1.810662617867279550e+03 -3.331853632385559788e-03 -6.636682783052141876e-03
1.810694094589421411e+03 -3.334854582420618621e-03 -7.180524237276000692e-03
1.810709811863345067e+03 -3.337209024336048203e-03 -7.499769713058252948e-03
1.810725515577652459e+03 -3.338010367836240395e-03 -7.392845024428484728e-03
1.810741208850651219e+03 -3.338465922981728035e-03 -7.639776249838900468e-03
1.810772595324326403e+03 -3.337427829019925640e-03 -7.973352367356422582e-03
1.810788290110364869e+03 -3.336701824873282603e-03 -8.076441185654502364e-03
1.810804004612489507e+03 -3.335660397114617939e-03 -8.168857846022760383e-03
1.810835452461952627e+03 -3.332328977544787157e-03 -8.351205274075776397e-03
1.810851202256499846e+03 -3.329314479348638358e-03 -8.478264683907114213e-03
1.810866961091964640e+03 -3.324415152941075004e-03 -8.634163708316522010e-03
1.810882755812692039e+03 -3.320863616993148266e-03 -8.838355094799818165e-03
1.810914303700230676e+03 -3.311465732481913646e-03 -9.120996787893052155e-03
1.810930049245135706e+03 -3.306344546502001328e-03 -9.352191034867713901e-03
1.810945784761575169e+03 -3.302209358754932406e-03 -9.587599668533165059e-03
1.810961501796217362e+03 -3.298038748892596472e-03 -9.732089445602980921e-03
1.810992893879369603e+03 -3.288078822032030821e-03 -9.895005616668084772e-03
1.811008584127695258e+03 -3.282567930919644012e-03 -9.958260518798505920e-03
1.811024273883093883e+03 -3.277166811448567387e-03 -9.981130981498359533e-03
1.811055684823719957e+03 -3.265832810452396363e-03 -9.944154910514908449e-03
1.811071410561787388e+03 -3.260225084267525525e-03 -9.893105277831239913e-03
1.811087137439345952e+03 -3.254771182025789460e-03 -9.834904354356849634e-03
1.811102892363629735e+03 -3.246680997376699945e-03 -9.769887969852399448e-03
1.811134445366969203e+03 -3.235326160717546216e-03 -9.601620026906022495e-03
1.811150230901863551e+03 -3.232641429787501235e-03 -9.505543319005186828e-03
1.811166022381120229e+03 -3.227648480116303981e-03 -9.402410095245171059e-03
1.811181748725418629e+03 -3.224565740837446494e-03 -9.296204284193856568e-03
1.811213072970544999e+03 -3.219698145716407261e-03 -9.064241583770546451e-03
1.811228679233916864e+03 -3.218687860705912816e-03 -8.944495268902105667e-03
1.811244302364433679e+03 -3.217180878789405868e-03 -8.824488971422283015e-03
1.811275617522121365e+03 -3.212785385444128557e-03 -8.587288483506424347e-03
1.811291306294214564e+03 -3.211829735780645425e-03 -8.469504654881009759e-03
1.811307020791681225e+03 -3.211388840650673121e-03 -8.359718611647127401e-03
1.811322779626766078e+03 -3.211412972735021732e-03 -8.253652516631716785e-03
1.811354349193822600e+03 -3.217803343406836804e-03 -8.061345620730856615e-03
1.811370094972064862e+03 -3.221725906758709720e-03 -7.969982479565753883e-03
1.811385821439339225e+03 -3.225119578407044732e-03 -7.895233983276458284e-03
1.811401539697701992e+03 -3.231665683648343550e-03 -7.828778959375231813e-03
1.811432901042292315e+03 -3.244278144681848278e-03 -7.675066465722247579e-03
1.811448562239569128e+03 -3.252584629585161553e-03 -7.599773847557475363e-03
1.811464240355848915e+03 -3.258900540211407196e-03 -7.519542135601243495e-03
1.811495627365950895e+03 -3.275192522789214383e-03 -7.329909784437746434e-03
1.811511342018240839e+03 -3.282752765116832630e-03 -7.233765798419772644e-03
1.811527054896015215e+03 -3.289338496616633391e-03 -7.137684374988721540e-03
1.811542769339056576e+03 -3.296407175378295550e-03 -7.043573056335107607e-03
1.811574246953236980e+03 -3.307077388044755029e-03 -6.861919594213577826e-03
1.811590000189562716e+03 -3.313264941365903857e-03 -6.819461607032865566e-03
1.811605770478968225e+03 -3.316771395109168515e-03 -6.829010018373516192e-03
1.811621547305378272e+03 -3.322157191256745745e-03 -6.697990976398850681e-03
1.811653103585902727e+03 -3.327625000388281708e-03 -6.604851055309010101e-03
1.811668846264777812e+03 -3.329884725072304250e-03 -6.657770115385618949e-03
1.811684583524312529e+03 -3.331808185829472808e-03 -6.840424485715325062e-03
1.811700305957253477e+03 -3.333461875702109153e-03 -7.354420419760462034e-03
1.811731716403206292e+03 -3.334726618977271878e-03 -7.434892762889682219e-03
1.811747413270907373e+03 -3.336759073424312976e-03 -7.710462100510373853e-03
1.811763108190441244e+03 -3.337577658963264589e-03 -7.886979117117321608e-03
1.811794502443809279e+03 -3.335800485876824328e-03 -8.102482073042423932e-03
1.811810222834038996e+03 -3.335804889675933124e-03 -8.185760222434314282e-03
1.811825940105865811e+03 -3.331311956986604973e-03 -8.271774043302591514e-03
1.811841675307858395e+03 -3.329232432360713315e-03 -8.380076089972508802e-03
1.811873203579259552e+03 -3.322040338344454079e-03 -8.680350230284910804e-03
1.811888994707536540e+03 -3.317012357661706500e-03 -8.898838767802012134e-03
1.811904783221045591e+03 -3.312109507586520705e-03 -9.043062390023930835e-03
1.811920532825423606e+03 -3.309546572438949990e-03 -9.165325954742460646e-03
1.811951997985412163e+03 -3.298893792124405356e-03 -9.635257943631670569e-03
1.811967707345232157e+03 -3.293581572286055636e-03 -9.752060156567292012e-03
1.811983400745306426e+03 -3.288395471434023710e-03 -9.828700230156505943e-03
1.812014787182395594e+03 -3.280163482483565256e-03 -9.964955275459532955e-03
1.812030479668528187e+03 -3.275363934896026365e-03 -9.976125882260171787e-03
1.812046183194766172e+03 -3.269253713698506286e-03 -9.956089514053764397e-03
1.812061903497424737e+03 -3.264785698444102983e-03 -9.929130449755402613e-03
1.812093363838347159e+03 -3.250344899463181950e-03 -9.815562472651629539e-03
1.812109123598963379e+03 -3.244364701355360089e-03 -9.747370292162441802e-03
1.812124901524523693e+03 -3.238114553319024549e-03 -9.665640073461972265e-03
1.812140681508413536e+03 -3.232069583385794708e-03 -9.574114360726981160e-03
1.812172255515362167e+03 -3.226691007405921210e-03 -9.371329820734309798e-03
1.812187960452551351e+03 -3.222169400724631417e-03 -9.260937971526644191e-03
1.812203633364403231e+03 -3.218350398148839449e-03 -9.143398614077350231e-03
1.812234859554323521e+03 -3.215514568385324963e-03 -8.909384392683445883e-03
1.812250493354700893e+03 -3.213613127399647836e-03 -8.788887351803225875e-03
1.812266149336288208e+03 -3.211506282917039878e-03 -8.671814274906111675e-03
1.812281825753403382e+03 -3.211329820974705932e-03 -8.551346025537953296e-03
1.812313253681792048e+03 -3.212058690328766213e-03 -8.327495851935462143e-03
1.812329017950573189e+03 -3.211905164953732673e-03 -8.223663206861296301e-03
1.812344804449703588e+03 -3.213146209915432750e-03 -8.127294854210280819e-03
1.812360581032715800e+03 -3.217024761163516950e-03 -8.034124605602557812e-03
1.812392037294536522e+03 -3.225739897640278984e-03 -7.873914066143421556e-03
1.812407743865166367e+03 -3.232253112568079026e-03 -7.808957418030211192e-03
1.812423425312207883e+03 -3.238699931034390474e-03 -7.730932314614555149e-03
1.812454763318601863e+03 -3.251426235875126258e-03 -7.577299393657355858e-03
1.812470441366969226e+03 -3.260186483079543802e-03 -7.493851871241350056e-03
1.812486131494433266e+03 -3.266891326241089764e-03 -7.400254338426715678e-03
1.812501839310311880e+03 -3.273140181046724825e-03 -7.300996648169959247e-03
1.812533267828089038e+03 -3.288436214047999427e-03 -7.110550368031849124e-03
1.812548992312986684e+03 -3.296747276224306494e-03 -7.017141987699322681e-03
1.812564737981031385e+03 -3.301543992812821203e-03 -6.928610631068022468e-03
1.812580473671213440e+03 -3.307477707367255989e-03 -6.840079366120951909e-03
1.812612008467435544e+03 -3.317417118508707210e-03 -6.804943761309417347e-03
1.812627798044956762e+03 -3.322348284009310568e-03 -6.657621059874432520e-03
1.812643568715390074e+03 -3.324836528342752645e-03 -6.598597692085933150e-03
1.812675072468550752e+03 -3.328471543371386461e-03 -6.688579440251123803e-03
1.812690807903064751e+03 -3.331591777737056680e-03 -6.953614682299914806e-03
1.812706527132956580e+03 -3.331660781199997229e-03 -7.477234276720447041e-03
1.812722229687226218e+03 -3.333366079287398628e-03 -7.385738998440517962e-03
1.812753620077567575e+03 -3.333929211975126487e-03 -7.769843866164753005e-03
1.812769314316296231e+03 -3.333596144060034603e-03 -7.916921626466294146e-03
1.812785009133859830e+03 -3.333857127300517316e-03 -8.024956497757508578e-03
1.812800718326328706e+03 -3.334331834904698168e-03 -8.125626096111726593e-03
1.812832160936931814e+03 -3.329867025029805295e-03 -8.298062234176936669e-03
1.812847909228498111e+03 -3.327688180326206745e-03 -8.410020014757676673e-03
1.812863666359295394e+03 -3.322488987502762465e-03 -8.553662327233013327e-03
1.812895243364645921e+03 -3.315562951868118377e-03 -8.951354465498776586e-03
1.812911011548380884e+03 -3.311440999382223808e-03 -9.053141694094773637e-03
1.812926759509249223e+03 -3.304983963173820267e-03 -9.230398448971778927e-03
1.812942498462556159e+03 -3.301840625759391249e-03 -9.492191478814630823e-03
1.812973918565830672e+03 -3.292007720787518219e-03 -9.770443878776772020e-03
1.812989609105915633e+03 -3.287033849595211426e-03 -9.849570247843310311e-03
1.813005301074181943e+03 -3.281339167726672265e-03 -9.929797755522324146e-03
1.813020992046996753e+03 -3.275752505679781299e-03 -9.970167102053721642e-03
1.813052397446202576e+03 -3.265993032177947827e-03 -9.949526819891876817e-03
1.813068123660041465e+03 -3.259373695330541713e-03 -9.910870204746218687e-03
1.813083847707903033e+03 -3.254125234450378455e-03 -9.854929042678765155e-03
1.813115357831620258e+03 -3.240043905075160827e-03 -9.724268605232015000e-03
1.813131150065941711e+03 -3.235326614684648841e-03 -9.637338274959257253e-03
1.813146930290861064e+03 -3.230545340837298520e-03 -9.545333839213016383e-03
1.813162730757659347e+03 -3.227324199695485139e-03 -9.444213292302407886e-03
1.813194173520852246e+03 -3.222101078527498524e-03 -9.225664282970683083e-03
1.813209829041682497e+03 -3.218134431298745081e-03 -9.110865429766202769e-03
1.813225438643001098e+03 -3.216525142073882199e-03 -8.994048551326844568e-03
1.813241051785971422e+03 -3.214901924083600048e-03 -8.873508116997093007e-03
1.813272354302943768e+03 -3.210980469756303732e-03 -8.635093735217246394e-03
1.813288037326236463e+03 -3.209135523930214864e-03 -8.515455474834978528e-03
1.813303745433838003e+03 -3.207537178158522111e-03 -8.402948343111844853e-03
1.813335268337857315e+03 -3.211851604607317712e-03 -8.194897457135979710e-03
1.813351062666847611e+03 -3.214659786222128553e-03 -8.099776213152751897e-03
1.813366813547660058e+03 -3.216545270503407342e-03 -8.007382328482278225e-03
1.813382552408689435e+03 -3.221964873220329283e-03 -7.925121203405617251e-03
1.813413946602664737e+03 -3.231341247958399460e-03 -7.787500762567000148e-03
1.813429634002321336e+03 -3.237888544988110594e-03 -7.707495511536414760e-03
1.813445298304488688e+03 -3.245275885331395157e-03 -7.631238526091360837e-03
1.813460969794722132e+03 -3.253687202068097396e-03 -7.554072338414315017e-03
1.813492350378945730e+03 -3.268036939335282939e-03 -7.370934036881121414e-03
1.813508059757016099e+03 -3.274860688979788683e-03 -7.272712563880607758e-03
1.813523772393016088e+03 -3.282087094803002193e-03 -7.177848359752887764e-03
1.813555220731516556e+03 -3.295510899582371027e-03 -6.991620648922237599e-03
1.813570966478492210e+03 -3.302161142943681703e-03 -6.902547216063013164e-03
1.813586712829198405e+03 -3.308713960972272695e-03 -6.828505737261139630e-03
1.813602480409328109e+03 -3.312587210837666420e-03 -6.844568702942493803e-03
1.813634038512871030e+03 -3.320749977549133664e-03 -6.629440193964537473e-03
1.813649818184878768e+03 -3.324896542357594961e-03 -6.600822166536257120e-03
1.813665558745709177e+03 -3.325028585393790571e-03 -6.631391023936669855e-03
1.813681300974637224e+03 -3.327942101721276334e-03 -6.734242165140658619e-03
1.813712744084396036e+03 -3.331057749495433280e-03 -7.503132649087834727e-03
1.813728442559837276e+03 -3.333606710386958268e-03 -7.365766981458885670e-03
1.813744140592075382e+03 -3.334604163731972985e-03 -7.588154299386076426e-03
1.813775527228469855e+03 -3.333967216946505645e-03 -7.944190618461067360e-03
1.813791223262929179e+03 -3.333357245117414547e-03 -8.054819031527066936e-03
1.813806942251960891e+03 -3.331902860755898716e-03 -8.147778830808716580e-03
1.813822664097038114e+03 -3.330044172243656724e-03 -8.230383318498268527e-03
1.813854146961468132e+03 -3.323379089694431573e-03 -8.442590566471222177e-03
1.813869907894307971e+03 -3.321351685823024404e-03 -8.599053220629447603e-03
1.813885703049280664e+03 -3.316659232429412969e-03 -8.796061059144162642e-03
1.813901495442696614e+03 -3.313563096376373300e-03 -8.981573516191420845e-03
1.813932989576638192e+03 -3.303616390987528482e-03 -9.303640012694886982e-03
1.813948719593299529e+03 -3.298816977145414917e-03 -9.550214431786309410e-03
1.813964434306760495e+03 -3.293384801267788126e-03 -9.701530536797672161e-03
1.813980129048480649e+03 -3.289718499863421124e-03 -9.783401926491748501e-03
1.814011516612069045e+03 -3.280539073051355180e-03 -9.939986836791364980e-03
1.814027207816428017e+03 -3.274936579505761513e-03 -9.968782218796372330e-03
1.814042902896640044e+03 -3.269678371545823876e-03 -9.954354986027553337e-03
1.814074344302482359e+03 -3.256929846961039050e-03 -9.889454465879259429e-03
1.814090078329549669e+03 -3.251687680834810471e-03 -9.836368244613044945e-03
1.814105837758278085e+03 -3.243645236371338596e-03 -9.774694645359320241e-03
1.814121604614651460e+03 -3.238459941888981262e-03 -9.699221552775831243e-03
1.814153193615642522e+03 -3.227896178870563824e-03 -9.515348325662698059e-03
1.814168979676398749e+03 -3.224943584787939074e-03 -9.412651617361465078e-03
1.814184696016094222e+03 -3.221953850099457031e-03 -9.306850027815623261e-03
1.814200383340610188e+03 -3.217299502605124907e-03 -9.190557497434382120e-03
1.814231622402048743e+03 -3.215674428859028981e-03 -8.957388504606927579e-03
1.814247248675781293e+03 -3.214055427565830347e-03 -8.835834778802993325e-03
1.814262899419771429e+03 -3.212282659430690072e-03 -8.718449030337336453e-03
1.814294258803294042e+03 -3.208292044432870752e-03 -8.480437605255741751e-03
1.814309977932648280e+03 -3.208952875476257186e-03 -8.370750861556062322e-03
1.814325740428532072e+03 -3.208907829453810749e-03 -8.264725099504790368e-03
1.814341521542154169e+03 -3.209024075458006588e-03 -8.167082596042929410e-03
1.814373059643795614e+03 -3.217271576592493649e-03 -7.982068100030392105e-03
1.814388771191363503e+03 -3.220223163761212412e-03 -7.902648039888011261e-03
1.814404484765040252e+03 -3.225917497400971126e-03 -7.836036310585856729e-03
1.814420162724798956e+03 -3.233428972039141015e-03 -7.764584481796532947e-03
1.814451500445056581e+03 -3.246772494141664852e-03 -7.609545765025271975e-03
1.814467177077080123e+03 -3.254198585248262859e-03 -7.530517680743029248e-03
1.814482863082859240e+03 -3.260342524181043464e-03 -7.439437735430013895e-03
1.814514281957261574e+03 -3.276978501368079701e-03 -7.244965693831250178e-03
1.814529995936495425e+03 -3.284706133933692779e-03 -7.149590145961214407e-03
1.814545717858720991e+03 -3.291471839678756454e-03 -7.054991363011284267e-03
1.814561457640074195e+03 -3.298739012445639322e-03 -6.966934350503223815e-03
1.814592958125322866e+03 -3.307500823204826464e-03 -6.830121936289487543e-03
1.814608727364344759e+03 -3.313560446335320382e-03 -6.843802387984460056e-03
1.814624515184753818e+03 -3.317637712240552143e-03 -6.715777995991201003e-03
1.814640284214998474e+03 -3.320400312881410278e-03 -6.614145638872888713e-03
1.814671795805441889e+03 -3.327491115143245762e-03 -6.648740327286083857e-03
1.814687534014095718e+03 -3.327723207888971108e-03 -6.803090859963669204e-03
1.814703251637278299e+03 -3.328883863866174703e-03 -7.290490998758915146e-03
1.814734655741604456e+03 -3.330862154390393237e-03 -7.393484928093026556e-03
1.814750353398382003e+03 -3.331801900568334002e-03 -7.666531270970239169e-03
1.814766048893546213e+03 -3.332983102473579835e-03 -7.853753577704493394e-03
1.814781743295575097e+03 -3.333891377194271761e-03 -7.975562197179195123e-03
1.814813171953594747e+03 -3.332164069540078863e-03 -8.169103892330217137e-03
1.814828886553476423e+03 -3.329064669886072029e-03 -8.254152281417972969e-03
1.814844629758971450e+03 -3.326098078252094029e-03 -8.350250629903252855e-03
1.814860387807917050e+03 -3.323477845819086240e-03 -8.480539785379159756e-03
1.814891954329134251e+03 -3.315031898404803643e-03 -8.858423699780883231e-03
1.814907735635943254e+03 -3.310657747027999625e-03 -8.996462617794433875e-03
1.814923483925084383e+03 -3.306851578302558159e-03 -9.125889988486093202e-03
1.814954946702574944e+03 -3.296773052051163964e-03 -9.601678884210733053e-03
1.814970649910006614e+03 -3.292599877054303535e-03 -9.725028627965655315e-03
1.814986342122668930e+03 -3.287111333434265554e-03 -9.803514632198711068e-03
1.815002035156498096e+03 -3.281871652479487547e-03 -9.894380656062424367e-03
1.815033420744971409e+03 -3.272715831817964161e-03 -9.963163931198957060e-03
1.815049126476773836e+03 -3.268153051428071207e-03 -9.949086872553161015e-03
1.815064852756884193e+03 -3.261102107091051836e-03 -9.924430988663423409e-03
1.815080569592458687e+03 -3.255743759842690249e-03 -9.872650040753942063e-03
1.815112077474579564e+03 -3.242245614421138903e-03 -9.753218102257247071e-03
1.815127866841098239e+03 -3.237523415620479836e-03 -9.671781632124490727e-03
1.815143645197503020e+03 -3.231083406707151075e-03 -9.583217577568163212e-03
1.815175216441426983e+03 -3.223190500012913361e-03 -9.381922119347288133e-03
1.815190918556887254e+03 -3.220855027857344802e-03 -9.273056390116364567e-03
1.815206592621373147e+03 -3.217526819313970901e-03 -9.157624878693412795e-03
1.815222204937912238e+03 -3.215982245866641324e-03 -9.043159372319012693e-03
1.815253449940185646e+03 -3.211704792793165439e-03 -8.801933034901695749e-03
1.815269107399492214e+03 -3.209556868207451372e-03 -8.683507771994166541e-03
1.815284784574223295e+03 -3.207763079309600748e-03 -8.563709996640887084e-03
1.815300485137141550e+03 -3.207764775802477483e-03 -8.447754909595360864e-03
1.815331991754207593e+03 -3.208799038011130294e-03 -8.236189104808838354e-03
1.815347784989701950e+03 -3.211490652669206879e-03 -8.140194608841208254e-03
1.815363549751476967e+03 -3.212979447042653251e-03 -8.047188570236818092e-03
1.815395002286355293e+03 -3.222935779117272557e-03 -7.881569684931014411e-03
1.815410694227385875e+03 -3.229163210893266998e-03 -7.818086789592134864e-03
1.815426379209609422e+03 -3.233323110340914110e-03 -7.741745260849714622e-03
1.815442048417544356e+03 -3.241307685810553441e-03 -7.663492583131077326e-03
1.815473391554633281e+03 -3.255751312920570403e-03 -7.506196200826295399e-03
1.815489082813840696e+03 -3.263144119757337668e-03 -7.412976582483210911e-03
1.815504791640653593e+03 -3.269502682026016911e-03 -7.313109646559788277e-03
1.815520505454136128e+03 -3.275749909575606782e-03 -7.218353824015521884e-03
1.815551949951708821e+03 -3.291193139524106227e-03 -7.029430751324545687e-03
1.815567696439444944e+03 -3.297358444712654955e-03 -6.942447789621720468e-03
1.815583440359774386e+03 -3.304026060906892649e-03 -6.854743765662368524e-03
1.815614977454793006e+03 -3.313558801658200628e-03 -6.822383268005213081e-03
1.815630767287661911e+03 -3.318224253550332032e-03 -6.672115849335361754e-03
1.815646541367381133e+03 -3.321772586291205434e-03 -6.608990733428845785e-03
1.815662288088391506e+03 -3.324463672643146201e-03 -6.618008995177834114e-03
1.815693763474265097e+03 -3.328111914712333572e-03 -6.904072353943743919e-03
1.815709480636169928e+03 -3.330629229034583715e-03 -7.439756326290026742e-03
1.815725184074773324e+03 -3.331648922841801662e-03 -7.381424613447634848e-03
1.815740877458779096e+03 -3.332543795643432092e-03 -7.457674815180261908e-03
1.815772265642626280e+03 -3.332184766626123014e-03 -7.887374687073227253e-03
1.815787961148495015e+03 -3.331865140651420025e-03 -8.007151062114414852e-03
1.815803675743596159e+03 -3.331284750372536570e-03 -8.106738292575266583e-03
1.815835124029621511e+03 -3.328531232101463941e-03 -8.275344385714176326e-03
1.815850873451433017e+03 -3.326142200036295068e-03 -8.380853704169306806e-03
1.815866631839508273e+03 -3.321174366437670659e-03 -8.524394676880008015e-03
1.815882426274072714e+03 -3.318051136993226905e-03 -8.704175162837054364e-03
1.815913974729432994e+03 -3.309199215672322964e-03 -9.007479214967868686e-03
1.815929720601487361e+03 -3.304112663007912135e-03 -9.189522960286959641e-03
1.815945456373516436e+03 -3.300337167550171195e-03 -9.448141599772979723e-03
1.815961173309251535e+03 -3.296493622097101429e-03 -9.640008960592628268e-03
1.815992565269499437e+03 -3.286681296256959133e-03 -9.822575008687297465e-03
1.816008255326121116e+03 -3.281395743650804015e-03 -9.906031292023980556e-03
1.816023945146588630e+03 -3.276085276478999612e-03 -9.951581162765857358e-03
1.816055355050086519e+03 -3.265068788668280299e-03 -9.938352570911477071e-03
1.816071081078992620e+03 -3.259604576743574920e-03 -9.901481325989213225e-03
1.816086807580731829e+03 -3.254271185240411104e-03 -9.850994479846591351e-03
1.816102561805458208e+03 -3.246473116290172958e-03 -9.794522260904917413e-03
1.816134119649456579e+03 -3.234607298171923370e-03 -9.639404386492500185e-03
1.816149912732428447e+03 -3.231414757805555447e-03 -9.549658811855722337e-03
1.816165706732371291e+03 -3.225732387462792138e-03 -9.449433443246259279e-03
1.816181444705433933e+03 -3.222182761816801567e-03 -9.347336670651060220e-03
1.816212791175621760e+03 -3.217206755475274585e-03 -9.121117632512483128e-03
1.816228396991523141e+03 -3.216139766547357944e-03 -9.002954813323844549e-03
1.816244017033672208e+03 -3.214538118225558540e-03 -8.881755153680597620e-03
1.816275323254410296e+03 -3.209723240109577450e-03 -8.643101102582670045e-03
1.816291005841084143e+03 -3.208036866916692993e-03 -8.524662069105000059e-03
1.816306717773631817e+03 -3.206708084958043159e-03 -8.412711683857604025e-03
1.816322475133312082e+03 -3.206159362378329693e-03 -8.305112877493357401e-03
1.816354048703059107e+03 -3.211679378204238596e-03 -8.110566330794995171e-03
1.816369794788474564e+03 -3.215123344239445829e-03 -8.017828586244925282e-03
1.816385519513555437e+03 -3.218128671522343161e-03 -7.933896864888835207e-03
1.816401234801589908e+03 -3.223988091609135322e-03 -7.860766056583042005e-03
1.816432593993274622e+03 -3.235319401414595095e-03 -7.717033526013809645e-03
1.816448254130252053e+03 -3.243224344525084089e-03 -7.639864244210567250e-03
1.816463927910560187e+03 -3.249375421537689830e-03 -7.563704319968808480e-03
1.816495309099241695e+03 -3.266008490699330493e-03 -7.380880548713428246e-03
1.816511023783405108e+03 -3.273079662808304254e-03 -7.283004085525222361e-03
1.816526735934783574e+03 -3.280196217809314835e-03 -7.187715408260474809e-03
1.816542451411914271e+03 -3.287517219330934274e-03 -7.092974139795023801e-03
1.816573933466473363e+03 -3.299229096614198723e-03 -6.914723670579095947e-03
1.816589688162452831e+03 -3.305801309581327292e-03 -6.839857836490446756e-03
1.816605460234031625e+03 -3.309542127596153648e-03 -6.854966672480535331e-03
1.816621238305133829e+03 -3.315537024451175804e-03 -6.780189475478305000e-03
1.816652791349999006e+03 -3.322121946972889355e-03 -6.607763369511563713e-03
1.816668532834773259e+03 -3.324323951135029799e-03 -6.627292906405887751e-03
1.816684269586026630e+03 -3.326907703398841818e-03 -6.710151397013607022e-03
1.816715705042972331e+03 -3.329176762437836053e-03 -7.493171953027689611e-03
1.816731401861828317e+03 -3.330964700260669823e-03 -7.342020730383033884e-03
1.816747099342283491e+03 -3.333364790241172097e-03 -7.537625180403836889e-03
1.816762795078904674e+03 -3.334434309780087702e-03 -7.779592911095972209e-03
1.816794189825958483e+03 -3.333351068846539169e-03 -8.034063650351830690e-03
1.816809910799302088e+03 -3.333566331288916919e-03 -8.130041031790756836e-03
1.816825628726900050e+03 -3.329533237080313252e-03 -8.209614303929807164e-03
1.816841363517155060e+03 -3.327893617850101547e-03 -8.297182253285058026e-03
1.816872890388946644e+03 -3.321208686957503441e-03 -8.569020296852799395e-03
1.816888682126607364e+03 -3.316376371943783284e-03 -8.763035321674234740e-03
1.816904471182728003e+03 -3.311868995817395488e-03 -8.939663068191378362e-03
1.816920221382044474e+03 -3.309265435451532508e-03 -9.033125295388267154e-03
1.816951686297167726e+03 -3.299263205247855799e-03 -9.505827931707176368e-03
1.816967396003234853e+03 -3.294050890880583903e-03 -9.668801082582188788e-03
1.816983089458560926e+03 -3.289164951476148974e-03 -9.751628249936777904e-03
1.817014475769786259e+03 -3.281389298543764804e-03 -9.918112907177388526e-03
1.817030168342284469e+03 -3.276608621188040974e-03 -9.949045792686473863e-03
1.817045870749100686e+03 -3.270575655932867008e-03 -9.937962564933565043e-03
1.817061590731444994e+03 -3.266378128212131353e-03 -9.926379530042448232e-03
1.817093050997576256e+03 -3.252132760086712780e-03 -9.832366773738901444e-03
1.817108809910605714e+03 -3.246178951992833260e-03 -9.773622675775217941e-03
1.817124590071738112e+03 -3.239544419955340485e-03 -9.699129518341891021e-03
1.817140374116969952e+03 -3.233210059178272776e-03 -9.612335349938744278e-03
1.817171958609985495e+03 -3.227172768481200923e-03 -9.418386291223350068e-03
1.817187674761577455e+03 -3.222031932582098985e-03 -9.313875925611362835e-03
1.817203358921824929e+03 -3.217670888603431888e-03 -9.198928920389667571e-03
1.817234590418887819e+03 -3.215140143898227981e-03 -8.967427212978823850e-03
1.817250221146879312e+03 -3.213495482473048732e-03 -8.845282097950152647e-03
1.817265874060019314e+03 -3.210874628481794231e-03 -8.727235870478706331e-03
1.817281543444374620e+03 -3.209968880582125990e-03 -8.607068944863332377e-03
1.817312963773048750e+03 -3.209581344896772145e-03 -8.379816106159754599e-03
1.817328728021484494e+03 -3.208789267497523783e-03 -8.274482712570795442e-03
1.817344515690276239e+03 -3.209396236014022772e-03 -8.177164784608247083e-03
1.817360296407104897e+03 -3.212901004535361014e-03 -8.082983443554059982e-03
1.817391748853831132e+03 -3.220481757853984727e-03 -7.909516676125110876e-03
1.817407453622916819e+03 -3.226169780968678701e-03 -7.842634551504430035e-03
1.817423132891240584e+03 -3.232461056812394474e-03 -7.772454955163004935e-03
1.817454468395561662e+03 -3.244351108891702865e-03 -7.618086363385498383e-03
1.817470142360599084e+03 -3.253209942005634049e-03 -7.539659260263679302e-03
1.817485829473773492e+03 -3.259858827453673748e-03 -7.450913760636688164e-03
1.817501536418967817e+03 -3.266057122076014823e-03 -7.352022880208665227e-03
1.817532964974730703e+03 -3.281911385247715442e-03 -7.161220360221685205e-03
1.817548690310519305e+03 -3.290550735509484206e-03 -7.066068920709689914e-03
1.817564437739020605e+03 -3.295769584828713277e-03 -6.978263097625279562e-03
1.817580175420183878e+03 -3.301914987100553183e-03 -6.888919249921231572e-03
1.817611714247753071e+03 -3.312844426976153771e-03 -6.856722968253185953e-03
1.817627504022755147e+03 -3.318135368845363375e-03 -6.730259422165420398e-03
1.817643272163690881e+03 -3.321000662187439164e-03 -6.624082110151511063e-03
1.817674774267412886e+03 -3.325781472084822499e-03 -6.641493841614072753e-03
1.817690509045267845e+03 -3.328954228770775615e-03 -6.768570955419756126e-03
1.817706226944341324e+03 -3.329213303193915858e-03 -7.224100843020952317e-03
1.817721929730850661e+03 -3.331320723994454693e-03 -7.456337754316606954e-03
1.817753321135420038e+03 -3.332590754775824164e-03 -7.617475806763875611e-03
1.817769016275762851e+03 -3.332708283614797644e-03 -7.821972879656077099e-03
1.817784711848352799e+03 -3.333436446433975676e-03 -7.954597144555439550e-03
1.817800421096687160e+03 -3.334272879884404590e-03 -8.060754824168840649e-03
1.817831863866778804e+03 -3.330410096460761481e-03 -8.227344237484704795e-03
1.817847612273696768e+03 -3.328378486646796971e-03 -8.326557452066231726e-03
1.817863369376817445e+03 -3.323714900410929159e-03 -8.456733927501552256e-03
1.817894945121254068e+03 -3.317170866042606480e-03 -8.823169905604359362e-03
1.817910714740828553e+03 -3.313338837972448683e-03 -8.953628287981525713e-03
1.817926462875172547e+03 -3.307117879038460988e-03 -9.083248777738970811e-03
1.817942201850711399e+03 -3.304211923894054617e-03 -9.336807869040800179e-03
1.817973621694552548e+03 -3.294715934173283577e-03 -9.690063149754232080e-03
1.817989312364281659e+03 -3.289891217326626829e-03 -9.769191689231406309e-03
1.818005004453439597e+03 -3.284344642257163924e-03 -9.864197841770078884e-03
1.818020695473122942e+03 -3.278914855245194070e-03 -9.925953637468587845e-03
1.818052099968143693e+03 -3.269575043863985186e-03 -9.931288844140686092e-03
1.818067826051613793e+03 -3.262851911741494575e-03 -9.908553260385756858e-03
1.818083549601213690e+03 -3.257782791168116129e-03 -9.861980567662576025e-03
1.818115058839119456e+03 -3.243958094566541574e-03 -9.749145687612941272e-03
1.818130853538322981e+03 -3.238985198732576617e-03 -9.668839030358408748e-03
1.818146639385014851e+03 -3.233511055409228532e-03 -9.582926879454911964e-03
1.818162440920299105e+03 -3.229811557942243588e-03 -9.486992363061039213e-03
1.818193904986709640e+03 -3.223144484118934013e-03 -9.277709219363777446e-03
1.818209572256634601e+03 -3.219362921553947654e-03 -9.164448063354974430e-03
1.818225184629434352e+03 -3.217502765844110473e-03 -9.050582496832144594e-03
1.818240793780881404e+03 -3.216014106050708258e-03 -8.929588338837396097e-03
1.818272088934267913e+03 -3.211560041238466657e-03 -8.689419430847923620e-03
1.818287765608873769e+03 -3.209246643183905241e-03 -8.570053654187628767e-03
1.818303470395165732e+03 -3.207092572133550101e-03 -8.455587212445218187e-03
1.818334991258266655e+03 -3.210033107317167029e-03 -8.244825912135350654e-03
1.818350787520733775e+03 -3.212604677944203794e-03 -8.148816895146017772e-03
1.818366541339637706e+03 -3.214146373207246981e-03 -8.055712021355545399e-03
1.818382279064059503e+03 -3.219227802029515570e-03 -7.968754102112422452e-03
1.818413667887580914e+03 -3.227388589186243502e-03 -7.823727173804492438e-03
1.818429354386825025e+03 -3.233113239007759897e-03 -7.750096566515467071e-03
1.818445018281966668e+03 -3.240414520114399954e-03 -7.672008123747518435e-03
1.818460686279975789e+03 -3.248650072076047449e-03 -7.595879616197610991e-03
1.818492060338640840e+03 -3.262701954742897384e-03 -7.422407501586926297e-03
1.818507768785122153e+03 -3.269659897761808751e-03 -7.323400666502744363e-03
1.818523481009165152e+03 -3.276973363001138128e-03 -7.228544210882461608e-03
1.818554932066032052e+03 -3.291200647810165521e-03 -7.040295767274057023e-03
1.818570679954160369e+03 -3.298329086051224324e-03 -6.953781605336141480e-03
1.818586427946548156e+03 -3.305315373278670636e-03 -6.866748484757803986e-03
1.818602197407957192e+03 -3.309916539325874745e-03 -6.851995492631083109e-03
1.818633756475162045e+03 -3.318763487145635644e-03 -6.685145319161890469e-03
1.818649533859253552e+03 -3.323353254639826830e-03 -6.617293209140806022e-03
1.818665272959741742e+03 -3.324011002831708372e-03 -6.618030067422438732e-03
1.818681014953946715e+03 -3.327211816738824633e-03 -6.662499898224750333e-03
1.818712456888184079e+03 -3.331217195761527680e-03 -7.390202597951514921e-03
1.818728155289872802e+03 -3.334019711937630075e-03 -7.383569078201614871e-03
1.818743854078750473e+03 -3.335198727880447477e-03 -7.408896537138304206e-03
1.818775241405277939e+03 -3.335311537024456246e-03 -7.868852961550177119e-03
1.818790938165787793e+03 -3.335006568737812656e-03 -7.979133331339226254e-03
1.818806657277604472e+03 -3.333852202253287465e-03 -8.090237343415972865e-03
1.818822379818886247e+03 -3.332500848518602128e-03 -8.169655439102979297e-03
1.818853861917153836e+03 -3.326528047220766397e-03 -8.362299687551259103e-03
1.818869622679766962e+03 -3.324623166925797478e-03 -8.500163362381607177e-03
1.818885417658765618e+03 -3.320259357190725232e-03 -8.674493742909570801e-03
1.818901210305362611e+03 -3.317490174691078639e-03 -8.875166865191016358e-03
1.818932705070287739e+03 -3.307781743650242169e-03 -9.150142319729503287e-03
1.818948435371896039e+03 -3.303253943842737392e-03 -9.402136836577534851e-03
1.818964150081131720e+03 -3.298091880256259333e-03 -9.599261810662883601e-03
1.818995538153166308e+03 -3.290560479499696992e-03 -9.790114954084033067e-03
1.819011232582376124e+03 -3.285565221407828543e-03 -9.879464990166481053e-03
1.819026923045385274e+03 -3.280152723512153989e-03 -9.927698251412485006e-03
1.819042617822703050e+03 -3.275028526782213043e-03 -9.924332628946310950e-03
1.819074059357353462e+03 -3.262518115293046653e-03 -9.887467882304006375e-03
1.819089792813414078e+03 -3.257462993439702494e-03 -9.842691277136961583e-03
1.819105552118959167e+03 -3.249397479645005360e-03 -9.790500760683619116e-03
1.819121318434398290e+03 -3.243992657437922474e-03 -9.724039497061263970e-03
1.819152914328967199e+03 -3.233248720464341596e-03 -9.553350044893958726e-03
1.819168703150839292e+03 -3.229047231325042535e-03 -9.454089243426611056e-03
1.819184432032257519e+03 -3.225789303271518315e-03 -9.353855636546944824e-03
1.819200129994531380e+03 -3.221052554549969169e-03 -9.241945477142866558e-03
1.819231377732192186e+03 -3.218862904890317476e-03 -9.013234441044886552e-03
1.819247000375689822e+03 -3.217154741997987639e-03 -8.890166079942189714e-03
1.819262647238665068e+03 -3.215330175509492974e-03 -8.771891069451606335e-03
1.819293995282149581e+03 -3.210216510655958169e-03 -8.533775459418808940e-03
1.819309711477463452e+03 -3.210161109513106920e-03 -8.422138879980986537e-03
1.819325472388390835e+03 -3.209510147758666901e-03 -8.314828075877259139e-03
1.819341254674202673e+03 -3.209357613550335026e-03 -8.216159558987331038e-03
1.819372796873953575e+03 -3.216629844467713134e-03 -8.029433371112143503e-03
1.819388506571488506e+03 -3.219087790924357508e-03 -7.942750356811545745e-03
1.819404216789015209e+03 -3.224212649322115778e-03 -7.868289169484487741e-03
1.819435571890284564e+03 -3.236521132132776524e-03 -7.727420026758585400e-03
1.819451228863729511e+03 -3.243552900724796639e-03 -7.650348628398854177e-03
1.819466902215977143e+03 -3.250698276461657602e-03 -7.573793674850731392e-03
1.819482584769623372e+03 -3.257166642029235906e-03 -7.488426088096372495e-03
1.819514000823597598e+03 -3.274091930345085933e-03 -7.295767818693534718e-03
1.819529715265514824e+03 -3.281998466667254265e-03 -7.200855393042158645e-03
1.819545437881656881e+03 -3.289037557895662257e-03 -7.105493104426020834e-03
1.819561179415750075e+03 -3.296967664221723236e-03 -7.015756072028435895e-03
1.819592683392438857e+03 -3.306405844859767323e-03 -6.852879370344499080e-03
1.819608454854668253e+03 -3.312839969371636929e-03 -6.866052855966370792e-03
1.819624243316605543e+03 -3.317454740981610334e-03 -6.797991186211356854e-03
1.819640010826195976e+03 -3.320720896586248482e-03 -6.653971679133636324e-03
1.819671519974733883e+03 -3.328763411279792549e-03 -6.626116661073978148e-03
1.819687256861654760e+03 -3.329310325566531021e-03 -6.692987247799334939e-03
1.819702973967115440e+03 -3.330876457354024420e-03 -6.981918010842867554e-03
1.819734378278968734e+03 -3.333337809561659482e-03 -7.333855596161661071e-03
1.819750076526311659e+03 -3.334735655508727723e-03 -7.483325095909330697e-03
1.819765772709243038e+03 -3.336450825031451496e-03 -7.740585676484160703e-03
1.819781467708307446e+03 -3.337570494265280387e-03 -7.896500305854661783e-03
1.819812896465623453e+03 -3.336750600899660631e-03 -8.116073521780307887e-03
1.819828611749002448e+03 -3.333665087764535635e-03 -8.180027955312500418e-03
1.819844354553687936e+03 -3.331068572932498716e-03 -8.274136843696478644e-03
1.819860112585608704e+03 -3.328784351520293772e-03 -8.397438599528324679e-03
1.819891678367643181e+03 -3.320653490802507810e-03 -8.731109621478327920e-03
1.819907460652971167e+03 -3.316414577358919088e-03 -8.902885155686591362e-03
1.819923208961332648e+03 -3.313118742685504554e-03 -8.989378401278920808e-03
1.819954671453638639e+03 -3.303279314695403094e-03 -9.458154111909837167e-03
1.819970375016906473e+03 -3.299244346375155776e-03 -9.624665123741630787e-03
1.819986067190053518e+03 -3.293911889089928043e-03 -9.709877508030265864e-03
1.820001760310338568e+03 -3.288904584499491388e-03 -9.808338558100518703e-03
1.820033145884280430e+03 -3.280157405665186897e-03 -9.915705748828409355e-03
1.820048851049046107e+03 -3.275537476634901492e-03 -9.912690704549975695e-03
1.820064577147659975e+03 -3.268762230191277641e-03 -9.904087129756142249e-03
1.820080293866609736e+03 -3.263291899460152821e-03 -9.864077477186280682e-03
1.820111801219113886e+03 -3.250266716014281639e-03 -9.764819827061597263e-03
1.820127591016543647e+03 -3.245041324313737915e-03 -9.692356532327162447e-03
1.820143373109748381e+03 -3.238238411983161615e-03 -9.609410391296780221e-03
1.820174952223584341e+03 -3.229556973130480457e-03 -9.419506504213238235e-03
1.820190667707883222e+03 -3.226611051572464070e-03 -9.316765163696956453e-03
1.820206352053557112e+03 -3.222684683387328462e-03 -9.204136572993668053e-03
1.820221970143637009e+03 -3.220965177834987300e-03 -9.093151136838676513e-03
1.820253207680277455e+03 -3.217189866344843160e-03 -8.851589789558376997e-03
1.820268860649820454e+03 -3.214476658103623645e-03 -8.732594369646214452e-03
1.820284531125762896e+03 -3.212205675845510294e-03 -8.613482932329257630e-03
1.820300227302735948e+03 -3.211807527760342056e-03 -8.496532737749208294e-03
1.820331730101323046e+03 -3.211611369615241258e-03 -8.282292533898906114e-03
1.820347524683289748e+03 -3.213601265292756904e-03 -8.185579085712744313e-03
1.820363293588696024e+03 -3.214890984616127542e-03 -8.091924258286394347e-03
1.820394741351941548e+03 -3.223853275025153741e-03 -7.915626961266944775e-03
1.820410431025848766e+03 -3.229595469669076669e-03 -7.848452367650677816e-03
1.820426114155314508e+03 -3.233332515159306492e-03 -7.779746218290798342e-03
1.820441784001679707e+03 -3.241136892141330793e-03 -7.703136776572461035e-03
1.820473120748104520e+03 -3.255125807785696612e-03 -7.548768551086559170e-03
1.820488809233737811e+03 -3.262373584815002250e-03 -7.461013406805725237e-03
1.820504516676970070e+03 -3.268993968995622008e-03 -7.362747401907966324e-03
1.820520229424922491e+03 -3.275366057230378897e-03 -7.267908414737988751e-03
1.820551676460175258e+03 -3.291820984163114708e-03 -7.077530029102272087e-03
1.820567424597192485e+03 -3.298241240292524527e-03 -6.990367992769084757e-03
1.820583169625765322e+03 -3.305358586143494846e-03 -6.902450877618281945e-03
1.820614710834538755e+03 -3.315817304269661966e-03 -6.867400105760171521e-03
1.820630500404128270e+03 -3.321053336425741891e-03 -6.747687207074352933e-03
1.820646271727169051e+03 -3.325067457179952876e-03 -6.633649222573805883e-03
1.820662017682771875e+03 -3.328410514016670336e-03 -6.614248126038621903e-03
1.820693491745137408e+03 -3.332663580085155723e-03 -6.739422023515865591e-03
1.820709208746641934e+03 -3.335328902667820082e-03 -7.143451245527872653e-03
1.820724911620795865e+03 -3.336596168990028401e-03 -7.465173735741837541e-03
1.820740605058042092e+03 -3.337912684061958724e-03 -7.326660899233005363e-03
1.820771994677503244e+03 -3.338225216537003392e-03 -7.798716223710025139e-03
1.820787690834585419e+03 -3.338275222709802346e-03 -7.912499906221783300e-03
1.820803405364132459e+03 -3.338117051053905281e-03 -8.041763748792658470e-03
1.820834854169112987e+03 -3.335905467103904721e-03 -8.194240398175640233e-03
1.820850603463716880e+03 -3.334045212835628352e-03 -8.307123270715723734e-03
1.820866361574068605e+03 -3.329068629314283542e-03 -8.433498180620519619e-03
1.820882155789405260e+03 -3.326294847901395835e-03 -8.587676280237765969e-03
1.820913704607749651e+03 -3.317893020124193255e-03 -8.910426267563147790e-03
1.820929450716676229e+03 -3.312826580456626393e-03 -9.034843348626964837e-03
1.820945186579550864e+03 -3.309336517415082096e-03 -9.288348757741420048e-03
1.820960903270345398e+03 -3.305725972451328907e-03 -9.507810631957134412e-03
1.820992294857678644e+03 -3.296062185278351899e-03 -9.723809822305523945e-03
1.821007985014987298e+03 -3.290929691491344383e-03 -9.824032494070881333e-03
1.821023675055959757e+03 -3.285680746728334573e-03 -9.888309058185143843e-03
1.821055084368435701e+03 -3.274919992720603905e-03 -9.901743996116102106e-03
1.821070810779381645e+03 -3.269543612266067462e-03 -9.881285316962577780e-03
1.821086537090698812e+03 -3.264268429862139664e-03 -9.841278022462825181e-03
1.821102291416955268e+03 -3.256861964967105137e-03 -9.795511255029407116e-03
1.821133849571993778e+03 -3.244167872986757593e-03 -9.659234114152894651e-03
1.821149647485769492e+03 -3.240145961275188620e-03 -9.576754196923923171e-03
1.821165439815017407e+03 -3.234290890395296030e-03 -9.482299788149118475e-03
1.821181189654717400e+03 -3.230347293323515816e-03 -9.385350607293261455e-03
1.821212559650572985e+03 -3.224938198672286632e-03 -9.167131293977408626e-03
1.821228167059830412e+03 -3.223611052433168842e-03 -9.052808659734644381e-03
1.821243783112330448e+03 -3.221949093906425164e-03 -8.930787439250508289e-03
1.821275078123182539e+03 -3.217163262416853752e-03 -8.691062570655928160e-03
1.821290754202967264e+03 -3.214816709416466224e-03 -8.573162379794621590e-03
1.821306462260977469e+03 -3.212671903150973989e-03 -8.459772859983206994e-03
1.821322216183678165e+03 -3.211531037553679024e-03 -8.350760981853317874e-03
1.821353793530439134e+03 -3.216211796259486368e-03 -8.154525242212693620e-03
1.821369541441865522e+03 -3.219165760597862865e-03 -8.061363196087030503e-03
1.821385265331052324e+03 -3.221799884625788004e-03 -7.973850420229147695e-03
1.821400975703779523e+03 -3.227115406429924890e-03 -7.890451800529739435e-03
1.821432332037637934e+03 -3.237257316165577554e-03 -7.755290404365957138e-03
1.821447991348808955e+03 -3.244879382186225368e-03 -7.678470391458589242e-03
1.821463662130472130e+03 -3.250945947272576228e-03 -7.602703059878763991e-03
1.821495038004212120e+03 -3.267589516346370172e-03 -7.429431630538391694e-03
1.821510750611485264e+03 -3.274379349909373616e-03 -7.332472191599131994e-03
1.821526462008189128e+03 -3.282062476770175510e-03 -7.237799232542059882e-03
1.821542179287716181e+03 -3.289892951899578682e-03 -7.143074844008385008e-03
1.821573665056153004e+03 -3.302713333420826194e-03 -6.964248185084806128e-03
1.821589420731867222e+03 -3.309763247831617929e-03 -6.877370077638001768e-03
1.821605194415777305e+03 -3.313815668558634572e-03 -6.854166192386904229e-03
1.821620974141267197e+03 -3.320403269513827037e-03 -6.849304795161712152e-03
1.821652523916785640e+03 -3.328148944162794779e-03 -6.621249730798089636e-03
1.821668264149573133e+03 -3.330386059280147047e-03 -6.614829655887416449e-03
1.821684000570729722e+03 -3.333556114252601843e-03 -6.651503979474742215e-03
1.821715435532535139e+03 -3.336441759110027327e-03 -7.312574758027159776e-03
1.821731132232011078e+03 -3.338698348068977906e-03 -7.401365110652469853e-03
1.821746829986931061e+03 -3.341396419890155581e-03 -7.359370411288212316e-03
1.821762526469013437e+03 -3.342711091071485369e-03 -7.631223209638395531e-03
1.821793921342782369e+03 -3.342260197146203118e-03 -7.946555905706418829e-03
1.821809642660272857e+03 -3.342643401408003367e-03 -8.073622832572522126e-03
1.821825361216168176e+03 -3.339029575188346474e-03 -8.142003849664710205e-03
1.821841095668401294e+03 -3.337786673859640969e-03 -8.217629606440787077e-03
1.821872621542539036e+03 -3.331533465272485707e-03 -8.468563423778103019e-03
1.821888413706059055e+03 -3.326863755420350188e-03 -8.638743732027782951e-03
1.821904203177431100e+03 -3.322686908594730745e-03 -8.833980138358062811e-03
1.821935693814848719e+03 -3.315302077044420329e-03 -9.098296759297576711e-03
1.821951418394932261e+03 -3.310477157857141025e-03 -9.350937533905914409e-03
1.821967128210890451e+03 -3.305332151758213436e-03 -9.544989826116779402e-03
1.821982821587929266e+03 -3.300675452598546625e-03 -9.645422647025657728e-03
1.822014207997668109e+03 -3.293198740507308035e-03 -9.837780805346153443e-03
1.822029900921474109e+03 -3.288402290718011895e-03 -9.884369338316411832e-03
1.822045602305241346e+03 -3.282443617513821667e-03 -9.887307768969297653e-03
1.822061322255785626e+03 -3.278396866463557414e-03 -9.890249635755238647e-03
1.822092782551006621e+03 -3.264257009606650987e-03 -9.821728488200079377e-03
1.822108541932465187e+03 -3.258189267340303417e-03 -9.774294665525318226e-03
1.822124320504280604e+03 -3.251231223915593358e-03 -9.710527012269048672e-03
1.822140107467121879e+03 -3.244697426480517947e-03 -9.630549393261651075e-03
1.822171696224836296e+03 -3.237889295999977438e-03 -9.449664149329224314e-03
1.822187426302456743e+03 -3.232486022314427342e-03 -9.351431443474137947e-03
1.822203122059890120e+03 -3.227985072903366125e-03 -9.240304957233528085e-03
1.822234361675141827e+03 -3.224691505657039693e-03 -9.015137502979175127e-03
1.822249986677765719e+03 -3.223619547489654791e-03 -8.891921954734148190e-03
1.822265633781863926e+03 -3.220880603829990099e-03 -8.773453202845777135e-03
1.822281296855102482e+03 -3.219255153275962528e-03 -8.653891754496796998e-03
1.822312706622422866e+03 -3.217610403922300643e-03 -8.425172939410903103e-03
1.822328469631415146e+03 -3.216100250667763404e-03 -8.318659327553389743e-03
1.822344258087258140e+03 -3.216017568236727471e-03 -8.220678867427833048e-03
1.822360043472358711e+03 -3.219042319451134032e-03 -8.125957928826556959e-03
1.822391493268096838e+03 -3.225482768929298274e-03 -7.946211926213492954e-03
1.822407193884873777e+03 -3.230510859799015210e-03 -7.870257964924701199e-03
1.822422870879392804e+03 -3.236578350617726630e-03 -7.805030412021759720e-03
1.822454204618988570e+03 -3.247636577995644761e-03 -7.656542391632856909e-03
1.822469875953793689e+03 -3.256365014521344411e-03 -7.579844031707333452e-03
1.822485560297770689e+03 -3.263147471382181215e-03 -7.496097603844027041e-03
1.822501264904394475e+03 -3.269437181910415154e-03 -7.401098408885167096e-03
1.822532692571843654e+03 -3.286233332363373751e-03 -7.211835609452124825e-03
1.822548419337280620e+03 -3.295137348746101508e-03 -7.115435037773841162e-03
1.822564168054746915e+03 -3.300976335168430940e-03 -7.025728021420264181e-03
1.822595677817252636e+03 -3.313240039638050503e-03 -6.860945680714475477e-03
1.822611449635875488e+03 -3.319420714953529115e-03 -6.866180281253855648e-03
1.822627239912222649e+03 -3.325145420706468631e-03 -6.814772956172132114e-03
1.822643005797338219e+03 -3.328466451382332530e-03 -6.664809047081887705e-03
1.822674506098733445e+03 -3.334400210805898296e-03 -6.620762621070773457e-03
1.822690240405986970e+03 -3.337613328340812563e-03 -6.677010754660079803e-03
1.822705957180116457e+03 -3.338125354411359148e-03 -6.913521607496842490e-03
1.822721660249130991e+03 -3.340565995885137578e-03 -7.431249106501738866e-03
1.822753052247411006e+03 -3.342536935617692381e-03 -7.423152758457451060e-03
1.822768748028616756e+03 -3.343073803880586455e-03 -7.701363911735396514e-03
1.822784444020887804e+03 -3.344210462225652956e-03 -7.863953598742812190e-03
1.822800153133901858e+03 -3.345355797777097798e-03 -7.987689359604704595e-03
1.822831595994269264e+03 -3.342043120325749635e-03 -8.156478686067071202e-03
1.822847344422047627e+03 -3.340124490687585487e-03 -8.251044740677495812e-03
1.822863101573437689e+03 -3.335940824774667312e-03 -8.372896757881286706e-03
1.822894676229706192e+03 -3.329672631107689646e-03 -8.698445696175262365e-03
1.822910447075079219e+03 -3.326061757103355217e-03 -8.853487620116165177e-03
1.822926195307977650e+03 -3.320046374552914834e-03 -8.940646382694879268e-03
1.822941934240865294e+03 -3.317291320817129796e-03 -9.171040285571882208e-03
1.822973353503064118e+03 -3.308000028474812528e-03 -9.566604395245452072e-03
1.822989044191682069e+03 -3.303252444112027546e-03 -9.657464106838159132e-03
1.823004736469854151e+03 -3.297816309433328642e-03 -9.764931580522336063e-03
1.823020427709737532e+03 -3.292481596526051525e-03 -9.844887751203391241e-03
1.823051831707886549e+03 -3.283435749401790969e-03 -9.879791704858555818e-03
1.823067557934161641e+03 -3.276602704660486198e-03 -9.873389113707643772e-03
1.823083281241934856e+03 -3.271638541319711168e-03 -9.840209082482532024e-03
1.823114790546610948e+03 -3.257894593006877004e-03 -9.750327254331798282e-03
1.823130585507211890e+03 -3.252514101860614314e-03 -9.680781897039685002e-03
1.823146374445053880e+03 -3.246610907190293407e-03 -9.602114850352031980e-03
1.823162172958758674e+03 -3.242411862550771857e-03 -9.513477693840186045e-03
1.823193661115438772e+03 -3.234861654665752064e-03 -9.315998960012106950e-03
1.823209340196021913e+03 -3.231168155198643841e-03 -9.205190411776880202e-03
1.823224957567343381e+03 -3.229050407666786849e-03 -9.096474613670198217e-03
1.823240564406825797e+03 -3.227928363125934837e-03 -8.975762100624052470e-03
1.823271846584470495e+03 -3.222709919183044166e-03 -8.734623266764839772e-03
1.823287516745642279e+03 -3.220074100835325619e-03 -8.616134986704524629e-03
1.823303215512776205e+03 -3.217604619761405601e-03 -8.500786569138458343e-03
1.823334732305967464e+03 -3.218983416157731019e-03 -8.287564445430991439e-03
1.823350529506308021e+03 -3.221004959405838596e-03 -8.191073553455937434e-03
1.823366287963054674e+03 -3.221808134003828917e-03 -8.097516117890612986e-03
1.823382026165677189e+03 -3.226583856981791835e-03 -8.009275196393378718e-03
1.823413406272117072e+03 -3.233707804125584423e-03 -7.849914841012207295e-03
1.823429091554501611e+03 -3.238872068146571564e-03 -7.783872373208240193e-03
1.823444755502595626e+03 -3.245936758124313808e-03 -7.709778883663017356e-03
1.823460420420333094e+03 -3.253987732551226128e-03 -7.633730174419648025e-03
1.823491789204144425e+03 -3.267736450992335742e-03 -7.468379302546941309e-03
1.823507495293052443e+03 -3.275092511843858811e-03 -7.372245803036515249e-03
1.823523206986968944e+03 -3.282497360811402996e-03 -7.278095695967771311e-03
1.823554660697361214e+03 -3.297525032783701036e-03 -7.088551718252164568e-03
1.823570410400057199e+03 -3.305241915360653589e-03 -7.001068545601043559e-03
1.823586159955056701e+03 -3.312758678264969645e-03 -6.914737918954175569e-03
1.823601930731326092e+03 -3.318116319567016807e-03 -6.853444759354487478e-03
1.823633491012844161e+03 -3.327741834900648996e-03 -6.767678528873600358e-03
1.823649266447411264e+03 -3.332809710674569052e-03 -6.640959122650609385e-03
1.823665004106523838e+03 -3.334050714629954032e-03 -6.613797141903333954e-03
1.823680745846539594e+03 -3.337453941670529087e-03 -6.630184354125790228e-03
1.823712187146074939e+03 -3.342285171377052701e-03 -7.059153109912243672e-03
1.823727885569657246e+03 -3.345297733416230639e-03 -7.461666355402562026e-03
1.823743584651782157e+03 -3.346640813456220904e-03 -7.310591198904518688e-03
1.823774972292205575e+03 -3.347436081566455487e-03 -7.750344697833396260e-03
1.823790669439420299e+03 -3.347378406753972763e-03 -7.906654095329522861e-03
1.823806388470929733e+03 -3.346499295753728540e-03 -8.020770445877407895e-03
1.823822111624800982e+03 -3.345580925730934092e-03 -8.116744791872798626e-03
1.823853593006490655e+03 -3.340222568034503445e-03 -8.286705982805725804e-03
1.823869353730150578e+03 -3.338361709847847796e-03 -8.405546791361231604e-03
1.823885148582720149e+03 -3.334281228845161274e-03 -8.555269525434453654e-03
1.823900941377999288e+03 -3.331775253746544103e-03 -8.752996453394851911e-03
1.823932436575645170e+03 -3.322182670910929590e-03 -8.989822524485100927e-03
1.823948167082804957e+03 -3.317844931449686827e-03 -9.240490477032492142e-03
1.823963881589531411e+03 -3.312891607538106294e-03 -9.455347777678745416e-03
1.823995269459098154e+03 -3.305506077432946929e-03 -9.677183209452188892e-03
1.824010964045806759e+03 -3.300462382148441030e-03 -9.784254963366968705e-03
1.824026654074121780e+03 -3.295198794011676771e-03 -9.846657003082357265e-03
1.824042348849207428e+03 -3.290137928010506817e-03 -9.860417216543208505e-03
1.824073791015733150e+03 -3.277815218981272247e-03 -9.854744899959353918e-03
1.824089524061837665e+03 -3.272817429953221377e-03 -9.822465456466302966e-03
1.824105283694044147e+03 -3.264593670464058500e-03 -9.781900756603952724e-03
1.824121047793206117e+03 -3.259163610744598809e-03 -9.727676762108663708e-03
1.824152645901371443e+03 -3.247085937097697432e-03 -9.573915285698191349e-03
1.824168435138834184e+03 -3.242383758854050935e-03 -9.481506901698017256e-03
1.824184179096059097e+03 -3.239170011132778710e-03 -9.387094553310302431e-03
1.824215544931859540e+03 -3.232205116816961633e-03 -9.171969891818053736e-03
1.824231152273493535e+03 -3.231454123335628092e-03 -9.058870258921221386e-03
1.824246769157612334e+03 -3.230171895133431784e-03 -8.935148311800655135e-03
1.824262407236037461e+03 -3.228363457682076852e-03 -8.816704844348165898e-03
1.824293742626130779e+03 -3.222322582339848772e-03 -8.579166447413629631e-03
1.824309452750352875e+03 -3.221444109841597580e-03 -8.466255822656832200e-03
1.824325210385886294e+03 -3.220216046951180494e-03 -8.357794977824472421e-03
1.824340993659483047e+03 -3.219536342822258701e-03 -8.258183453091438170e-03
1.824372541042506100e+03 -3.225613645367513341e-03 -8.070400718742229071e-03
1.824388250308652459e+03 -3.227565223655898437e-03 -7.981086056030952530e-03
1.824403955843200038e+03 -3.232384955480088751e-03 -7.896586784433206468e-03
1.824435307273798571e+03 -3.243464659898499282e-03 -7.762501520344380207e-03
1.824450962613519323e+03 -3.250369430913248574e-03 -7.687634223468874962e-03
1.824466633290796153e+03 -3.257000258059254000e-03 -7.611797961858435789e-03
1.824482313551515745e+03 -3.263922682887948710e-03 -7.530380076625511204e-03
1.824513724955155567e+03 -3.280955343705421225e-03 -7.344417399590159358e-03
1.824529440493222410e+03 -3.289335592606588803e-03 -7.250742914755636814e-03
1.824545163134493123e+03 -3.296603823645329404e-03 -7.155676451040420862e-03
1.824560905877458254e+03 -3.305201760908414201e-03 -7.063476770168896496e-03
1.824592413332323758e+03 -3.315533876823437923e-03 -6.891738880935967086e-03
1.824608186552791949e+03 -3.322429098615758362e-03 -6.856570070878874150e-03
1.824623975679793602e+03 -3.327662413755298580e-03 -6.861899616141742091e-03
1.824655509868549188e+03 -3.334494786827366629e-03 -6.627759013676182143e-03
1.824671249069360556e+03 -3.340308480699850750e-03 -6.613981530684594906e-03
1.824686984792477688e+03 -3.341246410810403463e-03 -6.645147612041009573e-03
1.824702701894181246e+03 -3.343194909072924863e-03 -6.775087962570074812e-03
1.824734106478668991e+03 -3.346089030154611021e-03 -7.417186992243527885e-03
1.824749805074091910e+03 -3.347917018316117453e-03 -7.328343524473386779e-03
1.824765501590104805e+03 -3.350091546865865012e-03 -7.582048770341082676e-03
1.824781196796582208e+03 -3.351355898576312189e-03 -7.804623100461129115e-03
1.824812625428217871e+03 -3.351307429066636805e-03 -8.052205851393835420e-03
1.824828341261697460e+03 -3.348199251427627903e-03 -8.132000628212010529e-03
1.824844083600872182e+03 -3.345930791858160204e-03 -8.202611739887316622e-03
1.824875623047834097e+03 -3.340708444726274862e-03 -8.443967328767485597e-03
1.824891406894348620e+03 -3.336015276656338364e-03 -8.612579237329368378e-03
1.824907190015838751e+03 -3.331840830164161781e-03 -8.790103531168021525e-03
1.824922938219048774e+03 -3.328971172534524875e-03 -8.862361287898218309e-03
1.824954400372522741e+03 -3.319233554797703430e-03 -9.305243884465659934e-03
1.824970104082879743e+03 -3.315248880191095596e-03 -9.492018085919276538e-03
1.824985796061960173e+03 -3.310003763680080275e-03 -9.592968389781745403e-03
1.825001489332677238e+03 -3.305175701100349691e-03 -9.703547937757975306e-03
1.825032875115831757e+03 -3.296705849674466237e-03 -9.842107682861046467e-03
1.825048580031904976e+03 -3.291984027860999067e-03 -9.855114328139001970e-03
1.825064306080480947e+03 -3.285470364360255045e-03 -9.861877718978534491e-03
1.825080023134989005e+03 -3.279810141879002661e-03 -9.836990655805991426e-03
1.825111531182689077e+03 -3.266794153085674727e-03 -9.761898146235436710e-03
1.825127318591102949e+03 -3.261256129124057504e-03 -9.701453449837978138e-03
1.825143104092511749e+03 -3.253884163564258348e-03 -9.625472690484955171e-03
1.825174686260328372e+03 -3.244492623394484767e-03 -9.450010186812228888e-03
1.825190419392841022e+03 -3.240975662608520675e-03 -9.353574991246879633e-03
1.825206116168218841e+03 -3.236594565528658381e-03 -9.244065751484191809e-03
1.825221742741916842e+03 -3.234713760436435780e-03 -9.137952667801709297e-03
1.825252971587068032e+03 -3.231272464147126426e-03 -8.897818460201614710e-03
1.825268617330633560e+03 -3.228194463351174472e-03 -8.778183858872192283e-03
1.825284281926497442e+03 -3.225432138806221590e-03 -8.659731112359882188e-03
1.825315698738078254e+03 -3.225248275379893805e-03 -8.431410355121612965e-03
1.825331465811268345e+03 -3.223177173445557209e-03 -8.325910060675172086e-03
1.825347260578261739e+03 -3.224220707207734946e-03 -8.228372677200583227e-03
1.825363034334116492e+03 -3.225037320382555597e-03 -8.134007017120048824e-03
1.825394480498773191e+03 -3.232832698165499091e-03 -7.952364916149076701e-03
1.825410166946471463e+03 -3.238225771813143736e-03 -7.874723815942881108e-03
1.825425847076330683e+03 -3.241495331592510014e-03 -7.809254302538141956e-03
1.825441516685339138e+03 -3.248932389651894900e-03 -7.740426395166268535e-03
1.825472847628676845e+03 -3.262528904840085453e-03 -7.588567222140433707e-03
1.825488533631740438e+03 -3.269765834810703636e-03 -7.505987000307222552e-03
1.825504238290292278e+03 -3.276660649952896440e-03 -7.411731315447272865e-03
1.825535667725567237e+03 -3.291459584318752723e-03 -7.224993139618778211e-03
1.825551399196084731e+03 -3.300502155900947830e-03 -7.128377946721510192e-03
1.825567148854197058e+03 -3.307281573201816330e-03 -7.038687798027729037e-03
1.825582895285710492e+03 -3.314838249913210425e-03 -6.954111563123405344e-03
1.825614440361609240e+03 -3.326343414153873791e-03 -6.864202335553139765e-03
1.825630229723675029e+03 -3.332145693441404023e-03 -6.833150803841343823e-03
1.825645998981629191e+03 -3.336648179763286506e-03 -6.680742116996571216e-03
1.825661744212845633e+03 -3.340603422790144623e-03 -6.618801100829858897e-03
1.825693217179224803e+03 -3.345434652347643346e-03 -6.667592217533297762e-03
1.825708934454782820e+03 -3.348210306869344073e-03 -6.862227149478124580e-03
1.825724636691485784e+03 -3.349725446460755963e-03 -7.363356628527279422e-03
1.825740330199646905e+03 -3.351431105999240836e-03 -7.353590013811337617e-03
1.825771720656948446e+03 -3.352323738866178678e-03 -7.649655616900691117e-03
1.825787417128984998e+03 -3.352688632493536214e-03 -7.850372985526413508e-03
1.825803131479946387e+03 -3.352932003111363472e-03 -7.971020219145554669e-03
1.825834580490297185e+03 -3.351122511107726670e-03 -8.142067041886589043e-03
1.825850329741396308e+03 -3.349717727798789003e-03 -8.234791250174580690e-03
1.825866087623545127e+03 -3.344713875079716181e-03 -8.350496460506662971e-03
1.825881881627654593e+03 -3.342249755713437836e-03 -8.481984774641371586e-03
1.825913430716820812e+03 -3.334205445324759948e-03 -8.797273223628374050e-03
1.825929177038922035e+03 -3.329098152935485409e-03 -8.895833428718942851e-03
1.825944913033674993e+03 -3.325828608220619126e-03 -9.134507812957813958e-03
1.825960629384846470e+03 -3.322363086830493369e-03 -9.360439787363205796e-03
1.825992020331238336e+03 -3.312764771414360068e-03 -9.613466895255672745e-03
1.826007710696856066e+03 -3.307709575173465970e-03 -9.730266835759348448e-03
1.826023400989089396e+03 -3.302470173438759940e-03 -9.808285198594330137e-03
1.826054810035004948e+03 -3.291894607911606107e-03 -9.852888245646472531e-03
1.826070537022180133e+03 -3.286553037086972166e-03 -9.849362919866183619e-03
1.826086263455958715e+03 -3.281292682441670772e-03 -9.822947054347708901e-03
1.826102017740896827e+03 -3.274224584312038916e-03 -9.789561664924010392e-03
1.826133574803383226e+03 -3.260675577246479554e-03 -9.675869540138024721e-03
1.826149374779029586e+03 -3.255840525246547941e-03 -9.600753724869100572e-03
1.826165163007076899e+03 -3.249759959472436465e-03 -9.514010085321392141e-03
1.826180925970390945e+03 -3.245132118751460886e-03 -9.422624782380576228e-03
1.826212326584080756e+03 -3.239426284310548305e-03 -9.212411791186099486e-03
1.826227939258964398e+03 -3.237475264722569027e-03 -9.102692333281979173e-03
1.826243551475630511e+03 -3.236147180970331150e-03 -8.981057559531080078e-03
1.826274829572528915e+03 -3.231096655436999088e-03 -8.740187945998900698e-03
1.826290499145389049e+03 -3.228480594329629933e-03 -8.623067832666852020e-03
1.826306199766865802e+03 -3.225770974871360920e-03 -8.508859270202449518e-03
1.826321947764450897e+03 -3.223791075230949665e-03 -8.398479026813645415e-03
1.826353527119747014e+03 -3.227243705684593959e-03 -8.200420130296240742e-03
1.826369277313228395e+03 -3.229377553118453672e-03 -8.106661551286207038e-03
1.826385003996664864e+03 -3.231616987499355814e-03 -8.018005771435484860e-03
1.826400710823140798e+03 -3.236372066398143441e-03 -7.926876036993579441e-03
1.826432060977508399e+03 -3.245360986142654600e-03 -7.790065736190368746e-03
1.826447719026597952e+03 -3.252625175364907365e-03 -7.719656098700946809e-03
1.826463385989726930e+03 -3.258461790719627618e-03 -7.643835890661794183e-03
1.826494756691423390e+03 -3.275557395612714584e-03 -7.479182113172506106e-03
1.826510467165804357e+03 -3.281985367435810794e-03 -7.385041919671236910e-03
1.826526178688103073e+03 -3.289980087946571107e-03 -7.291518413934668097e-03
1.826541896880828745e+03 -3.298179695865020161e-03 -7.198464465004383861e-03
1.826573385762514363e+03 -3.312100325884562938e-03 -7.016006983294823147e-03
1.826589142854144711e+03 -3.319706858126786602e-03 -6.931474564752432288e-03
1.826604917905279308e+03 -3.324142667131700125e-03 -6.860714435895481564e-03
1.826620699250318239e+03 -3.331353893136646677e-03 -6.871815939986791397e-03
1.826652246674763319e+03 -3.340289505328244285e-03 -6.653856121399460456e-03
1.826667985304546391e+03 -3.342535007394718729e-03 -6.614295925749072956e-03
1.826683721530184130e+03 -3.346217001178554071e-03 -6.625450672950962058e-03
1.826715156604828280e+03 -3.349691404122702876e-03 -6.980858549149475401e-03
1.826730853197545684e+03 -3.352416439841094959e-03 -7.430461709421033387e-03
1.826746551107358073e+03 -3.355342209526760832e-03 -7.316140074467626132e-03
1.826762248274870672e+03 -3.356849070609520692e-03 -7.450495060028474933e-03
1.826793642732364333e+03 -3.356944914280580224e-03 -7.874863645510824656e-03
1.826809364333955727e+03 -3.357430893833368655e-03 -8.010742039098548567e-03
1.826825083463482997e+03 -3.354218892213409447e-03 -8.097454988746539961e-03
1.826840817485004663e+03 -3.353324113940549245e-03 -8.152706190298267611e-03
1.826872342399979516e+03 -3.347433924272965808e-03 -8.377681485310638568e-03
1.826888135005453933e+03 -3.342907640152565935e-03 -8.523675543429672444e-03
1.826903924831033237e+03 -3.339031208127726108e-03 -8.712571918692901818e-03
1.826935415454391205e+03 -3.331741653607417798e-03 -8.953305040993266017e-03
1.826951140192564935e+03 -3.327040063842357474e-03 -9.199769512018190001e-03
1.826966850032276852e+03 -3.321924062586714427e-03 -9.405905059949010161e-03
1.826982543218801766e+03 -3.317470065685950049e-03 -9.528865017828659634e-03
1.827013929677283841e+03 -3.310178404616135727e-03 -9.750060588278873161e-03
1.827029623109648355e+03 -3.305331314695348667e-03 -9.809260039560127944e-03
1.827045323440511311e+03 -3.299463110591219217e-03 -9.829920288014814059e-03
1.827061043568724926e+03 -3.295501612432049678e-03 -9.847836889684016132e-03
1.827092504212082076e+03 -3.281442146716539825e-03 -9.808487762619600564e-03
1.827108264220893716e+03 -3.275215624976017710e-03 -9.773264083658748588e-03
1.827124040173991489e+03 -3.268099535177819599e-03 -9.721889220742453014e-03
1.827155632982228099e+03 -3.254380051733936439e-03 -9.573073680899015642e-03
1.827171416886963243e+03 -3.252923397423070160e-03 -9.484025700350657770e-03
1.827187163799017753e+03 -3.247590161827640549e-03 -9.391317874788196463e-03
1.827202876849484710e+03 -3.242976422373979820e-03 -9.283744110744836936e-03
1.827234130944340450e+03 -3.238614120212565933e-03 -9.065689303267433774e-03
1.827249748274785361e+03 -3.237974548712109404e-03 -8.942327134871410829e-03
1.827265386019217885e+03 -3.235608586448805377e-03 -8.822987999442422069e-03
1.827281042051990653e+03 -3.233425285654660791e-03 -8.703673577574407016e-03
1.827312436250022301e+03 -3.230339234516058956e-03 -8.474084211861273100e-03
1.827328195570697517e+03 -3.228082666474034121e-03 -8.366216516211591805e-03
1.827343983779257769e+03 -3.227107725675076779e-03 -8.267217208749694929e-03
1.827375526203968775e+03 -3.232269444008715065e-03 -8.080964894033024204e-03
1.827391224479608127e+03 -3.234817035027748571e-03 -7.989181666039953805e-03
1.827406921967508197e+03 -3.239406367811166736e-03 -7.903211658935257317e-03
1.827422593789437315e+03 -3.245112193520693043e-03 -7.833277747462770099e-03
1.827453922909687208e+03 -3.255318171548350712e-03 -7.697493594206486663e-03
1.827469591265490862e+03 -3.263869070514751995e-03 -7.621139239985808868e-03
1.827485272535654303e+03 -3.270924277973395744e-03 -7.541949816680088188e-03
1.827500974088504108e+03 -3.277361749690043020e-03 -7.451579246261746947e-03
1.827532402102299102e+03 -3.294971707161982455e-03 -7.266711589567167139e-03
1.827548129362027339e+03 -3.303846633691099634e-03 -7.170749044047369618e-03
1.827563878915583700e+03 -3.310358249916291445e-03 -7.078795898816067286e-03
1.827595393073712330e+03 -3.323411132867390774e-03 -6.908193581247285518e-03
1.827611166528306285e+03 -3.330323762923523452e-03 -6.855575819761487028e-03
1.827626957290827022e+03 -3.336412047057624695e-03 -6.867733441815880753e-03
1.827642721397346122e+03 -3.340258196891182640e-03 -6.748796815204563190e-03
1.827674219977846633e+03 -3.347243652579900020e-03 -6.612011970077051777e-03
1.827689954119777667e+03 -3.350457427068254286e-03 -6.639692354441942800e-03
1.827705670099189319e+03 -3.351272126433369174e-03 -6.749747590085622244e-03
1.827721373559959375e+03 -3.353991818257343136e-03 -7.128016479563942416e-03
1.827752766013753899e+03 -3.356573293652314119e-03 -7.312777518153284508e-03
1.827768462213678049e+03 -3.357488876906066476e-03 -7.531352634898057577e-03
1.827784158364703217e+03 -3.358979179562784998e-03 -7.764339350623047399e-03
1.827815593398549936e+03 -3.357878136666915102e-03 -8.045993124984324521e-03
1.827831310093784623e+03 -3.357482151581243392e-03 -8.104904656620517955e-03
1.827847058460408107e+03 -3.355618238342955063e-03 -8.175199609033168696e-03
1.827862815678061679e+03 -3.351889926635462629e-03 -8.291405129741660079e-03
1.827894389287784406e+03 -3.345780200612125891e-03 -8.576420895198560643e-03
1.827910161358172445e+03 -3.342335033278227927e-03 -8.739930565902364820e-03
1.827925909627196006e+03 -3.336520056638984672e-03 -8.814004429560689385e-03
1.827941648609117465e+03 -3.333848272031912120e-03 -9.024820752224755813e-03
1.827973067292726455e+03 -3.324675143960367091e-03 -9.443190639811692086e-03
1.827988757974598002e+03 -3.319956987729466569e-03 -9.551443629423748971e-03
1.828004450419323121e+03 -3.314609980824720966e-03 -9.669615292947415786e-03
1.828020141882220514e+03 -3.309355904154630875e-03 -9.765418359195513279e-03
1.828051545459103181e+03 -3.300563304774411285e-03 -9.830236532582279502e-03
1.828067271896478132e+03 -3.293605758260426467e-03 -9.840542210564712233e-03
1.828082995052105389e+03 -3.288748915945744790e-03 -9.821767896448735033e-03
1.828114505592046271e+03 -3.274822588289919966e-03 -9.755312620020125877e-03
1.828130299269933630e+03 -3.269584854687865045e-03 -9.697441287249718156e-03
1.828146091312240515e+03 -3.263195547212238614e-03 -9.625354152108252237e-03
1.828161881470467506e+03 -3.258053026722022936e-03 -9.544464454544907689e-03
1.828193396754398009e+03 -3.249479614325461157e-03 -9.358024604514226380e-03
1.828209095252110046e+03 -3.245954395662629076e-03 -9.250070115551315905e-03
1.828224720314472506e+03 -3.242910177610277070e-03 -9.145989019561748257e-03
1.828240324386572865e+03 -3.241926288862753604e-03 -9.027143986872380316e-03
1.828271588965860929e+03 -3.236518907470129283e-03 -8.784946181071777438e-03
1.828287250809032230e+03 -3.233448298027384767e-03 -8.667680422386941919e-03
1.828302941467820119e+03 -3.231041508748178602e-03 -8.551880327713198143e-03
1.828334447677249273e+03 -3.230521474212699577e-03 -8.336085965913741375e-03
1.828350245045990960e+03 -3.231700196680306267e-03 -8.238892865684828773e-03
1.828366006531912035e+03 -3.231660090439119649e-03 -8.144704377974499795e-03
1.828381748995496537e+03 -3.236237679687146724e-03 -8.055693424042581485e-03
1.828413122258755493e+03 -3.242272570566143847e-03 -7.881097884800684211e-03
1.828428803325340368e+03 -3.246747928520223730e-03 -7.814592311688245072e-03
1.828444466115429123e+03 -3.253636162127217322e-03 -7.750454874766593734e-03
1.828460126554203498e+03 -3.261498047833331741e-03 -7.676665314913049681e-03
1.828491487747739257e+03 -3.275380452025197699e-03 -7.518256857766481178e-03
1.828507191633753109e+03 -3.282894930979070921e-03 -7.426064722649377420e-03
1.828522903736413355e+03 -3.290256745172667145e-03 -7.333773433306851365e-03
1.828554358852797350e+03 -3.305831120400464732e-03 -7.146181968753989068e-03
1.828570111078562377e+03 -3.314175958746937677e-03 -7.056025051595238989e-03
1.828585863076421674e+03 -3.322357718237179108e-03 -6.972209504838230293e-03
1.828601635053042401e+03 -3.328541555251491452e-03 -6.887331570848730274e-03
1.828633196330081546e+03 -3.339025675913309503e-03 -6.851488082021549471e-03
1.828648970232571855e+03 -3.344518031947430695e-03 -6.708894107539888421e-03
1.828664706681528287e+03 -3.346453380938844372e-03 -6.620937510678077433e-03
1.828680448116522939e+03 -3.349998477921180794e-03 -6.613991084205645549e-03
1.828711889194768901e+03 -3.355639192579488051e-03 -6.818073309561916047e-03
1.828727587788990377e+03 -3.358809802766566689e-03 -7.272926570326226220e-03
1.828743286897171174e+03 -3.360301078498258674e-03 -7.379796572427464903e-03
1.828774674790387280e+03 -3.361716713084806317e-03 -7.608605360923849023e-03
1.828790372104948119e+03 -3.361815901011154777e-03 -7.809039997950004142e-03
1.828806090952406976e+03 -3.361233736914449963e-03 -7.959682382295519068e-03
1.828821814700059122e+03 -3.360693787708544326e-03 -8.064614499403561371e-03
1.828853295172463049e+03 -3.355894787879737037e-03 -8.200081422748056736e-03
1.828869055772613365e+03 -3.353973401217643854e-03 -8.314131305427917978e-03
1.828884850573265112e+03 -3.350155495936453422e-03 -8.440688366712965560e-03
1.828900643656498232e+03 -3.347867741205129855e-03 -8.625258445658002052e-03
1.828932139219517239e+03 -3.338318361633646914e-03 -8.857153426646755673e-03
1.828947870041304213e+03 -3.334139712365844117e-03 -9.093654967651829818e-03
1.828963584349698294e+03 -3.329387337190251473e-03 -9.314489753006758091e-03
1.828994972165890431e+03 -3.322055786963407174e-03 -9.578213403965142939e-03
1.829010666644638604e+03 -3.316935098688564287e-03 -9.698214937389471740e-03
1.829026356265829691e+03 -3.311812958393275681e-03 -9.775613730111572600e-03
1.829042051035498162e+03 -3.306790237877941727e-03 -9.807125908247614141e-03
1.829073493836380976e+03 -3.294674509256256562e-03 -9.831405050312654742e-03
1.829089226481608421e+03 -3.289706742228066649e-03 -9.811071658110214963e-03
1.829104986170920256e+03 -3.281388261340890868e-03 -9.781285392341590446e-03
1.829120750178561138e+03 -3.276042412883843711e-03 -9.738418437764647870e-03
1.829152346095152780e+03 -3.263535883937193974e-03 -9.600581475083566629e-03
1.829168129404134334e+03 -3.258148501319688226e-03 -9.515666986908798489e-03
1.829183887672822721e+03 -3.254432528395590114e-03 -9.426160450273923450e-03
1.829215293290471436e+03 -3.247148750769277090e-03 -9.218786973221581096e-03
1.829230903853120481e+03 -3.245715512101947798e-03 -9.109994371072781608e-03
1.829246515356625878e+03 -3.244129743330623292e-03 -8.987688822682554646e-03
1.829262146315447353e+03 -3.242319448804758131e-03 -8.868787534320061658e-03
1.829293461299348792e+03 -3.235960178425611490e-03 -8.632186666055417443e-03
1.829309163415665353e+03 -3.234111363838380448e-03 -8.518413127421322478e-03
1.829324913800656759e+03 -3.232013949861979596e-03 -8.408815713572907399e-03
1.829340695195167427e+03 -3.230348730514915560e-03 -8.308110256084223766e-03
1.829372246634965222e+03 -3.234844635731424708e-03 -8.119148987263933442e-03
1.829387961210311914e+03 -3.236107696414875206e-03 -8.028933960189332808e-03
1.829403664140261299e+03 -3.240677835013568240e-03 -7.938188322332477218e-03
1.829435005343060766e+03 -3.250391854813982229e-03 -7.797286224520095718e-03
1.829450658301256453e+03 -3.257041822050275957e-03 -7.731482769894005777e-03
1.829466324924121864e+03 -3.263060701339724062e-03 -7.656810739557351995e-03
1.829482001317298227e+03 -3.270712096262193801e-03 -7.577948052967723239e-03
1.829513407031460019e+03 -3.287711409662646706e-03 -7.401063565198825502e-03
1.829529124236674534e+03 -3.296351330251498339e-03 -7.309749159633287426e-03
1.829544846634375517e+03 -3.303632887559271227e-03 -7.215961871980030619e-03
1.829560590671882665e+03 -3.312823226125785961e-03 -7.122505152282693729e-03
1.829592103031027818e+03 -3.324254298752120709e-03 -6.951154526474292300e-03
1.829607877899288724e+03 -3.331647283862709894e-03 -6.870095192152951211e-03
1.829623667376822141e+03 -3.337594357016858068e-03 -6.859948897477143211e-03
1.829655200193067003e+03 -3.345487662452441713e-03 -6.674719489730821832e-03
1.829670938378317487e+03 -3.351573362094734457e-03 -6.612988849467683894e-03
1.829686672956982420e+03 -3.352998954856353537e-03 -6.621922190496480273e-03
1.829702390311925910e+03 -3.355380855767787617e-03 -6.691621601238995250e-03
1.829733795221382252e+03 -3.358692461186123506e-03 -7.380208895144023222e-03
1.829749494181095542e+03 -3.360969142386233122e-03 -7.333128391513799200e-03
1.829765190994283103e+03 -3.363560443014738856e-03 -7.408503489247600209e-03
1.829780886250999401e+03 -3.364917695413963648e-03 -7.670177889389842400e-03
1.829812314454067064e+03 -3.365560052541141656e-03 -7.994760156952466709e-03
1.829828030729073589e+03 -3.362390504087405321e-03 -8.081080295982567482e-03
1.829843772406939024e+03 -3.360434647779401984e-03 -8.126546086302144367e-03
1.829875310653070756e+03 -3.355405094556767470e-03 -8.340854065581194965e-03
1.829891095044496296e+03 -3.350902194366235567e-03 -8.484618095257854750e-03
1.829906879228650041e+03 -3.346741966426141669e-03 -8.670595888172528271e-03
1.829922627296929932e+03 -3.344301649744095377e-03 -8.760283332951153412e-03
1.829954089383299788e+03 -3.334618685694307888e-03 -9.159640961555109984e-03
1.829969793365798296e+03 -3.330636735515167101e-03 -9.366700024005743946e-03
1.829985485155176093e+03 -3.325468613306758071e-03 -9.498344219237987718e-03
1.830001178548707230e+03 -3.320823483162758591e-03 -9.609784009344169223e-03
1.830032564369380907e+03 -3.312617471677405372e-03 -9.781085589456910492e-03
1.830048269019719100e+03 -3.307750272285427205e-03 -9.809885559913116698e-03
1.830063994634775554e+03 -3.301562643981515322e-03 -9.831038127725856210e-03
1.830095460656685191e+03 -3.289087551676492249e-03 -9.800414744198873013e-03
1.830111220513690114e+03 -3.282810384492016505e-03 -9.768156388174333016e-03
1.830127006948661574e+03 -3.277111828726199296e-03 -9.718921496650873362e-03
1.830142793397693367e+03 -3.269434640825105102e-03 -9.649593240234302649e-03
1.830174366784713584e+03 -3.259622162999814381e-03 -9.487217035524617148e-03
1.830190120531974117e+03 -3.255951594542367145e-03 -9.395858322777035990e-03
1.830205837927202765e+03 -3.251150973260490823e-03 -9.290035350683139084e-03
1.830221478918716230e+03 -3.248716544714732972e-03 -9.188058597346055248e-03
1.830252702267376890e+03 -3.244512321273062151e-03 -8.952098298822062927e-03
1.830268339522957831e+03 -3.242081447711724854e-03 -8.831736615796855969e-03
1.830283993415360101e+03 -3.238771901041305034e-03 -8.714354598688340767e-03
1.830315392073984412e+03 -3.236907152918790716e-03 -8.485681542738801944e-03
1.830331153176126691e+03 -3.233921855604627790e-03 -8.379073911270155592e-03
1.830346948500083272e+03 -3.233661319396445577e-03 -8.280687293103352470e-03
1.830362724818466859e+03 -3.233702984072401448e-03 -8.185958105169911098e-03
1.830394176489347956e+03 -3.240245530891978486e-03 -8.002132330674737934e-03
1.830409859186247786e+03 -3.245036685701865268e-03 -7.915451907665221193e-03
1.830425533042129018e+03 -3.247762585353590643e-03 -7.841234704151796645e-03
1.830441200761645632e+03 -3.254579545987186951e-03 -7.780732909348581083e-03
1.830472523439180122e+03 -3.267866187039245550e-03 -7.636259671514392978e-03
1.830488205534952158e+03 -3.275267583121384621e-03 -7.557984505022480662e-03
1.830503906836283477e+03 -3.282162243787237286e-03 -7.468556462853034872e-03
1.830535337182022658e+03 -3.297015878814338070e-03 -7.287621240900933085e-03
1.830551069409192678e+03 -3.306580298140418539e-03 -7.191509691301493923e-03
1.830566821247048438e+03 -3.313838641375370288e-03 -7.099783943749467599e-03
1.830582569570217174e+03 -3.321865336338675027e-03 -7.013645935254489081e-03
1.830614118466074615e+03 -3.334546727213036615e-03 -6.859649263917904673e-03
1.830629907521825089e+03 -3.340931399510809526e-03 -6.864827064214188215e-03
1.830645675011313415e+03 -3.345935743321280364e-03 -6.787365810580379792e-03
1.830661420067244080e+03 -3.350478032037521991e-03 -6.648257673462029498e-03
1.830692891995003265e+03 -3.355960239719067359e-03 -6.636226296073643310e-03
1.830708609531944830e+03 -3.358797296918613999e-03 -6.731697792606746757e-03
1.830724310932292155e+03 -3.360609745105997380e-03 -7.036596736525246171e-03
1.830740004637766560e+03 -3.362660532148618094e-03 -7.422538975465932214e-03
1.830771396083428272e+03 -3.364129883954574025e-03 -7.482001925772721780e-03
1.830787092718406257e+03 -3.364802217178201275e-03 -7.736770225724700668e-03
1.830802806689650879e+03 -3.365431867881474911e-03 -7.903847824038235520e-03
1.830834255509725381e+03 -3.363948280550957317e-03 -8.090397745099503837e-03
1.830850004708325741e+03 -3.362963820078450523e-03 -8.146046110371743532e-03
1.830865762208886963e+03 -3.357918633347864706e-03 -8.256610817080617740e-03
1.830881555862808000e+03 -3.355763946492344024e-03 -8.370544382487930812e-03
1.830913105675749875e+03 -3.348043880739093401e-03 -8.698064283187598514e-03
1.830928852264368743e+03 -3.342844437695707566e-03 -8.782040124943844839e-03
1.830944588511052871e+03 -3.339790856103312840e-03 -8.987409445686465187e-03
1.830960304822117678e+03 -3.336438386271409554e-03 -9.218560984573477210e-03
1.830991695098785613e+03 -3.326919316460053271e-03 -9.521118531966028808e-03
1.831007385697689642e+03 -3.321908222117600507e-03 -9.640220822793947250e-03
1.831023076183410467e+03 -3.316679728926702313e-03 -9.734947406043943999e-03
1.831054484664152142e+03 -3.306330999477370344e-03 -9.810363536090001280e-03
1.831070212032754398e+03 -3.300988369916073827e-03 -9.823760028445529743e-03
1.831085938573359044e+03 -3.295774446714671343e-03 -9.809920214337108577e-03
1.831101692441833166e+03 -3.289034497720485627e-03 -9.786837244778183453e-03
1.831133249530660805e+03 -3.275534024455510184e-03 -9.693980666103241620e-03
1.831149048002652762e+03 -3.270382647457660899e-03 -9.625028344061058172e-03
1.831164824305052207e+03 -3.263875761090595778e-03 -9.545612359851341627e-03
1.831180595962308644e+03 -3.259055784598136746e-03 -9.459079519814891229e-03
1.831212040715422518e+03 -3.252759041489913967e-03 -9.257871489351230526e-03
1.831227662918977103e+03 -3.250055039578978941e-03 -9.152886507958075610e-03
1.831243272129278466e+03 -3.248064693760574755e-03 -9.034042130093119377e-03
1.831274533694544743e+03 -3.243236534533804408e-03 -8.793088197857739860e-03
1.831290192730966055e+03 -3.240309637288859082e-03 -8.677658048835631271e-03
1.831305883943891104e+03 -3.237136317617397493e-03 -8.563477520634944773e-03
1.831321621828142952e+03 -3.233930433367528806e-03 -8.452302049909255627e-03
1.831353199711644493e+03 -3.235619895757996332e-03 -8.252705875000290042e-03
1.831368952337738847e+03 -3.236834947862690312e-03 -8.158687576334528249e-03
1.831384685931503327e+03 -3.238488526110221231e-03 -8.069215753845858374e-03
1.831400391964685014e+03 -3.242406732656818655e-03 -7.975420288562944798e-03
1.831431730550374596e+03 -3.250222087299135462e-03 -7.822910864387399091e-03
1.831447386541105061e+03 -3.256969892306018754e-03 -7.763123727336047539e-03
1.831463049149376502e+03 -3.262799564882990899e-03 -7.691666938584760041e-03
1.831494412091675031e+03 -3.279511349440085519e-03 -7.533241271008348124e-03
1.831510119465814569e+03 -3.285919169063812855e-03 -7.443429696717652859e-03
1.831525831222598981e+03 -3.294051438683468554e-03 -7.352578291881271128e-03
1.831541550693683348e+03 -3.302467000984804588e-03 -7.261631785532907980e-03
1.831573043969062610e+03 -3.317411116371569643e-03 -7.076518910882069816e-03
1.831588802383102575e+03 -3.325761633736651693e-03 -6.992706795603661520e-03
1.831604578626905550e+03 -3.330602470415869668e-03 -6.907830645101567003e-03
1.831620361465479618e+03 -3.338385418771100399e-03 -6.853832881022182966e-03
1.831651907157889582e+03 -3.348677493513608442e-03 -6.745551293178027666e-03
1.831667644144323731e+03 -3.350970639326556096e-03 -6.629504316576137306e-03
1.831683380443558235e+03 -3.355188689169721558e-03 -6.613223066401781314e-03
1.831714815466865730e+03 -3.359318412676467244e-03 -6.785028306271642835e-03
1.831730511967199618e+03 -3.362550808595092967e-03 -7.174632579884354308e-03
1.831746210163252954e+03 -3.365671087140417479e-03 -7.403080806606693147e-03
1.831761908326188859e+03 -3.367328096702243163e-03 -7.325169672144880850e-03
1.831793301822356398e+03 -3.367998277264394255e-03 -7.792325236115238592e-03
1.831809023552590588e+03 -3.368538701645771346e-03 -7.942026382356744824e-03
1.831824743192218875e+03 -3.365787242109060523e-03 -8.054844151847821015e-03
1.831840476578263633e+03 -3.365229226745852092e-03 -8.093066718343826585e-03
1.831872000053517240e+03 -3.359646078152952412e-03 -8.282832354366598954e-03
1.831887793219138985e+03 -3.355265126035491575e-03 -8.403948629779545848e-03
1.831903583635310497e+03 -3.351726852820524453e-03 -8.583312737561488506e-03
1.831935074482989194e+03 -3.344453107017982853e-03 -8.826031175202682030e-03
1.831950799630162919e+03 -3.339885181421021337e-03 -9.055158414071633535e-03
1.831966509827313530e+03 -3.334799520132368435e-03 -9.273512065358747308e-03
1.831982202885226343e+03 -3.330591376455067573e-03 -9.436472537612905151e-03
1.832013589236590178e+03 -3.323433723200965029e-03 -9.666966192196551136e-03
1.832029283160533851e+03 -3.318523042519187696e-03 -9.743726640275292283e-03
1.832044982077292161e+03 -3.312807663939917012e-03 -9.781521261084644842e-03
1.832060702271281116e+03 -3.308865745502457753e-03 -9.810923108099405335e-03
1.832092162898793958e+03 -3.294986985972873841e-03 -9.798748954699895014e-03
1.832107923201628864e+03 -3.288635958489793867e-03 -9.773243278326588374e-03
1.832123698542099419e+03 -3.281780289232932510e-03 -9.733020814978517177e-03
1.832155283141932159e+03 -3.267988050219313833e-03 -9.598844690273462127e-03
1.832171061190446153e+03 -3.265627683365070373e-03 -9.516313449898582133e-03
1.832186822833597034e+03 -3.260471003186693126e-03 -9.428565971310582175e-03
1.832202558381201698e+03 -3.256085496303563059e-03 -9.326338046522043151e-03
1.832233837731326275e+03 -3.250485437514551938e-03 -9.116356745420484825e-03
1.832249450107675557e+03 -3.249227701123914066e-03 -8.995347102771408462e-03
1.832265080354099837e+03 -3.247287787866703045e-03 -8.875778366659831803e-03
1.832280725699709365e+03 -3.244944932935885269e-03 -8.757129311944654784e-03
1.832312097921750137e+03 -3.240055287919704503e-03 -8.528640539563463879e-03
1.832327849411728721e+03 -3.237098293545892774e-03 -8.419913781223047414e-03
1.832343635958190589e+03 -3.234854282010652358e-03 -8.320046526130841363e-03
1.832375185659387625e+03 -3.238424943185039349e-03 -8.132947574317136996e-03
1.832390888426514948e+03 -3.240348132361844675e-03 -8.040583723382940806e-03
1.832406583521697485e+03 -3.244243718439085520e-03 -7.950396761738216106e-03
1.832422248089815184e+03 -3.249578354324355808e-03 -7.868323181598513988e-03
1.832453569600107357e+03 -3.258707768961848199e-03 -7.743379656801437777e-03
1.832469234743463858e+03 -3.266828787492484683e-03 -7.669490632834802951e-03
1.832484912252100912e+03 -3.274113309054661140e-03 -7.592514438231066747e-03
1.832500609576339230e+03 -3.280560413701996345e-03 -7.507188865039799916e-03
1.832532036601664458e+03 -3.298736986012123541e-03 -7.329561742891462818e-03
1.832547764964349653e+03 -3.307352762177256586e-03 -7.234790071384239289e-03
1.832563515672190988e+03 -3.314831820011694252e-03 -7.142432538662470305e-03
1.832595034087792328e+03 -3.328648448646691436e-03 -6.970827224409260024e-03
1.832610809586540881e+03 -3.336368109556841176e-03 -6.886139246869944948e-03
1.832626600943019412e+03 -3.342907474339240625e-03 -6.852296832648099682e-03
1.832642363497475344e+03 -3.347332701945924735e-03 -6.846470607630073327e-03
1.832673860418648246e+03 -3.355466205944891873e-03 -6.616056784138159286e-03
1.832689594557381042e+03 -3.358704217582248342e-03 -6.618562873336006520e-03
1.832705309585842542e+03 -3.359943526217608334e-03 -6.680078633922659041e-03
1.832721013390784947e+03 -3.362979658541598305e-03 -6.856837112876204218e-03
1.832752406576780686e+03 -3.366221163409247909e-03 -7.352255040906204020e-03
1.832768103237334344e+03 -3.367583458060551243e-03 -7.363464016241082384e-03
1.832783799392691208e+03 -3.369457403282336960e-03 -7.635650017114196247e-03
1.832815234412295467e+03 -3.368912890869768962e-03 -7.988789686309732616e-03
1.832830950515881796e+03 -3.368571213431034456e-03 -8.067100545679866536e-03
1.832846698682405986e+03 -3.366746686614228035e-03 -8.094884095307805158e-03
1.832862455900817395e+03 -3.363534059605555789e-03 -8.198528299038474604e-03
1.832894028153262752e+03 -3.357501429821488879e-03 -8.446524221470779609e-03
1.832909801850165650e+03 -3.354206210847284278e-03 -8.625208615333041992e-03
1.832925550229855389e+03 -3.348684971508418626e-03 -8.723204168611093864e-03
1.832941289440776018e+03 -3.346052490716837358e-03 -8.882771283568123219e-03
1.832972708039844747e+03 -3.337023157391380904e-03 -9.322618290004107064e-03
1.832988398702522545e+03 -3.332324072579035019e-03 -9.460186104664205023e-03
1.833004091233017789e+03 -3.327088921922441780e-03 -9.575135164989095546e-03
1.833035476776827636e+03 -3.317309325869119939e-03 -9.744410958692188360e-03
1.833051185785607458e+03 -3.313455932267225963e-03 -9.780941785532949045e-03
1.833066912262914002e+03 -3.306381106792432700e-03 -9.806217117819912565e-03
1.833082634891687576e+03 -3.301658557227740796e-03 -9.801735132711210732e-03
1.833114146168081788e+03 -3.287830915218733097e-03 -9.755838171187714361e-03
1.833129939904918047e+03 -3.282776694790820200e-03 -9.708716993583584379e-03
1.833145728673806161e+03 -3.276027608596741511e-03 -9.643177444453983338e-03
1.833161506461999579e+03 -3.270601344565744143e-03 -9.569464678854061254e-03
1.833193043197546331e+03 -3.261261569203833914e-03 -9.394699508982362612e-03
1.833208764659772896e+03 -3.257975823167059016e-03 -9.290682254389800651e-03
1.833224405465830387e+03 -3.254212216674446431e-03 -9.190858625699663623e-03
1.833240010870447804e+03 -3.252236702893996842e-03 -9.076237373597547883e-03
1.833271259419789203e+03 -3.247366784842966453e-03 -8.835614022246864388e-03
1.833286910992710546e+03 -3.243888688868893679e-03 -8.719968227765101734e-03
1.833302590630403301e+03 -3.241189531555059740e-03 -8.604740549904267566e-03
1.833334078899642918e+03 -3.238594450903672928e-03 -8.387566543942287858e-03
1.833349874760285957e+03 -3.238858114083541500e-03 -8.289817792056158180e-03
1.833365641965556506e+03 -3.238006208492507851e-03 -8.195539608181716743e-03
1.833381390129401780e+03 -3.242226994855484847e-03 -8.106094949639047406e-03
1.833412760242927561e+03 -3.246805527380875259e-03 -7.923963213768776132e-03
1.833428435052180248e+03 -3.250475798670760235e-03 -7.845471135069238475e-03
1.833444094308213380e+03 -3.257118764680063446e-03 -7.786433981672630060e-03
1.833475419718296962e+03 -3.271140947597956771e-03 -7.647215723312356800e-03
1.833491103257992791e+03 -3.278363556607118319e-03 -7.569227602134731385e-03
1.833506803525137457e+03 -3.285705388335328180e-03 -7.481524508714054202e-03
1.833522514708907465e+03 -3.293050390050501069e-03 -7.392581246378824959e-03
1.833553971876217020e+03 -3.309361684836086091e-03 -7.208887090118637139e-03
1.833569726956615796e+03 -3.318253099128487277e-03 -7.117117814937444845e-03
1.833585480924716421e+03 -3.327158662025222167e-03 -7.030465105569523240e-03
1.833601254315407232e+03 -3.334286358722417330e-03 -6.947463998217264999e-03
1.833632817271015028e+03 -3.345627693115537510e-03 -6.852077620480960703e-03
1.833648589628740410e+03 -3.351606033078296642e-03 -6.817392199461850925e-03
1.833664324852150230e+03 -3.354475825549824673e-03 -6.669022812710941224e-03
1.833680066034700758e+03 -3.358140101157777811e-03 -6.607075777727108856e-03
1.833711506666905507e+03 -3.364734309891442236e-03 -6.710376284158687567e-03
1.833727205655701937e+03 -3.368012481140327755e-03 -6.950673782807331204e-03
1.833742904574471595e+03 -3.369687324970729696e-03 -7.379919833760677228e-03
1.833774292916832110e+03 -3.371774400680394804e-03 -7.436298320958293837e-03
1.833789990326960833e+03 -3.372088839770893531e-03 -7.687243069519278209e-03
1.833805708832877144e+03 -3.371820276003266881e-03 -7.880755873009636508e-03
1.833821433158019772e+03 -3.371657962033078326e-03 -8.020852289004469851e-03
1.833852912617514221e+03 -3.367530022860248072e-03 -8.111792915989908537e-03
1.833868672966000304e+03 -3.365416647146276651e-03 -8.228532266601758238e-03
1.833884467659793927e+03 -3.361886926049738322e-03 -8.334848728179283101e-03
1.833900261124782446e+03 -3.359788810024753273e-03 -8.491998895092006325e-03
1.833931757334562690e+03 -3.350274183489037206e-03 -8.747170658921828851e-03
1.833947488820618219e+03 -3.346284485082596637e-03 -8.946317690730872310e-03
1.833963203306910373e+03 -3.341812928662391772e-03 -9.175591992682547576e-03
1.833994591425406497e+03 -3.334460435474518886e-03 -9.482993970028696581e-03
1.834010285252708400e+03 -3.329271484347898994e-03 -9.604457908700004404e-03
1.834025974517613804e+03 -3.324307965763197582e-03 -9.697403144893493310e-03
1.834041669179660175e+03 -3.319313202489006416e-03 -9.747508033587365742e-03
1.834073112380731345e+03 -3.307483511206177167e-03 -9.800779965054478085e-03
1.834088844243336098e+03 -3.302539965911533652e-03 -9.791582748926093080e-03
1.834104603637978926e+03 -3.294118625676935135e-03 -9.772428696867566794e-03
1.834120367900312658e+03 -3.289030811573577084e-03 -9.740135802519192185e-03
1.834151958140540046e+03 -3.276408010321463921e-03 -9.618870703617079382e-03
1.834167728482089160e+03 -3.269864234607273209e-03 -9.541700322585092500e-03
1.834183497064876519e+03 -3.265699585030710020e-03 -9.457146814841830770e-03
1.834214946399928294e+03 -3.257568842321880830e-03 -9.259125728903756791e-03
1.834230571071507711e+03 -3.255912121813119616e-03 -9.155625980074390269e-03
1.834246179719754082e+03 -3.253796018040734043e-03 -9.036798846364784213e-03
1.834261802468601218e+03 -3.252169449230148807e-03 -8.918709267378404498e-03
1.834293094961914449e+03 -3.246133276427486808e-03 -8.683683029667177769e-03
1.834308784063868870e+03 -3.243577770230806744e-03 -8.570024670102328532e-03
1.834324523615319094e+03 -3.240555045803937464e-03 -8.459858938659392188e-03
1.834340301065016320e+03 -3.238262842108177893e-03 -8.358134198114408261e-03
1.834371857094168035e+03 -3.241214485992096033e-03 -8.168705667858450897e-03
1.834387578631756014e+03 -3.241683588275764017e-03 -8.077898151045636091e-03
1.834403281351441137e+03 -3.245738204867210184e-03 -7.985769433571697842e-03
1.834434610937643356e+03 -3.254074193553482732e-03 -7.825993113552654964e-03
1.834450259899041839e+03 -3.260444070109045668e-03 -7.768716015398488203e-03
1.834465922946474848e+03 -3.265851929782358047e-03 -7.701805878138059600e-03
1.834481595058340872e+03 -3.273647712888055200e-03 -7.624350268685413552e-03
1.834512993191085343e+03 -3.290807186822246669e-03 -7.456476082348471000e-03
1.834528710481904227e+03 -3.299176839482340431e-03 -7.368946233238498310e-03
1.834544432520736336e+03 -3.306761496082108193e-03 -7.277207419554616689e-03
1.834560178587280006e+03 -3.316500940045703175e-03 -7.184927246687914694e-03
1.834591694886374398e+03 -3.329448743392620941e-03 -7.009373881960846535e-03
1.834607472350372518e+03 -3.337197593384235925e-03 -6.925034329417178482e-03
1.834623262051081156e+03 -3.343936026408364254e-03 -6.851838449271403786e-03
1.834654794186880736e+03 -3.353107300826927741e-03 -6.782611008110058654e-03
1.834670531220151815e+03 -3.359431866359117655e-03 -6.640073673365216693e-03
1.834686264652443924e+03 -3.361478484098431689e-03 -6.604041416926915466e-03
1.834701982140677501e+03 -3.364403115931626463e-03 -6.643181222027485545e-03
1.834733387302088886e+03 -3.368171771750159971e-03 -7.062469746946493411e-03
1.834749086680742721e+03 -3.370969359690542677e-03 -7.397776961049431013e-03
1.834764783783881512e+03 -3.373958691731691276e-03 -7.304657828092258817e-03
1.834780479167965723e+03 -3.375374951604794092e-03 -7.499767156121626976e-03
1.834811906696069400e+03 -3.376733991125631471e-03 -7.926621203462585336e-03
1.834827623506696455e+03 -3.373487494375515452e-03 -8.041382734309997921e-03
1.834843364440457890e+03 -3.371901584567030263e-03 -8.065753435140987637e-03
1.834874901040305303e+03 -3.366987652595829477e-03 -8.252444355297225073e-03
1.834890686286615846e+03 -3.362679449771651709e-03 -8.366035867885481328e-03
1.834906471650544518e+03 -3.358509296873136724e-03 -8.540071382180844037e-03
1.834922219725905734e+03 -3.356522451595466121e-03 -8.671808738175683373e-03
1.834953682355082037e+03 -3.346913783068681918e-03 -9.014477543511560317e-03
1.834969387073773078e+03 -3.342884051016502614e-03 -9.231128483032299825e-03
1.834985078756341181e+03 -3.337825045590134092e-03 -9.396179060494913929e-03
1.835000772182302171e+03 -3.333410118079974376e-03 -9.512246451056466726e-03
1.835032157812756850e+03 -3.325458927948603694e-03 -9.706505497783920675e-03
1.835047862243039845e+03 -3.320395395767620789e-03 -9.751069696524493693e-03
1.835063586839687332e+03 -3.314657371148357640e-03 -9.785107474149023349e-03
1.835095052568213077e+03 -3.301840749863437733e-03 -9.781218924474501669e-03
1.835110812986437168e+03 -3.295726905658730860e-03 -9.759707705817409137e-03
1.835126599291793127e+03 -3.289885407075903139e-03 -9.721400653061743405e-03
1.835142383341032428e+03 -3.282009213138009640e-03 -9.659803928394843434e-03
1.835173940917831032e+03 -3.270889830293973680e-03 -9.511000926209448036e-03
1.835189711230262901e+03 -3.266517149151897895e-03 -9.426021923849892126e-03
1.835205449565296249e+03 -3.261598730837871659e-03 -9.325160203460861746e-03
1.835221113207698409e+03 -3.258993395115496270e-03 -9.226898033142262243e-03
1.835252339101823736e+03 -3.253476960695705651e-03 -8.998793727043439064e-03
1.835267965405269933e+03 -3.252098546933339038e-03 -8.878882198863602068e-03
1.835283608349179985e+03 -3.249141026109460175e-03 -8.762546252815025388e-03
1.835314980420094571e+03 -3.245383806481339731e-03 -8.535096674849921433e-03
1.835330733423902302e+03 -3.241859279501158042e-03 -8.427759261107514027e-03
1.835346524385855218e+03 -3.240767143306593021e-03 -8.328620216074276647e-03
1.835362307448410093e+03 -3.239975001639013117e-03 -8.233969569784352349e-03
1.835393764542922554e+03 -3.245130048536207755e-03 -8.048984519019291434e-03
1.835409447868139523e+03 -3.249464642943071264e-03 -7.959673671201828934e-03
1.835425114589021177e+03 -3.251731499022348509e-03 -7.873508801146962555e-03
1.835440777611596786e+03 -3.257715152638667334e-03 -7.807918598373030442e-03
1.835472090214638229e+03 -3.270360044298436814e-03 -7.679579307426112958e-03
1.835487768612764967e+03 -3.278119609157312177e-03 -7.603260049698918298e-03
1.835503465391788950e+03 -3.284817347002645573e-03 -7.518152056643094897e-03
1.835534894182219659e+03 -3.300085592223040050e-03 -7.345319849930993968e-03
1.835550626912337748e+03 -3.310317123873622418e-03 -7.250894472892306826e-03
1.835566381528729835e+03 -3.318401389521892075e-03 -7.159407738188620050e-03
1.835582130669405615e+03 -3.326720678508471654e-03 -7.069612994103481249e-03
1.835613684217422360e+03 -3.340656519169499065e-03 -6.901168615111797494e-03
1.835629473045792793e+03 -3.347748228098789639e-03 -6.841318158272341292e-03
1.835645238884449782e+03 -3.353356199102580822e-03 -6.846117178220683525e-03
1.835660983818753948e+03 -3.358586526277866115e-03 -6.741735719972041622e-03
1.835692454540634799e+03 -3.365080210308072500e-03 -6.607258417017010735e-03
1.835708172066445968e+03 -3.367859091282264256e-03 -6.663080802208614685e-03
1.835723872547476958e+03 -3.370147968385099960e-03 -6.804572803350879794e-03
1.835755264004018500e+03 -3.373958631147910229e-03 -7.372048148101445139e-03
1.835770959096050547e+03 -3.374690486906078025e-03 -7.336880668073115543e-03
1.835786655901035374e+03 -3.375753048009513466e-03 -7.569970440560134031e-03
1.835802369386002965e+03 -3.376863024317401738e-03 -7.813433074498096764e-03
1.835833817921539321e+03 -3.375642938905947660e-03 -8.053009264640996479e-03
1.835849567410550208e+03 -3.375044823318638313e-03 -8.071792502347210213e-03
1.835865324655825361e+03 -3.370005276111941173e-03 -8.170592961569375298e-03
1.835881117855688672e+03 -3.368171383169219543e-03 -8.275597915306758326e-03
1.835912668382992251e+03 -3.360752863039986535e-03 -8.578011978097736454e-03
1.835928415458193285e+03 -3.355375821074292175e-03 -8.688878328973538220e-03
1.835944152334928958e+03 -3.352549217198881083e-03 -8.848298563943882145e-03
1.835975568558589885e+03 -3.344548479801668153e-03 -9.280564461321867686e-03
1.835991258649092288e+03 -3.339836749593235680e-03 -9.423197591975119441e-03
1.836006949467235927e+03 -3.334816405544459121e-03 -9.544619301747908624e-03
1.836022640081178679e+03 -3.329583958988979481e-03 -9.649747843352346477e-03
1.836054047692182394e+03 -3.319481341836211241e-03 -9.755711327543176853e-03
1.836069775400432036e+03 -3.314053210795565863e-03 -9.786046989867668369e-03
1.836085502083078836e+03 -3.308884480393627873e-03 -9.785069490304594206e-03
1.836101255299211061e+03 -3.302560864180447645e-03 -9.772633530278291084e-03
1.836132812556968929e+03 -3.288617266040633723e-03 -9.700492678180747466e-03
1.836148607391522773e+03 -3.283049711647311950e-03 -9.638328299244011341e-03
1.836164370727757614e+03 -3.275905408304712052e-03 -9.566510838301621120e-03
1.836180143943700614e+03 -3.270170429004915988e-03 -9.484638619554418282e-03
1.836211630220521556e+03 -3.263066127672329536e-03 -9.293499719611983054e-03
1.836227273067988790e+03 -3.259519019789330983e-03 -9.193542281193727017e-03
1.836242883464438364e+03 -3.256727479690234208e-03 -9.078906611699822174e-03
1.836274125125407409e+03 -3.252502092304542045e-03 -8.839782057077376701e-03
1.836289773862457650e+03 -3.249235858619070431e-03 -8.725803660735878195e-03
1.836305451629575145e+03 -3.246246526116743861e-03 -8.612262989543989153e-03
1.836321176058680066e+03 -3.242406580158703391e-03 -8.501233913388864943e-03
1.836352747812390817e+03 -3.242684395070057415e-03 -8.300139107886182407e-03
1.836368505437393196e+03 -3.242861415969008464e-03 -8.205995258546367258e-03
1.836384245655409131e+03 -3.244108348625805195e-03 -8.116160321533130717e-03
1.836415611530524075e+03 -3.248538959787253613e-03 -7.933212395976193057e-03
1.836431282383020744e+03 -3.253526166413014953e-03 -7.851192849036405311e-03
1.836446933353603981e+03 -3.260011157767234331e-03 -7.791237301558963033e-03
1.836462591020186892e+03 -3.265673679664225695e-03 -7.730583553886226887e-03
1.836493945373983706e+03 -3.281772441097110301e-03 -7.578473012786556169e-03
1.836509647544978407e+03 -3.288328345156322444e-03 -7.492948560650873960e-03
1.836525358803122799e+03 -3.296427678913677658e-03 -7.405947136441638767e-03
1.836541078388557708e+03 -3.305235735630494571e-03 -7.317623689172537277e-03
1.836572575917221684e+03 -3.321595666688475362e-03 -7.133253941707776852e-03
1.836588335173925088e+03 -3.330976850488655879e-03 -7.046306093153245978e-03
1.836604113222658043e+03 -3.336300762498518261e-03 -6.963869853783043531e-03
1.836635671339438886e+03 -3.350218496218164074e-03 -6.837723318650290594e-03
1.836651441635935271e+03 -3.356536950423515738e-03 -6.833885862366761814e-03
1.836667176586398000e+03 -3.359031171451052743e-03 -6.698778291237957212e-03
1.836682913144792792e+03 -3.363923521886392608e-03 -6.602934563684435473e-03
1.836714348105204635e+03 -3.368934518790637263e-03 -6.688844332204822024e-03
1.836730044478658328e+03 -3.372761454189162570e-03 -6.876782988880684490e-03
1.836745742906079613e+03 -3.376048166399520881e-03 -7.291616836869309858e-03
1.836761442238914469e+03 -3.377794719613011042e-03 -7.335239185801416262e-03
1.836792834518539621e+03 -3.379165851745448857e-03 -7.651814363776712584e-03
1.836808556420969126e+03 -3.379703388790060003e-03 -7.854179495579436190e-03
1.836824276875652686e+03 -3.377578086227197261e-03 -8.006750246522054484e-03
1.836840009470112818e+03 -3.377367529712905960e-03 -8.052050602732774981e-03
1.836871531584962668e+03 -3.372025461350204416e-03 -8.200599333462673529e-03
1.836887325258941019e+03 -3.367813244004308829e-03 -8.299872015059227975e-03
1.836903116187988189e+03 -3.364662224603756635e-03 -8.452095894017087538e-03
1.836934607816028574e+03 -3.357223316704341029e-03 -8.719139894126922558e-03
1.836950334026780638e+03 -3.352796060744933724e-03 -8.913695764247421549e-03
1.836966045122485639e+03 -3.347726666758305339e-03 -9.137735921443726136e-03
1.836981738165919069e+03 -3.343815054781662261e-03 -9.324891484337313394e-03
1.837013124075189808e+03 -3.336622737994373103e-03 -9.576794551571357617e-03
1.837028818193579127e+03 -3.331567249037085780e-03 -9.667843030961732059e-03
1.837044515357608589e+03 -3.326067608129408635e-03 -9.723213487978825398e-03
1.837060235570088480e+03 -3.321976057115419954e-03 -9.764488638012398108e-03
1.837091695872326682e+03 -3.308344648143782089e-03 -9.780281629547648431e-03
1.837107456526722899e+03 -3.301667243362667575e-03 -9.765704586079466260e-03
1.837123230299841907e+03 -3.294995202462540438e-03 -9.735130366079028028e-03
1.837154811427910317e+03 -3.280778093418818073e-03 -9.616720843889432768e-03
1.837170576274999348e+03 -3.277299414460769535e-03 -9.540503977531424387e-03
1.837186345139505420e+03 -3.271356551249981429e-03 -9.458079711000931186e-03
1.837202101436789235e+03 -3.266897023652550348e-03 -9.361540056908588744e-03
1.837233419361633196e+03 -3.259668836089641818e-03 -9.159091219089683308e-03
1.837249028771548637e+03 -3.257858591273596685e-03 -9.041293215045419565e-03
1.837264649527538950e+03 -3.256232575552590793e-03 -8.922501176111995863e-03
1.837280284424135971e+03 -3.254413747422291430e-03 -8.804146051967975603e-03
1.837311630853673023e+03 -3.248645834817674282e-03 -8.577449613870073708e-03
1.837327373151808388e+03 -3.245030992841947855e-03 -8.468417010612950407e-03
1.837343154799109243e+03 -3.241859996650606809e-03 -8.367231695161625460e-03
1.837374711378858592e+03 -3.243994251948051008e-03 -8.179495494725580115e-03
1.837390419419033378e+03 -3.245181128483982328e-03 -8.086857259728292072e-03
1.837406117771242862e+03 -3.248214027525782137e-03 -7.995745527997069960e-03
1.837421776878248465e+03 -3.253164384953591368e-03 -7.906617904123541124e-03
1.837453086299375855e+03 -3.261322775600009657e-03 -7.773785456942959235e-03
1.837468747120134140e+03 -3.268828624699658420e-03 -7.709225865421922598e-03
1.837484420349649099e+03 -3.276195301646782181e-03 -7.633799275765323043e-03
1.837500113076362823e+03 -3.282757297230530415e-03 -7.551583149398365807e-03
1.837531537561513915e+03 -3.301513878835351991e-03 -7.381774430741883802e-03
1.837547265975170376e+03 -3.309933609991746496e-03 -7.289301597301262904e-03
1.837563016614574963e+03 -3.318697079215104755e-03 -7.199013924434626704e-03
1.837594539528713540e+03 -3.333150889672625069e-03 -7.022932454499588098e-03
1.837610316886818282e+03 -3.341747959832716292e-03 -6.939778943510367670e-03
1.837626108946435124e+03 -3.348629346871701603e-03 -6.858523917494220405e-03
1.837641869643066457e+03 -3.353771929135788456e-03 -6.838527487084255368e-03
1.837673364355348440e+03 -3.363633232758463966e-03 -6.658946823527445678e-03
1.837689098401711590e+03 -3.366775925534174277e-03 -6.598689068661491887e-03
1.837704812528681714e+03 -3.368591325848994695e-03 -6.630782038133727942e-03
1.837720516917321902e+03 -3.371969949970893884e-03 -6.721218394158680678e-03
1.837751910680142828e+03 -3.375963885744238425e-03 -7.352756951638385503e-03
1.837767607932999908e+03 -3.377918021733543937e-03 -7.306232601940479410e-03
1.837783304135130720e+03 -3.380212299471266422e-03 -7.454380815132012270e-03
1.837814739223216975e+03 -3.380369090126590908e-03 -7.911765652694359788e-03
1.837830454955027108e+03 -3.379947500430372388e-03 -8.031961087314949330e-03
1.837846202882562466e+03 -3.378184291101216270e-03 -8.046934769669790086e-03
1.837861960363759408e+03 -3.375591969907341776e-03 -8.116847165559890401e-03
1.837893530860205374e+03 -3.369501592365373773e-03 -8.333873129143617997e-03
1.837909306505199766e+03 -3.366298698526367164e-03 -8.497728646512714423e-03
1.837925055161699220e+03 -3.361255707517291774e-03 -8.634808250713317188e-03
1.837940795317445463e+03 -3.358555986200689736e-03 -8.764158748249883252e-03
1.837972214594055231e+03 -3.349670956018653469e-03 -9.193724838878841732e-03
1.837987905253317194e+03 -3.344938219962996159e-03 -9.361044684856441311e-03
1.838003597628107173e+03 -3.339819974187486270e-03 -9.486858738219522760e-03
1.838034983094319841e+03 -3.330369917016646336e-03 -9.678775607032124792e-03
1.838050691101412667e+03 -3.326590613849238296e-03 -9.728804469917974942e-03
1.838066417690668231e+03 -3.319397408782039441e-03 -9.769061714064389973e-03
1.838082139248545900e+03 -3.314721238304135613e-03 -9.779296416105285467e-03
1.838113650815850860e+03 -3.300883320171280663e-03 -9.753843719520146477e-03
1.838129443889564072e+03 -3.295819804602825951e-03 -9.717036061552034379e-03
1.838145230495744727e+03 -3.288651234723356277e-03 -9.658480503687271249e-03
1.838161002101998747e+03 -3.282830674683904701e-03 -9.591580983070408656e-03
1.838192542659545097e+03 -3.271967161203567179e-03 -9.427815192055990015e-03
1.838208285476282754e+03 -3.268169560662781414e-03 -9.327491337807700469e-03
1.838223949409150009e+03 -3.264110787988623759e-03 -9.230209512219986548e-03
1.838255172243895458e+03 -3.258333578285239548e-03 -9.003619649446476664e-03
1.838270795424565677e+03 -3.256323649822508940e-03 -8.882715664937815975e-03
1.838286437311768850e+03 -3.252938134131757707e-03 -8.767929330172719721e-03
1.838302103580743278e+03 -3.250167719676845448e-03 -8.652962903570293393e-03
1.838333571632487974e+03 -3.245714455188983532e-03 -8.435343072224132585e-03
1.838349363408723775e+03 -3.245328170281685468e-03 -8.336622655194882853e-03
1.838365137698898934e+03 -3.243530536876504302e-03 -8.242454954180607543e-03
1.838380890893106425e+03 -3.247619371897421912e-03 -8.152253714624413394e-03
1.838412265673438242e+03 -3.250961885570577501e-03 -7.967989004669741998e-03
1.838427934542600042e+03 -3.253482429041319214e-03 -7.879502460059469721e-03
1.838443587874517334e+03 -3.259755967354108740e-03 -7.810396294033922042e-03
1.838474901383983934e+03 -3.272698339879410740e-03 -7.686493358335133239e-03
1.838490580545534613e+03 -3.280402065842359747e-03 -7.609651473709860663e-03
1.838506277377553033e+03 -3.287521506591924939e-03 -7.525355048086884366e-03
1.838521988198707959e+03 -3.294982097110980834e-03 -7.440117226677823645e-03
1.838553443144130370e+03 -3.311919675871767381e-03 -7.262160045012308260e-03
1.838569200832767592e+03 -3.321223995726053577e-03 -7.171226156268009112e-03
1.838584957214516180e+03 -3.330719927892281888e-03 -7.081898536658420493e-03
1.838600732811973330e+03 -3.338847213021871665e-03 -6.998436366515068535e-03
1.838632295833137960e+03 -3.350884446513839512e-03 -6.839813292343785607e-03
1.838648065635763487e+03 -3.357438140649899629e-03 -6.835434293040743188e-03
1.838663799787309472e+03 -3.361502994858748053e-03 -6.771827751178131211e-03
1.838695266204344534e+03 -3.368701982016411751e-03 -6.598237597037308333e-03
1.838710980638198407e+03 -3.373073738091539580e-03 -6.645767545815440061e-03
1.838726680602467695e+03 -3.376327994632625975e-03 -6.761694775556408542e-03
1.838742378236604281e+03 -3.378271992326026003e-03 -7.074916729186417515e-03
1.838773767715432314e+03 -3.381091611537975772e-03 -7.318030802208672428e-03
1.838789465418136160e+03 -3.381741035349150430e-03 -7.502499277129776739e-03
1.838805183708077038e+03 -3.381825593728231705e-03 -7.773500639970527121e-03
1.838820908806093712e+03 -3.382060200363205728e-03 -7.955185680273112181e-03
1.838852387230277827e+03 -3.378872472727143233e-03 -8.052408275314639624e-03
1.838868147260564456e+03 -3.376378242166170555e-03 -8.141909155177557561e-03
1.838883941809238650e+03 -3.373215541543499868e-03 -8.244208822601326730e-03
1.838915488416855851e+03 -3.365419690170491640e-03 -8.533230317922911243e-03
1.838931232888683553e+03 -3.361792250339976779e-03 -8.660109600331620389e-03
1.838946965760930652e+03 -3.358054638619861927e-03 -8.820444983104263129e-03
1.838962680903075352e+03 -3.353981134582913626e-03 -9.043153140795149800e-03
1.838994069632582978e+03 -3.346430717319940924e-03 -9.392563668775734051e-03
1.839009761836839743e+03 -3.341235955771945654e-03 -9.518553342903461612e-03
1.839025450859483954e+03 -3.336393059457221262e-03 -9.619911156952208262e-03
1.839041145257542894e+03 -3.331393195781102469e-03 -9.688196319812414012e-03
1.839072588677881868e+03 -3.319888639014068228e-03 -9.770508350218891011e-03
1.839088319226423664e+03 -3.314914569057700235e-03 -9.773573052075655229e-03
1.839104077717593555e+03 -3.306456915619981028e-03 -9.765310375655684647e-03
1.839135637236946877e+03 -3.293960185079048298e-03 -9.696380108149663807e-03
1.839151430737257897e+03 -3.288601310476894565e-03 -9.636518428624183188e-03
1.839167189613084247e+03 -3.280961697502198134e-03 -9.566131883305045713e-03
1.839182955130181654e+03 -3.275866826897494595e-03 -9.486067986121986956e-03
1.839214444052027602e+03 -3.266817590974921762e-03 -9.296653895889388924e-03
1.839230089045870727e+03 -3.264280869344433293e-03 -9.197277601257235202e-03
1.839245699796677400e+03 -3.261663739551506989e-03 -9.082672410299872170e-03
1.839261314918067455e+03 -3.259893193647673236e-03 -8.965670736295514379e-03
1.839292585975579414e+03 -3.254430803496297705e-03 -8.732168977804264862e-03
1.839308261384449906e+03 -3.251450795693590790e-03 -8.618603770560430422e-03
1.839323989338849742e+03 -3.247835466383502262e-03 -8.508760529453124333e-03
1.839355565432917274e+03 -3.245668483929593177e-03 -8.308703573658518873e-03
1.839371320191004315e+03 -3.246227910522064830e-03 -8.215291695051266108e-03
1.839387049687816216e+03 -3.246340598073227564e-03 -8.124130693245584442e-03
1.839402757228025621e+03 -3.249529353460598596e-03 -8.030911049503373575e-03
1.839434078951855781e+03 -3.256135472823597828e-03 -7.856244037299007707e-03
1.839449721006412801e+03 -3.262312079368389749e-03 -7.792420036073406837e-03
1.839465378035735284e+03 -3.267050169406802464e-03 -7.735936391863026951e-03
1.839481045138054014e+03 -3.274623789033322130e-03 -7.663144122153082126e-03
1.839512437104308674e+03 -3.291735734490308912e-03 -7.500924026067280238e-03
1.839528152903188129e+03 -3.299462556174890399e-03 -7.416281174089041188e-03
1.839543872524286598e+03 -3.307788187178378140e-03 -7.327240587636655103e-03
1.839575372399771823e+03 -3.324463283920839254e-03 -7.146365131236174714e-03
1.839591140722598084e+03 -3.332332016402939252e-03 -7.058882852581990948e-03
1.839606920682287637e+03 -3.340163968806377729e-03 -6.975810611350619257e-03
1.839622709040582322e+03 -3.347712497270791468e-03 -6.889912166257087731e-03
1.839654238794806815e+03 -3.358392965572803111e-03 -6.830945474464676474e-03
1.839669974430237744e+03 -3.364708290003909016e-03 -6.731740033776731358e-03
1.839685706593269288e+03 -3.367704739571660000e-03 -6.604874495152093100e-03
1.839701424240748793e+03 -3.371320505423430237e-03 -6.604221524359956026e-03
1.839732829873783203e+03 -3.375557287712314426e-03 -6.816421624300705341e-03
1.839748529484894789e+03 -3.378976921403529111e-03 -7.177661094508886938e-03
1.839764227148362579e+03 -3.382301501506790407e-03 -7.345106725005495427e-03
1.839795628164858726e+03 -3.384172235272548367e-03 -7.584264117096234034e-03
1.839811350083688239e+03 -3.385911744762729481e-03 -7.834205431536579375e-03
1.839827067590935485e+03 -3.382681259599211281e-03 -7.985607506237148157e-03
1.839842807482516719e+03 -3.381593606535614280e-03 -8.037575420169683696e-03
1.839874341499318234e+03 -3.376820972407515616e-03 -8.163320063012541317e-03
1.839890128246926224e+03 -3.372718356524426111e-03 -8.265044672679805124e-03
1.839905914949888256e+03 -3.368610526487881250e-03 -8.403835129517723060e-03
1.839921663345290199e+03 -3.367070272282322342e-03 -8.564650955410257893e-03
1.839953127439169975e+03 -3.357676382736532114e-03 -8.885078829687666907e-03
1.839968833350083514e+03 -3.353517216680807714e-03 -9.102733223206524449e-03
1.839984524941683276e+03 -3.348645912517446942e-03 -9.289432771205023698e-03
1.840000218100831944e+03 -3.344547520295886034e-03 -9.432852512124544411e-03
1.840031603145923100e+03 -3.336792335703817926e-03 -9.642019959630406326e-03
1.840047307410893154e+03 -3.331485727216599788e-03 -9.703857000258381618e-03
1.840063030315355945e+03 -3.326356335959509709e-03 -9.751717839776989291e-03
1.840094495142195683e+03 -3.313042514267079859e-03 -9.776682507769710040e-03
1.840110256047021949e+03 -3.307089951453241750e-03 -9.765647437985214632e-03
1.840126041351627691e+03 -3.300804985737676445e-03 -9.737065090647827395e-03
1.840141825018904683e+03 -3.292948220814771385e-03 -9.684046491386578970e-03
1.840173367537666763e+03 -3.281470598584269264e-03 -9.545727457967867133e-03
1.840189140990142960e+03 -3.276094437675462941e-03 -9.465433880856731833e-03
1.840204895317183173e+03 -3.270710187796787259e-03 -9.368799831741074155e-03
1.840220585892557210e+03 -3.267499485518618463e-03 -9.271827011337061344e-03
1.840251825242112318e+03 -3.260908055069636213e-03 -9.050447563139669971e-03
1.840267442665012595e+03 -3.259664306113877960e-03 -8.930819965763375085e-03
1.840283075905631677e+03 -3.257665402708569483e-03 -8.814857909241829992e-03
1.840314421654905573e+03 -3.252600477950331678e-03 -8.587743052576236880e-03
1.840330164953545136e+03 -3.248119891158506196e-03 -8.479606543145537870e-03
1.840345949225416689e+03 -3.246144986466712422e-03 -8.379337619406105123e-03
1.840361739579792356e+03 -3.244608968818465944e-03 -8.284450123481723605e-03
1.840393203363259772e+03 -3.248319977681221517e-03 -8.097987770758088497e-03
1.840408893648632784e+03 -3.251792732965277325e-03 -8.007634285755710346e-03
1.840424556302829615e+03 -3.253601567945399106e-03 -7.916807771832614846e-03
1.840440213948844757e+03 -3.258435153579650797e-03 -7.837323542120185754e-03
1.840471511641468396e+03 -3.270574894735166650e-03 -7.717816182335504073e-03
1.840487185802764088e+03 -3.278197550942194699e-03 -7.644345935107027708e-03
1.840502879377831277e+03 -3.284690483632089503e-03 -7.561345058482380095e-03
1.840534304931715724e+03 -3.300359151499593358e-03 -7.394685456716149942e-03
1.840550035728720786e+03 -3.310881776160743643e-03 -7.303557141143244245e-03
1.840565792513482620e+03 -3.319490377025858044e-03 -7.214447811250073762e-03
1.840581543489407977e+03 -3.327838442106603126e-03 -7.123836628031337583e-03
1.840613100786968289e+03 -3.342870822439652362e-03 -6.955244976947904702e-03
1.840628888747031851e+03 -3.350475787953514830e-03 -6.869012385640022381e-03
1.840644651429325677e+03 -3.356532353341207600e-03 -6.820746316427531673e-03
1.840660395988824348e+03 -3.362347066573281949e-03 -6.822177963799731445e-03
1.840691864902750467e+03 -3.369987408083285983e-03 -6.595361577252894028e-03
1.840707582242454691e+03 -3.372578045730825584e-03 -6.617948350204913045e-03
1.840723282232084557e+03 -3.375471999453635852e-03 -6.696357666738117845e-03
1.840754674747236777e+03 -3.379850534640813607e-03 -7.266685142757177765e-03
1.840770370667823727e+03 -3.381026350807501187e-03 -7.336831590306733437e-03
1.840786067918536673e+03 -3.382566709092893389e-03 -7.385648966774488455e-03
1.840801780966322440e+03 -3.384283408983393675e-03 -7.668449271190755541e-03
1.840833228966916067e+03 -3.383340358774189916e-03 -8.016404678449743845e-03
1.840848978819283957e+03 -3.383028192305959515e-03 -8.038784501668122182e-03
1.840864735751893932e+03 -3.378211617812954329e-03 -8.083660925287739982e-03
1.840880528620125915e+03 -3.376789537322661891e-03 -8.187355711292327448e-03
1.840912079856199625e+03 -3.369756082747189969e-03 -8.443275602458878010e-03
1.840927827648029279e+03 -3.364205481910845317e-03 -8.601151837399033384e-03
1.840943565631010870e+03 -3.361700663899656622e-03 -8.749325010143084794e-03
1.840974982921363562e+03 -3.353641096884055119e-03 -9.162207354547936486e-03
1.840990672085318693e+03 -3.349247055506467986e-03 -9.337547124313809108e-03
1.841006363021151174e+03 -3.344207386824599344e-03 -9.476737615314638485e-03
1.841022053631153767e+03 -3.339012731693452064e-03 -9.584640421023462795e-03
1.841053459961304725e+03 -3.329316335621260951e-03 -9.722479438485080727e-03
1.841069187770221333e+03 -3.323668611473832180e-03 -9.768459345885990158e-03
1.841084914115619767e+03 -3.318557931780196160e-03 -9.782667642518328571e-03
1.841100666418510173e+03 -3.312797391228492882e-03 -9.780868920703792574e-03
1.841132223277351386e+03 -3.298483457471534670e-03 -9.727884750887830223e-03
1.841148016387675170e+03 -3.292487829002737308e-03 -9.671086543788579015e-03
1.841163775242894417e+03 -3.285429333028175216e-03 -9.604484624487217084e-03
1.841195311850312237e+03 -3.274253304685719335e-03 -9.441361709735949376e-03
1.841211051528420739e+03 -3.271506465533225664e-03 -9.341881169068574908e-03
1.841226719923337669e+03 -3.267113249186384509e-03 -9.244262338615735763e-03
1.841242338561686665e+03 -3.263369393266385941e-03 -9.133005047551984515e-03
1.841273565604254827e+03 -3.259247421330612599e-03 -8.895240857310591012e-03
1.841289203981309356e+03 -3.256032966131792907e-03 -8.781764488563098894e-03
1.841304868232212357e+03 -3.252855782955845366e-03 -8.667466865919251640e-03
1.841320578469382554e+03 -3.248462143112103469e-03 -8.556927580561981064e-03
1.841352138489945673e+03 -3.247238281460386195e-03 -8.353367308898976273e-03
1.841367903223645953e+03 -3.246133508005559932e-03 -8.258479394297574619e-03
1.841383650138098574e+03 -3.247563045147961076e-03 -8.168173913453671137e-03
1.841415022155158795e+03 -3.249942741803278114e-03 -7.982841481212289703e-03
1.841430689239765115e+03 -3.253806286664814862e-03 -7.893435299611900255e-03
1.841446333622047405e+03 -3.259962469579658073e-03 -7.819563614282640240e-03
1.841461983123409709e+03 -3.265435472314672741e-03 -7.762239949269536879e-03
1.841493327453265238e+03 -3.280495799750681504e-03 -7.620920863804787025e-03
1.841509026894481849e+03 -3.287080691346467003e-03 -7.538138052480590837e-03
1.841524736412422044e+03 -3.295129953855914333e-03 -7.453719866214652233e-03
1.841540454048148149e+03 -3.303613537132829483e-03 -7.368096262277629496e-03
1.841571954273208576e+03 -3.320991613989184715e-03 -7.188945800322150970e-03
1.841587715819609230e+03 -3.331261925117748757e-03 -7.100070178955258590e-03
1.841603496079172146e+03 -3.336977493635976798e-03 -7.015651828843256534e-03
1.841635052383234324e+03 -3.351525366830753871e-03 -6.847971711606722772e-03
1.841650820104405511e+03 -3.358656978892636449e-03 -6.821207462341975607e-03
1.841666552496793429e+03 -3.361247027475103288e-03 -6.801701121512259730e-03
1.841682289496140811e+03 -3.366778887342567438e-03 -6.653364537036637535e-03
1.841713724098834064e+03 -3.372699193257959385e-03 -6.635362331393594541e-03
1.841729420519625592e+03 -3.377011161877327156e-03 -6.732892393140421129e-03
1.841745119313222176e+03 -3.380372758125603505e-03 -6.978887622960321807e-03
1.841760819472612638e+03 -3.382101011001999429e-03 -7.329636822185562305e-03
1.841792211360804458e+03 -3.384320285150909952e-03 -7.464383466154828929e-03
1.841807933558878176e+03 -3.384820359139360801e-03 -7.723974369379809496e-03
1.841823655176057855e+03 -3.383546853799549153e-03 -7.941613516929476799e-03
1.841855144791170233e+03 -3.379788961265413512e-03 -8.036725893647511665e-03
1.841870906930931369e+03 -3.378692996802075757e-03 -8.106255633734528107e-03
1.841886700957849143e+03 -3.374769460397933438e-03 -8.212371345063912767e-03
1.841902492528774019e+03 -3.372153814158813413e-03 -8.330035832865931994e-03
1.841933985571431094e+03 -3.364537620492165371e-03 -8.642887101053750576e-03
1.841949713502624263e+03 -3.360363805288597849e-03 -8.807394397673442427e-03
1.841965425852375802e+03 -3.355436365373835189e-03 -9.018188986986327635e-03
1.841981118906222491e+03 -3.351980104412847789e-03 -9.217159923550722819e-03
1.842012504196644159e+03 -3.344694964678295631e-03 -9.511202453868413190e-03
1.842028197721910601e+03 -3.339517200284445458e-03 -9.607852555585836077e-03
1.842043893157014963e+03 -3.334374554315089681e-03 -9.681101015590918429e-03
1.842075335331729548e+03 -3.322052542359964916e-03 -9.774660365649041546e-03
1.842091072602394206e+03 -3.316884640367657750e-03 -9.781876759761696377e-03
1.842106833680339832e+03 -3.309789774034327132e-03 -9.778317421396681350e-03
1.842122604741841542e+03 -3.303467937156640520e-03 -9.756668487911448681e-03
1.842154186958849095e+03 -3.289295725199593325e-03 -9.652590660153422333e-03
1.842169942701533500e+03 -3.284647679186300431e-03 -9.581910126550571144e-03
1.842185703859966679e+03 -3.278287569215848456e-03 -9.503477350680052463e-03
1.842201470108940157e+03 -3.274274609146500797e-03 -9.412196516258818091e-03
1.842232835257253782e+03 -3.265659037251829842e-03 -9.213551009567165148e-03
1.842248449995461215e+03 -3.263617253146419966e-03 -9.098931646288206318e-03
1.842264062299564102e+03 -3.261595204790934156e-03 -8.980957746565567529e-03
1.842295332698669426e+03 -3.256328533380660559e-03 -8.747509044773529169e-03
1.842311006350130128e+03 -3.254143884998570227e-03 -8.635266276008418326e-03
1.842326735929287224e+03 -3.249902966717633287e-03 -8.525927089889693763e-03
1.842342509875901897e+03 -3.245742008243487301e-03 -8.423037724753673280e-03
1.842374071747993185e+03 -3.246399846199242694e-03 -8.233279080933443572e-03
1.842389786644075912e+03 -3.247027358683853872e-03 -8.140310726353135184e-03
1.842405491360553924e+03 -3.249087773364553282e-03 -8.047668994889961222e-03
1.842421150020097002e+03 -3.253125631177948823e-03 -7.956547284713563067e-03
1.842452445524755603e+03 -3.260291613330474746e-03 -7.801555204613530060e-03
1.842468099528572793e+03 -3.267182986171465655e-03 -7.744937946216990526e-03
1.842483767854130974e+03 -3.273858447888138186e-03 -7.676376075834406842e-03
1.842515162895033654e+03 -3.289527794222895773e-03 -7.513908019936034292e-03
1.842530876262885386e+03 -3.299208901255353855e-03 -7.431150296394492365e-03
1.842546604249056372e+03 -3.307470519218340919e-03 -7.341801092697167880e-03
1.842562353787165193e+03 -3.317071362221845829e-03 -7.254314585010606352e-03
1.842593883158186372e+03 -3.331975079311752085e-03 -7.076061638499625377e-03
1.842609661800802769e+03 -3.341197664488821349e-03 -6.992335077387917819e-03
1.842625453268389947e+03 -3.348143797297465502e-03 -6.907531539829270435e-03
1.842641211160559806e+03 -3.353841836748410778e-03 -6.829502780994954787e-03
1.842672702521722840e+03 -3.365337119417211725e-03 -6.767713115579846762e-03
1.842688435931383538e+03 -3.368170805489841685e-03 -6.622051887660495781e-03
1.842704149291306521e+03 -3.370739961678519570e-03 -6.597838572815749661e-03
1.842735549783386432e+03 -3.376490836678514452e-03 -6.777192603711039084e-03
1.842751249305444389e+03 -3.378902910558649348e-03 -7.073670188706643845e-03
1.842766947314055415e+03 -3.381597307784250852e-03 -7.345581869019670793e-03
1.842782643744617189e+03 -3.384273288369062278e-03 -7.344113925279592732e-03
1.842814078373268558e+03 -3.385302866041643103e-03 -7.806582423338290048e-03
1.842829794217053632e+03 -3.384584970919649310e-03 -7.980141193954883028e-03
1.842845541508946781e+03 -3.382974921228331430e-03 -8.028642301527697672e-03
1.842861299004189505e+03 -3.381103622373348924e-03 -8.041289603008984835e-03
1.842892867297691055e+03 -3.374914754631017956e-03 -8.237141122175609814e-03
1.842908645537889015e+03 -3.371754822354870642e-03 -8.364194737085602765e-03
1.842924394557765936e+03 -3.367594899228483138e-03 -8.525825806535240400e-03
1.842940136509086415e+03 -3.364697599033000114e-03 -8.683778285140962561e-03
1.842971556582902622e+03 -3.356118870628783859e-03 -9.077701660775126108e-03
1.842987247134584095e+03 -3.351391812268018910e-03 -9.264603525105202103e-03
1.843002939185171044e+03 -3.346493841982947203e-03 -9.421633757292555492e-03
1.843034324346448102e+03 -3.337600690973638578e-03 -9.630722696925872461e-03
1.843050030990889809e+03 -3.333800253604498557e-03 -9.698928208826866279e-03
1.843065758076120119e+03 -3.326682197028005099e-03 -9.753502141104547149e-03
1.843081477793669819e+03 -3.321941623229658982e-03 -9.783715986799165071e-03
1.843112989170543187e+03 -3.308308784788768948e-03 -9.780942388156436615e-03
1.843128780860216239e+03 -3.303185173870727426e-03 -9.755155332016270109e-03
1.843144566306725437e+03 -3.295801083094296747e-03 -9.704164448238029525e-03
1.843160338170325304e+03 -3.289813229170882296e-03 -9.642255534660526539e-03
1.843191863698524458e+03 -3.278280328266760732e-03 -9.487335690924121254e-03
1.843207620375796296e+03 -3.273463761455453272e-03 -9.390034844508661147e-03
1.843223311051806149e+03 -3.269764501573279962e-03 -9.293016744865026726e-03
1.843254553491204661e+03 -3.262389426797310688e-03 -9.072106743005457427e-03
1.843270167592565258e+03 -3.260199364372336206e-03 -8.950871548222201143e-03
1.843285796899217985e+03 -3.258193612353804322e-03 -8.836123655026889914e-03
1.843301450408208893e+03 -3.255148119875583227e-03 -8.719431445790992372e-03
1.843332890984469941e+03 -3.248494265781314266e-03 -8.500962788781022197e-03
1.843348675827896841e+03 -3.247439567898496426e-03 -8.400387598052266175e-03
1.843364458262699372e+03 -3.244853303647154096e-03 -8.305316555503350004e-03
1.843380215849358592e+03 -3.248067552885275638e-03 -8.213442163256283110e-03
1.843411600584308871e+03 -3.250308831740509729e-03 -8.027137561002905750e-03
1.843427266906865725e+03 -3.251520910963516791e-03 -7.935332599738558965e-03
1.843442915034929229e+03 -3.257176041487574308e-03 -7.852725658425586258e-03
1.843474212848899697e+03 -3.268946966895975182e-03 -7.731723944781846748e-03
1.843489886577902780e+03 -3.276733902025795626e-03 -7.659457658644338446e-03
1.843505581024578305e+03 -3.283678783116084944e-03 -7.576234908258378496e-03
1.843521289882481142e+03 -3.290784467953122589e-03 -7.493897060116677493e-03
1.843552741802004903e+03 -3.308366088908868633e-03 -7.322266693521560510e-03
1.843568501499837112e+03 -3.318238759863977125e-03 -7.233610825298005843e-03
1.843584260567777164e+03 -3.327550439962963930e-03 -7.143813859324083838e-03
1.843600039343745493e+03 -3.336530681702850731e-03 -7.057602765390478920e-03
1.843631601132729656e+03 -3.348979375250465441e-03 -6.887942080101027570e-03
1.843647366454750227e+03 -3.355993990158219129e-03 -6.819787100857550508e-03
1.843663099545310160e+03 -3.361295744384551649e-03 -6.823264643886591506e-03
1.843694565283670499e+03 -3.368925761927461706e-03 -6.607051576059643633e-03
1.843710278982086948e+03 -3.373754809395379355e-03 -6.611713141229182827e-03
1.843725980323595877e+03 -3.376726412801687831e-03 -6.681908063644674892e-03
1.843741676381911248e+03 -3.379109576767222022e-03 -6.839078994319996302e-03
1.843773067686730656e+03 -3.382555333494956240e-03 -7.358984234074748138e-03
1.843788765703543959e+03 -3.383643568093597752e-03 -7.354453968242365136e-03
1.843804483538588102e+03 -3.384194989175332447e-03 -7.616754004548171621e-03
1.843820209348345088e+03 -3.384683623780701880e-03 -7.870334533080013822e-03
1.843851686837723946e+03 -3.382811663629580433e-03 -8.029802769834686396e-03
1.843867445955487938e+03 -3.379729234617841801e-03 -8.059748163986975300e-03
1.843883240317574064e+03 -3.377102959056619592e-03 -8.158542585155970084e-03
1.843914787837544964e+03 -3.369789583392440030e-03 -8.401244782429125382e-03
1.843930533380057113e+03 -3.365972895666016242e-03 -8.566490887952808025e-03
1.843946268005447564e+03 -3.362680554832407284e-03 -8.739718993702129748e-03
1.843961983847223792e+03 -3.359174879851850159e-03 -8.936549603686286952e-03
1.843993373003492479e+03 -3.351306918497148641e-03 -9.318684303705518021e-03
1.844009063342128911e+03 -3.346351667340298052e-03 -9.470622482069450052e-03
1.844024752440808015e+03 -3.341580243356059507e-03 -9.579116948362090614e-03
1.844040446471689620e+03 -3.336617984071208690e-03 -9.661500288158462318e-03
1.844071889800785812e+03 -3.325655928192898254e-03 -9.778178731854480013e-03
1.844087618644103713e+03 -3.320659882658067406e-03 -9.799223571002718333e-03
1.844103375767859688e+03 -3.312496525702173476e-03 -9.801867192945731139e-03
1.844134935346892689e+03 -3.299851663104012584e-03 -9.754600897919268876e-03
1.844150728861524840e+03 -3.294556574384076026e-03 -9.697906207503758161e-03
1.844166483423500949e+03 -3.286353859574246954e-03 -9.633120674288595670e-03
1.844182238237573983e+03 -3.281024108497811002e-03 -9.555389742206453485e-03
1.844213746723836266e+03 -3.271499521169291512e-03 -9.370061571347501270e-03
1.844229417775691445e+03 -3.268730009332570380e-03 -9.272060783425305902e-03
1.844245040505428506e+03 -3.265125486624137485e-03 -9.159421870687989645e-03
1.844260653677652726e+03 -3.262463429667574692e-03 -9.042934451524870312e-03
1.844291899790688603e+03 -3.257455874947700041e-03 -8.808041259864301045e-03
1.844307563316294818e+03 -3.254294124483153843e-03 -8.692665260173152580e-03
1.844323275632744753e+03 -3.249867868354759659e-03 -8.582565691770524877e-03
1.844354839467572447e+03 -3.246505170300571612e-03 -8.379091372778224925e-03
1.844370597829827602e+03 -3.246150395107366259e-03 -8.283662718375552417e-03
1.844386335030326109e+03 -3.245558910915205195e-03 -8.192101594004800452e-03
1.844402047245844869e+03 -3.248293077030213558e-03 -8.096907686476041352e-03
1.844433370118165612e+03 -3.252996395385082066e-03 -7.915646124099380218e-03
1.844449005808398397e+03 -3.258942553365948031e-03 -7.836715894967011264e-03
1.844464655034730185e+03 -3.263098293003300742e-03 -7.777516676638744977e-03
1.844480316281904607e+03 -3.270393480990935794e-03 -7.715580985041756157e-03
1.844511702162167012e+03 -3.286736876785420480e-03 -7.557121421029645153e-03
1.844527413433879929e+03 -3.293810689663200127e-03 -7.474510036642382886e-03
1.844543131775547863e+03 -3.302704558760298503e-03 -7.389140802873510501e-03
1.844574635219074025e+03 -3.320149520851978838e-03 -7.212875870244937412e-03
1.844590404900743806e+03 -3.328804810262794671e-03 -7.123946418813264375e-03
1.844606187217635124e+03 -3.336187394628510432e-03 -7.038859407717154917e-03
1.844621973733413824e+03 -3.344484554889703195e-03 -6.955136639525831381e-03
1.844653499841530902e+03 -3.356459013576349685e-03 -6.816523685844165861e-03
1.844669233455191033e+03 -3.362150862219471115e-03 -6.817124993775138496e-03
1.844684965122894027e+03 -3.366399356934660168e-03 -6.696622634810031095e-03
1.844700682162727844e+03 -3.370680161864579930e-03 -6.601447593484944219e-03
1.844732088586725922e+03 -3.375396865295346785e-03 -6.718276383383490341e-03
1.844747788343786397e+03 -3.379436924313540189e-03 -6.914910733506520087e-03
1.844763486618072420e+03 -3.382861198940200712e-03 -7.256703862442947552e-03
1.844794886760550298e+03 -3.385101181108368055e-03 -7.430060872471772396e-03
1.844810609480186940e+03 -3.387172028882587220e-03 -7.703429546921225675e-03
1.844826328107660402e+03 -3.384205495543142917e-03 -7.927422678150058619e-03
1.844842066860894647e+03 -3.383751234498954923e-03 -8.035721949544086598e-03
1.844873597203540839e+03 -3.379225658102472715e-03 -8.086602941660697361e-03
1.844889386084216994e+03 -3.375303227470345148e-03 -8.186974772580037779e-03
1.844905174295529150e+03 -3.371492585936317066e-03 -8.298891518560358796e-03
1.844920923790015877e+03 -3.370156556788871539e-03 -8.445053976357983286e-03
1.844952388911661274e+03 -3.361318600029460438e-03 -8.805551272899699369e-03
1.844968096316642232e+03 -3.357017430503535498e-03 -9.004128405820124165e-03
1.844983787988621543e+03 -3.352518686247338980e-03 -9.197159887303074655e-03
1.845015173220981069e+03 -3.345465871118896359e-03 -9.511985767100279709e-03
1.845030865271600305e+03 -3.341324380199130976e-03 -9.607721203591051626e-03
1.845046568742141972e+03 -3.335830522302168227e-03 -9.684974111876460193e-03
1.845062289918261740e+03 -3.331512349958595104e-03 -9.744156702797244357e-03
1.845093753301080596e+03 -3.317855573577871593e-03 -9.804260389512663848e-03
1.845109514534003210e+03 -3.312042180193596873e-03 -9.804095618226982278e-03
1.845125297780718029e+03 -3.305264623705724686e-03 -9.785833600065692306e-03
1.845141082119226894e+03 -3.297695940118766482e-03 -9.742289883302767198e-03
1.845172618651171661e+03 -3.286258954952439408e-03 -9.613086190945330581e-03
1.845188379684374013e+03 -3.279861209652061571e-03 -9.535002154760396226e-03
1.845204137693220673e+03 -3.274803728859809922e-03 -9.442294039711678771e-03
1.845235506255480232e+03 -3.266939840526924925e-03 -9.242410579811196833e-03
1.845251124356365381e+03 -3.263886459964212682e-03 -9.128278924500361768e-03
1.845266737093255188e+03 -3.262076922363226633e-03 -9.007952567124558746e-03
1.845282357454708290e+03 -3.260396901167554682e-03 -8.891966422231249376e-03
1.845313676191525474e+03 -3.254811904845354275e-03 -8.662068603876008424e-03
1.845329405166033439e+03 -3.249749541388013106e-03 -8.553358271696077583e-03
1.845345178419074500e+03 -3.246951689644703414e-03 -8.450525079535572970e-03
1.845360974736698608e+03 -3.244943062220371349e-03 -8.353895738726607734e-03
1.845392445064926051e+03 -3.246936615323817252e-03 -8.165478625118880590e-03
1.845408144085850154e+03 -3.249416735904430038e-03 -8.073054358505258113e-03
1.845423805839933493e+03 -3.251247530868456477e-03 -7.980953718222253204e-03
1.845455093772973896e+03 -3.258631720937869413e-03 -7.818296279677798902e-03
1.845470742561675706e+03 -3.266427074071655626e-03 -7.761608951934138856e-03
1.845486410918360434e+03 -3.273452158157700957e-03 -7.697628279803267123e-03
1.845502100102872873e+03 -3.279713255120417920e-03 -7.615313511691266905e-03
1.845533521021226761e+03 -3.296025752269683782e-03 -7.453241237316218099e-03
1.845549250635659064e+03 -3.306565280453983846e-03 -7.365737056555903862e-03
1.845565008951886966e+03 -3.315561123578768168e-03 -7.278886012102763273e-03
1.845580761511758283e+03 -3.323903236017854146e-03 -7.189296468879752267e-03
1.845612321642593542e+03 -3.339858135137477400e-03 -7.016913478666537453e-03
1.845628109422925718e+03 -3.347834081517157227e-03 -6.932701586655425074e-03
1.845643868292782372e+03 -3.354125912265284049e-03 -6.847075484725817854e-03
1.845675350500364402e+03 -3.363448265019168722e-03 -6.798757477871735129e-03
1.845691078754526643e+03 -3.369197989882659772e-03 -6.660692722706939607e-03
1.845706794287923003e+03 -3.371560483463714817e-03 -6.600100198901289773e-03
1.845722494535435999e+03 -3.375152589032692600e-03 -6.649230394513544994e-03
1.845753888635818157e+03 -3.380035160537408438e-03 -6.993675324837814178e-03
1.845769585649988812e+03 -3.381768588267073782e-03 -7.325911555600818879e-03
1.845785283317165749e+03 -3.383912825416584245e-03 -7.356490469116828100e-03
1.845800995465985807e+03 -3.386302019235449927e-03 -7.498186169744488865e-03
1.845832442646901654e+03 -3.385662571748738418e-03 -7.987067634135652447e-03
1.845848192946277550e+03 -3.385343534151913098e-03 -8.037701984590424342e-03
1.845863949568911039e+03 -3.381198846879099589e-03 -8.037407595077570438e-03
1.845895527256456262e+03 -3.376659017828093773e-03 -8.212368672897946836e-03
1.845911294364470223e+03 -3.373543690603064433e-03 -8.331639493254473783e-03
1.845927042884736466e+03 -3.367947643209400713e-03 -8.488534752038492948e-03
1.845942781824509893e+03 -3.365812764699316600e-03 -8.672664000797703984e-03
1.845974199816814235e+03 -3.357813002053596733e-03 -9.062172731163753089e-03
1.845989888705695648e+03 -3.353667276924965010e-03 -9.246879582457992811e-03
1.846005579730106319e+03 -3.348659485268631192e-03 -9.416182961306765464e-03
1.846021270343510196e+03 -3.343580396694027096e-03 -9.540769310042324439e-03
1.846052675034364029e+03 -3.334542946703504020e-03 -9.702203237899503438e-03
1.846068402695549594e+03 -3.328511543745386967e-03 -9.762805175176638220e-03
1.846084128186120324e+03 -3.323541910697674559e-03 -9.800013796480445613e-03
1.846115640819523833e+03 -3.309739179859202962e-03 -9.806024969097364846e-03
1.846131436058087957e+03 -3.304002899553498424e-03 -9.782610603917118314e-03
1.846147227202673321e+03 -3.297566783809988307e-03 -9.731649964953043019e-03
1.846162987051666278e+03 -3.290738913169570425e-03 -9.671526897764980146e-03
1.846194500287742130e+03 -3.279327823376156168e-03 -9.516761672658934079e-03
1.846210253050126767e+03 -3.276384443932064960e-03 -9.419069399994891775e-03
1.846225953816700212e+03 -3.271716956463779306e-03 -9.322001746890079196e-03
1.846241588908654421e+03 -3.267225377498130315e-03 -9.214506134805879045e-03
1.846272811837135578e+03 -3.261717929043509139e-03 -8.977076470177331596e-03
1.846288435471693674e+03 -3.259210141632188414e-03 -8.863012234578439980e-03
1.846304086987333676e+03 -3.255900846167984145e-03 -8.746031302400206903e-03
1.846335529278425156e+03 -3.250955391882608646e-03 -8.528521903065959531e-03
1.846351315266607344e+03 -3.248797253307131663e-03 -8.427680092627206146e-03
1.846367089340964185e+03 -3.246504989847592663e-03 -8.331420226963967557e-03
1.846382842445711503e+03 -3.247847455053303085e-03 -8.239739277225320221e-03
1.846414223592777716e+03 -3.248728471457420185e-03 -8.051422742830200915e-03
1.846429889686480465e+03 -3.251676571251703712e-03 -7.959671389938001787e-03
1.846445529676220076e+03 -3.257297891332694862e-03 -7.874688045750600704e-03
1.846461170405510529e+03 -3.262876813906241073e-03 -7.804145930037173322e-03
1.846492499886406222e+03 -3.276382997055668489e-03 -7.678989380089685200e-03
1.846508195743914939e+03 -3.283465576574730836e-03 -7.596988658482588599e-03
1.846523903519570467e+03 -3.291408345220684945e-03 -7.514499055644554941e-03
1.846555358661129048e+03 -3.308866053948244894e-03 -7.347068675437213973e-03
1.846571121365229374e+03 -3.318122126825316046e-03 -7.259440315998682766e-03
1.846586884505232547e+03 -3.328869744963345277e-03 -7.170426103609033389e-03
1.846602666751267634e+03 -3.335130706375096822e-03 -7.083305824226545332e-03
1.846634221732540027e+03 -3.349970929503574227e-03 -6.913427632337237894e-03
1.846649986488471541e+03 -3.357746433318111422e-03 -6.831602390623203909e-03
1.846665715263172615e+03 -3.360944530830227255e-03 -6.810846920582543096e-03
1.846681453086286865e+03 -3.366865584003086911e-03 -6.775187088931569797e-03
1.846712886243552475e+03 -3.373975668842364283e-03 -6.608683687109626753e-03
1.846728583102793436e+03 -3.378560482883891363e-03 -6.674247457686380454e-03
1.846744283490821317e+03 -3.381864909401222346e-03 -6.808166796094694551e-03
1.846775675941943973e+03 -3.385460917139241147e-03 -7.355241998672085342e-03
1.846791374871980224e+03 -3.386667406283551396e-03 -7.393376530613371064e-03
1.846807096678788184e+03 -3.387205641569386496e-03 -7.560845905535403672e-03
1.846822819801184096e+03 -3.386970887014284070e-03 -7.863396193581487573e-03
1.846854306646373971e+03 -3.383571252079239141e-03 -8.038275060078505646e-03
1.846870067532996245e+03 -3.382717986717237793e-03 -8.055527749551134528e-03
1.846885861775731428e+03 -3.379203661446658190e-03 -8.139045333352887962e-03
1.846901654285217319e+03 -3.377178048568906486e-03 -8.240545868478266894e-03
1.846933149198359388e+03 -3.369243006485709169e-03 -8.534965391127037268e-03
1.846948879073701619e+03 -3.365383908114250033e-03 -8.725936963365030219e-03
1.846964592650129134e+03 -3.360740969218121640e-03 -8.925416405998566616e-03
1.846980285885698777e+03 -3.357827708864271395e-03 -9.119666205394574843e-03
1.847011671375335254e+03 -3.350124189531335835e-03 -9.461076466290808604e-03
1.847027362597063075e+03 -3.344970597579758741e-03 -9.574498512699406230e-03
1.847043056981418204e+03 -3.340145114199343651e-03 -9.662188400875394018e-03
1.847074499799013893e+03 -3.327981662633282701e-03 -9.790596752942000783e-03
1.847090234968900859e+03 -3.323060978449363274e-03 -9.817795393616825586e-03
1.847105996283972217e+03 -3.315419917799919836e-03 -9.827040655443307696e-03
1.847121764357888651e+03 -3.309676854798249222e-03 -9.819138534266370552e-03
1.847153348813386629e+03 -3.295656317218400525e-03 -9.732125023113826282e-03
1.847169102209475113e+03 -3.289791868327442744e-03 -9.668581887343914369e-03
1.847184850602507140e+03 -3.283879227852401841e-03 -9.592013265315446624e-03
1.847200605372313248e+03 -3.279145416098145326e-03 -9.505405105734266585e-03
1.847232023512216756e+03 -3.270327794210793875e-03 -9.307055613972582686e-03
1.847247651762449550e+03 -3.267737815318381110e-03 -9.194105430841380960e-03
1.847263263445133816e+03 -3.264744879036703649e-03 -9.075507222763023324e-03
1.847294508943477695e+03 -3.259749807768909640e-03 -8.839038883292267904e-03
1.847310169011537937e+03 -3.257713999914338583e-03 -8.724881925461920942e-03
1.847325881722651047e+03 -3.253070116861494273e-03 -8.614790382672413496e-03
1.847341643041046154e+03 -3.248517989308577145e-03 -8.509927317521030765e-03
1.847373204498072937e+03 -3.247690637967458067e-03 -8.315278966757856660e-03
1.847388928580095353e+03 -3.247087137416424223e-03 -8.222127960367616242e-03
1.847404640225052617e+03 -3.248709929524397355e-03 -8.127209480783156165e-03
1.847420302453082741e+03 -3.251954956973726000e-03 -8.034608538053919502e-03
1.847451589601052092e+03 -3.258583552897952474e-03 -7.861664899077316915e-03
1.847467235728173819e+03 -3.264420478265585637e-03 -7.796999316823766644e-03
1.847482896775406971e+03 -3.270727471836777731e-03 -7.739124614604293677e-03
1.847514284344628550e+03 -3.286962981586408119e-03 -7.581742649924410986e-03
1.847529994992231423e+03 -3.295740790792856239e-03 -7.501294656836023436e-03
1.847545720241192384e+03 -3.303998039448343728e-03 -7.415660261470717607e-03
1.847561467879597103e+03 -3.314314310679146967e-03 -7.331477318770463457e-03
1.847593002766883274e+03 -3.329451225924874927e-03 -7.154745416378117430e-03
1.847608783879246403e+03 -3.339053858491170326e-03 -7.068438767088503633e-03
1.847624573811144046e+03 -3.346215772157257011e-03 -6.984252016200230215e-03
1.847640329547056808e+03 -3.352399200260862411e-03 -6.897990065407447365e-03
1.847671816452364283e+03 -3.365469600411268719e-03 -6.816556929631062758e-03
1.847687548487066806e+03 -3.368306136585765432e-03 -6.749650226573827676e-03
1.847703261063924856e+03 -3.371769048036033205e-03 -6.623668918466407186e-03
1.847734663040441092e+03 -3.377705338025671199e-03 -6.710769116096487567e-03
1.847750363424798707e+03 -3.380669810227524170e-03 -6.875825406871613130e-03
1.847766062201377736e+03 -3.384259189739778281e-03 -7.174250509823700689e-03
1.847781758750839344e+03 -3.387091812220279809e-03 -7.401059995155833370e-03
1.847813192039561500e+03 -3.389329450058468311e-03 -7.670586501686353122e-03
1.847828908739640383e+03 -3.387971185404058897e-03 -7.934380388906666845e-03
1.847844654644590719e+03 -3.386708827061256279e-03 -8.045187214945971263e-03
1.847860412340722178e+03 -3.385492291012222061e-03 -8.044622236532867482e-03
1.847891978165159117e+03 -3.379156448024758699e-03 -8.171577608502749238e-03
1.847907759734356887e+03 -3.375916967673366423e-03 -8.274998550437092162e-03
1.847923508877071754e+03 -3.373026121259212629e-03 -8.412181843300309270e-03
1.847954971833310992e+03 -3.364803218060679300e-03 -8.789791403032038222e-03
1.847970673828963754e+03 -3.361432105059906656e-03 -8.991093098880095433e-03
1.847986364461549101e+03 -3.356743103253125374e-03 -9.176232008338386717e-03
1.848002056407950477e+03 -3.352161466759434258e-03 -9.354710349157418711e-03
1.848033441173761958e+03 -3.344024390659839675e-03 -9.607355931047032588e-03
1.848049146246415148e+03 -3.339915721438897495e-03 -9.690080864605755268e-03
1.848064873434157334e+03 -3.333229111020836674e-03 -9.755701568892142031e-03
1.848080591501048957e+03 -3.328160733723661835e-03 -9.810228987368699652e-03
1.848112102242422225e+03 -3.314976886052343336e-03 -9.836781442353568009e-03
1.848127891857374379e+03 -3.309667542650189184e-03 -9.822720571380689353e-03
1.848143676294964962e+03 -3.301941144989496181e-03 -9.780723253810835044e-03
1.848175203203515139e+03 -3.288353404414460623e-03 -9.654420080125387590e-03
1.848190956013775349e+03 -3.284042636647626148e-03 -9.575926536866206235e-03
1.848206710024725908e+03 -3.278136986532946984e-03 -9.481955430036067764e-03
1.848222428537029145e+03 -3.274625812284551879e-03 -9.383043242248945495e-03
1.848253703946876158e+03 -3.266393553268218813e-03 -9.165648862972506153e-03
1.848269315630023129e+03 -3.263758598576240941e-03 -9.043250673967748871e-03
1.848284934819555701e+03 -3.262360773335502579e-03 -8.928282142569573393e-03
1.848300574563641931e+03 -3.259973810273754987e-03 -8.808030001390989433e-03
1.848331983262225776e+03 -3.252386758537328341e-03 -8.587799460597176845e-03
1.848347755810229728e+03 -3.250795373975896158e-03 -8.484935664310805023e-03
1.848363546342392738e+03 -3.247388716873052163e-03 -8.387678077299037804e-03
1.848395013497902028e+03 -3.249292842259797909e-03 -8.197054514411794904e-03
1.848410704074216937e+03 -3.251491961498211361e-03 -8.104894872472982389e-03
1.848426369627523400e+03 -3.251753450769711510e-03 -8.011696375064198891e-03
1.848442017143551539e+03 -3.256689762343965410e-03 -7.923910970843099644e-03
1.848473298050612584e+03 -3.267877741800860082e-03 -7.784645315207536047e-03
1.848488964968455093e+03 -3.275302671451473316e-03 -7.723158657191152125e-03
1.848504655725730800e+03 -3.282094658436578855e-03 -7.642044213286804631e-03
1.848520362713444683e+03 -3.288847134596117362e-03 -7.559578743781759230e-03
1.848551809834234746e+03 -3.307150532432763263e-03 -7.394015650582801483e-03
1.848567570070658121e+03 -3.317385014303983731e-03 -7.308664029822380115e-03
1.848583330872499801e+03 -3.326083383386051282e-03 -7.220507547192469427e-03
1.848614892069508642e+03 -3.341138014297263467e-03 -7.047250657178044317e-03
1.848630674147270838e+03 -3.348998322115326765e-03 -6.963380227079946777e-03
1.848646434357710632e+03 -3.356399666241062681e-03 -6.876093477444615749e-03
1.848662166655046349e+03 -3.362814701606036717e-03 -6.817661024900218206e-03
1.848693630097175856e+03 -3.371097647106343319e-03 -6.713715355101021812e-03
1.848709342754003274e+03 -3.376072870248826487e-03 -6.615077772786632018e-03
1.848725044116968093e+03 -3.378709202292132837e-03 -6.649073927047161395e-03
1.848740739511689071e+03 -3.381706355228185357e-03 -6.747540600631299693e-03
1.848772133640862421e+03 -3.385745642825795099e-03 -7.268955877315281741e-03
1.848787831936672546e+03 -3.387388743996737773e-03 -7.389158062495147783e-03
1.848803548908071207e+03 -3.388635498357332916e-03 -7.483857228966434363e-03
1.848835001125131384e+03 -3.389614415351125450e-03 -7.986992688409834396e-03
1.848850752092954963e+03 -3.388876284302848058e-03 -8.056831044774104972e-03
1.848866509991411931e+03 -3.385042257413156327e-03 -8.049794084163916161e-03
1.848882304030521482e+03 -3.383049712963750923e-03 -8.105633099033240918e-03
1.848913852906441207e+03 -3.376340360895689445e-03 -8.308687524676646244e-03
1.848929599628761480e+03 -3.372065231153912896e-03 -8.459720676848263635e-03
1.848945335866336563e+03 -3.369331990620956941e-03 -8.648845744993485796e-03
1.848961052315508596e+03 -3.366362770634465876e-03 -8.854311486228651218e-03
1.848992441550141848e+03 -3.358027286852304037e-03 -9.227937581132170455e-03
1.849008130799427363e+03 -3.353371512957580448e-03 -9.400183818463185570e-03
1.849023820250150038e+03 -3.348542376223218736e-03 -9.532800507489620767e-03
1.849055229064369314e+03 -3.338346677202393836e-03 -9.703082148044942651e-03
1.849070956777744641e+03 -3.333214551068505206e-03 -9.770340361267091517e-03
1.849086683951103396e+03 -3.328162706979580308e-03 -9.812504811595842286e-03
1.849102439476045220e+03 -3.320774678913799606e-03 -9.828805567818845249e-03
1.849133998940029187e+03 -3.307605042999994544e-03 -9.807852875268198781e-03
1.849149792992740004e+03 -3.302256788126069122e-03 -9.757630853814461616e-03
1.849165546727568426e+03 -3.293853530171792984e-03 -9.700052695045497525e-03
1.849181295777523928e+03 -3.288125345625191910e-03 -9.625654115985838102e-03
1.849212796382581246e+03 -3.278452490570688081e-03 -9.446342622213180218e-03
1.849228498040944487e+03 -3.275008445308243230e-03 -9.349461396995989784e-03
1.849244141512318265e+03 -3.270328202728932029e-03 -9.239696614953496479e-03
1.849275363466211047e+03 -3.265079021749055406e-03 -9.002219112421973313e-03
1.849290984452926978e+03 -3.262131290500767250e-03 -8.887444985726879881e-03
1.849306633177665162e+03 -3.259202157632430652e-03 -8.770850821758680374e-03
1.849322327972359744e+03 -3.254908041398154369e-03 -8.660393209982091348e-03
1.849353870753746378e+03 -3.251742182256365122e-03 -8.453388031980377595e-03
1.849369635463974873e+03 -3.250379412999482558e-03 -8.355891570858885176e-03
1.849385378770119814e+03 -3.249270615732226340e-03 -8.263718747356945185e-03
1.849401093934903429e+03 -3.251412861808800504e-03 -8.166863769219280186e-03
1.849432424465293479e+03 -3.254990821229501209e-03 -7.982799738073673851e-03
1.849448057673704398e+03 -3.260627695036796662e-03 -7.896460320952754935e-03
1.849463698166757240e+03 -3.264390792255615539e-03 -7.821721655099219891e-03
1.849495026800051164e+03 -3.279813470871765536e-03 -7.696250848570524578e-03
1.849510727676126180e+03 -3.286933154388433590e-03 -7.615272243312384316e-03
1.849526434308998432e+03 -3.294204708919131527e-03 -7.533058313838012464e-03
1.849542150915457341e+03 -3.303357609564193647e-03 -7.451872714056047807e-03
1.849573655865804767e+03 -3.321118704408423591e-03 -7.281323572962693919e-03
1.849589426594322731e+03 -3.330956437167151372e-03 -7.193276010278839595e-03
1.849605211597298421e+03 -3.337632139933954713e-03 -7.106178668453968714e-03
1.849620995717196138e+03 -3.346665761858683748e-03 -7.020967251116400597e-03
1.849652518507889681e+03 -3.360373348125261957e-03 -6.851186324136648506e-03
1.849668248412179537e+03 -3.365216895632947014e-03 -6.807145574609780453e-03
1.849683980278150329e+03 -3.370864767908766848e-03 -6.798055545700748374e-03
1.849715406233696740e+03 -3.377469027130639012e-03 -6.610166341103047502e-03
1.849731102807495063e+03 -3.381341618653201098e-03 -6.666912279227986751e-03
1.849746802886089654e+03 -3.385856728921321328e-03 -6.787052673602835852e-03
1.849762502626125752e+03 -3.389142472872879678e-03 -7.011610284487588586e-03
1.849793900906961426e+03 -3.391986761311566352e-03 -7.411479331487655364e-03
1.849809624511877018e+03 -3.393964348081794473e-03 -7.541484796804218300e-03
1.849825344670931145e+03 -3.391714477837095513e-03 -7.836430092696378483e-03
1.849841081563886064e+03 -3.391962918340918169e-03 -8.030258193215327606e-03
1.849872607809602641e+03 -3.387769192168601454e-03 -8.056285733341772559e-03
1.849888399177827978e+03 -3.383957927093175170e-03 -8.126356843140648822e-03
1.849904188984667144e+03 -3.380708309180397060e-03 -8.221141564726804768e-03
1.849935680842801730e+03 -3.374861940547865986e-03 -8.508742814866616586e-03
1.849951406027931625e+03 -3.370753733054056896e-03 -8.704463577769900456e-03
1.849967115345864158e+03 -3.366267657778695705e-03 -8.907813364445776178e-03
1.849982807450564223e+03 -3.362230575944984753e-03 -9.095482525555495176e-03
1.850014191905189136e+03 -3.355759084870907870e-03 -9.434343666447029056e-03
1.850029884378523093e+03 -3.351301411740079637e-03 -9.552342042781396605e-03
1.850045585211961225e+03 -3.345679219067115417e-03 -9.643815926343885306e-03
1.850061305498094953e+03 -3.341955766838592377e-03 -9.712429674739429114e-03
1.850092767349487531e+03 -3.328150580919673682e-03 -9.810916812560421113e-03
1.850108528607911921e+03 -3.322161985378975588e-03 -9.825918370495219031e-03
1.850124308186870394e+03 -3.315089179330223210e-03 -9.821578170618036271e-03
1.850140094939388518e+03 -3.307713747161369552e-03 -9.791511120738611088e-03
1.850171631940136649e+03 -3.296482241300903188e-03 -9.677282656565477925e-03
1.850187381112647472e+03 -3.289259598947381815e-03 -9.602087249068276889e-03
1.850203126395412028e+03 -3.283818831779656850e-03 -9.515596088913372622e-03
1.850234544851605961e+03 -3.274419692488077498e-03 -9.318905401349216605e-03
1.850250177578556531e+03 -3.271202719622153497e-03 -9.207078148006768784e-03
1.850265788731755720e+03 -3.268927388227227740e-03 -9.086997120061588579e-03
1.850281401291812244e+03 -3.266909204083634239e-03 -8.972171674731996976e-03
1.850312688541684111e+03 -3.262483663797108909e-03 -8.738953936448011842e-03
1.850328401210567336e+03 -3.257444637900276836e-03 -8.629342160969938683e-03
1.850344162045051917e+03 -3.254037341422196927e-03 -8.524604468626044082e-03
1.850375724606465383e+03 -3.252562747719553015e-03 -8.330526238085701751e-03
1.850391435861581840e+03 -3.252677115276761920e-03 -8.235765934087724630e-03
1.850407144067460194e+03 -3.254268003350600878e-03 -8.141379224896929875e-03
1.850422806733828565e+03 -3.256584959138457760e-03 -8.048120639799158718e-03
1.850454089356832355e+03 -3.262282317981752503e-03 -7.872650693678850606e-03
1.850469730143769539e+03 -3.269811934131807568e-03 -7.803369983292216851e-03
1.850485391414321384e+03 -3.276559956170962788e-03 -7.748482963207994380e-03
1.850501075333203062e+03 -3.283032049928094609e-03 -7.673326361065378395e-03
1.850532490253966898e+03 -3.299915561899727321e-03 -7.512618052193622241e-03
1.850548218037911965e+03 -3.310439292472359789e-03 -7.429065267198865785e-03
1.850563974384302128e+03 -3.319434568201016199e-03 -7.345578316478097378e-03
1.850595514341230910e+03 -3.336031637010799730e-03 -7.170339327699210182e-03
1.850611293108779591e+03 -3.344751616990182010e-03 -7.083836272449770682e-03
1.850627080842302121e+03 -3.353023846901662629e-03 -6.998932585073260049e-03
1.850642835142896729e+03 -3.359450884047686554e-03 -6.912159387807716680e-03
1.850674314427137688e+03 -3.370649889944145154e-03 -6.798893577250444790e-03
1.850690042439209037e+03 -3.376080861073036711e-03 -6.775536537167391703e-03
1.850705753651361647e+03 -3.378606833875660072e-03 -6.644855412703007912e-03
1.850721455130329787e+03 -3.382780028057227710e-03 -6.615959901013849717e-03
1.850752851289298178e+03 -3.388132866533203561e-03 -6.833440849766700236e-03
1.850768549863632870e+03 -3.390584437981000732e-03 -7.087648721286498622e-03
1.850784247807355541e+03 -3.393442972794257894e-03 -7.382947306173170965e-03
1.850815686046042856e+03 -3.395069917591108689e-03 -7.613288953602331821e-03
1.850831404821355591e+03 -3.395961199809287463e-03 -7.919125886763276473e-03
1.850847155051496429e+03 -3.395314904548163339e-03 -8.049219856578717497e-03
1.850862911845966437e+03 -3.392376860528351599e-03 -8.045363976798442299e-03
1.850894485673264853e+03 -3.387719542344104495e-03 -8.150527160083218675e-03
1.850910257674376226e+03 -3.384990338782444420e-03 -8.248760861751412363e-03
1.850926006776483973e+03 -3.379655466620676198e-03 -8.381029907611142402e-03
1.850941746497151144e+03 -3.377671487054647106e-03 -8.553907857239129858e-03
1.850973165477811335e+03 -3.369651253201463685e-03 -8.960054218517808297e-03
1.850988854923030885e+03 -3.365450279641368087e-03 -9.140470053515597701e-03
1.851004546079542934e+03 -3.360479662535767985e-03 -9.315828192392522009e-03
1.851020236806779621e+03 -3.355535241296492537e-03 -9.467170389920155638e-03
1.851051639472043917e+03 -3.347194870622311174e-03 -9.663843171534120327e-03
1.851067366632003996e+03 -3.340525213566351674e-03 -9.736566471596364708e-03
1.851083090317292317e+03 -3.335807364267035034e-03 -9.795107469394241304e-03
1.851114602671221974e+03 -3.322016529273623311e-03 -9.836739521120345386e-03
1.851130397549352665e+03 -3.316741716237131456e-03 -9.827265413873192620e-03
1.851146185584847672e+03 -3.309751874295372744e-03 -9.787550010640858750e-03
1.851161949376256871e+03 -3.303257659591542390e-03 -9.735789714752975457e-03
1.851193446490464339e+03 -3.290737714163999815e-03 -9.590436320427397215e-03
1.851209194417688877e+03 -3.286648970159926440e-03 -9.497087099259825596e-03
1.851224917605143219e+03 -3.281490379088522480e-03 -9.399191182534131356e-03
1.851240580561858451e+03 -3.276924228622792208e-03 -9.296253143575789260e-03
1.851271810085924244e+03 -3.269762542530698160e-03 -9.059820732437559934e-03
1.851287424701225746e+03 -3.267505487342130602e-03 -8.944748233402339752e-03
1.851303062215990849e+03 -3.265084446807721159e-03 -8.825611062522156422e-03
1.851334471581596517e+03 -3.259894589177307796e-03 -8.606000871804178262e-03
1.851350242429391756e+03 -3.257910859140267321e-03 -8.503465564614379538e-03
1.851366025704343429e+03 -3.254770411706656760e-03 -8.405315578841688132e-03
1.851381782848734247e+03 -3.256475573629738756e-03 -8.311957041617709305e-03
1.851413173972638106e+03 -3.255903812660942975e-03 -8.121646061794100813e-03
1.851428841520269089e+03 -3.257419442819913663e-03 -8.028103909285043069e-03
1.851444483443566014e+03 -3.262442929275063529e-03 -7.940299597524853870e-03
1.851460115896561774e+03 -3.268217589795515722e-03 -7.856348660875204365e-03
1.851491429495654074e+03 -3.280655930918728765e-03 -7.734754244347704331e-03
1.851507118619701941e+03 -3.287939519031755214e-03 -7.656817494024331650e-03
1.851522823985651030e+03 -3.295650728794956470e-03 -7.573114198150071585e-03
1.851554276097092952e+03 -3.313133171553385003e-03 -7.412433827158625838e-03
1.851570039867787500e+03 -3.323137892464304594e-03 -7.328001980117100980e-03
1.851585806285305353e+03 -3.333751797381043821e-03 -7.241259708177003040e-03
1.851601590439846404e+03 -3.340990030384735372e-03 -7.152840499726575811e-03
1.851633143455553409e+03 -3.355813531224756049e-03 -6.981757175522572065e-03
1.851648905275002335e+03 -3.363928614854677993e-03 -6.893717681005239774e-03
1.851664630872251337e+03 -3.368531588937396810e-03 -6.819149299014197127e-03
1.851680368495903622e+03 -3.374259691344684738e-03 -6.797058909413959855e-03
1.851711798252812287e+03 -3.383097041887495483e-03 -6.629949250854463502e-03
1.851727496262506520e+03 -3.387435680752962520e-03 -6.632847101067367024e-03
1.851743197579754224e+03 -3.390427936174324371e-03 -6.721740182007091176e-03
1.851774590293798610e+03 -3.394948679632278903e-03 -7.174056654706387898e-03
1.851790289392990644e+03 -3.396386094053150621e-03 -7.424443108011912103e-03
1.851806010164462350e+03 -3.397163226034649684e-03 -7.460610315524193910e-03
1.851821735507674930e+03 -3.397940960973658189e-03 -7.714979344119696561e-03
1.851853218625110685e+03 -3.395375004381112616e-03 -8.063436383199019605e-03
1.851868978972426476e+03 -3.394163930450948014e-03 -8.050724127925691295e-03
1.851884773318236284e+03 -3.391187411249729083e-03 -8.093759873487073320e-03
1.851900566774349500e+03 -3.389703103407862989e-03 -8.175706007456071817e-03
1.851932063919084612e+03 -3.381273010825560678e-03 -8.425372631753235211e-03
1.851947795975961299e+03 -3.377777663062992309e-03 -8.607983386399445033e-03
1.851963510828776407e+03 -3.373629466316576016e-03 -8.818535387270540898e-03
1.851994896877614565e+03 -3.367229363464142259e-03 -9.190911770037484690e-03
1.852010590116258072e+03 -3.362464751564679319e-03 -9.361623035748396771e-03
1.852026278844197805e+03 -3.357654965164308565e-03 -9.499827791924259426e-03
1.852041972970162760e+03 -3.352862928496503064e-03 -9.605446320394350063e-03
1.852073416385236669e+03 -3.341115359026862030e-03 -9.759492046628527248e-03
1.852089148820054334e+03 -3.336271955535050418e-03 -9.806649912794075316e-03
1.852104909059573629e+03 -3.327999628799302879e-03 -9.831858173111178781e-03
1.852120674851408012e+03 -3.322815245136183284e-03 -9.839214934818273778e-03
1.852152261626431255e+03 -3.309264702764706800e-03 -9.776198195735089427e-03
1.852168014577527174e+03 -3.301894786450444794e-03 -9.720707008506180441e-03
1.852183759821954709e+03 -3.296297247630752825e-03 -9.648638224563669055e-03
1.852215245591906069e+03 -3.285018122888279206e-03 -9.469018314080684257e-03
1.852230950389249301e+03 -3.281202635741596076e-03 -9.373221425544942323e-03
1.852246602762618977e+03 -3.277519248768330160e-03 -9.262953311498229106e-03
1.852262218853708191e+03 -3.273849548940431422e-03 -9.145785303002140765e-03
1.852293443846729815e+03 -3.269125152640697286e-03 -8.908563924643460308e-03
1.852309088576975455e+03 -3.266964956875288446e-03 -8.793693395790860151e-03
1.852324782137231296e+03 -3.262818630292512422e-03 -8.682873698782884661e-03
1.852340531103273634e+03 -3.258541036680695589e-03 -8.576681223700465331e-03
1.852372087719022147e+03 -3.256707229970353269e-03 -8.378013632832578134e-03
1.852387821675670466e+03 -3.255012963073144073e-03 -8.284873662573296466e-03
1.852403536809589923e+03 -3.256825140654561433e-03 -8.188807920467118528e-03
1.852434863875031397e+03 -3.260977569129228093e-03 -8.003553444041995937e-03
1.852450492051076708e+03 -3.265262326435685453e-03 -7.916052727322079111e-03
1.852466129260259549e+03 -3.269776236163945884e-03 -7.836363947875029171e-03
1.852481782524777827e+03 -3.276117937600363933e-03 -7.776175787628577564e-03
1.852513156303838514e+03 -3.292748600119973536e-03 -7.632402505463062835e-03
1.852528866971437992e+03 -3.300320387044728982e-03 -7.551123726427019962e-03
1.852544588276821742e+03 -3.309288578914888757e-03 -7.470208054764802819e-03
1.852560333276062238e+03 -3.319549938998505884e-03 -7.389156643041019761e-03
1.852591873595793913e+03 -3.335253138128361442e-03 -7.216995508137984301e-03
1.852607657920299516e+03 -3.344730589617963146e-03 -7.129111843137402385e-03
1.852623444401869392e+03 -3.352699819801639551e-03 -7.043114751719584642e-03
1.852654952589202821e+03 -3.365132761241029259e-03 -6.871806770721942265e-03
1.852670683199730547e+03 -3.373568175210014865e-03 -6.803257712832958513e-03
1.852686412026835796e+03 -3.377102112854074491e-03 -6.791069056265199369e-03
1.852702123340057824e+03 -3.381486905359203359e-03 -6.721855523926501680e-03
1.852733526912955995e+03 -3.387395271729565140e-03 -6.650438837727037748e-03
1.852749227827941468e+03 -3.391134879027953367e-03 -6.758725670345811128e-03
1.852764927763613969e+03 -3.395505854527724673e-03 -6.946088557562265890e-03
1.852780624885976749e+03 -3.398070511729916685e-03 -7.266728183482610258e-03
1.852812056106338559e+03 -3.401683285102833666e-03 -7.515366245388826333e-03
1.852827774311119128e+03 -3.399497075819165205e-03 -7.797938496635244132e-03
1.852843517594698142e+03 -3.398850383461542168e-03 -8.029059961475626395e-03
1.852875054896196161e+03 -3.395419171206536142e-03 -8.056493357447675266e-03
1.852890839348874351e+03 -3.391592105062802339e-03 -8.114485849772312687e-03
1.852906624701444343e+03 -3.388083178634288418e-03 -8.199404123144588691e-03
1.852922373649391602e+03 -3.386584064406777429e-03 -8.316869476010712789e-03
1.852953837964285867e+03 -3.378027681273278703e-03 -8.663362512952625660e-03
1.852969542538982978e+03 -3.374517673140066312e-03 -8.873066326018799396e-03
1.852985233466468117e+03 -3.369887699328129923e-03 -9.060077474942298745e-03
1.853000925628727600e+03 -3.365742104788288416e-03 -9.233942752449146585e-03
1.853032309670539235e+03 -3.358258299064697736e-03 -9.523134922427537938e-03
1.853048013676343089e+03 -3.353471518989528232e-03 -9.620786227054660758e-03
1.853063738915622480e+03 -3.347734844436252907e-03 -9.697926266157966269e-03
1.853095204736032201e+03 -3.335222250415562951e-03 -9.808731485977122480e-03
1.853110966002819850e+03 -3.329078583922294270e-03 -9.832911672286465815e-03
1.853126753524290280e+03 -3.323247658646425254e-03 -9.834550462703445933e-03
1.853142536817168093e+03 -3.315234686599819770e-03 -9.807539724130599768e-03
1.853174066801774870e+03 -3.302311793149386495e-03 -9.698781437572513014e-03
1.853189813819505162e+03 -3.296760870765808125e-03 -9.624579731709945532e-03
1.853205552139807196e+03 -3.290321007432243320e-03 -9.538287507901465137e-03
1.853221282866084948e+03 -3.286424898245185727e-03 -9.439799540388101040e-03
1.853252610073600408e+03 -3.276890636100251650e-03 -9.229392079984584385e-03
1.853268221823827389e+03 -3.274253488795308455e-03 -9.107814862899391364e-03
1.853283831070433280e+03 -3.272706695169731034e-03 -8.993948154127883940e-03
1.853315116057190380e+03 -3.267426277157424973e-03 -8.760058730150305922e-03
1.853330828781828586e+03 -3.262966951495542035e-03 -8.650375761422718357e-03
1.853346586769323949e+03 -3.260593223560656097e-03 -8.546372368548181553e-03
1.853362381768082287e+03 -3.257171772955598076e-03 -8.446755245684544125e-03
1.853393853343822229e+03 -3.258232960743618137e-03 -8.254933031636508406e-03
1.853409554351596171e+03 -3.260131410963971067e-03 -8.161152714603612038e-03
1.853425219733523136e+03 -3.259900397923582577e-03 -8.066689192140661172e-03
1.853440872787199623e+03 -3.263598581177869218e-03 -7.977616379346392714e-03
1.853472136805504078e+03 -3.274272335917035020e-03 -7.815188793946093587e-03
1.853487796815061529e+03 -3.281055736069114249e-03 -7.760127995339533361e-03
1.853503479365021803e+03 -3.287900706312124957e-03 -7.689377258431645719e-03
1.853534896315376955e+03 -3.302847115821647226e-03 -7.528129130745154010e-03
1.853550626913831593e+03 -3.313776526527417634e-03 -7.446385065747836672e-03
1.853566386123952498e+03 -3.324076334998680732e-03 -7.364698062718618744e-03
1.853582148132293241e+03 -3.332143259466241111e-03 -7.279418587318135271e-03
1.853613712795711763e+03 -3.347924652365448506e-03 -7.104860196236396225e-03
1.853629494269879842e+03 -3.356645617010835334e-03 -7.018998197631415824e-03
1.853645249326323665e+03 -3.364251655815139568e-03 -6.931755689843581078e-03
1.853660983111244150e+03 -3.371460092032602194e-03 -6.848743289434243951e-03
1.853692442395330772e+03 -3.380926868724138008e-03 -6.780115515974039289e-03
1.853708154824205394e+03 -3.385304983756148595e-03 -6.687674965416477019e-03
1.853723854319229304e+03 -3.388293708671241168e-03 -6.612362257298034542e-03
1.853755249679889403e+03 -3.394313627473225653e-03 -6.797210950577468880e-03
1.853770947566595851e+03 -3.396346424610594255e-03 -7.011052087154722931e-03
1.853786646153612082e+03 -3.398626698881189977e-03 -7.337733609656934240e-03
1.853802361455250548e+03 -3.400837949860072845e-03 -7.456124943641350561e-03
1.853833813203785667e+03 -3.401794281242768742e-03 -7.885384824681745258e-03
1.853849563813391114e+03 -3.402123074157888550e-03 -8.055038367026765359e-03
1.853865320664113597e+03 -3.397854875131056229e-03 -8.057165488287146640e-03
1.853881113886888897e+03 -3.396583937814251931e-03 -8.066326645783062840e-03
1.853912665196799935e+03 -3.390437773123261642e-03 -8.226691821246981395e-03
1.853928413005983430e+03 -3.385494781763221609e-03 -8.354060110672242162e-03
1.853944150831831166e+03 -3.383282390958900279e-03 -8.516615217064418472e-03
1.853975567741804070e+03 -3.376284586229503972e-03 -8.924928931218645972e-03
1.853991256840220331e+03 -3.371951981081948522e-03 -9.102067087363389236e-03
1.854006946485939579e+03 -3.367251494758128488e-03 -9.273765798015663753e-03
1.854022636199133103e+03 -3.362283057891859474e-03 -9.426676357864325131e-03
1.854054042896920237e+03 -3.352527737692367806e-03 -9.635284781753983632e-03
1.854069771021246197e+03 -3.347223900291752905e-03 -9.716607469780492654e-03
1.854085497590755949e+03 -3.342168871774125506e-03 -9.778179989162711500e-03
1.854101250742232423e+03 -3.335934274652834798e-03 -9.814366719265795944e-03
1.854132809389762770e+03 -3.321874242344516684e-03 -9.830031850996841930e-03
1.854148602785214734e+03 -3.315878195508978766e-03 -9.793097147057134438e-03
1.854164357710146078e+03 -3.308011903160476119e-03 -9.744188775226883537e-03
1.854180106382133999e+03 -3.301284175432200700e-03 -9.678357963738549313e-03
1.854211587537407922e+03 -3.291724216699720013e-03 -9.509354580358198375e-03
1.854227308710283069e+03 -3.287644791231875314e-03 -9.413087025371840583e-03
1.854242984668156623e+03 -3.282332910984143374e-03 -9.308570946729601350e-03
1.854274216206170649e+03 -3.275398408696405389e-03 -9.073558388499098140e-03
1.854289826109141359e+03 -3.272616695980908649e-03 -8.956808838466299993e-03
1.854305460656459672e+03 -3.270177206757540755e-03 -8.839765468858593739e-03
1.854321136131280582e+03 -3.266197642362512338e-03 -8.727950410362918937e-03
1.854352642776538687e+03 -3.262731464697167950e-03 -8.518185773564623114e-03
1.854368420130813092e+03 -3.259982301955297382e-03 -8.418634462932365545e-03
1.854384171018145025e+03 -3.258656469064346358e-03 -8.325458980859465688e-03
1.854415558725025448e+03 -3.259475667003051275e-03 -8.134213810582695964e-03
1.854431225897406193e+03 -3.262146129056607471e-03 -8.041028019636175042e-03
1.854446862891420778e+03 -3.267323873640985005e-03 -7.953014658778493132e-03
1.854462494892709856e+03 -3.271015641598680381e-03 -7.866373741851706222e-03
1.854493807917906224e+03 -3.284797682850036388e-03 -7.740280729651681513e-03
1.854509497808823198e+03 -3.291539927539939830e-03 -7.666423995088769532e-03
1.854525201992422353e+03 -3.299279393702018483e-03 -7.581711482533526683e-03
1.854540919137051787e+03 -3.308019625394888370e-03 -7.504621285829736997e-03
1.854572423048534802e+03 -3.325994096356133661e-03 -7.341475562846645243e-03
1.854588195135204387e+03 -3.337066895864953912e-03 -7.256107899043084258e-03
1.854603983332807502e+03 -3.343097729700370176e-03 -7.168178963528345528e-03
1.854635526313194077e+03 -3.359718614938507052e-03 -6.995485682596393542e-03
1.854651284267273013e+03 -3.367932097755395923e-03 -6.907913912780256661e-03
1.854667010571266474e+03 -3.372211167488123589e-03 -6.826750435648151587e-03
1.854682743124070839e+03 -3.379074596061158904e-03 -6.775172994216716212e-03
1.854714167238419122e+03 -3.386418701847778226e-03 -6.657477838129518231e-03
1.854729864311641677e+03 -3.391237435791797684e-03 -6.616612688565949932e-03
1.854745564092204404e+03 -3.395733190783507219e-03 -6.692682698394285257e-03
1.854761266853351799e+03 -3.398621725897945159e-03 -6.839313325943804575e-03
1.854792662223818752e+03 -3.402385216834827829e-03 -7.401824461942225347e-03
1.854808386058242831e+03 -3.403936242857878540e-03 -7.471525783793862840e-03
1.854824108256008913e+03 -3.402978528667703444e-03 -7.657697187865244830e-03
1.854855600905215397e+03 -3.400726224283218482e-03 -8.067875255690802258e-03
1.854871364096093657e+03 -3.399962287937241187e-03 -8.053051600022613499e-03
1.854887157558164290e+03 -3.396435684548017829e-03 -8.081742908051834512e-03
1.854902949245976060e+03 -3.394020950797117017e-03 -8.153846870773568886e-03
1.854934442394717507e+03 -3.387551037755559460e-03 -8.393592472562400736e-03
1.854950169983696696e+03 -3.383671948065323717e-03 -8.567492349500164389e-03
1.854965881811344616e+03 -3.379087570234472291e-03 -8.776968562165499491e-03
1.854981574516292312e+03 -3.375691757944728356e-03 -8.972484371987035981e-03
1.855012958259936113e+03 -3.369110257382517022e-03 -9.313210511896739124e-03
1.855028651488924879e+03 -3.364223408009285165e-03 -9.453243274899757534e-03
1.855044347651879207e+03 -3.358979735273904046e-03 -9.563184509838489750e-03
1.855060067769107491e+03 -3.354948252514137162e-03 -9.649018957992258963e-03
1.855091527708775629e+03 -3.341582600741781466e-03 -9.781544807806734354e-03
1.855107288940430180e+03 -3.334865848410413763e-03 -9.815563232383969078e-03
1.855123062900672949e+03 -3.328192781419603286e-03 -9.828325608530761107e-03
1.855154642245206333e+03 -3.313442331056890879e-03 -9.774827454378718500e-03
1.855170393950272455e+03 -3.308905681327257205e-03 -9.721138410045463557e-03
1.855186138135255078e+03 -3.301753698314009201e-03 -9.651819574502768992e-03
1.855201871399795209e+03 -3.296016476629862017e-03 -9.572109046641437760e-03
1.855233313990698207e+03 -3.285652279550539418e-03 -9.380176353469266495e-03
1.855248975992946498e+03 -3.282304635988791356e-03 -9.271040001089921045e-03
1.855264596720891177e+03 -3.279406626832906228e-03 -9.152533033006391913e-03
1.855280202378402691e+03 -3.276325401053854693e-03 -9.038448796472805385e-03
1.855311460181041639e+03 -3.272955133344386015e-03 -8.803465871682186403e-03
1.855327153795622053e+03 -3.268091841747822798e-03 -8.692282678128174234e-03
1.855342898849832636e+03 -3.263411057000438140e-03 -8.586870120517644395e-03
1.855374457949134239e+03 -3.261078746504139040e-03 -8.388188437759248536e-03
1.855390178518752464e+03 -3.260487037121586901e-03 -8.293706873781343802e-03
1.855405891090638761e+03 -3.261435532017937112e-03 -8.197864446469554922e-03
1.855421555947035131e+03 -3.264141407921584883e-03 -8.103668432314990733e-03
1.855452842126254154e+03 -3.268311245545436720e-03 -7.924388851079095311e-03
1.855468476005029743e+03 -3.274454219022280340e-03 -7.840373797452193996e-03
1.855484128462409672e+03 -3.280760353495771036e-03 -7.777674800085211670e-03
1.855515501802848348e+03 -3.295052669002398755e-03 -7.637957587356704846e-03
1.855531211809687420e+03 -3.304531686513366429e-03 -7.557824767278043497e-03
1.855546938619838102e+03 -3.314398083450589838e-03 -7.477825432036989961e-03
1.855562687981833506e+03 -3.323714129201236697e-03 -7.398562293452587771e-03
1.855594234682498154e+03 -3.339357872229178036e-03 -7.228804843876401182e-03
1.855610015451295567e+03 -3.349421108649633556e-03 -7.140691264854000068e-03
1.855625801668006261e+03 -3.357479301599852316e-03 -7.054285258284768989e-03
1.855641550835769522e+03 -3.364199888952812845e-03 -6.967355819312884627e-03
1.855673028023166353e+03 -3.377853622169868682e-03 -6.801358059382042222e-03
1.855688755747644336e+03 -3.382111150723761742e-03 -6.763603334586449668e-03
1.855704463494900892e+03 -3.385588179791506908e-03 -6.743788512385709075e-03
1.855720166689724010e+03 -3.390091623369609428e-03 -6.628718584831059905e-03
1.855751563749775869e+03 -3.396012649576883504e-03 -6.719524998051733429e-03
1.855767264346502088e+03 -3.399414328968835587e-03 -6.882920463326094342e-03
1.855782962442856160e+03 -3.402936717453622188e-03 -7.169165595322503012e-03
1.855814400114121781e+03 -3.405511519103507096e-03 -7.492475423939768883e-03
1.855830117261619762e+03 -3.405795080485150318e-03 -7.737756736148963983e-03
1.855845866067466204e+03 -3.404993291138896667e-03 -8.010230671522053369e-03
1.855861623225528319e+03 -3.403478476944686148e-03 -8.062879390613935521e-03
1.855893192937026242e+03 -3.398376764479260105e-03 -8.096353520013324645e-03
1.855908970411741620e+03 -3.395743752368898197e-03 -8.175446716252941781e-03
1.855924719810764373e+03 -3.391557579582831286e-03 -8.289001882463658405e-03
1.855940461328595575e+03 -3.389233282356471713e-03 -8.434507451383316950e-03
1.855971881819808004e+03 -3.381296795896344271e-03 -8.827308754769851509e-03
1.855987571927757699e+03 -3.376905919845847419e-03 -9.012459871082491303e-03
1.856003263243329002e+03 -3.372146549240580011e-03 -9.184538698362209111e-03
1.856034647046370310e+03 -3.363360258263740823e-03 -9.476045190802639961e-03
1.856050353954396996e+03 -3.359710811100881031e-03 -9.577114879374168388e-03
1.856066080938006507e+03 -3.352620700459646615e-03 -9.664349185019455515e-03
1.856081801550552882e+03 -3.347996903633596553e-03 -9.738365247401143537e-03
1.856113313646252209e+03 -3.334303535763790370e-03 -9.817275784195578572e-03
1.856129106361093818e+03 -3.329191589658106205e-03 -9.824990281695988176e-03
1.856144891814067478e+03 -3.321668042086631766e-03 -9.802780715898689809e-03
1.856160661171410084e+03 -3.315371046864150698e-03 -9.759671627051130782e-03
1.856192154578840018e+03 -3.302264663065586012e-03 -9.630554192195181148e-03
1.856207889077952814e+03 -3.296705268373872205e-03 -9.544485298497787373e-03
1.856223613778679010e+03 -3.291811928360071932e-03 -9.447326983009577198e-03
1.856254955028669883e+03 -3.282207426012461078e-03 -9.238877862726270138e-03
1.856270569548106323e+03 -3.278429591570018471e-03 -9.118433194262186639e-03
1.856286175926106125e+03 -3.276586793299042077e-03 -9.003130142754851156e-03
1.856301799336072463e+03 -3.274338772682796120e-03 -8.883383507201128224e-03
1.856333170652012541e+03 -3.267901160434601941e-03 -8.661713150826299071e-03
1.856348923051128622e+03 -3.265808959100496758e-03 -8.558463614187904189e-03
1.856364714325906789e+03 -3.262227208846814330e-03 -8.458456927446497686e-03
1.856380475335427263e+03 -3.264374884938719534e-03 -8.363212194994511933e-03
1.856411872824874081e+03 -3.263496388060151132e-03 -8.171653704753735481e-03
1.856427541124485060e+03 -3.263419090821508342e-03 -8.076978329787317529e-03
1.856443190890498045e+03 -3.267694507725442659e-03 -7.987771383775543743e-03
1.856474456005973707e+03 -3.277755320539232995e-03 -7.819513545474568450e-03
1.856490113270857137e+03 -3.284340860989358110e-03 -7.761024538314643777e-03
1.856505794331354537e+03 -3.291593471964612567e-03 -7.696560192629387127e-03
1.856521495995949181e+03 -3.298594674513528977e-03 -7.612445109219716406e-03
1.856552943674916605e+03 -3.315902406441991086e-03 -7.456221375697271760e-03
1.856568705882127460e+03 -3.326715934026086129e-03 -7.376276501890976015e-03
1.856584475804309932e+03 -3.336219391040074964e-03 -7.292782184442405183e-03
1.856600262810271033e+03 -3.345001449610157489e-03 -7.205629435154168629e-03
1.856631812869961095e+03 -3.359575079627094910e-03 -7.031512014895786172e-03
1.856647570041286599e+03 -3.367928761249743431e-03 -6.942383718079145512e-03
1.856663295134647115e+03 -3.374459584235914213e-03 -6.858918294954036328e-03
1.856694749827961459e+03 -3.384349204488587993e-03 -6.755648898784836001e-03
1.856710459311829482e+03 -3.390310085997211634e-03 -6.718084151295828331e-03
1.856726159942114009e+03 -3.393871119016338145e-03 -6.613616238311186869e-03
1.856741857708434054e+03 -3.397026592007023303e-03 -6.638491299435484924e-03
1.856773253380429651e+03 -3.402325435555671705e-03 -6.937907721726299486e-03
1.856788952601265919e+03 -3.404243176020979415e-03 -7.251469216161535690e-03
1.856804672146181474e+03 -3.405532005568169367e-03 -7.471537088182421751e-03
1.856820399124457253e+03 -3.406843289836246694e-03 -7.533539566810964171e-03
1.856851878323031542e+03 -3.406136039965572231e-03 -8.040153564348478943e-03
1.856867637584244449e+03 -3.403829453636525188e-03 -8.057175221315602751e-03
1.856883431984228991e+03 -3.401594275606336770e-03 -8.057031239726042057e-03
1.856914980228772038e+03 -3.395086983460964426e-03 -8.202546217312797761e-03
1.856930725821233409e+03 -3.391691630959324348e-03 -8.322909303833581421e-03
1.856946460451592884e+03 -3.388734754059170590e-03 -8.478355664509986886e-03
1.856962176553193785e+03 -3.385444506861414859e-03 -8.674702796282494216e-03
1.856993565170732609e+03 -3.378248771579276527e-03 -9.056189806674453877e-03
1.857009255177134264e+03 -3.373440899804936843e-03 -9.226538207739495151e-03
1.857024943342061761e+03 -3.368827068875018989e-03 -9.377411872363107526e-03
1.857040636910932562e+03 -3.363952295038763300e-03 -9.500889879670258720e-03
1.857072080177841599e+03 -3.352938319500756333e-03 -9.686137009638459347e-03
1.857087809233250027e+03 -3.347989546900135855e-03 -9.753396855596348225e-03
1.857103566826880297e+03 -3.339742018075282735e-03 -9.798052551777241756e-03
1.857135127106863138e+03 -3.326993920447028370e-03 -9.826086086321473775e-03
1.857150919887228838e+03 -3.321458243742643913e-03 -9.795676420008277846e-03
1.857166672897726357e+03 -3.312918853120057003e-03 -9.749042873080905613e-03
1.857182419114453523e+03 -3.307098024194950799e-03 -9.686773744210504938e-03
1.857213886565571102e+03 -3.295101291652336763e-03 -9.520737440876407900e-03
1.857229605642163733e+03 -3.291715764986749906e-03 -9.426521747843603222e-03
1.857245290715387910e+03 -3.287107744973607158e-03 -9.321805254241413360e-03
1.857260929392444496e+03 -3.282089556805443953e-03 -9.206867982623609739e-03
1.857292142141575823e+03 -3.276649368564833135e-03 -8.970780911726945056e-03
1.857307772194953031e+03 -3.274488570747422726e-03 -8.854952132943273713e-03
1.857323446649955258e+03 -3.270860995111471090e-03 -8.742468754286190566e-03
1.857354952508969063e+03 -3.265975372849860749e-03 -8.533635792524911501e-03
1.857370723684224004e+03 -3.263847756345206359e-03 -8.433240138782634523e-03
1.857386467074103621e+03 -3.260837003865769620e-03 -8.339561857304103251e-03
1.857402180383237919e+03 -3.263608984654109858e-03 -8.241729899522272362e-03
1.857433517244634231e+03 -3.266456865679959621e-03 -8.054313760592166083e-03
1.857449149861370643e+03 -3.270918606375624454e-03 -7.965335610727623458e-03
1.857464781347448024e+03 -3.273781614730110479e-03 -7.878315147655936407e-03
1.857480425700093292e+03 -3.279966446687891148e-03 -7.801300336844406262e-03
1.857511782528839149e+03 -3.295488354226557871e-03 -7.675660356857606781e-03
1.857527490075510968e+03 -3.302203889462593939e-03 -7.591872391979812701e-03
1.857543207586745439e+03 -3.311225575301880025e-03 -7.514399011808298862e-03
1.857574713362038437e+03 -3.328626140963672486e-03 -7.356401831637980095e-03
1.857590492837107149e+03 -3.337731259950201586e-03 -7.271862169324653721e-03
1.857606280782317981e+03 -3.346199060184388945e-03 -7.183982800372880166e-03
1.857622061451650097e+03 -3.355258722571388859e-03 -7.096076236852495722e-03
1.857653569238788350e+03 -3.369333667600395502e-03 -6.921654168530600240e-03
1.857669297436705619e+03 -3.376733520841045891e-03 -6.836937353704701341e-03
1.857685024111797475e+03 -3.382156387697034510e-03 -6.762500358802228662e-03
1.857700734817814919e+03 -3.387267826703698349e-03 -6.749664417068141145e-03
1.857732139598385857e+03 -3.393602326785464043e-03 -6.609495094054014530e-03
1.857747840084502286e+03 -3.398364723683365042e-03 -6.660216288222914338e-03
1.857763541240268523e+03 -3.402807536902302879e-03 -6.790162476742272156e-03
1.857794944339936592e+03 -3.406689385929876236e-03 -7.339199542634448035e-03
1.857810668531708870e+03 -3.409591563017314638e-03 -7.486380149639712024e-03
1.857826388187560951e+03 -3.407306726912726763e-03 -7.605030885018320384e-03
1.857842127950597842e+03 -3.407557038442551086e-03 -7.912101070142387935e-03
1.857873658795761912e+03 -3.404200857131754049e-03 -8.051705479086915251e-03
1.857889447354549702e+03 -3.400699128618468823e-03 -8.072735737780150495e-03
1.857905235993741599e+03 -3.397299510354602221e-03 -8.137623721071012006e-03
1.857920985765965042e+03 -3.396400969814043682e-03 -8.233534670596020372e-03
1.857952451563918430e+03 -3.388164528513671996e-03 -8.531379299239435707e-03
1.857968159238569797e+03 -3.384181429225206154e-03 -8.734402447493797711e-03
1.857983850837939826e+03 -3.379922506762550807e-03 -8.926994410194328752e-03
1.858015234879835589e+03 -3.373171206477942278e-03 -9.267835100726363323e-03
1.858030926057327633e+03 -3.369158372506493235e-03 -9.409260066307297346e-03
1.858046629234409920e+03 -3.363745164874482139e-03 -9.523042475816555219e-03
1.858062350439338161e+03 -3.359404476043863046e-03 -9.618454325183071682e-03
1.858093813369639520e+03 -3.345751059035240779e-03 -9.764506858053934382e-03
1.858109575100992515e+03 -3.339931090236092012e-03 -9.805939873003157239e-03
1.858125358850528301e+03 -3.333089184596346472e-03 -9.824367670906993671e-03
1.858141142897129839e+03 -3.325422044148580811e-03 -9.818439957845944907e-03
1.858172676472917829e+03 -3.313206028157017913e-03 -9.731768499885039628e-03
1.858188423060129253e+03 -3.305996638798859143e-03 -9.666566724517438799e-03
1.858204148939928700e+03 -3.299604488483611018e-03 -9.588460898977932065e-03
1.858235586595631503e+03 -3.288689130839108667e-03 -9.398369845390844302e-03
1.858251257812906715e+03 -3.284277410020620264e-03 -9.290372734608216138e-03
1.858266887609619516e+03 -3.281222596302659465e-03 -9.171231931374531493e-03
1.858282494248134071e+03 -3.278895754990027514e-03 -9.057911154827786096e-03
1.858313748477127092e+03 -3.274332032720332977e-03 -8.823115851292558445e-03
1.858329439106645850e+03 -3.269976641356361641e-03 -8.711357733773286358e-03
1.858345178758721659e+03 -3.266330168869513006e-03 -8.606959023075701903e-03
1.858360969313722762e+03 -3.263328078983045166e-03 -8.505663469694444909e-03
1.858392448849388074e+03 -3.263156585823925090e-03 -8.311627791971337720e-03
1.858408154907825519e+03 -3.264838623437889362e-03 -8.215686082255566763e-03
1.858423820621639607e+03 -3.265243715201528348e-03 -8.120871159525869937e-03
1.858455108329227642e+03 -3.270047657446302578e-03 -7.940449475378431529e-03
1.858470738672526068e+03 -3.276542494037103671e-03 -7.854174435959319217e-03
1.858486390402242478e+03 -3.282729595993134908e-03 -7.784829088051080370e-03
1.858502064121145622e+03 -3.289179678602685477e-03 -7.726656751311519224e-03
1.858533471946706641e+03 -3.304375955580477180e-03 -7.571383559724968737e-03
1.858549198079098005e+03 -3.315331201220113409e-03 -7.492556388469325326e-03
1.858564954529658053e+03 -3.324878869579140760e-03 -7.415456800945306563e-03
1.858580717665598058e+03 -3.332659981897914941e-03 -7.334433325074221459e-03
1.858612285093560786e+03 -3.349535828965097359e-03 -7.160279328288069768e-03
1.858628064678262945e+03 -3.358654761363347348e-03 -7.072908374813499828e-03
1.858643815348916178e+03 -3.366104037349916533e-03 -6.984311155799944118e-03
1.858675286174052189e+03 -3.377839948387482798e-03 -6.811574284235422452e-03
1.858691007806134621e+03 -3.384720260857682159e-03 -6.744997308868413456e-03
1.858706718362504034e+03 -3.388288025295551828e-03 -6.739899818937480046e-03
1.858722417695231115e+03 -3.392483570546544428e-03 -6.666182419566265074e-03
1.858753814168390818e+03 -3.398796433736994606e-03 -6.684344473349279094e-03
1.858769514172493473e+03 -3.401447512232736847e-03 -6.830090665843514472e-03
1.858785213232641127e+03 -3.404497084465397602e-03 -7.076239174191768441e-03
1.858800926644883930e+03 -3.407737613202635896e-03 -7.408969317961694792e-03
1.858832375846311379e+03 -3.408611330629469308e-03 -7.677584959269933770e-03
1.858848126454508247e+03 -3.408989062964383997e-03 -7.980756498666882401e-03
1.858863882822649430e+03 -3.405500015077417286e-03 -8.060639139718640822e-03
1.858895460862522896e+03 -3.401872607618026435e-03 -8.087605824169610477e-03
1.858911228674949598e+03 -3.399199114906961434e-03 -8.157642013168618644e-03
1.858926977442330326e+03 -3.393861420542489907e-03 -8.261669458219858889e-03
1.858942716705065095e+03 -3.392099773883514111e-03 -8.402518395705776619e-03
1.858974135727509520e+03 -3.384689774927803103e-03 -8.783256910313263707e-03
1.858989824490668752e+03 -3.380734196299364173e-03 -8.967659255811454705e-03
1.859005514981307670e+03 -3.375864789399524602e-03 -9.140192449486496742e-03
1.859021204787246234e+03 -3.370910127271935144e-03 -9.300510577809659174e-03
1.859052608227727660e+03 -3.362024649489423530e-03 -9.541404129631595246e-03
1.859068335838526536e+03 -3.355933052750018075e-03 -9.637928946089226526e-03
1.859084060859168176e+03 -3.350969052152243111e-03 -9.717445799630493666e-03
1.859115573617031032e+03 -3.337127436240807429e-03 -9.813713379571004786e-03
1.859131368928412485e+03 -3.331349999730471960e-03 -9.827813873645882548e-03
1.859147159452940969e+03 -3.324556263345651054e-03 -9.811995470615010942e-03
1.859162918722109907e+03 -3.317525633174040964e-03 -9.773330322247600344e-03
1.859194408357521525e+03 -3.304290850862623505e-03 -9.651610199425496653e-03
1.859210133861859049e+03 -3.299716901275891873e-03 -9.567583160631536882e-03
1.859225859348987342e+03 -3.293903041657247899e-03 -9.471439399694317474e-03
1.859241561441514477e+03 -3.288558072057171881e-03 -9.374330627887606654e-03
1.859272838032280333e+03 -3.279480020449782041e-03 -9.142887586656905929e-03
1.859288443782352260e+03 -3.276518477243163356e-03 -9.026448158625015317e-03
1.859304064776097903e+03 -3.274548045137986186e-03 -8.909328909359312890e-03
1.859335431611763170e+03 -3.268933285006381684e-03 -8.686039821080420234e-03
1.859351181947415398e+03 -3.266447916233765087e-03 -8.583007450952494233e-03
1.859366966246942184e+03 -3.263182841922812171e-03 -8.481960828209173311e-03
1.859382725799891432e+03 -3.262927802554519037e-03 -8.386371666213858489e-03
1.859414114933584187e+03 -3.262611585167696747e-03 -8.192593187443435523e-03
1.859429784439722653e+03 -3.264327444163952173e-03 -8.098227698585810236e-03
1.859445431994448654e+03 -3.268759772226184895e-03 -8.008414286328880902e-03
1.859461060563020965e+03 -3.273161630700263409e-03 -7.918705206428523422e-03
1.859492356188436588e+03 -3.284038558890935676e-03 -7.768382960460880858e-03
1.859508033761699380e+03 -3.291220976606949473e-03 -7.710726869348496181e-03
1.859523733897910461e+03 -3.298516143473875176e-03 -7.629305709877387195e-03
1.859555183441539839e+03 -3.315155179042213532e-03 -7.474210640003274564e-03
1.859570948406254956e+03 -3.324620158902947577e-03 -7.397038449568109179e-03
1.859586722052874393e+03 -3.336298792636240192e-03 -7.315212588300193039e-03
1.859602513953455173e+03 -3.342848099278684492e-03 -7.227963824381149725e-03
1.859634051926153916e+03 -3.359533080026513244e-03 -7.052795660915514749e-03
1.859649809332395307e+03 -3.368542078786842479e-03 -6.962071982452537090e-03
1.859665532124236961e+03 -3.373294428849293956e-03 -6.876829083280704483e-03
1.859681265487027531e+03 -3.380570911708515817e-03 -6.789206094388213278e-03
1.859712688687719037e+03 -3.389489616066492829e-03 -6.728224411748957509e-03
1.859728386065864470e+03 -3.394746856147419587e-03 -6.646227118980616369e-03
1.859744086990427832e+03 -3.398777193615862453e-03 -6.619449131241938664e-03
1.859775483826943628e+03 -3.404144388209566496e-03 -6.880687909264998278e-03
1.859791183847492675e+03 -3.406145815413860745e-03 -7.156789903315525017e-03
1.859806907040417627e+03 -3.407475936351194584e-03 -7.471733357308983116e-03
1.859822631481135204e+03 -3.408117522010162964e-03 -7.528534119949064490e-03
1.859854118055299978e+03 -3.406091124620981916e-03 -8.022723564718453257e-03
1.859869878842037224e+03 -3.405718499138291316e-03 -8.059814969902543910e-03
1.859885673091415356e+03 -3.402834052527117618e-03 -8.059485848590022816e-03
1.859901466283135960e+03 -3.401353251041754847e-03 -8.108802180622407679e-03
1.859932962008600725e+03 -3.393950971692559493e-03 -8.296410490074084335e-03
1.859948692752712986e+03 -3.390478936856593760e-03 -8.446810685921905121e-03
1.859964407224806109e+03 -3.386172144823754778e-03 -8.636853981081445142e-03
1.859980100737278008e+03 -3.383576994641012033e-03 -8.830830680435643176e-03
1.860011485561287827e+03 -3.376052690497987827e-03 -9.180612523078899093e-03
1.860027175243045349e+03 -3.371030834133057451e-03 -9.330587629784444642e-03
1.860042868892412571e+03 -3.366264221741193004e-03 -9.456816703922513861e-03
1.860074311415513193e+03 -3.354125224554757069e-03 -9.657903173392436494e-03
1.860090045561984880e+03 -3.349188795168824787e-03 -9.730911078593936989e-03
1.860105806846401265e+03 -3.341389487320897776e-03 -9.784442858965283416e-03
1.860121574538449750e+03 -3.335735100991998880e-03 -9.816956358483272527e-03
1.860153159034435475e+03 -3.321443555048340934e-03 -9.801935674167478255e-03
1.860168911483646980e+03 -3.314878081118060021e-03 -9.759897756162436502e-03
1.860184654873087993e+03 -3.308471427064174283e-03 -9.701976822365015671e-03
1.860200384905619558e+03 -3.302371497052601461e-03 -9.630933849303559280e-03
1.860231827977574312e+03 -3.290684682581296490e-03 -9.446883793262908155e-03
1.860247522007680345e+03 -3.286835115190792338e-03 -9.343295301691943722e-03
1.860263170695174495e+03 -3.282226659239692850e-03 -9.227719322464899079e-03
1.860294390563550451e+03 -3.275857534977631713e-03 -8.991954788380360913e-03
1.860310015282560698e+03 -3.275171131082140266e-03 -8.877922580911197514e-03
1.860325686825461617e+03 -3.270307214765004900e-03 -8.763795065774756740e-03
1.860341413456682858e+03 -3.265337438421833226e-03 -8.657477722393143796e-03
1.860372959132993401e+03 -3.261748348772963279e-03 -8.454373211426476423e-03
1.860388693211014697e+03 -3.260093689264414573e-03 -8.359181325543042426e-03
1.860404405145093961e+03 -3.261952571995673737e-03 -8.260923719757576333e-03
1.860420073348671167e+03 -3.263725490173245616e-03 -8.165380348562583171e-03
1.860451368818740548e+03 -3.268380326251670628e-03 -7.982838633558378416e-03
1.860466999344020223e+03 -3.272603773024134084e-03 -7.894079316394022119e-03
1.860482643967198328e+03 -3.278386964134509963e-03 -7.811685814561004221e-03
1.860513996139820165e+03 -3.293305410921504566e-03 -7.687665614161054255e-03
1.860529703857962204e+03 -3.301817363737611071e-03 -7.606366481902849044e-03
1.860545425474604372e+03 -3.309987410888964691e-03 -7.526371868788505129e-03
1.860561168590497346e+03 -3.320220573985267331e-03 -7.451860995358014148e-03
1.860592720351425442e+03 -3.335722536947351765e-03 -7.290222988813581211e-03
1.860608504582748310e+03 -3.346529722932771803e-03 -7.201978434283509700e-03
1.860624285501445229e+03 -3.354612156446296761e-03 -7.113663813176709233e-03
1.860640033018433314e+03 -3.361954325853081828e-03 -7.026422824076642044e-03
1.860671508921041095e+03 -3.377689893560780615e-03 -6.849959243091568659e-03
1.860687234911701580e+03 -3.381621013624313069e-03 -6.764362396083790224e-03
1.860702942183389496e+03 -3.386222040157776773e-03 -6.720299183655653943e-03
1.860734343787565422e+03 -3.393742177184623249e-03 -6.627698777378995820e-03
1.860750044923893711e+03 -3.397586778196093251e-03 -6.631423673783818674e-03
1.860765746763779134e+03 -3.402174892020934979e-03 -6.744272509853947196e-03
1.860781444933774992e+03 -3.405745482135211048e-03 -6.935498762867234671e-03
1.860812879889067744e+03 -3.409793567854528529e-03 -7.507865949588361787e-03
1.860828597610457564e+03 -3.408800860134889119e-03 -7.569190255011074703e-03
1.860844343004064058e+03 -3.408377967084201543e-03 -7.857545599965149244e-03
1.860860100474599449e+03 -3.407866065051743786e-03 -8.052011738804256899e-03
1.860891665872772137e+03 -3.402379621625773939e-03 -8.069615608871882201e-03
1.860907448960334023e+03 -3.399454171971010019e-03 -8.128743208971105083e-03
1.860923198270466855e+03 -3.397321595190584340e-03 -8.212639018368364865e-03
1.860954662409846378e+03 -3.389504451665356372e-03 -8.498585338773907705e-03
1.860970365589565063e+03 -3.386356076869517350e-03 -8.692079036441492310e-03
1.860986056349006503e+03 -3.381872236149799111e-03 -8.877967368198021181e-03
1.861001748035509763e+03 -3.377515256195715021e-03 -9.053623855441946672e-03
1.861033130993653231e+03 -3.369735282460477755e-03 -9.361648865800481847e-03
1.861048835175680097e+03 -3.365465500472634465e-03 -9.476784381028410462e-03
1.861064561961919708e+03 -3.358970010963523243e-03 -9.581337012674273623e-03
1.861080279416716394e+03 -3.353664613546115513e-03 -9.672465064387077149e-03
1.861111789617548084e+03 -3.340551866657164633e-03 -9.790847965028862468e-03
1.861127578576910537e+03 -3.335037195936625329e-03 -9.815780236707023418e-03
1.861143362460885101e+03 -3.327063603837933977e-03 -9.816059936473803260e-03
1.861174888678495563e+03 -3.312897088725081946e-03 -9.741493323474527052e-03
1.861190632265923341e+03 -3.307545438356248712e-03 -9.680227181746336312e-03
1.861206357724387999e+03 -3.300694018657862432e-03 -9.604150149170162867e-03
1.861222074164659489e+03 -3.295390174578739090e-03 -9.510219267826960574e-03
1.861253468288957038e+03 -3.284426402351921757e-03 -9.310093439184848399e-03
1.861269106152154563e+03 -3.280200629766116902e-03 -9.191211021065579315e-03
1.861284714830831945e+03 -3.277849999666581499e-03 -9.077216223982342153e-03
1.861300327530452705e+03 -3.275724489312330928e-03 -8.957702846780261907e-03
1.861331654559818844e+03 -3.268643012490897535e-03 -8.731544856925880019e-03
1.861347389064852678e+03 -3.265712920848371122e-03 -8.627731103315869343e-03
1.861363176539216283e+03 -3.261910772968674120e-03 -8.525899473159081338e-03
1.861394651889294664e+03 -3.261519090960411128e-03 -8.329090746291652539e-03
1.861410349331618590e+03 -3.263525249322685087e-03 -8.233050971100004667e-03
1.861426016347610584e+03 -3.262925611651456333e-03 -8.137233692775877256e-03
1.861441676694031685e+03 -3.266402989108317667e-03 -8.046140896049625360e-03
1.861472934433118553e+03 -3.275201760286771194e-03 -7.867966649901643461e-03
1.861488583853684531e+03 -3.281352008223586275e-03 -7.790513118369188361e-03
1.861504254011336343e+03 -3.288389813823377680e-03 -7.732014074910162869e-03
1.861535660342093706e+03 -3.302342590324871662e-03 -7.582063752772902170e-03
1.861551388534177477e+03 -3.312018461228115069e-03 -7.503379286388419181e-03
1.861567146878922586e+03 -3.323356029330117728e-03 -7.429239943076871612e-03
1.861582918111539357e+03 -3.331812304362895966e-03 -7.350548692515145206e-03
1.861614483578677209e+03 -3.347982410871497196e-03 -7.177200761980527186e-03
1.861630256878123873e+03 -3.357274444653666687e-03 -7.089125978845555766e-03
1.861646009231701328e+03 -3.365731280171179937e-03 -6.999209017430750579e-03
1.861661737202063705e+03 -3.373706919860254994e-03 -6.911317489974634805e-03
1.861693189601119684e+03 -3.384515242131337382e-03 -6.741220653787682870e-03
1.861708898975994316e+03 -3.390370894158611925e-03 -6.710094274965348882e-03
1.861724599436352491e+03 -3.393322598378255197e-03 -6.692526381528366049e-03
1.861740295031077721e+03 -3.397264374169182716e-03 -6.614120308901147091e-03
1.861771694120825259e+03 -3.402934892873000182e-03 -6.779507873997539860e-03
1.861787393560295868e+03 -3.405547509609142733e-03 -6.995042324500498447e-03
1.861803111169517024e+03 -3.407787660592381373e-03 -7.335333985590085544e-03
1.861834564438301413e+03 -3.410069490148139038e-03 -7.621947505356343154e-03
1.861850314857948433e+03 -3.410405596163104160e-03 -7.938242533515854626e-03
1.861866071955163079e+03 -3.406839150349982078e-03 -8.056583919003913741e-03
1.861881865813410741e+03 -3.405537250709875317e-03 -8.046508781370802221e-03
1.861913416075187570e+03 -3.399812464255436064e-03 -8.148049723115903184e-03
1.861929163402240647e+03 -3.395502113084903316e-03 -8.241772340266795283e-03
1.861944900674266819e+03 -3.393282874625632838e-03 -8.376198618454172920e-03
1.861960618197941358e+03 -3.390686477569998265e-03 -8.550335996008068609e-03
1.861992007433600520e+03 -3.382516560536040669e-03 -8.919423016445660046e-03
1.862007696319099750e+03 -3.377988370937611527e-03 -9.092469405071140418e-03
1.862023385038878814e+03 -3.373168577343184284e-03 -9.250985324241756472e-03
1.862054791880132370e+03 -3.363103571377348746e-03 -9.494627168518171914e-03
1.862070519622871188e+03 -3.357919513155300812e-03 -9.600123597029282252e-03
1.862086245819193891e+03 -3.352785861861082989e-03 -9.686186972107369703e-03
1.862102000229807800e+03 -3.345796773192242276e-03 -9.750045016905036985e-03
1.862133559748841208e+03 -3.332104988504335907e-03 -9.815621306215801048e-03
1.862149353360254281e+03 -3.326332435926266425e-03 -9.806555184585957416e-03
1.862165106577275765e+03 -3.317786979744613649e-03 -9.774010856719680951e-03
1.862180854178908248e+03 -3.311273990680591375e-03 -9.724615359630874381e-03
1.862212312527333324e+03 -3.299564287135619157e-03 -9.579357520585597349e-03
1.862228028433533837e+03 -3.295105404170712519e-03 -9.486063766148083651e-03
1.862243739762677706e+03 -3.289866310007551111e-03 -9.389068966268614147e-03
1.862275031452757730e+03 -3.279845861690638964e-03 -9.159622928402741046e-03
1.862290637026575496e+03 -3.276675673671645972e-03 -9.043197414667412601e-03
1.862306255062736454e+03 -3.274428807125419252e-03 -8.927385389949124561e-03
1.862321907567318931e+03 -3.271049038862011097e-03 -8.812540396640949902e-03
1.862353366734791962e+03 -3.265407614471419612e-03 -8.600664670324276173e-03
1.862369146972078852e+03 -3.262785975397292700e-03 -8.498349559907072623e-03
1.862384901400887202e+03 -3.259472311572072199e-03 -8.401929611581395591e-03
1.862400611590029030e+03 -3.262149149468951750e-03 -8.302238421251766087e-03
1.862431954755358674e+03 -3.264362209999885790e-03 -8.111689103605016979e-03
1.862447597737729211e+03 -3.268873967022772886e-03 -8.021157052073827134e-03
1.862463227104940415e+03 -3.271633079588328035e-03 -7.930911620744746093e-03
1.862494521579768389e+03 -3.284137232953256852e-03 -7.769726305648086938e-03
1.862510199296059227e+03 -3.290507783186433482e-03 -7.714395058636971773e-03
1.862525898878582893e+03 -3.297606437746671611e-03 -7.638556288499514547e-03
1.862541613210860532e+03 -3.306263291941626079e-03 -7.558727196484756744e-03
1.862573116320508461e+03 -3.323587273871532466e-03 -7.408320790672036013e-03
1.862588895754066243e+03 -3.334742218497541589e-03 -7.327787141989653211e-03
1.862604687689049342e+03 -3.341841021899775738e-03 -7.241105851908449451e-03
1.862620462022649008e+03 -3.351726574074554571e-03 -7.152451880654760695e-03
1.862651970403726182e+03 -3.368045494156402496e-03 -6.973859008014038872e-03
1.862667694600707364e+03 -3.373839558916858546e-03 -6.885989119814964719e-03
1.862683422298115147e+03 -3.381259534030808898e-03 -6.796711246814996811e-03
1.862714841206023038e+03 -3.389515664777884279e-03 -6.703454611741802363e-03
1.862730538620497555e+03 -3.394591122188487815e-03 -6.671968484565339585e-03
1.862746238373820006e+03 -3.399760528291119552e-03 -6.607945288409986483e-03
1.862761941637251311e+03 -3.403617760434014209e-03 -6.670934409500294676e-03
1.862793340868733139e+03 -3.408131534823223910e-03 -7.068081448456177071e-03
1.862809065830768077e+03 -3.410500786809131640e-03 -7.428107950242790469e-03
1.862824787199924685e+03 -3.409376999788521923e-03 -7.531526159518336233e-03
1.862840522954934386e+03 -3.410558710880736387e-03 -7.705981932484882481e-03
1.862872046526084887e+03 -3.407506362414781595e-03 -8.055611119901273653e-03
1.862887838977909496e+03 -3.404210493253010446e-03 -8.053040248100353654e-03
1.862903629911664439e+03 -3.401699590557098231e-03 -8.101469063480300908e-03
1.862935122559264300e+03 -3.396188509471188832e-03 -8.276659216607012287e-03
1.862950849510420085e+03 -3.392408439804735134e-03 -8.421864315031064863e-03
1.862966560587351751e+03 -3.388057276293206504e-03 -8.602104915833177698e-03
1.862982253142488844e+03 -3.384476161602964495e-03 -8.785212657471735617e-03
1.863013636655692380e+03 -3.378261579823846079e-03 -9.133193750477089715e-03
1.863029328765600440e+03 -3.373654246069583348e-03 -9.283650371427424469e-03
1.863045026610663626e+03 -3.368141666807204782e-03 -9.409400701298555741e-03
1.863060746555423975e+03 -3.364373040130027703e-03 -9.517875000417036491e-03
1.863092206455792166e+03 -3.350559919017160899e-03 -9.702892403125601764e-03
1.863107967696666265e+03 -3.344261397407603201e-03 -9.764233151624876483e-03
1.863123744742881172e+03 -3.337203912891852347e-03 -9.801377234787845422e-03
1.863155320470978495e+03 -3.322142063990833182e-03 -9.799252643964704093e-03
1.863171070575229805e+03 -3.317744690952264663e-03 -9.763184489525249601e-03
1.863186815406718324e+03 -3.309945870611961331e-03 -9.709999963966925787e-03
1.863202541395296066e+03 -3.303591000286823769e-03 -9.642306886250933545e-03
1.863233971750562205e+03 -3.291704460844320935e-03 -9.462014490257891070e-03
1.863249673193947729e+03 -3.287082357510955500e-03 -9.360512090472176278e-03
1.863265333124246581e+03 -3.283259204431180928e-03 -9.244892229679413723e-03
1.863280949799926020e+03 -3.279609941473589363e-03 -9.132030626882704782e-03
1.863312182028544612e+03 -3.275737960101715064e-03 -8.897523010136436025e-03
1.863327850784016618e+03 -3.270677703693607771e-03 -8.782753519347055726e-03
1.863343571152980758e+03 -3.265930515884534965e-03 -8.676376013433684253e-03
1.863375120430302786e+03 -3.261955863770048085e-03 -8.472772348502962542e-03
1.863390843095101900e+03 -3.261435790080550925e-03 -8.375608279666118053e-03
1.863406552422595951e+03 -3.262826694942464172e-03 -8.276865872855214759e-03
1.863422217062777008e+03 -3.264230690654021296e-03 -8.180532542922678077e-03
1.863453513624078141e+03 -3.267555739684151282e-03 -7.996283032068226410e-03
1.863469142310833377e+03 -3.272945831203445243e-03 -7.906542570550394167e-03
1.863484786564829847e+03 -3.278710681588219242e-03 -7.821580036546826181e-03
1.863500449571826721e+03 -3.284571036694665120e-03 -7.752570639578485953e-03
1.863531842319387579e+03 -3.300953842044028821e-03 -7.617431100011531203e-03
1.863547565017013540e+03 -3.310443799465912461e-03 -7.536236541361006347e-03
1.863563313832985841e+03 -3.320034083369552934e-03 -7.462895614567560676e-03
1.863594871681796576e+03 -3.336424166734937215e-03 -7.304551326264105415e-03
1.863610650226264397e+03 -3.346630399198613146e-03 -7.216810984629075040e-03
1.863626429065327784e+03 -3.355499872923807959e-03 -7.128259794731675938e-03
1.863642174447443040e+03 -3.362963764100685132e-03 -7.040142586702598064e-03
1.863673644152690713e+03 -3.377246834883320878e-03 -6.860369349869714639e-03
1.863689367492920610e+03 -3.382984184491122370e-03 -6.772142155734500041e-03
1.863705073231242523e+03 -3.386937420947524254e-03 -6.705733787271498172e-03
1.863720775146436836e+03 -3.392072589487002496e-03 -6.697975295922193976e-03
1.863752172493112539e+03 -3.398812048818229160e-03 -6.612373589674742577e-03
1.863767874265068031e+03 -3.402322090739895357e-03 -6.698000407043260170e-03
1.863783573486976820e+03 -3.406254084350530519e-03 -6.876288801232890296e-03
1.863815013475541718e+03 -3.409577406060799575e-03 -7.497093021724186498e-03
1.863830731215797186e+03 -3.410775097713498755e-03 -7.550065708011894673e-03
1.863846480715199959e+03 -3.410584585440327218e-03 -7.790535566596867856e-03
1.863862237251217493e+03 -3.408970625405078302e-03 -8.039314905437350625e-03
1.863893808883017073e+03 -3.404932881719733087e-03 -8.062046997811912752e-03
1.863909583921607691e+03 -3.402658348572355253e-03 -8.121600599121486450e-03
1.863925333331319507e+03 -3.398056432068277417e-03 -8.199324294601262678e-03
1.863941074072239189e+03 -3.396225155106057884e-03 -8.313243101508101945e-03
1.863972495174495407e+03 -3.388710072562319941e-03 -8.654648399838069800e-03
1.863988185131346427e+03 -3.384545479003264225e-03 -8.833141693199828351e-03
1.864003876206912992e+03 -3.379738560115790741e-03 -9.007966324623601501e-03
1.864035258632412706e+03 -3.370753664687262900e-03 -9.317226326512873663e-03
1.864050966206850944e+03 -3.367115607896063734e-03 -9.433368183997507470e-03
1.864066692868281507e+03 -3.360090811511220674e-03 -9.542351473430545766e-03
1.864082414556085723e+03 -3.355478283747433815e-03 -9.643297037790366649e-03
1.864113926428979994e+03 -3.341657804335977210e-03 -9.774263648361558934e-03
1.864129720385259361e+03 -3.336512119436757604e-03 -9.806858150377640790e-03
1.864145506464699565e+03 -3.329022832043341401e-03 -9.812226122489529218e-03
1.864161272723232514e+03 -3.322474536767016859e-03 -9.790599565569357496e-03
1.864192764121234632e+03 -3.308704733478933391e-03 -9.692828205426457649e-03
1.864208488287371893e+03 -3.303338739832999398e-03 -9.620430975922033418e-03
1.864224199346062733e+03 -3.296753492744650127e-03 -9.528547060524191620e-03
1.864255599700122730e+03 -3.286016486455184838e-03 -9.330780703244704113e-03
1.864271244343764693e+03 -3.280973944858260605e-03 -9.212383738347160525e-03
1.864286856800212263e+03 -3.277856699630933915e-03 -9.097614441899163490e-03
1.864302470019662451e+03 -3.276254840817527294e-03 -8.980534070544859970e-03
1.864333797657769537e+03 -3.269238959546734869e-03 -8.753096877633011544e-03
1.864349526093259783e+03 -3.266881725308784512e-03 -8.649231803262184479e-03
1.864365311389397220e+03 -3.263015696510023021e-03 -8.547023448408018129e-03
1.864381078981715746e+03 -3.264012083035710849e-03 -8.448008702915907678e-03
1.864412473553559948e+03 -3.262310271093066868e-03 -8.250798268714576791e-03
1.864428140937635590e+03 -3.262983137910459644e-03 -8.154368285802977151e-03
1.864443798680848886e+03 -3.266872984546503010e-03 -8.062693636953372975e-03
1.864475061149602197e+03 -3.275079264589265179e-03 -7.882482641523243933e-03
1.864490708357218864e+03 -3.280821002068420259e-03 -7.799253256362208286e-03
1.864506373885975108e+03 -3.287908848036097051e-03 -7.737289283073524315e-03
1.864522067572090009e+03 -3.294524992969363048e-03 -7.673117865461779631e-03
1.864553509238061224e+03 -3.310527474645158421e-03 -7.514962483739066196e-03
1.864569271534824793e+03 -3.321427257877962967e-03 -7.442580813156296493e-03
1.864585047690262627e+03 -3.332335218527067173e-03 -7.365879708937803083e-03
1.864600839722380442e+03 -3.340881955245854178e-03 -7.280716777843416858e-03
1.864632376295617632e+03 -3.357009419732556212e-03 -7.104878251698139129e-03
1.864648130808776159e+03 -3.365943498997763395e-03 -7.013528769952714209e-03
1.864663851573395732e+03 -3.372740469377809129e-03 -6.924469759481161925e-03
1.864695298827663237e+03 -3.384437946006459055e-03 -6.748920190874384273e-03
1.864711006850450076e+03 -3.390825821846904422e-03 -6.692082232767410620e-03
1.864726706654726513e+03 -3.395170885656032325e-03 -6.691233053017618497e-03
1.864742406039026264e+03 -3.398720579344339469e-03 -6.631003829172292356e-03
1.864773802853309462e+03 -3.404982522588437775e-03 -6.736265563760989242e-03
1.864789502958205276e+03 -3.407256791217967880e-03 -6.931331514288274938e-03
1.864805224081121196e+03 -3.408859318150873029e-03 -7.252245925549525088e-03
1.864820950884778995e+03 -3.410588433432555459e-03 -7.541559046218120239e-03
1.864852431354649980e+03 -3.410108650991208225e-03 -7.885544667195262120e-03
1.864868190918154824e+03 -3.408781740440691450e-03 -8.054845363140925030e-03
1.864883985264703597e+03 -3.406661377564492756e-03 -8.047042381818601819e-03
1.864915532727862683e+03 -3.400591616044423057e-03 -8.143830180795971416e-03
1.864931277878198898e+03 -3.397667323320167562e-03 -8.229359189026718216e-03
1.864947011964855392e+03 -3.394726346553495356e-03 -8.356478113712992664e-03
1.864962728275120526e+03 -3.391287367911981470e-03 -8.526514338018438555e-03
1.864994116336361913e+03 -3.384811624615547809e-03 -8.881804527587886661e-03
1.865009807469212319e+03 -3.380020663690224813e-03 -9.051738338997281780e-03
1.865025494841920363e+03 -3.375473936154354919e-03 -9.209294609137427812e-03
1.865041187865170741e+03 -3.370667313954158178e-03 -9.344592920406936953e-03
1.865072630743247601e+03 -3.359317314411132231e-03 -9.566662602636484200e-03
1.865088360603155479e+03 -3.354389880332360983e-03 -9.662399625510310550e-03
1.865104119099945365e+03 -3.345988707528183004e-03 -9.731280504663888942e-03
1.865135679582569537e+03 -3.333265094270351694e-03 -9.808834432156639249e-03
1.865151471623312773e+03 -3.327459415386386805e-03 -9.805533909125975847e-03
1.865167223941257589e+03 -3.319040487140731063e-03 -9.778994043329257771e-03
1.865182969171043396e+03 -3.313052804251765369e-03 -9.733916402162100939e-03
1.865214420378824343e+03 -3.299661019404057094e-03 -9.594670982711914903e-03
1.865230130532504973e+03 -3.295370441689317656e-03 -9.503722183869869888e-03
1.865245841906863689e+03 -3.290921638818733192e-03 -9.408031777683038485e-03
1.865261524126760150e+03 -3.285419983814016291e-03 -9.297115700729476073e-03
1.865292762463920099e+03 -3.277244142910354461e-03 -9.064473126562926780e-03
1.865308379292292329e+03 -3.275689259568110093e-03 -8.949964460866934382e-03
1.865324032910554706e+03 -3.271713443503615221e-03 -8.834302291417272732e-03
1.865355489193525955e+03 -3.265187398685778959e-03 -8.622131364781022989e-03
1.865371266946767037e+03 -3.262596752411498543e-03 -8.519351220352584797e-03
1.865387015001916552e+03 -3.259080515750095546e-03 -8.421806380298477168e-03
1.865402725973553515e+03 -3.261980984689658632e-03 -8.321744960937625321e-03
1.865434063426409466e+03 -3.264523037931815752e-03 -8.129250378596658555e-03
1.865449702313778744e+03 -3.268284799511008819e-03 -8.037359233452608803e-03
1.865465332944332204e+03 -3.270820289335668075e-03 -7.947086489331635015e-03
1.865480970773802255e+03 -3.276159198687430066e-03 -7.856795620519028273e-03
1.865512300129967343e+03 -3.290690790770738582e-03 -7.720511321505221097e-03
1.865528003844182876e+03 -3.297646861898230301e-03 -7.651300960770755256e-03
1.865543717075412360e+03 -3.305802358607392959e-03 -7.569381495813748591e-03
1.865575224330031460e+03 -3.323377543201348240e-03 -7.422461675260344158e-03
1.865591008488114539e+03 -3.332679287266104851e-03 -7.343357021164542350e-03
1.865606796801516339e+03 -3.342563918436534508e-03 -7.256921082334611729e-03
1.865622571555955574e+03 -3.351807558351026055e-03 -7.167917581933821655e-03
1.865654068966722889e+03 -3.366670383999832358e-03 -6.988392528518070843e-03
1.865669793998255273e+03 -3.375623561734637009e-03 -6.898250880515985513e-03
1.865685516840630498e+03 -3.381296890328474355e-03 -6.807934249864175218e-03
1.865701224354346778e+03 -3.386864232089039674e-03 -6.726332459903284523e-03
1.865732628257432907e+03 -3.394294627357034334e-03 -6.682856653479859674e-03
1.865748329063187612e+03 -3.399327473849635475e-03 -6.615824517554586177e-03
1.865764031252276936e+03 -3.404422466378313403e-03 -6.637233746798042004e-03
1.865795437130312393e+03 -3.409357800364520765e-03 -6.997482969970332534e-03
1.865811161705034920e+03 -3.412658778573077374e-03 -7.361754070818984225e-03
1.865826881004077450e+03 -3.410858457907479414e-03 -7.550506985282513794e-03
1.865842622060850772e+03 -3.411337028718797702e-03 -7.644041596692449647e-03
1.865874154926197662e+03 -3.408869621982921032e-03 -8.059244322984384160e-03
1.865889941657202598e+03 -3.405647248407826354e-03 -8.050538931109506649e-03
1.865905729159714383e+03 -3.402465000981605339e-03 -8.095458440996763233e-03
1.865921478379670361e+03 -3.401824696481900705e-03 -8.168833492051929060e-03
1.865952944726129772e+03 -3.393836765817686077e-03 -8.406092580346646165e-03
1.865968651796448739e+03 -3.390221634117497780e-03 -8.578255098094400566e-03
1.865984343379940356e+03 -3.385967972803153713e-03 -8.752082281599266045e-03
1.866000035780284179e+03 -3.382389050868789184e-03 -8.927365630020046156e-03
1.866031417809942468e+03 -3.375231422739561043e-03 -9.244906604514196297e-03
1.866047120994882789e+03 -3.370037100986472429e-03 -9.370528282280009627e-03
1.866062843169575899e+03 -3.365222705722592956e-03 -9.483107448993490993e-03
1.866094306189436338e+03 -3.351877611369112088e-03 -9.680404422753082633e-03
1.866110067961368259e+03 -3.346019352129300101e-03 -9.746774627317182291e-03
1.866125853309706827e+03 -3.339471750211845009e-03 -9.790440703207560838e-03
1.866141636531488757e+03 -3.331642173677916343e-03 -9.809724929554697673e-03
1.866173167953950724e+03 -3.318679067702800991e-03 -9.768335023211886792e-03
1.866188913950783672e+03 -3.311674595254975647e-03 -9.719696456537887247e-03
1.866204636629929155e+03 -3.304764745230642353e-03 -9.655482072003118699e-03
1.866220346192452325e+03 -3.299379563247228659e-03 -9.570776010183469976e-03
1.866251761571811812e+03 -3.287542261728343494e-03 -9.380640694611950409e-03
1.866267430620267533e+03 -3.283310805713794949e-03 -9.265214487592590351e-03
1.866283056306622939e+03 -3.280303538534402440e-03 -9.153414291821667867e-03
1.866314294105445242e+03 -3.273704956441711531e-03 -8.920599399076800662e-03
1.866329963162171680e+03 -3.270727116261520125e-03 -8.805470584666389225e-03
1.866345677526013787e+03 -3.266815335390281256e-03 -8.699193509975765640e-03
1.866361452990471435e+03 -3.262945511093606407e-03 -8.596702875087076923e-03
1.866392943542676903e+03 -3.261835597237991088e-03 -8.395962782324252124e-03
1.866408647606036538e+03 -3.263745240118288721e-03 -8.296706595148410635e-03
1.866424311455927182e+03 -3.263709009849462446e-03 -8.199071710756743875e-03
1.866455609661521294e+03 -3.267891204074517032e-03 -8.013513023034449234e-03
1.866471237309415073e+03 -3.273098283839990467e-03 -7.923275843849287778e-03
1.866486879746067643e+03 -3.278740983546074485e-03 -7.835971201240923834e-03
1.866502538615797448e+03 -3.284818894338520454e-03 -7.759776736521499518e-03
1.866533930868399011e+03 -3.298989652962807089e-03 -7.631379433295021157e-03
1.866549653931345574e+03 -3.309173034711037752e-03 -7.548670593112923738e-03
1.866565408756987836e+03 -3.319944121502155145e-03 -7.476577818936115845e-03
1.866581177878727431e+03 -3.327996973152229972e-03 -7.403597402171101585e-03
1.866612745014595703e+03 -3.345565682990415089e-03 -7.234408995743013548e-03
1.866628517773496696e+03 -3.355345379268974762e-03 -7.145437663042625287e-03
1.866644265355193738e+03 -3.363538756616555551e-03 -7.056272102216229990e-03
1.866675727801652101e+03 -3.376423834438588029e-03 -6.873607442071761470e-03
1.866691445382919028e+03 -3.384181280214044671e-03 -6.784513632987623083e-03
1.866707154486969102e+03 -3.388864281918166875e-03 -6.706793198250281599e-03
1.866722853240815311e+03 -3.393225581001481014e-03 -6.676572641341158541e-03
1.866754250330572631e+03 -3.400369365211102553e-03 -6.610974337717621593e-03
1.866769950942670221e+03 -3.403375634182448893e-03 -6.663105454528387914e-03
1.866785650743942369e+03 -3.406753494280700349e-03 -6.827843148019507348e-03
1.866801365687914995e+03 -3.410255460555569867e-03 -7.077461661774061066e-03
1.866832816323078987e+03 -3.412164892295498422e-03 -7.556495355165142834e-03
1.866848566931558935e+03 -3.413195436613002641e-03 -7.720536289330977645e-03
1.866864323056764533e+03 -3.409782687398716164e-03 -8.020578074878164862e-03
1.866880115660456340e+03 -3.409438032750324032e-03 -8.055202400801661847e-03
1.866911668066097036e+03 -3.404300534127698962e-03 -8.116663340179354827e-03
1.866927416733549535e+03 -3.399206281429580697e-03 -8.196701715590115622e-03
1.866943155963797835e+03 -3.397577010478459395e-03 -8.305011281993228411e-03
1.866974575463032807e+03 -3.390658448651524305e-03 -8.628404903617471755e-03
1.866990264231916171e+03 -3.386779325073490613e-03 -8.800393037152685546e-03
1.867005954464557817e+03 -3.382030736894144508e-03 -8.971247918727588699e-03
1.867021643827343041e+03 -3.377140233397680352e-03 -9.133361365806820162e-03
1.867053047128811158e+03 -3.368045808636699768e-03 -9.398213584113688721e-03
1.867068774782150285e+03 -3.362223359862161459e-03 -9.508972402779147792e-03
1.867084500049363214e+03 -3.357200643066987969e-03 -9.616175798344832326e-03
1.867100251470685635e+03 -3.351864637312680899e-03 -9.698288156018140468e-03
1.867131808820606238e+03 -3.337333575683017368e-03 -9.799178212261895962e-03
1.867147599917288971e+03 -3.330604537955775876e-03 -9.809153108661849627e-03
1.867163357209143442e+03 -3.323231687030740299e-03 -9.795358404286884021e-03
1.867194845073250235e+03 -3.309681970308187178e-03 -9.706016933200662181e-03
1.867210565612243499e+03 -3.304674580107299069e-03 -9.636992389011490162e-03
1.867226273286341666e+03 -3.298605875946767404e-03 -9.548452656864020449e-03
1.867241984347014295e+03 -3.292589324107008872e-03 -9.458720319187180481e-03
1.867273332990820791e+03 -3.282274871206956358e-03 -9.236412258930475419e-03
1.867288952816529900e+03 -3.277924468464831365e-03 -9.122109846671239836e-03
1.867304568558900883e+03 -3.275338360734036860e-03 -9.007503505835708427e-03
1.867320208969122632e+03 -3.272294854926862187e-03 -8.891510697424602483e-03
1.867351623928056142e+03 -3.267254250758424693e-03 -8.674540689098935581e-03
1.867367405710975390e+03 -3.263240111860587784e-03 -8.571865749292362224e-03
1.867383170807763918e+03 -3.261864595414454889e-03 -8.472444385239641385e-03
1.867414560502784980e+03 -3.261334317230998262e-03 -8.272068043780115426e-03
1.867430226578919701e+03 -3.263268863119794545e-03 -8.175874507544545963e-03
1.867445880427423845e+03 -3.267288362759634534e-03 -8.083437043349130449e-03
1.867461512707149495e+03 -3.270834090122299188e-03 -7.990425126179262136e-03
1.867492794161758184e+03 -3.280507107856951449e-03 -7.812992049172851061e-03
1.867508456974961064e+03 -3.286933513453093540e-03 -7.745701356142238765e-03
1.867524149250778009e+03 -3.293725163531034585e-03 -7.687059437984857142e-03
1.867555591202693677e+03 -3.310195096643520594e-03 -7.530038339895436632e-03
1.867571357141507406e+03 -3.319313619241048147e-03 -7.459048758509931321e-03
1.867587134543216962e+03 -3.331813893572489749e-03 -7.384627745554183872e-03
1.867602929593877207e+03 -3.338911170074397670e-03 -7.300090526631123657e-03
1.867634454638069428e+03 -3.356749519325748221e-03 -7.124027173010108634e-03
1.867650207996180143e+03 -3.366240046538826122e-03 -7.031836532201089264e-03
1.867665927088797162e+03 -3.371710415133774997e-03 -6.940924550868602695e-03
1.867681656187305180e+03 -3.379976537623707953e-03 -6.848976787159575044e-03
1.867713074836590977e+03 -3.389675288543156795e-03 -6.689637333072329280e-03
1.867728772744717162e+03 -3.395515796529746232e-03 -6.675587188283043857e-03
1.867744473214086611e+03 -3.400155342238358937e-03 -6.655252324947629958e-03
1.867760176560528635e+03 -3.403302905080150993e-03 -6.612169653954005737e-03
1.867791573151822604e+03 -3.408887862189115443e-03 -6.880234661304776393e-03
1.867807297406576026e+03 -3.410699017705117429e-03 -7.171950677880113874e-03
1.867823021552109822e+03 -3.411442854398327468e-03 -7.538808029425021588e-03
1.867854510009541173e+03 -3.410259943101755231e-03 -7.821401070512533707e-03
1.867870271055609010e+03 -3.410326870387219746e-03 -8.050817478894401608e-03
1.867886064993242826e+03 -3.407688106245932488e-03 -8.053523870250080263e-03
1.867901857564660077e+03 -3.406314059310158911e-03 -8.073336774965220869e-03
1.867933352654911232e+03 -3.399635197438247419e-03 -8.224627375742378163e-03
1.867949082989128101e+03 -3.396269980076285690e-03 -8.347473952368037950e-03
1.867964797323328867e+03 -3.392023862248577746e-03 -8.508056157617755605e-03
1.867980490928317977e+03 -3.389411450850539787e-03 -8.676199426796824335e-03
1.868011875400755343e+03 -3.382439634718355237e-03 -9.017302093903339574e-03
1.868027565766416728e+03 -3.377422534612606071e-03 -9.174655193512777293e-03
1.868043259117724347e+03 -3.372639552522195289e-03 -9.310240961782328267e-03
1.868074701004672988e+03 -3.360444822075091785e-03 -9.540641453461203361e-03
1.868090435786270064e+03 -3.355433840750944238e-03 -9.643398913790008145e-03
1.868106197254806148e+03 -3.347930177992785271e-03 -9.720511249556236175e-03
1.868121966200006455e+03 -3.342034677319939955e-03 -9.776905326321447959e-03
1.868153549256630868e+03 -3.327395151342974530e-03 -9.810890629053371087e-03
1.868169301121766466e+03 -3.321180471048551259e-03 -9.790244391973861385e-03
1.868185043873497762e+03 -3.314354572556721043e-03 -9.748766381102601589e-03
1.868200772559579491e+03 -3.307773253235261283e-03 -9.692528079409309591e-03
1.868232192264804553e+03 -3.295235946136007739e-03 -9.526702560159069910e-03
1.868247904721843724e+03 -3.290958629238555436e-03 -9.433697769749836357e-03
1.868263594085309705e+03 -3.286291584812498553e-03 -9.322649218982253030e-03
1.868294853333363108e+03 -3.277109567606102582e-03 -9.092173715511162740e-03
1.868310472195736338e+03 -3.276818950874663215e-03 -8.978672008596796927e-03
1.868326128395448222e+03 -3.271343777249149497e-03 -8.862216887249585451e-03
1.868341829078055298e+03 -3.267061572442489167e-03 -8.752772458927788810e-03
1.868373358372424036e+03 -3.262320947598903835e-03 -8.546654909549955201e-03
1.868389097949522693e+03 -3.260306994301197508e-03 -8.448061459401200873e-03
1.868404809356467240e+03 -3.261922642108676124e-03 -8.346394516976459940e-03
1.868420475502298586e+03 -3.263415142140832070e-03 -8.247609843143875394e-03
1.868451778601976457e+03 -3.266789489161581878e-03 -8.060359439650392060e-03
1.868467410294965475e+03 -3.270416834387743742e-03 -7.968408487680099170e-03
1.868483048272043789e+03 -3.275503537515172918e-03 -7.878068506602310672e-03
1.868514375821902604e+03 -3.289116543452947922e-03 -7.731948698941036764e-03
1.868530076289064709e+03 -3.297808271272374952e-03 -7.669708082353661124e-03
1.868545793677096071e+03 -3.304944769194948818e-03 -7.586776476290043800e-03
1.868561535448242466e+03 -3.315373999473830886e-03 -7.511830321089579127e-03
1.868593093278037713e+03 -3.331716669187336378e-03 -7.363957037630103862e-03
1.868608876181868027e+03 -3.342942110805248012e-03 -7.277724653603107573e-03
1.868624651043862514e+03 -3.351374486429844167e-03 -7.188585547370871659e-03
1.868640393423755313e+03 -3.359183097512186220e-03 -7.100812248282905269e-03
1.868671860810621638e+03 -3.376082196790403719e-03 -6.916219640325496978e-03
1.868687583553010427e+03 -3.380678868971968842e-03 -6.824836337786196507e-03
1.868703288161061209e+03 -3.385800949887544063e-03 -6.740662460980382902e-03
1.868734689438419537e+03 -3.394442632016646602e-03 -6.678973059850033291e-03
1.868750390665230498e+03 -3.398601969720013716e-03 -6.638933489083530259e-03
1.868766093285983061e+03 -3.403330805243381073e-03 -6.622497948109417991e-03
1.868781792237018180e+03 -3.407543319148266265e-03 -6.744187378441381976e-03
1.868813229308894734e+03 -3.412128036758655097e-03 -7.284581278911910103e-03
1.868828947085129357e+03 -3.411948694970312352e-03 -7.572163403677258965e-03
1.868844693670122524e+03 -3.411887290984840556e-03 -7.600705083403180330e-03
1.868860450872595493e+03 -3.411687080446299848e-03 -7.911644473370527467e-03
1.868892016764544223e+03 -3.406987752877775524e-03 -8.055267223220169415e-03
1.868907798392906216e+03 -3.404469642780230329e-03 -8.093195168573564038e-03
1.868923547895642741e+03 -3.402100032276220674e-03 -8.166779901038308948e-03
1.868955012335854690e+03 -3.394871647287940088e-03 -8.395546746388635184e-03
1.868970715082502011e+03 -3.391934420282661632e-03 -8.557975362760986832e-03
1.868986405993924791e+03 -3.387606219654518136e-03 -8.724414193894310110e-03
1.869002097675019513e+03 -3.383250570477549287e-03 -8.895686245687142377e-03
1.869033480060205193e+03 -3.375411681730481565e-03 -9.213835987843858877e-03
1.869049184261621122e+03 -3.371382690815522866e-03 -9.340491682413376920e-03
1.869064911114976439e+03 -3.364660388570004084e-03 -9.457995729611250180e-03
1.869080628530087324e+03 -3.359606488067999001e-03 -9.569111212329768287e-03
1.869112138931164509e+03 -3.346370114083927622e-03 -9.737622047609865300e-03
1.869127928633362217e+03 -3.340949960373939404e-03 -9.787639165933973914e-03
1.869143712578223358e+03 -3.333049705489575867e-03 -9.810676065567054335e-03
1.869175236819464317e+03 -3.318340955324010355e-03 -9.779820046100468761e-03
1.869190979445715584e+03 -3.312989127166952440e-03 -9.735296595259268146e-03
1.869206704081216685e+03 -3.305955565209536904e-03 -9.673767142612036546e-03
1.869222408276430542e+03 -3.300337294181501617e-03 -9.591181165149141596e-03
1.869253822324205203e+03 -3.287927310342232332e-03 -9.404646446697945139e-03
1.869269498148834600e+03 -3.282902168366637775e-03 -9.289229782612715494e-03
1.869285133578748173e+03 -3.279339848781814837e-03 -9.177297914102639995e-03
1.869300750055326489e+03 -3.276649776530071983e-03 -9.061407437177431898e-03
1.869332052485064878e+03 -3.270207798449753598e-03 -8.831836712809192774e-03
1.869347761116696347e+03 -3.267417270512116504e-03 -8.725487865394973216e-03
1.869363536894781646e+03 -3.263150355458095501e-03 -8.622964514959268259e-03
1.869395022846860456e+03 -3.261679944770713019e-03 -8.420222318293793876e-03
1.869410719774718018e+03 -3.263281778020533670e-03 -8.319836574184858238e-03
1.869426382565511403e+03 -3.262951288299510179e-03 -8.221950224910713756e-03
1.869442045969434503e+03 -3.265886894835439216e-03 -8.128667085913037979e-03
1.869473310937382848e+03 -3.272735293887698606e-03 -7.944381889046113129e-03
1.869488951862221938e+03 -3.278284979476470216e-03 -7.854641520873888172e-03
1.869504608353309777e+03 -3.285014964094288940e-03 -7.773150433653975080e-03
1.869520292669692253e+03 -3.291087102752903674e-03 -7.716246832656131066e-03
1.869551723551727946e+03 -3.307032089635601139e-03 -7.564696433474719754e-03
1.869567480948082448e+03 -3.318598791337885271e-03 -7.492387752232203268e-03
1.869583256218483484e+03 -3.327490000872725725e-03 -7.421835045552907691e-03
1.869614818932925800e+03 -3.344482980989424425e-03 -7.254185851690747242e-03
1.869630585895183913e+03 -3.354219639568592828e-03 -7.164928253741492323e-03
1.869646335284855013e+03 -3.362898336844420428e-03 -7.074762070063187087e-03
1.869662057847758206e+03 -3.371419344136933425e-03 -6.982807658810972519e-03
1.869693503552745824e+03 -3.383499459707118174e-03 -6.800289951201983658e-03
1.869709210781374168e+03 -3.390274633562877053e-03 -6.718235407171522545e-03
1.869724911977921693e+03 -3.393543163455695760e-03 -6.667203971007324911e-03
1.869740608066585992e+03 -3.397836310740700531e-03 -6.677795743052539028e-03
1.869772007848693875e+03 -3.404234798814328392e-03 -6.645744260182798353e-03
1.869787707936251991e+03 -3.407161699028403868e-03 -6.788878489736973124e-03
1.869803426725261716e+03 -3.409654476973425843e-03 -7.014676978634722809e-03
1.869834881283803497e+03 -3.412884296725679761e-03 -7.576869456650101378e-03
1.869850632054527750e+03 -3.413347720241223168e-03 -7.656885811125244655e-03
1.869866389405858854e+03 -3.410387111232064325e-03 -7.985920559409265956e-03
1.869882183361297393e+03 -3.409243271080254333e-03 -8.065013397480138430e-03
1.869913732555520255e+03 -3.403965931633241154e-03 -8.115067322887055748e-03
1.869929479803293134e+03 -3.400062844780078058e-03 -8.191523585923508530e-03
1.869945216914544062e+03 -3.397917970508545354e-03 -8.296785443650069036e-03
1.869960934589778844e+03 -3.395451217565880093e-03 -8.442664935372184987e-03
1.869992324571427162e+03 -3.387701634879902463e-03 -8.771064615729268210e-03
1.870008013430647225e+03 -3.383276784595831612e-03 -8.938450116481814339e-03
1.870023701746347342e+03 -3.378586949292763150e-03 -9.101643512543470746e-03
1.870055108120655404e+03 -3.368518446435992807e-03 -9.369573561973359305e-03
1.870070835450133927e+03 -3.363359021615964020e-03 -9.483839713402218360e-03
1.870086561632083203e+03 -3.358234587274901758e-03 -9.595160629446363235e-03
1.870102316536897433e+03 -3.350968292681852888e-03 -9.685024190080200254e-03
1.870133876333640956e+03 -3.337505581315060917e-03 -9.796015049782136677e-03
1.870149669559608128e+03 -3.331800349693880402e-03 -9.811069975191696879e-03
1.870165422243030434e+03 -3.322995909628467630e-03 -9.802933734156044771e-03
1.870181169117663103e+03 -3.316465505396114059e-03 -9.768955296970166513e-03
1.870212623919956059e+03 -3.303831695974901103e-03 -9.654192830707841733e-03
1.870228325634018574e+03 -3.299070178948932362e-03 -9.567879530694796755e-03
1.870244038071263503e+03 -3.293390052840402399e-03 -9.480590765429893624e-03
1.870275400597364751e+03 -3.282277922616992031e-03 -9.260721496486500753e-03
1.870291027079630567e+03 -3.277785500864598568e-03 -9.146716102295806422e-03
1.870306646312069461e+03 -3.274422981990964161e-03 -9.031946873092402961e-03
1.870322291935127623e+03 -3.272245057799720320e-03 -8.916147123254353907e-03
1.870353702388560578e+03 -3.266428349560944033e-03 -8.699276162623420516e-03
1.870369481276236002e+03 -3.263091577131330655e-03 -8.595986756727496542e-03
1.870385241212957453e+03 -3.259373854378631082e-03 -8.496003775683469081e-03
1.870400952305776627e+03 -3.262017304976778075e-03 -8.393868800799241664e-03
1.870432291299264079e+03 -3.263861790022724602e-03 -8.197254116014067449e-03
1.870447940213343372e+03 -3.267917999024907028e-03 -8.103978643131459075e-03
1.870463574495835701e+03 -3.269929829927028554e-03 -8.010822606562667189e-03
1.870494857322107464e+03 -3.281237327108169760e-03 -7.828825086931001653e-03
1.870510522937368023e+03 -3.287208654188973189e-03 -7.756366880834997604e-03
1.870526213546963390e+03 -3.293658132682107144e-03 -7.700031345354268163e-03
1.870541920818249082e+03 -3.302139764007452731e-03 -7.625562904497355278e-03
1.870573424705702337e+03 -3.319059382247760426e-03 -7.474590815475383974e-03
1.870589206124971042e+03 -3.330270221198313330e-03 -7.401799704174713904e-03
1.870604998986011424e+03 -3.338443698249704984e-03 -7.318172922480555009e-03
1.870620766794844030e+03 -3.348609454393953674e-03 -7.229816075198678901e-03
1.870652265904390106e+03 -3.365450211137419479e-03 -7.049765223340212147e-03
1.870667986184789697e+03 -3.372216535169229173e-03 -6.956994052401461841e-03
1.870683709947172019e+03 -3.380125387993815345e-03 -6.863972664319211055e-03
1.870715125098948647e+03 -3.389263413746361822e-03 -6.697479013300159691e-03
1.870730823134132379e+03 -3.394636576022817039e-03 -6.663088817208568347e-03
1.870746523289443985e+03 -3.400228709657997662e-03 -6.669625327390673805e-03
1.870762226750370246e+03 -3.404755524568463514e-03 -6.613229248441898980e-03
1.870793628088997821e+03 -3.409930067461080377e-03 -6.838558942929105246e-03
1.870809353722771448e+03 -3.412759016965665870e-03 -7.099434109425456496e-03
1.870825075158908930e+03 -3.411857414191438870e-03 -7.504000667073508664e-03
1.870840812122085254e+03 -3.413368556726734983e-03 -7.560213279062165392e-03
1.870872336914286507e+03 -3.411015204636891080e-03 -8.035360077989557592e-03
1.870888128416860809e+03 -3.408007938352276747e-03 -8.060043755884281624e-03
1.870903918653551955e+03 -3.405587647577942943e-03 -8.072512348685166247e-03
1.870935411393267032e+03 -3.400656753167829484e-03 -8.222562027145541991e-03
1.870951138151237501e+03 -3.397045998845428256e-03 -8.339967238054898924e-03
1.870966849008156942e+03 -3.392895056433394788e-03 -8.490157763009469755e-03
1.870982541801669868e+03 -3.389326825376531675e-03 -8.649210789315010112e-03
1.871013925567993056e+03 -3.383321202553856832e-03 -8.982393759412843348e-03
1.871029616920599665e+03 -3.378882883251414435e-03 -9.138581684274062547e-03
1.871045315382359831e+03 -3.373340543443572540e-03 -9.272231395398894752e-03
1.871061034998143441e+03 -3.369639134090947341e-03 -9.397693775330322880e-03
1.871092494696735002e+03 -3.355759323961729230e-03 -9.618414361622753053e-03
1.871108256104216707e+03 -3.349643870395730555e-03 -9.702258212271283946e-03
1.871124034403608903e+03 -3.342544803188558875e-03 -9.764127680476486840e-03
1.871155608303694635e+03 -3.327337596127848997e-03 -9.808780564229587981e-03
1.871171357641515897e+03 -3.322811948051195008e-03 -9.792328380529713092e-03
1.871187102489361450e+03 -3.314818603586135257e-03 -9.755191833913972460e-03
1.871202827301459592e+03 -3.308119505136292594e-03 -9.702744341128517053e-03
1.871234239444075456e+03 -3.295371685198043334e-03 -9.541820451541050546e-03
1.871249952549345608e+03 -3.290147443488114064e-03 -9.451967868340205650e-03
1.871265647937123504e+03 -3.285691085080380113e-03 -9.341028610912122457e-03
1.871281299575352932e+03 -3.281060387484229304e-03 -9.231545747479868655e-03
1.871312548335365364e+03 -3.275365606675718910e-03 -9.000286088770875770e-03
1.871328204905258872e+03 -3.270769258053901358e-03 -8.884726616954151737e-03
1.871343898335784161e+03 -3.267538778791351673e-03 -8.775020367346503605e-03
1.871375430379168392e+03 -3.262585261242350373e-03 -8.568819225572727252e-03
1.871391161375717729e+03 -3.261759732456669027e-03 -8.468938830228344913e-03
1.871406871099951559e+03 -3.262927766644211757e-03 -8.366202711876208689e-03
1.871422531034004805e+03 -3.264032455780120287e-03 -8.267036853429905047e-03
1.871453833827711378e+03 -3.266597423080519393e-03 -8.077936575022193894e-03
1.871469465147932624e+03 -3.271175084102716409e-03 -7.985514996472644830e-03
1.871485103728322883e+03 -3.276375308646585060e-03 -7.895649648929876224e-03
1.871500757179726179e+03 -3.281846445082703921e-03 -7.805038700512642938e-03
1.871532129581272557e+03 -3.297293156207399632e-03 -7.683206851306818158e-03
1.871547847163626784e+03 -3.306045291821189686e-03 -7.601720430250036298e-03
1.871563595699271673e+03 -3.316116009256076403e-03 -7.524803238129578603e-03
1.871595158607929307e+03 -3.333247328346894498e-03 -7.379991516706247041e-03
1.871610934332954002e+03 -3.343468290260811094e-03 -7.294210502966882309e-03
1.871626705828805598e+03 -3.352790222878947526e-03 -7.205148103106757268e-03
1.871642447867068313e+03 -3.360805443666552844e-03 -7.117134201387668481e-03
1.871673909122678651e+03 -3.376025381097678101e-03 -6.930333863818357448e-03
1.871689629031034428e+03 -3.382714475779222650e-03 -6.838033848078126260e-03
1.871705333547117561e+03 -3.387166390758194947e-03 -6.752485163634861648e-03
1.871721034779628553e+03 -3.392870345659392255e-03 -6.677525205817765735e-03
1.871752433133399336e+03 -3.400180253099403024e-03 -6.655108189234558436e-03
1.871768135395387162e+03 -3.403868697155225907e-03 -6.614325114309875693e-03
1.871783835135280924e+03 -3.408155511503441985e-03 -6.707715004932788931e-03
1.871815276688884524e+03 -3.412202442910722017e-03 -7.198687721649477643e-03
1.871830995095468779e+03 -3.413893171887834137e-03 -7.568188743783088070e-03
1.871846745252260689e+03 -3.414206993463218300e-03 -7.570840931232900375e-03
1.871862501680432160e+03 -3.412699196507525037e-03 -7.840542630866698115e-03
1.871894073789798313e+03 -3.409392871994943938e-03 -8.058574459890525607e-03
1.871909847549545020e+03 -3.407363700480282778e-03 -8.088834870517185721e-03
1.871925597170045194e+03 -3.402723555151804160e-03 -8.162169544993594025e-03
1.871941337861575448e+03 -3.401165511027669230e-03 -8.255960737060027282e-03
1.871972759398807739e+03 -3.393990195352059123e-03 -8.536059952611987911e-03
1.871988449472528600e+03 -3.389977325281063551e-03 -8.695593066194117621e-03
1.872004140555260392e+03 -3.385214469558202321e-03 -8.861091765321080574e-03
1.872035522317966752e+03 -3.376236445740078002e-03 -9.173072311135390886e-03
1.872051229851088465e+03 -3.372579033290070902e-03 -9.301197693722207047e-03
1.872066956239442789e+03 -3.365644937598614300e-03 -9.423110906471684339e-03
1.872082678177116122e+03 -3.361002582118118986e-03 -9.536046020162010362e-03
1.872114190037762683e+03 -3.347189406400496569e-03 -9.714507997808883091e-03
1.872129984420411802e+03 -3.342006640302972332e-03 -9.771551480026957268e-03
1.872145770685581510e+03 -3.334544725814434646e-03 -9.797950168369224527e-03
1.872161535546567848e+03 -3.327858606036083675e-03 -9.802351564447503440e-03
1.872193025655705014e+03 -3.313713423313767534e-03 -9.738331741632785810e-03
1.872208748419534004e+03 -3.308125550108089157e-03 -9.680918940479052437e-03
1.872224452388453074e+03 -3.301315688949428302e-03 -9.601913018286525187e-03
1.872240153831944554e+03 -3.295183036044425830e-03 -9.517302118841532155e-03
1.872271546332420030e+03 -3.283523795184179351e-03 -9.307477076830474039e-03
1.872287190029911699e+03 -3.279188065091320943e-03 -9.195390574931220154e-03
1.872302814323522398e+03 -3.276239307329982010e-03 -9.081683556910667005e-03
1.872334123759182830e+03 -3.270589471251960159e-03 -8.852646368555665626e-03
1.872349825425765630e+03 -3.268681995934468419e-03 -8.746151842910488555e-03
1.872365598024715609e+03 -3.264570255265553545e-03 -8.643793412998227940e-03
1.872381369689412850e+03 -3.265232712607876644e-03 -8.541887205387626789e-03
1.872412771639653556e+03 -3.262839739277558892e-03 -8.338112260653242000e-03
1.872428431763345088e+03 -3.263686584318335922e-03 -8.239977190585518613e-03
1.872444091500361083e+03 -3.266948257244084528e-03 -8.146184131656925703e-03
1.872475361516642124e+03 -3.273888112139647800e-03 -7.960504761893805181e-03
1.872491002916970729e+03 -3.278887300746390759e-03 -7.868991907553857246e-03
1.872506657871407015e+03 -3.285565017962730535e-03 -7.783894179263638191e-03
1.872522340324022935e+03 -3.291914573293920968e-03 -7.724240442947797637e-03
1.872553770583509504e+03 -3.307095705985805319e-03 -7.578846214247952039e-03
1.872569533670312694e+03 -3.317091834043881145e-03 -7.505437162968284052e-03
1.872585311505243681e+03 -3.328935538243993960e-03 -7.436794777651628899e-03
1.872601106658788012e+03 -3.337978042264580850e-03 -7.356951997539461219e-03
1.872632629361425415e+03 -3.355250014331415554e-03 -7.181565175543365431e-03
1.872648380799869756e+03 -3.364350466835878874e-03 -7.090814917822005001e-03
1.872664096450109810e+03 -3.371617739986631796e-03 -6.997273913511538150e-03
1.872695537867222583e+03 -3.384729761959594328e-03 -6.812851655169876661e-03
1.872711244773995077e+03 -3.391612720809569596e-03 -6.727695430990562366e-03
1.872726944416884180e+03 -3.396521492941385629e-03 -6.660971110062587422e-03
1.872742645010283923e+03 -3.400462094838721441e-03 -6.667341771879813778e-03
1.872774042861443604e+03 -3.407456459000000448e-03 -6.625145747544067265e-03
1.872789743471404108e+03 -3.410073891397134935e-03 -6.746276529487160549e-03
1.872805465582256829e+03 -3.412015531724300020e-03 -6.952246096335080137e-03
1.872821192493324133e+03 -3.414027512527346552e-03 -7.313044485039225245e-03
1.872852674217975391e+03 -3.414046770071702593e-03 -7.598700891134181103e-03
1.872868433858796607e+03 -3.413297346732112238e-03 -7.930316821895143711e-03
1.872884227889375325e+03 -3.411375169376409510e-03 -8.069490176716057062e-03
1.872900021621295991e+03 -3.410712482050433196e-03 -8.059181801242952525e-03
1.872931520165306665e+03 -3.403112185502234904e-03 -8.188852393844470862e-03
1.872947254075167393e+03 -3.400263839305436506e-03 -8.294386757033251137e-03
1.872962970489821600e+03 -3.396831811019452012e-03 -8.431284815071353120e-03
1.872994358567550535e+03 -3.390762274714122834e-03 -8.741645945257859110e-03
1.873010050346737671e+03 -3.386060044315610841e-03 -8.904360830697182969e-03
1.873025737463842233e+03 -3.381533264939162124e-03 -9.063235190816549408e-03
1.873041429958021354e+03 -3.376787779119819026e-03 -9.200321982657676603e-03
1.873072871928886343e+03 -3.365291423334750356e-03 -9.446851912783564911e-03
1.873088602099154514e+03 -3.360361395691340881e-03 -9.560837067023732899e-03
1.873104361144768518e+03 -3.351972957569958160e-03 -9.654471135706402252e-03
1.873120126372195273e+03 -3.346873309192192024e-03 -9.727452289445333300e-03
1.873151713282600213e+03 -3.333246034733052584e-03 -9.796340466732863031e-03
1.873167465232039831e+03 -3.324861543112411517e-03 -9.792957519446117767e-03
1.873183209663568050e+03 -3.318675096846236423e-03 -9.763518067996933281e-03
1.873214658259885709e+03 -3.304672416287247980e-03 -9.657964997086961392e-03
1.873230357862088567e+03 -3.299823051011822276e-03 -9.573999122738655748e-03
1.873246066613397488e+03 -3.294797372247078564e-03 -9.490652886458821741e-03
1.873261776260564375e+03 -3.289176794483498947e-03 -9.387021352341123892e-03
1.873293080294368565e+03 -3.278549792861899792e-03 -9.162743341228806598e-03
1.873308706190477096e+03 -3.276087965184931120e-03 -9.049534320983373265e-03
1.873324356391407719e+03 -3.272327132211495012e-03 -8.934703441910090554e-03
1.873340035637256278e+03 -3.269611835690353248e-03 -8.822487003326724697e-03
1.873371536251241196e+03 -3.264185537700366180e-03 -8.614971910915186076e-03
1.873387290761743316e+03 -3.260736192181912067e-03 -8.514867444778547942e-03
1.873403003522062818e+03 -3.263477520092977670e-03 -8.411986341589525532e-03
1.873434334069598208e+03 -3.265416474557810301e-03 -8.214481034682618796e-03
1.873449977754166184e+03 -3.268560986860550525e-03 -8.119969465763763813e-03
1.873465613127327970e+03 -3.270627174591444943e-03 -8.026841267542226058e-03
1.873481249361637083e+03 -3.275216815174346492e-03 -7.934090934892180577e-03
1.873512562100394916e+03 -3.288800755034608329e-03 -7.764165386472629896e-03
1.873528254248240501e+03 -3.295180400633717158e-03 -7.708403607932891484e-03
1.873543960748065501e+03 -3.302624822944509077e-03 -7.638459910558890661e-03
1.873575468735320101e+03 -3.320411670948641373e-03 -7.486918858187481540e-03
1.873591254271777416e+03 -3.329827740736780121e-03 -7.416603772191473869e-03
1.873607042325947305e+03 -3.340524131517366106e-03 -7.333867244078627091e-03
1.873622809743792686e+03 -3.349927005333671812e-03 -7.244951199884969162e-03
1.873654296979221044e+03 -3.365593902342790822e-03 -7.065044492625135487e-03
1.873670017876207112e+03 -3.375524249680567860e-03 -6.970134963447444446e-03
1.873685738147534494e+03 -3.381573290471289513e-03 -6.876002037600450513e-03
1.873701444153507737e+03 -3.387852785240215089e-03 -6.788230487931878193e-03
1.873732847746907737e+03 -3.396019022168781688e-03 -6.651527324453958452e-03
1.873748549265404790e+03 -3.401364408672616184e-03 -6.668471558750752731e-03
1.873764252179757477e+03 -3.406938429660375401e-03 -6.617621627681694561e-03
1.873795659512129305e+03 -3.412718835575044400e-03 -6.791806479195054355e-03
1.873811384606927277e+03 -3.416276377248405032e-03 -7.025583801394189032e-03
1.873827103794936420e+03 -3.414945667059437161e-03 -7.436766466985020134e-03
1.873842845784294468e+03 -3.415707770005996062e-03 -7.573283749200448306e-03
1.873874379545669626e+03 -3.413984288600856003e-03 -8.000008367740597814e-03
1.873890165213039609e+03 -3.410980176259226487e-03 -8.065745996026349104e-03
1.873905952096009514e+03 -3.408038274955521411e-03 -8.067807319608292713e-03
1.873921701538421985e+03 -3.407539107826772912e-03 -8.130668208968242633e-03
1.873953168183440994e+03 -3.399858539522021203e-03 -8.334505829651887854e-03
1.873968875096235706e+03 -3.396480451412504497e-03 -8.474632101902886475e-03
1.873984566902322285e+03 -3.392280688845671598e-03 -8.623668275476876685e-03
1.874000259332470705e+03 -3.388679728797605508e-03 -8.786253708671070556e-03
1.874031641032452853e+03 -3.381612447338934544e-03 -9.103337025359932444e-03
1.874047343703570277e+03 -3.376518575971086157e-03 -9.233365423684353548e-03
1.874063066032213328e+03 -3.371475888313729512e-03 -9.363003447537883439e-03
1.874094528846267849e+03 -3.358294901559575208e-03 -9.590277130949906650e-03
1.874110290746527653e+03 -3.352397057183161867e-03 -9.678468495133860094e-03
1.874126076713953580e+03 -3.346024787508017958e-03 -9.746843046607521488e-03
1.874141859638754568e+03 -3.338104512439032771e-03 -9.784934529590668534e-03
1.874173389803813052e+03 -3.324686673424189116e-03 -9.788282863332517167e-03
1.874189135039250687e+03 -3.317717756103067718e-03 -9.754985290105622556e-03
1.874204856914464472e+03 -3.310458377172816047e-03 -9.706405758062140385e-03
1.874220563897850070e+03 -3.304773100655309607e-03 -9.637654863431089486e-03
1.874251973372192651e+03 -3.291712762503799274e-03 -9.465004733736553238e-03
1.874267674400295846e+03 -3.286700885993803969e-03 -9.355938424012258739e-03
1.874283337260498911e+03 -3.282735595628157206e-03 -9.246720555267595731e-03
1.874314603822727804e+03 -3.274211022094788200e-03 -9.019374852886645130e-03
1.874330259464101800e+03 -3.272157860984359259e-03 -8.904409759594930640e-03
1.874345947784759574e+03 -3.269466286403397478e-03 -8.795420196340986846e-03
1.874361700678160787e+03 -3.265467912505710946e-03 -8.691845670553116632e-03
1.874393203434244697e+03 -3.263905951524063206e-03 -8.488261253248188462e-03
1.874408908962712758e+03 -3.265196501128990458e-03 -8.385075720802125099e-03
1.874424566715642186e+03 -3.265232585884401614e-03 -8.285189750729447453e-03
1.874440230645152042e+03 -3.266919033209954824e-03 -8.190595648464292847e-03
1.874471498122207322e+03 -3.273013744170417960e-03 -8.002727267167766487e-03
1.874487137422542446e+03 -3.278256699536481050e-03 -7.912154613936069752e-03
1.874502789635830368e+03 -3.283954141768730822e-03 -7.819094711634329981e-03
1.874534160195360528e+03 -3.296648354705829058e-03 -7.694951687637666647e-03
1.874549878958140425e+03 -3.306484129430680308e-03 -7.616810653174653153e-03
1.874565632242566835e+03 -3.317289827431808141e-03 -7.538018953445561714e-03
1.874581404695404444e+03 -3.325454889864683499e-03 -7.470325225334605024e-03
1.874612969701247266e+03 -3.343817195738898844e-03 -7.310894110156436997e-03
1.874628735239983143e+03 -3.354035594706262537e-03 -7.221719331110037533e-03
1.874644478824742919e+03 -3.362640430705973998e-03 -7.133636567048299432e-03
1.874660204458699127e+03 -3.371507499996594624e-03 -7.039406980591010957e-03
1.874691648305996068e+03 -3.385132874528151616e-03 -6.851742246549716482e-03
1.874707356483721014e+03 -3.390550747859393324e-03 -6.765231070972561184e-03
1.874723054973565468e+03 -3.395323263386956347e-03 -6.685116789552377967e-03
1.874754453558251271e+03 -3.403071555200904482e-03 -6.663499325218082310e-03
1.874770154395675945e+03 -3.406367546653760441e-03 -6.608144287409023487e-03
1.874785854665944726e+03 -3.410066323046084032e-03 -6.675936073287069492e-03
1.874801570753583746e+03 -3.413861188994069765e-03 -6.844088816703325535e-03
1.874833022261918131e+03 -3.416588521771808835e-03 -7.534716779235759582e-03
1.874848773181841352e+03 -3.418064454356231630e-03 -7.561413228490605244e-03
1.874864529195851219e+03 -3.414873178145001915e-03 -7.760561184701218751e-03
1.874880321724455371e+03 -3.414727218524262267e-03 -8.045744090673226379e-03
1.874911873497355828e+03 -3.410084085138059655e-03 -8.082400380341681762e-03
1.874927622406713454e+03 -3.405222035362076832e-03 -8.156704115094339305e-03
1.874943361641839374e+03 -3.403730050005267498e-03 -8.251161830602813871e-03
1.874974781519099224e+03 -3.397186617070740381e-03 -8.518768953097718283e-03
1.874990470472929701e+03 -3.393359157175727166e-03 -8.669985459458051311e-03
1.875006160611268797e+03 -3.388713030705629674e-03 -8.831672759054751826e-03
1.875021849827259302e+03 -3.383889683934741474e-03 -8.996350432219768836e-03
1.875053252471060205e+03 -3.374730403328961206e-03 -9.272989472047145007e-03
1.875068979740408167e+03 -3.369019693980684557e-03 -9.397453324999511734e-03
1.875084704936550452e+03 -3.363971869307047242e-03 -9.515542377170428667e-03
1.875100456450978527e+03 -3.358495707319119478e-03 -9.622133258096967137e-03
1.875132014275934580e+03 -3.344011472158729247e-03 -9.765661232528978844e-03
1.875147805438447676e+03 -3.337328352601985019e-03 -9.795844776891530006e-03
1.875163561855200214e+03 -3.329745531323578291e-03 -9.805115874039850576e-03
1.875195048049298066e+03 -3.315918526856854315e-03 -9.747445720420713083e-03
1.875210767756091855e+03 -3.310572455519889077e-03 -9.693757773067374767e-03
1.875226471265128112e+03 -3.304413161513777147e-03 -9.616576503431952319e-03
1.875242172696635407e+03 -3.297704338476499693e-03 -9.534291433763159365e-03
1.875273570872443770e+03 -3.286331874593345637e-03 -9.328303757004694635e-03
1.875289223181639727e+03 -3.281331546789811090e-03 -9.215994393500596613e-03
1.875304855395499089e+03 -3.277048096988109237e-03 -9.103345369480710450e-03
1.875320501140298347e+03 -3.273945232810034165e-03 -8.989137132641596833e-03
1.875351867518482322e+03 -3.270156113891946846e-03 -8.768355682875745780e-03
1.875367637949679192e+03 -3.266669601056665633e-03 -8.665784164276072940e-03
1.875383408160737645e+03 -3.264388388623992807e-03 -8.564455834877936213e-03
1.875414803559085385e+03 -3.264014730416510673e-03 -8.358517063696419003e-03
1.875430461353785631e+03 -3.265462747986870150e-03 -8.260942886586184961e-03
1.875446115512553206e+03 -3.269329643169116995e-03 -8.166574548156030344e-03
1.875461751807193878e+03 -3.271979212091895642e-03 -8.071011798405320486e-03
1.875493033451892643e+03 -3.280582680340278241e-03 -7.886281920427101050e-03
1.875508688204349028e+03 -3.286453766661701081e-03 -7.798533116429952339e-03
1.875524368543652145e+03 -3.292752684097228436e-03 -7.734985839210574941e-03
1.875540069617611607e+03 -3.300535931051225107e-03 -7.676418555006867678e-03
1.875571566406905049e+03 -3.317193120113864132e-03 -7.519805028758839126e-03
1.875587345087000131e+03 -3.329983956793104716e-03 -7.452671101072966091e-03
1.875603141973060929e+03 -3.337747263341602714e-03 -7.374190442670643282e-03
1.875634654152390112e+03 -3.356457970507701737e-03 -7.198930354144113426e-03
1.875650403546915641e+03 -3.366158786490681346e-03 -7.107979610462203737e-03
1.875666118789386019e+03 -3.372166511525793737e-03 -7.013205800571666038e-03
1.875681845050585707e+03 -3.380945137807915470e-03 -6.918222318428882134e-03
1.875713261141619341e+03 -3.391645284206481689e-03 -6.742203785732503799e-03
1.875728959274867975e+03 -3.397898767513501863e-03 -6.668250664882901906e-03
1.875744660180049550e+03 -3.402919027378879455e-03 -6.660555351812941921e-03
1.875760364797212105e+03 -3.406531206658157136e-03 -6.646793355178574718e-03
1.875791762445639051e+03 -3.412761338315910276e-03 -6.715289957507307103e-03
1.875807487597493946e+03 -3.414913581637530129e-03 -6.904788650822340709e-03
1.875823211598848275e+03 -3.415820791960775572e-03 -7.230424042430394320e-03
1.875854701428060480e+03 -3.415318905336426573e-03 -7.562905411838561492e-03
1.875870462539190612e+03 -3.415691724697096383e-03 -7.864416833663685769e-03
1.875886256049014037e+03 -3.413280700045248205e-03 -8.069078423835853928e-03
1.875902048214938077e+03 -3.412035115704443317e-03 -8.059941104272418111e-03
1.875933543454512574e+03 -3.405875075495913822e-03 -8.183215701143879695e-03
1.875949273493569308e+03 -3.402636148858610449e-03 -8.286623838605462755e-03
1.875964987789775250e+03 -3.398481899422015236e-03 -8.420327351481283334e-03
1.875980681705186953e+03 -3.395898705466314765e-03 -8.560943606510475201e-03
1.876012066085123251e+03 -3.389259044791208004e-03 -8.877734602169414999e-03
1.876027756816127749e+03 -3.384301005955776386e-03 -9.039816635519448695e-03
1.876043449820551359e+03 -3.379508095185553267e-03 -9.179490947056740541e-03
1.876074890621511031e+03 -3.367319928888569056e-03 -9.432538826934769652e-03
1.876090625593440791e+03 -3.362268816031113629e-03 -9.552097936394469621e-03
1.876106387172555969e+03 -3.354932862180688962e-03 -9.653024377412373555e-03
1.876122156787719632e+03 -3.348945955456213153e-03 -9.731026364789834016e-03
1.876153739067766082e+03 -3.334118943898219199e-03 -9.808035155262876878e-03
1.876169490569532627e+03 -3.328044188580949088e-03 -9.807578674781481515e-03
1.876185232667930677e+03 -3.320954058267422231e-03 -9.781579236189996696e-03
1.876200960165151173e+03 -3.314157171137822096e-03 -9.740390853128760157e-03
1.876232372620593651e+03 -3.300974082714485357e-03 -9.596716641006929754e-03
1.876248078893254615e+03 -3.296136403706047182e-03 -9.514693833092500649e-03
1.876263789135218985e+03 -3.291259763597569662e-03 -9.411166350102025818e-03
1.876295115811500636e+03 -3.280320582050791443e-03 -9.188073496137367027e-03
1.876310748996796747e+03 -3.278663109596955446e-03 -9.075428654605286610e-03
1.876326401164888694e+03 -3.273327266809598641e-03 -8.960607316680059553e-03
1.876342075790524405e+03 -3.270926725583831254e-03 -8.849355155798127592e-03
1.876373579906059604e+03 -3.265592620511983263e-03 -8.641111668687825528e-03
1.876389326696569697e+03 -3.263914290423829221e-03 -8.540826055895806707e-03
1.876405038833990375e+03 -3.265114312829094177e-03 -8.436105481830770761e-03
1.876420702509687089e+03 -3.266102964600910760e-03 -8.334843702246316419e-03
1.876452001661158647e+03 -3.268551469269637220e-03 -8.144127685606924669e-03
1.876467636491576059e+03 -3.271699625646849741e-03 -8.049720613628600849e-03
1.876483275484170008e+03 -3.276041632090109356e-03 -7.957531273521863471e-03
1.876514590621542084e+03 -3.288644755574444880e-03 -7.781517816682109040e-03
1.876530279865440207e+03 -3.296575413230634546e-03 -7.724118519919324043e-03
1.876545991365650707e+03 -3.303425352987871162e-03 -7.657713078953687358e-03
1.876561730845850207e+03 -3.313485054521109544e-03 -7.576024886903246804e-03
1.876593292624157584e+03 -3.330380591221738639e-03 -7.435608846296693983e-03
1.876609074160265664e+03 -3.341821326888046607e-03 -7.353543166325562409e-03
1.876624842501103331e+03 -3.350552929000813474e-03 -7.264416921631352934e-03
1.876640579555800514e+03 -3.358809283484878727e-03 -7.177425464714247416e-03
1.876672039565504747e+03 -3.376705397108095783e-03 -6.989181782613227388e-03
1.876687760174359710e+03 -3.381916777043814278e-03 -6.894704105587033671e-03
1.876703463414084126e+03 -3.387532380563169476e-03 -6.806607603833189288e-03
1.876734864062284487e+03 -3.396942334653171944e-03 -6.660550830341192829e-03
1.876750566259381003e+03 -3.401375063740881381e-03 -6.669194433115494675e-03
1.876766269365082962e+03 -3.406280093160812643e-03 -6.627581496120102042e-03
1.876781968867925571e+03 -3.410968431930692935e-03 -6.629075367005857027e-03
1.876813407854170919e+03 -3.416058900703065112e-03 -6.976157149188608707e-03
1.876829125617786985e+03 -3.416399734238651734e-03 -7.359181216239409420e-03
1.876844873090366491e+03 -3.416656443793232318e-03 -7.586474092036549557e-03
1.876860630224095985e+03 -3.416730279236515188e-03 -7.616872769142675990e-03
1.876892196029695469e+03 -3.412622457085461199e-03 -8.071471571115144961e-03
1.876907976893923205e+03 -3.410392266029547721e-03 -8.067680780155248380e-03
1.876923726722137644e+03 -3.407961752675586070e-03 -8.129631245254956978e-03
1.876955191218141181e+03 -3.401173362628238592e-03 -8.328836408299003166e-03
1.876970893935739468e+03 -3.398389711215010420e-03 -8.462935433353278164e-03
1.876986585091427742e+03 -3.394186774959646359e-03 -8.604895705384894150e-03
1.877002276805358633e+03 -3.389876658368839481e-03 -8.761165105086872809e-03
1.877033658931203490e+03 -3.382064292215346268e-03 -9.080165898318674073e-03
1.877049362886030167e+03 -3.378156738341537429e-03 -9.214502380205963350e-03
1.877065089321745290e+03 -3.371350549839612597e-03 -9.345946135001725885e-03
1.877080806604956024e+03 -3.366420701963926398e-03 -9.465859850788961929e-03
1.877112317098548601e+03 -3.353151888964182609e-03 -9.677709285153265201e-03
1.877128107233963647e+03 -3.347801616133087767e-03 -9.751963792196923289e-03
1.877143891144247618e+03 -3.339948205336367836e-03 -9.792682748736514231e-03
1.877175414170269960e+03 -3.324945664635487429e-03 -9.803776168961145579e-03
1.877191155778972416e+03 -3.319480199475520390e-03 -9.773941975347205310e-03
1.877206879701279831e+03 -3.312367391438606010e-03 -9.728096229155437993e-03
1.877222582636934249e+03 -3.306287467254297521e-03 -9.659620405632682663e-03
1.877253987762010411e+03 -3.293058555994767336e-03 -9.489763403443391560e-03
1.877269691134630193e+03 -3.287481928602732119e-03 -9.381503819654571016e-03
1.877285363186814493e+03 -3.283465691787954346e-03 -9.270370074467723653e-03
1.877301006274326937e+03 -3.279748451479055395e-03 -9.158732215224523257e-03
1.877332307433867527e+03 -3.273009141976020251e-03 -8.931230142748273343e-03
1.877347988477891022e+03 -3.271247751286868351e-03 -8.822573585735796892e-03
1.877363742725723796e+03 -3.267271148281303880e-03 -8.718929379952696304e-03
1.877395243483332933e+03 -3.264619312908262089e-03 -8.513833781801427580e-03
1.877410941621784559e+03 -3.265083784623504411e-03 -8.409961086909362171e-03
1.877426598103975948e+03 -3.265163019466001040e-03 -8.310334991690981887e-03
1.877442257704340136e+03 -3.267491129971506619e-03 -8.215359153900930397e-03
1.877473527673412036e+03 -3.273187483418728110e-03 -8.026741903488995855e-03
1.877489169316380867e+03 -3.278096818692973532e-03 -7.934597860986698434e-03
1.877504821402432981e+03 -3.284096412572752675e-03 -7.840461384583332152e-03
1.877520494492509670e+03 -3.289921027706337129e-03 -7.765047827294262357e-03
1.877551910883608343e+03 -3.304587838828519555e-03 -7.636814109785760793e-03
1.877567667637241357e+03 -3.315483133639579583e-03 -7.556243738569296681e-03
1.877583445554236960e+03 -3.325025630610652354e-03 -7.488492433020297809e-03
1.877615005127862105e+03 -3.342836650775159960e-03 -7.331143696026285253e-03
1.877630765607466401e+03 -3.353064077867981812e-03 -7.241799611146864171e-03
1.877646510902626915e+03 -3.361928606103673899e-03 -7.153081705527593315e-03
1.877662228517836638e+03 -3.370904195897952028e-03 -7.058517898263186319e-03
1.877693669910107246e+03 -3.384192883738373989e-03 -6.870433121404153666e-03
1.877709376015379803e+03 -3.391603081522432447e-03 -6.783276007051967059e-03
1.877725076840900101e+03 -3.395374134268191232e-03 -6.701441572946948387e-03
1.877740773788785646e+03 -3.400020788245410909e-03 -6.655118575792266962e-03
1.877772174603403300e+03 -3.406944045376440310e-03 -6.608401061247552895e-03
1.877787875456728443e+03 -3.410194679564845441e-03 -6.655865724018361282e-03
1.877803595504228724e+03 -3.412976738715601133e-03 -6.809711524266882053e-03
1.877835050766480890e+03 -3.416954014869642235e-03 -7.477627317938156416e-03
1.877850802032976389e+03 -3.417603783875954124e-03 -7.569815840806791082e-03
1.877866559417251437e+03 -3.415109235464305112e-03 -7.691791154937202731e-03
1.877882353138077633e+03 -3.414120759825410144e-03 -8.023518699891948533e-03
1.877913901850580260e+03 -3.409270108952217309e-03 -8.080958037255345575e-03
1.877929649207634156e+03 -3.405679999923208467e-03 -8.157247652973419541e-03
1.877945386102394878e+03 -3.403643173454822587e-03 -8.254087810866868671e-03
1.877961103819309301e+03 -3.401292950724664997e-03 -8.370278044119522365e-03
1.877992494452818619e+03 -3.393900945585876135e-03 -8.646463647800372437e-03
1.878008183364790511e+03 -3.389563489600195406e-03 -8.801215569889678236e-03
1.878023871551334423e+03 -3.384979362828206481e-03 -8.962831109565935414e-03
1.878055277335919754e+03 -3.374968608526824742e-03 -9.244018308649253404e-03
1.878071004122812155e+03 -3.369821939371064716e-03 -9.371399676802397855e-03
1.878086730165406607e+03 -3.364719713645224902e-03 -9.493466192522890743e-03
1.878102485316044977e+03 -3.357340893281879346e-03 -9.605830485917444400e-03
1.878134045351189570e+03 -3.344025937156348653e-03 -9.761143418407136965e-03
1.878149838199279657e+03 -3.338355667529688958e-03 -9.796978785195647674e-03
1.878165590737934963e+03 -3.329421877051976560e-03 -9.809554272896665178e-03
1.878181336975502290e+03 -3.322839507575530392e-03 -9.793332784523054238e-03
1.878212789874179634e+03 -3.309760276877189277e-03 -9.709817902937180681e-03
1.878228489630768308e+03 -3.304658418970617562e-03 -9.634314721414780069e-03
1.878244190867356792e+03 -3.298599902058430271e-03 -9.555324966933618699e-03
1.878275596323964919e+03 -3.286784985155527094e-03 -9.352206435619417335e-03
1.878291256157652015e+03 -3.281769846928505110e-03 -9.240563958955562776e-03
1.878306898724032635e+03 -3.277152496691160613e-03 -9.127650414007228846e-03
1.878322552172648102e+03 -3.273938608211168604e-03 -9.014183291870344131e-03
1.878353912782810312e+03 -3.268994151612337161e-03 -8.794126889951594389e-03
1.878369682307887160e+03 -3.266569564009007883e-03 -8.690925306096801070e-03
1.878385449613104356e+03 -3.262159511731060457e-03 -8.590019008020388994e-03
1.878401162464403114e+03 -3.264608994794032746e-03 -8.485687671437577850e-03
1.878432495205251143e+03 -3.265367820985636601e-03 -8.284353303667528132e-03
1.878448143515096490e+03 -3.269060442724931216e-03 -8.189305253127991679e-03
1.878463779388757985e+03 -3.270356530600657466e-03 -8.093980587898265411e-03
1.878495064510672364e+03 -3.280369076000542658e-03 -7.906320780038623638e-03
1.878510723450424848e+03 -3.285744401598006750e-03 -7.816375818211462531e-03
1.878526402395011019e+03 -3.291452336102615190e-03 -7.748488977948449208e-03
1.878542102318542220e+03 -3.299356925251613424e-03 -7.693242220818834881e-03
1.878573603661312745e+03 -3.316387362968229325e-03 -7.537041694720233130e-03
1.878589386705456718e+03 -3.327217893608811882e-03 -7.470300606483942958e-03
1.878605180084698077e+03 -3.336251015379249237e-03 -7.393540614641088554e-03
1.878620941865472560e+03 -3.346715216396905709e-03 -7.306063333431590291e-03
1.878652430496599209e+03 -3.364049372759790948e-03 -7.126897528953441037e-03
1.878668147408827508e+03 -3.371537293212144206e-03 -7.031632948812000655e-03
1.878683868735982742e+03 -3.379826571641631004e-03 -6.936253741347272496e-03
1.878715281240599779e+03 -3.390191838935307806e-03 -6.759396660372604670e-03
1.878730979220995550e+03 -3.395738430401943828e-03 -6.681239360827032590e-03
1.878746680457527646e+03 -3.401597634314443112e-03 -6.654435544137797531e-03
1.878762384262101477e+03 -3.406689181020752279e-03 -6.659234029999024085e-03
1.878793787519785383e+03 -3.412533452176041114e-03 -6.691725962308492370e-03
1.878809513911518479e+03 -3.415771735309391672e-03 -6.863853671898689085e-03
1.878825235298192638e+03 -3.415130826447790573e-03 -7.156751542362190140e-03
1.878840973233418708e+03 -3.416960016797607278e-03 -7.559536776180630566e-03
1.878872498682153264e+03 -3.415237423108786509e-03 -7.796631961222113237e-03
1.878888289450542970e+03 -3.412508016439905287e-03 -8.062161590026388838e-03
1.878904079254458566e+03 -3.410225137860638505e-03 -8.067720837528415123e-03
1.878935572193342978e+03 -3.405801889637430965e-03 -8.191361768852243458e-03
1.878951298654324319e+03 -3.402373771984179042e-03 -8.291707599818462851e-03
1.878967009485103972e+03 -3.398413782757411274e-03 -8.409916714379295222e-03
1.878982702540247601e+03 -3.394916107306823576e-03 -8.541258321282496624e-03
1.879014086546335193e+03 -3.389128223384983620e-03 -8.845885864706241886e-03
1.879029777524480551e+03 -3.384832973374111726e-03 -9.002931078324588610e-03
1.879045476226137453e+03 -3.379327152660879276e-03 -9.142377647222232548e-03
1.879061195409508855e+03 -3.375671784398584074e-03 -9.278310251713170823e-03
1.879092654579563487e+03 -3.361834397827893634e-03 -9.526735170544590320e-03
1.879108416152348809e+03 -3.355838629021100708e-03 -9.630749792451175073e-03
1.879124195155695134e+03 -3.348776446289075497e-03 -9.716877782736717956e-03
1.879155768145835737e+03 -3.333526943437773934e-03 -9.803884937682362868e-03
1.879171517095792524e+03 -3.328895962578200859e-03 -9.806789623126872801e-03
1.879187261477523634e+03 -3.320803716941148585e-03 -9.785931892555865472e-03
1.879202985090805441e+03 -3.313887634242145084e-03 -9.749119402694626443e-03
1.879234392413407477e+03 -3.300606733095075730e-03 -9.611584759152304661e-03
1.879250096238424021e+03 -3.294925167224730354e-03 -9.532128545625918534e-03
1.879265808401757113e+03 -3.290016744318495067e-03 -9.430311724629965656e-03
1.879281496854520810e+03 -3.285658694960929410e-03 -9.322042093458044257e-03
1.879312797924357483e+03 -3.277122557801434750e-03 -9.097828265475204831e-03
1.879328448784067177e+03 -3.273027316901286864e-03 -8.984182189113017192e-03
1.879344117193923466e+03 -3.270802303037681491e-03 -8.873681492215911709e-03
1.879375625883257044e+03 -3.265875599281627042e-03 -8.664704614772028926e-03
1.879391364087940474e+03 -3.264856636015175430e-03 -8.563902773209505076e-03
1.879407073978574317e+03 -3.264913340703523917e-03 -8.457902511784064561e-03
1.879422732329148630e+03 -3.265475466704997887e-03 -8.356435599781204468e-03
1.879454027951354192e+03 -3.267498127593627694e-03 -8.163882622871373312e-03
1.879469661060356884e+03 -3.271380393370638094e-03 -8.069006184515082128e-03
1.879485301905974666e+03 -3.275948164705997420e-03 -7.977246679076878400e-03
1.879500953783485329e+03 -3.280826117429651214e-03 -7.880752264665204232e-03
1.879532306824417219e+03 -3.294654281072206467e-03 -7.735870785648651764e-03
1.879548018667858287e+03 -3.303610917586707798e-03 -7.673722836894998622e-03
1.879563765193721110e+03 -3.312957152140433986e-03 -7.591993995673906176e-03
1.879595332004238116e+03 -3.330568141258880357e-03 -7.451467470089341398e-03
1.879611105132310058e+03 -3.340767174690818797e-03 -7.370768925085153210e-03
1.879626870988083965e+03 -3.350494862349437820e-03 -7.281518056228231117e-03
1.879642608173060353e+03 -3.358990368718305520e-03 -7.194376071867614880e-03
1.879674062507796634e+03 -3.374999538384760005e-03 -7.005399091413917929e-03
1.879689780347015812e+03 -3.382406005183774111e-03 -6.910560186645048862e-03
1.879705483948835308e+03 -3.387235939540436062e-03 -6.821705144768589434e-03
1.879721183635148464e+03 -3.393418296447054013e-03 -6.736386276315960153e-03
1.879752583588470316e+03 -3.401299779032175129e-03 -6.664137438587678861e-03
1.879768285882844566e+03 -3.405179946056094507e-03 -6.635567188664535584e-03
1.879783986452015370e+03 -3.409785862554104343e-03 -6.612185606432586030e-03
1.879815429693789838e+03 -3.414540215423824375e-03 -6.926130530873656627e-03
1.879831148749621207e+03 -3.416633073188251116e-03 -7.273652786935654035e-03
1.879846899676249677e+03 -3.417392283009329079e-03 -7.584832389713506810e-03
1.879862656054108129e+03 -3.416085266499302355e-03 -7.574754621174084775e-03
1.879894228209640232e+03 -3.413401039007325950e-03 -8.075602577133000545e-03
1.879910001157957822e+03 -3.411616506711934258e-03 -8.070261439458525574e-03
1.879925750929461174e+03 -3.407066366263323751e-03 -8.126178622161993326e-03
1.879941491435672333e+03 -3.405767956045972072e-03 -8.221366560831312731e-03
1.879972913231576740e+03 -3.398971714197056727e-03 -8.449017160341874833e-03
1.879988603455171415e+03 -3.395139397409033775e-03 -8.582202131161887487e-03
1.880004294593981967e+03 -3.390496568912762174e-03 -8.731271449735967735e-03
1.880035676203038065e+03 -3.381669907173606108e-03 -9.041440449027982745e-03
1.880051383607727075e+03 -3.378052646002083735e-03 -9.176598912910192973e-03
1.880067109597526041e+03 -3.371249017559936351e-03 -9.309265863429243629e-03
1.880082831410810286e+03 -3.366633559536386360e-03 -9.433167653243481124e-03
1.880114343075947318e+03 -3.352935150801759998e-03 -9.651585229009719893e-03
1.880130137725691611e+03 -3.347764848123802126e-03 -9.731946263625119997e-03
1.880145924169447426e+03 -3.340383708683868687e-03 -9.777143086135177408e-03
1.880161688305751341e+03 -3.333655475385691788e-03 -9.801640627000568137e-03
1.880193177072055050e+03 -3.319329354854235175e-03 -9.770997367877650233e-03
1.880208898746473551e+03 -3.313656274652907949e-03 -9.728822019200666915e-03
1.880224602382724242e+03 -3.306459425691166219e-03 -9.662729894726674804e-03
1.880240296800886426e+03 -3.300342332087469015e-03 -9.584499765553771214e-03
1.880271710436928515e+03 -3.287767425729764409e-03 -9.393711066636493967e-03
1.880287388175293017e+03 -3.283370407014850074e-03 -9.283799584101991298e-03
1.880303040586402631e+03 -3.279354220444640356e-03 -9.173870042915480832e-03
1.880334347821693427e+03 -3.273153711498968683e-03 -8.948609197053267530e-03
1.880350024114863572e+03 -3.272328076535068776e-03 -8.839812685864874287e-03
1.880365776721589555e+03 -3.268849019454302205e-03 -8.736141797758575564e-03
1.880381557904628608e+03 -3.268634811430658205e-03 -8.633932639903606210e-03
1.880412964044174714e+03 -3.264410183414665975e-03 -8.425768499596766881e-03
1.880428619118326424e+03 -3.265313596833898865e-03 -8.325898973890889787e-03
1.880444274935027579e+03 -3.268426873152452741e-03 -8.230534217217247081e-03
1.880475546053863127e+03 -3.274285947050236019e-03 -8.040658681789162460e-03
1.880491189836450303e+03 -3.278431643602140819e-03 -7.947086736830458534e-03
1.880506841014328757e+03 -3.284421275980102528e-03 -7.852415401418538776e-03
1.880522512889989457e+03 -3.290635570836274171e-03 -7.772967423662176939e-03
1.880553931275680043e+03 -3.304864234096995500e-03 -7.648687150207366010e-03
1.880569693255398306e+03 -3.314370726582281396e-03 -7.566998155265482022e-03
1.880585473047553251e+03 -3.326667100402746179e-03 -7.498794906254797367e-03
1.880601270423316691e+03 -3.335894540080218667e-03 -7.426771122487011399e-03
1.880632783006352838e+03 -3.353889354856156267e-03 -7.253758505135451604e-03
1.880648530349101748e+03 -3.363100063743536434e-03 -7.164299986726439980e-03
1.880664242339479188e+03 -3.370615196160409947e-03 -7.069444108312697601e-03
1.880695679758776805e+03 -3.384652452969398248e-03 -6.881679047908798377e-03
1.880711385458666655e+03 -3.392005709133231756e-03 -6.793510523336013414e-03
1.880727084167769135e+03 -3.397355277177595018e-03 -6.710657203915849564e-03
1.880742785874983838e+03 -3.401590260149164706e-03 -6.655052963129712978e-03
1.880774184576816424e+03 -3.409068139208939422e-03 -6.603436433676017694e-03
1.880789886257421131e+03 -3.412024611396357633e-03 -6.633490585651336154e-03
1.880805609471588241e+03 -3.414291448587712403e-03 -6.773809365998758637e-03
1.880821336584014716e+03 -3.416576107525840390e-03 -7.000664176297897480e-03
1.880852819988758711e+03 -3.417132648327872967e-03 -7.570323822250248254e-03
1.880868579783511677e+03 -3.416825776320561291e-03 -7.628492170447893385e-03
1.880884373493797284e+03 -3.415101333152186208e-03 -7.982428951194659242e-03
1.880900166786900172e+03 -3.414708492378214829e-03 -8.080030803111527132e-03
1.880931665130101237e+03 -3.407580494389839294e-03 -8.151206197675352899e-03
1.880947398598454583e+03 -3.404890246238335971e-03 -8.251677791863660377e-03
1.880963115076604481e+03 -3.401562138950416179e-03 -8.364063704025372428e-03
1.880994503446129784e+03 -3.395935850098227588e-03 -8.623627363073066432e-03
1.881010195716216231e+03 -3.391397219583709710e-03 -8.774060970576378141e-03
1.881025882935726713e+03 -3.386970448671184838e-03 -8.934300340440938515e-03
1.881041575219612469e+03 -3.382353608638618506e-03 -9.076828451211469556e-03
1.881073016311538822e+03 -3.370940823301291078e-03 -9.340404688631138291e-03
1.881088746380906287e+03 -3.366078027146456302e-03 -9.468416329426914899e-03
1.881104505630483118e+03 -3.357788606506866870e-03 -9.582315779661718103e-03
1.881120270974415234e+03 -3.352766606834051838e-03 -9.674309857641550520e-03
1.881151857600850462e+03 -3.339127928397612154e-03 -9.784102459579339245e-03
1.881167609279443013e+03 -3.330840378204271996e-03 -9.798506385311463521e-03
1.881183352985021429e+03 -3.324569514904897240e-03 -9.786286808212958307e-03
1.881214799753220177e+03 -3.310296905936315013e-03 -9.707614277281298443e-03
1.881230498331605304e+03 -3.305026328560576720e-03 -9.634100493139828927e-03
1.881246197273540929e+03 -3.299875516705633432e-03 -9.557975164695531323e-03
1.881261911110116671e+03 -3.294126651621236655e-03 -9.465270041325369796e-03
1.881293277247675633e+03 -3.283113577688530522e-03 -9.248885227537886194e-03
1.881308927637377565e+03 -3.279872553474078283e-03 -9.138081289513088137e-03
1.881324581386999171e+03 -3.274721934570416684e-03 -9.025538765625180926e-03
1.881340239390686293e+03 -3.273272047446052109e-03 -8.914747983954845328e-03
1.881371709233859974e+03 -3.268564254054849485e-03 -8.703989325205564384e-03
1.881387471373426479e+03 -3.264644638356114202e-03 -8.603745099067359667e-03
1.881403182494859720e+03 -3.266789916189333145e-03 -8.499082625257382145e-03
1.881434507912490744e+03 -3.267800833915454010e-03 -8.297450293099660479e-03
1.881450149203378032e+03 -3.270300147835952104e-03 -8.201578784418099219e-03
1.881465784176096577e+03 -3.272141583593872124e-03 -8.106366693471308421e-03
1.881481423417682436e+03 -3.275995414140725048e-03 -8.011770159686765203e-03
1.881512731448468912e+03 -3.288507277636438120e-03 -7.825413805220239258e-03
1.881528412607343625e+03 -3.294563222508196682e-03 -7.754009168640860900e-03
1.881544113607417103e+03 -3.301704641638816221e-03 -7.699775744045786637e-03
1.881575618310653908e+03 -3.319301703448598612e-03 -7.545191678695765958e-03
1.881591406139687479e+03 -3.328403525458288170e-03 -7.478790380551449644e-03
1.881607193879419583e+03 -3.339646836849235675e-03 -7.402909177910939505e-03
1.881622956970503992e+03 -3.349024740949310078e-03 -7.315290929992849557e-03
1.881654435228307193e+03 -3.365168304880622029e-03 -7.135485590309019986e-03
1.881670153551637441e+03 -3.375593698958054712e-03 -7.040558302538971885e-03
1.881685871997122149e+03 -3.381810178697924798e-03 -6.945192267755162865e-03
1.881701576196611768e+03 -3.388557441980692871e-03 -6.854790123452691140e-03
1.881732978057385935e+03 -3.397246168979596408e-03 -6.689225595681961255e-03
1.881748680514357147e+03 -3.402715738980620786e-03 -6.653594076143602362e-03
1.881764383684738050e+03 -3.408630270480199603e-03 -6.659015923375891273e-03
1.881780083853545193e+03 -3.412556763739000177e-03 -6.588279547430223385e-03
1.881811518905232333e+03 -3.418923823918792494e-03 -6.822385948924592804e-03
1.881827238601548970e+03 -3.417958824558123190e-03 -7.091734040614622488e-03
1.881842981920543934e+03 -3.418988312583527613e-03 -7.502195125802852207e-03
1.881874516951954547e+03 -3.417912883371022545e-03 -7.718095759454163957e-03
1.881890301629973919e+03 -3.415140743737211677e-03 -8.041194690017169910e-03
1.881906087909744201e+03 -3.412423250858989329e-03 -8.071147328159028467e-03
1.881921837307013675e+03 -3.412083185559728390e-03 -8.090809169045965615e-03
1.881953303628700041e+03 -3.404809795130586333e-03 -8.284962945821499128e-03
1.881969010610137730e+03 -3.401676930041683602e-03 -8.398019938849506441e-03
1.881984702692725250e+03 -3.397633703086454238e-03 -8.522495329392481764e-03
1.882000395259738525e+03 -3.394142438883928931e-03 -8.664319921559785267e-03
1.882031777201199930e+03 -3.387352856076801619e-03 -8.976135502825471901e-03
1.882047479633863531e+03 -3.382423481246636578e-03 -9.113992031798549484e-03
1.882063201948115648e+03 -3.377337743502417406e-03 -9.249791017897298490e-03
1.882094663947449362e+03 -3.364449664446269965e-03 -9.505180123287942581e-03
1.882110425851324408e+03 -3.358603932601786097e-03 -9.610741124670193342e-03
1.882126212201789940e+03 -3.352409375855018754e-03 -9.699639603012897779e-03
1.882141995104010903e+03 -3.344506770677671981e-03 -9.756854886338883065e-03
1.882173524326321740e+03 -3.330969527897731635e-03 -9.796753161825049946e-03
1.882189268838059206e+03 -3.324066977845531630e-03 -9.779804201664054827e-03
1.882204989950844720e+03 -3.316608226736386146e-03 -9.744536654345003351e-03
1.882220696185624320e+03 -3.310802808527022953e-03 -9.687505765311091310e-03
1.882252094411202279e+03 -3.297335995639812979e-03 -9.532260265002640356e-03
1.882267808035845974e+03 -3.291613539073756645e-03 -9.432319337807198653e-03
1.882283502249438470e+03 -3.287470055579579369e-03 -9.324184767583853367e-03
1.882314820151618505e+03 -3.277490569447538259e-03 -9.104741862553372006e-03
1.882330467135862364e+03 -3.275801351682796660e-03 -8.992909671203100364e-03
1.882346132652409324e+03 -3.273643064732135143e-03 -8.883805162266908070e-03
1.882361862447418844e+03 -3.270380644664770600e-03 -8.777591721564292210e-03
1.882393373454873199e+03 -3.267986492679255534e-03 -8.574062433442386499e-03
1.882409079020316312e+03 -3.267843146144477472e-03 -8.468404594396020807e-03
1.882424734740342046e+03 -3.267950376707493693e-03 -8.366442400040296004e-03
1.882440393103786619e+03 -3.269483706977301032e-03 -8.270465159995729620e-03
1.882471659258129648e+03 -3.274603129009615553e-03 -8.079074363406347006e-03
1.882487301926148803e+03 -3.279281756960004002e-03 -7.986796455100426961e-03
1.882502954200793056e+03 -3.284418824405104832e-03 -7.889687443564150082e-03
1.882534306686572791e+03 -3.296243555468311454e-03 -7.740536740395802945e-03
1.882550020631866573e+03 -3.305922185148242858e-03 -7.680489277356040458e-03
1.882565771302658504e+03 -3.316208696932124601e-03 -7.599321449398286840e-03
1.882581545718431926e+03 -3.324506687288068547e-03 -7.526096374007374898e-03
1.882613109904174053e+03 -3.342890427920555598e-03 -7.378037029444218381e-03
1.882628871328017567e+03 -3.353358959376853427e-03 -7.288668386367070165e-03
1.882644610637681808e+03 -3.362253911461931047e-03 -7.200936219504620005e-03
1.882660332280074499e+03 -3.371280133058186801e-03 -7.106572714142244708e-03
1.882691771990351981e+03 -3.385653294231931974e-03 -6.917636012567936719e-03
1.882707478625050271e+03 -3.391534983754284499e-03 -6.828355269075149676e-03
1.882723175765087944e+03 -3.396575707432706800e-03 -6.743374177768800444e-03
1.882754575532006129e+03 -3.404798788880293667e-03 -6.663187624300485543e-03
1.882770276365883774e+03 -3.408291574044129430e-03 -6.630759440128542945e-03
1.882785977686670549e+03 -3.412199539437767767e-03 -6.589015624217444377e-03
1.882801695135410455e+03 -3.416254018945596039e-03 -6.704424744314153341e-03
1.882833148522604006e+03 -3.419678450646554142e-03 -7.205776928621866577e-03
1.882848900255788521e+03 -3.421526980964813107e-03 -7.555340752612597043e-03
1.882864656550246764e+03 -3.418630320010293631e-03 -7.539771354837606146e-03
1.882880449125892255e+03 -3.418650510261132033e-03 -7.826428896945342509e-03
1.882912000090131414e+03 -3.414499772814023372e-03 -8.067712184379474682e-03
1.882927748975834675e+03 -3.409885026032223772e-03 -8.113538513359910137e-03
1.882943487945736479e+03 -3.408605814813968782e-03 -8.214445912905144614e-03
1.882974908208957913e+03 -3.402550127131945875e-03 -8.430512237448341620e-03
1.882990597438548320e+03 -3.398877695821860435e-03 -8.559348991601609460e-03
1.883006287639338780e+03 -3.394428321790028766e-03 -8.703241205861132410e-03
1.883021976990507937e+03 -3.389770267964540597e-03 -8.861919071981461810e-03
1.883053379423955676e+03 -3.380792261681065357e-03 -9.151573026421291890e-03
1.883069106227844941e+03 -3.375259154846666117e-03 -9.284300383662399264e-03
1.883084830956726137e+03 -3.370290207872375307e-03 -9.411487171163248136e-03
1.883100582273671989e+03 -3.364809931067944387e-03 -9.538777221752774149e-03
1.883132140465565726e+03 -3.350527562577141402e-03 -9.720968429310146430e-03
1.883147931665397664e+03 -3.343969811643306405e-03 -9.770404529849100253e-03
1.883163687513326067e+03 -3.336312953814607723e-03 -9.796416357289198726e-03
1.883195172342711885e+03 -3.322472011292064431e-03 -9.771789860957299720e-03
1.883210891416202458e+03 -3.316904247053714585e-03 -9.730660198512333658e-03
1.883226594122746747e+03 -3.310562632654521619e-03 -9.666244760504080769e-03
1.883242291009260271e+03 -3.303975328693602078e-03 -9.589278762808432430e-03
1.883273704518169552e+03 -3.291683228209316137e-03 -9.401659241618835761e-03
1.883289387610860786e+03 -3.286888799178831581e-03 -9.293684036133544046e-03
1.883305047809282314e+03 -3.281890356905036322e-03 -9.184325948823412328e-03
1.883320704484640146e+03 -3.278050375184905513e-03 -9.072083302490301787e-03
1.883352033909790180e+03 -3.274690408323026238e-03 -8.852840467592800258e-03
1.883367785875474510e+03 -3.271857287974566045e-03 -8.748654217690991775e-03
1.883383564006077904e+03 -3.268616542413657188e-03 -8.647342023431590571e-03
1.883414962799800833e+03 -3.266862220164029086e-03 -8.438254066924067917e-03
1.883430615433295770e+03 -3.268283667126336677e-03 -8.338809894233700087e-03
1.883446265717904680e+03 -3.272079238525429229e-03 -8.243243136040872068e-03
1.883461900477701192e+03 -3.273957877006783684e-03 -8.146059068766937222e-03
1.883493187107638278e+03 -3.281752303294598831e-03 -7.957595321863998594e-03
1.883508840311065114e+03 -3.286923161370987508e-03 -7.862917711093124137e-03
1.883524510141150358e+03 -3.293345828651460857e-03 -7.780842708550483530e-03
1.883540203073642942e+03 -3.300447673734066122e-03 -7.724749208647943045e-03
1.883571694708201449e+03 -3.316654040045359866e-03 -7.575851907221053255e-03
1.883587475774678751e+03 -3.329388934232913218e-03 -7.507111187699040677e-03
1.883603273878893106e+03 -3.337357432241322593e-03 -7.435531944963462078e-03
1.883634776868704193e+03 -3.356451042053039749e-03 -7.262632727339572020e-03
1.883650522441468638e+03 -3.366206657085459453e-03 -7.172459141160276129e-03
1.883666234648346290e+03 -3.372531476294076454e-03 -7.077610462781601039e-03
1.883681958789554528e+03 -3.381683065061415368e-03 -6.982457791925597221e-03
1.883713371163469674e+03 -3.393091988617715025e-03 -6.801858640027238709e-03
1.883729068752153580e+03 -3.399491194156803626e-03 -6.718798228785845955e-03
1.883744770179879424e+03 -3.404755869551905068e-03 -6.658809000746471370e-03
1.883760475239584366e+03 -3.408633880681443892e-03 -6.669117568472966197e-03
1.883791874632060853e+03 -3.415446167395156263e-03 -6.608664295788193623e-03
1.883807600692615324e+03 -3.417925460442126310e-03 -6.748165599252604549e-03
1.883823325344915247e+03 -3.419056463385945245e-03 -6.948832243906299076e-03
1.883854817483906572e+03 -3.419226666877882379e-03 -7.557595106830405050e-03
1.883870579148817342e+03 -3.419877442339851800e-03 -7.575591997352739033e-03
1.883886372181614661e+03 -3.417716406561317061e-03 -7.925523049914921445e-03
1.883902163882904460e+03 -3.416621703806799193e-03 -8.083577414119308066e-03
1.883933658853555471e+03 -3.411014218880039067e-03 -8.145065982229136511e-03
1.883949388489629200e+03 -3.408009407691902845e-03 -8.249820452903887727e-03
1.883965102860775005e+03 -3.404036054387513197e-03 -8.351241436840154894e-03
1.883980797098161020e+03 -3.401603303613916565e-03 -8.464782539989638629e-03
1.884012181740759161e+03 -3.395431747487340658e-03 -8.745848150703745133e-03
1.884027872862207005e+03 -3.390649823032253381e-03 -8.904580241499952462e-03
1.884043565840942847e+03 -3.385963738247624571e-03 -9.048173312512775707e-03
1.884075005666332117e+03 -3.374000611099537555e-03 -9.318511633062442553e-03
1.884090740374899724e+03 -3.369021227017964578e-03 -9.449756344491100704e-03
1.884106501900134617e+03 -3.361868210738188246e-03 -9.569514944312799282e-03
1.884122272011378300e+03 -3.355914449221228998e-03 -9.665670170931933008e-03
1.884153853815014372e+03 -3.341142972096574314e-03 -9.781637355567368228e-03
1.884169604835966084e+03 -3.335227589638008194e-03 -9.799364160180668720e-03
1.884185346427855848e+03 -3.328036540382563711e-03 -9.791275228987827289e-03
1.884201073064116599e+03 -3.321094446445000455e-03 -9.763251593673695841e-03
1.884232484293372636e+03 -3.307463915447192079e-03 -9.643929945019892938e-03
1.884248183018801228e+03 -3.302593820814917272e-03 -9.568373447272768978e-03
1.884263894660173946e+03 -3.297642046829196271e-03 -9.477463230630620711e-03
1.884295277221025572e+03 -3.286247145806149225e-03 -9.263733609969257085e-03
1.884310935328139067e+03 -3.283655280413249819e-03 -9.152783875866191479e-03
1.884326583780312376e+03 -3.277556997998112148e-03 -9.041412487986438123e-03
1.884342240302579057e+03 -3.275975511877789702e-03 -8.931861250539439162e-03
1.884373714974137556e+03 -3.271084956954614133e-03 -8.720091163998687153e-03
1.884389469591425723e+03 -3.268785493117965912e-03 -8.620273545783100483e-03
1.884405181851605903e+03 -3.269138574118360917e-03 -8.513873969379172346e-03
1.884420845909432728e+03 -3.269358633767893187e-03 -8.410142542947385627e-03
1.884452135151138691e+03 -3.271604208439683921e-03 -8.216716007452263409e-03
1.884467769250249376e+03 -3.274756325655769906e-03 -8.120175830852671695e-03
1.884483410604538221e+03 -3.278545922264686392e-03 -8.026283527433295331e-03
1.884514723702266338e+03 -3.290192381795739064e-03 -7.837602648605316094e-03
1.884530401880504769e+03 -3.297998449700969073e-03 -7.762883003049626460e-03
1.884546107534599287e+03 -3.305078686356864928e-03 -7.708624925281762526e-03
1.884561843775413536e+03 -3.314419538194347901e-03 -7.634950159676086312e-03
1.884593407457394051e+03 -3.331232192903118769e-03 -7.488652777260545144e-03
1.884609187909777802e+03 -3.342775778332701762e-03 -7.413172222428436771e-03
1.884624952221057356e+03 -3.351578622633030226e-03 -7.325774993319772097e-03
1.884640684864504692e+03 -3.359989039293598614e-03 -7.237725888362796060e-03
1.884672138706048372e+03 -3.378437086776465981e-03 -7.050145152126598494e-03
1.884687857690759301e+03 -3.383969290841080512e-03 -6.955186133692361355e-03
1.884703559025362210e+03 -3.389927692881701711e-03 -6.864519968349137337e-03
1.884734958461338692e+03 -3.399838121743792643e-03 -6.699060691228676465e-03
1.884750661198477701e+03 -3.404436619971882259e-03 -6.656219563767492436e-03
1.884766364271329849e+03 -3.409538122879286759e-03 -6.660065437643682314e-03
1.884782064602088212e+03 -3.414627500882292613e-03 -6.578424570895345137e-03
1.884813505566283084e+03 -3.420150681934640974e-03 -6.792654650685625572e-03
1.884829224133722846e+03 -3.420883237722974115e-03 -7.030579619635621801e-03
1.884844973003869200e+03 -3.421472393368731307e-03 -7.441962963720101867e-03
1.884860730516547846e+03 -3.421827075856031641e-03 -7.535281121544852752e-03
1.884892296343361522e+03 -3.418256071623461227e-03 -8.009962475057268508e-03
1.884908076521928251e+03 -3.416277798668388051e-03 -8.072994209934692897e-03
1.884923826381757181e+03 -3.413911657219063835e-03 -8.083367840554921829e-03
1.884955290686432363e+03 -3.407612348074793348e-03 -8.281992128205375309e-03
1.884970993528624149e+03 -3.405031629982356416e-03 -8.383224484378781760e-03
1.884986684937164227e+03 -3.401039804709488079e-03 -8.499540543807155429e-03
1.885002376775044922e+03 -3.396884224694923012e-03 -8.637115737807659482e-03
1.885033759176391868e+03 -3.389323052430078583e-03 -8.942350611046982062e-03
1.885049463090025938e+03 -3.385579688305702037e-03 -9.083760576619089033e-03
1.885065189096213771e+03 -3.378833162585039105e-03 -9.224101388080904393e-03
1.885080905965204010e+03 -3.374059974233174601e-03 -9.350672413702423857e-03
1.885112416164221941e+03 -3.360939870627425042e-03 -9.595204969957344884e-03
1.885128206700047940e+03 -3.355696648367041506e-03 -9.689049035928718259e-03
1.885143990620048044e+03 -3.347945274709316233e-03 -9.749519692977458296e-03
1.885175512424458248e+03 -3.332914697032273235e-03 -9.795838817281802419e-03
1.885191253439528964e+03 -3.327424555488297554e-03 -9.782054923506058181e-03
1.885206976819750707e+03 -3.320237155832521988e-03 -9.749403247340930959e-03
1.885222679125760806e+03 -3.313978342501159354e-03 -9.694240726076117434e-03
1.885254074624675013e+03 -3.300613647391716608e-03 -9.542179051007277854e-03
1.885269788300521213e+03 -3.294407521794373399e-03 -9.444200812343650497e-03
1.885285488135921696e+03 -3.289760420234012165e-03 -9.335887988277986535e-03
1.885301159483063202e+03 -3.286540297068772480e-03 -9.230586477714106813e-03
1.885332464530259585e+03 -3.278383646645943554e-03 -9.008633391457260969e-03
1.885348127567962365e+03 -3.277557932394992764e-03 -8.900277575063566052e-03
1.885363861312902145e+03 -3.273136638962313456e-03 -8.793906915786834158e-03
1.885395367906164665e+03 -3.269691270991690810e-03 -8.589179335654806638e-03
1.885411067546335289e+03 -3.268847561725789653e-03 -8.482856534145977873e-03
1.885426721059276360e+03 -3.269427008000405990e-03 -8.381129502279422230e-03
1.885442375024175590e+03 -3.271798191087553140e-03 -8.284830836201309556e-03
1.885473641807717968e+03 -3.276877365127351619e-03 -8.092815770584698212e-03
1.885489285776419820e+03 -3.281353116243828239e-03 -7.999195348345939510e-03
1.885504939596626627e+03 -3.286934729821016157e-03 -7.901955021654361033e-03
1.885520605338117775e+03 -3.292803115564706205e-03 -7.811984911375097901e-03
1.885552006744312621e+03 -3.307131755033216117e-03 -7.689235470140162038e-03
1.885567760328710619e+03 -3.317804164930617493e-03 -7.609318870919300551e-03
1.885583540086751327e+03 -3.327215769879698307e-03 -7.535075202511368371e-03
1.885615097821387280e+03 -3.345247132020616639e-03 -7.388099550688843886e-03
1.885630855044712007e+03 -3.355637290109931160e-03 -7.298661801176859788e-03
1.885646596542688940e+03 -3.364513377635352642e-03 -7.209610845694786746e-03
1.885662310433296625e+03 -3.373505656236913067e-03 -7.115254832166345925e-03
1.885693748464798091e+03 -3.387514367074501327e-03 -6.926635898637872012e-03
1.885709452772672648e+03 -3.395368678009074836e-03 -6.836901408347029196e-03
1.885725152767355439e+03 -3.399430837899247975e-03 -6.752213497754311691e-03
1.885740850526863824e+03 -3.404265331895744897e-03 -6.677708700749168842e-03
1.885772251534506267e+03 -3.411562492174993397e-03 -6.632104998013111166e-03
1.885787953346511131e+03 -3.415010624829165845e-03 -6.572894966293917410e-03
1.885803674272282478e+03 -3.418079653292181285e-03 -6.677932044780570883e-03
1.885835131543668240e+03 -3.422665495140594406e-03 -7.133581899088773000e-03
1.885850883740427207e+03 -3.423509417336330352e-03 -7.517045132067176616e-03
1.885866641676476547e+03 -3.421420083221262017e-03 -7.517752042473750153e-03
1.885882435299548661e+03 -3.420582283433541530e-03 -7.749230769227223765e-03
1.885913983187063195e+03 -3.416122497453063286e-03 -8.068325777549298708e-03
1.885929730489366875e+03 -3.412808461698584560e-03 -8.106242706684099741e-03
1.885945467058816575e+03 -3.410935889856473585e-03 -8.206409870147752042e-03
1.885961184853791110e+03 -3.408779145873003149e-03 -8.313016405646718801e-03
1.885992576164776665e+03 -3.401828941103237844e-03 -8.535765346884199162e-03
1.886008265265439150e+03 -3.397659875184649500e-03 -8.674967163354986230e-03
1.886023953636970873e+03 -3.393255581947134114e-03 -8.830307598199168065e-03
1.886055359238278697e+03 -3.383487897789465727e-03 -9.121004122155359009e-03
1.886071085486546508e+03 -3.378460207530945350e-03 -9.257004889205116757e-03
1.886086811063113146e+03 -3.373454199800803629e-03 -9.385518601657944632e-03
1.886102566107199209e+03 -3.366100002352229864e-03 -9.516243542455423213e-03
1.886134126478935059e+03 -3.353019676517935040e-03 -9.707617079950651984e-03
1.886149918978454934e+03 -3.347439906495202049e-03 -9.761202463568872598e-03
1.886165671016087799e+03 -3.338503887321063457e-03 -9.789855839855223646e-03
1.886181416616856268e+03 -3.331925356823158164e-03 -9.792101058291549642e-03
1.886212868323219482e+03 -3.318634067209147529e-03 -9.733997637465120062e-03
1.886228567620147942e+03 -3.313442590056399784e-03 -9.671464431927066438e-03
1.886244265962292275e+03 -3.307420211693448946e-03 -9.596163059853151517e-03
1.886275682535792157e+03 -3.295114406322770164e-03 -9.412680716925313912e-03
1.886291371645234221e+03 -3.290155517885159572e-03 -9.307007974900432037e-03
1.886307041152464535e+03 -3.284876524328547102e-03 -9.197865589828707958e-03
1.886322695468873007e+03 -3.280557955375784044e-03 -9.087394452455377358e-03
1.886354025863781999e+03 -3.275633210590442670e-03 -8.870236892777237647e-03
1.886369778042419057e+03 -3.273703738564476273e-03 -8.764928056637796838e-03
1.886385552315055520e+03 -3.268413431999319958e-03 -8.664244907678428712e-03
1.886401267032098076e+03 -3.270199848823002013e-03 -8.560204582763086129e-03
1.886432596135702852e+03 -3.270779556821187383e-03 -8.354322235813648953e-03
1.886448240248313823e+03 -3.274110596478439772e-03 -8.258475280685118741e-03
1.886463873958144632e+03 -3.275252284404166648e-03 -8.161614863423996558e-03
1.886495162651985993e+03 -3.284557525520220671e-03 -7.970588751354682269e-03
1.886510822286462599e+03 -3.289602971418558851e-03 -7.875585066514444177e-03
1.886526491464555193e+03 -3.295523342401983791e-03 -7.790200176263596329e-03
1.886542182360272591e+03 -3.303067179615252601e-03 -7.732541917234894702e-03
1.886573677153462313e+03 -3.319690028826891535e-03 -7.587593028839109167e-03
1.886589462382998590e+03 -3.330315256732586937e-03 -7.517553061410400805e-03
1.886605256821013882e+03 -3.339751898357502715e-03 -7.446926198449867196e-03
1.886621014230107676e+03 -3.350185319678399953e-03 -7.363826549907955508e-03
1.886652495055936470e+03 -3.367591676479449354e-03 -7.183643377162014267e-03
1.886668209390771608e+03 -3.375460789519230207e-03 -7.088539369366510072e-03
1.886683929315838441e+03 -3.383967004116305698e-03 -6.993418577940839660e-03
1.886715338151569540e+03 -3.395043129099957653e-03 -6.812575262174579323e-03
1.886731036140543893e+03 -3.400604319922928206e-03 -6.729287564964195681e-03
1.886746737843491701e+03 -3.406610511397820378e-03 -6.663045401816285358e-03
1.886762441532102457e+03 -3.411972925217479548e-03 -6.665097765870250067e-03
1.886793846529283655e+03 -3.418389352371487434e-03 -6.585484835418171229e-03
1.886809573516413366e+03 -3.421891846645160051e-03 -6.721464589794152664e-03
1.886825295863454357e+03 -3.421513107325956440e-03 -6.897084309793500255e-03
1.886841035373402519e+03 -3.423607498752679300e-03 -7.252812173624625068e-03
1.886872562284725745e+03 -3.422480787933881215e-03 -7.533995015596575175e-03
1.886888352261109958e+03 -3.420002137410072147e-03 -7.852981930847706404e-03
1.886904141638678993e+03 -3.417851452959439450e-03 -8.074291598668577319e-03
1.886935634387735945e+03 -3.413864192472345314e-03 -8.130367027779814362e-03
1.886951360585442899e+03 -3.410699272727422786e-03 -8.239654916991455760e-03
1.886967071601736052e+03 -3.406948906537411031e-03 -8.344786012770612563e-03
1.886982764987395740e+03 -3.403629248637753645e-03 -8.446507788799585345e-03
1.887014149462706200e+03 -3.398229201106661278e-03 -8.715527352626022822e-03
1.887029840533826928e+03 -3.394136018519048562e-03 -8.870548510343004636e-03
1.887045539360755129e+03 -3.388771728252825289e-03 -9.011268957071607091e-03
1.887061258162707873e+03 -3.385241405133524589e-03 -9.156368013753482527e-03
1.887092716204511589e+03 -3.371622923054117416e-03 -9.422411592723467857e-03
1.887108477757932178e+03 -3.365750232871471490e-03 -9.543872636138095444e-03
1.887124257057249679e+03 -3.358799980383336565e-03 -9.646113174054485664e-03
1.887140044213185092e+03 -3.351472951550044359e-03 -9.721886305288385613e-03
1.887171577894360325e+03 -3.339057242472191073e-03 -9.790446840102346587e-03
1.887187321905643330e+03 -3.330966361024892582e-03 -9.786203587553563357e-03
1.887203044924307505e+03 -3.323920041150820338e-03 -9.761276547880268217e-03
1.887234451357197031e+03 -3.310446640385364403e-03 -9.647496171669192946e-03
1.887250149712307348e+03 -3.304735335655648726e-03 -9.573631333355373668e-03
1.887265860474053397e+03 -3.299616092458305342e-03 -9.486564936129969830e-03
1.887281571578194644e+03 -3.294801436394522061e-03 -9.379689725047074544e-03
1.887312921733749590e+03 -3.285509903481100089e-03 -9.166176175682036464e-03
1.887328564959851064e+03 -3.280526104707358857e-03 -9.056645025381740433e-03
1.887344219382451456e+03 -3.278257031536802816e-03 -8.948688007837731981e-03
1.887375701472327592e+03 -3.273369077055306945e-03 -8.736290640412758268e-03
1.887391448202652555e+03 -3.271749072792416637e-03 -8.636820762467885618e-03
1.887407159666677217e+03 -3.271212698102878361e-03 -8.529884829113706241e-03
1.887422818951002910e+03 -3.271256006873818518e-03 -8.425998670587145356e-03
1.887454103988517090e+03 -3.273303192142799044e-03 -8.231234693733586669e-03
1.887469735624493978e+03 -3.276995270488582048e-03 -8.134437038066653566e-03
1.887485378361845278e+03 -3.281100004005469469e-03 -8.041230232077419687e-03
1.887501034154748595e+03 -3.285488349041610322e-03 -7.943052604178803267e-03
1.887532373535793113e+03 -3.299207969546639769e-03 -7.771365237093972624e-03
1.887548077703030458e+03 -3.308264502778915719e-03 -7.717102853772205701e-03
1.887563820065659684e+03 -3.317176872168931066e-03 -7.646525018681233146e-03
1.887595389544187356e+03 -3.334595805578190620e-03 -7.498521458708515795e-03
1.887611160607215197e+03 -3.344490901076891363e-03 -7.424235327760124112e-03
1.887626922765115069e+03 -3.354398871989400580e-03 -7.337498436237226487e-03
1.887642655831485399e+03 -3.363024915662223609e-03 -7.248799758564266303e-03
1.887674104417060107e+03 -3.379520711713635949e-03 -7.060742935027642178e-03
1.887689820587933582e+03 -3.387294281369451071e-03 -6.966035922024042815e-03
1.887705522381596438e+03 -3.392451051300062175e-03 -6.874804116454077269e-03
1.887721220671311130e+03 -3.398963326461348911e-03 -6.787461236552701747e-03
1.887752621517528496e+03 -3.407228865680421871e-03 -6.656957055606533072e-03
1.887768323683854078e+03 -3.411323305409517514e-03 -6.659475229623556050e-03
1.887784025173403279e+03 -3.416179477664479675e-03 -6.575868357600621328e-03
1.887815470054483740e+03 -3.421477612310788903e-03 -6.766515575122761771e-03
1.887831190424027227e+03 -3.423850579919603641e-03 -6.967550935211514439e-03
1.887846942591699872e+03 -3.424981265231307522e-03 -7.374921715854877539e-03
1.887862699381755647e+03 -3.423948442301215193e-03 -7.533645161926875826e-03
1.887894271391633083e+03 -3.421769481110789081e-03 -7.949393814064766028e-03
1.887910043810179786e+03 -3.420199728781529551e-03 -8.082422441277506420e-03
1.887925793580660411e+03 -3.415820509849513270e-03 -8.079858592581175628e-03
1.887941533836367853e+03 -3.414777758372133671e-03 -8.162288102754176877e-03
1.887972956010462894e+03 -3.408418761625017692e-03 -8.374118309536221147e-03
1.887988646502288702e+03 -3.404811066470100032e-03 -8.479641512506403203e-03
1.888004337803709177e+03 -3.400361760973826669e-03 -8.609660162021557511e-03
1.888020028223026884e+03 -3.395961676315938874e-03 -8.758384926021619762e-03
1.888051427055137310e+03 -3.388371288848592011e-03 -9.049642914031414895e-03
1.888067152603135355e+03 -3.381717872906318638e-03 -9.192276797519653708e-03
1.888082873904768348e+03 -3.377215961254821652e-03 -9.321849570460546963e-03
1.888114385165361909e+03 -3.363728571105753257e-03 -9.571575256497167825e-03
1.888130179992821013e+03 -3.358648492625801799e-03 -9.669697228780953918e-03
1.888145966422164065e+03 -3.351371379320141394e-03 -9.734464484604053031e-03
1.888161730043238549e+03 -3.344691573817382829e-03 -9.774112511555623981e-03
1.888193217796776935e+03 -3.330364695228849037e-03 -9.776984267378338936e-03
1.888208938854175585e+03 -3.324606661724353613e-03 -9.746551623215650093e-03
1.888224641992050920e+03 -3.317341118004273580e-03 -9.694019909999431611e-03
1.888240335847528058e+03 -3.311046326713007557e-03 -9.620880508186241409e-03
1.888271747894518285e+03 -3.298009599993428822e-03 -9.451551673892584840e-03
1.888287451994381172e+03 -3.292684229652287787e-03 -9.345849793525535035e-03
1.888303132127254003e+03 -3.289193602047060360e-03 -9.241720865540734714e-03
1.888334437905905588e+03 -3.281324099003998969e-03 -9.022559147013829370e-03
1.888350101085062079e+03 -3.281348313258834574e-03 -8.915067262807760406e-03
1.888365837922529636e+03 -3.276363326682056425e-03 -8.808670864551013460e-03
1.888381616511854872e+03 -3.276002897199775058e-03 -8.705579030143002425e-03
1.888413032098599842e+03 -3.270353788586263279e-03 -8.496797703824771411e-03
1.888428684275319256e+03 -3.271799226829512353e-03 -8.394730545116179179e-03
1.888444335354311534e+03 -3.275156224224484020e-03 -8.298316607648655377e-03
1.888475602020004317e+03 -3.280265429258631769e-03 -8.105531370916629896e-03
1.888491248873291397e+03 -3.283847678044963386e-03 -8.010577256771254928e-03
1.888506904271399890e+03 -3.289412571088640158e-03 -7.913453461294468749e-03
1.888522569919122361e+03 -3.295770597653707289e-03 -7.821330000370829705e-03
1.888553970611181512e+03 -3.309620888683916049e-03 -7.697934595297532649e-03
1.888569728757325947e+03 -3.318886409315742816e-03 -7.619922281946356346e-03
1.888585511067998141e+03 -3.331006715276631832e-03 -7.544142950276966700e-03
1.888601310302786942e+03 -3.340310271930340639e-03 -7.475675874016502603e-03
1.888632814631080237e+03 -3.358663668320507889e-03 -7.309148867870807892e-03
1.888648558003989137e+03 -3.367835709340462249e-03 -7.218920230048104895e-03
1.888664266625612299e+03 -3.375363867358410937e-03 -7.124549878037925339e-03
1.888695700785265899e+03 -3.390159226946434529e-03 -6.936484771271012040e-03
1.888711404693489840e+03 -3.397916301661369886e-03 -6.845788662569440505e-03
1.888727102793007361e+03 -3.403499624530320622e-03 -6.760742119455011995e-03
1.888742805153349536e+03 -3.407930479932089717e-03 -6.684182493004340794e-03
1.888774204149928892e+03 -3.415751156121592941e-03 -6.635340743069514761e-03
1.888789906879567297e+03 -3.418994760648321526e-03 -6.560212757416613964e-03
1.888805630708483932e+03 -3.421602810638467961e-03 -6.648759429034117006e-03
1.888821358768018399e+03 -3.424163727207471357e-03 -6.811336825142116393e-03
1.888852844491784481e+03 -3.425321486492001900e-03 -7.473637463964613245e-03
1.888868604802245727e+03 -3.425357878756409621e-03 -7.506262468180881740e-03
1.888884398218687238e+03 -3.423870078653148095e-03 -7.668725669428451408e-03
1.888900191009939817e+03 -3.423719588664830837e-03 -8.025421364324034079e-03
1.888931689040901801e+03 -3.417037596816354088e-03 -8.097019863808117487e-03
1.888947422203455062e+03 -3.414568637187960585e-03 -8.197482540449219091e-03
1.888963138847127084e+03 -3.411450413249351738e-03 -8.305609399718773961e-03
1.888994527843083688e+03 -3.406290513552922162e-03 -8.516101108148542084e-03
1.889010220401951074e+03 -3.401950607435707576e-03 -8.649627093434057376e-03
1.889025907898631658e+03 -3.397708220319011017e-03 -8.802752401169842630e-03
1.889041600211916148e+03 -3.393276643009326098e-03 -8.945862365549424669e-03
1.889073040555031639e+03 -3.382141573458813822e-03 -9.229252015880986051e-03
1.889088770126655163e+03 -3.377393006091893718e-03 -9.361987337650441027e-03
1.889104529208405211e+03 -3.369209002758448597e-03 -9.494986305396382192e-03
1.889120294505216407e+03 -3.364311144394509841e-03 -9.602527828140534905e-03
1.889151881129479307e+03 -3.350848924271268483e-03 -9.748999086479663220e-03
1.889167632281673150e+03 -3.342624998295956953e-03 -9.781417302459231855e-03
1.889183375428948466e+03 -3.336360555050824333e-03 -9.787028527985955004e-03
1.889214821331786197e+03 -3.321970950706360469e-03 -9.733749313605394998e-03
1.889230519511213743e+03 -3.316658055737955590e-03 -9.672323112731577577e-03
1.889246216668852867e+03 -3.311372799914807062e-03 -9.598328671765729569e-03
1.889261922108449653e+03 -3.305369690571228949e-03 -9.521881675325635092e-03
1.889293330470101864e+03 -3.294476193262232781e-03 -9.315943342898421603e-03
1.889309006548514617e+03 -3.290164051546091983e-03 -9.208427182999669169e-03
1.889324655677814235e+03 -3.284336095489468008e-03 -9.098873133148104031e-03
1.889340303463475948e+03 -3.283893086979657386e-03 -8.991113750733603985e-03
1.889371745392531921e+03 -3.277795464770700672e-03 -8.777322730916260404e-03
1.889387514600624172e+03 -3.273084100374539299e-03 -8.676981635626494424e-03
1.889403226878482428e+03 -3.274541329250912295e-03 -8.572948445286488611e-03
1.889434551083543056e+03 -3.275101653480797567e-03 -8.366450871296641709e-03
1.889450188277357938e+03 -3.276984842219206415e-03 -8.269816045124772988e-03
1.889465819965768787e+03 -3.279033857378769318e-03 -8.173016367162907678e-03
1.889481459947147187e+03 -3.282395579280716295e-03 -8.076573764920994686e-03
1.889512774523347616e+03 -3.294166889351964750e-03 -7.884658491079131470e-03
1.889528446735765328e+03 -3.300223214997824797e-03 -7.796503145469960497e-03
1.889544138245656086e+03 -3.307223088888133593e-03 -7.736637702607640672e-03
1.889575635382811015e+03 -3.324533422228732622e-03 -7.595108410110464406e-03
1.889591424986628454e+03 -3.333260142970227453e-03 -7.524229996389304731e-03
1.889607212803231050e+03 -3.344715170244706628e-03 -7.453631501073952788e-03
1.889622971519476550e+03 -3.354050960868685746e-03 -7.371149279721245749e-03
1.889654441758366374e+03 -3.370395679527132034e-03 -7.190146992076855252e-03
1.889670157850609257e+03 -3.381122458350912640e-03 -7.095554077367120967e-03
1.889685875158085992e+03 -3.387629089451245964e-03 -7.000583138142582769e-03
1.889701577320974593e+03 -3.394799568222640809e-03 -6.908841504027168727e-03
1.889732978013246793e+03 -3.403835156866518059e-03 -6.737085139468176886e-03
1.889748680775050389e+03 -3.409467009295977409e-03 -6.667506557326388292e-03
1.889764383873026873e+03 -3.415663866705424215e-03 -6.662438008776850468e-03
1.889780084763163131e+03 -3.419975922741045476e-03 -6.602545162949215347e-03
1.889811521217662630e+03 -3.426803681950232362e-03 -6.693440246094812217e-03
1.889827242065708560e+03 -3.426131839276443710e-03 -6.858093809143392047e-03
1.889842986806923136e+03 -3.427465203069262126e-03 -7.170970400051655466e-03
1.889874523011975725e+03 -3.427051514058770780e-03 -7.500564560510537652e-03
1.889890306900760152e+03 -3.424526873020184575e-03 -7.772011294046838638e-03
1.889906092752964696e+03 -3.422005282789596526e-03 -8.073490592797103946e-03
1.889921841994356100e+03 -3.421871249856064164e-03 -8.070909231286602092e-03
1.889953307958516689e+03 -3.415040549079925887e-03 -8.232762767025380082e-03
1.889969015266356109e+03 -3.412131025938647602e-03 -8.332365032654399581e-03
1.889984707714502747e+03 -3.408314817632077023e-03 -8.429676104717004695e-03
1.890000400495430995e+03 -3.405039745128673068e-03 -8.549403560612905614e-03
1.890031782962150146e+03 -3.398652797855435635e-03 -8.841743358589143620e-03
1.890047485371775110e+03 -3.393876947213454905e-03 -8.984309931936567198e-03
1.890063207427247335e+03 -3.388930549679613526e-03 -9.130077722044688260e-03
1.890094668337554367e+03 -3.376316562750738669e-03 -9.401229450026067289e-03
1.890110430159440739e+03 -3.370594553810941311e-03 -9.526923769987916818e-03
1.890126216480424773e+03 -3.364523201404703151e-03 -9.632484692178241992e-03
1.890141999517194563e+03 -3.356717071544881078e-03 -9.709358410470740261e-03
1.890173527874243064e+03 -3.343305340043003279e-03 -9.785518778055741357e-03
1.890189272026785375e+03 -3.336415091394457234e-03 -9.784325985859905830e-03
1.890204992831059826e+03 -3.328902497711735010e-03 -9.761220684565712416e-03
1.890220698491268195e+03 -3.323041252047828457e-03 -9.717488110099752052e-03
1.890252091953989066e+03 -3.309410108945910495e-03 -9.577120833185072749e-03
1.890267801870669473e+03 -3.303557309541474852e-03 -9.492169236327282350e-03
1.890283515666903668e+03 -3.298989156912281780e-03 -9.385251526416874338e-03
1.890314876214072228e+03 -3.288824237736396195e-03 -9.175068360849181898e-03
1.890330516448678509e+03 -3.286519539771987422e-03 -9.067035449319355359e-03
1.890346171307283612e+03 -3.284634110024716586e-03 -8.959986324887463799e-03
1.890361888381077279e+03 -3.281264145260587729e-03 -8.852100473668175762e-03
1.890393396912728349e+03 -3.277189364318441531e-03 -8.647060705659001534e-03
1.890409103887559013e+03 -3.276523884877573928e-03 -8.540592217924043023e-03
1.890424760847844482e+03 -3.276386387227066439e-03 -8.435856533674773033e-03
1.890440414535997206e+03 -3.277835193069948694e-03 -8.338059306128383155e-03
1.890471672528967702e+03 -3.282393172769595274e-03 -8.143830778511352078e-03
1.890487317555005802e+03 -3.286630121202623912e-03 -8.050021131220681109e-03
1.890502975261897518e+03 -3.291224811339317057e-03 -7.951170611013580469e-03
1.890534316504401659e+03 -3.303123171383665329e-03 -7.776024670540650219e-03
1.890550021696335989e+03 -3.312447544617467057e-03 -7.720965647141167683e-03
1.890565766967331001e+03 -3.322669957287568109e-03 -7.652501414810495770e-03
1.890581542634304924e+03 -3.330414703387761521e-03 -7.571877799758383078e-03
1.890613105287397502e+03 -3.348867880054018538e-03 -7.429469679205105530e-03
1.890628863321982408e+03 -3.359422305972777426e-03 -7.343265760019456086e-03
1.890644598710606715e+03 -3.368329734271831907e-03 -7.253707936024695116e-03
1.890660316752939025e+03 -3.377526201703450002e-03 -7.160040526445426642e-03
1.890691753634503584e+03 -3.392524071814219996e-03 -6.971429723309273928e-03
1.890707458481548201e+03 -3.398699031729241881e-03 -6.879974517918529750e-03
1.890723154765032405e+03 -3.403959984009755427e-03 -6.793143571771266369e-03
1.890754555341297191e+03 -3.412618471699016727e-03 -6.658074348086842273e-03
1.890770256211229025e+03 -3.416305432015708920e-03 -6.657235679659373982e-03
1.890785958453690910e+03 -3.420381777475692883e-03 -6.570177174124908030e-03
1.890801676434186902e+03 -3.424712362169798387e-03 -6.582889270837540517e-03
1.890833131719767152e+03 -3.428688490867389319e-03 -6.915686992487096729e-03
1.890848884396019912e+03 -3.430847092823732965e-03 -7.299585670295249788e-03
1.890864641081868058e+03 -3.428266070426475975e-03 -7.522418936724706816e-03
1.890880433673292373e+03 -3.428495761442548924e-03 -7.527798509488213378e-03
1.890911983783197229e+03 -3.424779051572243629e-03 -8.074743298606296485e-03
1.890927732597330532e+03 -3.420352963748189527e-03 -8.077213449734929607e-03
1.890943471262482262e+03 -3.419286758002479908e-03 -8.152590962124551394e-03
1.890974892054762677e+03 -3.413658515391364973e-03 -8.354831741401284179e-03
1.890990581567890786e+03 -3.410191884134377606e-03 -8.457546071704595200e-03
1.891006272014757542e+03 -3.405929287411381835e-03 -8.581952188176538918e-03
1.891021961717353634e+03 -3.401455275500299500e-03 -8.728337116360205400e-03
1.891053364201538898e+03 -3.392804074932853891e-03 -9.022028195420016619e-03
1.891069090628540835e+03 -3.387404933806568205e-03 -9.164592181418627567e-03
1.891084814787526284e+03 -3.382556151508057940e-03 -9.295252444832102084e-03
1.891100565639364277e+03 -3.377215650934986286e-03 -9.436576568424413780e-03
1.891132123789553361e+03 -3.363158405057132139e-03 -9.655268598490222495e-03
1.891147914887725165e+03 -3.356697177554031873e-03 -9.722988751107823624e-03
1.891163670476254538e+03 -3.349107150522557131e-03 -9.766552799013058367e-03
1.891195154572735646e+03 -3.335319845918332127e-03 -9.775855421616502089e-03
1.891210873234978862e+03 -3.329678316617439276e-03 -9.747472116201609180e-03
1.891226575369469856e+03 -3.323330658712993213e-03 -9.696351415277301017e-03
1.891242271958371930e+03 -3.316408824298304817e-03 -9.624274540276964163e-03
1.891273681741873361e+03 -3.304080609496509290e-03 -9.458391057090620446e-03
1.891289388239139498e+03 -3.298354948448990222e-03 -9.356038197894701175e-03
1.891305076261385693e+03 -3.293882235855340179e-03 -9.251981732790293123e-03
1.891320734924701128e+03 -3.289663375514201293e-03 -9.142117805015758866e-03
1.891352045873966063e+03 -3.286353942856984432e-03 -8.928332227346440914e-03
1.891367782592607909e+03 -3.282389196783254762e-03 -8.821285312234451725e-03
1.891383560272356590e+03 -3.279255793729869174e-03 -8.718099338374651203e-03
1.891414966168532828e+03 -3.276484980366394916e-03 -8.508613803357510663e-03
1.891430615508557366e+03 -3.278237135070610764e-03 -8.406459417459495598e-03
1.891446262604516278e+03 -3.281959444460614238e-03 -8.309624346484568297e-03
1.891461891623056772e+03 -3.283269549922430194e-03 -8.211307106002286096e-03
1.891493180197489664e+03 -3.290362092993479905e-03 -8.019411599339566418e-03
1.891508838896531188e+03 -3.295070557923329702e-03 -7.922361708400965652e-03
1.891524503940197746e+03 -3.301515671804013986e-03 -7.828714586612741527e-03
1.891540186774441281e+03 -3.308110702863363388e-03 -7.757022383123930720e-03
1.891571666518502980e+03 -3.323708978707067951e-03 -7.627022204553330666e-03
1.891587450379676056e+03 -3.336552942270199808e-03 -7.550880532362655093e-03
1.891603248965226612e+03 -3.344910436892578089e-03 -7.481797773772978083e-03
1.891634743415313096e+03 -3.364025013684192756e-03 -7.316339860423732959e-03
1.891650485389064443e+03 -3.373816541595514498e-03 -7.225028945161473919e-03
1.891666194881192041e+03 -3.380183028579699083e-03 -7.130829954956552190e-03
1.891681918152182789e+03 -3.389659278576791137e-03 -7.035616896918187035e-03
1.891713327284479647e+03 -3.401862930019111490e-03 -6.852203550923196239e-03
1.891729024806411644e+03 -3.408404516062999920e-03 -6.767122758314638928e-03
1.891744726683781437e+03 -3.413739861861712910e-03 -6.690016079887993808e-03
1.891760431593091425e+03 -3.417726473358220947e-03 -6.657343246494191839e-03
1.891791832347321360e+03 -3.425053474128857654e-03 -6.548525152747774851e-03
1.891807558581723242e+03 -3.427769269629891546e-03 -6.617100286988777252e-03
1.891823284273040599e+03 -3.429180778609932593e-03 -6.785422592516620992e-03
1.891854778092519837e+03 -3.429892214052545577e-03 -7.414639346919935266e-03
1.891870540188966743e+03 -3.430822669440325261e-03 -7.497689262515687229e-03
1.891886332817847460e+03 -3.428911071111398652e-03 -7.596923411485810053e-03
1.891902124141335207e+03 -3.428013044847587603e-03 -7.968828092101509428e-03
1.891933618762395781e+03 -3.422754222471053372e-03 -8.088949521600724210e-03
1.891949348166169784e+03 -3.419989029755277684e-03 -8.183653612075200354e-03
1.891965062838081394e+03 -3.416186774929352334e-03 -8.288385765456591017e-03
1.891980757467468038e+03 -3.413971135317189765e-03 -8.381063579630707375e-03
1.892012142707956627e+03 -3.408148151376468819e-03 -8.618862697211192997e-03
1.892027834041332653e+03 -3.403533753183165395e-03 -8.767150041364656088e-03
1.892043527057711572e+03 -3.399032536534307182e-03 -8.911042694914737827e-03
1.892074966413208358e+03 -3.387337265187807291e-03 -9.196002520274823219e-03
1.892090700455077467e+03 -3.382482359852843293e-03 -9.330862510348758576e-03
1.892106461701607714e+03 -3.375391262596886665e-03 -9.468623185275236789e-03
1.892122231451155358e+03 -3.369606266855267301e-03 -9.581862984329659466e-03
1.892153813543624665e+03 -3.355024405940913116e-03 -9.731831255085450841e-03
1.892169564102505319e+03 -3.349113334168608066e-03 -9.770095229759783589e-03
1.892185305265208854e+03 -3.341984907090533863e-03 -9.779465084776685010e-03
1.892201031776475702e+03 -3.334990092616764868e-03 -9.765302708922184854e-03
1.892232442090862151e+03 -3.321289068996642439e-03 -9.671785765272009408e-03
1.892248139561176458e+03 -3.316172089077271644e-03 -9.599824264457117520e-03
1.892263842916116346e+03 -3.310908897177846331e-03 -9.526432271340656149e-03
1.892295262205393556e+03 -3.300033064769663117e-03 -9.324899321522762616e-03
1.892310940824209865e+03 -3.296584456684699144e-03 -9.217051238844500144e-03
1.892326585385046201e+03 -3.290091347272280139e-03 -9.109495548501038431e-03
1.892342233993366563e+03 -3.289515896862629102e-03 -9.003589065796624435e-03
1.892373681464119727e+03 -3.284407795860303046e-03 -8.788799298195013737e-03
1.892389443995844886e+03 -3.281340369416223951e-03 -8.688762112800445248e-03
1.892405155270796286e+03 -3.281246546355864879e-03 -8.583412318534072716e-03
1.892420823670609707e+03 -3.280983350499693842e-03 -8.477194188513210646e-03
1.892452104160220642e+03 -3.282783432344314484e-03 -8.280429612910334206e-03
1.892467733542165433e+03 -3.285764643862445610e-03 -8.182284456519379329e-03
1.892483375095881911e+03 -3.288997520671806552e-03 -8.086635266150677889e-03
1.892514695701107939e+03 -3.299850800114914866e-03 -7.892822208403649231e-03
1.892530366619056622e+03 -3.307410669409755269e-03 -7.802668102463714180e-03
1.892546062758609878e+03 -3.314315469841263087e-03 -7.740466332470916783e-03
1.892561791767812565e+03 -3.323351438423910020e-03 -7.682531910084165402e-03
1.892593355999804089e+03 -3.340077898055717788e-03 -7.529793391906517558e-03
1.892609135375896585e+03 -3.351572386467683955e-03 -7.459030229367584995e-03
1.892624895384462434e+03 -3.360341754243269599e-03 -7.377244539429404606e-03
1.892640623892452140e+03 -3.368704408900745004e-03 -7.288306232347390064e-03
1.892672072440798729e+03 -3.387762071257650279e-03 -7.100874423588493349e-03
1.892687790128721190e+03 -3.393629859198760319e-03 -7.006288127959465345e-03
1.892703489861579101e+03 -3.399944500673132090e-03 -6.914462057326924149e-03
1.892734888646090667e+03 -3.410091948205590077e-03 -6.743620273311383591e-03
1.892750591585705934e+03 -3.414897665527953999e-03 -6.672427663478949604e-03
1.892766294726841807e+03 -3.420313564272240391e-03 -6.661433292168415787e-03
1.892781995833501014e+03 -3.425718268285422429e-03 -6.602962249317324145e-03
1.892813437659497140e+03 -3.431669591235844176e-03 -6.660962762299448697e-03
1.892829157471412600e+03 -3.432588441291777297e-03 -6.830567551518266015e-03
1.892844907316688705e+03 -3.433478947212351313e-03 -7.088594988298656599e-03
1.892860665244624670e+03 -3.434180327431047338e-03 -7.489207182611670906e-03
1.892892230763809721e+03 -3.431055710137629819e-03 -7.688720440894201806e-03
1.892908010706232972e+03 -3.429231729248616387e-03 -8.038637844905426391e-03
1.892923760342289825e+03 -3.427139114327893994e-03 -8.076614378007249823e-03
1.892955224244526107e+03 -3.421184309479301851e-03 -8.216744884004891641e-03
1.892970927566703722e+03 -3.418801460375124265e-03 -8.317140345804005866e-03
1.892986619298452524e+03 -3.415014526727999829e-03 -8.407504427141601275e-03
1.893002311406665740e+03 -3.411073898130703198e-03 -8.519843515246688231e-03
1.893033694411484930e+03 -3.403916700949125886e-03 -8.804129081229180448e-03
1.893049398406886212e+03 -3.400280466685538620e-03 -8.949973214757878104e-03
1.893065124306729786e+03 -3.393683488493910456e-03 -9.096147404126052674e-03
1.893080840600947795e+03 -3.389019376419707963e-03 -9.227570700403853882e-03
1.893112349948681640e+03 -3.376166647987015931e-03 -9.498068245428805886e-03
1.893128140288504937e+03 -3.371016537021242262e-03 -9.606630667251595673e-03
1.893143924281099999e+03 -3.363358001216353727e-03 -9.686701023290718998e-03
1.893175445765401264e+03 -3.348481864522558950e-03 -9.769055443658070798e-03
1.893191186627397428e+03 -3.342989108938741044e-03 -9.770641126735861437e-03
1.893206909686117797e+03 -3.335729296910743338e-03 -9.751141685200611156e-03
1.893222611352031663e+03 -3.329439585202869246e-03 -9.709636506899082392e-03
1.893254003086903367e+03 -3.315816966232652992e-03 -9.574904348832681891e-03
1.893269712233591463e+03 -3.309519349911332897e-03 -9.491780097133674376e-03
1.893285428374550065e+03 -3.304367137701027992e-03 -9.387650278825760211e-03
1.893301125975939613e+03 -3.300950330945421219e-03 -9.289471075888381182e-03
1.893332435689878594e+03 -3.293053653316364762e-03 -9.074979064993861366e-03
1.893348091656793940e+03 -3.292895360157053596e-03 -8.969749114403366072e-03
1.893363811619258058e+03 -3.288145365058182164e-03 -8.861875194216309662e-03
1.893395315270725177e+03 -3.284100521054499327e-03 -8.655820796072553197e-03
1.893411015251717799e+03 -3.282935850547554976e-03 -8.549328473504591575e-03
1.893426669683117325e+03 -3.283524604775966190e-03 -8.444923692928114206e-03
1.893442320843148536e+03 -3.285618505909912185e-03 -8.346625057269662848e-03
1.893473578341917801e+03 -3.289909619076687632e-03 -8.152118073252383190e-03
1.893489223948882909e+03 -3.293880608300260322e-03 -8.057016217281019743e-03
1.893504883195528009e+03 -3.298849907671982246e-03 -7.958065110342468079e-03
1.893520548719356611e+03 -3.304398569049960422e-03 -7.862076090549788981e-03
1.893551932841146481e+03 -3.318024229118890674e-03 -7.723902446044209752e-03
1.893567680178162618e+03 -3.328683435229656817e-03 -7.657053866180370955e-03
1.893583461263073332e+03 -3.337623977289772611e-03 -7.577134658006457607e-03
1.893615016011265652e+03 -3.355887859896614089e-03 -7.434293789023636162e-03
1.893630769751027856e+03 -3.366457577549771679e-03 -7.348616976099091834e-03
1.893646507193959906e+03 -3.375254800082062509e-03 -7.257928055351547426e-03
1.893662218202691292e+03 -3.384339109910193023e-03 -7.163928237942922272e-03
1.893693653125069886e+03 -3.399045900190521795e-03 -6.975968857817054294e-03
1.893709356191807501e+03 -3.407207282646662356e-03 -6.884372933304168038e-03
1.893725055547429974e+03 -3.411387182784253111e-03 -6.797892005440963475e-03
1.893740753616787060e+03 -3.416461152444824102e-03 -6.717354209555515335e-03
1.893772155118776936e+03 -3.424049751734120454e-03 -6.656192469515460376e-03
1.893787857896401647e+03 -3.427693699989497241e-03 -6.564538353608082889e-03
1.893803579057933803e+03 -3.431119547169223828e-03 -6.556152466469943388e-03
1.893835038378303125e+03 -3.436216889210845331e-03 -6.878403720219103054e-03
1.893850791178469535e+03 -3.437431856919535237e-03 -7.208262312758405982e-03
1.893866549502967018e+03 -3.435558290228814086e-03 -7.512465802262850191e-03
1.893882343047427412e+03 -3.434957160115367347e-03 -7.488754251325634159e-03
1.893913890061033953e+03 -3.430945832945746579e-03 -8.074982783788113919e-03
1.893929637235984274e+03 -3.427781702567151995e-03 -8.074367004366093253e-03
1.893945373602281734e+03 -3.426124225451759701e-03 -8.137987756568093936e-03
1.893961091547604838e+03 -3.424219065338767430e-03 -8.250944715662103870e-03
1.893992483443107858e+03 -3.417608056588539341e-03 -8.437314066109697155e-03
1.894008172797163525e+03 -3.413627519493390387e-03 -8.556720426598510287e-03
1.894023861600134524e+03 -3.409381129177383590e-03 -8.698607266389398948e-03
1.894055267524129704e+03 -3.399970003125864140e-03 -8.991153216456089156e-03
1.894070993586135046e+03 -3.395099478923497161e-03 -9.131594203899171674e-03
1.894086718506938723e+03 -3.390193658413228131e-03 -9.264174324286148302e-03
1.894102472915959652e+03 -3.383033061333614536e-03 -9.406702393003592635e-03
1.894134033169703116e+03 -3.370119666733892034e-03 -9.630825100077494011e-03
1.894149825792521142e+03 -3.364621257459326359e-03 -9.700720044988210555e-03
1.894165577648721637e+03 -3.355759892185186666e-03 -9.747556778671964683e-03
1.894181322888694694e+03 -3.349159091901307735e-03 -9.768216809695801431e-03
1.894212774273808463e+03 -3.335931960325491316e-03 -9.737577443621326170e-03
1.894228473026882511e+03 -3.330701461992163857e-03 -9.687896309871159642e-03
1.894244171314592222e+03 -3.324269826361921955e-03 -9.618652967762838721e-03
1.894275581909915672e+03 -3.311837048999432317e-03 -9.456870322673886775e-03
1.894291291632312777e+03 -3.306320851177637667e-03 -9.358277252470140195e-03
1.894306985870402059e+03 -3.301369956130059853e-03 -9.254866317684759189e-03
1.894322640511626332e+03 -3.297055527587562738e-03 -9.148219460182769464e-03
1.894353958337656422e+03 -3.291962450741644369e-03 -8.937260582126668740e-03
1.894369692581445861e+03 -3.290021932262175187e-03 -8.829823743270842976e-03
1.894385469132903836e+03 -3.285481570251820409e-03 -8.726527346521404868e-03
1.894401185668565859e+03 -3.287360918786316148e-03 -8.624915607925501965e-03
1.894432514704071309e+03 -3.287108460814599977e-03 -8.414531642113590865e-03
1.894448156712617902e+03 -3.289988398531269818e-03 -8.317539264103989208e-03
1.894463784198364465e+03 -3.290806080685435182e-03 -8.219526657899505276e-03
1.894495073869453790e+03 -3.299136400436762130e-03 -8.025450241793246828e-03
1.894510738634258360e+03 -3.303606827815845550e-03 -7.928337370540239695e-03
1.894526404021029521e+03 -3.309244323294542860e-03 -7.833435908959763064e-03
1.894542086545927987e+03 -3.316101302051967757e-03 -7.760087333719846610e-03
1.894573568878454353e+03 -3.332203084451769090e-03 -7.632137349243601696e-03
1.894589355518091452e+03 -3.342890862227830204e-03 -7.555430957409125202e-03
1.894605149486315213e+03 -3.352680724720355152e-03 -7.485752308139720368e-03
1.894620902203228070e+03 -3.362922032913213347e-03 -7.409152967388317468e-03
1.894652375318786198e+03 -3.380581188966516604e-03 -7.229194472501232135e-03
1.894668087226596526e+03 -3.388443924566559694e-03 -7.134769174387378676e-03
1.894683806347606378e+03 -3.397350650131920023e-03 -7.040015664900832471e-03
1.894715212308196897e+03 -3.409135480449168067e-03 -6.856778285496048682e-03
1.894730910197511321e+03 -3.414812297085174746e-03 -6.771607903034453438e-03
1.894746611944463439e+03 -3.420918889229903476e-03 -6.693493960219756150e-03
1.894762315871135343e+03 -3.426391722624858374e-03 -6.655727031762896304e-03
1.894793722009776047e+03 -3.433359271559006595e-03 -6.537554235819593128e-03
1.894809449347977989e+03 -3.436995379515802879e-03 -6.583783501711103388e-03
1.894825172985275913e+03 -3.436950955433031550e-03 -6.754500053568560265e-03
1.894840913337742222e+03 -3.439334667581384758e-03 -6.935807193445521317e-03
1.894872440875030634e+03 -3.438790640807859195e-03 -7.497404173950047990e-03
1.894888230561256250e+03 -3.436543741735801922e-03 -7.535672062383085880e-03
1.894904019629640743e+03 -3.434614324667133352e-03 -7.904411607341144466e-03
1.894935511806861314e+03 -3.430922140931497253e-03 -8.084751678986220810e-03
1.894951237950790301e+03 -3.427994431031555680e-03 -8.166758089006572602e-03
1.894966949414430928e+03 -3.424380509897787493e-03 -8.276887217287762569e-03
1.894982643154162588e+03 -3.421295148754420219e-03 -8.366185967048678923e-03
1.895014028199401309e+03 -3.416284724213706266e-03 -8.591805871551855961e-03
1.895029719801174224e+03 -3.412323225738217707e-03 -8.732165564158808277e-03
1.895045418396688547e+03 -3.407129779177293493e-03 -8.876841746965749569e-03
1.895061137358260112e+03 -3.403753172774185397e-03 -9.026358604715898834e-03
1.895092594255587301e+03 -3.390366591315096840e-03 -9.298836181137387635e-03
1.895108355406888450e+03 -3.384539062913980659e-03 -9.437012992913006854e-03
1.895124133909429929e+03 -3.377729182357748147e-03 -9.552830511777458955e-03
1.895155707475917552e+03 -3.362757639219495550e-03 -9.707560044760723400e-03
1.895171455452926693e+03 -3.358212956091669987e-03 -9.749935865263152299e-03
1.895187198990416846e+03 -3.350151796877679725e-03 -9.761787181161486054e-03
1.895202922100969317e+03 -3.343073451497668470e-03 -9.750443558576470798e-03
1.895234327818487145e+03 -3.329453961363508345e-03 -9.662295945329342148e-03
1.895250025244313747e+03 -3.323499670942944156e-03 -9.593275389124206881e-03
1.895265727195128875e+03 -3.318242487388265490e-03 -9.522708398299066859e-03
1.895281446052510773e+03 -3.313695320506728111e-03 -9.421210467113637008e-03
1.895312837510704867e+03 -3.304056138416620273e-03 -9.219645871271815382e-03
1.895328478568779019e+03 -3.298787468016531419e-03 -9.114724576741724954e-03
1.895344127776813139e+03 -3.297023495587811295e-03 -9.010497595076230604e-03
1.895375580197498721e+03 -3.293088005598822626e-03 -8.795971920740826983e-03
1.895391337791079877e+03 -3.290835269833787460e-03 -8.695482777005447000e-03
1.895407047957700797e+03 -3.290231540943516341e-03 -8.590749376676755714e-03
1.895422709936697174e+03 -3.289920402511171092e-03 -8.484520216900414899e-03
1.895453987707256601e+03 -3.291282532240094420e-03 -8.286691546923822746e-03
1.895469613612726562e+03 -3.294607984124717660e-03 -8.188320408722634530e-03
1.895485256625925786e+03 -3.298185988707791338e-03 -8.093520224524175175e-03
1.895500915925787240e+03 -3.301972657869250202e-03 -7.993974098616863852e-03
1.895532252447671681e+03 -3.314972579756673889e-03 -7.805895368909651286e-03
1.895547947841308314e+03 -3.323582214533491071e-03 -7.741445387008798716e-03
1.895563681568064567e+03 -3.332197184987604512e-03 -7.684920599556611422e-03
1.895595249631567413e+03 -3.349601928480045680e-03 -7.532533757984484317e-03
1.895611018953758503e+03 -3.359307271951482345e-03 -7.461915249362468562e-03
1.895626777565792054e+03 -3.369318457800346729e-03 -7.381258475253584667e-03
1.895642505765848455e+03 -3.377910995559107836e-03 -7.292501076339974117e-03
1.895673949631630649e+03 -3.395021221914906826e-03 -7.104293722618608420e-03
1.895689664347534517e+03 -3.402984808235262962e-03 -7.009857133615840161e-03
1.895705364503433429e+03 -3.408406242553767545e-03 -6.917422122132936037e-03
1.895721062567353329e+03 -3.415154669766161909e-03 -6.827849921141626068e-03
1.895752463683335236e+03 -3.423752714023869936e-03 -6.671876259991528502e-03
1.895768166165767298e+03 -3.428127010373217039e-03 -6.652672409358203684e-03
1.895783868472239192e+03 -3.433235040457509497e-03 -6.605079624572514178e-03
1.895815314206874064e+03 -3.438979911543024650e-03 -6.622160824094008510e-03
1.895831035430464681e+03 -3.441474793337778205e-03 -6.799269859018293276e-03
1.895846788236315206e+03 -3.442813484344682280e-03 -7.010166628097476774e-03
1.895862545457089027e+03 -3.442199213960507685e-03 -7.434036760299579140e-03
1.895894116743990480e+03 -3.440331146046469220e-03 -7.611443988680429915e-03
1.895909889291929630e+03 -3.438938055708496300e-03 -7.985115706602458063e-03
1.895925638886303659e+03 -3.434828472817890322e-03 -8.084416729328984877e-03
1.895941378953504000e+03 -3.433919432718694764e-03 -8.098656888877635643e-03
1.895972801491620203e+03 -3.427865518095534348e-03 -8.301196950486469314e-03
1.895988492316332440e+03 -3.424409450518451324e-03 -8.387637705378618233e-03
1.896004183967873360e+03 -3.420133347274856555e-03 -8.492132897690775339e-03
1.896035566606929251e+03 -3.411998624553371114e-03 -8.765612211250231600e-03
1.896051274008671726e+03 -3.408670018992646794e-03 -8.914157166037797037e-03
1.896066999485539100e+03 -3.402029443906853974e-03 -9.060042850119770508e-03
1.896082720003994154e+03 -3.397681371577177065e-03 -9.192724340528113727e-03
1.896114230278908281e+03 -3.384379630366152365e-03 -9.469014405141125065e-03
1.896130024929210094e+03 -3.379440585935849367e-03 -9.579712789008661133e-03
1.896145811168766159e+03 -3.372195032955279705e-03 -9.663512851618153571e-03
1.896161575487313485e+03 -3.365613909653987056e-03 -9.719899652077611252e-03
1.896193062923471416e+03 -3.351306050245693967e-03 -9.758954206723385177e-03
1.896208784090952349e+03 -3.345429218708196109e-03 -9.742381966150221936e-03
1.896224486234819096e+03 -3.338085028174070899e-03 -9.703934077801274968e-03
1.896240179907280435e+03 -3.331619365280822590e-03 -9.641510032244256581e-03
1.896271582104629488e+03 -3.318489634040939530e-03 -9.494324352011309157e-03
1.896287300395454395e+03 -3.312787636890333204e-03 -9.394967836779772805e-03
1.896303008310132782e+03 -3.309078188381605039e-03 -9.296976598012835630e-03
1.896334316771659815e+03 -3.301446289877868218e-03 -9.086357890034285623e-03
1.896349974397719279e+03 -3.302180306815074694e-03 -8.982063962130601084e-03
1.896365695689026097e+03 -3.296472155311381321e-03 -8.875185240614702487e-03
1.896381465614294939e+03 -3.296767529196621780e-03 -8.768527812187202827e-03
1.896412892334448316e+03 -3.290690394590552702e-03 -8.561252466751427537e-03
1.896428543025482213e+03 -3.292165717135496061e-03 -8.456354591314767244e-03
1.896444193198519997e+03 -3.295329382888632311e-03 -8.357812667760743455e-03
1.896475448361580220e+03 -3.299355235871665858e-03 -8.162601661131569861e-03
1.896491096820038138e+03 -3.302429769902273399e-03 -8.066345689849215017e-03
1.896506757524231034e+03 -3.307411064493828799e-03 -7.967467102615605895e-03
1.896522422705456165e+03 -3.313331371478314344e-03 -7.870274301849236598e-03
1.896553807417130201e+03 -3.326108079819361119e-03 -7.728353350129835153e-03
1.896569557816348151e+03 -3.335328750667405223e-03 -7.664380828481697459e-03
1.896585341570781111e+03 -3.347072838743628351e-03 -7.585195662616654559e-03
1.896601139410759060e+03 -3.356665470203783024e-03 -7.513496636953958911e-03
1.896632636243147545e+03 -3.375206824118201585e-03 -7.357435865117064634e-03
1.896648375597626682e+03 -3.384311200261955112e-03 -7.266433720517223235e-03
1.896664081630631244e+03 -3.391953279573570526e-03 -7.171795686144321821e-03
1.896695512910041089e+03 -3.407295792266985812e-03 -6.984321017148065018e-03
1.896711216122873111e+03 -3.415533958622749867e-03 -6.891935550374518604e-03
1.896726914347653292e+03 -3.421066294381512607e-03 -6.804816902475036532e-03
1.896742616343692816e+03 -3.425617217219854675e-03 -6.723318428631304758e-03
1.896774016026334948e+03 -3.433640889889948578e-03 -6.652038226189697055e-03
1.896789719492116546e+03 -3.437136865115562011e-03 -6.569674950526682711e-03
1.896805443271055310e+03 -3.440031041992293401e-03 -6.533484625731176935e-03
1.896821172459684476e+03 -3.442834434691560176e-03 -6.670263154094069162e-03
1.896852659153851619e+03 -3.444609360139384412e-03 -7.109874257192996469e-03
1.896868419815863490e+03 -3.444725727482618894e-03 -7.493179618532162974e-03
1.896884213091640731e+03 -3.443480497755313594e-03 -7.471601819225140440e-03
1.896900005572577584e+03 -3.443531370735412097e-03 -7.707816956950329021e-03
1.896931503258277417e+03 -3.437108245414881476e-03 -8.083563759956953476e-03
1.896947236499509700e+03 -3.434838573187974468e-03 -8.123595463725248253e-03
1.896962953382657133e+03 -3.431987758118075754e-03 -8.229578585893713299e-03
1.896994343353759859e+03 -3.427049332792731894e-03 -8.412854715374106299e-03
1.897010035747693792e+03 -3.422806642640432648e-03 -8.527283975189986140e-03
1.897025723563541987e+03 -3.418731113532105532e-03 -8.659932433000529922e-03
1.897041416092211875e+03 -3.414446937887768985e-03 -8.802889351914389496e-03
1.897072856593039660e+03 -3.403661935188413788e-03 -9.092038870057831540e-03
1.897088585088338505e+03 -3.398981442573336623e-03 -9.227444933774857361e-03
1.897104343187899303e+03 -3.390839679281235520e-03 -9.372013923622302123e-03
1.897120107957070104e+03 -3.386046849004826272e-03 -9.498406837700293717e-03
1.897151695247091766e+03 -3.372834383035717195e-03 -9.676559880713824294e-03
1.897167446288624205e+03 -3.364503393936301139e-03 -9.729777449416738416e-03
1.897183189349541408e+03 -3.358268445697514676e-03 -9.754489549898704565e-03
1.897214635410963865e+03 -3.343868820362425401e-03 -9.731261538192878882e-03
1.897230333039714424e+03 -3.338577319486023699e-03 -9.684955416286705060e-03
1.897246029879179787e+03 -3.332877463098600414e-03 -9.618517292005366107e-03
1.897261728710043599e+03 -3.326875298212576132e-03 -9.554980074199286716e-03
1.897293155884893395e+03 -3.315693819940554021e-03 -9.366309949029979348e-03
1.897308853685324038e+03 -3.311238474770571150e-03 -9.264931645340599223e-03
1.897324504259473542e+03 -3.305282207968910854e-03 -9.160277804079160549e-03
1.897340147864016899e+03 -3.305144209559842013e-03 -9.056382789433450875e-03
1.897371564382963925e+03 -3.299150582285068512e-03 -8.843718091803330975e-03
1.897387339767401954e+03 -3.295055058663030889e-03 -8.739662130877994678e-03
1.897403055427727622e+03 -3.296757094148504517e-03 -8.638164182942427091e-03
1.897434378927092894e+03 -3.296110198703081865e-03 -8.427356587548255271e-03
1.897450014593190872e+03 -3.297540913655474474e-03 -8.329449564785765953e-03
1.897465639132821025e+03 -3.299247699379552045e-03 -8.231417691929763039e-03
1.897481277111414329e+03 -3.302025755019618539e-03 -8.133165358667565625e-03
1.897512598883613691e+03 -3.312933432226980012e-03 -7.937862863059282417e-03
1.897528268008785062e+03 -3.318454576574487135e-03 -7.841257003360781186e-03
1.897543951555120429e+03 -3.324845294293764155e-03 -7.765049781133176801e-03
1.897575435522870521e+03 -3.341985776988372087e-03 -7.639463826289793515e-03
1.897591225678491128e+03 -3.350754588571718765e-03 -7.562750066917058728e-03
1.897607011908707591e+03 -3.362535759481114547e-03 -7.492150645729919560e-03
1.897622766022175483e+03 -3.371569418056563801e-03 -7.416384076651885184e-03
1.897654228633519551e+03 -3.388137626527829883e-03 -7.236721627105856605e-03
1.897669942839766918e+03 -3.398839766290994921e-03 -7.142561417651928195e-03
1.897685658915422209e+03 -3.405825777880115268e-03 -7.048317822332947520e-03
1.897701359577447420e+03 -3.413371923161117542e-03 -6.955995105868365697e-03
1.897732760041910296e+03 -3.422621015151897355e-03 -6.780088640657938245e-03
1.897748462614960545e+03 -3.428486500351962674e-03 -6.699785612688236719e-03
1.897764165805167295e+03 -3.434857719445587234e-03 -6.654013718546160361e-03
1.897795577669313161e+03 -3.442292542977410004e-03 -6.535812349017676957e-03
1.897811304543739880e+03 -3.446588393003641344e-03 -6.556225792443570559e-03
1.897827026688122942e+03 -3.446081705834566286e-03 -6.720175790426904591e-03
1.897842771780420662e+03 -3.447721624697715811e-03 -6.899185494552833101e-03
1.897874308084109316e+03 -3.447758610914508637e-03 -7.501559891173422041e-03
1.897890091984260380e+03 -3.445471830967881174e-03 -7.496326721993890226e-03
1.897905877878149795e+03 -3.443069664457383636e-03 -7.825705847547811955e-03
1.897921626852816189e+03 -3.443186156381668889e-03 -8.081686038088339158e-03
1.897953092605412394e+03 -3.436684921607868759e-03 -8.152612733720853225e-03
1.897968800525248071e+03 -3.433842523685997229e-03 -8.258576176477620823e-03
1.897984493309446179e+03 -3.430227062300363755e-03 -8.349196883499783450e-03
1.898000186438060837e+03 -3.427210733178029985e-03 -8.440411771900651131e-03
1.898031569455143654e+03 -3.421168086018334421e-03 -8.696105163596690862e-03
1.898047272175361286e+03 -3.416423960332238240e-03 -8.842492148045867639e-03
1.898062993825776402e+03 -3.411803928787660641e-03 -8.989656667145717525e-03
1.898094453287568740e+03 -3.399182584394221107e-03 -9.265129358271735616e-03
1.898110214779374246e+03 -3.393612285142821091e-03 -9.405903967561572709e-03
1.898126000327275051e+03 -3.387478071901595545e-03 -9.525172996695530081e-03
1.898141783832895953e+03 -3.379797931568338017e-03 -9.622357254433855714e-03
1.898173312638647758e+03 -3.366628166227895146e-03 -9.734932482327651737e-03
1.898189056749025895e+03 -3.359529119562798018e-03 -9.750281633786791677e-03
1.898204777448970390e+03 -3.352042629566433229e-03 -9.742576024281753011e-03
1.898220483013656349e+03 -3.346082997780599252e-03 -9.713774061976220703e-03
1.898251875235762554e+03 -3.332127643571818933e-03 -9.594344954234550193e-03
1.898267576348812554e+03 -3.326230703196014337e-03 -9.526377089339911272e-03
1.898283296083342293e+03 -3.321866563722572670e-03 -9.428041513495466486e-03
1.898314693627861516e+03 -3.311332956182025215e-03 -9.230355228272008050e-03
1.898330331745913782e+03 -3.308782502902314539e-03 -9.126683305900849807e-03
1.898345982859705146e+03 -3.306976837468173034e-03 -9.023185986664544744e-03
1.898361691333239150e+03 -3.304797589304887817e-03 -8.917463484087864017e-03
1.898393197157536633e+03 -3.300052493725736877e-03 -8.707541931781631953e-03
1.898408905179956037e+03 -3.299396491434668580e-03 -8.603767046216913988e-03
1.898424563956139764e+03 -3.299192801047819926e-03 -8.496879971377433935e-03
1.898440216554524568e+03 -3.300079560866655669e-03 -8.396044131278044068e-03
1.898471462422414561e+03 -3.303867104843608883e-03 -8.199548322824344593e-03
1.898487107385940590e+03 -3.307739276411064255e-03 -8.104359515686134635e-03
1.898502768328485445e+03 -3.311698840552735994e-03 -8.003868889394683689e-03
1.898534106986400957e+03 -3.322935136953136716e-03 -7.813720035537798092e-03
1.898549803776747922e+03 -3.332019481478265977e-03 -7.747010252156509569e-03
1.898565540099627015e+03 -3.341898060371889610e-03 -7.690819563699821844e-03
1.898581314253563505e+03 -3.349393606487796604e-03 -7.613510237480606777e-03
1.898612873294238398e+03 -3.367822135342160572e-03 -7.468391046650302983e-03
1.898628627973266930e+03 -3.378689713117757811e-03 -7.388656155720645102e-03
1.898644358343369731e+03 -3.387612342483913973e-03 -7.300138162126991806e-03
1.898660073957880513e+03 -3.396912546688655478e-03 -7.205279845769607325e-03
1.898691507544157048e+03 -3.412669809463023639e-03 -7.018001110792431926e-03
1.898707211520230885e+03 -3.418821258245483431e-03 -6.925608232597670923e-03
1.898722907579995990e+03 -3.424580534909220202e-03 -6.836764487625658117e-03
1.898754308204918971e+03 -3.433566559878074333e-03 -6.678382312293514901e-03
1.898770009570613865e+03 -3.437458791347155779e-03 -6.654294531189970316e-03
1.898785712623079917e+03 -3.441736777990561224e-03 -6.608803571772003775e-03
1.898801430571224955e+03 -3.446438935694234786e-03 -6.515989791578821397e-03
1.898832887228809568e+03 -3.450759063847014339e-03 -6.767878584967349474e-03
1.898848640614311535e+03 -3.453150859921992003e-03 -6.962463749436017917e-03
1.898864397836604439e+03 -3.450912677638670861e-03 -7.347527049496806358e-03
1.898880190325953890e+03 -3.451436992360398717e-03 -7.484021811098648738e-03
1.898911739840348218e+03 -3.448081446141196011e-03 -7.924209025146530458e-03
1.898927488533001906e+03 -3.443731213112038655e-03 -8.093426492528664473e-03
1.898943227129215074e+03 -3.442879106660213899e-03 -8.098305872054185894e-03
1.898974648285945932e+03 -3.437482317054892274e-03 -8.282358190820293675e-03
1.898990338069799918e+03 -3.434237906660475136e-03 -8.371055397788769448e-03
1.899006028993941754e+03 -3.430089077574808871e-03 -8.471807235346082501e-03
1.899021719084270671e+03 -3.425753188987737917e-03 -8.598027010201078971e-03
1.899053121938706681e+03 -3.417513992208120847e-03 -8.882450322701376105e-03
1.899068848349077598e+03 -3.412078148379242733e-03 -9.024587358223664854e-03
1.899084571831700714e+03 -3.407345042341648408e-03 -9.158430316409641933e-03
1.899100321831649126e+03 -3.402289600845059651e-03 -9.302775513784755299e-03
1.899131879354562670e+03 -3.388318602132497481e-03 -9.550852137207528625e-03
1.899147670163766179e+03 -3.381812975293876141e-03 -9.636597452752755644e-03
1.899163426629652577e+03 -3.374416220263536017e-03 -9.697072893882559275e-03
1.899194910879554072e+03 -3.360575196546877058e-03 -9.743248682977545538e-03
1.899210629474593816e+03 -3.354930389718998283e-03 -9.729340576181270614e-03
1.899226331552247984e+03 -3.348312205016995557e-03 -9.693514503631700877e-03
1.899242027113911945e+03 -3.341277133860360866e-03 -9.633641014658148038e-03
1.899273426480719763e+03 -3.328618961706757834e-03 -9.491298942869923205e-03
1.899289146453332251e+03 -3.322745629086252921e-03 -9.396371950221665825e-03
1.899304858720948005e+03 -3.318447935445199577e-03 -9.298972504066034539e-03
1.899320522410732565e+03 -3.314530011248936672e-03 -9.195260053194639904e-03
1.899351826830479922e+03 -3.310405760302225029e-03 -8.989353055819208904e-03
1.899367550609045338e+03 -3.306273708082179026e-03 -8.884013761525247008e-03
1.899383323985333391e+03 -3.304320409844979482e-03 -8.776384876313970962e-03
1.899414743332658645e+03 -3.300436285004532469e-03 -8.569099111812680802e-03
1.899430390331827311e+03 -3.302136002155672562e-03 -8.464068008562137049e-03
1.899446037630141063e+03 -3.305855585923860984e-03 -8.365095893352162554e-03
1.899461659504755971e+03 -3.306637977997803693e-03 -8.266048113471482009e-03
1.899492944840398650e+03 -3.312692410451915839e-03 -8.071225145836332174e-03
1.899508607405002522e+03 -3.317095598676152862e-03 -7.972310011081295417e-03
1.899524271872810004e+03 -3.323161749074252970e-03 -7.874293987356133576e-03
1.899555657071350879e+03 -3.336747022586180906e-03 -7.730102951012867395e-03
1.899571411031996604e+03 -3.344454746784502035e-03 -7.666306702584654853e-03
1.899587196426495211e+03 -3.357233903124813047e-03 -7.588083368304995684e-03
1.899602992349288570e+03 -3.365925715688206261e-03 -7.515600193485466249e-03
1.899634478830036187e+03 -3.385166919317617474e-03 -7.360320100059618634e-03
1.899650217161651881e+03 -3.395051348528219364e-03 -7.269121382366940110e-03
1.899665923598590553e+03 -3.401500741011122698e-03 -7.173956611488560738e-03
1.899681645889754463e+03 -3.411245150449244458e-03 -7.080117639144660295e-03
1.899713053132333698e+03 -3.424386205266313245e-03 -6.895247441361252415e-03
1.899728750325648662e+03 -3.431010841533791832e-03 -6.808066855232346518e-03
1.899744452469070211e+03 -3.436436907182494668e-03 -6.726174490870053500e-03
1.899760156872862581e+03 -3.440442813878186786e-03 -6.661455115594430015e-03
1.899791558795777974e+03 -3.448295435746189224e-03 -6.566653747611477486e-03
1.899807285137833105e+03 -3.451199822775767503e-03 -6.513838618034489998e-03
1.899823012451976638e+03 -3.453043404812229135e-03 -6.632557354505806517e-03
1.899854506820608094e+03 -3.454211523739300193e-03 -7.043288335539378379e-03
1.899870269314779989e+03 -3.455397029646834275e-03 -7.435780507054005894e-03
1.899886061751799843e+03 -3.453787223236400548e-03 -7.465073749488329059e-03
1.899901852808067815e+03 -3.453224319653107766e-03 -7.632884430955636131e-03
1.899933347173199991e+03 -3.448080503460666888e-03 -8.093032766885624452e-03
1.899949076825330394e+03 -3.445567869952412265e-03 -8.110386183932248583e-03
1.899964791903090827e+03 -3.441952344067284071e-03 -8.204469347453929168e-03
1.899980486917475901e+03 -3.440058646090668991e-03 -8.303523594244075975e-03
