1.000147131575309345e+02 -4.994924352638407603e-03 -9.158672811149137089e-03
1.000304145157883653e+02 -4.994295413455968405e-03 -9.094229686958490641e-03
1.000461283474608223e+02 -4.991585835891132125e-03 -9.019986728456984640e-03
1.000618647335798812e+02 -4.992209796802386280e-03 -8.946217311043783843e-03
1.000933725870019515e+02 -4.985495934209531292e-03 -8.783741665987101696e-03
1.001091572913757091e+02 -4.986336351375162540e-03 -8.705790861460714972e-03
1.001249584065695615e+02 -4.985054189473900159e-03 -8.628611690478035431e-03
1.001407144941107958e+02 -4.983034644890366703e-03 -8.549990352292272111e-03
1.001721907504915237e+02 -4.983072777569368117e-03 -8.395920774528997654e-03
1.001879075402737698e+02 -4.980577833400772793e-03 -8.322014496818668644e-03
1.002035999629361100e+02 -4.979333102559032297e-03 -8.250090089731643844e-03
1.002349796926245773e+02 -4.980151175240063281e-03 -8.114730042048145034e-03
1.002506777472102897e+02 -4.981267639001960013e-03 -8.045803843960093460e-03
1.002663790006552347e+02 -4.984048803899070179e-03 -7.975441314491696354e-03
1.002820803434742203e+02 -4.988364157304896011e-03 -7.908789341612433924e-03
1.003135334265501513e+02 -4.993696353564092659e-03 -7.781423926593138141e-03
1.003292713044556876e+02 -4.994893556354589384e-03 -7.725403631871206010e-03
1.003450381813167667e+02 -4.996854667542480720e-03 -7.677771076983489797e-03
1.003608200256455945e+02 -5.000027926467040876e-03 -7.640844492531164225e-03
1.003923720109416280e+02 -5.003319556928598720e-03 -7.608995590664915758e-03
1.004081201720781280e+02 -5.004290540973350097e-03 -7.602452420789351274e-03
1.004238450591694232e+02 -5.005899347900326889e-03 -7.602507118429609537e-03
1.004552623021626658e+02 -5.007094804851809459e-03 -7.620304777666303368e-03
1.004709541365517396e+02 -5.009927338584929148e-03 -7.635541570215819036e-03
1.004866467364796563e+02 -5.010752355223357067e-03 -7.653563579781195655e-03
1.005023468314096107e+02 -5.012186278468575527e-03 -7.675460877130545548e-03
1.005337519256299288e+02 -5.018511953814975592e-03 -7.726597667635258689e-03
1.005494697914968043e+02 -5.023295124555078595e-03 -7.761237312436847918e-03
1.005652105608584606e+02 -5.023712293784516301e-03 -7.815096033766514433e-03
1.005809440329773565e+02 -5.026021656555819568e-03 -7.882183592922328494e-03
1.006124825665573184e+02 -5.027310705146411859e-03 -8.063133971463775848e-03
1.006282759283690922e+02 -5.028716832325586840e-03 -8.163561195333875545e-03
1.006440448124691329e+02 -5.027493960406905979e-03 -8.267007664561227057e-03
1.006755372913142565e+02 -5.024296670618743840e-03 -8.511683120200095459e-03
1.006912651051856926e+02 -5.025652896314608716e-03 -8.632740749938649233e-03
1.007069764328813051e+02 -5.023464130370345650e-03 -8.750827144213218708e-03
1.007226722423468459e+02 -5.023537716879197292e-03 -8.864467497205459970e-03
1.007540642774042112e+02 -5.022033882294713383e-03 -9.024798252030577506e-03
1.007697626666423076e+02 -5.021167774537869596e-03 -9.089398720340100338e-03
1.007854630073278344e+02 -5.020843340804304576e-03 -9.153516392630659318e-03
1.008011801959887492e+02 -5.022036023039883924e-03 -9.202925019072886320e-03
1.008326453387146131e+02 -5.018221041541338738e-03 -9.278014504231822321e-03
1.008484061912591585e+02 -5.017674759199754891e-03 -9.313690109319219812e-03
1.008641766200896370e+02 -5.011465565280652686e-03 -9.347997924939597386e-03
1.008957461213447004e+02 -5.005515381010578434e-03 -9.391904688799563791e-03
1.009114933204266862e+02 -5.002371068640512793e-03 -9.393500520102281495e-03
1.009272260905900112e+02 -4.995743118155086815e-03 -9.390881059374814321e-03
1.009429448533906992e+02 -4.994408749561817656e-03 -9.380448925086102771e-03
1.009743283371866625e+02 -4.986729008740151473e-03 -9.326403643411694186e-03
1.009900135819373617e+02 -4.984189758053747359e-03 -9.279849964466039755e-03
1.010057074786556512e+02 -4.980879001763294928e-03 -9.220342891712821065e-03
1.010214054236282806e+02 -4.977730097635228550e-03 -9.162034695781367741e-03
1.010528307153947907e+02 -4.974872869158954852e-03 -9.017456257725145127e-03
1.010685781270762220e+02 -4.973689410659578279e-03 -8.940414171506656793e-03
1.010843269295599640e+02 -4.973378029784543408e-03 -8.858763554113906202e-03
1.011001004215510619e+02 -4.973561452349311261e-03 -8.776467921680582152e-03
1.011316791510679565e+02 -4.968986603528666168e-03 -8.620159539812006361e-03
1.011474414044939749e+02 -4.968173349746369226e-03 -8.541074310079194154e-03
1.011631666992586389e+02 -4.967183635841455891e-03 -8.461852451523763433e-03
1.011945976750856175e+02 -4.965577689500954260e-03 -8.310107880025620689e-03
1.012102917932780741e+02 -4.967264848142146673e-03 -8.239796307853000656e-03
1.012259812856285208e+02 -4.967025248931765738e-03 -8.170251753616153759e-03
1.012416726992065037e+02 -4.967268778060932033e-03 -8.099217602494421242e-03
1.012730702017155977e+02 -4.969576816023409289e-03 -7.958166837162106155e-03
1.012887732365426672e+02 -4.971771397276393903e-03 -7.890633030123613001e-03
1.013044970394291369e+02 -4.974598472600125915e-03 -7.824554104802998802e-03
1.013202434958888887e+02 -4.978025215291385919e-03 -7.765476025172268239e-03
1.013517632937426498e+02 -4.983698968047708781e-03 -7.666326442972934592e-03
1.013675506225403922e+02 -4.984817059650870075e-03 -7.631892791394601257e-03
1.013833313991542155e+02 -4.986660880469050497e-03 -7.612485622748368062e-03
1.014148185774135840e+02 -4.989106752570655196e-03 -7.598324733164870011e-03
1.014305453359378930e+02 -4.991977850156564811e-03 -7.599708646658295645e-03
1.014462526583186843e+02 -4.992996808941425543e-03 -7.606044391185977013e-03
1.014619514804893186e+02 -4.995407860434412407e-03 -7.618957510012625001e-03
1.014933399755847461e+02 -4.999675778556792252e-03 -7.652963775367344589e-03
1.015090407165722297e+02 -5.001441891021446429e-03 -7.674403384186246832e-03
1.015247392869904104e+02 -5.003479577658889385e-03 -7.701098871961005975e-03
1.015404447981918139e+02 -5.006454136071776702e-03 -7.725320754738165124e-03
1.015719145755492434e+02 -5.011044005524760425e-03 -7.827541033900663886e-03
1.015876596305729009e+02 -5.014157955157871188e-03 -7.896897346486889471e-03
1.016034296026656847e+02 -5.012367765274435179e-03 -7.980536841313655774e-03
1.016349928388225692e+02 -5.013003355585913395e-03 -8.190514776234588193e-03
1.016507688993120979e+02 -5.014350953985995986e-03 -8.297514061362122606e-03
1.016665049067489122e+02 -5.010420421980289057e-03 -8.422889842504605387e-03
1.016822404834319968e+02 -5.011685578135933322e-03 -8.551250972999231356e-03
1.017136657813558571e+02 -5.009154125061554032e-03 -8.792608627120994391e-03
1.017293591943762721e+02 -5.010939239641826193e-03 -8.901568985528837685e-03
1.017450572939743410e+02 -5.011898743767936003e-03 -8.985024119511056742e-03
1.017607586816445746e+02 -5.011230466118177240e-03 -9.046436009304058973e-03
1.017921563372098746e+02 -5.009209059339885146e-03 -9.176914124604949180e-03
1.018078827820859402e+02 -5.008452443142929512e-03 -9.218485612462336276e-03
1.018236154177736381e+02 -5.005467432013572908e-03 -9.259190780866261017e-03
1.018551267716436115e+02 -4.999234841982486306e-03 -9.336066527048783592e-03
1.018709038194426313e+02 -4.997275513942169012e-03 -9.371971904489300939e-03
1.018866898515779411e+02 -4.992736861778805657e-03 -9.396598660251439389e-03
1.019024674779670221e+02 -4.990129835415399451e-03 -9.408725177683274071e-03
1.019339278084434710e+02 -4.982407713472511435e-03 -9.407705202487537735e-03
1.019496336709464970e+02 -4.978587481718099901e-03 -9.395374294436820151e-03
1.019653286182914087e+02 -4.973179314297702762e-03 -9.371434458222329539e-03
1.019810122936136310e+02 -4.970977998610849082e-03 -9.334006607934272962e-03
1.020124001351217515e+02 -4.968398135567708707e-03 -9.220541396352765345e-03
1.020281008810852796e+02 -4.965728389138301425e-03 -9.160505444402482905e-03
1.020438057532091705e+02 -4.963387420800761084e-03 -9.086382863473557031e-03
1.020752831731612815e+02 -4.957830424294127486e-03 -8.933547393793201188e-03
1.020910437357584186e+02 -4.956655163444663968e-03 -8.850242982987128679e-03
1.021068288790220322e+02 -4.955617020655092922e-03 -8.770245754816318254e-03
1.021226266218222065e+02 -4.954816546797309595e-03 -8.691427159466320190e-03
1.021541492262661563e+02 -4.950693189049154737e-03 -8.529847458155246503e-03
1.021698706684108089e+02 -4.951680640443276507e-03 -8.450902751667278487e-03
1.021855864097165920e+02 -4.950247337995231263e-03 -8.373793398097352861e-03
1.022012810273149199e+02 -4.949879813235563003e-03 -8.297893071801109091e-03
1.022326620014061689e+02 -4.948611078116998442e-03 -8.156038876011647773e-03
1.022483587071310893e+02 -4.950884218617205082e-03 -8.083624794653326839e-03
1.022640595701920887e+02 -4.954295617776313665e-03 -8.011470232295841987e-03
1.022954723124374539e+02 -4.959212688980458791e-03 -7.871697958301180145e-03
1.023112050422356702e+02 -4.964140363583520628e-03 -7.807973082979791611e-03
1.023269456644083135e+02 -4.962590813706890293e-03 -7.749429810851771530e-03
1.023427070760081250e+02 -4.964637172879284716e-03 -7.697764089788967229e-03
1.023742857769987609e+02 -4.971009465420560790e-03 -7.622987327316201392e-03
1.023900425934904774e+02 -4.971879796135350582e-03 -7.608532914219740158e-03
1.024057981866578189e+02 -4.972291808176865918e-03 -7.598836185539884110e-03
1.024215193595523914e+02 -4.977482057194046461e-03 -7.594681212438818101e-03
1.024529373177234106e+02 -4.977936104207209347e-03 -7.603686735804102668e-03
1.024686317294964510e+02 -4.979849289040776290e-03 -7.617593591705980847e-03
1.024843233119296002e+02 -4.980559600570039734e-03 -7.632380888609073717e-03
1.025000229547663650e+02 -4.983067928760737467e-03 -7.651632359793780064e-03
1.025314273954526101e+02 -4.992077323056342240e-03 -7.700442908379752545e-03
1.025471438657185956e+02 -4.994595053022964602e-03 -7.728641685272532799e-03
1.025628796482743894e+02 -4.997286648235952852e-03 -7.778661194637476357e-03
1.025943756989016151e+02 -4.998282456110565708e-03 -7.911827266916277024e-03
1.026101489972048313e+02 -5.000427797924220617e-03 -8.002304549246818180e-03
1.026259433379944568e+02 -5.000868011440662113e-03 -8.115312659938905132e-03
1.026417091334234328e+02 -4.999479628088332461e-03 -8.218752482128917694e-03
1.026732089330343740e+02 -4.999427174192018312e-03 -8.460607013533344781e-03
1.026889409240507121e+02 -4.997818606330599669e-03 -8.591161542661400127e-03
1.027046487515849691e+02 -4.995634105131941879e-03 -8.714292056374426179e-03
1.027203481740950366e+02 -4.996221084681160864e-03 -8.833344079519005881e-03
1.027517404984086227e+02 -4.994595397848357668e-03 -9.006493485140034880e-03
1.027674398795088422e+02 -4.994736559925298455e-03 -9.072212928615370001e-03
1.027831391370498437e+02 -4.995689972805629660e-03 -9.142316596254676866e-03
1.028145869410117825e+02 -4.993341216105040212e-03 -9.236376711598938763e-03
1.028303131752725363e+02 -4.991478350424461731e-03 -9.279894878184211451e-03
1.028460720163643884e+02 -4.989096709107546275e-03 -9.319652176086507672e-03
1.028618416271802403e+02 -4.986000875328159762e-03 -9.359756769563002191e-03
1.028934083654319380e+02 -4.978569830362892558e-03 -9.417814245777681240e-03
1.029091678976591879e+02 -4.975211285076087085e-03 -9.426608608294884464e-03
1.029249009772887575e+02 -4.969625673626214789e-03 -9.429088153705304093e-03
1.029406241490283946e+02 -4.967736147025283815e-03 -9.424071064350109453e-03
1.029720090783964395e+02 -4.959527952655829255e-03 -9.381461988556646925e-03
1.029876939831880236e+02 -4.956207078924980934e-03 -9.339959683678083005e-03
1.030033865812518883e+02 -4.952485601728628256e-03 -9.283866138002232898e-03
1.030347843509244541e+02 -4.947570167309230799e-03 -9.158118017211341541e-03
1.030505013638208140e+02 -4.948127177406033521e-03 -9.083127462668882240e-03
1.030662459405926796e+02 -4.945140696764577237e-03 -9.007872018306795417e-03
1.030819900084343743e+02 -4.943898296209797531e-03 -8.926693095677003947e-03
1.031135512143080746e+02 -4.939933487626430204e-03 -8.763605067797317072e-03
1.031293473226045023e+02 -4.940100295858076106e-03 -8.683045980798180866e-03
1.031451047735274074e+02 -4.938326475846977967e-03 -8.601138457380710922e-03
1.031608391260757855e+02 -4.938019187594222363e-03 -8.518804357010429512e-03
1.031922723322293933e+02 -4.935279431342053102e-03 -8.360759072267524156e-03
1.032079677420133947e+02 -4.934645718154572792e-03 -8.286754889797262255e-03
1.032236540177486575e+02 -4.934261389140156412e-03 -8.215029006060130257e-03
1.032550415383779949e+02 -4.935492531426173557e-03 -8.068301411337139642e-03
1.032707417479108614e+02 -4.936538718569413037e-03 -7.993780650244043315e-03
1.032864446299576002e+02 -4.938525611179805583e-03 -7.923281405429329766e-03
1.033021651853652685e+02 -4.942794050711694746e-03 -7.853542953152291284e-03
1.033336545895759286e+02 -4.949349806302891230e-03 -7.734078961215949850e-03
1.033494257618434347e+02 -4.953856945512096974e-03 -7.685486845523442981e-03
1.033652099318182849e+02 -4.952958019647513144e-03 -7.645432486754535732e-03
1.033809972724157689e+02 -4.956112505625972879e-03 -7.616789386160545058e-03
1.034124856342105403e+02 -4.960398711231606139e-03 -7.593725486557970951e-03
1.034282126503211572e+02 -4.960490041181230859e-03 -7.590597371494581767e-03
1.034439224477022634e+02 -4.963568572795150520e-03 -7.592533502121262372e-03
1.034753130167129882e+02 -4.967411624300967395e-03 -7.615043366325776296e-03
1.034910056405430510e+02 -4.969360323058734201e-03 -7.631140437755542551e-03
1.035067055647827345e+02 -4.971197130500360634e-03 -7.651285360436696839e-03
1.035224055043726281e+02 -4.972855917546035662e-03 -7.674583129339801468e-03
1.035538352736642764e+02 -4.979014651674225356e-03 -7.735467390286208944e-03
1.035695784477595112e+02 -4.982172450351377707e-03 -7.791166233472688642e-03
1.035853212394667082e+02 -4.985145487627117358e-03 -7.857281989216691881e-03
1.036010877149847289e+02 -4.986445879402861235e-03 -7.927643789190474966e-03
1.036326539328409240e+02 -4.985442337429418259e-03 -8.144702490503769737e-03
1.036484300205144109e+02 -4.985989885972715897e-03 -8.248045715085255622e-03
1.036641663862498319e+02 -4.983890249013765705e-03 -8.363901077540331769e-03
1.036956261322532100e+02 -4.982956652600191959e-03 -8.631144563484306406e-03
1.037113337665159918e+02 -4.983779167082494355e-03 -8.756454340402265724e-03
1.037270288208845841e+02 -4.984432921296978389e-03 -8.871186074330253413e-03
1.037427270693432320e+02 -4.983866266934440688e-03 -8.961491769326493384e-03
1.037741193706433478e+02 -4.982245473049028497e-03 -9.100360851019307154e-03
1.037898212920711529e+02 -4.981225228028530669e-03 -9.164861470988458145e-03
1.038055451061722323e+02 -4.979811604125450840e-03 -9.213010319699165354e-03
1.038212804712349424e+02 -4.978881825323129388e-03 -9.257178379764330681e-03
1.038527815537580210e+02 -4.973063913205644573e-03 -9.342178677511891668e-03
1.038685553806662654e+02 -4.970010146640087625e-03 -9.384619341203341916e-03
1.038843470663275639e+02 -4.965965713591260003e-03 -9.415463651779908474e-03
1.039001288329692585e+02 -4.963951869250293573e-03 -9.435940791833141023e-03
1.039315949093216318e+02 -4.954423097931579846e-03 -9.446709344557288265e-03
1.039473061704131709e+02 -4.950907414017502624e-03 -9.440263900719956039e-03
1.039630035824583132e+02 -4.946460707576978526e-03 -9.422388260908036786e-03
1.039943772004919822e+02 -4.942574910060457474e-03 -9.344138491924953993e-03
1.040100731944530992e+02 -4.939197927621875352e-03 -9.283317943013579682e-03
1.040257672864950109e+02 -4.936516726221995034e-03 -9.225363099208815088e-03
1.040414693874012073e+02 -4.934457423051323739e-03 -9.154367961117069671e-03
1.040729441964211617e+02 -4.928759372963069721e-03 -9.002592179364886024e-03
1.040886991552860508e+02 -4.928808040224582146e-03 -8.918605902414993014e-03
1.041044822054626309e+02 -4.924558073516220776e-03 -8.836905028902055162e-03
1.041202765628434577e+02 -4.924744764809072840e-03 -8.756830023673145211e-03
1.041518115143660168e+02 -4.921992029115004712e-03 -8.590688335404888729e-03
1.041675311695803288e+02 -4.918847912056970376e-03 -8.507871095664235397e-03
1.041832504289276358e+02 -4.919458484868960771e-03 -8.427614556921703137e-03
1.042146406198274917e+02 -4.916424989736176664e-03 -8.275639275061632757e-03
1.042303277047298735e+02 -4.918077605984395341e-03 -8.199848171433295543e-03
1.042460223698437431e+02 -4.920212175789408400e-03 -8.124567859018702598e-03
1.042617243267875295e+02 -4.922266172218819728e-03 -8.049866538297012139e-03
1.042931303844674176e+02 -4.926213256183794263e-03 -7.904421789518903396e-03
1.043088602725172080e+02 -4.930235181453558602e-03 -7.836449173547687178e-03
1.043246042622835574e+02 -4.929793880068805180e-03 -7.775217056059349936e-03
1.043403605055698762e+02 -4.932950241711137399e-03 -7.720299561596684866e-03
1.043719344875293871e+02 -4.938809957535204506e-03 -7.634464695816467472e-03
1.043876982219884297e+02 -4.939662731114170986e-03 -7.611338941256136879e-03
1.044034575027819471e+02 -4.941787767316335907e-03 -7.596986034244836150e-03
1.044348967405285151e+02 -4.946947986272036413e-03 -7.585681590772642112e-03
1.044505966025771642e+02 -4.948813622358330493e-03 -7.588685877553411410e-03
1.044662931496977478e+02 -4.948794770969791763e-03 -7.599107868953244339e-03
1.044819837783755787e+02 -4.950622355632964058e-03 -7.611932019780064812e-03
1.045133839345853914e+02 -4.958654390306730352e-03 -7.649714778384285145e-03
1.045290878785322803e+02 -4.962272247738516544e-03 -7.675524404159994075e-03
1.045447978852659645e+02 -4.964094611783763898e-03 -7.698163061202885696e-03
1.045605306554452767e+02 -4.968792308339868048e-03 -7.744370033616651550e-03
1.045920240687615603e+02 -4.968956729498346346e-03 -7.872438504626957240e-03
1.046077977392400129e+02 -4.970775628481089413e-03 -7.945840890935239667e-03
1.046235888222036721e+02 -4.971030984364380352e-03 -8.055072682014878527e-03
1.046551283638543026e+02 -4.968608722109316145e-03 -8.278081072931570139e-03
1.046708635032710788e+02 -4.971674492569546494e-03 -8.401797616498360086e-03
1.046865946242375429e+02 -4.969293452800235301e-03 -8.541527658446325388e-03
1.047023050509537399e+02 -4.968315526082667070e-03 -8.672754651076097082e-03
1.047337009640977925e+02 -4.966424037593365585e-03 -8.905335009600470059e-03
1.047494002426783624e+02 -4.967226769869848360e-03 -8.985098336176101236e-03
1.047650994536898423e+02 -4.968917195034405938e-03 -9.051982419922097178e-03
1.047807976630397491e+02 -4.969460783401334451e-03 -9.126951869564801575e-03
1.048122387725941564e+02 -4.968559208954792701e-03 -9.231469551774531407e-03
1.048279663565676145e+02 -4.963512586244864071e-03 -9.277681055313086872e-03
1.048437197800781036e+02 -4.960943906360362407e-03 -9.320692779148697163e-03
1.048752808602187514e+02 -4.955224653355017918e-03 -9.407848032802597349e-03
1.048910549554782818e+02 -4.950041151520300289e-03 -9.438022072862884901e-03
1.049068256690624281e+02 -4.945485190871148212e-03 -9.455007719693169291e-03
1.049225584076015423e+02 -4.943705896736543155e-03 -9.463001800555724541e-03
1.049539852499820398e+02 -4.933582042539528915e-03 -9.455999696163860588e-03
1.049696746089637713e+02 -4.930816184418417361e-03 -9.434179377048917264e-03
1.049853590070665206e+02 -4.926972330276486664e-03 -9.398322953970307883e-03
1.050010508766133341e+02 -4.923893453998235206e-03 -9.346789794988203184e-03
1.050324449209671940e+02 -4.921026085500261604e-03 -9.224232734976774498e-03
1.050481568483416481e+02 -4.919792458776681664e-03 -9.151469444011753329e-03
1.050638974257169309e+02 -4.917098822172947734e-03 -9.076505099502760535e-03
1.050954094839362369e+02 -4.911655585894320920e-03 -8.911636815387587868e-03
1.051111963369095150e+02 -4.910747819581784412e-03 -8.830613914054269084e-03
1.051269969298587199e+02 -4.910098183817103792e-03 -8.748787592109731961e-03
1.051427510016544886e+02 -4.907155968465496884e-03 -8.664234678767297401e-03
1.051742181622359453e+02 -4.903296876790452438e-03 -8.496797860023502444e-03
1.051899299454759813e+02 -4.902856203951712864e-03 -8.415232434372643677e-03
1.052056219179786609e+02 -4.899960448860560779e-03 -8.336817359538020722e-03
1.052213086064692789e+02 -4.901147489279888969e-03 -8.262427113740873630e-03
1.052526953660713787e+02 -4.901152351401238602e-03 -8.108589855602815408e-03
1.052683961727650370e+02 -4.902602481091315918e-03 -8.031367149774858508e-03
1.052840989141573829e+02 -4.905941444606009595e-03 -7.957883753448047673e-03
1.053155588164293306e+02 -4.912206371815051528e-03 -7.819828260357810853e-03
1.053312987421738995e+02 -4.915698254520088628e-03 -7.759491475686224222e-03
1.053470700341307094e+02 -4.919284136449933280e-03 -7.707318316742186627e-03
1.053628530469071336e+02 -4.920290999895740765e-03 -7.662447919771927206e-03
1.053944004576385822e+02 -4.926189316237506756e-03 -7.604331145241119243e-03
1.054101369593926734e+02 -4.928875688521061442e-03 -7.590715222422804616e-03
1.054258617401923601e+02 -4.928120674726522293e-03 -7.583298327832275684e-03
1.054415735907139862e+02 -4.932487818953763467e-03 -7.580186283012776451e-03
1.054729618103545192e+02 -4.935462984379318345e-03 -7.595420800272082405e-03
1.054886535585793865e+02 -4.937453391832543476e-03 -7.609264592789485165e-03
1.055043535512427582e+02 -4.938895851737852560e-03 -7.628206740128631348e-03
1.055200543750410702e+02 -4.940992049351274756e-03 -7.647953954297819455e-03
1.055514804395454291e+02 -4.949074513717083984e-03 -7.702781548123645121e-03
1.055672223965498233e+02 -4.950883615855663882e-03 -7.756104126277183798e-03
1.055829619262305101e+02 -4.953942938827144739e-03 -7.822440870159699453e-03
1.056145037388814387e+02 -4.955244353188041455e-03 -7.968417429090742313e-03
1.056302969493278709e+02 -4.956756666325111936e-03 -8.087028082117385386e-03
1.056460676607527063e+02 -4.956617873000524269e-03 -8.207023330873915862e-03
1.056618113962199885e+02 -4.956900980225480841e-03 -8.310847150197893732e-03
1.056932750855620924e+02 -4.955012287671207993e-03 -8.581671991397201230e-03
1.057089836851945108e+02 -4.955565668481885615e-03 -8.714684087114031585e-03
1.057246805579032980e+02 -4.954405879067952378e-03 -8.836262743024006147e-03
1.057403737274602804e+02 -4.954588211330670199e-03 -8.933428917623784452e-03
1.057717682006570783e+02 -4.952848834632869041e-03 -9.080423860116022469e-03
1.057874692739069360e+02 -4.951992589741631944e-03 -9.149445446379383950e-03
1.058031900013003224e+02 -4.951671619870243179e-03 -9.202945560166271577e-03
1.058346605300250616e+02 -4.949584714877624039e-03 -9.296497240048997093e-03
1.058504209018547328e+02 -4.947818999578493422e-03 -9.342337487608364313e-03
1.058661910077133967e+02 -4.941558750192643658e-03 -9.389886879782843865e-03
1.058819866220834314e+02 -4.938248899459588524e-03 -9.428272575272329467e-03
1.059135108060509367e+02 -4.929886851578442822e-03 -9.472346932394551736e-03
1.059292444014355397e+02 -4.925030907358372845e-03 -9.479916506991601169e-03
1.059449620355308781e+02 -4.922517816439788557e-03 -9.479844856435904257e-03
1.059606603014346149e+02 -4.919980550617974839e-03 -9.468786381960345166e-03
1.059920345195500460e+02 -4.912896985307512593e-03 -9.401870880844218417e-03
1.060077255656014756e+02 -4.909758418580004169e-03 -9.344989584478579844e-03
1.060234190331303523e+02 -4.906499951966445706e-03 -9.286902889543412545e-03
1.060548404465674679e+02 -4.900830179428007291e-03 -9.146771381852941349e-03
1.060705880456431771e+02 -4.899058306741073052e-03 -9.070260222578171300e-03
1.060863382382005398e+02 -4.899058963143495052e-03 -8.987505796795754176e-03
1.061021165682864762e+02 -4.895743923271792496e-03 -8.903872064318729337e-03
1.061336922243910692e+02 -4.891568381313943746e-03 -8.738472943179672117e-03
1.061494562288746124e+02 -4.890596663578045469e-03 -8.653559609024740265e-03
1.061651745892233265e+02 -4.886791045853635697e-03 -8.567589501739115987e-03
1.061808965811563752e+02 -4.886648616302320322e-03 -8.483680483511876758e-03
1.062122893369217280e+02 -4.884692335634734789e-03 -8.324444222469163171e-03
1.062279751233019454e+02 -4.886264818014476874e-03 -8.245802736528645357e-03
1.062436701561323247e+02 -4.886401881857903827e-03 -8.167429989714640459e-03
1.062750681160952269e+02 -4.888470716612167838e-03 -8.011222000280556962e-03
1.062907725375995653e+02 -4.890892511112162125e-03 -7.937492819182498729e-03
1.063064990748893450e+02 -4.893658383207758443e-03 -7.866419463530664735e-03
1.063222457441767546e+02 -4.896030834307308136e-03 -7.802295558356499815e-03
1.063537759495905419e+02 -4.900958418407416750e-03 -7.694035341629284000e-03
1.063695651550186057e+02 -4.904745924345183146e-03 -7.650124780457219151e-03
1.063853357405138524e+02 -4.906466876843665337e-03 -7.618485881297061731e-03
1.064010974296409273e+02 -4.910326137279243976e-03 -7.597183620062233737e-03
1.064325375248642729e+02 -4.914415358482837268e-03 -7.576861640624408395e-03
1.064482390088957544e+02 -4.916172198420251487e-03 -7.574447713426164276e-03
1.064639367035742907e+02 -4.916662204017160399e-03 -7.580850038770576248e-03
1.064953219224833134e+02 -4.923641766678443256e-03 -7.606271466515844570e-03
1.065110263168675004e+02 -4.926411333767248546e-03 -7.624879758901448833e-03
1.065267262696920483e+02 -4.928882155390824221e-03 -7.649175934505668406e-03
1.065424326285276493e+02 -4.932264547989573429e-03 -7.669244554644203370e-03
1.065739041290600824e+02 -4.936000541666336200e-03 -7.770872998241816314e-03
1.065896551796799940e+02 -4.939113222814618502e-03 -7.839459601392205143e-03
1.066054296174771139e+02 -4.938567520983563192e-03 -7.903803314287487572e-03
1.066212136451739099e+02 -4.940729661908681986e-03 -7.995884501004106235e-03
1.066527635548345359e+02 -4.940307692553365035e-03 -8.238993621614950497e-03
1.066684988213584830e+02 -4.939191079521234110e-03 -8.346033638753641223e-03
1.066842303215283181e+02 -4.939992620949821764e-03 -8.482451455789715225e-03
1.067156495984844611e+02 -4.937383340651084647e-03 -8.756253416884783938e-03
1.067313429755975704e+02 -4.937969788325780041e-03 -8.871312869713307570e-03
1.067470412626392005e+02 -4.939921828131516382e-03 -8.958341956132598316e-03
1.067627401949955583e+02 -4.941048428419295667e-03 -9.027596374210362928e-03
1.067941440854282433e+02 -4.938735748049830065e-03 -9.170580581764163977e-03
1.068098721431917966e+02 -4.939716939181056955e-03 -9.220887919407051020e-03
1.068256023902996503e+02 -4.934382371776781413e-03 -9.270800553626697485e-03
1.068413495923151828e+02 -4.932795643815599158e-03 -9.316644010773299581e-03
1.068729013043234630e+02 -4.925612899826107074e-03 -9.412618696376112357e-03
1.068886839194625225e+02 -4.920594207943410243e-03 -9.449609424800237828e-03
1.069044626168161756e+02 -4.916234025813912868e-03 -9.475523783580158677e-03
1.069201988347512184e+02 -4.914557486055611511e-03 -9.489710506426224032e-03
1.069516304380263279e+02 -4.905266119296694191e-03 -9.495685340835771301e-03
1.069673237817466998e+02 -4.900952894772771587e-03 -9.480617660394551754e-03
1.069830082201520867e+02 -4.897550342015404359e-03 -9.450509237997228862e-03
1.070143938332128499e+02 -4.894127589234512597e-03 -9.344159123560461661e-03
1.070300898430057686e+02 -4.892433253936947710e-03 -9.286371022819931570e-03
1.070457976809285157e+02 -4.888741974420158544e-03 -9.216716955989903357e-03
1.070615287497163592e+02 -4.888522840847484702e-03 -9.142515194746011348e-03
1.070930362192257661e+02 -4.879379140961048050e-03 -8.979660998011760459e-03
1.071088243760924570e+02 -4.879752710330742364e-03 -8.896969604892604119e-03
1.071246257776870578e+02 -4.877355950009011447e-03 -8.814688108836286548e-03
1.071403813327149237e+02 -4.874143727059501198e-03 -8.728118586262456971e-03
1.071718532282954186e+02 -4.872000225719033337e-03 -8.555175915183663160e-03
1.071875671816272586e+02 -4.868426026405788497e-03 -8.470305453726319558e-03
1.072032580667493704e+02 -4.866437423871602247e-03 -8.387691412950447345e-03
1.072346348456054841e+02 -4.866107354369808395e-03 -8.230594714108500562e-03
1.072503323068052907e+02 -4.866683518173871119e-03 -8.150112179930911471e-03
1.072660331733637094e+02 -4.869124148803459853e-03 -8.070280056805148247e-03
1.072817351046419105e+02 -4.873221092391776151e-03 -7.992720091408511002e-03
1.073131877084325083e+02 -4.879218200302968926e-03 -7.848855925348835819e-03
1.073289273404031121e+02 -4.880204961062239305e-03 -7.785374199988957973e-03
1.073446950972673051e+02 -4.882613767157940529e-03 -7.729538433681070429e-03
1.073604785795599952e+02 -4.886793850683319312e-03 -7.681047354731766405e-03
1.073920252630681347e+02 -4.891484665652017644e-03 -7.610488872082540185e-03
1.074077712600505947e+02 -4.893019130173326299e-03 -7.589450011574463799e-03
1.074234920018301409e+02 -4.896151946808337090e-03 -7.577885316013077167e-03
1.074549026014633029e+02 -4.898316283973673350e-03 -7.569581829955029754e-03
1.074705932429816500e+02 -4.901846809450417786e-03 -7.576266198277279047e-03
1.074862839908381176e+02 -4.903198701927256875e-03 -7.587344038938099479e-03
1.075019835380621345e+02 -4.905074410524056308e-03 -7.604315129288162153e-03
1.075333891027716078e+02 -4.912879737775759093e-03 -7.646077298229666044e-03
1.075491066477260489e+02 -4.917999246987558165e-03 -7.671950326982666067e-03
1.075648488713292608e+02 -4.919159224002049753e-03 -7.720881269185532123e-03
1.075805832879581629e+02 -4.921800198058998502e-03 -7.789070464967890947e-03
1.076121251250081343e+02 -4.924585818367842663e-03 -7.926891935711983736e-03
1.076279190429831516e+02 -4.926479412032554878e-03 -8.026028463186002729e-03
1.076436857780746124e+02 -4.925817595338329719e-03 -8.157670353803299704e-03
1.076751762662325973e+02 -4.923937966651986513e-03 -8.385891238085507390e-03
1.076909039802186925e+02 -4.925313451408833663e-03 -8.526670220154922153e-03
1.077066136778811938e+02 -4.923239195044319498e-03 -8.667055906447692845e-03
1.077223095076083013e+02 -4.923879973416932058e-03 -8.797181011132745171e-03
1.077537010858263642e+02 -4.922826841651671038e-03 -8.980196676795044672e-03
1.077693990112384483e+02 -4.922250592429808745e-03 -9.058362351997568604e-03
1.077850992038287501e+02 -4.922236142162362584e-03 -9.132903718204448545e-03
1.078008159468042777e+02 -4.923663037794775120e-03 -9.191183917071712312e-03
1.078322808257009342e+02 -4.919422862619018434e-03 -9.290801035576893435e-03
1.078480412298431901e+02 -4.918416782007532621e-03 -9.339172637748837866e-03
1.078638093738300228e+02 -4.912365932652574228e-03 -9.389872821918259643e-03
1.078953833295503131e+02 -4.905420256364507493e-03 -9.471474703879392831e-03
1.079111382293886408e+02 -4.901866241179980883e-03 -9.494149742183370655e-03
1.079268747104716937e+02 -4.894963517827433282e-03 -9.507395742631085181e-03
1.079425978593707214e+02 -4.893585311894448411e-03 -9.513974437256073058e-03
1.079739849030108871e+02 -4.885741490663470660e-03 -9.491468973173789250e-03
1.079896696885669343e+02 -4.882690605754458173e-03 -9.456258721325105920e-03
1.080053611378902758e+02 -4.878983255860843728e-03 -9.404612751326781733e-03
1.080210541658185122e+02 -4.875342700124150885e-03 -9.346195423541389311e-03
1.080524683366081149e+02 -4.870543675270432200e-03 -9.212812925290036342e-03
1.080682122525273741e+02 -4.868272455553737839e-03 -9.137669071815568422e-03
1.080839599219384013e+02 -4.866899955459764310e-03 -9.056848923849192615e-03
1.081155251407659392e+02 -4.861133706114227106e-03 -8.890399215118116247e-03
1.081313169575487763e+02 -4.859936174908948033e-03 -8.805289109534840397e-03
1.081470769198190567e+02 -4.857631786218810817e-03 -8.718563239457483710e-03
1.081628007846080664e+02 -4.855647860824095427e-03 -8.630502755049736241e-03
1.081942268661899789e+02 -4.851665713962807075e-03 -8.456410126349641829e-03
1.082099189279178972e+02 -4.852456201237393719e-03 -8.375382560016948405e-03
1.082256064995804223e+02 -4.851575621805577845e-03 -8.295225048063474896e-03
1.082412963391418828e+02 -4.851297697071202050e-03 -8.213213596064906225e-03
1.082726935783765185e+02 -4.852889463356713229e-03 -8.050785830367824386e-03
1.082883975017000040e+02 -4.854642484984498033e-03 -7.972692658151009359e-03
1.083041209300326528e+02 -4.857521411601528095e-03 -7.898452982695536306e-03
1.083356166822282347e+02 -4.866092275837458590e-03 -7.769486933663195295e-03
1.083513913154425978e+02 -4.868649118245085665e-03 -7.715972892511654621e-03
1.083671774109834018e+02 -4.869760469675703599e-03 -7.668653793292772719e-03
1.083829566027213218e+02 -4.872517651375252168e-03 -7.630125084189285506e-03
1.084144365331182769e+02 -4.876758948436299250e-03 -7.582343309574466825e-03
1.084301597153982755e+02 -4.880033796075525579e-03 -7.570061258417352945e-03
1.084458632647409644e+02 -4.882114344801129387e-03 -7.562505760412995340e-03
1.084615604679837162e+02 -4.885574166808228855e-03 -7.563746721102186307e-03
1.084929454294985192e+02 -4.890019503335678482e-03 -7.582589330369947367e-03
1.085086451863599422e+02 -4.892553399201284015e-03 -7.599947306462708635e-03
1.085243448106217983e+02 -4.895008660488761078e-03 -7.620535558389149484e-03
1.085400504161608382e+02 -4.898459746636977044e-03 -7.641980618309758035e-03
1.085715221688022041e+02 -4.904565838427001924e-03 -7.733996846468841127e-03
1.085872678095565220e+02 -4.908157618482764800e-03 -7.806900345463489710e-03
1.086030388278619512e+02 -4.907477184273005208e-03 -7.874454773480463188e-03
1.086346040609924017e+02 -4.909195838423674116e-03 -8.062440362230867408e-03
1.086503783373906202e+02 -4.911085882315087241e-03 -8.192549804725571261e-03
1.086661117105455929e+02 -4.907652443090006721e-03 -8.305876241320698031e-03
1.086818473115130104e+02 -4.909198807013354614e-03 -8.429608157140836694e-03
1.087132718671115583e+02 -4.907691225279072790e-03 -8.711723698720783698e-03
1.087289654300753767e+02 -4.909714290840760248e-03 -8.835416603095442092e-03
1.087446636472775623e+02 -4.910721726074836375e-03 -8.929938646773149039e-03
1.087603635188290241e+02 -4.910119310351960392e-03 -9.003692776811521997e-03
1.087917601911320986e+02 -4.908600779945290586e-03 -9.155298676937118421e-03
1.088074860730282580e+02 -4.907705886092998508e-03 -9.211430435146108001e-03
1.088232197419678613e+02 -4.905121104075414219e-03 -9.262961741702080073e-03
1.088547287007852447e+02 -4.898402641868667209e-03 -9.362914649749072213e-03
1.088705029438496439e+02 -4.896212538927032822e-03 -9.414284706415837478e-03
1.088862924161132497e+02 -4.891428766174336397e-03 -9.457049670366210817e-03
1.089020758029039087e+02 -4.888587384355372843e-03 -9.491104979115641202e-03
1.089335471597525213e+02 -4.879847369244176558e-03 -9.525152041361638344e-03
1.089492582235381661e+02 -4.876071478079294086e-03 -9.530596095919784821e-03
1.089649555588846681e+02 -4.870713693115777052e-03 -9.523100924749314938e-03
1.089806393491320620e+02 -4.868742909435301060e-03 -9.499842022875853650e-03
1.090120237877646048e+02 -4.864483173081342836e-03 -9.402275555421573186e-03
1.090277181249746405e+02 -4.860804804094346482e-03 -9.346401832769626536e-03
1.090434173181440514e+02 -4.857960319794177827e-03 -9.281437881323920114e-03
1.090748872410728580e+02 -4.850427757016257876e-03 -9.131161372286146841e-03
1.090906458870990718e+02 -4.848254463387901593e-03 -9.048577837644646710e-03
1.091064345560803446e+02 -4.846166663908402922e-03 -8.964713534545046270e-03
1.091222314902901331e+02 -4.844957892932330069e-03 -8.881962982437886442e-03
1.091537546148209117e+02 -4.838614403600211174e-03 -8.706216203477995866e-03
1.091694728285133777e+02 -4.837414054528328851e-03 -8.617602589334269134e-03
1.091851860063422919e+02 -4.835308683655378803e-03 -8.528745094370049004e-03
1.092008787753581487e+02 -4.834071781703799461e-03 -8.441725969750495800e-03
1.092322567524709171e+02 -4.831432428413200836e-03 -8.278048365912574202e-03
1.092479527170832938e+02 -4.833314960845750199e-03 -8.194139961430941393e-03
1.092636528238264759e+02 -4.835786671076184109e-03 -8.111629155768471447e-03
1.092950655957659052e+02 -4.839808593330157706e-03 -7.951628585393524101e-03
1.093107972887260075e+02 -4.845028803131160890e-03 -7.879592844857532391e-03
1.093265401938350720e+02 -4.843570083958981427e-03 -7.812892141138829891e-03
1.093423029537031539e+02 -4.846021167519374076e-03 -7.753854708320938489e-03
1.093738807610676105e+02 -4.853564502058003993e-03 -7.655184579594100786e-03
1.093896353851524594e+02 -4.855073091786431434e-03 -7.620506331014849193e-03
1.094053879791105999e+02 -4.856210120680457508e-03 -7.591906287139136081e-03
1.094211052436540683e+02 -4.862066793776367510e-03 -7.574116568289279011e-03
1.094525156285510263e+02 -4.864240901974771492e-03 -7.555105324800792492e-03
1.094682090024276278e+02 -4.866547434908118780e-03 -7.556970701754432002e-03
1.094838985085560665e+02 -4.867961416101613745e-03 -7.564997631801486516e-03
1.095152993040511831e+02 -4.875662959855779285e-03 -7.594061739113482264e-03
1.095310023563364439e+02 -4.880964811066843684e-03 -7.617880301013778624e-03
1.095467184060386359e+02 -4.883861912427251567e-03 -7.640996220773793937e-03
1.095624543944716436e+02 -4.887644537651210028e-03 -7.683612800163385458e-03
1.095939527765679031e+02 -4.889285402365399838e-03 -7.824923098313325484e-03
1.096097285424561960e+02 -4.892358932387799210e-03 -7.892241537082973074e-03
1.096255239571943889e+02 -4.893148062843587047e-03 -7.980506553478082868e-03
1.096412879552441808e+02 -4.892536136835086077e-03 -8.100034451462428953e-03
1.096727843154808966e+02 -4.893899839468419423e-03 -8.345040085151137627e-03
1.096885157424575965e+02 -4.892113252986857175e-03 -8.473806661762135067e-03
1.097042228630572254e+02 -4.890619652698349924e-03 -8.617449873720508385e-03
1.097356164493286883e+02 -4.890522558793858852e-03 -8.867798985040645926e-03
1.097513153554832144e+02 -4.890475919692687488e-03 -8.953933579544695945e-03
1.097670139273050580e+02 -4.891126104380466057e-03 -9.033843155622858084e-03
1.097827125479306574e+02 -4.892485310434469166e-03 -9.113926573798069447e-03
1.098141588574269036e+02 -4.890406329870903950e-03 -9.231668882353393640e-03
1.098298853421071755e+02 -4.888099562729988391e-03 -9.283994734656367265e-03
1.098456437055941990e+02 -4.885538175917966859e-03 -9.333554851229769814e-03
1.098614115811872693e+02 -4.882699384451441062e-03 -9.387626457615616885e-03
1.098929803858464709e+02 -4.874129078721351968e-03 -9.480183461588161456e-03
1.099087477248819908e+02 -4.870152938742854272e-03 -9.510235865121969417e-03
1.099244866709823043e+02 -4.865084282419540433e-03 -9.529849872055479870e-03
1.099402167656268290e+02 -4.862583243849431282e-03 -9.542435209260248172e-03
1.099716066901832932e+02 -4.854384540191631660e-03 -9.534000978622409611e-03
1.099872909278030306e+02 -4.850387963921560033e-03 -9.505544052365266089e-03
1.100029823418699380e+02 -4.846607254486720064e-03 -9.459646446131526193e-03
1.100343712546067678e+02 -4.840814778032072503e-03 -9.346787484189482409e-03
1.100500819018488414e+02 -4.840139306815244465e-03 -9.275206674354182987e-03
1.100658215582942745e+02 -4.836091733682661327e-03 -9.201981498094247841e-03
1.100815628443965153e+02 -4.833756166030225843e-03 -9.123456677432605078e-03
1.101131261166762556e+02 -4.827886205380739308e-03 -8.956555190770907476e-03
1.101289228963644860e+02 -4.827124820993505296e-03 -8.871404694622577608e-03
1.101446782315816648e+02 -4.824002440176546232e-03 -8.783023073411163478e-03
1.101604137002221222e+02 -4.822120055829562379e-03 -8.693025629234770249e-03
1.101918417762674807e+02 -4.816934282715402450e-03 -8.512541323644177635e-03
1.102075354150784108e+02 -4.814823218504590482e-03 -8.426945388687658370e-03
1.102232190576360296e+02 -4.814297887085528665e-03 -8.344874098204477925e-03
1.102546055800851974e+02 -4.813866474159193658e-03 -8.175009571938384248e-03
1.102703054328244292e+02 -4.814469886546017194e-03 -8.090493651976598394e-03
1.102860085716771721e+02 -4.816354717814590874e-03 -8.009158323808827570e-03
1.103017282074509637e+02 -4.820650855945114374e-03 -7.930597765469326113e-03
1.103332193780494492e+02 -4.827178252790897267e-03 -7.795066926111632495e-03
1.103489932580246773e+02 -4.832132054876346790e-03 -7.738148129279930759e-03
1.103647771202696219e+02 -4.831437304679666103e-03 -7.687349764728662778e-03
1.103805622322791464e+02 -4.835552211111406908e-03 -7.642927404947997758e-03
1.104120435515577867e+02 -4.841236378716229014e-03 -7.581734059402538140e-03
1.104277666575878101e+02 -4.841576093118620666e-03 -7.564408377391808672e-03
1.104434721406781392e+02 -4.845751554856309908e-03 -7.550822248087374865e-03
1.104748584006551511e+02 -4.850361655121812783e-03 -7.548874907268137910e-03
1.104905489462677082e+02 -4.852929715980092672e-03 -7.557002260997409612e-03
1.105062486376888131e+02 -4.855219174452473328e-03 -7.572461777748613725e-03
1.105219497138326403e+02 -4.857375151337022488e-03 -7.587972611745181541e-03
1.105533790086411585e+02 -4.864600855371768381e-03 -7.640875660389742988e-03
1.105691238153823548e+02 -4.868447695511706093e-03 -7.691944799922583939e-03
1.105848677370819360e+02 -4.871998415911985188e-03 -7.766682405843329876e-03
1.106006354587374574e+02 -4.874647079502202746e-03 -7.840588543655265669e-03
1.106322039220804498e+02 -4.874787552433970314e-03 -8.013171116067674057e-03
1.106479767972894876e+02 -4.875736405774282536e-03 -8.136011936771660527e-03
1.106637112707073811e+02 -4.874846961906391732e-03 -8.266543882350617378e-03
1.106951704018419491e+02 -4.874331715778473795e-03 -8.521201728127014360e-03
1.107108778295928460e+02 -4.875695042452676126e-03 -8.665662623329144568e-03
1.107265741537964061e+02 -4.876110727515174312e-03 -8.796291483801125383e-03
1.107422713178263507e+02 -4.875927969606405968e-03 -8.899331712377037476e-03
1.107736627009787043e+02 -4.875087883597320482e-03 -9.066544720340605906e-03
1.107893638799124858e+02 -4.874213679608918257e-03 -9.138069081542667116e-03
1.108050861849104223e+02 -4.873057454876972977e-03 -9.199404744059558325e-03
1.108208219600901572e+02 -4.872282278583688585e-03 -9.254402925365133592e-03
1.108523216298204659e+02 -4.867049063856659571e-03 -9.358546141020837941e-03
1.108680930887339713e+02 -4.863299522827232643e-03 -9.413823078777710032e-03
1.108838863393080487e+02 -4.859017193238930263e-03 -9.461524915465454114e-03
1.109154143245524580e+02 -4.849426132576383462e-03 -9.530391239028223466e-03
1.109311517168257808e+02 -4.846222422414115695e-03 -9.549161678770935746e-03
1.109468720402160216e+02 -4.842549865735868223e-03 -9.560928136956168416e-03
1.109625728575508390e+02 -4.838794176805478672e-03 -9.560539767939708194e-03
1.109939461416446278e+02 -4.833997808220858762e-03 -9.509748582807385844e-03
1.110096386424837931e+02 -4.829929245656441536e-03 -9.457747190877455190e-03
1.110253279033969278e+02 -4.826715898788679418e-03 -9.402172273026173158e-03
1.110410249369690376e+02 -4.823561368997457237e-03 -9.342752208115740961e-03
1.110724899326153690e+02 -4.816180399578172400e-03 -9.195838192627037166e-03
1.110882419447021050e+02 -4.815187595964843734e-03 -9.115114113975437277e-03
1.111040263882121053e+02 -4.809994826418818523e-03 -9.031132258721754832e-03
1.111355952174134529e+02 -4.805676562822164787e-03 -8.859887230849227205e-03
1.111513568455478520e+02 -4.804373017456118819e-03 -8.770487217595579130e-03
1.111670740343704153e+02 -4.799528379045667204e-03 -8.679402465076830470e-03
1.111827916729915842e+02 -4.798770963412520713e-03 -8.587688416794407587e-03
1.112141789574924786e+02 -4.793865121465522988e-03 -8.412173273421981456e-03
1.112298641034168014e+02 -4.794940483232058674e-03 -8.325642847133914518e-03
1.112455581813761682e+02 -4.796200009411864980e-03 -8.238751990635910863e-03
1.112612600845203872e+02 -4.797059987602577194e-03 -8.153886253642122009e-03
1.112926648212773841e+02 -4.799994742173758350e-03 -7.986820006552056150e-03
1.113083936234713889e+02 -4.803511678659481803e-03 -7.910517154906249876e-03
1.113241399247478114e+02 -4.803918116219840946e-03 -7.840432982568470641e-03
1.113556817265816932e+02 -4.809965633094756554e-03 -7.722491347381742893e-03
1.113714704393572248e+02 -4.813890596943608616e-03 -7.671513759449874979e-03
1.113872318133659292e+02 -4.815371311404570247e-03 -7.631071524182798417e-03
1.114029877175413503e+02 -4.818389020191870056e-03 -7.596163991835936692e-03
1.114344190240899763e+02 -4.824470356609416449e-03 -7.552574642228007153e-03
1.114501152504386567e+02 -4.827333549348666007e-03 -7.540632616948031094e-03
1.114658105220752873e+02 -4.827839915653629743e-03 -7.537010004314649569e-03
1.114814988726113540e+02 -4.830635793163990006e-03 -7.540219669839523173e-03
1.115128974007445350e+02 -4.839255208517262256e-03 -7.563288424703018022e-03
1.115286027029966220e+02 -4.842907537411848123e-03 -7.584004082404482636e-03
1.115443110694623527e+02 -4.845799049020198083e-03 -7.604779790358064465e-03
1.115600445583726810e+02 -4.850829628359583194e-03 -7.641884541430226871e-03
1.115915406660730724e+02 -4.852423209334391641e-03 -7.783169756919097217e-03
1.116073166313881444e+02 -4.854789900369184570e-03 -7.855244163988488529e-03
1.116231081276804531e+02 -4.856075765845575820e-03 -7.938144963691861830e-03
1.116546449210053993e+02 -4.855145735086552339e-03 -8.177046567796253038e-03
1.116703785962681508e+02 -4.858048798903902461e-03 -8.303381682298927730e-03
1.116861083788866011e+02 -4.856644391442762991e-03 -8.429663459136673559e-03
1.117018188407730150e+02 -4.856334496892170983e-03 -8.570946483937275095e-03
1.117332162553536250e+02 -4.854811709279087395e-03 -8.834658919660308418e-03
1.117489155681527677e+02 -4.856231503526391505e-03 -8.928184683730572627e-03
1.117646139448304581e+02 -4.858327744980643105e-03 -9.009626406089796952e-03
1.117803116503852863e+02 -4.858884090124130327e-03 -9.095764348076554665e-03
1.118117494601324182e+02 -4.858519315781249619e-03 -9.223800597290863351e-03
1.118274777370399846e+02 -4.853305458127603160e-03 -9.278324244195087014e-03
1.118432301251600762e+02 -4.850923866972120871e-03 -9.330236828805531582e-03
1.118747876661520877e+02 -4.844617630053517018e-03 -9.441533391531099426e-03
1.118905644399375774e+02 -4.839335180980199741e-03 -9.488215752436494552e-03
1.119063410464292048e+02 -4.834221037253808202e-03 -9.526383363816240402e-03
1.119220803631701244e+02 -4.832805086396432456e-03 -9.552154570358913077e-03
1.119535242881927530e+02 -4.822367050107697652e-03 -9.580031314574041432e-03
1.119692167300007526e+02 -4.819153383394805985e-03 -9.575574243168748917e-03
1.119848995434085452e+02 -4.815004261178545270e-03 -9.553920661781635168e-03
1.120005902241541378e+02 -4.811810882187531925e-03 -9.513021331933291594e-03
1.120319763725283195e+02 -4.807917336110085170e-03 -9.404730971609520304e-03
1.120476831005079816e+02 -4.805198930999371454e-03 -9.338237247365705276e-03
1.120634153870838645e+02 -4.802049084036074181e-03 -9.266368130841426756e-03
1.120949220022251041e+02 -4.793924589970110714e-03 -9.106687824328307465e-03
1.121107119453257752e+02 -4.792371133624422422e-03 -9.023170923924251838e-03
1.121265135198655969e+02 -4.790296800201590197e-03 -8.938404584875223394e-03
1.121422655714715120e+02 -4.786379425496036302e-03 -8.848416152875340432e-03
1.121737316342103128e+02 -4.780285616816799463e-03 -8.665497088687020705e-03
1.121894429401736915e+02 -4.777964729287382216e-03 -8.571927620227369482e-03
1.122051323661648041e+02 -4.774040007386573352e-03 -8.480861951061830981e-03
1.122208173192433236e+02 -4.774381757994144299e-03 -8.395219008640777969e-03
1.122522029287483747e+02 -4.772864866732019415e-03 -8.218859146847442426e-03
1.122679035582943925e+02 -4.773586591191357822e-03 -8.131513565221536177e-03
1.122836055322974858e+02 -4.776726209395103055e-03 -8.046421074676271892e-03
1.123150649934527365e+02 -4.782774248333001785e-03 -7.889857000799364167e-03
1.123308060966694626e+02 -4.785765665941857198e-03 -7.821427034191242439e-03
1.123465791461176480e+02 -4.789197322635671029e-03 -7.761316628856234322e-03
1.123623626516150580e+02 -4.791083571497050872e-03 -7.706346174969822688e-03
1.123939028308838459e+02 -4.797749412528876101e-03 -7.616595984908438970e-03
1.124096373100456248e+02 -4.800831379952071737e-03 -7.583432537959820113e-03
1.124253578554614705e+02 -4.801282893709534795e-03 -7.559232791664550685e-03
1.124410656452338202e+02 -4.806051243756033139e-03 -7.539490798151930219e-03
1.124724485749593867e+02 -4.810211229518345302e-03 -7.526812001336503737e-03
1.124881385784794503e+02 -4.812582547793242335e-03 -7.530027836109684861e-03
1.125038380814303736e+02 -4.814527811583950954e-03 -7.542388288892724543e-03
1.125352446808988134e+02 -4.820808034984055794e-03 -7.575756447957365976e-03
1.125509651317318998e+02 -4.826702341984896553e-03 -7.601464560175031845e-03
1.125667086725875947e+02 -4.828918005648656642e-03 -7.645089645679370091e-03
1.125824487867303816e+02 -4.832621058596301908e-03 -7.716033282202116456e-03
1.126139946523286142e+02 -4.835578187843161263e-03 -7.872312341596177793e-03
1.126297879009728007e+02 -4.837970070771878406e-03 -7.964251418414060660e-03
1.126455553092684454e+02 -4.838375496507055749e-03 -8.084027758831579744e-03
1.126612980770216836e+02 -4.839412425177899366e-03 -8.215455065060529860e-03
1.126927606148298793e+02 -4.838401167747695929e-03 -8.477815623501534781e-03
1.127084698595447350e+02 -4.838732392164080826e-03 -8.620651154859411761e-03
1.127241660869982667e+02 -4.838032974601173992e-03 -8.758867840882457456e-03
1.127555576661977170e+02 -4.838197532360609399e-03 -8.955278846602136161e-03
1.127712544503616385e+02 -4.837625417772562983e-03 -9.046164250764340484e-03
1.127869547705812039e+02 -4.837087376475783171e-03 -9.124694736970912282e-03
1.128026732259772587e+02 -4.837353676357731939e-03 -9.190799554242064934e-03
1.128341424383661860e+02 -4.835049696005749680e-03 -9.303935613934563933e-03
1.128499025475338726e+02 -4.833933029808746076e-03 -9.358837611236417442e-03
1.128656710874179367e+02 -4.827348983303728774e-03 -9.417629078235354237e-03
1.128814664512461690e+02 -4.824096725811010192e-03 -9.470433234241284678e-03
1.129129980306808108e+02 -4.815457408114601559e-03 -9.551697067059900653e-03
1.129287392396994960e+02 -4.809670582146466714e-03 -9.576174989291422884e-03
1.129444689075166366e+02 -4.806972281285470244e-03 -9.594259721828984552e-03
1.129601745725492066e+02 -4.804618205468270085e-03 -9.600115075340896059e-03
1.129915465949869571e+02 -4.796882785301337555e-03 -9.562724662724238212e-03
1.130072357307098514e+02 -4.793295549186589802e-03 -9.515588115264119601e-03
1.130229257638580407e+02 -4.789586168537894768e-03 -9.459928457059752285e-03
1.130543358677230685e+02 -4.782073074389744764e-03 -9.334848937137475017e-03
1.130700777576243752e+02 -4.779337917683064776e-03 -9.261842348403605610e-03
1.130858251820399971e+02 -4.778018627502014087e-03 -9.182795139098200513e-03
1.131016029191872008e+02 -4.774160482936908728e-03 -9.099318110668511150e-03
1.131331807232816402e+02 -4.767655852138747569e-03 -8.928030607630376564e-03
1.131489433925078743e+02 -4.765236367768470142e-03 -8.837435492892231625e-03
1.131646610869660208e+02 -4.760583307631625558e-03 -8.744857165731726931e-03
1.131803821629053175e+02 -4.758510154109668253e-03 -8.650338187505306892e-03
1.132117723574788357e+02 -4.754933213723278908e-03 -8.465588323167622456e-03
1.132274562094432468e+02 -4.755312536809214521e-03 -8.375886159808915155e-03
1.132431508312823070e+02 -4.754238950830733633e-03 -8.285717836309363510e-03
1.132745472268971128e+02 -4.755329893349653780e-03 -8.108423927724935087e-03
1.132902516313085926e+02 -4.756839419133578224e-03 -8.022864493535258879e-03
1.133059772300981791e+02 -4.758968566271710651e-03 -7.943165222276806631e-03
1.133217255506291110e+02 -4.761962345694110282e-03 -7.869426515974558764e-03
1.133532587434191470e+02 -4.767654372405827172e-03 -7.744645179890137163e-03
1.133690449375142038e+02 -4.771230740406368596e-03 -7.689523620757311197e-03
1.133848135929020486e+02 -4.773617830596598409e-03 -7.643284994036968379e-03
1.134005720396909282e+02 -4.778025384823827298e-03 -7.601634795371801749e-03
1.134320046523239114e+02 -4.782924082786657767e-03 -7.544872945332370753e-03
1.134477025091141087e+02 -4.785342676179899120e-03 -7.526200000791658656e-03
1.134633981465316310e+02 -4.787111671324256745e-03 -7.517667115498409894e-03
1.134947802720133581e+02 -4.794643817191727823e-03 -7.520035451612929779e-03
1.135104835413792301e+02 -4.797391236354962320e-03 -7.532030139995610045e-03
1.135261839610862324e+02 -4.800375013657485687e-03 -7.546932166928627291e-03
1.135418901976596544e+02 -4.804358421757974791e-03 -7.567454872710729571e-03
1.135733644893309844e+02 -4.809575362162978387e-03 -7.651089967842806573e-03
1.135891157252661117e+02 -4.813388446049067515e-03 -7.731445322316345473e-03
1.136048912835785387e+02 -4.813339730454244646e-03 -7.811154671244601409e-03
1.136206770199922147e+02 -4.816437660510414394e-03 -7.890629950986268598e-03
1.136522239632856213e+02 -4.817957935526992128e-03 -8.120159415759798174e-03
1.136679565143879671e+02 -4.816422103268395462e-03 -8.255561946316393104e-03
1.136836885779420072e+02 -4.818105016259317287e-03 -8.388168669895345458e-03
1.137151084797134928e+02 -4.816236901376008336e-03 -8.672605263971143452e-03
1.137308025435807650e+02 -4.817599791186472774e-03 -8.803456335924286086e-03
1.137465012062441900e+02 -4.819740684625468605e-03 -8.903888379715448748e-03
1.137622005445745117e+02 -4.820989976160563323e-03 -8.988078366642849801e-03
1.137936014434753815e+02 -4.819337661132876670e-03 -9.155217507137365304e-03
1.138093277209833616e+02 -4.820005116884318666e-03 -9.219090367822391566e-03
1.138250583014942805e+02 -4.815438998740401155e-03 -9.278001018406948838e-03
1.138408041527683281e+02 -4.814199514304897190e-03 -9.332858805904269833e-03
1.138723519071887722e+02 -4.807082368065654192e-03 -9.451430712645455048e-03
1.138881368002332550e+02 -4.801927285922939943e-03 -9.501898999139491570e-03
1.139039186099242187e+02 -4.797540912522483235e-03 -9.547625194077785649e-03
1.139353963739193318e+02 -4.789866093315791121e-03 -9.604313492056195875e-03
1.139511148065548127e+02 -4.785702402910827283e-03 -9.620297866863610284e-03
1.139668155753967369e+02 -4.780667280928336746e-03 -9.622526514387216151e-03
1.139824982693009048e+02 -4.777144778794902361e-03 -9.607689486511463914e-03
1.140138784527576519e+02 -4.773033075171246274e-03 -9.519057577468809789e-03
1.140295708601159532e+02 -4.770284727666895992e-03 -9.467320313503453655e-03
1.140452713260870041e+02 -4.765595416539879919e-03 -9.406383904531913712e-03
1.140609937265531357e+02 -4.764306092839825507e-03 -9.334015290447491772e-03
1.140924941173996103e+02 -4.752963822090620211e-03 -9.178237834042590748e-03
1.141082842324690603e+02 -4.751874176654360092e-03 -9.094410445231775747e-03
1.141240853009453815e+02 -4.748274175083487883e-03 -9.009587793171881798e-03
1.141555964255883566e+02 -4.740041715287602979e-03 -8.827529753404823529e-03
1.141713124740986274e+02 -4.739758229745309748e-03 -8.732415323682301764e-03
1.141870257936028850e+02 -4.735091559182831415e-03 -8.636352719896914568e-03
1.142027153459479791e+02 -4.732143472612413901e-03 -8.540410692073691773e-03
1.142340892292462797e+02 -4.729592397110244338e-03 -8.357962409682338431e-03
1.142497867327709145e+02 -4.729713499734520231e-03 -8.265969033679109595e-03
1.142654871386181128e+02 -4.731414041157302151e-03 -8.176092570429779188e-03
1.142811881745014375e+02 -4.734498572679025907e-03 -8.086700352354408289e-03
1.143126391112693483e+02 -4.740407793745408244e-03 -7.922917342992252462e-03
1.143283812895917322e+02 -4.740406244513327948e-03 -7.850421139109414748e-03
1.143441492391590373e+02 -4.742838605552262068e-03 -7.786746883287685821e-03
1.143757259637791606e+02 -4.751110013519236307e-03 -7.674166013205922961e-03
1.143914742304095569e+02 -4.752870551673476184e-03 -7.628720222954536202e-03
1.144072183118960453e+02 -4.754552414853687424e-03 -7.587198264094624500e-03
1.144229347007152739e+02 -4.759107946262402036e-03 -7.555989827970956488e-03
1.144543379234654452e+02 -4.761918233737357127e-03 -7.513363231272272499e-03
1.144700272753684089e+02 -4.766003488433354952e-03 -7.505161276978187558e-03
1.144857160050472658e+02 -4.767794623411725566e-03 -7.503693693266228794e-03
1.145014150554306411e+02 -4.770051033068481959e-03 -7.511390884254154875e-03
1.145328212591430344e+02 -4.779340760190343811e-03 -7.539049066910434582e-03
1.145485380158889512e+02 -4.784514931978378280e-03 -7.560836233785032598e-03
1.145642811496345956e+02 -4.786555851077957738e-03 -7.597649262307761171e-03
1.145800172039878788e+02 -4.789303384510955157e-03 -7.659474180015797724e-03
1.146115624356070555e+02 -4.793925841191058745e-03 -7.824462723920046214e-03
1.146273570988212356e+02 -4.796429455928570562e-03 -7.913190811761573393e-03
1.146431204733925142e+02 -4.796373322840634043e-03 -8.026303511938826657e-03
1.146746086776811779e+02 -4.796118944898746309e-03 -8.297948356119277599e-03
1.146903368383281787e+02 -4.797410826408253677e-03 -8.432521379037010226e-03
1.147060450153003757e+02 -4.795533472739322775e-03 -8.578283867467451085e-03
1.147217420607653224e+02 -4.796738804508331525e-03 -8.723730683361704749e-03
1.147531354530144370e+02 -4.796370724075257538e-03 -8.936397365778737598e-03
1.147688335336653864e+02 -4.796276825775261030e-03 -9.029248679224227345e-03
1.147845332010261501e+02 -4.796920738587822503e-03 -9.115361974096883660e-03
1.148002476252810169e+02 -4.798682778048162650e-03 -9.187001240267122365e-03
1.148317095777661478e+02 -4.794698763607306742e-03 -9.308870537897593125e-03
1.148474695649179296e+02 -4.793354277005886649e-03 -9.366784821259781929e-03
1.148632372236531864e+02 -4.788117316754255358e-03 -9.429361703946936152e-03
1.148948098642305524e+02 -4.780991530927715914e-03 -9.539359515444172447e-03
1.149105698079078337e+02 -4.777073571606487573e-03 -9.582224451239840929e-03
1.149263119606734449e+02 -4.769841755245792479e-03 -9.612445830679994252e-03
1.149420470257430935e+02 -4.768256373433660961e-03 -9.637174608574992571e-03
1.149734521390123092e+02 -4.759728867494030999e-03 -9.647415350009558993e-03
1.149891340132862325e+02 -4.756228407291838642e-03 -9.624873530877818203e-03
1.150048225501432171e+02 -4.752091929300661551e-03 -9.583189336538179906e-03
1.150205124505126548e+02 -4.748141036554803449e-03 -9.527487020284377758e-03
1.150519142570329620e+02 -4.741902525355238575e-03 -9.408373046710261783e-03
1.150676497277567591e+02 -4.737847207120609618e-03 -9.336269256995488597e-03
1.150833927978451925e+02 -4.735045729827629980e-03 -9.258736852967559480e-03
1.151149566242999356e+02 -4.726654292983228228e-03 -9.091936724477268222e-03
1.151307505711107240e+02 -4.725092805435707893e-03 -9.003749119940122198e-03
1.151465084326503074e+02 -4.721368249969977969e-03 -8.912097365159609916e-03
1.151622341020721763e+02 -4.718247503073401579e-03 -8.818324884140114200e-03
1.151936593406227161e+02 -4.711466254256338297e-03 -8.622979497206535726e-03
1.152093489362981416e+02 -4.710732611855046256e-03 -8.527910099252097517e-03
1.152250341847378934e+02 -4.708776421279477903e-03 -8.434890419425944072e-03
1.152407231343145497e+02 -4.707920693994198900e-03 -8.339599589364721580e-03
1.152721201424782436e+02 -4.707877711743809791e-03 -8.155423361760021431e-03
1.152878240223726465e+02 -4.708959411087249719e-03 -8.065250615734327611e-03
1.153035466101640765e+02 -4.711506859875553427e-03 -7.981036266119238137e-03
1.153350443992684120e+02 -4.719915390646063982e-03 -7.833547426078838610e-03
1.153508206946882808e+02 -4.723220350440064316e-03 -7.770873820263216915e-03
1.153666043433983077e+02 -4.723698999063628834e-03 -7.712708770552436505e-03
1.153823820404860214e+02 -4.727214217619936376e-03 -7.660849689307323851e-03
1.154138551684350062e+02 -4.732534084502231647e-03 -7.573509742601127262e-03
1.154295750999586545e+02 -4.735551352488999964e-03 -7.540951265014544762e-03
1.154452753758958039e+02 -4.738426693171160671e-03 -7.515315122139724392e-03
1.154609695598913675e+02 -4.742731686030538830e-03 -7.500292109429357486e-03
1.154923508808818156e+02 -4.747220316679711012e-03 -7.492617106885498743e-03
1.155080494978372201e+02 -4.750300001082752646e-03 -7.502108254654592939e-03
1.155237503225579019e+02 -4.752981417776624799e-03 -7.510625668788137657e-03
1.155551831235952847e+02 -4.760120861788761509e-03 -7.556889971961066113e-03
1.155709296275078373e+02 -4.764088131263556972e-03 -7.598997937576243769e-03
1.155866760294882027e+02 -4.768288816002087815e-03 -7.672949955150679124e-03
1.156024480806287187e+02 -4.769046967471777913e-03 -7.761237524867386356e-03
1.156340153104585937e+02 -4.771829594123980917e-03 -7.939362384593078026e-03
1.156497872980987438e+02 -4.774205447101783663e-03 -8.060509878958520974e-03
1.156655175473769788e+02 -4.771739330360179852e-03 -8.201415133418024986e-03
1.156812536419404722e+02 -4.773499024037129550e-03 -8.340717447658017522e-03
1.157126783091308084e+02 -4.773312455365545659e-03 -8.634015120408998836e-03
1.157283728868230526e+02 -4.775479869542604595e-03 -8.773468469248899698e-03
1.157440729368499746e+02 -4.776436801179079900e-03 -8.883750490419518517e-03
1.157754660096585155e+02 -4.775962477460878042e-03 -9.071297025040241449e-03
1.157911679632098583e+02 -4.775426796422051721e-03 -9.150747114389267897e-03
1.158068915554525375e+02 -4.774527717255846494e-03 -9.221963139913949906e-03
1.158226250882125328e+02 -4.772887013340554319e-03 -9.285955917491973272e-03
1.158541304799224747e+02 -4.766612954142226966e-03 -9.406892825418063792e-03
1.158699030810439012e+02 -4.764683658620392191e-03 -9.471622703088496131e-03
1.158856930175031721e+02 -4.760115697789293020e-03 -9.527722688497317072e-03
1.159014785339158777e+02 -4.757221288938947266e-03 -9.580317126214698067e-03
1.159329597843032644e+02 -4.747085865303317560e-03 -9.650561667574993757e-03
1.159486858794060566e+02 -4.743063948094592905e-03 -9.674243340457917839e-03
1.159643970243657236e+02 -4.737588628881355887e-03 -9.682715491146980449e-03
1.159800828625638189e+02 -4.735471283354864523e-03 -9.675056458182097752e-03
1.160114599967715492e+02 -4.730014354495520879e-03 -9.596796357102505004e-03
1.160271484782808784e+02 -4.725852248257538663e-03 -9.542627019407414618e-03
1.160428417786126829e+02 -4.722235082692541157e-03 -9.487843219679320886e-03
1.160742966595395984e+02 -4.712607441993434641e-03 -9.341504178144700854e-03
1.160900497438936441e+02 -4.709415133707877017e-03 -9.261495945636168126e-03
1.161058381149363612e+02 -4.704906836259672639e-03 -9.178069079064156768e-03
1.161216340945188250e+02 -4.702641854534651833e-03 -9.091961174440731791e-03
1.161531603998222977e+02 -4.694906568860378500e-03 -8.907178471523398422e-03
1.161688766820059442e+02 -4.691602878152246678e-03 -8.811579885661275161e-03
1.161845902919636018e+02 -4.688839789172040418e-03 -8.712149601949516903e-03
1.162002824403823666e+02 -4.686559466907683387e-03 -8.612349129389030786e-03
1.162316568119012601e+02 -4.681653828503030967e-03 -8.419855792852079523e-03
1.162473525676292496e+02 -4.683057400242655877e-03 -8.321903032127942954e-03
1.162630522249397131e+02 -4.684462320203802189e-03 -8.229292200899801166e-03
1.162944638750349213e+02 -4.686759207136703166e-03 -8.045882552845804586e-03
1.163101954929356054e+02 -4.691375703201510275e-03 -7.963448838712122030e-03
1.163259407882610930e+02 -4.690095692020126127e-03 -7.886500944803635782e-03
1.163417031156592429e+02 -4.692705206191457278e-03 -7.819239620593448556e-03
1.163732787578995556e+02 -4.700401012892814305e-03 -7.698622411312297173e-03
1.163890321162468240e+02 -4.702059142292689536e-03 -7.648352754828170209e-03
1.164047824228443204e+02 -4.703898467363984079e-03 -7.599872564854366110e-03
1.164204964714105728e+02 -4.709567184997897650e-03 -7.560598738899051291e-03
1.164518993910419340e+02 -4.713433084648741521e-03 -7.502832512486060611e-03
1.164675909076528768e+02 -4.715705644416261395e-03 -7.487756792852400846e-03
1.164832787571359916e+02 -4.717793425141419104e-03 -7.481873259017403008e-03
1.165146780924522005e+02 -4.726081281868560642e-03 -7.490322856033364632e-03
1.165303817232272934e+02 -4.731347659313493020e-03 -7.506232398201985109e-03
1.165460966623545005e+02 -4.734354624823782637e-03 -7.525598258231339620e-03
1.165618328207604009e+02 -4.739321973975267090e-03 -7.556480058059483404e-03
1.165933342720880574e+02 -4.741463938236497623e-03 -7.691790453647765619e-03
1.166091127571752395e+02 -4.745397157248636144e-03 -7.778292531695952042e-03
1.166249089846301814e+02 -4.746754679203576792e-03 -7.861937374601666792e-03
1.166406709026930884e+02 -4.746963688257374581e-03 -7.970773517274038281e-03
1.166721638917341579e+02 -4.749957817833502273e-03 -8.245552543442988269e-03
1.166878946694801016e+02 -4.748258558188670625e-03 -8.391411066830653520e-03
1.167036018618015021e+02 -4.747518089768526864e-03 -8.540503008968287554e-03
1.167349980887076981e+02 -4.747807932769477698e-03 -8.822678151274397987e-03
1.167506979083691903e+02 -4.748378459883407544e-03 -8.924939710146618382e-03
1.167663967518108450e+02 -4.749852971282948755e-03 -9.019736158539345267e-03
1.167820953457633379e+02 -4.751533721432882676e-03 -9.113545172800687627e-03
1.168135381325147080e+02 -4.750540876625659360e-03 -9.262228971028794652e-03
1.168292640300766152e+02 -4.747788394329338461e-03 -9.325376991561674586e-03
1.168450200830800867e+02 -4.745391045836470749e-03 -9.387268369391270004e-03
1.168607878403526712e+02 -4.743196404382680857e-03 -9.453568473354337365e-03
1.168923546508312938e+02 -4.734436899670069199e-03 -9.575022469655991922e-03
1.169081261425403397e+02 -4.729775749450267769e-03 -9.627518782958071480e-03
1.169238683596884840e+02 -4.725288722661585318e-03 -9.665158895923807447e-03
1.169553240880557183e+02 -4.715908550146269244e-03 -9.716556909280847990e-03
1.169710244608609315e+02 -4.713053387257388517e-03 -9.720946316006083554e-03
1.169867089370470410e+02 -4.708616373417535278e-03 -9.706237869618095787e-03
1.170023948410684369e+02 -4.704646701068798328e-03 -9.670234088775013157e-03
1.170337742993108918e+02 -4.698525933110919532e-03 -9.566093596894417045e-03
1.170494764900619202e+02 -4.696515927275293073e-03 -9.501527360722846621e-03
1.170652062031737159e+02 -4.691175756302838618e-03 -9.428363152019766935e-03
1.170809412538294652e+02 -4.687400149810770980e-03 -9.352180505716066114e-03
1.171125002394903731e+02 -4.678764507388959160e-03 -9.184360768539352737e-03
1.171282990960503838e+02 -4.676748458072373972e-03 -9.095165563673930989e-03
1.171440523634774138e+02 -4.672239137316386466e-03 -9.002521454113466756e-03
1.171755099972862553e+02 -4.663125714244788049e-03 -8.807656050849609758e-03
1.171912170918771352e+02 -4.661823214365597157e-03 -8.706158375568009283e-03
1.172069083663158011e+02 -4.657677681990461324e-03 -8.606208808293097992e-03
1.172225896459426053e+02 -4.656765692879016524e-03 -8.509312651180905851e-03
1.172539752423995196e+02 -4.654422188638171129e-03 -8.309814441309043564e-03
1.172696756157438500e+02 -4.654320283403903628e-03 -8.214017662022506799e-03
1.172853792303609453e+02 -4.655815056469748796e-03 -8.120441908514177895e-03
1.173010984218045110e+02 -4.660220754954651386e-03 -8.030352036035541888e-03
1.173325898651721957e+02 -4.665689786360388905e-03 -7.873584285365515384e-03
1.173483653434853267e+02 -4.670609204430455248e-03 -7.807681728267470110e-03
1.173641485357242971e+02 -4.670124701315356806e-03 -7.746207152227268730e-03
1.173956844035223384e+02 -4.677415213902652406e-03 -7.635516784983108207e-03
1.174114083590453674e+02 -4.680903332763506133e-03 -7.589791204263605408e-03
1.174271278438870780e+02 -4.681123709844818917e-03 -7.549202305686524353e-03
1.174428302771745081e+02 -4.686030760852146794e-03 -7.514647223254840996e-03
1.174742102982336434e+02 -4.691028666461222012e-03 -7.477813665947613715e-03
1.174898996940918323e+02 -4.693750791639706051e-03 -7.472960598202243662e-03
1.175055987223846188e+02 -4.696165355692833235e-03 -7.478755214396503280e-03
1.175213002311239450e+02 -4.698727884587042269e-03 -7.482620006849762667e-03
1.175527289274815104e+02 -4.706783206150566209e-03 -7.525027955952327818e-03
1.175684749559619178e+02 -4.710744391258394823e-03 -7.560025629930325515e-03
1.175842201040576498e+02 -4.714819129696319090e-03 -7.620994083669490465e-03
1.176157713559150295e+02 -4.718242506285058244e-03 -7.797181457642398186e-03
1.176315608622809918e+02 -4.720217694980793043e-03 -7.890453912002612716e-03
1.176473294041258555e+02 -4.721642347050077765e-03 -8.009692064721372906e-03
1.176630629458008741e+02 -4.722210067356027129e-03 -8.145884492264714172e-03
1.176945216904831710e+02 -4.722220270703194299e-03 -8.449498190883494506e-03
1.177102290177610939e+02 -4.724199572093271300e-03 -8.601936908175679755e-03
1.177259273986420851e+02 -4.724238269683141665e-03 -8.751994579888041151e-03
1.177416239335967845e+02 -4.724633169237610689e-03 -8.873407710568596840e-03
1.177730171279007152e+02 -4.724438356702382984e-03 -9.074492782889218706e-03
1.177887184555031865e+02 -4.723987771446090840e-03 -9.159282823129374917e-03
1.178044393994313737e+02 -4.723345077140976220e-03 -9.238209506933388326e-03
1.178201740721011959e+02 -4.722902255741964241e-03 -9.308317627669050395e-03
1.178516703838857183e+02 -4.719377638881701309e-03 -9.437932241044175510e-03
1.178674404700000338e+02 -4.714950461333482570e-03 -9.508426406912117226e-03
1.178832330239452375e+02 -4.711179554974860573e-03 -9.571136130683563850e-03
1.179147646542039922e+02 -4.701273721638278384e-03 -9.679742746025869413e-03
1.179305063503680060e+02 -4.697118021542729532e-03 -9.716438794678821864e-03
1.179462358699848608e+02 -4.692848527509532047e-03 -9.748158302929956984e-03
1.179619516771692389e+02 -4.689668495511648341e-03 -9.764518466839837429e-03
1.179933361622176591e+02 -4.683460235368184545e-03 -9.742288457447382047e-03
1.180090200893779695e+02 -4.679712098869588666e-03 -9.698708896071824709e-03
1.180247040649715160e+02 -4.676024646307249018e-03 -9.643027118407261622e-03
1.180403949138477486e+02 -4.671768764276632187e-03 -9.591585640445144528e-03
1.180718409921454679e+02 -4.663238012020910414e-03 -9.446579098986680051e-03
1.180875860445464980e+02 -4.660940944064842495e-03 -9.367575345877853649e-03
1.181033666175609227e+02 -4.654021405524841511e-03 -9.283244189503287586e-03
1.181349385933317961e+02 -4.646631853865702995e-03 -9.102791480813143474e-03
1.181507002318576838e+02 -4.644097924797789372e-03 -9.007123212915321350e-03
1.181664155418043123e+02 -4.638360478179261170e-03 -8.909448360076123799e-03
1.181821329927079347e+02 -4.636319387958211420e-03 -8.807638961532436583e-03
1.182135186540771485e+02 -4.629393047764047801e-03 -8.604277346995139672e-03
1.182292018687018071e+02 -4.629481983673359308e-03 -8.501821922134718962e-03
1.182448955346729349e+02 -4.629548636655804288e-03 -8.397200613314245374e-03
1.182605967449901385e+02 -4.629161916064140903e-03 -8.298771759491277086e-03
1.182920015710479476e+02 -4.631304545647310471e-03 -8.106882229661303146e-03
1.183077302281141812e+02 -4.633720092718561154e-03 -8.019023838004298022e-03
1.183234787458037687e+02 -4.634751423750362379e-03 -7.936668224331793614e-03
1.183550210935197100e+02 -4.640258239626548174e-03 -7.799000887981436154e-03
1.183708070946093613e+02 -4.644570215740294328e-03 -7.736802682261068043e-03
1.183865677433777392e+02 -4.646294043808118189e-03 -7.681817088167341122e-03
1.184023213157190639e+02 -4.650150322112344206e-03 -7.627371349864914794e-03
1.184337468270611566e+02 -4.656073753554275559e-03 -7.538717586492915332e-03
1.184494397015811842e+02 -4.659180346531929633e-03 -7.506836098332797871e-03
1.184651325717692743e+02 -4.660047962517205322e-03 -7.483752679126991388e-03
1.184808191710545344e+02 -4.663801893567511188e-03 -7.470509705573818299e-03
1.185122159727906705e+02 -4.671944361394493248e-03 -7.473147591140866589e-03
1.185279206781586794e+02 -4.675130921513814472e-03 -7.482925053891867177e-03
1.185436278286548912e+02 -4.678865007541195900e-03 -7.500574991739093061e-03
1.185751038741094590e+02 -4.683810128079639833e-03 -7.568196520618616918e-03
1.185908612576951668e+02 -4.687095040242831266e-03 -7.642662837935645936e-03
1.186066406358266647e+02 -4.689735466335838432e-03 -7.737434383809813424e-03
1.186224323483243666e+02 -4.692167054495888397e-03 -7.822376106609015695e-03
1.186539659632024808e+02 -4.693089093753415736e-03 -8.052414841327789480e-03
1.186696977463666798e+02 -4.695346427865457022e-03 -8.200117353210417334e-03
1.186854264099431902e+02 -4.695473309792483688e-03 -8.357307455184950079e-03
1.187011368937713200e+02 -4.695943492723085588e-03 -8.512590200830243495e-03
1.187325367756123455e+02 -4.694969569413788915e-03 -8.814780375036690430e-03
1.187482367616572105e+02 -4.697090017944708339e-03 -8.927456873000116921e-03
1.187639357530749322e+02 -4.699479398163368925e-03 -9.025057629664190104e-03
1.187953431097575532e+02 -4.698688643321009654e-03 -9.212911636614308855e-03
1.188110697674494531e+02 -4.700537640554367652e-03 -9.290378505283908642e-03
1.188267975960931864e+02 -4.695574912642227518e-03 -9.359831565314580618e-03
1.188425469749658134e+02 -4.693801437194701498e-03 -9.426569513141103487e-03
1.188741001098357799e+02 -4.687732698889311017e-03 -9.568557429151320487e-03
1.188898782257423221e+02 -4.682657420700840276e-03 -9.630457481511763007e-03
1.189056574397497315e+02 -4.677382875462155788e-03 -9.691420893679454293e-03
1.189213996904292969e+02 -4.675916710540652804e-03 -9.738171343654285911e-03
1.189528559669133472e+02 -4.664801043587039897e-03 -9.805781717150361190e-03
1.189685636451044104e+02 -4.660684118298193297e-03 -9.817488274510217591e-03
1.189842571278062735e+02 -4.656299931262940055e-03 -9.812616585115962325e-03
1.190156303700747600e+02 -4.651134362422112631e-03 -9.731544970771870834e-03
1.190313155156913467e+02 -4.648672203797075096e-03 -9.678886764807978493e-03
1.190470127645494927e+02 -4.644600982657177447e-03 -9.620406365374646954e-03
1.190627298625490056e+02 -4.641478035659289854e-03 -9.547023711089182296e-03
1.190942230063130154e+02 -4.629767357079874260e-03 -9.388520692892778768e-03
1.191100137419055187e+02 -4.626757643083147069e-03 -9.301268237227221930e-03
1.191258152934656920e+02 -4.622552636124348767e-03 -9.209791011358610391e-03
1.191415669441915384e+02 -4.617360897331052386e-03 -9.115597305409572221e-03
1.191730323570233878e+02 -4.610542825925806505e-03 -8.916617079478609403e-03
1.191887443048681376e+02 -4.606199232688608890e-03 -8.811001278898569766e-03
1.192044316023545889e+02 -4.601516261075430311e-03 -8.706000385171943148e-03
1.192201154492808541e+02 -4.600508283885194546e-03 -8.605186258113914702e-03
1.192514987972300133e+02 -4.597611031639688844e-03 -8.392458974067068533e-03
1.192671994962272919e+02 -4.597813732110039332e-03 -8.290284753945385485e-03
1.192829022037363274e+02 -4.600552899695817786e-03 -8.192358578002267855e-03
1.193143615831198474e+02 -4.605847147519638585e-03 -8.010507653076504378e-03
1.193301039588072285e+02 -4.607840528972619379e-03 -7.929304994489561748e-03
1.193458769982488263e+02 -4.610991490208896960e-03 -7.858935087153582147e-03
1.193616611038522706e+02 -4.613730701841548335e-03 -7.793649825775932592e-03
1.193931964131832473e+02 -4.619936256454943053e-03 -7.674383725278611373e-03
1.194089304409068717e+02 -4.622712950886290022e-03 -7.623043991715887716e-03
1.194246470497485859e+02 -4.624514927595756858e-03 -7.575438130528491104e-03
1.194403529106981239e+02 -4.628837488665550094e-03 -7.532820524887010559e-03
1.194717289679414165e+02 -4.633600501429188841e-03 -7.478620790851023617e-03
1.194874175922873434e+02 -4.635959544914902523e-03 -7.467827099600649575e-03
1.195031162374253739e+02 -4.637855806994356511e-03 -7.468728123062410955e-03
1.195345225364478807e+02 -4.645205236538086334e-03 -7.486409658147091806e-03
1.195502418853116353e+02 -4.651413689126088734e-03 -7.505874711462101959e-03
1.195659866909167448e+02 -4.653793663552290190e-03 -7.537045425339570885e-03
1.195817271473494969e+02 -4.657840572344189300e-03 -7.584788042266055533e-03
1.196132792080693292e+02 -4.662265364599895053e-03 -7.766084064505548827e-03
1.196290721502212477e+02 -4.665522669120548103e-03 -7.857533036541249072e-03
1.196448354423191773e+02 -4.666496235326285380e-03 -7.969997817235608545e-03
1.196605779520570678e+02 -4.668202751776530553e-03 -8.107042153896600392e-03
1.196920380955498189e+02 -4.668549536896308798e-03 -8.425001704638866024e-03
1.197077476637293074e+02 -4.668550402142408393e-03 -8.588825989647108639e-03
1.197234436575010648e+02 -4.668802864442878932e-03 -8.746077137510695210e-03
1.197548376814357169e+02 -4.669407266614088864e-03 -8.987958274602364170e-03
1.197705357231007639e+02 -4.669306683568763897e-03 -9.094844806250586625e-03
1.197862366073770772e+02 -4.669439917762942954e-03 -9.190349584733064486e-03
1.198019541355287174e+02 -4.670608240207918364e-03 -9.275465043773191767e-03
1.198334194699305897e+02 -4.668525216182766759e-03 -9.421629229099339267e-03
1.198491788543046965e+02 -4.668190462317925275e-03 -9.492679754826038874e-03
1.198649461819977518e+02 -4.661693597860835231e-03 -9.566715379413157083e-03
1.198807398317957222e+02 -4.659235986069582176e-03 -9.636721752580238581e-03
1.199122739226540801e+02 -4.650616825620520513e-03 -9.760210196053248355e-03
1.199280183356673035e+02 -4.643811327744159362e-03 -9.806441025213632340e-03
1.199437519894784288e+02 -4.640715924333070272e-03 -9.845319161828351012e-03
1.199751670838830222e+02 -4.633550525187333895e-03 -9.879603896840239916e-03
1.199908594085527653e+02 -4.630046260205680428e-03 -9.866575516886907232e-03
1.200065463019181351e+02 -4.626075416962073701e-03 -9.829459132384539555e-03
1.200222267504072846e+02 -4.621927571046811033e-03 -9.773063428793945032e-03
1.200536095445301186e+02 -4.613358680648617892e-03 -9.656588864670011610e-03
1.200693384614300356e+02 -4.609255583228812937e-03 -9.580479029687029996e-03
1.200850798538887716e+02 -4.606395024026375615e-03 -9.501371905679473900e-03
1.201008520682605365e+02 -4.601957634765315233e-03 -9.417198628937998792e-03
1.201324325000270790e+02 -4.591500174719316367e-03 -9.232122073670759321e-03
1.201481931697333323e+02 -4.587112722098843354e-03 -9.133782341331520352e-03
1.201639113651588957e+02 -4.582356276868874284e-03 -9.033472463450568576e-03
1.201953307994562863e+02 -4.575200866454017662e-03 -8.819959069706173604e-03
1.202110190176778275e+02 -4.573504024770078287e-03 -8.715234562717662919e-03
1.202267017038606980e+02 -4.572123925744171410e-03 -8.609448260382361953e-03
1.202423933499765099e+02 -4.569824160589522691e-03 -8.499172604455665359e-03
1.202737890337221671e+02 -4.569674294206573298e-03 -8.287007618485704372e-03
1.202894947271372956e+02 -4.570760863215837452e-03 -8.189029090094172153e-03
1.203052204297383838e+02 -4.572339216771546810e-03 -8.097672912350336108e-03
1.203209705945632066e+02 -4.575437904579747819e-03 -8.008424925527234811e-03
1.203525046283677113e+02 -4.581332120674669502e-03 -7.859558440835568566e-03
1.203682886672576728e+02 -4.584118365273000956e-03 -7.793432849856184001e-03
1.203840581070965214e+02 -4.587022229954331246e-03 -7.733420709857910698e-03
1.204155243935100827e+02 -4.591817120366943616e-03 -7.623192078831913208e-03
1.204312405141487119e+02 -4.596355130651159915e-03 -7.573543298408900309e-03
1.204469358710856000e+02 -4.598915686287933895e-03 -7.533645955462852338e-03
1.204626281923521134e+02 -4.601735438358961136e-03 -7.502437500424401391e-03
1.204940078704976116e+02 -4.609008541746833533e-03 -7.469695519476309345e-03
1.205097081074508338e+02 -4.611445558085506234e-03 -7.474616645225643646e-03
1.205254081157404471e+02 -4.614714030455520713e-03 -7.478350751457628690e-03
1.205411140939829266e+02 -4.618782231863551892e-03 -7.496006822542424300e-03
1.205725901720883257e+02 -4.625297328056825197e-03 -7.553847539409876827e-03
1.205883422931851072e+02 -4.629854900365271142e-03 -7.612770776564383585e-03
1.206041198122085802e+02 -4.630447747221567815e-03 -7.708113210280881193e-03
1.206356837311433310e+02 -4.634976203888848366e-03 -7.902168164880495754e-03
1.206514516914847803e+02 -4.637704247172531012e-03 -8.026192490071465749e-03
1.206671807639484086e+02 -4.636156142617853075e-03 -8.172070606023804085e-03
1.206829129792473481e+02 -4.638869637445285250e-03 -8.335336048833371855e-03
1.207143329317356262e+02 -4.638102365021440875e-03 -8.674262448058130820e-03
1.207300275866587356e+02 -4.640418318992643384e-03 -8.829758151868335667e-03
1.207457269581243651e+02 -4.642565603751998456e-03 -8.956961379055905850e-03
1.207614286060328084e+02 -4.643640989917763306e-03 -9.059609512227327979e-03
1.207928284181545706e+02 -4.642964251887187616e-03 -9.263139751897034313e-03
1.208085541864661394e+02 -4.643238487396923221e-03 -9.348178742015022732e-03
1.208242846220294950e+02 -4.640185120795615493e-03 -9.423268908988965964e-03
1.208400275539843136e+02 -4.639704106737300125e-03 -9.497397295989440727e-03
1.208715699288080430e+02 -4.632958996980482066e-03 -9.648029333255888837e-03
1.208873560638788689e+02 -4.628100438631876923e-03 -9.716673383794919780e-03
1.209031390569028588e+02 -4.624348176093038068e-03 -9.783051335328002418e-03
1.209346211030509437e+02 -4.615388392346563874e-03 -9.886045970633493274e-03
1.209503454258942554e+02 -4.611128964417947340e-03 -9.923626420261356593e-03
1.209660569890023680e+02 -4.605354891858807163e-03 -9.944598541886368048e-03
1.209817490474572423e+02 -4.602060399882658935e-03 -9.948856619490912406e-03
1.210131317397499942e+02 -4.597984246890978420e-03 -9.881520944309579724e-03
1.210288121479191261e+02 -4.594005727758409922e-03 -9.824780471943152932e-03
1.210444911467661910e+02 -4.589562935669286130e-03 -9.772674977333127913e-03
1.210601919215778821e+02 -4.586925057995240064e-03 -9.700123180308963672e-03
1.210916750755152975e+02 -4.573592069788791521e-03 -9.540056816184193031e-03
1.211074659410023742e+02 -4.569299989930688394e-03 -9.452045270307199432e-03
1.211232627717630805e+02 -4.563823856692086900e-03 -9.357442598981718929e-03
1.211547782220944640e+02 -4.552788340139668488e-03 -9.158651979229310777e-03
1.211704917413681386e+02 -4.551188674576769726e-03 -9.054680654700237447e-03
1.211862032870536581e+02 -4.545431971890847266e-03 -8.945888378959815715e-03
1.212018914222404078e+02 -4.541824822572152615e-03 -8.834969711424112138e-03
1.212332600298714738e+02 -4.535651503514748044e-03 -8.619244889905444337e-03
1.212489556067026655e+02 -4.535507476112436188e-03 -8.505758214678398738e-03
1.212646558215399892e+02 -4.536543809882224304e-03 -8.395754093622862999e-03
1.212803589610041541e+02 -4.538462848641752409e-03 -8.290684557551252984e-03
1.213118093161738074e+02 -4.543801248659141978e-03 -8.104905732262902146e-03
1.213275550806171168e+02 -4.542757043667324662e-03 -8.015306732496953537e-03
1.213433227887632455e+02 -4.545067765147485159e-03 -7.938437716990123100e-03
1.213748987791031198e+02 -4.552929076948769235e-03 -7.802413495149797262e-03
1.213906450846834417e+02 -4.554848969145315445e-03 -7.739029731509253912e-03
1.214063882086750255e+02 -4.556416663350187912e-03 -7.680842022842088689e-03
1.214221005381017449e+02 -4.562363768648559567e-03 -7.627860499574127921e-03
1.214534982112972870e+02 -4.565360848392359047e-03 -7.537973915575930071e-03
1.214691856088954438e+02 -4.569406136524950882e-03 -7.504984092688536668e-03
1.214848721886561975e+02 -4.571540139330882574e-03 -7.484794834302521509e-03
1.215005699689765635e+02 -4.574027173131747261e-03 -7.478449024598842788e-03
1.215319745878028641e+02 -4.584102210523677973e-03 -7.493871544750803533e-03
1.215476910284121459e+02 -4.588688658076911162e-03 -7.507152469342025757e-03
1.215634319800236227e+02 -4.592107580570172452e-03 -7.534203566900005838e-03
1.215949402357496041e+02 -4.597214952620398871e-03 -7.643562832922151835e-03
1.216107216280138630e+02 -4.600788314758422204e-03 -7.745922627733234020e-03
1.216265182974613026e+02 -4.603787365039871404e-03 -7.844793199660389862e-03
1.216422769877548689e+02 -4.604340043823970663e-03 -7.953392092794596760e-03
1.216737618555900156e+02 -4.606435536283235571e-03 -8.245273499627427116e-03
1.216894900547309817e+02 -4.607193758346797563e-03 -8.421454087434802546e-03
1.217051956559108419e+02 -4.606217070673531387e-03 -8.599821518747984353e-03
1.217208938080731855e+02 -4.608144586130653343e-03 -8.769565057431974106e-03
1.217522889606094481e+02 -4.608558169099298378e-03 -9.038893737117782712e-03
1.217679887213136993e+02 -4.609245447346062632e-03 -9.148150252020148532e-03
1.217836889897244390e+02 -4.610794940424821874e-03 -9.257659323103767379e-03
1.218151356748850276e+02 -4.610020157438088871e-03 -9.432656751665166942e-03
1.218308612355483262e+02 -4.609387511909278368e-03 -9.509560327752034081e-03
1.218466192982258463e+02 -4.607831056204738512e-03 -9.586681432590256693e-03
1.218623857550224017e+02 -4.604181819057194189e-03 -9.665128063283944318e-03
1.218939549196763181e+02 -4.597127638256017813e-03 -9.809440011436569573e-03
1.219097190904530947e+02 -4.593342454999102889e-03 -9.873326874578865903e-03
1.219254632159442053e+02 -4.586800064957269850e-03 -9.928807059013149833e-03
1.219411995016171630e+02 -4.584415603021081524e-03 -9.975642760056696243e-03
1.219726236152849026e+02 -4.575464615328241925e-03 -1.002538311240587683e-02
1.219883121446534489e+02 -4.571752419780202026e-03 -1.002310862246237264e-02
1.220040013343293168e+02 -4.567915920925724217e-03 -9.992651815452422565e-03
1.220353624144110114e+02 -4.562481662858873868e-03 -9.886140900906557547e-03
1.220510428082272654e+02 -4.560593237473800111e-03 -9.825455200776378462e-03
1.220667474887970485e+02 -4.555101677512967372e-03 -9.748045996975525027e-03
1.220824798927632457e+02 -4.550717317397917974e-03 -9.667570918315193315e-03
1.221140395476447509e+02 -4.537289403305643995e-03 -9.489544932456135673e-03
1.221298325387260917e+02 -4.533124774503623049e-03 -9.392650321352662146e-03
1.221455836924916127e+02 -4.526653427909530132e-03 -9.291513079238748751e-03
1.221613116075787673e+02 -4.521732526825323478e-03 -9.187136200156329272e-03
1.221927311008361556e+02 -4.511113498273009413e-03 -8.965763403082204624e-03
1.222084186033451090e+02 -4.507058193440442902e-03 -8.855468073710110952e-03
1.222240983143168052e+02 -4.503387879099612738e-03 -8.747214334855805962e-03
1.222554802602773094e+02 -4.499333702417097035e-03 -8.518073900937698714e-03
1.222711813964417757e+02 -4.498397145818566756e-03 -8.405035081531441257e-03
1.222868879204509369e+02 -4.498831012728749489e-03 -8.303459563111303260e-03
1.223026104939730914e+02 -4.501625852013793269e-03 -8.213118845366115806e-03
1.223341120018791202e+02 -4.508392058081480552e-03 -8.032307387712229324e-03
1.223498898184926418e+02 -4.512619089018859823e-03 -7.957918001756672521e-03
1.223656718625827580e+02 -4.512127128163633677e-03 -7.888254306238634203e-03
1.223814499967087670e+02 -4.516416235477581538e-03 -7.823012038716535901e-03
1.224129182118944925e+02 -4.522511223987373680e-03 -7.699964523943328074e-03
1.224286364345905440e+02 -4.524598670221812412e-03 -7.642313843816334051e-03
1.224443351332967751e+02 -4.528419775443515496e-03 -7.591107262501717128e-03
1.224600266937623019e+02 -4.532969655874187834e-03 -7.547049151565904911e-03
1.224914026462231647e+02 -4.537562799957955105e-03 -7.484123541620228345e-03
1.225070997853180899e+02 -4.540576726348290702e-03 -7.480726812140623024e-03
1.225228002061538319e+02 -4.543350154094952763e-03 -7.484002789201835842e-03
1.225542308470363793e+02 -4.550944088955575020e-03 -7.505996172169746364e-03
1.225699788106333443e+02 -4.555477098819194631e-03 -7.533501076901850946e-03
1.225857280402762939e+02 -4.560279637506680674e-03 -7.575989411824281261e-03
1.226015016858327726e+02 -4.562876621375003099e-03 -7.655297821915161942e-03
1.226330718964155153e+02 -4.566324549588119015e-03 -7.872914794967380073e-03
1.226488408505737482e+02 -4.568837621520104551e-03 -7.992484727038092276e-03
1.226645683532427711e+02 -4.568333642207558776e-03 -8.142620464301014022e-03
1.226803035048756243e+02 -4.569977268389267648e-03 -8.314901456538934671e-03
1.227117262700733562e+02 -4.572336481265783063e-03 -8.694058715786800659e-03
1.227274210570773931e+02 -4.574255729725858893e-03 -8.868525857213182748e-03
1.227431220377584680e+02 -4.575021300481621651e-03 -9.011043696645697557e-03
1.227745160241740194e+02 -4.575780858851733433e-03 -9.249202813869254747e-03
1.227902183462683325e+02 -4.575770399250679230e-03 -9.354625642305793715e-03
1.228059413379166074e+02 -4.575180246382668479e-03 -9.447444836629168008e-03
1.228216744653061454e+02 -4.574784607343938304e-03 -9.533434381491607754e-03
1.228531729114791631e+02 -4.569983292983068046e-03 -9.692483035054631074e-03
1.228689431317184955e+02 -4.567861428171992103e-03 -9.772678914008870246e-03
1.228847342769473556e+02 -4.563900134254081885e-03 -9.842950417025094628e-03
1.229005199521036502e+02 -4.561919791279038169e-03 -9.913784861051756075e-03
1.229320043753412079e+02 -4.551289183621816566e-03 -1.002719735730831299e-02
1.229477315874653982e+02 -4.546862144893991375e-03 -1.007109954794978800e-02
1.229634488633945608e+02 -4.542123491732140590e-03 -1.009765505900755457e-02
1.229948437190928701e+02 -4.537098332379120580e-03 -1.009619914664307630e-02
1.230105320638730007e+02 -4.533697215020861954e-03 -1.005456497278320316e-02
1.230262097615745915e+02 -4.530735568002045716e-03 -9.996844321985515897e-03
1.230418801213604922e+02 -4.527731104334190709e-03 -9.944908866429340299e-03
1.230732715920661633e+02 -4.520176557337479868e-03 -9.795423930645566837e-03
1.230890040236077567e+02 -4.516524967280190900e-03 -9.712376904477926579e-03
1.231047876939404802e+02 -4.510386539438049694e-03 -9.623128634740732087e-03
1.231205793114225031e+02 -4.505183667961891805e-03 -9.526280580753899649e-03
1.231521022905488536e+02 -4.491245606615556010e-03 -9.319905936554994871e-03
1.231678105515995725e+02 -4.483887711288692644e-03 -9.213307306949719555e-03
1.231835206533693849e+02 -4.478275286856336738e-03 -9.100881363915368227e-03
1.232148940066959284e+02 -4.465942134574173508e-03 -8.875688816608414203e-03
1.232305758221823737e+02 -4.463112171897317543e-03 -8.761619091237985921e-03
1.232462686853389613e+02 -4.462247898839107225e-03 -8.643357264772531107e-03
1.232619694875346426e+02 -4.461041284787694954e-03 -8.528271931973635880e-03
1.232933827991888904e+02 -4.460796996809590111e-03 -8.321488670741662014e-03
1.233091151636263021e+02 -4.463567941228001670e-03 -8.233070208860052835e-03
1.233248663104238858e+02 -4.462916470749134050e-03 -8.136781403606196256e-03
1.233406307003209434e+02 -4.465409244466830505e-03 -8.055353380084256942e-03
1.233722036422820594e+02 -4.472261977948147754e-03 -7.914214150717942611e-03
1.233879581576056950e+02 -4.473971530057748759e-03 -7.849707395934357387e-03
1.234037080650211493e+02 -4.476813966376923422e-03 -7.786533422726793670e-03
1.234351316417026396e+02 -4.483826532874380690e-03 -7.671046451120049244e-03
1.234508236087717421e+02 -4.486797885046182009e-03 -7.621240851387890355e-03
1.234665148827193235e+02 -4.488342718770839054e-03 -7.572905627355328712e-03
1.234822005659315494e+02 -4.491221952919224533e-03 -7.530588414667284403e-03
1.235135952825807806e+02 -4.499985215468696453e-03 -7.484726729203439524e-03
1.235292994174089785e+02 -4.504436877417221895e-03 -7.488066831944252023e-03
1.235450100596516876e+02 -4.507368409067218779e-03 -7.490910089943520443e-03
1.235607449375272893e+02 -4.513199692226026356e-03 -7.500954410440974392e-03
1.235922508595313332e+02 -4.515888900961689822e-03 -7.576292921256248467e-03
1.236080329896181667e+02 -4.520314947744509711e-03 -7.659904190513420509e-03
1.236238292070968470e+02 -4.522626982546709001e-03 -7.776654916923313350e-03
1.236553515030201282e+02 -4.524144656719098281e-03 -8.034018237351373340e-03
1.236710804512741220e+02 -4.528697056684694196e-03 -8.201803298262750133e-03
1.236868086160915681e+02 -4.528001485596692445e-03 -8.390375301960736193e-03
1.237025154452187650e+02 -4.528734202813159901e-03 -8.595585284256612377e-03
1.237339122937851954e+02 -4.529761285656904585e-03 -8.977109937324350558e-03
1.237496129450114069e+02 -4.531634242121819652e-03 -9.113265573671269076e-03
1.237653127271537983e+02 -4.534311637482130522e-03 -9.232095047046064151e-03
1.237810115649840270e+02 -4.536058805851792344e-03 -9.365641719071081395e-03
1.238124506342543043e+02 -4.537063782549439345e-03 -9.566449247079472640e-03
1.238281757314383924e+02 -4.533547178986041884e-03 -9.653478290375955978e-03
1.238439269653123773e+02 -4.531862594485687457e-03 -9.733484481605764529e-03
1.238754818637491724e+02 -4.527479652462737536e-03 -9.893027041096182431e-03
1.238912576309051587e+02 -4.522648951869649714e-03 -9.963802038658174653e-03
1.239070319917373411e+02 -4.518244026742484348e-03 -1.002980385797762851e-02
1.239227731117754843e+02 -4.515917544597263487e-03 -1.008776395956304840e-02
1.239542275884043363e+02 -4.505550380306579290e-03 -1.017755883526501662e-02
1.239699350240634601e+02 -4.502133505301431082e-03 -1.019856670407682381e-02
1.239856325319218087e+02 -4.497428917851813146e-03 -1.020215668266834588e-02
1.240013355233780743e+02 -4.493700324428626970e-03 -1.017885125807770942e-02
1.240326963889904306e+02 -4.489616704415658709e-03 -1.007224616549073914e-02
1.240483690548866775e+02 -4.487788781146554926e-03 -1.001425486033517137e-02
1.240640606654539653e+02 -4.484342482710103328e-03 -9.938120413542476245e-03
1.240954965055417318e+02 -4.476149826501649685e-03 -9.768004141343440694e-03
1.241112881196655451e+02 -4.471488368687227474e-03 -9.672222404583714905e-03
1.241270869357795448e+02 -4.467170150740770035e-03 -9.572605932451253019e-03
1.241428333634057566e+02 -4.460094815058533203e-03 -9.467889214824271385e-03
1.241742789240548035e+02 -4.445516139399027095e-03 -9.248585709209689379e-03
1.241899794744525423e+02 -4.438712989582741311e-03 -9.131657316272637909e-03
1.242056591415880717e+02 -4.430680522135616202e-03 -9.015785892961088871e-03
1.242213354159724190e+02 -4.426817264185626925e-03 -8.904708813203533052e-03
1.242527133719377446e+02 -4.418818155507936093e-03 -8.667814059946642516e-03
1.242684170175421201e+02 -4.415981111720427427e-03 -8.549499177916747641e-03
1.242841248353260255e+02 -4.416085139008898292e-03 -8.438979627957336402e-03
1.243155972550942323e+02 -4.420148656455747012e-03 -8.261428580004915104e-03
1.243313464789845710e+02 -4.422340512708652742e-03 -8.166834318069056756e-03
1.243471251073734862e+02 -4.425684693319525097e-03 -8.090293139557003244e-03
1.243629068238447957e+02 -4.426691455149619342e-03 -8.021156292497952714e-03
1.243944432341153430e+02 -4.433577126150613570e-03 -7.891298531444315353e-03
1.244101739025507385e+02 -4.436965484681986566e-03 -7.834133997330679916e-03
1.244258947251793472e+02 -4.437299322986838247e-03 -7.775873557426863335e-03
1.244416012799405422e+02 -4.441965572783992955e-03 -7.721505092330134025e-03
1.244729794093100566e+02 -4.446476934127288096e-03 -7.625673654123086773e-03
1.244886658226014333e+02 -4.449194801437497161e-03 -7.582092805000880537e-03
1.245043627211819910e+02 -4.451237218739727101e-03 -7.550157351371723433e-03
1.245200633861023078e+02 -4.453843683207992649e-03 -7.532153229527205167e-03
1.245514878889307084e+02 -4.462880674021898857e-03 -7.531472105715494511e-03
1.245672335614844144e+02 -4.466116726068566391e-03 -7.544432743494775516e-03
1.245829796351123946e+02 -4.470451306902134200e-03 -7.571402876185935951e-03
1.246145362944239849e+02 -4.475255314601826392e-03 -7.722279835733814914e-03
1.246303272006331611e+02 -4.478832412158325997e-03 -7.847932302064195009e-03
1.246460906770674768e+02 -4.480934452167943498e-03 -7.979985286188449878e-03
1.246618259307471703e+02 -4.483376309612372053e-03 -8.132563488285744074e-03
1.246932820791239180e+02 -4.485218339047734350e-03 -8.516483715482895192e-03
1.247089889443086292e+02 -4.487512158679984875e-03 -8.732145851900503450e-03
1.247246858891905674e+02 -4.487658650621613281e-03 -8.938773351019816196e-03
1.247403811656453456e+02 -4.489306947045350327e-03 -9.110608255042233067e-03
1.247717769526474143e+02 -4.490377116443454962e-03 -9.367862409926602449e-03
1.247874777115814311e+02 -4.490920252932190625e-03 -9.496736582522841141e-03
1.248031964473762088e+02 -4.491785363511746620e-03 -9.599316462624841312e-03
1.248346621629684563e+02 -4.491743429671864359e-03 -9.780429551499150373e-03
1.248504197776509699e+02 -4.490930311966481042e-03 -9.862076660602164119e-03
1.248661866900732207e+02 -4.485790183280254605e-03 -9.947402539208111474e-03
1.248819808423627080e+02 -4.483367391177973948e-03 -1.002210015640472331e-02
1.249135116633383689e+02 -4.475860609280299732e-03 -1.015853102850905985e-02
1.249292529908037608e+02 -4.470797546868651370e-03 -1.021926316558016690e-02
1.249449823640578501e+02 -4.467368265024171219e-03 -1.026801421317785623e-02
1.249606973085564761e+02 -4.465123405551489622e-03 -1.030203172632799917e-02
1.249920982992591973e+02 -4.457280742822624688e-03 -1.031401393925088748e-02
1.250078027065788149e+02 -4.452688609943145255e-03 -1.027866732058344869e-02
1.250234982583055086e+02 -4.448579178552200183e-03 -1.022286082148951732e-02
1.250548424072019031e+02 -4.440899779795639407e-03 -1.010369015898219744e-02
1.250705368788440381e+02 -4.438596830549220058e-03 -1.002060525317148738e-02
1.250862348979030116e+02 -4.437216999181119691e-03 -9.934145913596245658e-03
1.251019657588591230e+02 -4.435302620064400340e-03 -9.842632464746769311e-03
1.251335358193509819e+02 -4.427213119514092354e-03 -9.637791986477026521e-03
1.251492815301053270e+02 -4.423274831686956760e-03 -9.526905330863019716e-03
1.251649871762087116e+02 -4.415247335640050223e-03 -9.416208383206683963e-03
1.251806931039219393e+02 -4.408702945733641160e-03 -9.300236865359684871e-03
1.252120611192850674e+02 -4.396178224446627668e-03 -9.065313993126008704e-03
1.252277343041533726e+02 -4.392449121538907070e-03 -8.948760641459494944e-03
1.252434196529079458e+02 -4.388445299383687478e-03 -8.827793661319588078e-03
1.252748100632399684e+02 -4.382540608429157623e-03 -8.587596034226010339e-03
1.252905200474711904e+02 -4.382021038974948102e-03 -8.470588273732232443e-03
1.253062554565677118e+02 -4.381946492781112201e-03 -8.384467971991865082e-03
1.253220156207705287e+02 -4.383282823381393078e-03 -8.304428055461747157e-03
1.253535640356283807e+02 -4.387781984289740311e-03 -8.136710628823158598e-03
1.253693459915277941e+02 -4.391560489266056570e-03 -8.071893972355291894e-03
1.253851115484053906e+02 -4.394731008887270939e-03 -8.014355102666218325e-03
1.254008707571497609e+02 -4.399272889790639685e-03 -7.954309450063487899e-03
1.254323102324989776e+02 -4.404604891397976597e-03 -7.844353766861270755e-03
1.254480102737183813e+02 -4.406889750081624188e-03 -7.796570710024709229e-03
1.254637043496568509e+02 -4.408246797708621594e-03 -7.750399275094500828e-03
1.254950793477434416e+02 -4.416270245167205899e-03 -7.656646764152973128e-03
1.255107800743288919e+02 -4.419081891997404810e-03 -7.616285692679889557e-03
1.255264791214469255e+02 -4.421936240551044804e-03 -7.583991075714206602e-03
1.255421832366380670e+02 -4.425637576145423531e-03 -7.576567757579380502e-03
1.255736600803228953e+02 -4.430709104947292733e-03 -7.600118007274630876e-03
1.255894166144414470e+02 -4.434644454367650014e-03 -7.629197105420033702e-03
1.256051982709744266e+02 -4.436014085018724976e-03 -7.697326846246071476e-03
1.256209894419909290e+02 -4.439709189968703978e-03 -7.806181928923898450e-03
1.256525242706901935e+02 -4.443413086571751727e-03 -8.078011272053832112e-03
1.256682516337247790e+02 -4.443896864603960606e-03 -8.244691399147685562e-03
1.256839798466012894e+02 -4.446605092559926045e-03 -8.437551384052867365e-03
1.257153945722248807e+02 -4.447094560765240193e-03 -8.872941725535606061e-03
1.257310890641147125e+02 -4.449091243319305312e-03 -9.081454639978538135e-03
1.257467889414977265e+02 -4.452106281358910074e-03 -9.242565744402906833e-03
1.257624887233183983e+02 -4.454484444107862338e-03 -9.360835928095638178e-03
1.257938904596278462e+02 -4.454910202381178949e-03 -9.625017899314332673e-03
1.258096162840204215e+02 -4.456572182462839767e-03 -9.726056301912297530e-03
1.258253446216710216e+02 -4.453068121135234786e-03 -9.825954059054708631e-03
1.258410891142133323e+02 -4.452688657232639624e-03 -9.909858589085203048e-03
1.258726342870315733e+02 -4.447801414439420641e-03 -1.008381454397938061e-02
1.258884180448780228e+02 -4.443582753629065143e-03 -1.016046638394242640e-02
1.259041988062176216e+02 -4.439962963187437349e-03 -1.023406603835891500e-02
1.259356750645555394e+02 -4.433188274869327185e-03 -1.035513908565927760e-02
1.259513935477380073e+02 -4.429050044866378322e-03 -1.039936967737221073e-02
1.259671024073074221e+02 -4.424245098742602030e-03 -1.042709342218335264e-02
1.259827989522727734e+02 -4.420113896807487466e-03 -1.043635619378919903e-02
1.260142053044104387e+02 -4.415244649728054804e-03 -1.037325163750191584e-02
1.260299123806662465e+02 -4.411767453904877692e-03 -1.031574996713764333e-02
1.260455997404708626e+02 -4.406945013273603357e-03 -1.025916500424115148e-02
1.260612835669972185e+02 -4.404738856597718161e-03 -1.018323154639956887e-02
1.260926632076537430e+02 -4.396886911050237878e-03 -1.000626190674292967e-02
1.261084099203114732e+02 -4.396031250992273737e-03 -9.908808064017780512e-03
1.261241906780712299e+02 -4.393162758891791357e-03 -9.804539433798295164e-03
1.261556893601110829e+02 -4.386135004747725857e-03 -9.581878471697056684e-03
1.261713828172352123e+02 -4.382617085914171720e-03 -9.466728200029741677e-03
1.261870805023922344e+02 -4.375081796039122922e-03 -9.345451141810694543e-03
1.262027534548151380e+02 -4.368336710101558724e-03 -9.224371141234736018e-03
1.262341043079389209e+02 -4.358145117788116835e-03 -8.988292446049093651e-03
1.262497915742380457e+02 -4.354497627335464534e-03 -8.866223472768903352e-03
1.262654858168553886e+02 -4.353253178261069604e-03 -8.746400189127923053e-03
1.262811843519744741e+02 -4.353182685125417915e-03 -8.622378887027722094e-03
1.263126417985008487e+02 -4.354654404894186225e-03 -8.407200727140252614e-03
1.263283999396902715e+02 -4.353952019747898104e-03 -8.338563716658732583e-03
1.263441828055709664e+02 -4.355692401234657028e-03 -8.258100795292960816e-03
1.263757506318672910e+02 -4.363612859763338868e-03 -8.121736281785217615e-03
1.263914964839605943e+02 -4.366353737413669091e-03 -8.070338412819748689e-03
1.264072386455589196e+02 -4.368871383403173658e-03 -8.018715184866798129e-03
1.264229597215308587e+02 -4.374203558553202940e-03 -7.966143344931378781e-03
1.264543709310678281e+02 -4.377561571372488684e-03 -7.869533098166518054e-03
1.264700596312702743e+02 -4.381582462852045071e-03 -7.824640627800716688e-03
1.264857452982377168e+02 -4.383977425820164558e-03 -7.779378578349573949e-03
1.265014402875291637e+02 -4.386534861545199858e-03 -7.731207011451181506e-03
1.265328408506655933e+02 -4.395158616772344706e-03 -7.638316802695670378e-03
1.265485551604917589e+02 -4.400003431151790906e-03 -7.614297638321304573e-03
1.265642980763271339e+02 -4.402275722877322002e-03 -7.625437657516110669e-03
1.265800381880001879e+02 -4.404918721211795000e-03 -7.647271179694083154e-03
1.266115924084851940e+02 -4.410012135952280296e-03 -7.750260498031628226e-03
1.266273881411301971e+02 -4.413327753717978530e-03 -7.865721222576711399e-03
1.266431469671132390e+02 -4.413974872497338463e-03 -7.996827129317896424e-03
1.266746258062905355e+02 -4.415332486046605852e-03 -8.328090972063830269e-03
1.266903503378414086e+02 -4.417465349106748478e-03 -8.529936449138915411e-03
1.267060560234975668e+02 -4.416857381171348552e-03 -8.750680405442988474e-03
1.267217516644286235e+02 -4.418848133683098839e-03 -8.978258877474274910e-03
1.267531462894982752e+02 -4.419954485031398102e-03 -9.329615538332045044e-03
1.267688449018947807e+02 -4.420641346695027181e-03 -9.454391398642030334e-03
1.267845443521874387e+02 -4.422097255426563414e-03 -9.599625615142512100e-03
1.268002580442676646e+02 -4.424587295922197128e-03 -9.717489095279904787e-03
1.268317178890358150e+02 -4.422523040418694686e-03 -9.920867459624603882e-03
1.268474762243509844e+02 -4.421946821242937753e-03 -1.000544994409167943e-02
1.268632430766853361e+02 -4.417704934153257081e-03 -1.009419455575426804e-02
1.268948132450743742e+02 -4.412737421515489956e-03 -1.025093213644721023e-02
1.269105717848707968e+02 -4.409741386343548307e-03 -1.031583602565381425e-02
1.269263129043218470e+02 -4.403093669469291919e-03 -1.037643417555900519e-02
1.269420441979475527e+02 -4.401309310245273866e-03 -1.042635418929533341e-02
1.269734578658919020e+02 -4.393146503695708957e-03 -1.047980538508269145e-02
1.269891525589730747e+02 -4.389493961775813892e-03 -1.047850280803533894e-02
1.270048533708532261e+02 -4.384876502946190129e-03 -1.044766218631592962e-02
1.270205594284764743e+02 -4.380295466336283153e-03 -1.039233002787724215e-02
1.270519425692693005e+02 -4.374854023722854479e-03 -1.027257274027452462e-02
1.270676345701360646e+02 -4.368751342716479906e-03 -1.018926359762109025e-02
1.270833266023763173e+02 -4.368578899783164340e-03 -1.010014010449273789e-02
1.271148087300469314e+02 -4.363801342924472290e-03 -9.905370170469968150e-03
1.271306020097267577e+02 -4.364345894198137787e-03 -9.799006326748785009e-03
1.271463422424588430e+02 -4.358962595985272498e-03 -9.686439814550116406e-03
1.271620606069909769e+02 -4.353698398170629744e-03 -9.572844116547449267e-03
1.271934521681051109e+02 -4.342038677643137237e-03 -9.330287465187148827e-03
1.272091290783256596e+02 -4.337356845097678146e-03 -9.211892424970025486e-03
1.272248022470936775e+02 -4.331558026545936566e-03 -9.093629632312071401e-03
1.272404793770090379e+02 -4.327862052898865872e-03 -8.971115359161308325e-03
1.272718637372222332e+02 -4.322046570349987252e-03 -8.727474254387457969e-03
1.272875663842025205e+02 -4.320726163227779811e-03 -8.604481030510544373e-03
1.273032907558519327e+02 -4.321931995588625640e-03 -8.491286737320292294e-03
1.273348129988637965e+02 -4.328256879032877681e-03 -8.336742787257092266e-03
1.273505994177963316e+02 -4.330927836438992762e-03 -8.252804623803370807e-03
1.273663763892019176e+02 -4.331584880026446115e-03 -8.180864857559005943e-03
1.273821474914914660e+02 -4.336125199779715909e-03 -8.129419372881908218e-03
1.274136188389675084e+02 -4.343672101568720259e-03 -8.027865751058141375e-03
1.274293417027174939e+02 -4.347013798875579670e-03 -7.971788806494755145e-03
1.274450445929128648e+02 -4.350606400260441028e-03 -7.922412779137716354e-03
1.274607383506207583e+02 -4.355165754943520276e-03 -7.878920661561376187e-03
1.274921126290268205e+02 -4.360835492063800702e-03 -7.783449624371391838e-03
1.275078077246110979e+02 -4.364098212130753350e-03 -7.736934166983963114e-03
1.275235064165741079e+02 -4.367045193299045995e-03 -7.689483244676709010e-03
1.275549345707890723e+02 -4.374246755412580616e-03 -7.651138155764160287e-03
1.275706833322967526e+02 -4.378483138893785216e-03 -7.663059223137155297e-03
1.275864342589895131e+02 -4.383414592063849743e-03 -7.676939808467206187e-03
1.276022110079842378e+02 -4.385280512394875742e-03 -7.723446559433929867e-03
1.276337790607445584e+02 -4.390183500526537511e-03 -7.941008977783735323e-03
1.276495460720531696e+02 -4.393516114369762013e-03 -8.073903565044929578e-03
1.276652704820636757e+02 -4.392985954123249451e-03 -8.231853214292268739e-03
1.276810025949377518e+02 -4.395949506313808278e-03 -8.416518203139117943e-03
1.277124206184047779e+02 -4.398295286891899976e-03 -8.841945909022210295e-03
1.277281138480200866e+02 -4.401108077378102119e-03 -9.061386697490113676e-03
1.277438147005732532e+02 -4.402714236241519682e-03 -9.241416699684744732e-03
1.277752081223669052e+02 -4.404427667906554537e-03 -9.509402332615565431e-03
1.277909096317307984e+02 -4.405018455097500611e-03 -9.646306679471323281e-03
1.278066328216226140e+02 -4.405174183491324981e-03 -9.757149362208410517e-03
1.278223664204349319e+02 -4.404735634214069183e-03 -9.863689282443934697e-03
1.278538703186130050e+02 -4.400900861926838187e-03 -1.003998538027064437e-02
1.278696429561493346e+02 -4.400017786777144294e-03 -1.012928260973684769e-02
1.278854321683432431e+02 -4.396572816157963762e-03 -1.020613232288277231e-02
1.279012150670895949e+02 -4.394960323027862110e-03 -1.028078201583105741e-02
1.279326927732721231e+02 -4.386279455821737866e-03 -1.040276111070575354e-02
1.279484142617487521e+02 -4.382347487938384988e-03 -1.044919389510001913e-02
1.279641258655600922e+02 -4.377540987672133392e-03 -1.047876887002078400e-02
1.279955220920636663e+02 -4.373116729006903264e-03 -1.048028545084225133e-02
1.280112260326730222e+02 -4.369077695590403709e-03 -1.043849218888287696e-02
1.280269325120472956e+02 -4.364587065715738040e-03 -1.038069375417741136e-02
1.280426253584001870e+02 -4.361043875175097534e-03 -1.032731121919411126e-02
1.280740045777118894e+02 -4.352534410795239755e-03 -1.016930626403320104e-02
1.280896991888780292e+02 -4.351831897411361817e-03 -1.007906211583009005e-02
1.281054378656084793e+02 -4.349086389980169089e-03 -9.983490784960625392e-03
1.281212059216745729e+02 -4.347320675920211298e-03 -9.879154436703889430e-03
1.281527242493310439e+02 -4.341642283679274239e-03 -9.656282390338371407e-03
1.281684219966554679e+02 -4.336252807507818066e-03 -9.541944753603563353e-03
1.281841164896343344e+02 -4.331082583959681813e-03 -9.420448093233581982e-03
1.282154677296662157e+02 -4.318290056251948214e-03 -9.181944582097154375e-03
1.282311410022044242e+02 -4.314113943348988831e-03 -9.060787264194961749e-03
1.282468256230207544e+02 -4.312390485932487971e-03 -8.938326754456677598e-03
1.282625178444755250e+02 -4.310488432734813601e-03 -8.819187079794272785e-03
1.282939202734654884e+02 -4.307625750954199688e-03 -8.576014651693695395e-03
1.283096536154889975e+02 -4.309302780556392189e-03 -8.467636223661373016e-03
1.283254146438689247e+02 -4.308862997763761478e-03 -8.388643474475506942e-03
1.283411920277798401e+02 -4.310840830262226836e-03 -8.323735823312333748e-03
1.283727615218724907e+02 -4.318070017429996056e-03 -8.173951160422857770e-03
1.283885100740811254e+02 -4.320764452514667606e-03 -8.124703471583527917e-03
1.284042580962225486e+02 -4.324037094933612380e-03 -8.072537811640620453e-03
1.284356882963416524e+02 -4.332536875281926478e-03 -7.963904356946591157e-03
1.284513827090353288e+02 -4.335715950364746503e-03 -7.916428679537349661e-03
1.284670741873459292e+02 -4.337860263099083992e-03 -7.869790724922953035e-03
1.284827588239659519e+02 -4.341003812332696297e-03 -7.821857710977030489e-03
1.285141509138514095e+02 -4.350065471638533965e-03 -7.719572291616023929e-03
1.285298521127666049e+02 -4.354808609059808606e-03 -7.671030265534392774e-03
1.285455629376527327e+02 -4.357640791751379167e-03 -7.638386268073337447e-03
1.285612968712347026e+02 -4.363413422557306867e-03 -7.635237593132677969e-03
1.285928054893139461e+02 -4.365912377320849483e-03 -7.673766691367368137e-03
1.286085896410151861e+02 -4.370754029087590108e-03 -7.731321388002619817e-03
1.286243863057237888e+02 -4.373100775596936926e-03 -7.836732046291141826e-03
1.286401440796897191e+02 -4.374382278420361862e-03 -7.958530219709408771e-03
1.286716273291968378e+02 -4.379619730733250345e-03 -8.255761325483210178e-03
1.286873535791463894e+02 -4.379007551319786563e-03 -8.441925710785841072e-03
1.287030576749752129e+02 -4.379845074309105142e-03 -8.650925020244585803e-03
1.287344507978897070e+02 -4.381703056005408457e-03 -9.081286479218743726e-03
1.287501511568100341e+02 -4.383473879182338620e-03 -9.241181338207719864e-03
1.287658509625950671e+02 -4.386016185476658731e-03 -9.367525645813810226e-03
1.287815491094958702e+02 -4.388490397418935533e-03 -9.515874418660773271e-03
1.288129903909396035e+02 -4.389780756358615740e-03 -9.751830808448908039e-03
1.288287166398718284e+02 -4.387601420989380163e-03 -9.854017909882384352e-03
1.288444714551999652e+02 -4.386243312141586623e-03 -9.938075545265689578e-03
1.288602408469500347e+02 -4.385524703473152146e-03 -1.002795671517707835e-02
1.288918048239554821e+02 -4.379076624408638485e-03 -1.018382580028777927e-02
1.289075743892601338e+02 -4.375488117677923255e-03 -1.025251997506595666e-02
1.289233120091980993e+02 -4.372775114511307307e-03 -1.031144567640460662e-02
1.289547580669474769e+02 -4.363551814432566761e-03 -1.040492779586460990e-02
1.289704596220175290e+02 -4.360781414342957719e-03 -1.042661476557557587e-02
1.289861547573275402e+02 -4.356442307219950301e-03 -1.043108883844330245e-02
1.290018570598609813e+02 -4.352726436521658568e-03 -1.040826326323954568e-02
1.290332594236996044e+02 -4.347442080085872802e-03 -1.030434764835644855e-02
1.290489448796018337e+02 -4.345356852752972274e-03 -1.024547993889251586e-02
1.290646442055117689e+02 -4.340744347479681860e-03 -1.016735209302550499e-02
1.290803384693693658e+02 -4.339150325487985474e-03 -1.008189735058640651e-02
1.291118211216100065e+02 -4.333382161865232361e-03 -9.893757335320234672e-03
1.291276183366268810e+02 -4.332117851722441619e-03 -9.790860657072008102e-03
1.291433606447194506e+02 -4.327447126457421682e-03 -9.681683117894175281e-03
1.291747934574159729e+02 -4.315627103716716470e-03 -9.454670347333058236e-03
1.291904909899543270e+02 -4.310100280135568257e-03 -9.334004168688649766e-03
1.292061675059171648e+02 -4.302406765815743224e-03 -9.215752105992730883e-03
1.292218393880824863e+02 -4.298381251998724395e-03 -9.101326608820639597e-03
1.292532055393556334e+02 -4.290418865015073295e-03 -8.861795413098363244e-03
1.292689032098222128e+02 -4.287611477506585687e-03 -8.742455331492168455e-03
1.292846070683759478e+02 -4.286670535285765603e-03 -8.620492624676791629e-03
1.293003264400218200e+02 -4.289492801931956388e-03 -8.506245395133851805e-03
1.293318360631330961e+02 -4.292837254691255801e-03 -8.347129945959107927e-03
1.293476205485769128e+02 -4.296797186873288314e-03 -8.263878093075823633e-03
1.293634003683454523e+02 -4.297362532559964761e-03 -8.187786431437589496e-03
1.293949271478882679e+02 -4.305981459452062725e-03 -8.071026677485545336e-03
1.294106535207944546e+02 -4.310304858543427368e-03 -8.016910620092831605e-03
1.294263733501313425e+02 -4.311341977863199053e-03 -7.959977080565871707e-03
1.294420765993953069e+02 -4.316840156454879174e-03 -7.902849093682974557e-03
1.294734506256891109e+02 -4.322689550384543715e-03 -7.802648182238545137e-03
1.294891357519554447e+02 -4.326157525242142927e-03 -7.751173120429506735e-03
1.295048315626419821e+02 -4.328879654845347105e-03 -7.702680443241554514e-03
1.295205309943406746e+02 -4.331651597502574058e-03 -7.655461287210181542e-03
1.295519547125227859e+02 -4.340996700371651910e-03 -7.606088825962599963e-03
1.295677014173265604e+02 -4.345202722365198306e-03 -7.611946253185405444e-03
1.295834503610081185e+02 -4.350150009907583978e-03 -7.627926488119892746e-03
1.296150095209482913e+02 -4.355997873586665153e-03 -7.742745542083470656e-03
1.296307966538654455e+02 -4.360164836426704514e-03 -7.862907117384122097e-03
1.296465581250170089e+02 -4.363307796574900956e-03 -7.989401409540191831e-03
1.296622881469233164e+02 -4.366229727094512320e-03 -8.130213061439373404e-03
1.296937369432008040e+02 -4.369586607118152582e-03 -8.483353583304551263e-03
1.297094405520515750e+02 -4.372761134360920142e-03 -8.697612488394557834e-03
1.297251357452647937e+02 -4.373226742690201896e-03 -8.915973147626219189e-03
1.297408307000075638e+02 -4.375205432690001082e-03 -9.102626619708037436e-03
1.297722264289578220e+02 -4.377594764733904083e-03 -9.375704762879260093e-03
1.297879274717658404e+02 -4.378694056709885735e-03 -9.519539592219173479e-03
1.298036479430738837e+02 -4.379967701665380547e-03 -9.636151454887071505e-03
1.298351193304251012e+02 -4.381644255514698452e-03 -9.834853635646453179e-03
1.298508804662087357e+02 -4.380916866448699570e-03 -9.921906862725666382e-03
1.298666517701054204e+02 -4.376975892366313618e-03 -1.001414820255671495e-02
1.298824448962117799e+02 -4.375056663413420983e-03 -1.009324207543163890e-02
1.299139686742364006e+02 -4.368448053017626349e-03 -1.023604704839554784e-02
1.299297081351238887e+02 -4.364514496120614970e-03 -1.029945119448846466e-02
1.299454343049193028e+02 -4.361329173226613336e-03 -1.035376638514613062e-02
1.299611469678655169e+02 -4.359349384564584380e-03 -1.039196302438085383e-02
1.299925467167365980e+02 -4.352959802813602050e-03 -1.041103277194843288e-02
1.300082454644932284e+02 -4.348953556359350971e-03 -1.038025911161694764e-02
1.300239491856534926e+02 -4.344738452276611027e-03 -1.032945719948549779e-02
1.300553580523022106e+02 -4.337064979777271317e-03 -1.021683962950795631e-02
1.300710470540927872e+02 -4.333600674023222604e-03 -1.013670302873752316e-02
1.300867317393964413e+02 -4.331591450274421135e-03 -1.005183849886066155e-02
1.301024532118114223e+02 -4.330323887152666938e-03 -9.961175525360195515e-03
1.301339995156528460e+02 -4.324504522712954366e-03 -9.757263319661544157e-03
1.301497428558426748e+02 -4.323561633275475533e-03 -9.646419068220701484e-03
1.301654456749855910e+02 -4.317442820619488489e-03 -9.535656519750376411e-03
1.301811372494582884e+02 -4.312740644541023655e-03 -9.418729959535052793e-03
1.302124893162886110e+02 -4.302721327475468420e-03 -9.183601494697778839e-03
1.302281620596614289e+02 -4.298613183224537712e-03 -9.066875975819127173e-03
1.302438480001684411e+02 -4.294809037903577105e-03 -8.946482958675578551e-03
1.302752320957193888e+02 -4.288045299635477765e-03 -8.707692565796822104e-03
1.302909329479361702e+02 -4.287105295624952725e-03 -8.588414843195767492e-03
1.303066586142295762e+02 -4.286542751255365165e-03 -8.477426797516045970e-03
1.303224188659370384e+02 -4.287034198326031276e-03 -8.384581954156474642e-03
1.303539853448892245e+02 -4.290882865861852039e-03 -8.243196502273172216e-03
1.303697607450110638e+02 -4.294792163367441504e-03 -8.165179522197344233e-03
1.303855164020705217e+02 -4.297914789141283470e-03 -8.110490144647135996e-03
1.304012676135240838e+02 -4.302805929982114579e-03 -8.053393818999022083e-03
1.304327001286643792e+02 -4.309385158294476263e-03 -7.942337692670086921e-03
1.304483981125952425e+02 -4.312431163894192739e-03 -7.886443386124455251e-03
1.304640930109394503e+02 -4.313990207753458719e-03 -7.834776920465752123e-03
1.304954686984953582e+02 -4.322529695637664093e-03 -7.730704782190517786e-03
1.305111686301855798e+02 -4.325869800550211607e-03 -7.679502265650767386e-03
1.305268675703932217e+02 -4.328849737814346142e-03 -7.625517583224479187e-03
1.305425708612580138e+02 -4.332637175800473431e-03 -7.582771658121168108e-03
1.305740469989480346e+02 -4.337930523092328391e-03 -7.571459081541456748e-03
1.305898050100289254e+02 -4.341770058778792601e-03 -7.605404629760430940e-03
1.306055884034811925e+02 -4.343827104080175659e-03 -7.647313016633771818e-03
1.306213802996550726e+02 -4.347408902453267152e-03 -7.732883788615183863e-03
1.306529099860891279e+02 -4.350859294938223473e-03 -7.985012178361373947e-03
1.306686357443433906e+02 -4.352171142162805130e-03 -8.137521985853086656e-03
1.306843613199929450e+02 -4.354638930922934310e-03 -8.310620511174409558e-03
1.307000686209044886e+02 -4.356111159497176935e-03 -8.509882441896056068e-03
1.307314642862858989e+02 -4.357048392486169951e-03 -8.948691598070311962e-03
1.307471640757656530e+02 -4.360138216864138140e-03 -9.123661174567119364e-03
1.307628642397057774e+02 -4.362900830834127476e-03 -9.254637021569292812e-03
1.307942684273912448e+02 -4.363910636400160359e-03 -9.541833764189397091e-03
1.308099953782292744e+02 -4.366172399222852454e-03 -9.657629755747127245e-03
1.308257248353092734e+02 -4.362824659839819458e-03 -9.767341195400812415e-03
1.308414719868027873e+02 -4.362562657688208098e-03 -9.853664278833017265e-03
1.308730226039295417e+02 -4.358807865855076139e-03 -1.003689776238427499e-02
1.308888033473500059e+02 -4.355005183964022301e-03 -1.011233520155131738e-02
1.309045820405138159e+02 -4.351508073205120376e-03 -1.018572440196888196e-02
1.309203215769142616e+02 -4.350365224472571742e-03 -1.025129594198311879e-02
1.309517725688471330e+02 -4.341741483891663374e-03 -1.036388614043651756e-02
1.309674796895077975e+02 -4.337577961583057549e-03 -1.039724530695120691e-02
1.309831749440474766e+02 -4.333687678964598215e-03 -1.041234202368138996e-02
1.310145764291496278e+02 -4.329515273748724136e-03 -1.036325623762834013e-02
1.310302815605439548e+02 -4.326122336541881122e-03 -1.031342833161730081e-02
1.310460029106010325e+02 -4.321800648143793618e-03 -1.026212399275017000e-02
1.310617123962754533e+02 -4.319151136145405953e-03 -1.019392313147363116e-02
1.310930763874696652e+02 -4.309760947365551612e-03 -1.002898388134529535e-02
1.311088174465418490e+02 -4.308934076747338894e-03 -9.936433578337958844e-03
1.311245792911971364e+02 -4.307310418540398478e-03 -9.837231244686541962e-03
1.311403497390944608e+02 -4.304610730261987546e-03 -9.731770348149012054e-03
1.311717802942496007e+02 -4.300181059694468261e-03 -9.510860755728699559e-03
1.311874690730413704e+02 -4.294599432891883437e-03 -9.392644461131308825e-03
1.312031299909374127e+02 -4.288798842541912890e-03 -9.273574243023222780e-03
1.312344757154096158e+02 -4.278964784293333087e-03 -9.042687911856677613e-03
1.312501659935707892e+02 -4.274474346588838687e-03 -8.922371693810177834e-03
1.312658624451036644e+02 -4.272751336927275122e-03 -8.803905085711516768e-03
1.312815596520983661e+02 -4.272069957258791198e-03 -8.681792016860171921e-03
1.313129996077040005e+02 -4.272479152579699777e-03 -8.454854714668004825e-03
1.313287580692385745e+02 -4.271316875932856458e-03 -8.357536487549744111e-03
1.313445439280666278e+02 -4.272395692665437172e-03 -8.301362116917513495e-03
1.313603301454151620e+02 -4.276238329077266219e-03 -8.227656446853559222e-03
1.313918463098682139e+02 -4.282539901761587414e-03 -8.090496062870849991e-03
1.314075808725773697e+02 -4.285666905157569165e-03 -8.036559068535436418e-03
1.314232992498720023e+02 -4.290746379149406112e-03 -7.984047447725167029e-03
1.314547057128838503e+02 -4.295288468337016274e-03 -7.871090194738163820e-03
1.314703963867746666e+02 -4.299705637569823345e-03 -7.818190577673082148e-03
1.314860843859410977e+02 -4.302263573972838623e-03 -7.769283613600979146e-03
1.315017801445738996e+02 -4.305062795112414402e-03 -7.716507315706862616e-03
1.315331800068964867e+02 -4.313943433493557661e-03 -7.609793896079351458e-03
1.315488935978381733e+02 -4.319223837449992671e-03 -7.564915579042158153e-03
1.315646360956993988e+02 -4.321556506223154376e-03 -7.537048670137152552e-03
1.315803755755710256e+02 -4.324598726795345939e-03 -7.546660500262984857e-03
1.316119301211395225e+02 -4.329604171027253909e-03 -7.642029646151743925e-03
1.316277255743349883e+02 -4.332991783838205727e-03 -7.736874965202356763e-03
1.316434843182858287e+02 -4.333706968737227258e-03 -7.862069596835316587e-03
1.316749607358589458e+02 -4.334639977818124587e-03 -8.165103412198672708e-03
1.316906833834484019e+02 -4.337099612430548624e-03 -8.350844613850418041e-03
1.317063886587357615e+02 -4.336706613952806197e-03 -8.565144998790141101e-03
1.317220825033151073e+02 -4.338562001560443415e-03 -8.794574058113405896e-03
1.317534771562928313e+02 -4.339870524844365897e-03 -9.161144224788904042e-03
1.317691763587612570e+02 -4.340628671094469947e-03 -9.307580098898010634e-03
1.317848765018302117e+02 -4.342131981836867827e-03 -9.464110511845487406e-03
1.318005913726805431e+02 -4.344799050897156165e-03 -9.593770343444800106e-03
1.318320535250929026e+02 -4.343551153507070953e-03 -9.825731195053311051e-03
1.318478130644070632e+02 -4.343663452395443367e-03 -9.917625316917090886e-03
1.318635804655619950e+02 -4.339448324678670324e-03 -1.001735358155061290e-02
1.318951507357584489e+02 -4.335274237443389675e-03 -1.018465445561184297e-02
1.319109075931125403e+02 -4.332528992577750447e-03 -1.025946710715403346e-02
1.319266492341700143e+02 -4.326259991335896019e-03 -1.032911075074123899e-02
1.319423810090685265e+02 -4.324820862027611672e-03 -1.039134166336748259e-02
1.319737949982335579e+02 -4.317621665368357418e-03 -1.047098685810132247e-02
1.319894889443304180e+02 -4.314478803390293590e-03 -1.048158210302312619e-02
1.320051884433867713e+02 -4.310273805072904058e-03 -1.046396395220411911e-02
1.320208865832523202e+02 -4.305843520681296860e-03 -1.042392707984101871e-02
1.320523163857485258e+02 -4.298910008034451981e-03 -1.032514397975659026e-02
1.320680393994778967e+02 -4.293328596711267972e-03 -1.025173902512487370e-02
1.320837269805281267e+02 -4.290000598976902342e-03 -1.017168089023967256e-02
1.321151496097088796e+02 -4.282034563281037799e-03 -9.992035590843752202e-03
1.321309155165622542e+02 -4.282688286189802532e-03 -9.891351234827467850e-03
1.321466866810322642e+02 -4.279957391618069602e-03 -9.782783540282813037e-03
1.321624164769783647e+02 -4.276762439604270445e-03 -9.673368068746825837e-03
1.321937725984828376e+02 -4.273865573617144191e-03 -9.436872596655402831e-03
1.322094211913762081e+02 -4.270325235697043642e-03 -9.319241709051812733e-03
1.322250739159701141e+02 -4.265066293139363994e-03 -9.204017588284070864e-03
1.322407458884191271e+02 -4.260325363085343611e-03 -9.081476755519003047e-03
1.322721355352508397e+02 -4.253413301820202670e-03 -8.838174893917735697e-03
1.322878392741627636e+02 -4.251091823518046535e-03 -8.714847254349754324e-03
1.323035552350758621e+02 -4.250921075261051250e-03 -8.599669256794680028e-03
1.323350563434831031e+02 -4.256253930150933479e-03 -8.385068601360535015e-03
1.323508467988739596e+02 -4.258961099742844536e-03 -8.303637984096503069e-03
1.323666212929731216e+02 -4.259771396280419807e-03 -8.259000203064735882e-03
1.323823841141660012e+02 -4.265212230647291193e-03 -8.193069094165837327e-03
1.324138294967050626e+02 -4.272948402965189366e-03 -8.070610398100509786e-03
1.324295468514533809e+02 -4.278013038862511080e-03 -8.028762057274096975e-03
1.324452441360799924e+02 -4.282197216900708939e-03 -7.977019621443591155e-03
1.324609422285178368e+02 -4.288531507717029817e-03 -7.919328292664170460e-03
1.324923324242869569e+02 -4.294545639048874021e-03 -7.820418616771756051e-03
1.325080307171279799e+02 -4.298318488351639266e-03 -7.771800219386060249e-03
1.325237283439839757e+02 -4.301818293556151397e-03 -7.715999220160176843e-03
1.325551536442179668e+02 -4.309543989164632896e-03 -7.617718799298062518e-03
1.325708977557744959e+02 -4.313350420719968062e-03 -7.578936300024066014e-03
1.325866434099174569e+02 -4.317719639795913542e-03 -7.559912454153498024e-03
1.326024161360812457e+02 -4.318606151364290900e-03 -7.587103271945397180e-03
1.326339856354426843e+02 -4.320672321418556061e-03 -7.757482568891836856e-03
1.326497567940404565e+02 -4.322540739724279810e-03 -7.865816682415194966e-03
1.326654855200509076e+02 -4.320223157131103907e-03 -8.001360814730034202e-03
1.326812197800927606e+02 -4.321782690486234736e-03 -8.174809609710223177e-03
1.327126405010567112e+02 -4.321725896084184504e-03 -8.601488401552092808e-03
1.327283345373672319e+02 -4.323750726654551103e-03 -8.826994836579383358e-03
1.327440349927410637e+02 -4.324698081313802130e-03 -9.013725418889522237e-03
1.327754287157710564e+02 -4.324832819962809265e-03 -9.339101812938436012e-03
1.327911303514326278e+02 -4.324706418634036501e-03 -9.498504495808454684e-03
1.328068531260579732e+02 -4.324186873557921140e-03 -9.632343267700833531e-03
1.328225856752609388e+02 -4.323112992331203802e-03 -9.772302697217327347e-03
1.328540880992155166e+02 -4.318399679178832641e-03 -9.987646567961723856e-03
1.328698588681832007e+02 -4.317227447407889253e-03 -1.009452590155101269e-02
1.328856480572192140e+02 -4.313499016555410841e-03 -1.018011455210822251e-02
1.329014320477242848e+02 -4.311644870900938932e-03 -1.025962105041655290e-02
1.329329121279906190e+02 -4.302795739955411064e-03 -1.040074372069190421e-02
1.329486342116539674e+02 -4.299004555584204877e-03 -1.045813542644270962e-02
1.329643449192171545e+02 -4.294204597423894459e-03 -1.049893924586821521e-02
1.329800385883419551e+02 -4.292235437837655168e-03 -1.052336215236728510e-02
1.330114367866826512e+02 -4.285990068851772312e-03 -1.049569777954349921e-02
1.330271334444409206e+02 -4.281249147272479794e-03 -1.045186742488857928e-02
1.330428362508411624e+02 -4.277338411244636755e-03 -1.040637512143094932e-02
1.330742832096778727e+02 -4.266773512588859125e-03 -1.027160653219185045e-02
1.330899802773740532e+02 -4.263714160789980334e-03 -1.019158844446007087e-02
1.331057021878828550e+02 -4.256385864500844725e-03 -1.010451694860053581e-02
1.331214293037589300e+02 -4.256788260097840899e-03 -1.000833902739983912e-02
1.331529780625049000e+02 -4.254371986770249560e-03 -9.795434632445858270e-03
1.331686898567997446e+02 -4.251493706747170621e-03 -9.685756378902135588e-03
1.331843640817196786e+02 -4.249937933089440421e-03 -9.567463944110440877e-03
1.332000252687857937e+02 -4.246115027811589795e-03 -9.445204025166768422e-03
1.332313384304852093e+02 -4.236830164166979079e-03 -9.209607306156738712e-03
1.332470239883455747e+02 -4.234046919480526430e-03 -9.084943525373742612e-03
1.332627213150692000e+02 -4.232086596385642614e-03 -8.963942086553506466e-03
1.332941303244231221e+02 -4.228444879975697818e-03 -8.715876119844817235e-03
1.333098535623735188e+02 -4.229937900591083932e-03 -8.601897769423764994e-03
1.333256024860102400e+02 -4.228733285196271258e-03 -8.491030040552042732e-03
1.333413709639231968e+02 -4.230275026035077227e-03 -8.389229124793401091e-03
1.333729439204089715e+02 -4.238054387151755746e-03 -8.263306853760284468e-03
1.333886822067381388e+02 -4.240077250790293129e-03 -8.199408292221354796e-03
1.334044187319043999e+02 -4.244021466296502010e-03 -8.118754455186895716e-03
1.334201278993386381e+02 -4.251306261663730449e-03 -8.070546568055496361e-03
1.334515265002881108e+02 -4.259118682369324345e-03 -7.982059088429837787e-03
1.334672233423156911e+02 -4.262065147771718250e-03 -7.920805907036419444e-03
1.334829159395323472e+02 -4.264971928780609926e-03 -7.871103354361461135e-03
1.335143141570255523e+02 -4.275629510994791160e-03 -7.773946234398390782e-03
1.335300148460208334e+02 -4.280940358725042298e-03 -7.720856395477872572e-03
1.335457250245499665e+02 -4.284030381623516945e-03 -7.672431131905577996e-03
1.335614565032444148e+02 -4.289804503264780036e-03 -7.629264408847330307e-03
1.335929559461015685e+02 -4.292244443413505313e-03 -7.603007002262340656e-03
1.336087366357233464e+02 -4.296315956064848153e-03 -7.660723264962777772e-03
1.336245347523504847e+02 -4.297654866589228038e-03 -7.739067756155751376e-03
1.336402955535624812e+02 -4.297791578810246718e-03 -7.836008393224831378e-03
1.336717847740211482e+02 -4.300827587728476252e-03 -8.110355555203634451e-03
1.336875128027739379e+02 -4.299435623959757882e-03 -8.287246551735393332e-03
1.337032172822146379e+02 -4.299332528927786445e-03 -8.492525959385828493e-03
1.337346112240768718e+02 -4.300191166517901113e-03 -8.935614783591793592e-03
1.337503113971125117e+02 -4.301393499948028866e-03 -9.102075462395843239e-03
1.337660112918739514e+02 -4.303394588400308828e-03 -9.259257210080334977e-03
1.337817100706191695e+02 -4.305495960751490846e-03 -9.436217021667643590e-03
1.338131508250525030e+02 -4.306169079764762819e-03 -9.717420954270040642e-03
1.338288765565559117e+02 -4.304015290116695001e-03 -9.850265602082217825e-03
1.338446311630505647e+02 -4.302587969226083150e-03 -9.958448194467126383e-03
1.338603982852517902e+02 -4.301660171053302284e-03 -1.007511854788249901e-02
1.338919620158722239e+02 -4.295253846116576721e-03 -1.027812252110974628e-02
1.339077330845143479e+02 -4.291773038934474163e-03 -1.037217957075332701e-02
1.339234742777156271e+02 -4.288922485492877371e-03 -1.045843126344567914e-02
1.339549257464293817e+02 -4.280452481663699939e-03 -1.060314976319607153e-02
1.339706283895846184e+02 -4.277844660739792138e-03 -1.065433593074965359e-02
1.339863226585091240e+02 -4.273794233331747183e-03 -1.068481601584822006e-02
1.340020223059429441e+02 -4.270072469007655386e-03 -1.068795564033816342e-02
1.340334196664957176e+02 -4.264143375818311120e-03 -1.062828046135468052e-02
1.340491319416447595e+02 -4.261387098003801416e-03 -1.058853634922508370e-02
1.340648612678942584e+02 -4.254930599503670315e-03 -1.052685299315999322e-02
1.340805840686128363e+02 -4.250632659093675318e-03 -1.045397212142624987e-02
1.341120713803189801e+02 -4.241640857595417070e-03 -1.028372505030392993e-02
1.341278165056120599e+02 -4.239547766345459941e-03 -1.018604686572164089e-02
1.341435776451740196e+02 -4.235013970228996248e-03 -1.007946311935368176e-02
1.341750732329176685e+02 -4.230421075311250993e-03 -9.852551507567539404e-03
1.341907493931425961e+02 -4.228167943838989293e-03 -9.729284870097120591e-03
1.342063987363505362e+02 -4.225793498261169560e-03 -9.606181892751856910e-03
1.342220221206490010e+02 -4.223553195344864966e-03 -9.489004251169688015e-03
1.342533298420223673e+02 -4.216749775960900240e-03 -9.237500836813163085e-03
1.342690177833706571e+02 -4.211956288627337515e-03 -9.111096263949042262e-03
1.342847214287168072e+02 -4.208386360693237155e-03 -8.981943462353456781e-03
1.343004409376380295e+02 -4.208261730336529567e-03 -8.859171440816937526e-03
1.343319480868478593e+02 -4.208577277449014088e-03 -8.632558377990821180e-03
1.343477286950456460e+02 -4.210756066523832844e-03 -8.531949082295849432e-03
1.343635048882808007e+02 -4.209572469684228109e-03 -8.436189971035927201e-03
1.343950084308829673e+02 -4.216695172996585278e-03 -8.315707665167395429e-03
1.344107201750028366e+02 -4.221387431980526926e-03 -8.266932150400779777e-03
1.344264309848915957e+02 -4.223608376400691221e-03 -8.208139923522966147e-03
1.344421219502495148e+02 -4.230175611030556962e-03 -8.171398894444573818e-03
1.344735040409308340e+02 -4.238297929201964749e-03 -8.078106490660935321e-03
1.344891991376451017e+02 -4.242235006050388071e-03 -8.030815090390769698e-03
1.345049024700287248e+02 -4.246094831516036318e-03 -7.990506018573439312e-03
1.345206055707371320e+02 -4.249804390701453216e-03 -7.939206805064746506e-03
1.345520315470107562e+02 -4.259931515270242927e-03 -7.841378869148539141e-03
1.345677718209826708e+02 -4.263629347966428791e-03 -7.799547118610684199e-03
1.345835113835262575e+02 -4.267983918571656606e-03 -7.766149789793552576e-03
1.346150544690503352e+02 -4.271930024885013492e-03 -7.746436323847044440e-03
1.346308476248313468e+02 -4.274158748790074340e-03 -7.817983728942568336e-03
1.346466178288699211e+02 -4.274878201359495235e-03 -7.960093750961426406e-03
1.346623570438270860e+02 -4.275527052164745066e-03 -8.058383624959725156e-03
1.346938170520862741e+02 -4.275166168592839724e-03 -8.353368689941518752e-03
1.347095242862250188e+02 -4.276397226666692718e-03 -8.580900356121412553e-03
1.347252224662153139e+02 -4.275905117799862730e-03 -8.788177367492090025e-03
1.347409174343593747e+02 -4.276448225538720914e-03 -8.963476058757328599e-03
1.347723117402412925e+02 -4.275704762224989686e-03 -9.307238684684903188e-03
1.347880127363224574e+02 -4.275207979404348040e-03 -9.476665621719870466e-03
1.348037320682751385e+02 -4.274800756901362374e-03 -9.626341763056506934e-03
1.348351968586328269e+02 -4.273702213977765944e-03 -9.910234138475084234e-03
1.348509536239372153e+02 -4.271648138909283667e-03 -1.002716626387599452e-02
1.348667190792166366e+02 -4.266700302492799912e-03 -1.014753091479726407e-02
1.348825127175772423e+02 -4.263545548364190522e-03 -1.024878140770304168e-02
1.349140473642238760e+02 -4.255269957387296069e-03 -1.042098128117344667e-02
1.349297893056162252e+02 -4.250516013764275500e-03 -1.050172736786893386e-02
1.349455192826182497e+02 -4.246935485569413964e-03 -1.057119368902681607e-02
1.349612331491027817e+02 -4.244183317040212990e-03 -1.062534112092078549e-02
1.349926271216913847e+02 -4.236516358032097959e-03 -1.067749206672563220e-02
1.350083212549711789e+02 -4.231934194506650933e-03 -1.066099427531676420e-02
1.350240150929827792e+02 -4.227363818881944499e-03 -1.062704308129797624e-02
1.350554360765616195e+02 -4.217391878604381111e-03 -1.053551193733141648e-02
1.350711742575374217e+02 -4.212761712228272649e-03 -1.046289740059951588e-02
1.350868987971708748e+02 -4.209376039577522599e-03 -1.038561147331685391e-02
1.351026229071345597e+02 -4.202753387407174093e-03 -1.030271163137327396e-02
1.351341042029828543e+02 -4.195904640020300946e-03 -1.010934850245449011e-02
1.351498863903036636e+02 -4.196190039291117051e-03 -1.000008231859040100e-02
1.351656224542278153e+02 -4.191787487826763130e-03 -9.891348596537801255e-03
1.351813029979855116e+02 -4.190838979879745602e-03 -9.775759825894269825e-03
1.352126128721827740e+02 -4.187989288719580830e-03 -9.534036017607952496e-03
1.352282545692816029e+02 -4.185752355505533047e-03 -9.414479210491790567e-03
1.352439252181109168e+02 -4.181575839364892570e-03 -9.287651745973781944e-03
1.352753182954072599e+02 -4.175396424852177366e-03 -9.035956292823613817e-03
1.352910262101589467e+02 -4.174153026026231408e-03 -8.909382005466396845e-03
1.353067522656796200e+02 -4.173951157107331014e-03 -8.790524498764202763e-03
1.353225026126741852e+02 -4.174288468676418812e-03 -8.674833824594456802e-03
1.353540543515343870e+02 -4.178655269559880363e-03 -8.467558903938755474e-03
1.353698259662236296e+02 -4.183440344803394245e-03 -8.376003052362515286e-03
1.353855764725907989e+02 -4.186389907916240015e-03 -8.323196442512068374e-03
1.354013158713233622e+02 -4.191761773088754917e-03 -8.266670412331818263e-03
1.354327248787249118e+02 -4.200907345212162060e-03 -8.139854482102432814e-03
1.354484143641200262e+02 -4.205947591878697774e-03 -8.101847445899592118e-03
1.354641113568896458e+02 -4.209214487297636455e-03 -8.057067023582675097e-03
1.354955014868834837e+02 -4.219243116433885228e-03 -7.936769547057952526e-03
1.355112050965343826e+02 -4.223856189726071450e-03 -7.894708172188836387e-03
1.355269043137741960e+02 -4.227843358289715830e-03 -7.840583705972264950e-03
1.355426081970428243e+02 -4.232369132955849170e-03 -7.790632258635745225e-03
1.355740761258629732e+02 -4.238889128591328583e-03 -7.708222049146198213e-03
1.355898283538573139e+02 -4.243027458009347372e-03 -7.683628453955717273e-03
1.356056071975591806e+02 -4.244565409719818459e-03 -7.693332046668241095e-03
1.356213975963290750e+02 -4.247376464438882941e-03 -7.771635804629103625e-03
1.356529366588505070e+02 -4.248526055390668479e-03 -7.974496423038841125e-03
1.356686657652167582e+02 -4.248541583801172979e-03 -8.107263472457984163e-03
1.356843933627585557e+02 -4.250006810307300174e-03 -8.272803535957528806e-03
1.357001016808848703e+02 -4.250473800530512811e-03 -8.466385051397571845e-03
1.357314979657784022e+02 -4.250004576970537254e-03 -8.908617853153062704e-03
1.357471974982065319e+02 -4.252367262663695434e-03 -9.081928864207762173e-03
1.357628977406830870e+02 -4.254529738709021854e-03 -9.237314632789575888e-03
1.357943029184314412e+02 -4.254534979296594258e-03 -9.594853479767675650e-03
1.358100294382963114e+02 -4.256385652427002730e-03 -9.754852652305259775e-03
1.358257583150652579e+02 -4.252869197512959380e-03 -9.926552266455050677e-03
1.358415049433444324e+02 -4.252439823473376512e-03 -1.006539604790614856e-02
1.358730530800680469e+02 -4.248304929689751021e-03 -1.033433497478489227e-02
1.358888340461117821e+02 -4.244492004382062304e-03 -1.046253944953276678e-02
1.359046129916537495e+02 -4.240993444376343208e-03 -1.057708084809798679e-02
1.359203536368509049e+02 -4.239848749311205152e-03 -1.067725552854352326e-02
1.359518064090822804e+02 -4.231499962628642274e-03 -1.085474492882187655e-02
1.359675146459672703e+02 -4.227484924819097274e-03 -1.092104083748931219e-02
1.359832098784586094e+02 -4.223746562445586210e-03 -1.096750942175949914e-02
1.360146085718650966e+02 -4.219506449069741066e-03 -1.097655573795767309e-02
1.360303067806261197e+02 -4.216384746169896808e-03 -1.094515636088815545e-02
1.360460160610299454e+02 -4.211891523914185198e-03 -1.091229224988983504e-02
1.360617413341243491e+02 -4.209231508040246934e-03 -1.086105177640368097e-02
1.360932021870805499e+02 -4.195642189550640236e-03 -1.071841942513517519e-02
1.361089598954528412e+02 -4.190630789036274562e-03 -1.063438122175201783e-02
1.361247379349452444e+02 -4.185147539851349560e-03 -1.054099630813538045e-02
1.361405120475442061e+02 -4.179379553353758207e-03 -1.043904113562871099e-02
1.361720849007232630e+02 -4.176493746306523397e-03 -1.021949488560796801e-02
1.361877928192688216e+02 -4.171655167596771338e-03 -1.010065703801442741e-02
1.362034734230339268e+02 -4.166966842234716244e-03 -9.978610525174378548e-03
1.362347219085490053e+02 -4.163998845846914564e-03 -9.738057789746946274e-03
1.362503646628144054e+02 -4.160784680634945810e-03 -9.609309067884078473e-03
1.362660287374384325e+02 -4.156161129186212305e-03 -9.481744791926162083e-03
1.362817090438379068e+02 -4.152526180743873127e-03 -9.348758290578582444e-03
1.363131459861340034e+02 -4.146062615617559372e-03 -9.099288958024785018e-03
1.363289090042773068e+02 -4.142002698378828389e-03 -8.981098261573259439e-03
1.363446949135479542e+02 -4.139123868559543493e-03 -8.872522746086590820e-03
1.363604791299889314e+02 -4.139223561544382209e-03 -8.769054224000314909e-03
1.363919638204293392e+02 -4.139226570022721055e-03 -8.574081135991142716e-03
1.364076827946637991e+02 -4.141292438836216040e-03 -8.493269277320691923e-03
1.364233843866888662e+02 -4.143934356181679796e-03 -8.457869364361568498e-03
1.364547612018068037e+02 -4.148070070900002244e-03 -8.387137227768716452e-03
1.364704477874434190e+02 -4.152701252436989676e-03 -8.356635881249315986e-03
1.364861417204218412e+02 -4.155820431719923005e-03 -8.300557061531618416e-03
1.365018462261034813e+02 -4.158333283993120855e-03 -8.260554143041049305e-03
1.365332617078732369e+02 -4.168706781117950157e-03 -8.185382339376675795e-03
1.365489808762692689e+02 -4.174510889495150479e-03 -8.140065181561736279e-03
1.365647228340725974e+02 -4.176958971484563514e-03 -8.103800193326507126e-03
1.365804568003913460e+02 -4.180983348855639783e-03 -8.072284806862570564e-03
1.366119963623704621e+02 -4.186970372019841076e-03 -8.032466336151851405e-03
1.366277894801967534e+02 -4.190217129759860396e-03 -8.039718075223342697e-03
1.366435558348584323e+02 -4.191034955211278730e-03 -8.110732919018221604e-03
1.366750463206351753e+02 -4.192029222557376068e-03 -8.386146604515431341e-03
1.366907738690785266e+02 -4.194149387281209153e-03 -8.498164253852311459e-03
1.367064840025611829e+02 -4.193135295135741979e-03 -8.678148945162531686e-03
1.367221816944348234e+02 -4.194497213549645137e-03 -8.909876646124087127e-03
1.367535753543826900e+02 -4.195031688127642648e-03 -9.220790372397013809e-03
1.367692737495414121e+02 -4.195030443281407874e-03 -9.379170787302161874e-03
1.367849737380998363e+02 -4.195580050360953224e-03 -9.554285319513921432e-03
1.368006876500147939e+02 -4.197310539105425335e-03 -9.712363593990006386e-03
1.368321430413289193e+02 -4.194227655109425065e-03 -1.000382914485865166e-02
1.368478976509088909e+02 -4.193318904799818968e-03 -1.012943688316229364e-02
1.368636593892726125e+02 -4.188212973655517507e-03 -1.026099385004965864e-02
1.368952334984322761e+02 -4.182278315308274493e-03 -1.048885238822207071e-02
1.369109962473454516e+02 -4.178621097148503202e-03 -1.059205446450819758e-02
1.369267410265662477e+02 -4.171814856028990999e-03 -1.069847607777982094e-02
1.369424760933797813e+02 -4.169557413956832305e-03 -1.079341064179070026e-02
1.369738953317536243e+02 -4.161235016739198676e-03 -1.094520789018232389e-02
1.369895877349727584e+02 -4.157270294974770540e-03 -1.098821503787621168e-02
1.370052826409493605e+02 -4.152224524681241528e-03 -1.100082655162069184e-02
1.370209769761503935e+02 -4.146997597690095690e-03 -1.098992620464497687e-02
1.370523876223079185e+02 -4.138398822042635081e-03 -1.092741299862691993e-02
1.370681152786056032e+02 -4.131707316368185209e-03 -1.086886578189122377e-02
1.370838388607342893e+02 -4.126998920249661841e-03 -1.079650985672279094e-02
1.371153492924550790e+02 -4.114112177611668926e-03 -1.062602116266967572e-02
1.371311199952604625e+02 -4.109303409564232269e-03 -1.052523764938863640e-02
1.371468720421758860e+02 -4.106053833590411241e-03 -1.041593565920506670e-02
1.371626643346729679e+02 -4.103715985473220355e-03 -1.030235388575704084e-02
1.371940783739794085e+02 -4.099367609397781831e-03 -1.005471200938715809e-02
1.372097271569877819e+02 -4.094784024208387649e-03 -9.929332082849811128e-03
1.372253477358196676e+02 -4.093126944889066178e-03 -9.807570233678661320e-03
1.372409790956312747e+02 -4.090356593836024478e-03 -9.676550348848081406e-03
1.372723161310823059e+02 -4.083614311576472256e-03 -9.415245908566838989e-03
1.372880144096677952e+02 -4.079774893751538477e-03 -9.282429734737997901e-03
1.373037379419818933e+02 -4.076596634611778097e-03 -9.157457115481335355e-03
1.373352653032641228e+02 -4.078619974671050807e-03 -8.923011167095394602e-03
1.373510586956471116e+02 -4.079689784030568825e-03 -8.818147253275893452e-03
1.373668222348123038e+02 -4.079381122260992976e-03 -8.716664478800869448e-03
1.373825799423761680e+02 -4.082949849775072138e-03 -8.620508981916377017e-03
1.374140132641128673e+02 -4.087536727634408576e-03 -8.474259661979484728e-03
1.374297207028430989e+02 -4.091742111584449788e-03 -8.426222745781274115e-03
1.374454056803622564e+02 -4.095920971888363481e-03 -8.369095789486169154e-03
1.374610933151194558e+02 -4.101890497194188995e-03 -8.338547945147028323e-03
1.374924816772477243e+02 -4.109579315476162044e-03 -8.234294286622728665e-03
1.375081857232184177e+02 -4.114391782791560967e-03 -8.186620863722866154e-03
1.375238893307301851e+02 -4.118512030893079282e-03 -8.149282051618647604e-03
1.375553231776010819e+02 -4.127685577475359059e-03 -8.047489317566913422e-03
1.375710639582638066e+02 -4.132547681671688150e-03 -8.005804680189307701e-03
1.375868066683756581e+02 -4.137594311784989834e-03 -7.969208509469754773e-03
1.376025759862148732e+02 -4.139465141259524202e-03 -7.939759556870215965e-03
1.376341415279876799e+02 -4.143633791576419728e-03 -7.932677192465868721e-03
1.376499160676812608e+02 -4.146265338601820734e-03 -8.017271115146730118e-03
1.376656477897791149e+02 -4.144340060571544138e-03 -8.198700691113208067e-03
1.376813823755680630e+02 -4.146286535971226497e-03 -8.327624949080457070e-03
1.377128050085967459e+02 -4.146710197855596990e-03 -8.658132301702330461e-03
1.377284990833802567e+02 -4.148920519323078850e-03 -8.914647831751188259e-03
1.377441987462693191e+02 -4.150108813191260432e-03 -9.086888975361882836e-03
1.377755927649035357e+02 -4.150159082158339646e-03 -9.411666693774998343e-03
1.377912946295305687e+02 -4.149950593515376943e-03 -9.595462759572606984e-03
1.378070179261287933e+02 -4.149306802819107375e-03 -9.777977994415334995e-03
1.378227493542043476e+02 -4.148160699426770535e-03 -9.974959405037625224e-03
1.378542503903156557e+02 -4.143429984742831237e-03 -1.030889465202952833e-02
1.378700200838297008e+02 -4.142114800634011038e-03 -1.047134852620347154e-02
1.378858100467905388e+02 -4.138357953464994084e-03 -1.062442760449613076e-02
1.379015944077896734e+02 -4.136363158411082534e-03 -1.075749934428093385e-02
1.379330737569442817e+02 -4.127709898087853456e-03 -1.098618718229183062e-02
1.379487952985755612e+02 -4.123969084754455089e-03 -1.108120978348210023e-02
1.379645061038277731e+02 -4.119198172549966633e-03 -1.115758311795966677e-02
1.379802006326758033e+02 -4.117005839255037832e-03 -1.121143715501019683e-02
1.380115972406510139e+02 -4.110690269319917239e-03 -1.123410607711252535e-02
1.380272929950604350e+02 -4.106076331665815642e-03 -1.120336464243232820e-02
1.380429939564781421e+02 -4.102121092181987110e-03 -1.116340406850691372e-02
1.380744473428136985e+02 -4.091399044103535831e-03 -1.103714218096219293e-02
1.380901855380928112e+02 -4.087065912446712773e-03 -1.095607275743824133e-02
1.381059464030889217e+02 -4.079186582687095025e-03 -1.086971199028421639e-02
1.381217185196011030e+02 -4.074799721655893506e-03 -1.077219540376352092e-02
1.381533018448988344e+02 -4.065032832333986997e-03 -1.056195295569119230e-02
1.381690849568073531e+02 -4.062826237935890025e-03 -1.045125095092883268e-02
1.381848014568576843e+02 -4.060031867445064967e-03 -1.033390981363264439e-02
1.382004951137289481e+02 -4.054414481585074011e-03 -1.021360704504551201e-02
1.382317656223465860e+02 -4.052749488597287217e-03 -9.976218784507486989e-03
1.382474059228094347e+02 -4.050907310326575493e-03 -9.847292918867055905e-03
1.382630684941678680e+02 -4.047593631948194666e-03 -9.719913144027479343e-03
1.382944503887339067e+02 -4.037819372266121358e-03 -9.456818672327262087e-03
1.383101813460696690e+02 -4.035211452208465471e-03 -9.332528510187820467e-03
1.383259454129329811e+02 -4.031376088916584742e-03 -9.209753539540531386e-03
1.383417255726045028e+02 -4.028526602307931116e-03 -9.095994580581197309e-03
1.383732861582344640e+02 -4.029550976543814361e-03 -8.882480085633444669e-03
1.383890151450786448e+02 -4.028366863650867206e-03 -8.776792926554543434e-03
1.384047427751862642e+02 -4.029397923603138948e-03 -8.676569639576192650e-03
1.384204427517369993e+02 -4.033142783764182872e-03 -8.587237724563679189e-03
1.384518231080883481e+02 -4.037220645497962591e-03 -8.506598159787676777e-03
1.384675099329370767e+02 -4.039675741629671253e-03 -8.469448723975193244e-03
1.384832004881907039e+02 -4.041999971773753593e-03 -8.442872457993962770e-03
1.385146061892823468e+02 -4.050916710176528587e-03 -8.323392891227703386e-03
1.385303126154334734e+02 -4.056411498109871276e-03 -8.296842972478344833e-03
1.385460286141046140e+02 -4.060257160106553291e-03 -8.254131047461275850e-03
1.385617637893412848e+02 -4.065605639843171415e-03 -8.208842275679037806e-03
1.385932633196455015e+02 -4.070017297747224004e-03 -8.150394449888282919e-03
1.386090411408983130e+02 -4.074748726325337113e-03 -8.131738597675394753e-03
1.386248372734426084e+02 -4.077080053494499048e-03 -8.132541519725061674e-03
1.386405986787933671e+02 -4.078261273989412447e-03 -8.197299928926928339e-03
1.386720890530112911e+02 -4.082896836482726756e-03 -8.479703526578631287e-03
1.386878171121032892e+02 -4.082480555293392308e-03 -8.599099681337355264e-03
1.387035215883702506e+02 -4.082895162235886631e-03 -8.779065846350827054e-03
1.387349154224546055e+02 -4.085058808598238632e-03 -9.192401324035195595e-03
1.387506159940986095e+02 -4.086512706711054738e-03 -9.329655490225330014e-03
1.387663166950323728e+02 -4.088581810348750761e-03 -9.484296491320364300e-03
1.387820165776515751e+02 -4.090995922075998936e-03 -9.679568246932035089e-03
1.388134585986851448e+02 -4.092188255538914757e-03 -1.005540998363789636e-02
1.388291825041793288e+02 -4.090655620404494604e-03 -1.022372315541997950e-02
1.388449355958155707e+02 -4.089492967980189186e-03 -1.035279393336886039e-02
1.388606997967386576e+02 -4.088534827747573180e-03 -1.048797404944708071e-02
1.388922648667020212e+02 -4.082649633745368510e-03 -1.072997771530891445e-02
1.389080371518612083e+02 -4.079540113562365664e-03 -1.083060634289810878e-02
1.389237795722577005e+02 -4.076350060704498138e-03 -1.092425655785961638e-02
1.389552309722465964e+02 -4.068552886411997208e-03 -1.108375361290387696e-02
1.389709328454825936e+02 -4.065788067190326087e-03 -1.114360328557507419e-02
1.389866264723129063e+02 -4.061770115832640492e-03 -1.117900974144340857e-02
1.390023242657969433e+02 -4.057878629009344616e-03 -1.118884578573063789e-02
1.390337183764897588e+02 -4.051199680795757561e-03 -1.112966482431253061e-02
1.390494293589065080e+02 -4.048178355960996289e-03 -1.109373230381511047e-02
1.390651594610287134e+02 -4.041400713394365830e-03 -1.103700455986610096e-02
1.390808782145021212e+02 -4.036804471988673579e-03 -1.096890701893443905e-02
1.391123861157580563e+02 -4.023854105121908026e-03 -1.081523652439595959e-02
1.391281805368757034e+02 -4.019917314130471223e-03 -1.072341819934666957e-02
1.391439553500268573e+02 -4.013682187483737056e-03 -1.062627873078392411e-02
1.391755349154199166e+02 -4.006107385336320215e-03 -1.041254823346782557e-02
1.391912514912143024e+02 -4.004810130286685227e-03 -1.029654934869619204e-02
1.392069398800137776e+02 -4.000805470109346923e-03 -1.017761871686925085e-02
1.392225628628539198e+02 -3.998715704452012257e-03 -1.006246078261143970e-02
1.392538073771713414e+02 -3.994120490546228947e-03 -9.806772841705248961e-03
1.392694651923000322e+02 -3.990151581574498570e-03 -9.675975466805543726e-03
1.392851400556792782e+02 -3.985663221477873767e-03 -9.541699475734875813e-03
1.393008393573954322e+02 -3.982830202652800494e-03 -9.411965134244455397e-03
1.393323419350170980e+02 -3.978015799756319873e-03 -9.167547860419638164e-03
1.393481344454562532e+02 -3.977867303261903818e-03 -9.056130854021793297e-03
1.393639054091772209e+02 -3.976007259239198836e-03 -8.948866659230681961e-03
1.393953786196961460e+02 -3.979591418968833789e-03 -8.743106464428256758e-03
1.394110750953168463e+02 -3.982208865328265741e-03 -8.647264908871550929e-03
1.394267723868101996e+02 -3.982978094626956310e-03 -8.573285152402824669e-03
1.394424539227194089e+02 -3.988310797373677621e-03 -8.530384327489558272e-03
1.394738119246964345e+02 -3.996936685298803360e-03 -8.450010349679277707e-03
1.394895036053840727e+02 -4.001972861637098818e-03 -8.431151436664533969e-03
1.395052086880107822e+02 -4.005721960429978017e-03 -8.355792080617195985e-03
1.395209176195874647e+02 -4.009889327465087153e-03 -8.303016156592081184e-03
1.395523537301489512e+02 -4.021304286606237725e-03 -8.232856558349311432e-03
1.395680989598780855e+02 -4.026348836609594008e-03 -8.187592404674424659e-03
1.395838428912176141e+02 -4.031781326092495794e-03 -8.151882950555321139e-03
1.396153880288706546e+02 -4.038526763681025283e-03 -8.099141645216256097e-03
1.396311781957826099e+02 -4.042124219235319373e-03 -8.090961931106820798e-03
1.396469474399467856e+02 -4.044744545253817214e-03 -8.109977987732316929e-03
1.396626844054535468e+02 -4.046738597710552304e-03 -8.195059469706845665e-03
1.396941416694854468e+02 -4.049122349310657273e-03 -8.521656486835425121e-03
1.397098478156948147e+02 -4.051618207668728454e-03 -8.643717742295900508e-03
1.397255453859433487e+02 -4.052292358773519447e-03 -8.843019809890211025e-03
1.397412405069399597e+02 -4.053615845467244821e-03 -9.063995536318841806e-03
1.397726349519656139e+02 -4.054829095878041863e-03 -9.391960249650889783e-03
1.397883358367212452e+02 -4.055196021112509805e-03 -9.563300379491291095e-03
1.398040554672120095e+02 -4.055456092847028494e-03 -9.754314109119864226e-03
1.398355217795892997e+02 -4.055928064715667164e-03 -1.010606153851488845e-02
1.398512795462974907e+02 -4.054161573176842497e-03 -1.027126638342471497e-02
1.398670464635528390e+02 -4.050406628260816086e-03 -1.043552912440792041e-02
1.398828398423524959e+02 -4.047886152114848167e-03 -1.058836276067568437e-02
1.399143694950396650e+02 -4.040825692394052308e-03 -1.087052909011823609e-02
1.399301087366948479e+02 -4.036943395735560942e-03 -1.099727173280526556e-02
1.399458352467063378e+02 -4.033669097357166743e-03 -1.111058200973570956e-02
1.399615466482593718e+02 -4.030989668240670711e-03 -1.120963665492356529e-02
1.399929394665895757e+02 -4.024236007179405987e-03 -1.133743124193701754e-02
1.400086351067248529e+02 -4.019844586011291424e-03 -1.134954953789637025e-02
1.400243291679949778e+02 -4.015577679151725518e-03 -1.133910926597730615e-02
1.400400294097478024e+02 -4.011243539826841488e-03 -1.130512514298588969e-02
1.400714852844497500e+02 -4.001938935570777123e-03 -1.120068502342815367e-02
1.400872173528598239e+02 -3.997629501384851979e-03 -1.112053702390741229e-02
1.401029755118170783e+02 -3.989658639220875977e-03 -1.103458757452708584e-02
1.401345366151317364e+02 -3.979329817098248637e-03 -1.082813200300524088e-02
1.401503244419609473e+02 -3.976793740383776157e-03 -1.071478659716897271e-02
1.401661100701564635e+02 -3.970987471347053009e-03 -1.059749619200273454e-02
1.401818348207538349e+02 -3.967989151343429000e-03 -1.047535659509036404e-02
1.402131857551823089e+02 -3.962667937788103695e-03 -1.022675023221040515e-02
1.402288121902454918e+02 -3.961307933265290418e-03 -1.010103593522685209e-02
1.402444529763238563e+02 -3.958979473223419275e-03 -9.969328459255542840e-03
1.402601185918330202e+02 -3.954112898312887696e-03 -9.839305262168050736e-03
1.402914997493057569e+02 -3.944949921032788777e-03 -9.570730605422555354e-03
1.403072278371396351e+02 -3.940909272981881276e-03 -9.443559756586977771e-03
1.403229907651728183e+02 -3.937216593156517286e-03 -9.318668235647880119e-03
1.403545619690767410e+02 -3.935763694833251808e-03 -9.089842405944455889e-03
1.403703272309463159e+02 -3.936948824878864009e-03 -8.982315670958803538e-03
1.403860706911720229e+02 -3.936294529166741579e-03 -8.874917012204826955e-03
1.404018060575882885e+02 -3.938131498957511689e-03 -8.771402560583761027e-03
1.404332076979308113e+02 -3.941497529428473687e-03 -8.605098968473527329e-03
1.404488887571885130e+02 -3.944814842037302344e-03 -8.556304114739199732e-03
1.404645752065129614e+02 -3.945797146053855661e-03 -8.496286617908237193e-03
1.404802610338631439e+02 -3.949789562149193939e-03 -8.459319895910933848e-03
1.405116627845150390e+02 -3.958009587812857596e-03 -8.365507992610930407e-03
1.405273676612328018e+02 -3.961212835464979730e-03 -8.304512547902629521e-03
1.405430750624699954e+02 -3.965550515646169838e-03 -8.276368123033856633e-03
1.405745496973827642e+02 -3.972002596242011144e-03 -8.187016874360410548e-03
1.405903053934860623e+02 -3.976296428292161976e-03 -8.153716033465612315e-03
1.406060860956166607e+02 -3.979441137357722647e-03 -8.127106298786416008e-03
1.406218787282679727e+02 -3.983085440231306194e-03 -8.109109437589358607e-03
1.406534092731732244e+02 -3.986344991773901891e-03 -8.241865405701964339e-03
1.406691352353734032e+02 -3.988495788185639906e-03 -8.426291582117351533e-03
1.406848596527191546e+02 -3.990451355219893324e-03 -8.550547311599996161e-03
1.407005653209427010e+02 -3.991856731275936730e-03 -8.712946412811995583e-03
1.407319584467944651e+02 -3.993172270599349045e-03 -9.149480004306435182e-03
1.407476585260485820e+02 -3.996236100036694439e-03 -9.309935793354640748e-03
1.407633601365607490e+02 -3.999330860461973967e-03 -9.464431715674792578e-03
1.407947691560181340e+02 -4.001326546496608745e-03 -9.820723533351619766e-03
1.408104969475269570e+02 -4.004114328501304741e-03 -9.998347745164068781e-03
1.408262250914110894e+02 -4.001417868402793419e-03 -1.017305060922916483e-02
1.408419724335524563e+02 -4.001606199349617976e-03 -1.029886133973073083e-02
1.408735205660560723e+02 -3.999052020292465960e-03 -1.053214214229255923e-02
1.408893010185791468e+02 -3.996005452519677502e-03 -1.063509363601343634e-02
1.409050796723041401e+02 -3.993007732292061865e-03 -1.071981028878246298e-02
1.409208190744399474e+02 -3.992756068430364756e-03 -1.080425241078986770e-02
1.409522696371598443e+02 -3.985141243708248231e-03 -1.096567982705569724e-02
1.409679752663017496e+02 -3.981798645856525314e-03 -1.103060152212419209e-02
1.409836688506614166e+02 -3.978339536066803801e-03 -1.107769419935823382e-02
1.410150658600808526e+02 -3.974144985305486273e-03 -1.109228855219069124e-02
1.410307624613542146e+02 -3.971446477489471577e-03 -1.106999931869622270e-02
1.410464728978845983e+02 -3.967229983224990209e-03 -1.104508248668774166e-02
1.410621999152767785e+02 -3.964221419800126496e-03 -1.100708461927477587e-02
1.410936678212465267e+02 -3.951001372095491564e-03 -1.089026174319334371e-02
1.411094264533788305e+02 -3.946117401329001136e-03 -1.081752834499164276e-02
1.411252175245805347e+02 -3.940805916757067311e-03 -1.073304764215660297e-02
1.411409947942224221e+02 -3.934975039200106980e-03 -1.064277111847248582e-02
1.411725797947393914e+02 -3.930761724103588352e-03 -1.043601035467510083e-02
1.411883088163623370e+02 -3.926011393447738883e-03 -1.032298597431595757e-02
1.412040036555045219e+02 -3.921973992188507174e-03 -1.020177570178622956e-02
1.412352486476144122e+02 -3.918750476426326700e-03 -9.962598281627713798e-03
1.412508781446375679e+02 -3.917235541860036689e-03 -9.831136040319911340e-03
1.412665304058791662e+02 -3.913572034501907985e-03 -9.701015150767934928e-03
1.412821988738226651e+02 -3.910655391812095649e-03 -9.565837368153416384e-03
1.413136128928883863e+02 -3.905828497447746267e-03 -9.306884498457882252e-03
1.413293724375587033e+02 -3.902432989304229632e-03 -9.183448780491378430e-03
1.413451581407093727e+02 -3.900705237061680587e-03 -9.068509291521423960e-03
1.413609415713356157e+02 -3.901377528918062269e-03 -8.957797473114965589e-03
1.413924130657007652e+02 -3.904330964399194311e-03 -8.742773742074506568e-03
1.414081216902261815e+02 -3.907682667044663424e-03 -8.640038034004694084e-03
1.414238099406421441e+02 -3.910873737705365151e-03 -8.552465250379137976e-03
1.414551614301858820e+02 -3.918587145537582271e-03 -8.440672943095478206e-03
1.414708356219003917e+02 -3.925726777401657847e-03 -8.372750824723050253e-03
1.414865207024564597e+02 -3.930753036629699645e-03 -8.343380032697276377e-03
1.415022235020508958e+02 -3.934999753748748101e-03 -8.334395756673650471e-03
1.415336430387340556e+02 -3.947063049082509545e-03 -8.201335623433551880e-03
1.415493640199555045e+02 -3.955070286245080356e-03 -8.174234649849409368e-03
1.415651107968162705e+02 -3.959128093179520649e-03 -8.133218285874170908e-03
1.415808507113595454e+02 -3.964742088108934477e-03 -8.091884165378933347e-03
1.416124015008302592e+02 -3.973533682974606136e-03 -8.032320754152626543e-03
1.416281942834614256e+02 -3.978639943945848530e-03 -8.013197254305885059e-03
1.416439547701480137e+02 -3.981249929893175554e-03 -8.015927128331358509e-03
1.416754319458821385e+02 -3.984618639329700826e-03 -8.233567656086720338e-03
1.416911537507896242e+02 -3.988344085098498130e-03 -8.424916565878220326e-03
1.417068596644668332e+02 -3.989122099398784670e-03 -8.558095534467119805e-03
1.417225525611418959e+02 -3.991291209752183614e-03 -8.727356492074083219e-03
1.417539468722968934e+02 -3.993813907697852349e-03 -9.159718807636099344e-03
1.417696464411052091e+02 -3.994956496360197763e-03 -9.321416098968117459e-03
1.417853472887191231e+02 -3.996651659908686226e-03 -9.508175174805748656e-03
1.418010638124228535e+02 -3.999340480952441601e-03 -9.730661996709969591e-03
1.418325270677394769e+02 -3.999042536993188159e-03 -1.013322615726727077e-02
1.418482858039154166e+02 -3.999679375928847855e-03 -1.026568575715568719e-02
1.418640522291671289e+02 -3.995578751578516934e-03 -1.042332715863084069e-02
1.418956245219539767e+02 -3.991966897035876573e-03 -1.066694854905010995e-02
1.419113785456211190e+02 -3.989421467917699318e-03 -1.076612785771457852e-02
1.419271183271470704e+02 -3.983735499122102557e-03 -1.086560128434103760e-02
1.419428482462469674e+02 -3.982154230969578435e-03 -1.095453169250318153e-02
1.419742577203794838e+02 -3.975311740747299039e-03 -1.109193681672721379e-02
1.419899496557065959e+02 -3.972191527569060403e-03 -1.112800124226749274e-02
1.420056472540652237e+02 -3.968172883108750902e-03 -1.113326674544403393e-02
1.420213436127928333e+02 -3.963835253106817377e-03 -1.111360352842174701e-02
1.420527642050571444e+02 -3.956158050302744159e-03 -1.104687672760720774e-02
1.420684969574232355e+02 -3.950981715796391888e-03 -1.099005019223111765e-02
1.420842265402072542e+02 -3.947100162942729883e-03 -1.092722955198458662e-02
1.421157455815485378e+02 -3.934212455180190714e-03 -1.078183699145122791e-02
1.421315408485401690e+02 -3.929719717337167018e-03 -1.069115154319080774e-02
1.421473235734750915e+02 -3.925466694058503229e-03 -1.059620822675896336e-02
1.421631199555512524e+02 -3.922187025650130179e-03 -1.049208911619200005e-02
1.421945838935262145e+02 -3.916521965978074504e-03 -1.026900765785061960e-02
1.422102552769911483e+02 -3.912425788488633517e-03 -1.014819642931982444e-02
1.422258806860226059e+02 -3.910555521268791607e-03 -1.003132242024332155e-02
1.422415046202112308e+02 -3.909021540671219971e-03 -9.902556242062062961e-03
1.422728188390082948e+02 -3.901242531251119996e-03 -9.638569596270383372e-03
1.422885042425635049e+02 -3.896485285465766790e-03 -9.502890536462218346e-03
1.423042177658045659e+02 -3.891343935994354738e-03 -9.371901424044122922e-03
1.423357384026607804e+02 -3.889321349630516650e-03 -9.123078610754042569e-03
1.423515347286244435e+02 -3.888159110233538850e-03 -9.008497361219603566e-03
1.423672959454810325e+02 -3.886741946889560664e-03 -8.896561516884648677e-03
1.423830458822235698e+02 -3.888204691872432315e-03 -8.786675259488367293e-03
1.424144606067057737e+02 -3.890241496454591424e-03 -8.576731508947945185e-03
1.424301597217079802e+02 -3.893562238870516400e-03 -8.489705957202520539e-03
1.424458349930570762e+02 -3.898053982773150468e-03 -8.434055814428340070e-03
1.424615112327983582e+02 -3.903168583423557558e-03 -8.372478680104140578e-03
1.424928845714660781e+02 -3.912843006211095924e-03 -8.272323724066329292e-03
1.425085876749188856e+02 -3.916936941744218401e-03 -8.264417097840894705e-03
1.425242935653992618e+02 -3.922132169868950552e-03 -8.187817393118588041e-03
1.425400025983090870e+02 -3.927373262993426144e-03 -8.130467148604122660e-03
1.425714806757315500e+02 -3.937895163824225303e-03 -8.062577046519603732e-03
1.425872312911330368e+02 -3.944101051963014824e-03 -8.022485489218694407e-03
1.426030068804579969e+02 -3.946918004644615202e-03 -7.991653125598205051e-03
1.426345717275171694e+02 -3.954991046232566101e-03 -7.952708002817275232e-03
1.426503377008346263e+02 -3.959420060085891944e-03 -7.989698963889626041e-03
1.426660613217395053e+02 -3.959883793526553473e-03 -8.134237993492846042e-03
1.426817903260015044e+02 -3.964083693233368469e-03 -8.314722595651921969e-03
1.427132024245632351e+02 -3.967008164270676221e-03 -8.612560850834127119e-03
1.427288940316676928e+02 -3.970580179227285386e-03 -8.841449001736891369e-03
1.427445930208718607e+02 -3.973244832061827332e-03 -9.044879385253560417e-03
1.427602956943949835e+02 -3.974786819656792210e-03 -9.210042770012289923e-03
1.427916949151889128e+02 -3.977960805600332106e-03 -9.599191457905675157e-03
1.428074208713696578e+02 -3.979251074203597749e-03 -9.784687279244943386e-03
1.428231543989504928e+02 -3.978997166243622777e-03 -9.966190724231748996e-03
1.428546622100929540e+02 -3.977213987913613170e-03 -1.025313741982241712e-02
1.428704350352112158e+02 -3.977161870469349270e-03 -1.037940357285842448e-02
1.428862231625315644e+02 -3.974583536403338696e-03 -1.048669659749866707e-02
1.429020048048866158e+02 -3.973415017283615618e-03 -1.058140776176147782e-02
1.429334783045806887e+02 -3.967270116066137775e-03 -1.076588437544337244e-02
1.429491971199009583e+02 -3.964300131308011801e-03 -1.085074944424596448e-02
1.429649052127698212e+02 -3.960126229459053765e-03 -1.092320082995471182e-02
1.429805982148193664e+02 -3.958292382584928555e-03 -1.097919663367751854e-02
1.430119957034117135e+02 -3.953602618209236912e-03 -1.101248879783789728e-02
1.430276938371059430e+02 -3.949371059976954090e-03 -1.099991556665648462e-02
1.430433976308662238e+02 -3.945674337381201678e-03 -1.097644171063210869e-02
1.430748526656594208e+02 -3.935530311309631303e-03 -1.089721431199813795e-02
1.430905919359176437e+02 -3.931341532016111376e-03 -1.084341331964813228e-02
1.431063526746561365e+02 -3.924113705672013785e-03 -1.077790198183648483e-02
1.431221285603712374e+02 -3.919348020646686200e-03 -1.069801791119343211e-02
1.431537162857898124e+02 -3.909138680028414158e-03 -1.050925156767881959e-02
1.431695049291425903e+02 -3.907491781930241825e-03 -1.040535198847402157e-02
1.431852383831438829e+02 -3.903772358831285230e-03 -1.029452285274461316e-02
1.432009429024631402e+02 -3.898659620909167463e-03 -1.017216512035892285e-02
1.432322079813669973e+02 -3.896359368379543730e-03 -9.931672410261081080e-03
1.432478356570443907e+02 -3.895036452655792781e-03 -9.798166466099484176e-03
1.432634853685096914e+02 -3.892305488837681255e-03 -9.668467558322296415e-03
1.432948405831048149e+02 -3.883259111155895702e-03 -9.399187397619374745e-03
1.433105562414528151e+02 -3.881218374575243733e-03 -9.271723420957394754e-03
1.433263134354743613e+02 -3.877744185019772749e-03 -9.146483280254883927e-03
1.433420932313203764e+02 -3.874470151201855374e-03 -9.029260892916465484e-03
1.433736485890584333e+02 -3.876274538323923064e-03 -8.808964124932977882e-03
1.433893667838345891e+02 -3.876109052253614608e-03 -8.699257973150208156e-03
1.434050834214593806e+02 -3.878292462767502467e-03 -8.595398526617538393e-03
1.434207682318944137e+02 -3.883443050669481509e-03 -8.498407233276826164e-03
1.434521209459744853e+02 -3.890421845129341319e-03 -8.374196339661136440e-03
1.434677962617172113e+02 -3.895872053144204192e-03 -8.301828189906565111e-03
1.434834774777876305e+02 -3.900261209336041476e-03 -8.231843990480696566e-03
1.435148851179410485e+02 -3.912611350506035521e-03 -8.202738483199110281e-03
1.435305936776901206e+02 -3.919408128123443372e-03 -8.142361852403167885e-03
1.435463126852872051e+02 -3.925125218592205763e-03 -8.086710869736354543e-03
1.435620515374604622e+02 -3.931833736793300879e-03 -8.057730082073414832e-03
1.435935603462971244e+02 -3.939036015765327338e-03 -7.985474873971403278e-03
1.436093411388505956e+02 -3.945218933358301573e-03 -7.954634371028225862e-03
1.436251376683582919e+02 -3.949316451247243155e-03 -7.926189098793161303e-03
1.436408945182001560e+02 -3.952038900176252714e-03 -7.911747991548510189e-03
1.436723771546853072e+02 -3.959168538721608011e-03 -8.088974909768578692e-03
1.436881027636781596e+02 -3.959988626855422827e-03 -8.309592901486197516e-03
1.437038051037818605e+02 -3.961371251333272760e-03 -8.456420934838849643e-03
1.437351955080152379e+02 -3.965109575712573615e-03 -8.836213397225406094e-03
1.437508958280830882e+02 -3.967102439339561387e-03 -9.046473951027356880e-03
1.437665970103339248e+02 -3.969573061228041412e-03 -9.218915216942884933e-03
1.437822965874502756e+02 -3.972701657626207319e-03 -9.398986547311168407e-03
1.438137418487878563e+02 -3.974726550641989077e-03 -9.775521060206437615e-03
1.438294675384898369e+02 -3.974121381983419452e-03 -9.957185686655604245e-03
1.438452237040730779e+02 -3.973445862019603196e-03 -1.009658384168267940e-02
1.438609910582602254e+02 -3.972842207992381865e-03 -1.023493381954062968e-02
1.438925564815272367e+02 -3.968011139909428248e-03 -1.044912538399414906e-02
1.439083238545411803e+02 -3.965429828567281108e-03 -1.053558767478286057e-02
1.439240626337974618e+02 -3.962131014954852273e-03 -1.062833257296529575e-02
1.439555084905470892e+02 -3.954939917049653426e-03 -1.079846611774372585e-02
1.439712065804032761e+02 -3.952442818983536825e-03 -1.086923702230624400e-02
1.439868989003370245e+02 -3.948679575486087681e-03 -1.092383720723729898e-02
1.440025976869008559e+02 -3.945017441951130521e-03 -1.094891760372632486e-02
1.440339949169186013e+02 -3.938464381749233814e-03 -1.093700483022602699e-02
1.440497101330044529e+02 -3.935963109329176576e-03 -1.091707338649164361e-02
1.440654431729784335e+02 -3.929437571079544798e-03 -1.088173032148310841e-02
1.440811660751156182e+02 -3.925373294623567093e-03 -1.083040178748857427e-02
1.441126799673644427e+02 -3.913083173444765854e-03 -1.070688171312713342e-02
1.441284760254745834e+02 -3.909204127009643578e-03 -1.062542010778568316e-02
1.441442554849286921e+02 -3.902978148917258822e-03 -1.053718114092179990e-02
1.441600553104811411e+02 -3.899312761927564274e-03 -1.043631029817487788e-02
1.441915467992449749e+02 -3.893039218606900859e-03 -1.021996332471043940e-02
1.442072363735408942e+02 -3.888931053182252424e-03 -1.009835546403845159e-02
1.442228618259226494e+02 -3.887109570184712516e-03 -9.983437769660123348e-03
1.442541127574882012e+02 -3.882765406335040963e-03 -9.727457609122670823e-03
1.442697713866773199e+02 -3.878732884315347698e-03 -9.595973092528750983e-03
1.442854470057181686e+02 -3.874165835162844858e-03 -9.462164581256860690e-03
1.443011467213405012e+02 -3.871136947273578436e-03 -9.329704326965929453e-03
1.443326482756235691e+02 -3.866854945412772238e-03 -9.080840210705595078e-03
1.443484401724920190e+02 -3.867039517499518565e-03 -8.966026667509360490e-03
1.443642118499008120e+02 -3.865369000282071685e-03 -8.854508770056973566e-03
1.443956833227288996e+02 -3.869402203197807189e-03 -8.638063155580324309e-03
1.444113765611363078e+02 -3.872057669799532174e-03 -8.535030705604709084e-03
1.444270696976363411e+02 -3.873301159168174735e-03 -8.443037181513962305e-03
1.444427469237317041e+02 -3.879044313782965651e-03 -8.380555314550933513e-03
1.444740910610493074e+02 -3.889424253979300097e-03 -8.241238377170773469e-03
1.444897761413284911e+02 -3.894748999662189359e-03 -8.171990477056693264e-03
1.445054778904359978e+02 -3.899722917663407500e-03 -8.135885894142375410e-03
1.445211857921917442e+02 -3.904323763546907033e-03 -8.125040525728413968e-03
1.445526221400097029e+02 -3.917135571142270171e-03 -8.027047849915348865e-03
1.445683712784004626e+02 -3.923315979284207680e-03 -7.992182632160943836e-03
1.445841205244138337e+02 -3.929849707945818303e-03 -7.957155560161422933e-03
1.446156763454057455e+02 -3.938365908381901911e-03 -7.890538903950106500e-03
1.446314630432493686e+02 -3.943163931319456847e-03 -7.864594156990974833e-03
1.446472267473719455e+02 -3.947146755380839811e-03 -7.860187522363179871e-03
1.446629548901915712e+02 -3.950271943478285940e-03 -7.936901390733655179e-03
1.446944015446543403e+02 -3.955239055039766298e-03 -8.328962465539794732e-03
1.447101039785465559e+02 -3.958947222567277963e-03 -8.461318696007394738e-03
1.447257984755960365e+02 -3.960315300542332183e-03 -8.657582816564405107e-03
1.447414942211244409e+02 -3.962359179174277345e-03 -8.877827253735377788e-03
1.447728910243834548e+02 -3.965551200046678326e-03 -9.211736420231661851e-03
1.447885931552961267e+02 -3.967109765249499966e-03 -9.388260317097217242e-03
1.448043152343788620e+02 -3.968453217352165170e-03 -9.591202511740023681e-03
1.448200508077241295e+02 -3.969549826999759640e-03 -9.813375899439908887e-03
1.448515468663313186e+02 -3.969816544088742086e-03 -1.007158255183243645e-02
1.448673167380231348e+02 -3.967302956423845312e-03 -1.020957642506933882e-02
1.448831094840749927e+02 -3.965476656343785641e-03 -1.031848284355578460e-02
1.449146342444840627e+02 -3.959857412159562343e-03 -1.047981470018353144e-02
1.449303722919652557e+02 -3.956978401518914355e-03 -1.056837038481643100e-02
1.449460970348908972e+02 -3.954151178463498686e-03 -1.065679084473470165e-02
1.449618069226463888e+02 -3.951876180095934693e-03 -1.074144399287674766e-02
1.449931988834555341e+02 -3.946489116360668570e-03 -1.086422856492625863e-02
1.450088952649642238e+02 -3.942478201737429841e-03 -1.087932668212148249e-02
1.450245901120782435e+02 -3.938634642048488912e-03 -1.088501692506695269e-02
1.450402924811488674e+02 -3.934650441223503520e-03 -1.086789803458681342e-02
1.450717496236009936e+02 -3.925676637367501130e-03 -1.081311712199959155e-02
1.450874816734865078e+02 -3.921682121477910316e-03 -1.076606998964368088e-02
1.451032395151441676e+02 -3.913301111026100745e-03 -1.070857377764868057e-02
1.451348031055571255e+02 -3.902971517302853636e-03 -1.055525728717812868e-02
1.451505990184988093e+02 -3.900309362492881005e-03 -1.046290848489775382e-02
1.451663887904745138e+02 -3.894421390256233486e-03 -1.036210924795046874e-02
1.451821419720787674e+02 -3.891692516340420922e-03 -1.025711775957793143e-02
1.452135238990268533e+02 -3.886222715202084562e-03 -1.002078706501983822e-02
1.452291391863905403e+02 -3.885269010944034963e-03 -9.903978391480130344e-03
1.452447600760127386e+02 -3.883596080402947764e-03 -9.774329941744619790e-03
1.452604037219256838e+02 -3.880742614453729176e-03 -9.646273666252721743e-03
1.452917406200629102e+02 -3.872669339432652583e-03 -9.380397136232164826e-03
1.453074488517945895e+02 -3.868678194997397964e-03 -9.252236093022437463e-03
1.453232008591961062e+02 -3.865233721498867198e-03 -9.127328698588016084e-03
1.453547742245525853e+02 -3.864829771107520465e-03 -8.896076486132947422e-03
1.453705300486534782e+02 -3.865697425753635008e-03 -8.786530212973094750e-03
1.453862612821688174e+02 -3.865546808818150128e-03 -8.677400630671013720e-03
1.454019798020559904e+02 -3.868634161555604099e-03 -8.571424769017238141e-03
1.454333489041710834e+02 -3.874810807734726994e-03 -8.386412212655019668e-03
1.454490141051849434e+02 -3.880711717472685660e-03 -8.329898066287942660e-03
1.454646879097151668e+02 -3.884319634945426324e-03 -8.266561833885483629e-03
1.454803641756569164e+02 -3.891001652861423177e-03 -8.182985740331924496e-03
1.455117667331466293e+02 -3.903890510765939664e-03 -8.083395225187174626e-03
1.455274758456359336e+02 -3.909509759445648110e-03 -8.068606704629898568e-03
1.455431878780245825e+02 -3.915894053539440735e-03 -8.041631398978479200e-03
1.455746715333942802e+02 -3.926417832551563035e-03 -7.957152781850156120e-03
1.455904306906551824e+02 -3.932266604743965208e-03 -7.924729454010870713e-03
1.456062117882067923e+02 -3.936915186455839516e-03 -7.891764307151424851e-03
1.456220028759870502e+02 -3.942337671532685113e-03 -7.858652496334970344e-03
1.456535313172294934e+02 -3.948898295034945424e-03 -7.829876819463336968e-03
1.456692577033089151e+02 -3.952700948070598554e-03 -7.929272783205440836e-03
1.456849821273438579e+02 -3.955676685397883398e-03 -8.158048710114435345e-03
1.457006881737574702e+02 -3.958003843054817665e-03 -8.333119168178762526e-03
1.457320815778710710e+02 -3.960578975141713226e-03 -8.664624042966039691e-03
1.457477814328787531e+02 -3.964068743532729588e-03 -8.877456548497765151e-03
1.457634823524341527e+02 -3.967569060582835407e-03 -9.035456461460604841e-03
1.457948898070781638e+02 -3.969833778943609136e-03 -9.390174846030795164e-03
1.458106174521263654e+02 -3.972708129207707176e-03 -9.623777755666052328e-03
1.458263461360502902e+02 -3.970021659343677539e-03 -9.832207427839072256e-03
1.458420944086144573e+02 -3.970016561928724728e-03 -9.947173865269189758e-03
1.458736455781442203e+02 -3.967273273931159333e-03 -1.019407603745123812e-02
1.458894252490808299e+02 -3.964064402189764781e-03 -1.029064791184823753e-02
1.459052025897914859e+02 -3.960919063540183777e-03 -1.036835640781639221e-02
1.459209401806267010e+02 -3.960473178119336066e-03 -1.044595175860189157e-02
1.459523882415660694e+02 -3.952280323111108905e-03 -1.062556460041874130e-02
1.459680914239393417e+02 -3.948798336393789452e-03 -1.071310960741636217e-02
1.459837837656229738e+02 -3.945073301813348948e-03 -1.078424032231604240e-02
1.460151810867436666e+02 -3.940275786255210272e-03 -1.083639476567790395e-02
1.460308788112720890e+02 -3.937390671992213424e-03 -1.083815552142459310e-02
1.460465914558598683e+02 -3.933076047008472395e-03 -1.082080284853237026e-02
1.460623201178093211e+02 -3.929770098835751180e-03 -1.080049599170393969e-02
1.460937915693777711e+02 -3.916661694936557185e-03 -1.070976246383457606e-02
1.461095520309136475e+02 -3.911678566640231294e-03 -1.064984612267753927e-02
1.461253408704279195e+02 -3.905543331658326272e-03 -1.057671089309706811e-02
1.461411243354036742e+02 -3.899377565508342722e-03 -1.049218007623879158e-02
1.461727076174530850e+02 -3.893742739997672030e-03 -1.029597393687910201e-02
1.461884448919783495e+02 -3.888713150951142884e-03 -1.018875254618040876e-02
1.462041458792078004e+02 -3.884506713044456189e-03 -1.006994003844633410e-02
1.462353981695315781e+02 -3.880752120522195422e-03 -9.835035529119557848e-03
1.462510266879711480e+02 -3.879666994148932811e-03 -9.704506047493894130e-03
1.462666755128886393e+02 -3.876093683485229077e-03 -9.575493620972310924e-03
1.462823418773036508e+02 -3.872801099317483425e-03 -9.443622204123740954e-03
1.463137550753177152e+02 -3.867314405731311130e-03 -9.185618469035285866e-03
1.463295136984030478e+02 -3.863485212409585416e-03 -9.062607702222827064e-03
1.463452994298540659e+02 -3.861485285377480765e-03 -8.947774331377972290e-03
1.463610838794422193e+02 -3.861768889657793847e-03 -8.836433785768522606e-03
1.463925541628059079e+02 -3.864311456879846070e-03 -8.619587398953642426e-03
1.464082580002293810e+02 -3.867365832858523679e-03 -8.515361937234901604e-03
1.464239426382417548e+02 -3.869917340470326039e-03 -8.418634940656789800e-03
1.464552879748007399e+02 -3.877281002145597719e-03 -8.290013180943514234e-03
1.464709588576768908e+02 -3.884504955760960821e-03 -8.217098031021930621e-03
1.464866405425041478e+02 -3.889903186952166098e-03 -8.137238974631855887e-03
1.465023408816172434e+02 -3.894262130779396758e-03 -8.073884483230821599e-03
1.465337600911924198e+02 -3.906928002135252528e-03 -8.022662078595277704e-03
1.465494827234504385e+02 -3.915530016145972111e-03 -7.996868166590460902e-03
1.465652316665637898e+02 -3.920359442378120243e-03 -7.956743383740727191e-03
1.465809740030544503e+02 -3.926549105587320669e-03 -7.915344442357641341e-03
1.466125278243447383e+02 -3.936526678709384788e-03 -7.847941503562508303e-03
1.466283203178379893e+02 -3.942368723006277158e-03 -7.815831010785905669e-03
1.466440793523658499e+02 -3.945761420586235864e-03 -7.790723275298681687e-03
1.466755520080148756e+02 -3.950432698092433068e-03 -7.966085153175260156e-03
1.466912722702586507e+02 -3.954821713580118463e-03 -8.195771839804678188e-03
1.467069773094829941e+02 -3.956277110856129195e-03 -8.334742705430593299e-03
1.467226692165552038e+02 -3.958730297073892977e-03 -8.478356208624368909e-03
1.467540635412777874e+02 -3.962019027693352603e-03 -8.875375103662474022e-03
1.467697632526147800e+02 -3.963549556035061115e-03 -9.017052595380962640e-03
1.467854645051262139e+02 -3.965603134501781077e-03 -9.200259538976865437e-03
1.468011818241307083e+02 -3.968591675466840926e-03 -9.416122543742085071e-03
1.468326463650485039e+02 -3.969100144312292730e-03 -9.812772291299658861e-03
1.468484055378830249e+02 -3.970122908321957987e-03 -9.934879587955657010e-03
1.468641724508497930e+02 -3.966248271902235445e-03 -1.005750680457437318e-02
1.468957450789178267e+02 -3.963086353848832392e-03 -1.024045800652668634e-02
1.469114982471479323e+02 -3.960745819049718563e-03 -1.032243090854535056e-02
1.469272377706562906e+02 -3.955323971583275811e-03 -1.040087027506901747e-02
1.469429673743858871e+02 -3.953889867553842495e-03 -1.049149344989978166e-02
1.469743761070091068e+02 -3.947442522910446505e-03 -1.068305876413330399e-02
1.469900679380951090e+02 -3.944464757149510580e-03 -1.075189957663621673e-02
1.470057653805655207e+02 -3.940565749242262890e-03 -1.078218787146789301e-02
1.470214616823073470e+02 -3.936319229428698885e-03 -1.079957496490392341e-02
1.470528828723161325e+02 -3.928646803927764684e-03 -1.078426114234042055e-02
1.470686155331675593e+02 -3.923594003755456749e-03 -1.075775197401684577e-02
1.470843450602906728e+02 -3.919723324365082494e-03 -1.071733982533823806e-02
1.471000990699612032e+02 -3.914880515790443265e-03 -1.066943119423541600e-02
1.471316576049201501e+02 -3.901631894576415571e-03 -1.053293724173064161e-02
1.471474519974007364e+02 -3.896928565104131482e-03 -1.044699885821863058e-02
1.471632396420626208e+02 -3.893058264202579975e-03 -1.035028058220612522e-02
1.471947376191180865e+02 -3.886334921338549259e-03 -1.013961719478433283e-02
1.472104227160126584e+02 -3.883133221646232168e-03 -1.001978151822433168e-02
1.472260471754079845e+02 -3.880717880662483583e-03 -9.905550696752465564e-03
1.472416611785872647e+02 -3.879905336927736044e-03 -9.780387802652020998e-03
1.472729451946058248e+02 -3.873430020249301990e-03 -9.519644456857087600e-03
1.472886172152648783e+02 -3.869264167224710938e-03 -9.387104060207136433e-03
1.473043171837977638e+02 -3.864199895078739878e-03 -9.257097929696743790e-03
1.473200599292092932e+02 -3.860858578618455664e-03 -9.132056987204177287e-03
1.473516260810553717e+02 -3.861320886422672793e-03 -8.898521582866011914e-03
1.473673863749525310e+02 -3.860478379816703783e-03 -8.786665163918105578e-03
1.473831323533117086e+02 -3.862067163682264635e-03 -8.678717515312241518e-03
1.474145269464603984e+02 -3.864527381579259489e-03 -8.470249170285354401e-03
1.474302169769234752e+02 -3.868185871713099386e-03 -8.377027282563502542e-03
1.474458855144465588e+02 -3.873265461821905238e-03 -8.310369419475353500e-03
1.474615547185941864e+02 -3.878935458641444289e-03 -8.255450540006651489e-03
1.474929192650537004e+02 -3.890765952251635639e-03 -8.096558354124466089e-03
1.475086215385382502e+02 -3.895918255944911483e-03 -8.033810541844122258e-03
1.475243286822222046e+02 -3.902256061872116152e-03 -7.991113891712278011e-03
1.475400412732399502e+02 -3.908866296388640617e-03 -7.958800781678345565e-03
1.475715260157649027e+02 -3.921666337253280725e-03 -7.919070493908364136e-03
1.475872784186843489e+02 -3.929030129122898160e-03 -7.881433183111198268e-03
1.476030551324765270e+02 -3.932538626385219914e-03 -7.843581296403586214e-03
1.476346188153486025e+02 -3.942453583947527762e-03 -7.781636435736326123e-03
1.476503852301356119e+02 -3.947749676352746775e-03 -7.761679389545668786e-03
1.476661098204092184e+02 -3.948835959655963568e-03 -7.807237526052968404e-03
1.476818398304614561e+02 -3.953711255507835753e-03 -8.002210882188819444e-03
1.477132536669730882e+02 -3.957459439820539340e-03 -8.334473665766084852e-03
1.477289457357078390e+02 -3.961352887724735317e-03 -8.482817909768550560e-03
1.477446451187114178e+02 -3.964247948155136606e-03 -8.688854062440408074e-03
1.477603476400676925e+02 -3.965954558321671715e-03 -8.852717058703319514e-03
1.477917461883430121e+02 -3.969067720294702090e-03 -9.205327177869804950e-03
1.478074717075248827e+02 -3.970268375341984811e-03 -9.450436892080218282e-03
1.478232045130468748e+02 -3.969924839355660172e-03 -9.660376250374053120e-03
1.478547110515505665e+02 -3.967786964174565764e-03 -9.915994116717957371e-03
1.478704829094440356e+02 -3.967499622965490157e-03 -1.002659213734356965e-02
1.478862718956007996e+02 -3.964696338724213800e-03 -1.010841903202497165e-02
1.479020547489346029e+02 -3.963301110067958023e-03 -1.018775198592520095e-02
1.479335294893877233e+02 -3.956755676298931955e-03 -1.035061436442943038e-02
1.479492486458073017e+02 -3.953632247847099941e-03 -1.044724803504157480e-02
1.479649566805869085e+02 -3.949259244497977522e-03 -1.055174749317832131e-02
1.479806492451459121e+02 -3.947154933034225863e-03 -1.064688915036720446e-02
1.480120453204156945e+02 -3.941992087476753337e-03 -1.073342743728970643e-02
1.480277427497852614e+02 -3.937575630867588654e-03 -1.075230924360541691e-02
1.480434458191615477e+02 -3.933626011497398482e-03 -1.074237137392097634e-02
1.480749011464569662e+02 -3.922969183669059237e-03 -1.070365917780864706e-02
1.480906411347912126e+02 -3.918606468797609065e-03 -1.066582220036788563e-02
1.481064033312594006e+02 -3.911181779652075224e-03 -1.061597587311458556e-02
1.481221743027798539e+02 -3.905834899324895759e-03 -1.055476411552134716e-02
1.481537673751710713e+02 -3.893856975400160174e-03 -1.038975189490310216e-02
1.481695538381746360e+02 -3.891628149177938072e-03 -1.029182959626722023e-02
1.481853022091054015e+02 -3.887681248012450023e-03 -1.019132376034619786e-02
1.482010214935965564e+02 -3.883556679933179018e-03 -1.007714920890502228e-02
1.482322945993194026e+02 -3.880063179184273323e-03 -9.845688134936652139e-03
1.482479167237809747e+02 -3.878925069554218803e-03 -9.715740117212922147e-03
1.482635569506025774e+02 -3.876777079351216657e-03 -9.587434926910946148e-03
1.482948952834350109e+02 -3.868209145964954156e-03 -9.323860450000345801e-03
1.483106062412655604e+02 -3.865625768881631244e-03 -9.197152746803920892e-03
1.483263613215987391e+02 -3.861722386058241523e-03 -9.072809749674153740e-03
1.483421405969076261e+02 -3.858391428165915561e-03 -8.955846772615018783e-03
1.483736959575885521e+02 -3.860401039454198005e-03 -8.734540178001144045e-03
1.483894119664658433e+02 -3.860289471345354495e-03 -8.624635721065636307e-03
1.484051228878617792e+02 -3.862443960494516080e-03 -8.519643689074129708e-03
1.484208003019260218e+02 -3.867414425652315919e-03 -8.420097458296613852e-03
1.484521432860922516e+02 -3.874084086949290077e-03 -8.272198218455756660e-03
1.484678142831044170e+02 -3.879745222743204072e-03 -8.211744923520974959e-03
1.484834921053612788e+02 -3.885184267517890078e-03 -8.127214008229176681e-03
1.485148957329126631e+02 -3.898463142943343809e-03 -7.991690337053474619e-03
1.485306057435496712e+02 -3.906525568861563859e-03 -7.944446185398242738e-03
1.485463278321245753e+02 -3.912858819003628766e-03 -7.906285625448374391e-03
1.485620694516187541e+02 -3.920615439626135533e-03 -7.886703346849776447e-03
1.485935818392082410e+02 -3.929658972532273399e-03 -7.840280984695531530e-03
1.486093633212448708e+02 -3.936855624401151832e-03 -7.799712701477582062e-03
1.486251590597714198e+02 -3.941778701899694565e-03 -7.764881431690046076e-03
1.486409154202551974e+02 -3.945451246526719170e-03 -7.737269402559331100e-03
1.486723970851587922e+02 -3.954134858525745928e-03 -7.812708207539787245e-03
1.486881226845760580e+02 -3.955613603445504688e-03 -8.046556389147406854e-03
1.487038251052537134e+02 -3.957531802287290665e-03 -8.230820245543996397e-03
1.487352156785188129e+02 -3.962139549686960818e-03 -8.488601789644282386e-03
1.487509160580165428e+02 -3.964479721098185423e-03 -8.690823392924833593e-03
1.487666171980028196e+02 -3.967250565274047479e-03 -8.842688567431245678e-03
1.487823168072086446e+02 -3.970687614176266790e-03 -9.016450930678644032e-03
1.488137620686376295e+02 -3.973201395998589812e-03 -9.491510674501968045e-03
1.488294875464276004e+02 -3.972813485605106859e-03 -9.653339296491758592e-03
1.488452435265846532e+02 -3.972302636970868016e-03 -9.767735236152968320e-03
1.488610104790295168e+02 -3.971806865164298310e-03 -9.908265921952546726e-03
1.488925762305393050e+02 -3.967152958001128778e-03 -1.008085046320788755e-02
1.489083442905692607e+02 -3.964658955720767528e-03 -1.015912358870444364e-02
1.489240833939356605e+02 -3.961401321714005073e-03 -1.024208127610232860e-02
1.489555292705510396e+02 -3.954371246799737692e-03 -1.044084313584738022e-02
1.489712269555396063e+02 -3.951903148070924111e-03 -1.054957670374243560e-02
1.489869189018653231e+02 -3.948180762095177682e-03 -1.063882986146147229e-02
1.490026173713516755e+02 -3.944524314008138535e-03 -1.068571494245053495e-02
1.490340134735769198e+02 -3.937945290858931545e-03 -1.072793757667311540e-02
1.490497281582499340e+02 -3.935458469794166428e-03 -1.071983824425069322e-02
1.490654613412368974e+02 -3.928911974277825292e-03 -1.070731387499031413e-02
1.490811847042586749e+02 -3.924883576770872053e-03 -1.067525219969311760e-02
1.491126990421598464e+02 -3.912343392510449908e-03 -1.058452593026958620e-02
1.491284917353478079e+02 -3.907780250132015382e-03 -1.052003677223728451e-02
1.491442811684324283e+02 -3.900965235265613576e-03 -1.043840366624168743e-02
1.491600700776930353e+02 -3.896596055904083446e-03 -1.034908460091701898e-02
1.491915907524872011e+02 -3.889128644353749553e-03 -1.014733111733833598e-02
1.492072993339657216e+02 -3.884628449930337558e-03 -1.002995059516792811e-02
1.492229308317530752e+02 -3.882605852741508826e-03 -9.916934789162640262e-03
1.492541680554591892e+02 -3.878892323111684214e-03 -9.667209177332511047e-03
1.492698140677730407e+02 -3.875432304046912049e-03 -9.537266864705318606e-03
1.492854777694522568e+02 -3.870982074697125030e-03 -9.406095039011817815e-03
1.493011679894392785e+02 -3.867887114838898781e-03 -9.273872680929369158e-03
1.493326616659473984e+02 -3.862205757666600965e-03 -9.026172123749476653e-03
1.493484530873337235e+02 -3.861915337768427429e-03 -8.911929571906382352e-03
1.493642264183540647e+02 -3.860176492673849085e-03 -8.799790125985246583e-03
1.493956938077326981e+02 -3.863846638345215002e-03 -8.582836378724419818e-03
1.494113792232596722e+02 -3.866537224393994891e-03 -8.479795712516212738e-03
1.494270644802378172e+02 -3.867355430496926139e-03 -8.381914647702801840e-03
1.494427355706411333e+02 -3.872897676864860746e-03 -8.299656997762555610e-03
1.494740710258566310e+02 -3.883327752258298408e-03 -8.178383057334375969e-03
1.494897537877001241e+02 -3.889358344848806073e-03 -8.093905646186994735e-03
1.495054537995162320e+02 -3.895115340357911335e-03 -8.019047652875869320e-03
1.495211615385020991e+02 -3.900423706644367237e-03 -7.961100141549755024e-03
1.495526046120100716e+02 -3.914653796246992529e-03 -7.864223763496542077e-03
1.495683558138495357e+02 -3.921976716452216759e-03 -7.836226779087894848e-03
1.495841064031792484e+02 -3.929424857172540350e-03 -7.820272700248894968e-03
1.496156629453384141e+02 -3.939587005988669233e-03 -7.764519188117756723e-03
1.496314490762218554e+02 -3.945277827388114257e-03 -7.730081721647667596e-03
1.496472133696987328e+02 -3.950130346809879907e-03 -7.701663759091858033e-03
1.496629423878311513e+02 -3.954011092383086755e-03 -7.714298820182228199e-03
1.496943915057173626e+02 -3.960107588136222920e-03 -8.095176412594070822e-03
1.497100947935159638e+02 -3.964188317809819694e-03 -8.226736837760848658e-03
1.497257898469735835e+02 -3.966007414850887709e-03 -8.325559819770371114e-03
1.497414858657847390e+02 -3.968373674120958573e-03 -8.493218897939412357e-03
1.497728821845878429e+02 -3.971975835206578362e-03 -8.845683887840813039e-03
1.497885839830925647e+02 -3.973601884086211573e-03 -9.043249534570925452e-03
1.498043056499611509e+02 -3.974952463838808854e-03 -9.281952230506576931e-03
1.498200405470812200e+02 -3.976067800344428547e-03 -9.510411275711429246e-03
1.498515352575968222e+02 -3.976286240905029315e-03 -9.763376731645307532e-03
1.498673040555150635e+02 -3.973668868218198369e-03 -9.888362229410979296e-03
1.498830970946573018e+02 -3.971730429600971689e-03 -9.980950418179783054e-03
1.499146245540555356e+02 -3.965924995173966683e-03 -1.013167794607163115e-02
1.499303629564448102e+02 -3.962923228697770063e-03 -1.022341872735126750e-02
1.499460882686909144e+02 -3.960068179196942623e-03 -1.032600740898025754e-02
1.499617981469210406e+02 -3.957676572726443777e-03 -1.043601754115859245e-02
1.499931895251632454e+02 -3.952019339632591340e-03 -1.062075161432273450e-02
1.500088854371915090e+02 -3.947902305095767755e-03 -1.066188219341960078e-02
1.500245794576053413e+02 -3.943944427036466527e-03 -1.069308435674215171e-02
1.500402806979586217e+02 -3.939828988501667927e-03 -1.069253106706579207e-02
1.500717373244620774e+02 -3.930624504063773977e-03 -1.067322821536645545e-02
1.500874698229624755e+02 -3.926491495722519293e-03 -1.064192999091309426e-02
1.501032287204411944e+02 -3.918291093599632346e-03 -1.060026745808671615e-02
1.501347894335427782e+02 -3.906077169318071269e-03 -1.047784123523378373e-02
1.501505878411291803e+02 -3.902270489522537741e-03 -1.039656739627185106e-02
1.501663675179732707e+02 -3.895717136728814832e-03 -1.030386617603240920e-02
1.501821324669701596e+02 -3.892251194357554574e-03 -1.020699635561427704e-02
1.502135576654342515e+02 -3.886317480166074246e-03 -9.980872726540888223e-03
1.502291764385986426e+02 -3.884506426165831167e-03 -9.868462296116107049e-03
1.502447902134205435e+02 -3.882611170541245410e-03 -9.742398273108019910e-03
1.502604247728825726e+02 -3.880308157860143641e-03 -9.614027139106806619e-03
1.502917388392079374e+02 -3.872597391219801538e-03 -9.351538262708016316e-03
1.503074398991057592e+02 -3.867784620597209885e-03 -9.222668991136455732e-03
1.503231863599795020e+02 -3.863253268970618434e-03 -9.097797076406372030e-03
1.503547601911675429e+02 -3.861643520287335457e-03 -8.865376440900614094e-03
1.503705160680910353e+02 -3.862023718479640384e-03 -8.754519174328146205e-03
1.503862482756618135e+02 -3.861425076369869556e-03 -8.645260453439610610e-03
1.504019635150572469e+02 -3.864326433041338424e-03 -8.537647910462436984e-03
1.504333174995742297e+02 -3.869444389690855635e-03 -8.341644469128148276e-03
1.504489766713402616e+02 -3.874915575437046580e-03 -8.265525435173037491e-03
1.504646452292557512e+02 -3.878154466720087901e-03 -8.215151046619604408e-03
1.504803190571936682e+02 -3.885236161823618986e-03 -8.138330072430458376e-03
1.505117172706368365e+02 -3.898635240862612528e-03 -7.983527662379752421e-03
1.505274271642983308e+02 -3.905137143633683871e-03 -7.924635572791235635e-03
1.505431423177629142e+02 -3.912201177435879057e-03 -7.871081030577471369e-03
1.505746307171762908e+02 -3.924884613189015201e-03 -7.790021414137166672e-03
1.505903919765241881e+02 -3.931554645870190962e-03 -7.771390216368613546e-03
1.506061740856072788e+02 -3.937085842985999472e-03 -7.754207676072352555e-03
1.506219641739503174e+02 -3.943523566634321922e-03 -7.725242739231321341e-03
1.506534917555805748e+02 -3.952185033804411947e-03 -7.668362284667310305e-03
1.506692185502345183e+02 -3.956798551595194086e-03 -7.703475520113514316e-03
1.506849435835733004e+02 -3.960553293650160948e-03 -7.895455555543351781e-03
1.507006503957128416e+02 -3.963552249308499587e-03 -8.131116833853313519e-03
1.507320451462868505e+02 -3.967099570522006347e-03 -8.318630304029099240e-03
1.507477451403654811e+02 -3.971002003380536688e-03 -8.501947512272768626e-03
1.507634458765556644e+02 -3.974879849789110346e-03 -8.693575816900186645e-03
1.507948529531632005e+02 -3.977620779897506238e-03 -9.086891317635235540e-03
1.508105803298477952e+02 -3.980716075269083963e-03 -9.321981335852765754e-03
1.508263084659702997e+02 -3.978187167219344490e-03 -9.528768053116141654e-03
1.508420559712444913e+02 -3.978368598755488254e-03 -9.666114495199357171e-03
1.508736049039052887e+02 -3.975675324431037286e-03 -9.870028134319572266e-03
1.508893857719008338e+02 -3.972491636943128318e-03 -9.966845473163850333e-03
1.509051647649850452e+02 -3.969376147090482310e-03 -1.005396951399696072e-02
1.509209037226046917e+02 -3.968928608519264531e-03 -1.013074879513926191e-02
1.509523527564962251e+02 -3.960866697106408575e-03 -1.034230487020613813e-02
1.509680558483455286e+02 -3.957327372230538126e-03 -1.046112383023218607e-02
1.509837476985470914e+02 -3.953609771902010482e-03 -1.056499295906098562e-02
1.510151436953954942e+02 -3.948759299553965436e-03 -1.066293548511834839e-02
1.510308403782083246e+02 -3.945823097164816336e-03 -1.068836878738643748e-02
1.510465518509521985e+02 -3.941385840257489830e-03 -1.068282329519900167e-02
1.510622799631732960e+02 -3.938045766151948568e-03 -1.068081848764871992e-02
1.510937522019528672e+02 -3.924941737073889270e-03 -1.062721413947111809e-02
1.511095142674470537e+02 -3.919593968576336185e-03 -1.058437435868689151e-02
1.511252975029022707e+02 -3.912683756672468739e-03 -1.052886717117131402e-02
1.511410843006452751e+02 -3.905303288900827466e-03 -1.045273768787946880e-02
1.511726550857774782e+02 -3.897707525974979104e-03 -1.027652532949080953e-02
1.511884147249128887e+02 -3.892844440948703671e-03 -1.017620289267380344e-02
1.512041415512576634e+02 -3.888516457732952084e-03 -1.006249211094437969e-02
1.512354119541645900e+02 -3.883168033361903727e-03 -9.832107068458910068e-03
1.512510309580783030e+02 -3.881883910115742353e-03 -9.702050697554026951e-03
1.512666693154984046e+02 -3.879487497294241850e-03 -9.571777802936949631e-03
1.512823213407613139e+02 -3.875984660201939411e-03 -9.441618295320848217e-03
1.513137140094335393e+02 -3.869310996927316677e-03 -9.181858231164774162e-03
1.513294682570225405e+02 -3.864193578284417889e-03 -9.057772170825888550e-03
1.513452531526022256e+02 -3.861240677419513004e-03 -8.941954063311110049e-03
1.513610404782831438e+02 -3.860711936652924670e-03 -8.829164796895818887e-03
1.513925115377868167e+02 -3.862605752110351287e-03 -8.609882587452041131e-03
1.514082112842238246e+02 -3.865533110458630947e-03 -8.504209176218227931e-03
1.514238868933772153e+02 -3.867497419337658469e-03 -8.405036304013678225e-03
1.514552162405684328e+02 -3.874154822911459340e-03 -8.243317416457974015e-03
1.514708824283253534e+02 -3.881085006354549529e-03 -8.190571641860851584e-03
1.514865618241933873e+02 -3.887013196643850001e-03 -8.110428373465797605e-03
1.515022600060768809e+02 -3.892019322374149978e-03 -8.026904853407951582e-03
1.515336799056860571e+02 -3.905863949109230748e-03 -7.900371188312573650e-03
1.515494055128961008e+02 -3.915113002764226795e-03 -7.842385199893974965e-03
1.515651566728451485e+02 -3.921541399169383921e-03 -7.791619161716996193e-03
1.515809013809150372e+02 -3.928587388794500812e-03 -7.754448068697458035e-03
1.516124569972856193e+02 -3.940735675120302442e-03 -7.704933244264433080e-03
1.516282489547561170e+02 -3.947627157066904181e-03 -7.680400439180621978e-03
1.516440079629257696e+02 -3.952073583567662467e-03 -7.644874391237255554e-03
1.516754820469245999e+02 -3.958565467443568922e-03 -7.697361667706016999e-03
1.516912032124160419e+02 -3.963688557020319560e-03 -7.948608863193200313e-03
1.517069092422256915e+02 -3.965647132659350614e-03 -8.144519769422613534e-03
1.517226023410866844e+02 -3.968690752729218778e-03 -8.187937272230615821e-03
1.517539969287272754e+02 -3.972830077868046324e-03 -8.511737014486486785e-03
1.517696963290629526e+02 -3.974622471895429554e-03 -8.713100348651836233e-03
1.517853972175696811e+02 -3.976983840187401330e-03 -8.910925498715836085e-03
1.518011139850833615e+02 -3.980215844683167650e-03 -9.127787863279550329e-03
1.518325767459677422e+02 -3.980887073669552023e-03 -9.544812362058407301e-03
1.518483349580526180e+02 -3.981911820313106809e-03 -9.673213168192907468e-03
1.518641005575618408e+02 -3.978087839773639459e-03 -9.761151635026974610e-03
1.518956739725515206e+02 -3.974932509024984087e-03 -9.955062801945333689e-03
1.519114294473956477e+02 -3.972532350641429059e-03 -1.004262485814326478e-02
1.519271697797901766e+02 -3.967041459048156402e-03 -1.012503138483464640e-02
1.519429001545313724e+02 -3.965604962213199920e-03 -1.023606364833658244e-02
1.519743084208210462e+02 -3.958941535732281129e-03 -1.048422324317725522e-02
1.519899994444737956e+02 -3.955869640564818948e-03 -1.057800941792664227e-02
1.520056961811319525e+02 -3.951867047163794104e-03 -1.062698883232555264e-02
1.520213917584418937e+02 -3.947470667716820002e-03 -1.066553664550520808e-02
1.520528106048192001e+02 -3.939633848309878617e-03 -1.067804501370005557e-02
1.520685436876283063e+02 -3.934430793274521637e-03 -1.067418712397202353e-02
1.520842738221653292e+02 -3.930477971309535336e-03 -1.065058930423077796e-02
1.521000288142635668e+02 -3.925712998726349490e-03 -1.061733740277011860e-02
1.521315860003245461e+02 -3.911358620937771882e-03 -1.051338237981773623e-02
1.521473802197521366e+02 -3.905501478648339738e-03 -1.043533627581938808e-02
1.521631509200759069e+02 -3.899820334721715645e-03 -1.034867356940252260e-02
1.521946861027589080e+02 -3.890568776033808459e-03 -1.015064974179301534e-02
1.522104018019701357e+02 -3.888154031560768758e-03 -1.003445861494182620e-02
1.522260451810861355e+02 -3.884331117806027935e-03 -9.921219251566139666e-03
1.522416542932355128e+02 -3.882389914860100849e-03 -9.800226665932311454e-03
1.522729090985234564e+02 -3.877273195303888604e-03 -9.538098340278650805e-03
1.522885652627437025e+02 -3.873075154213535300e-03 -9.407168105875624714e-03
1.523042509775187057e+02 -3.868487006818927681e-03 -9.275845564271361851e-03
1.523357477364208421e+02 -3.863134645999352374e-03 -9.028312400613830446e-03
1.523515460449320358e+02 -3.861128902508970465e-03 -8.913949331566145204e-03
1.523673105232863350e+02 -3.858942607671954177e-03 -8.800501562246992523e-03
1.523830603107819002e+02 -3.860182431984367311e-03 -8.691989512939056473e-03
1.524144473417497920e+02 -3.861329687159373390e-03 -8.480035522638854420e-03
1.524301275081682547e+02 -3.864145678828263385e-03 -8.381575052268408835e-03
1.524457853405146466e+02 -3.868816518469649773e-03 -8.289742380180698672e-03
1.524614464544491170e+02 -3.874203873950348830e-03 -8.224651967399345884e-03
1.524928051346534801e+02 -3.885985087000306485e-03 -8.088316752477781382e-03
1.525085046150437904e+02 -3.891233723609434109e-03 -8.007276408818176164e-03
1.525242112628204723e+02 -3.897578491425707052e-03 -7.940058807751868702e-03
1.525556624025082897e+02 -3.912051607071086699e-03 -7.824551761288127058e-03
1.525714171314366183e+02 -3.919568100289614297e-03 -7.774140652524233128e-03
1.525871725957432545e+02 -3.928532837614787630e-03 -7.736366199391065887e-03
1.526029513529206270e+02 -3.932974623684365109e-03 -7.703098414116704706e-03
1.526345130830583230e+02 -3.944967169578021508e-03 -7.646491960971053652e-03
1.526502791899553415e+02 -3.951502384367704297e-03 -7.616337480115348453e-03
1.526660041900298665e+02 -3.953430900900710768e-03 -7.604125453140840596e-03
1.526817355022592153e+02 -3.959069947137302571e-03 -7.700171310121308420e-03
1.527131518767437512e+02 -3.964199973312868518e-03 -8.157039106174778648e-03
1.527288447856316225e+02 -3.968597316605380725e-03 -8.164536848426077673e-03
1.527445445935364319e+02 -3.971887781376946987e-03 -8.306368916848043404e-03
1.527602464476628086e+02 -3.973903526111140748e-03 -8.528398105937284521e-03
1.527916443936551047e+02 -3.977500364190810454e-03 -8.966221549156503171e-03
1.528073695110522863e+02 -3.978777091755157473e-03 -9.184160746258471925e-03
1.528231015189937523e+02 -3.978697608859696824e-03 -9.394157823948607461e-03
1.528546053639952902e+02 -3.976608548321774669e-03 -9.689369943093053064e-03
1.528703756895245647e+02 -3.976318422179736869e-03 -9.764302262092502960e-03
1.528861655894513660e+02 -3.973541804936291805e-03 -9.845194468259543807e-03
1.529019501840116106e+02 -3.972155996789921220e-03 -9.947174648845544601e-03
1.529334278952192676e+02 -3.965405923994293376e-03 -1.012947047774967989e-02
1.529491480396308418e+02 -3.962224352135539779e-03 -1.024843503171036022e-02
1.529648561586177777e+02 -3.957761918292220654e-03 -1.037773205100478609e-02
1.529805484761252501e+02 -3.955644338691239464e-03 -1.050147172827434194e-02
1.530119426422251365e+02 -3.950115733785847759e-03 -1.062799641049560172e-02
1.530276388681900244e+02 -3.945565546131407295e-03 -1.066390628854745753e-02
1.530433404646514362e+02 -3.941466766244182927e-03 -1.066855572616434017e-02
1.530747953435237605e+02 -3.930482883319008115e-03 -1.066020795914582320e-02
1.530905356153594710e+02 -3.926046801179493284e-03 -1.063461150014139052e-02
1.531062991135902962e+02 -3.918609397420544371e-03 -1.059955384804776857e-02
1.531220696336297635e+02 -3.912706399044197161e-03 -1.055215738488080035e-02
1.531536557765771818e+02 -3.899330158550742744e-03 -1.040794917385588422e-02
1.531694251645627105e+02 -3.894674953812378351e-03 -1.032013221963139216e-02
1.531851928180163327e+02 -3.889801231973443081e-03 -1.022464647527421971e-02
1.532009457167847017e+02 -3.885607266179379876e-03 -1.011648147431292583e-02
1.532322649334149673e+02 -3.879219766738178747e-03 -9.889016269901211229e-03
1.532478777132465950e+02 -3.877641873274419171e-03 -9.761834223250654557e-03
1.532635035890407949e+02 -3.875728676810596008e-03 -9.631128270588096285e-03
1.532948064597342750e+02 -3.868438720884893531e-03 -9.369014416599607403e-03
1.533105011513966360e+02 -3.865094335566641656e-03 -9.240539419025625700e-03
1.533262466931799679e+02 -3.859728840229734084e-03 -9.115460124304312212e-03
1.533420242048774753e+02 -3.854527522621411812e-03 -8.997268299270371611e-03
1.533735871441107577e+02 -3.854068905841013300e-03 -8.773356110060772511e-03
1.533893071141956170e+02 -3.853078954262679524e-03 -8.662556686451387128e-03
1.534050173920776956e+02 -3.854539950707867174e-03 -8.555685726253325213e-03
1.534206872482901360e+02 -3.858393708730795298e-03 -8.454688226384590027e-03
1.534520088021536992e+02 -3.863667485679233259e-03 -8.268955906386750085e-03
1.534676734654655093e+02 -3.868442851536239239e-03 -8.208776690874176538e-03
1.534833473803963670e+02 -3.874261539510635757e-03 -8.150769286722354609e-03
1.535147460180169219e+02 -3.887557082026284454e-03 -7.986928457022248948e-03
1.535304571839378980e+02 -3.895835352509813276e-03 -7.921623445833459592e-03
1.535461812562236901e+02 -3.902094893752412839e-03 -7.864936272266302708e-03
1.535619251650473700e+02 -3.911034712401158762e-03 -7.805356656811634000e-03
1.535934446119591996e+02 -3.922231350592777881e-03 -7.716557703387758385e-03
1.536092265273876762e+02 -3.930687981950079825e-03 -7.679033092553340031e-03
1.536250208481077664e+02 -3.936492020857061507e-03 -7.645174056349498225e-03
1.536407768965275693e+02 -3.941324685715836065e-03 -7.612540129556919118e-03
1.536722586291303685e+02 -3.952052700324835618e-03 -7.576980551158237626e-03
1.536879850401241470e+02 -3.954198694190145386e-03 -7.717721266926748369e-03
1.537036888383376834e+02 -3.956809701378179861e-03 -8.048301559385550794e-03
1.537350816056419660e+02 -3.962400693008314399e-03 -8.137374259639406499e-03
1.537507820558500669e+02 -3.965180365639488745e-03 -8.311928344909369840e-03
1.537664828020043615e+02 -3.968344719031427666e-03 -8.556308682417551603e-03
1.537821820895273959e+02 -3.972034367014519625e-03 -8.814966996113763123e-03
1.538136260417172139e+02 -3.975047737406285121e-03 -9.235713758145878971e-03
1.538293506347861239e+02 -3.974566142432463083e-03 -9.430505627210957267e-03
1.538451052236729311e+02 -3.974121975990971799e-03 -9.598137975902105296e-03
1.538608707160497886e+02 -3.973709414395493363e-03 -9.710671701389460980e-03
1.538924366559978694e+02 -3.968935168878921088e-03 -9.840177276066964726e-03
1.539082072772940535e+02 -3.966385266799043151e-03 -9.947562600861329513e-03
1.539239477534253240e+02 -3.963258592152335731e-03 -1.003823242864514305e-02
1.539553949382710130e+02 -3.956081946324316832e-03 -1.026680952809425756e-02
1.539710927826241686e+02 -3.953474435447964369e-03 -1.040063503953176857e-02
1.539867840184076329e+02 -3.949658718948203043e-03 -1.051819758016079437e-02
1.540024811534510718e+02 -3.945866619811787095e-03 -1.058321949125852306e-02
1.540338750648143957e+02 -3.939046855392314139e-03 -1.066076340611310513e-02
1.540495882199622031e+02 -3.936327706844572338e-03 -1.066259278188019799e-02
1.540653214607822008e+02 -3.929737866595758682e-03 -1.066611925503147158e-02
1.540810451379921631e+02 -3.925547910815908523e-03 -1.065183496765484232e-02
1.541125624419559585e+02 -3.912763746781875579e-03 -1.058861975157190070e-02
1.541283543429161114e+02 -3.907687833917592932e-03 -1.054020300505531353e-02
1.541441392491357760e+02 -3.900070833117232159e-03 -1.046788451338110520e-02
1.541756863894672165e+02 -3.886823789674765869e-03 -1.029940258446377863e-02
1.541914574586661502e+02 -3.883677274338792878e-03 -1.020071690267841148e-02
1.542071996193152188e+02 -3.879029182486445643e-03 -1.008935936127735786e-02
1.542228651090767073e+02 -3.875814836865327032e-03 -9.975229032151854483e-03
1.542540966275724088e+02 -3.869511377402263912e-03 -9.731465780310477598e-03
1.542697241137331616e+02 -3.867828275562506211e-03 -9.599943130234975253e-03
1.542853702506363902e+02 -3.864280544061590369e-03 -9.470869516273433542e-03
1.543010403535932369e+02 -3.861266519900816326e-03 -9.337655160351520517e-03
1.543325118733420993e+02 -3.852984509332035585e-03 -9.087875944619790841e-03
1.543483021218330009e+02 -3.850480737618863867e-03 -8.972057930293028671e-03
1.543640827607523249e+02 -3.847169607286951305e-03 -8.858735949247135283e-03
1.543955560108314273e+02 -3.848811058505144031e-03 -8.638815479782636572e-03
1.544112411016517115e+02 -3.850636619022356107e-03 -8.534512286710383908e-03
1.544269186590355787e+02 -3.850139877035659627e-03 -8.434201250204239816e-03
1.544425780850194485e+02 -3.854935612782815681e-03 -8.337941263975037764e-03
1.544738980042906178e+02 -3.863803715524508856e-03 -8.195768743098796882e-03
1.544895768496520816e+02 -3.869691043691364952e-03 -8.134719918985355153e-03
1.545052735713117329e+02 -3.875141353944339898e-03 -8.047612810169984046e-03
1.545209799206383536e+02 -3.880401229802280839e-03 -7.969884502531042816e-03
1.545524258791256216e+02 -3.895318945252281007e-03 -7.851917858282974130e-03
1.545681803771109628e+02 -3.903757692424004305e-03 -7.792178073615397063e-03
1.545839350116052344e+02 -3.912019912024472523e-03 -7.745005500507606833e-03
1.546154935812332383e+02 -3.923887118802499123e-03 -7.661321045240432510e-03
1.546312782457292769e+02 -3.930621177337834983e-03 -7.621962243823532032e-03
1.546470413033306670e+02 -3.936754621853028047e-03 -7.585707135140976227e-03
1.546627700709708790e+02 -3.941855956202702273e-03 -7.554753545711555794e-03
1.546942207619949841e+02 -3.949307655597960459e-03 -7.752077595786709477e-03
1.547099253159155978e+02 -3.954101872579615130e-03 -8.082509607699291804e-03
1.547256215003830846e+02 -3.956386248071602427e-03 -8.089177742669545132e-03
1.547413174360914354e+02 -3.959276786222870083e-03 -8.123148738801658914e-03
1.547727136150353431e+02 -3.963606601535597102e-03 -8.601948528030959121e-03
1.547884150604307365e+02 -3.965538470650497964e-03 -8.869682923538426550e-03
1.548041365696873299e+02 -3.967165442503977832e-03 -9.075094562632283340e-03
1.548356044754721950e+02 -3.969918412181280658e-03 -9.492840582197323990e-03
1.548513630674235912e+02 -3.969146557474915842e-03 -9.628648001061328177e-03
1.548671303332369007e+02 -3.966412517088599259e-03 -9.711117563575996647e-03
1.548829237455702241e+02 -3.964594854513258868e-03 -9.776277323388701118e-03
1.549144545733057612e+02 -3.958927548916887744e-03 -9.960597587562019725e-03
1.549301939474987364e+02 -3.955770046670506815e-03 -1.005331705024698277e-02
1.549459206502532709e+02 -3.953048738308633653e-03 -1.017111887551441600e-02
1.549616308054056901e+02 -3.950686788265594419e-03 -1.030474757008599009e-02
1.549930209988903016e+02 -3.944748782240144712e-03 -1.054000549817939690e-02
1.550087155124399771e+02 -3.940636288858355603e-03 -1.059968837394610099e-02
1.550244087377473079e+02 -3.936574441133872462e-03 -1.064406578992393472e-02
1.550401084223539954e+02 -3.932257605851528434e-03 -1.066407884387192244e-02
1.550715641632930613e+02 -3.922990069394532986e-03 -1.066936673175652821e-02
1.550872969210005010e+02 -3.918791605053482605e-03 -1.065206452275234937e-02
1.551030568842872412e+02 -3.910787603166737680e-03 -1.062355557039882867e-02
1.551346188849357475e+02 -3.898138078881887778e-03 -1.053037559582815745e-02
1.551504126059523685e+02 -3.893203834691574133e-03 -1.045431350958193374e-02
1.551661717784016616e+02 -3.884818562732312956e-03 -1.037340095709748770e-02
1.551819398865378616e+02 -3.879586414152592835e-03 -1.027965309027756118e-02
1.552134294693658205e+02 -3.871097317714749467e-03 -1.006235815354254715e-02
1.552290782592743028e+02 -3.868460473314256059e-03 -9.950116951440150792e-03
1.552446928599006526e+02 -3.865376458218265643e-03 -9.827681853339291160e-03
1.552603111838569419e+02 -3.863752053383245986e-03 -9.696859201269177053e-03
1.552915893952147997e+02 -3.857597314282404724e-03 -9.434757526876075967e-03
1.553072690035523920e+02 -3.853429146318274132e-03 -9.303671717569532776e-03
1.553230014662478311e+02 -3.847825507219785734e-03 -9.177820024325961112e-03
1.553545757272472372e+02 -3.843014747626313787e-03 -8.942192517333696564e-03
1.553703366133870531e+02 -3.841559940189084605e-03 -8.829970403609796112e-03
1.553860764703345012e+02 -3.839553460250778351e-03 -8.719844151515582231e-03
1.554017941993428451e+02 -3.841240351906132812e-03 -8.610122558706865062e-03
1.554331372454740858e+02 -3.843822308801745236e-03 -8.409425360690819112e-03
1.554487853381644413e+02 -3.848355645158543260e-03 -8.313664874959096618e-03
1.554644462387290673e+02 -3.850778383483577805e-03 -8.232943363703509529e-03
1.554801145639973186e+02 -3.856868022392651377e-03 -8.179260040052989400e-03
1.555115052262372899e+02 -3.869626091944965238e-03 -8.025203746602482813e-03
1.555272146746461033e+02 -3.875269879956272975e-03 -7.949529794297732072e-03
1.555429303051348313e+02 -3.882816383314217912e-03 -7.894119661618034453e-03
1.555744247972932897e+02 -3.897117669553459840e-03 -7.775592688706345866e-03
1.555901902723336434e+02 -3.904892932906305243e-03 -7.728967419691103700e-03
1.556059740659413251e+02 -3.911009512822695780e-03 -7.684215645908460714e-03
1.556217621722237539e+02 -3.918482662263252959e-03 -7.639861004252276877e-03
1.556532864674635732e+02 -3.929379103928383465e-03 -7.557930121807492074e-03
1.556690125351990730e+02 -3.934680817913000644e-03 -7.524281302257367424e-03
1.556847378108751343e+02 -3.939403610657749369e-03 -7.549131046463250505e-03
1.557004458161801210e+02 -3.943238700840095978e-03 -7.821645194777796656e-03
1.557318422896902064e+02 -3.947955075853936367e-03 -8.029054518804947665e-03
1.557475422366213706e+02 -3.952448454478704569e-03 -8.122564001362622341e-03
1.557632430457115049e+02 -3.956680444118393716e-03 -8.349047734091253128e-03
1.557946492429379930e+02 -3.960083153731712782e-03 -8.921373578757794964e-03
1.558103766763521492e+02 -3.963389853496339897e-03 -9.114194573749343983e-03
1.558261042672444034e+02 -3.961142203627455137e-03 -9.337594748151236551e-03
1.558418503857821804e+02 -3.961677949006866400e-03 -9.535017960967803394e-03
1.558733965310143503e+02 -3.959214188799457801e-03 -9.705552733834818535e-03
1.558891787798197868e+02 -3.956173595744511343e-03 -9.779615954548407514e-03
1.559049593333058965e+02 -3.953214771209741067e-03 -9.868793518856231253e-03
1.559207000260488201e+02 -3.952711574553574234e-03 -9.960967360571481785e-03
1.559521506045424815e+02 -3.944986376226174499e-03 -1.019467994759528685e-02
1.559678544242459282e+02 -3.941387486761981605e-03 -1.033315992775679995e-02
1.559835460224952328e+02 -3.937765085322514867e-03 -1.046288856798525090e-02
1.560149392887071826e+02 -3.932999603818138241e-03 -1.060705732633943771e-02
1.560306349264126311e+02 -3.929888023716769305e-03 -1.064614563725187202e-02
1.560463446939770620e+02 -3.925254840382456749e-03 -1.066106058662011531e-02
1.560620720466768034e+02 -3.922049649705748771e-03 -1.066722265457546379e-02
1.560935450898860779e+02 -3.908940926343975990e-03 -1.064869755098899265e-02
1.561093090589440351e+02 -3.903628958507408125e-03 -1.061996217888672850e-02
1.561250940853948066e+02 -3.896683152921930939e-03 -1.057921709979708566e-02
1.561408777421679872e+02 -3.888689916374245010e-03 -1.051751501083700475e-02
1.561724212979987101e+02 -3.877952656536470637e-03 -1.035602765703551656e-02
1.561881938580899885e+02 -3.871544388307500070e-03 -1.026008300611781950e-02
1.562039484850278939e+02 -3.866679222609031071e-03 -1.015311125539733288e-02
1.562352781667673298e+02 -3.859179325981132187e-03 -9.923878701661580093e-03
1.562508926908427611e+02 -3.856746962699088722e-03 -9.796078565985300024e-03
1.562665138459020682e+02 -3.855396564727577718e-03 -9.662378261097547341e-03
1.562821494199384915e+02 -3.853608471879778861e-03 -9.533399666526895869e-03
1.563135014719779008e+02 -3.846799770325034368e-03 -9.271078683177497518e-03
1.563292469439583954e+02 -3.840527322232148346e-03 -9.146188516634810861e-03
1.563450285266830804e+02 -3.835868089709755773e-03 -9.028202510565311312e-03
1.563608234918848439e+02 -3.833384176171392155e-03 -8.914097198247861870e-03
1.563923035196302465e+02 -3.832964694060394563e-03 -8.692153467975123268e-03
1.564080076125589756e+02 -3.834453867004791999e-03 -8.584909628367883710e-03
1.564236808538419723e+02 -3.835043692337041215e-03 -8.483576075703130881e-03
1.564549922305004941e+02 -3.839061872943568942e-03 -8.291428413296239239e-03
1.564706520299677379e+02 -3.844971515906379662e-03 -8.215439050985663336e-03
1.564863258763333818e+02 -3.850551006390996907e-03 -8.165095223993888360e-03
1.565020187537976994e+02 -3.854691713690906220e-03 -8.091463207494436691e-03
1.565334375063654875e+02 -3.867512335887024824e-03 -7.934682964054055529e-03
1.565491626173250950e+02 -3.876664220687722588e-03 -7.878469756418173681e-03
1.565649158533771867e+02 -3.884027924530267847e-03 -7.816577421565315542e-03
1.565806654925385999e+02 -3.891355564803569353e-03 -7.760802796959234522e-03
1.566122249618200897e+02 -3.905003842887396805e-03 -7.667413383192636135e-03
1.566280144231869826e+02 -3.912495105965058985e-03 -7.620417542381924085e-03
1.566437711615510011e+02 -3.917944941840069938e-03 -7.574545172188562256e-03
1.566752428109979860e+02 -3.926505465968536598e-03 -7.499439310486429207e-03
1.566909638964162355e+02 -3.932202442187138561e-03 -7.555574046845856852e-03
1.567066704115053142e+02 -3.934718338598553952e-03 -7.898596192053316742e-03
1.567223642676284783e+02 -3.938486757984069331e-03 -8.044043396331216830e-03
1.567537591449371632e+02 -3.943527223435789458e-03 -8.135937648343140663e-03
1.567694589191560226e+02 -3.945763935909655899e-03 -8.395411428888699054e-03
1.567851596966395959e+02 -3.948721406596776735e-03 -8.746164000002817906e-03
1.568008764844193479e+02 -3.952433827599975517e-03 -8.965749801379239298e-03
1.568323380036902392e+02 -3.953637364728881942e-03 -9.394457620683485666e-03
1.568480956291788004e+02 -3.954830126767834401e-03 -9.562999450855031239e-03
1.568638605178455236e+02 -3.951534723828342352e-03 -9.649346800368011068e-03
1.568954336893734194e+02 -3.948804028384769564e-03 -9.782696831101556079e-03
1.569111912880532600e+02 -3.946663570522220173e-03 -9.878255994350394406e-03
1.569269326074457354e+02 -3.941344034630522679e-03 -9.975156908035066189e-03
1.569426642316697382e+02 -3.940143374357228494e-03 -1.008756626487142954e-02
1.569740737762043921e+02 -3.933662921417743416e-03 -1.036763767013841424e-02
1.569897640007996813e+02 -3.930725448784705076e-03 -1.048711774268202591e-02
1.570054596262794462e+02 -3.926818627933478106e-03 -1.056500920342152809e-02
1.570211543986430058e+02 -3.922450886924955422e-03 -1.062175039337884784e-02
1.570525700011690731e+02 -3.914883641228491390e-03 -1.066736847336515089e-02
1.570683029886687336e+02 -3.909598489836127629e-03 -1.067862988616288984e-02
1.570840330815283892e+02 -3.905741538085454566e-03 -1.067580167271194556e-02
1.571155526820249406e+02 -3.892368555189693914e-03 -1.062546886647029384e-02
1.571313487787605538e+02 -3.886823570240051113e-03 -1.058252066274626042e-02
1.571471387968086333e+02 -3.880287180963017200e-03 -1.051223652796279967e-02
1.571628989145115725e+02 -3.873842073563447171e-03 -1.043574022969444987e-02
1.571944332548195007e+02 -3.861815579701678366e-03 -1.024776322135865711e-02
1.572101757709446588e+02 -3.859658733588631433e-03 -1.013590542214413623e-02
1.572258521892363490e+02 -3.854618074560061010e-03 -1.001995911728111380e-02
1.572414744504421833e+02 -3.850484611024699091e-03 -9.902591120190375532e-03
1.572727105993294003e+02 -3.845774959933104514e-03 -9.637536443511467502e-03
1.572883497783334121e+02 -3.842489323001891874e-03 -9.507893234732821622e-03
1.573040174928696047e+02 -3.838643310808539152e-03 -9.374584375380528786e-03
1.573354938158203424e+02 -3.831698306745541429e-03 -9.124365236389694878e-03
1.573512880442659423e+02 -3.828286048942389826e-03 -9.007888468726433021e-03
1.573670598293743694e+02 -3.824248936972344474e-03 -8.893612674810966179e-03
1.573828157312648841e+02 -3.824713319627175406e-03 -8.783930719483483765e-03
1.574142115199695411e+02 -3.822767030332845529e-03 -8.568880827946392942e-03
1.574298896875576474e+02 -3.823986858134911793e-03 -8.468177840828795822e-03
1.574455411953094028e+02 -3.827680502141343234e-03 -8.371349000573288096e-03
1.574611943460440386e+02 -3.831968552774686967e-03 -8.278832954594080723e-03
1.574925401205591413e+02 -3.841267189747814455e-03 -8.156366047242248271e-03
1.575082360788405538e+02 -3.846047618842386197e-03 -8.078718491170946286e-03
1.575239427812491044e+02 -3.851861272330129628e-03 -7.990196046580976680e-03
1.575553918322450784e+02 -3.865970543125163156e-03 -7.870780002689892543e-03
1.575711502865140687e+02 -3.873927468327939029e-03 -7.808802683180629360e-03
1.575869109934239418e+02 -3.883771340841138571e-03 -7.754739746500138690e-03
1.576026936867271218e+02 -3.888705581592652623e-03 -7.707043687062902458e-03
1.576342497960606863e+02 -3.902003991348729911e-03 -7.608434658547878413e-03
1.576500132880582328e+02 -3.909313603160373407e-03 -7.561046828122750148e-03
1.576657357865446158e+02 -3.912223868459361112e-03 -7.516016076923876486e-03
1.576814666305864137e+02 -3.918578327928039576e-03 -7.485150668524392405e-03
1.577128831782148382e+02 -3.925169324741135078e-03 -7.966126059728894163e-03
1.577285764165382602e+02 -3.930033473805264431e-03 -7.992755099042552630e-03
1.577442764651733853e+02 -3.933702161978284810e-03 -7.979870440112423954e-03
1.577756738113790504e+02 -3.938641490832656307e-03 -8.473731678408761431e-03
1.577913764896760824e+02 -3.940770594655530236e-03 -8.828374124738934403e-03
1.578071019320541666e+02 -3.942417150499787255e-03 -9.006002969168572583e-03
1.578228340940613350e+02 -3.943004400035365030e-03 -9.225768427673888133e-03
1.578543360383484071e+02 -3.941697530297926313e-03 -9.600909757339909020e-03
1.578701058594363928e+02 -3.941748878609367679e-03 -9.668289566846767491e-03
1.578858959557929893e+02 -3.939419125479161343e-03 -9.723351525217428445e-03
1.579016810910197535e+02 -3.938467190317955155e-03 -9.803641565759106322e-03
1.579331606981348841e+02 -3.932048378978938996e-03 -1.000483808684590574e-02
1.579488825331101225e+02 -3.929143500885134976e-03 -1.013051580831331698e-02
1.579645917638237620e+02 -3.924994292751311266e-03 -1.027545379311654850e-02
1.579802839463033308e+02 -3.923305293370211132e-03 -1.041422807197344043e-02
1.580116762176644158e+02 -3.917920072081352255e-03 -1.059803846852722976e-02
1.580273707915314674e+02 -3.913558638360916352e-03 -1.064899069528669334e-02
1.580430709655923351e+02 -3.909603766102419560e-03 -1.067937758284698800e-02
1.580745255656170229e+02 -3.898950828352283453e-03 -1.070218705597265028e-02
1.580902655016530503e+02 -3.894766796724136778e-03 -1.069438809840413292e-02
1.581060303056375176e+02 -3.887407818338969347e-03 -1.067295695616604645e-02
1.581218017178919979e+02 -3.881841213166052542e-03 -1.064166420731090489e-02
1.581533838674226331e+02 -3.867985042397354290e-03 -1.051941024937910057e-02
1.581691374147682154e+02 -3.862150344461598959e-03 -1.043987135939853338e-02
1.581848943034193553e+02 -3.856318630959483518e-03 -1.034744973479857950e-02
1.582006585102581653e+02 -3.852222157904727252e-03 -1.024534344868699952e-02
1.582320434591329956e+02 -3.843320049043754631e-03 -1.001533703519799472e-02
1.582476652230488128e+02 -3.841085554747836368e-03 -9.890766851411063668e-03
1.582632832937730711e+02 -3.838205883768537868e-03 -9.756012999188934387e-03
1.582945531729415620e+02 -3.832776399935274112e-03 -9.492519250098689632e-03
1.583102302824917729e+02 -3.829749615392363284e-03 -9.360941755149992244e-03
1.583259619821438093e+02 -3.823694446417140111e-03 -9.234407207038577287e-03
1.583417326945327659e+02 -3.817440119530478466e-03 -9.113945660324343848e-03
1.583733008183812103e+02 -3.813632405759279434e-03 -8.886365026226427516e-03
1.583890286401500873e+02 -3.811356246275690498e-03 -8.774188034120873267e-03
1.584047463459071992e+02 -3.811435435739980726e-03 -8.665396735028741554e-03
1.584204189091666990e+02 -3.813325843199709929e-03 -8.562213413269129797e-03
1.584517301783606342e+02 -3.815853141362591898e-03 -8.366890983243835400e-03
1.584673872441490516e+02 -3.819480959748731540e-03 -8.275813741450746205e-03
1.584830547843666864e+02 -3.824116216597556964e-03 -8.207134417534643622e-03
1.585144456627030820e+02 -3.835898290415918656e-03 -8.074112627865477967e-03
1.585301553384110775e+02 -3.842896364493943000e-03 -7.987948079152722494e-03
1.585458777670212669e+02 -3.849329804742747992e-03 -7.928332017642413312e-03
1.585616215105745255e+02 -3.858301148702576473e-03 -7.872549579156626690e-03
1.585931519296663623e+02 -3.870405709707510147e-03 -7.758546661777390545e-03
1.586089351132908973e+02 -3.879390231223350718e-03 -7.709390421743607912e-03
1.586247259398979566e+02 -3.885801957681259741e-03 -7.658561336106194453e-03
1.586404790416611945e+02 -3.891337640659008404e-03 -7.607641722870347838e-03
1.586719567003414966e+02 -3.903882811449085454e-03 -7.510940900999419842e-03
1.586876818753188445e+02 -3.906551406695928097e-03 -7.485939893914062178e-03
1.587033857517856177e+02 -3.909942204188528517e-03 -7.645640250317127691e-03
1.587347793357509715e+02 -3.916440126340510301e-03 -7.958012979897123931e-03
1.587504798238228432e+02 -3.919850325952295433e-03 -7.996814233083114967e-03
1.587661812525070388e+02 -3.923748324171816466e-03 -8.212571889827120081e-03
1.587818807260855749e+02 -3.927945146385201231e-03 -8.578270537169507479e-03
1.588133243120464329e+02 -3.932011806296055109e-03 -9.067470085992289028e-03
1.588290487897010905e+02 -3.931622298735551121e-03 -9.307140899546453155e-03
1.588448025413079847e+02 -3.931626570279368564e-03 -9.535628713173168944e-03
1.588605677973953334e+02 -3.931812799288722689e-03 -9.647484770435633267e-03
1.588921329227396768e+02 -3.927634307389260039e-03 -9.760167451242583378e-03
1.589079051877232871e+02 -3.925243988652218387e-03 -9.848273034520278399e-03
1.589236465787294321e+02 -3.922924442285708434e-03 -9.953005000203343430e-03
1.589550966250971555e+02 -3.916122222429844688e-03 -1.019993726997731227e-02
1.589707956615493742e+02 -3.913809820899427291e-03 -1.034747652690866208e-02
1.589864864321532991e+02 -3.910235035275280713e-03 -1.047970459350113653e-02
1.590021822728029406e+02 -3.906715488214691605e-03 -1.057968196170137702e-02
1.590335740303372631e+02 -3.900538940346592095e-03 -1.069776613281925651e-02
1.590492853780438907e+02 -3.897778883689452956e-03 -1.071949612663391366e-02
1.590650183399801278e+02 -3.891537654163861569e-03 -1.073150489966799570e-02
1.590807415549642769e+02 -3.887326121633238180e-03 -1.074333292958907712e-02
1.591122602393755869e+02 -3.875081522861038158e-03 -1.070967418386216570e-02
1.591280524006984365e+02 -3.870155786465910314e-03 -1.067473553921342508e-02
1.591438357325719721e+02 -3.862343806013824113e-03 -1.061578003768483269e-02
1.591753607081744519e+02 -3.848143065173869389e-03 -1.045644143279787774e-02
1.591911214760282576e+02 -3.844900020338775423e-03 -1.036095719847870793e-02
1.592068787248848878e+02 -3.839099645446626165e-03 -1.025302967979444327e-02
1.592225834533244608e+02 -3.835848203053150458e-03 -1.013344280546010952e-02
1.592538446985725216e+02 -3.827136535905220020e-03 -9.889401748624621416e-03
1.592694652068246342e+02 -3.824740350655372011e-03 -9.752918734195667114e-03
1.592850951193994149e+02 -3.823165103831512295e-03 -9.623548612932545862e-03
1.593007479891309686e+02 -3.820287859233122054e-03 -9.487593615907121206e-03
1.593321895180121146e+02 -3.810198110225330049e-03 -9.232607847547509919e-03
1.593479718501421587e+02 -3.806683491103150709e-03 -9.114044267766161639e-03
1.593637603084462455e+02 -3.801659589918060782e-03 -8.998948172521481145e-03
1.593952412900657123e+02 -3.800573784643685327e-03 -8.775010414111465359e-03
1.594109367200767053e+02 -3.800839274495724195e-03 -8.668885725536543477e-03
1.594266153675417286e+02 -3.798658022204850267e-03 -8.565952305086887986e-03
1.594422735038700978e+02 -3.801984666700340340e-03 -8.467811815677329934e-03
1.594735775230589638e+02 -3.808236682389381546e-03 -8.282881362288250365e-03
1.594892492130053654e+02 -3.813391507945001341e-03 -8.217613230884360589e-03
1.595049417343295204e+02 -3.817752528003192595e-03 -8.164513299725503076e-03
1.595206472425436175e+02 -3.822174658802406089e-03 -8.077723558979061150e-03
1.595520897288105289e+02 -3.836431592220264537e-03 -7.939468717240945328e-03
1.595678466002482594e+02 -3.845203476769836013e-03 -7.882745382727256167e-03
1.595836064901345424e+02 -3.853021007012515878e-03 -7.822630411544548995e-03
1.596151678837587156e+02 -3.865504699058479581e-03 -7.719720718612249795e-03
1.596309495877258371e+02 -3.872983163567080001e-03 -7.666566908703079455e-03
1.596467079092777794e+02 -3.879920315920609795e-03 -7.613440531337506076e-03
1.596624346703721073e+02 -3.886038302279851836e-03 -7.563513077994125054e-03
1.596938832636004975e+02 -3.894725960093898837e-03 -7.500697965994365841e-03
1.597095871968033407e+02 -3.900220217454533362e-03 -7.736294474308414923e-03
1.597252838820874103e+02 -3.902680184984479075e-03 -8.032551019228782382e-03
1.597409791705149473e+02 -3.906153303467821501e-03 -7.943664387986366579e-03
1.597723770223026065e+02 -3.911411102132564613e-03 -8.287404399165641464e-03
1.597880787770303357e+02 -3.914004145378380782e-03 -8.708173648474254805e-03
1.598038003495467763e+02 -3.916339687792969732e-03 -8.981563888777176555e-03
1.598352680209917764e+02 -3.919938176313838944e-03 -9.410744537104578228e-03
1.598510259307552985e+02 -3.920175602559843736e-03 -9.618544849695636473e-03
1.598667925604891877e+02 -3.917577753515128110e-03 -9.697135730579259372e-03
1.598825858304970495e+02 -3.916352060404463230e-03 -9.746047713663131065e-03
1.599141180536534250e+02 -3.911573930203166016e-03 -9.908468311086023397e-03
1.599298586572789702e+02 -3.908515927372959234e-03 -1.001592660503289496e-02
1.599455875534803511e+02 -3.906268823497181970e-03 -1.013488066371467759e-02
1.599612991218720026e+02 -3.904471378288938439e-03 -1.028401895766720316e-02
1.599926884716273889e+02 -3.898840903462016342e-03 -1.055368890283167431e-02
1.600083814646014559e+02 -3.895134651356140648e-03 -1.064756943936386729e-02
1.600240740345684003e+02 -3.891253437368617785e-03 -1.071201286384903736e-02
1.600554937905352801e+02 -3.882501264042847924e-03 -1.076686769286270239e-02
1.600712265677020412e+02 -3.878367184121291750e-03 -1.078604482722392809e-02
1.600869587058294030e+02 -3.874326259339725461e-03 -1.079091626903090802e-02
1.601027188478940388e+02 -3.866909106880977130e-03 -1.077526500461850785e-02
1.601342821765560700e+02 -3.854474234874805897e-03 -1.071155786531597862e-02
1.601500744756608583e+02 -3.849445354271491000e-03 -1.064290537216928088e-02
1.601658257333860433e+02 -3.840574558076276408e-03 -1.056509645277385612e-02
1.601815759291825145e+02 -3.834965521248054343e-03 -1.047613986965588960e-02
1.602130793636971759e+02 -3.825836748741595628e-03 -1.026239575558353205e-02
1.602287680066031328e+02 -3.822655975652984074e-03 -1.014526028149090667e-02
1.602444036227276456e+02 -3.817888173936808283e-03 -1.002433338577276602e-02
1.602600221120017352e+02 -3.814671393908499082e-03 -9.889083529455847121e-03
1.602912744093837034e+02 -3.809660131277252393e-03 -9.622797331561966025e-03
1.603069376036884535e+02 -3.805654801942997146e-03 -9.487941095748443632e-03
1.603226521660500623e+02 -3.799912030568142977e-03 -9.359569214765790096e-03
1.603542131816827236e+02 -3.793063801355528973e-03 -9.118485075938294673e-03
1.603699781720253839e+02 -3.789794294793370679e-03 -9.003768992168110358e-03
1.603857248809749763e+02 -3.786648026452206408e-03 -8.891899037024180580e-03
1.604014493944445405e+02 -3.786684159993411545e-03 -8.779773439143228123e-03
1.604328009620626858e+02 -3.786115452559200237e-03 -8.573966222254555611e-03
1.604484462464847354e+02 -3.789209495135496385e-03 -8.475611504505277047e-03
1.604640994205674644e+02 -3.790527171265095988e-03 -8.381255122210972894e-03
1.604954395653618633e+02 -3.801464457834038101e-03 -8.231143951837421174e-03
1.605111405985206829e+02 -3.806178822604603697e-03 -8.175765996386388096e-03
1.605268469038782939e+02 -3.810656661272922643e-03 -8.084725601035586823e-03
1.605425610790041162e+02 -3.817782325619008786e-03 -8.009842829450190480e-03
1.605740595946525389e+02 -3.831966934064296847e-03 -7.896491518040638438e-03
1.605898297513752198e+02 -3.840240126361758703e-03 -7.836782446849245576e-03
1.606056165003513456e+02 -3.846246929440313121e-03 -7.784307118635269002e-03
1.606214007145667040e+02 -3.854316820627718982e-03 -7.730708606956682161e-03
1.606529174612390705e+02 -3.866859092112310669e-03 -7.622522049122463540e-03
1.606686406911622385e+02 -3.872446430992760452e-03 -7.569575816006274098e-03
1.606843646198817908e+02 -3.878245155002109455e-03 -7.519765453235903972e-03
1.607000712034306105e+02 -3.882911386420745837e-03 -7.528353115866161932e-03
1.607314679973588909e+02 -3.888795492419635895e-03 -8.025195337497856643e-03
1.607471674563738873e+02 -3.893908718826976853e-03 -7.948386219749192794e-03
1.607628693520094600e+02 -3.898549200737783018e-03 -8.091715655622479242e-03
1.607942756994868034e+02 -3.903262225294896245e-03 -8.847181360674808565e-03
1.608100037124098094e+02 -3.906868835693044252e-03 -9.044918234065486493e-03
1.608257318359428609e+02 -3.905419328326835589e-03 -9.245254726852751223e-03
1.608414772792378926e+02 -3.906717888921197590e-03 -9.524594728550795156e-03
1.608730213854894942e+02 -3.905292212067673630e-03 -9.751732498957738776e-03
1.608888044859615150e+02 -3.902769097718016781e-03 -9.801768373070968848e-03
1.609045861199589922e+02 -3.900360769365097957e-03 -9.872634701747953073e-03
1.609203283626261509e+02 -3.899946719448971807e-03 -9.972167170393722233e-03
1.609517814971632390e+02 -3.893415076559944045e-03 -1.021520082750130426e-02
1.609674867017632209e+02 -3.890026876074747456e-03 -1.036845450959401373e-02
1.609831780883508543e+02 -3.886900730184312310e-03 -1.050932071989199232e-02
1.610145688170497067e+02 -3.882964736383908311e-03 -1.071241944480146729e-02
1.610302637004621147e+02 -3.879892759268669875e-03 -1.077032328847105959e-02
1.610459712610588952e+02 -3.875302425431159225e-03 -1.080240108904050381e-02
1.610616976934503839e+02 -3.872568848077439715e-03 -1.081512475404471790e-02
1.610931701728213739e+02 -3.859822357770366016e-03 -1.083338157545859527e-02
1.611089354682135593e+02 -3.854706345099065054e-03 -1.081552602340368416e-02
1.611247207356851447e+02 -3.847829652519106983e-03 -1.078762200078332671e-02
1.611405041067375805e+02 -3.840386207933007504e-03 -1.073915623997155622e-02
1.611720357144981506e+02 -3.829251326584982244e-03 -1.058388247749742113e-02
1.611877873889100385e+02 -3.821972989209011448e-03 -1.049144322637751356e-02
1.612035357478452795e+02 -3.816633484261209523e-03 -1.038658859779688880e-02
1.612349358697977095e+02 -3.807457914114756748e-03 -1.015175809090342919e-02
1.612505647124596635e+02 -3.804204808704597044e-03 -1.002387536082225208e-02
1.612661842559102183e+02 -3.801847589145927048e-03 -9.884669621276034532e-03
1.612818101174282504e+02 -3.799745101341013478e-03 -9.753945743419530773e-03
1.613131285675747222e+02 -3.794600466929815528e-03 -9.485527324742398445e-03
1.613288594423684401e+02 -3.787737625899779276e-03 -9.357969583260451057e-03
1.613446314187914936e+02 -3.782198443866546887e-03 -9.236771434625144425e-03
1.613604316987126026e+02 -3.778592967938261549e-03 -9.120216111257366601e-03
1.613919181464985684e+02 -3.774946175526332128e-03 -8.893886421536864595e-03
1.614076323469960812e+02 -3.774597752952282750e-03 -8.784360063561383325e-03
1.614233092465855464e+02 -3.774226739167505732e-03 -8.680175363691757309e-03
1.614546182180229437e+02 -3.774992495770596469e-03 -8.481809969802092675e-03
1.614702705599617900e+02 -3.779840567027811446e-03 -8.387755956569969279e-03
1.614859363774171754e+02 -3.783980709970191734e-03 -8.303482931674951648e-03
1.615016235025730964e+02 -3.787725579999856769e-03 -8.246606750657588247e-03
1.615330365789642428e+02 -3.799133978148271692e-03 -8.093394070223426315e-03
1.615487605332099861e+02 -3.807938755318227529e-03 -8.021652130977467363e-03
1.615645143626672109e+02 -3.815194016936643544e-03 -7.967123232617874182e-03
1.615802689592550223e+02 -3.821884570548150610e-03 -7.908534649276434750e-03
1.616118323892256683e+02 -3.836211757066645880e-03 -7.795518165028468734e-03
1.616276182779645012e+02 -3.844147164844707344e-03 -7.740275231854568116e-03
1.616433697825676461e+02 -3.850210257426626200e-03 -7.683835479108734427e-03
1.616748358441262212e+02 -3.860688750860300292e-03 -7.573394958202186653e-03
1.616905545883827813e+02 -3.866863321337356794e-03 -7.525034661168556425e-03
1.617062585808313600e+02 -3.869966974366258975e-03 -7.575632749634656112e-03
1.617219529885126121e+02 -3.874586756496275087e-03 -7.946648412995952274e-03
1.617533481824872013e+02 -3.880675707039650882e-03 -7.972257290279147895e-03
1.617690490830348438e+02 -3.883620536596044896e-03 -8.157323927399883629e-03
1.617847504497820523e+02 -3.887420544224736828e-03 -8.509262173024797690e-03
1.618004671718736347e+02 -3.891814108945709609e-03 -8.958518571363606117e-03
1.618319287712824064e+02 -3.894149869640889643e-03 -9.357037848480166675e-03
1.618476865439448886e+02 -3.895714298154678238e-03 -9.626238897608902639e-03
1.618634513299718947e+02 -3.893577347621138968e-03 -9.748669505472356417e-03
1.618950230331014666e+02 -3.891741943010043094e-03 -9.854297412335748588e-03
1.619107829204023687e+02 -3.890209888801120317e-03 -9.930830629704824608e-03
1.619265250395823159e+02 -3.885453845511809955e-03 -1.003725988144722400e-02
1.619422579494743388e+02 -3.884799431264281209e-03 -1.015489703759333770e-02
1.619736688064616885e+02 -3.878994569924782039e-03 -1.044776810417640499e-02
1.619893586398718242e+02 -3.876400361693531360e-03 -1.057926281678797133e-02
1.620050532924753668e+02 -3.872846467705572723e-03 -1.068736740498836546e-02
1.620207472348128874e+02 -3.868800470843108356e-03 -1.076787159286325679e-02
1.620521599785776630e+02 -3.862070022859708917e-03 -1.083997513841749097e-02
1.620678927655029611e+02 -3.856730032822692968e-03 -1.085704992639470456e-02
1.620836223835024157e+02 -3.853157633891214108e-03 -1.087401105112157165e-02
1.621151440724334805e+02 -3.840426959495348708e-03 -1.084646747313554663e-02
1.621309407209402877e+02 -3.835330966706042982e-03 -1.081299372157434012e-02
1.621467283851541481e+02 -3.828840944583387224e-03 -1.075282941978899197e-02
1.621624866953108608e+02 -3.822239025271620579e-03 -1.067579865855549336e-02
1.621939850815951161e+02 -3.809887887186660591e-03 -1.049353531023527672e-02
1.622097347625803252e+02 -3.806474958161709492e-03 -1.038292148645199482e-02
1.622254493129850061e+02 -3.801363872249136078e-03 -1.026195979636725618e-02
1.622411005744408499e+02 -3.796487338135672539e-03 -1.014456913398845313e-02
1.622723406946395244e+02 -3.789372214048252700e-03 -9.872602826609306464e-03
1.622879694411186904e+02 -3.786962028134019040e-03 -9.741993829308537647e-03
1.623036216963102447e+02 -3.783600666826562528e-03 -9.605235316881566288e-03
1.623350684488174522e+02 -3.776175810004925651e-03 -9.349475068039639347e-03
1.623508540818731660e+02 -3.772148943047041406e-03 -9.230235291595348390e-03
1.623666338933382463e+02 -3.766749590982357895e-03 -9.114046788250977291e-03
1.623823941711239627e+02 -3.765813728811392980e-03 -9.002081733376994868e-03
1.624138024593770240e+02 -3.761367502071346573e-03 -8.782322750685170668e-03
1.624294834217755863e+02 -3.761042749805014549e-03 -8.678652428084835183e-03
1.624451361849157536e+02 -3.763462334528571915e-03 -8.578988336562622455e-03
1.624607837467154070e+02 -3.766669157346724025e-03 -8.482287192574398949e-03
1.624921130485976448e+02 -3.773708175611870715e-03 -8.308754440077231393e-03
1.625078047482881516e+02 -3.778028374412790817e-03 -8.257355275133144643e-03
1.625235082548734624e+02 -3.783221850761645400e-03 -8.183841912056004364e-03
1.625549535804369157e+02 -3.796289572098876519e-03 -8.029199671538552949e-03
1.625707147957292023e+02 -3.804107919622352375e-03 -7.974569025719194931e-03
1.625864800876769607e+02 -3.813991186584328799e-03 -7.914758985220118198e-03
1.626022668776752482e+02 -3.818995967525691884e-03 -7.854912570788803727e-03
1.626338151030164738e+02 -3.833073751973927346e-03 -7.743426505051366482e-03
1.626495742356910910e+02 -3.840904970791618987e-03 -7.684521749069827580e-03
1.626652925375540804e+02 -3.844920121280818656e-03 -7.628849628330785018e-03
1.626810208543666647e+02 -3.851802265723554362e-03 -7.571453572754476349e-03
1.627124333744844478e+02 -3.860503890620464902e-03 -7.646901121210962493e-03
1.627281270049733166e+02 -3.865593345833176833e-03 -8.002711646772920837e-03
1.627438270807306822e+02 -3.869551460081159956e-03 -7.955891179767448848e-03
1.627752251415417959e+02 -3.875773315688601887e-03 -8.226381558985773959e-03
1.627909282701324116e+02 -3.878688008253914406e-03 -8.650962011879585745e-03
1.628066539837779771e+02 -3.880994556396135352e-03 -9.036504202141725992e-03
1.628223875576635749e+02 -3.882562377499078864e-03 -9.174467654010769538e-03
1.628538884164521221e+02 -3.882712624405506002e-03 -9.704554679077230864e-03
1.628696581216807147e+02 -3.883300618078855144e-03 -9.795680408927167487e-03
1.628854482090780209e+02 -3.881727434623935980e-03 -9.845329783645512950e-03
1.629012337653214786e+02 -3.881503240504088990e-03 -9.897561530145046818e-03
1.629327149099601684e+02 -3.875803089385160445e-03 -1.009516695588269508e-02
1.629484383253383726e+02 -3.873375645552113149e-03 -1.021814704033124042e-02
1.629641484049526241e+02 -3.869881068113866906e-03 -1.036685248556616992e-02
1.629955347165866613e+02 -3.866935480034486283e-03 -1.063584272725046076e-02
1.630112316958278598e+02 -3.863724114604205270e-03 -1.073781468841587643e-02
1.630269243167803381e+02 -3.859809966129948682e-03 -1.080946306372415622e-02
1.630426232922523297e+02 -3.856104775010845819e-03 -1.085213633771472605e-02
1.630740777610956798e+02 -3.846114973480389051e-03 -1.089206025772678464e-02
1.630898168740324365e+02 -3.842248432934270395e-03 -1.090139869635502884e-02
1.631055827087153318e+02 -3.834914640297381553e-03 -1.088936388916282583e-02
1.631213545748570652e+02 -3.829867562749004334e-03 -1.086841570906796860e-02
1.631529361430282563e+02 -3.816776150294385467e-03 -1.076078214885290742e-02
1.631686857971099585e+02 -3.810092116422261321e-03 -1.068227378883801308e-02
1.631844296819306237e+02 -3.804444688454272465e-03 -1.059367192257940765e-02
1.632001729075520018e+02 -3.799224119440088379e-03 -1.049209814289959845e-02
1.632316106987385922e+02 -3.789286870980393060e-03 -1.025809391028370370e-02
1.632472552957070775e+02 -3.785796092195490951e-03 -1.013468981763268779e-02
1.632628760124042628e+02 -3.782248149548665759e-03 -9.996168602974630016e-03
1.632941301463645232e+02 -3.776863274783032794e-03 -9.728910979509402743e-03
1.633097921048384080e+02 -3.774684931206675077e-03 -9.594048547687769254e-03
1.633255079289013167e+02 -3.768780472055262287e-03 -9.465529912390219236e-03
1.633412695305121076e+02 -3.762295937886610958e-03 -9.342542600948716691e-03
1.633728394044870527e+02 -3.756750916986976909e-03 -9.110607692867686569e-03
1.633885732154828361e+02 -3.752853027294245428e-03 -8.996947978412387498e-03
1.634042970570069429e+02 -3.751858370935839612e-03 -8.885692225841127639e-03
1.634356471575127614e+02 -3.751388250880849547e-03 -8.678128828134342582e-03
1.634512882272895524e+02 -3.753115526243453338e-03 -8.579601135845186730e-03
1.634669393511329929e+02 -3.755369443040521091e-03 -8.483815730376174924e-03
1.634825989145115273e+02 -3.758699222207048662e-03 -8.390256448614560880e-03
1.635139793848993861e+02 -3.769661704030540135e-03 -8.266363579911615786e-03
1.635296864856994432e+02 -3.775403916032352928e-03 -8.184129316552773634e-03
1.635454058640288224e+02 -3.781860823512560397e-03 -8.099844115449566714e-03
1.635611479801279700e+02 -3.790296324690569426e-03 -8.037437629353945401e-03
1.635926861711956803e+02 -3.802132732933991878e-03 -7.920994098237358130e-03
1.636084718007959964e+02 -3.811316005104967153e-03 -7.860506810824957266e-03
1.636242569169638728e+02 -3.818033282298173309e-03 -7.803466793643869595e-03
1.636400060409230264e+02 -3.824264358591115531e-03 -7.745696344242615147e-03
1.636714761764667685e+02 -3.838510560788744707e-03 -7.627710259608943937e-03
1.636871974129606997e+02 -3.841977952832577922e-03 -7.569026885120959565e-03
1.637028990969762390e+02 -3.846388797399274279e-03 -7.534991374166938316e-03
1.637342922076078935e+02 -3.853673093569548978e-03 -8.011791076412264415e-03
1.637499926352575130e+02 -3.857910929275564903e-03 -7.941912558632129027e-03
1.637656950781764635e+02 -3.862837152014081919e-03 -8.052967004579568780e-03
1.637813951614058965e+02 -3.867676985593120152e-03 -8.304920523859945364e-03
1.638128394366151781e+02 -3.873209041857468733e-03 -9.083997762887494401e-03
1.638285652828513435e+02 -3.873115496762470460e-03 -9.260567764379824124e-03
1.638443185920069425e+02 -3.873864500237717869e-03 -9.571552061692882238e-03
1.638600842410172902e+02 -3.874959363322272310e-03 -9.761571964218635628e-03
1.638916484599983505e+02 -3.871987257536806462e-03 -9.882853113853168683e-03
1.639074221560773310e+02 -3.869922141817051190e-03 -9.937825160056921667e-03
1.639231633050228538e+02 -3.868906008453882640e-03 -1.003115726320286116e-02
1.639546143231679309e+02 -3.862745332903043134e-03 -1.027847295694238848e-02
1.639703144392813101e+02 -3.860881308691035442e-03 -1.043005923269129873e-02
1.639860051718673617e+02 -3.857729504710881441e-03 -1.056788664833795653e-02
1.640017005314633707e+02 -3.854708627859686643e-03 -1.068307128781210112e-02
1.640330908364567506e+02 -3.849704383962860438e-03 -1.084471302904371597e-02
1.640488007764295446e+02 -3.846905725807990822e-03 -1.087593370515979076e-02
1.640645332607339526e+02 -3.841302643970823279e-03 -1.089442036458343130e-02
1.640802562752163283e+02 -3.836981733630664623e-03 -1.092084525746407631e-02
1.641117764485425710e+02 -3.825614045285724574e-03 -1.091042411430566059e-02
1.641275687307160354e+02 -3.820840143855740514e-03 -1.088578993280539704e-02
1.641433505989805894e+02 -3.813117967046363108e-03 -1.083686927590318989e-02
1.641748717805294007e+02 -3.799635296442309927e-03 -1.068391425466890497e-02
1.641906168329335856e+02 -3.795169018760315930e-03 -1.059097227336715415e-02
1.642063597161687767e+02 -3.788793310751147406e-03 -1.048530691614946338e-02
1.642220856655847285e+02 -3.785154578364743894e-03 -1.036500083109176580e-02
1.642533990144150664e+02 -3.775307177645285950e-03 -1.012084070026484858e-02
1.642690185022934770e+02 -3.772192973696258771e-03 -9.980357533587046540e-03
1.642846432024656451e+02 -3.770196679196954719e-03 -9.850915609960705227e-03
1.643002852903091764e+02 -3.767940809771500726e-03 -9.713560723916811468e-03
1.643316969932214135e+02 -3.758584877536081705e-03 -9.455240528953752499e-03
1.643474703654302971e+02 -3.754608600856254932e-03 -9.334869673605639129e-03
1.643632655578030892e+02 -3.748898893046831871e-03 -9.218393070347377302e-03
1.643947508439694332e+02 -3.745554272877162603e-03 -8.991533377933600552e-03
1.644104550919501548e+02 -3.744623827940511164e-03 -8.883166245804962821e-03
1.644261362024529660e+02 -3.741400009358977763e-03 -8.778180851612794183e-03
1.644417980554090377e+02 -3.743519186234650804e-03 -8.677791988900984341e-03
1.644730913437350637e+02 -3.747795447399406097e-03 -8.484089074720006438e-03
1.644887562406003951e+02 -3.751915805275670129e-03 -8.392524185029505771e-03
1.645044434322813629e+02 -3.755791414790761278e-03 -8.325786534068409239e-03
1.645201450144425621e+02 -3.759810945540928255e-03 -8.271080377154431049e-03
1.645515828852470577e+02 -3.773525338083207926e-03 -8.104612605339022585e-03
1.645673401027172815e+02 -3.782349559444736151e-03 -8.043713530701429928e-03
1.645831038306751566e+02 -3.789228588524739746e-03 -7.988014113536740651e-03
1.646146669701469989e+02 -3.801907786433619818e-03 -7.863852490138888846e-03
1.646304446443269853e+02 -3.810219602756898319e-03 -7.805410626145527393e-03
1.646461976620050507e+02 -3.817526553904878033e-03 -7.743793835758754421e-03
1.646619218578260018e+02 -3.824557346160801976e-03 -7.684687241574951824e-03
1.646933629604579892e+02 -3.834706115766830809e-03 -7.564198940624687791e-03
1.647090654199726316e+02 -3.840691848503399296e-03 -7.550515174545364971e-03
1.647247610813446386e+02 -3.843410472218113366e-03 -7.830935699791295029e-03
1.647404555695414103e+02 -3.847580222463658356e-03 -7.985996334146221523e-03
1.647718552792868536e+02 -3.853846992429034099e-03 -8.106301894505374070e-03
1.647875578643766232e+02 -3.857204623470578912e-03 -8.395394697020023764e-03
1.648032797213022889e+02 -3.860556490541778001e-03 -8.935021071562668574e-03
1.648347495219257155e+02 -3.865261251229360276e-03 -9.356812157214677850e-03
1.648505075122422738e+02 -3.866899375419137648e-03 -9.660508539963219912e-03
1.648662741469351261e+02 -3.864672026086744729e-03 -9.807831513117608660e-03
1.648820674949319596e+02 -3.864279333511080276e-03 -9.874351260237895431e-03
1.649135992067518259e+02 -3.860885806222607002e-03 -9.978803182874316016e-03
1.649293402286760397e+02 -3.858038070520470372e-03 -1.007775804677985172e-02
1.649450700036318835e+02 -3.856472025956768097e-03 -1.019931914719596558e-02
1.649607819402689586e+02 -3.855437091766710303e-03 -1.033942318172157739e-02
1.649921711745268453e+02 -3.850375400754162993e-03 -1.061557954084208118e-02
1.650078637512175987e+02 -3.847222881993974785e-03 -1.072577564337645270e-02
1.650235560738350671e+02 -3.843623426995474573e-03 -1.081360674094842232e-02
1.650549734011550242e+02 -3.835604980844213845e-03 -1.089431245296877161e-02
1.650707065148032200e+02 -3.831882494010833539e-03 -1.091793277909348416e-02
1.650864381627352202e+02 -3.828162290880443835e-03 -1.094189664136964966e-02
1.651021984276497392e+02 -3.821608393578311211e-03 -1.093756406795426059e-02
1.651337631805742205e+02 -3.809352798872837897e-03 -1.089521042441939092e-02
1.651495547860258171e+02 -3.804351406496618571e-03 -1.083667932953544244e-02
1.651653044050066796e+02 -3.795737948795863473e-03 -1.076243994803044793e-02
1.651810504784720877e+02 -3.789898616667960064e-03 -1.067928367249984349e-02
1.652125307945486554e+02 -3.780107891764220192e-03 -1.047317249258571635e-02
1.652282453945200302e+02 -3.776925128341531834e-03 -1.035457773879578346e-02
1.652439147615392301e+02 -3.771591021775130229e-03 -1.023595051366309183e-02
1.652751589417354410e+02 -3.764353401810556412e-03 -9.963403288635788030e-03
1.652907848201457455e+02 -3.761542401881817418e-03 -9.834596514916674539e-03
1.653064363126225942e+02 -3.758064359948473133e-03 -9.698349296205719880e-03
1.653221331485797521e+02 -3.753181534286746755e-03 -9.569642295601440626e-03
1.653536752521306141e+02 -3.745998384042006912e-03 -9.326640072124836242e-03
1.653694483539650832e+02 -3.741611962881024635e-03 -9.210729110439177733e-03
1.653852006113667983e+02 -3.737585001279382715e-03 -9.098511078130460533e-03
1.654009265514171432e+02 -3.736576693580334358e-03 -8.984549238265028895e-03
1.654322872904162693e+02 -3.733754732904830727e-03 -8.775038050063393297e-03
1.654479341152368477e+02 -3.735927848931076909e-03 -8.674542379767296099e-03
1.654635818691609472e+02 -3.736421470693633128e-03 -8.577199811249150083e-03
1.654949085949363621e+02 -3.745281926941563481e-03 -8.391498275175386656e-03
1.655106040417284987e+02 -3.749279997440879784e-03 -8.331909548764181855e-03
1.655263059378610535e+02 -3.753663107400005087e-03 -8.270441968465594082e-03
1.655420186745451474e+02 -3.760212461091676749e-03 -8.183710625809241523e-03
1.655735182278492630e+02 -3.773661627955694157e-03 -8.047568640401911791e-03
1.655892908563928927e+02 -3.782555055033072662e-03 -7.990840518961397215e-03
1.656050810059638536e+02 -3.788154607439998649e-03 -7.925750295713405655e-03
1.656208595840460305e+02 -3.796612983055266087e-03 -7.863103990126310561e-03
1.656523692945674782e+02 -3.810549274965182448e-03 -7.740930540502189046e-03
1.656680881124022164e+02 -3.816075838602724091e-03 -7.680274456065529914e-03
1.656838094831317392e+02 -3.822980410582427994e-03 -7.616760117697147364e-03
1.657152144536206038e+02 -3.831072863152874732e-03 -7.575116079112044834e-03
1.657309086641345459e+02 -3.835838148460088675e-03 -7.907632447971216921e-03
1.657466074954955673e+02 -3.841294325211625730e-03 -7.957099874299558562e-03
1.657623107299772869e+02 -3.846133106490089160e-03 -7.957947549630585773e-03
1.657937170509101463e+02 -3.852308560599061564e-03 -8.504883891463237838e-03
1.658094460499184777e+02 -3.856130215660495252e-03 -9.054153000714364879e-03
1.658251761950975549e+02 -3.855746955217519405e-03 -9.176510834644768799e-03
1.658409214573220254e+02 -3.857977469174168547e-03 -9.458297379172208447e-03
1.658724644570231703e+02 -3.857861988132634933e-03 -9.851948053330334201e-03
1.658882487133362531e+02 -3.856077550898476865e-03 -9.907876822598070746e-03
1.659040307337468221e+02 -3.854514324007225854e-03 -9.948909878793302589e-03
1.659355078994032908e+02 -3.851521930622919115e-03 -1.012516776606033411e-02
1.659512267472153439e+02 -3.849099759058018620e-03 -1.025625943050236140e-02
1.659669333034923682e+02 -3.845966566815660521e-03 -1.040227984837671822e-02
1.659826251659013963e+02 -3.843548487383361984e-03 -1.054325879288775351e-02
1.660140150432910673e+02 -3.840649079568359079e-03 -1.077278588661108143e-02
1.660297099400906973e+02 -3.837681100902622100e-03 -1.085459239952684361e-02
1.660454146401854132e+02 -3.833352721913633847e-03 -1.089894314686051281e-02
1.660611401821334994e+02 -3.831125791006445569e-03 -1.092329995736738592e-02
1.660926118223964352e+02 -3.819036799036079968e-03 -1.097247536711325709e-02
1.661083784395203793e+02 -3.814041030558849073e-03 -1.096653560916178993e-02
1.661241631047690532e+02 -3.807374998275116305e-03 -1.095238503456830853e-02
1.661557308194218194e+02 -3.793344374497806606e-03 -1.085144501999637211e-02
1.661714773623822055e+02 -3.789542123060275856e-03 -1.077692783166315192e-02
1.661872218193709898e+02 -3.782151915863242106e-03 -1.069038369477355761e-02
1.662029522310898813e+02 -3.776467078639344100e-03 -1.059052330388026049e-02
1.662343865936798863e+02 -3.766500605721403040e-03 -1.035910558272163870e-02
1.662500463384129716e+02 -3.762629286713449830e-03 -1.023728024866546807e-02
1.662656735307749898e+02 -3.760086814119499403e-03 -1.009652797871588188e-02
1.662812928455794008e+02 -3.757086352092050587e-03 -9.966675131532449355e-03
1.663125883852951290e+02 -3.753010442746293387e-03 -9.698260165568817551e-03
1.663283013211997172e+02 -3.746631670261125514e-03 -9.570877410671784977e-03
1.663440607248603271e+02 -3.741069713474945001e-03 -9.448379618044004669e-03
1.663756366059284630e+02 -3.734039776718989234e-03 -9.217692252116728088e-03
1.663913569127530820e+02 -3.730638275123647051e-03 -9.103118726990747436e-03
1.664070753911229588e+02 -3.729099649092832910e-03 -8.992073045161950301e-03
1.664227546981081787e+02 -3.728494016928390279e-03 -8.885694763943734198e-03
1.664540666424162794e+02 -3.726819057376374190e-03 -8.682409734046903430e-03
1.664697129765000625e+02 -3.730558494475228696e-03 -8.584965235176591700e-03
1.664853721105033912e+02 -3.733531269245333930e-03 -8.489080436734599416e-03
1.665010527163189238e+02 -3.736911332139158937e-03 -8.402203539521948400e-03
1.665324580355503770e+02 -3.747733060479506006e-03 -8.279357256964143749e-03
1.665481805040889469e+02 -3.755836500906082481e-03 -8.191986919656160313e-03
1.665639313843890648e+02 -3.763114460681507394e-03 -8.118824847471403997e-03
1.665954762197377192e+02 -3.775929677373819279e-03 -8.002487891117231189e-03
1.666112569286612768e+02 -3.783788744335943744e-03 -7.935896538967748479e-03
1.666270383503927235e+02 -3.791827473640894952e-03 -7.873294421457470785e-03
1.666427840005318899e+02 -3.798289730762777379e-03 -7.811037416237756777e-03
1.666742441830481027e+02 -3.810716568446432737e-03 -7.685002841535825205e-03
1.666899601492717409e+02 -3.816882780990724956e-03 -7.619447495575551628e-03
1.667056599565178772e+02 -3.820455330506877453e-03 -7.563622810275820278e-03
1.667213544672818273e+02 -3.825875013888342148e-03 -7.625935612169181151e-03
1.667527497811786361e+02 -3.832993908036604926e-03 -7.936211601872356081e-03
1.667684517101849337e+02 -3.836709518148142661e-03 -7.996473246997837583e-03
1.667841540200410293e+02 -3.841326355459297355e-03 -8.231558859700980474e-03
1.668156063759465724e+02 -3.847195511493698393e-03 -9.133469103244869214e-03
1.668313337822482936e+02 -3.849755778711575968e-03 -9.250474522273340744e-03
1.668470921044384454e+02 -3.851624168240780355e-03 -9.557413602239432648e-03
1.668628574105793518e+02 -3.850975943031368243e-03 -9.803091856079733032e-03
1.668944272123930261e+02 -3.850172404864225274e-03 -9.941784548010222655e-03
1.669101891838178346e+02 -3.849184964305321643e-03 -9.988754449161899376e-03
1.669259313345132227e+02 -3.845327790088859735e-03 -1.006332130723143134e-02
1.669416645217003179e+02 -3.845233568426205395e-03 -1.018103044245966503e-02
1.669730765482361790e+02 -3.840233167435088985e-03 -1.046592362856652372e-02
1.669887669149461829e+02 -3.838000557864910782e-03 -1.059948744554913176e-02
1.670044615440206428e+02 -3.834888100234641172e-03 -1.071483706426644249e-02
1.670201551745944641e+02 -3.831291498941521902e-03 -1.081812155068657272e-02
1.670515647357747184e+02 -3.825761073262036634e-03 -1.092787451839341561e-02
1.670672967139820742e+02 -3.820270102807904293e-03 -1.095378860603252180e-02
1.670830250435792266e+02 -3.817073411119570065e-03 -1.098971259136624981e-02
1.671145484229275553e+02 -3.804975635521778369e-03 -1.099499063340669477e-02
1.671303453642806289e+02 -3.800478598336320957e-03 -1.097731595160356989e-02
1.671461304773964685e+02 -3.793879442731250533e-03 -1.093206771986013869e-02
1.671618900228685618e+02 -3.787680365396811199e-03 -1.086459819997886295e-02
1.671933775393541453e+02 -3.774686986406794974e-03 -1.069742578800823504e-02
1.672091080085455701e+02 -3.770416949954015148e-03 -1.059488550415086348e-02
1.672248327994715567e+02 -3.765180131828423093e-03 -1.047680249468757943e-02
1.672405231408281452e+02 -3.760562268929169578e-03 -1.036256117817795953e-02
1.672717939299309080e+02 -3.751441416953439113e-03 -1.009264029378321471e-02
1.672874156538310331e+02 -3.749003730207556631e-03 -9.965690689459775001e-03
1.673030583863844072e+02 -3.746450510939814890e-03 -9.828401199010454448e-03
1.673344681914281296e+02 -3.739670520861941745e-03 -9.572571661817479496e-03
1.673502380147885447e+02 -3.735522340381132369e-03 -9.452021753388280267e-03
1.673660269661299083e+02 -3.729317680973197758e-03 -9.335343962103538618e-03
1.673817947514711477e+02 -3.727900826967681103e-03 -9.222785442438891784e-03
1.674132060655442160e+02 -3.721375044766996824e-03 -8.999006905183064287e-03
1.674288906186297083e+02 -3.719345352001536195e-03 -8.892571210353188149e-03
1.674445488563595745e+02 -3.720652936153060961e-03 -8.790259235838530916e-03
1.674601911813129504e+02 -3.723085874352417401e-03 -8.690196896571274546e-03
1.674915052495993280e+02 -3.727732105565544247e-03 -8.495574355061720137e-03
1.675071894568395408e+02 -3.731576971975179499e-03 -8.413362996191369597e-03
1.675228886598412146e+02 -3.736399619334184255e-03 -8.357555267386121076e-03
1.675543309450998208e+02 -3.747938791697488087e-03 -8.200153550576936429e-03
1.675700916364225748e+02 -3.755741897218427966e-03 -8.130154956728774876e-03
1.675858607961201869e+02 -3.765853513724831767e-03 -8.073850592715522967e-03
1.676016509604309306e+02 -3.771608280855436209e-03 -8.012089642297801767e-03
1.676331905377600719e+02 -3.786006815321301539e-03 -7.882110481382849712e-03
1.676489451945800795e+02 -3.794053748084854835e-03 -7.815769781382006162e-03
1.676646596973974113e+02 -3.799286740312869410e-03 -7.753395113512943568e-03
1.676803849766411361e+02 -3.806437234070733904e-03 -7.687130663755448526e-03
1.677117917678717731e+02 -3.817568671695362442e-03 -7.570991405597810552e-03
1.677274854471006336e+02 -3.822591834823544678e-03 -7.688243873837183155e-03
1.677431852048768235e+02 -3.826607187421939612e-03 -7.999583100249783515e-03
1.677745842367981481e+02 -3.833715897852993035e-03 -8.048356924023477091e-03
1.677902882276214029e+02 -3.837346758391689885e-03 -8.305265300204112480e-03
1.678060141992213232e+02 -3.840361087971010286e-03 -8.814853246384165772e-03
1.678217497376990366e+02 -3.843002660142642250e-03 -9.183924639385223146e-03
1.678532497981647964e+02 -3.844802577858958195e-03 -9.657853204392481336e-03
1.678690196623444706e+02 -3.845727774179315012e-03 -9.861497500192686200e-03
1.678848101953959144e+02 -3.844956820857701324e-03 -9.935694480096660466e-03
1.679005959392261786e+02 -3.845388447272411313e-03 -9.978089212667266492e-03
1.679320775589462187e+02 -3.840557705254115609e-03 -1.011497568030065783e-02
1.679478020271011474e+02 -3.838563215473753121e-03 -1.024502147797294073e-02
1.679635131153260659e+02 -3.835998769203704823e-03 -1.038830680520289040e-02
1.679949004609119925e+02 -3.833831186894494890e-03 -1.065741888771568231e-02
1.680105968395488958e+02 -3.830633194873959806e-03 -1.077213635975825257e-02
1.680262876817159565e+02 -3.827336415192262274e-03 -1.086975221892544710e-02
1.680419852998100225e+02 -3.823869279824928559e-03 -1.093198942775253264e-02
1.680734385571073517e+02 -3.814769352188491884e-03 -1.099470182040173868e-02
1.680891758803574874e+02 -3.811260353617230458e-03 -1.103009435963318505e-02
1.681049418962389552e+02 -3.803841688702684371e-03 -1.103393299744062812e-02
1.681207142172639806e+02 -3.799334466675285786e-03 -1.103010267755483859e-02
1.681522956992257036e+02 -3.787109582131858651e-03 -1.095202863689290207e-02
1.681680436179795493e+02 -3.779520854853665041e-03 -1.088372339613774553e-02
1.681837862423028866e+02 -3.773904461779568811e-03 -1.080294554658626713e-02
1.682152440480316784e+02 -3.761520126147312616e-03 -1.060207275963669267e-02
1.682309613113912121e+02 -3.757822194812679949e-03 -1.048497178384644873e-02
1.682466463762524711e+02 -3.754150349207704355e-03 -1.036895485761911255e-02
1.682622901077886581e+02 -3.749123718786511253e-03 -1.023241844398902096e-02
1.682935354203659415e+02 -3.743501414597129404e-03 -9.966668654862531965e-03
1.683091841671568432e+02 -3.741701956753937849e-03 -9.830726646037089844e-03
1.683248786708328169e+02 -3.736725745329127612e-03 -9.703183069229747576e-03
1.683406215528749215e+02 -3.731191156709996997e-03 -9.578271224167649034e-03
1.683721875350785524e+02 -3.724064445179044690e-03 -9.343589827664042571e-03
1.683879300381319979e+02 -3.719113489758967776e-03 -9.229569532237689652e-03
1.684036536993196762e+02 -3.717687869769952143e-03 -9.115612167398475657e-03
1.684350124704251925e+02 -3.714725716911391681e-03 -8.901991779499948687e-03
1.684506555993012000e+02 -3.715645195167041441e-03 -8.799689872562341253e-03
1.684663003950366829e+02 -3.716137099047318957e-03 -8.700224370946767552e-03
1.684819531773368340e+02 -3.718663394754986602e-03 -8.600624157456687735e-03
1.685133167324976569e+02 -3.728626197992584643e-03 -8.425031480358776553e-03
1.685290218659955599e+02 -3.732998331677370857e-03 -8.368072522162171845e-03
1.685447379348124457e+02 -3.738773246296005215e-03 -8.294919586633437564e-03
1.685604762498728064e+02 -3.746879119562680337e-03 -8.210509083253931042e-03
1.685920188705867417e+02 -3.759032108038363237e-03 -8.087712710363351848e-03
1.686078074770522335e+02 -3.768424089639201262e-03 -8.023289120413406098e-03
1.686235855962791561e+02 -3.775688696091102862e-03 -7.954834929832108048e-03
1.686550765991164837e+02 -3.788705015660426365e-03 -7.824815662557065357e-03
1.686707940661082148e+02 -3.798379486329165038e-03 -7.759872327143480832e-03
1.686865100572380243e+02 -3.802776198861423321e-03 -7.690876577854526518e-03
1.687022084778704425e+02 -3.808205540822601383e-03 -7.625036195448024051e-03
1.687336009124605880e+02 -3.816159302782012094e-03 -7.763351557745047128e-03
1.687493015017061282e+02 -3.821183081163586400e-03 -8.015128069783092335e-03
1.687650045863178718e+02 -3.827026641233221334e-03 -7.923376631963938849e-03
1.687807059444188837e+02 -3.832370984846648117e-03 -8.106838091807904920e-03
1.688121504911805459e+02 -3.839315220518588461e-03 -8.979459833338610322e-03
1.688278781772724528e+02 -3.839334017754332529e-03 -9.232992064263806711e-03
1.688436309000385904e+02 -3.840864204286609154e-03 -9.425021183109181036e-03
1.688751848451225328e+02 -3.842640277746265688e-03 -9.911873623884469992e-03
1.688909606385940378e+02 -3.840975221771678657e-03 -9.977080272193853544e-03
1.689067362128007801e+02 -3.839138867449692558e-03 -1.001948680457036105e-02
1.689224766368166115e+02 -3.839580711960501828e-03 -1.007301699682308302e-02
1.689539281764426732e+02 -3.834033024481384513e-03 -1.031199407116788896e-02
1.689696301591519614e+02 -3.832481047789257789e-03 -1.045915205636296398e-02
1.689853212735700936e+02 -3.829762841283587075e-03 -1.059338380628088022e-02
1.690010166712700936e+02 -3.827343000723473776e-03 -1.071486675764176180e-02
1.690324053748518338e+02 -3.823566179222514030e-03 -1.091946484959595114e-02
1.690481134002876900e+02 -3.820568753183551866e-03 -1.096737226662783740e-02
1.690638438279896434e+02 -3.815917518206905171e-03 -1.100079978153716866e-02
1.690953200897238276e+02 -3.805852954578382678e-03 -1.106350545841431471e-02
1.691110875544150929e+02 -3.800686837608549962e-03 -1.106711267232778420e-02
1.691268801067805043e+02 -3.795760368848855558e-03 -1.105815677236052057e-02
1.691426599988803332e+02 -3.788183359772681787e-03 -1.102607803404709493e-02
1.691741805260384695e+02 -3.775288211491896820e-03 -1.089600531542098474e-02
1.691899234650761343e+02 -3.770052351972459290e-03 -1.081324865231220525e-02
1.692056471509448556e+02 -3.763197757321677401e-03 -1.071697479686322362e-02
1.692213671099652004e+02 -3.758418428964457186e-03 -1.060381347501185983e-02
1.692527496658250925e+02 -3.747619180645330068e-03 -1.036930695732214691e-02
1.692683864277594523e+02 -3.744054144079916532e-03 -1.022582841946389695e-02
1.692840085979443643e+02 -3.741782006168318814e-03 -1.009874965838883192e-02
1.693153045749906767e+02 -3.736549989535323940e-03 -9.830292910808526713e-03
1.693310152283780781e+02 -3.731837046686857940e-03 -9.703904369874944216e-03
1.693467688000259841e+02 -3.727802777414517422e-03 -9.580476958524456951e-03
1.693625654890137753e+02 -3.721460029930860093e-03 -9.462984161409549594e-03
1.693940577998842230e+02 -3.716604853284756309e-03 -9.232011303063515292e-03
1.694097660757578296e+02 -3.715151612004207165e-03 -9.120538598358242377e-03
1.694254481516439341e+02 -3.711288927566635133e-03 -9.011629556706059890e-03
1.694411185889654519e+02 -3.711763982425969003e-03 -8.907389819092155145e-03
1.694724012357729350e+02 -3.714158007011175017e-03 -8.704634615149576399e-03
1.694880589377089564e+02 -3.717094770827979351e-03 -8.604962802289145563e-03
1.695037370216302861e+02 -3.720257006000296431e-03 -8.508602637114398223e-03
1.695351402366314062e+02 -3.728792462841730090e-03 -8.378857490228168794e-03
1.695508642986614518e+02 -3.736345772194530398e-03 -8.299420426612963766e-03
1.695666171123573065e+02 -3.745253374210538028e-03 -8.216959887865582512e-03
1.695823831351229387e+02 -3.751738904782694201e-03 -8.154472616957467168e-03
1.696139485714817283e+02 -3.766003127459947950e-03 -8.029967995859912597e-03
1.696297209903027863e+02 -3.775214868479342522e-03 -7.961226334461921766e-03
1.696454678237324174e+02 -3.782736586138092574e-03 -7.893077928790820375e-03
1.696611904033257474e+02 -3.790737514967460788e-03 -7.828281509136638533e-03
1.696926220709695485e+02 -3.803037964762060168e-03 -7.689906787269632123e-03
1.697083229738188095e+02 -3.809033083509557206e-03 -7.625554123978472119e-03
1.697240158709937248e+02 -3.812685525537736712e-03 -7.600236305072478361e-03
1.697554111424365146e+02 -3.821178293167541620e-03 -7.992883898371735615e-03
1.697711119661379939e+02 -3.824665349880537399e-03 -7.936988152530088242e-03
1.697868158616796563e+02 -3.828672794912716358e-03 -8.174309670118815735e-03
1.698025376762782912e+02 -3.833123590791403124e-03 -8.505298555105065758e-03
1.698340089238482733e+02 -3.838896141275528230e-03 -9.256550231828629752e-03
1.698497678101913095e+02 -3.841970898920845420e-03 -9.527635585230922327e-03
1.698655344101622120e+02 -3.840075258128652219e-03 -9.835971828268987027e-03
1.698813279663357889e+02 -3.840610856800816004e-03 -9.955200577370896739e-03
1.699128596517781205e+02 -3.838557074088839050e-03 -1.005362821639400710e-02
1.699286008382812270e+02 -3.835725265634117032e-03 -1.011982645938908076e-02
1.699443313025920190e+02 -3.834999213545224866e-03 -1.023371492829064193e-02
1.699600438609132311e+02 -3.834509211233069932e-03 -1.037970819056760474e-02
1.699914328993162371e+02 -3.829999060174641042e-03 -1.065405604408759671e-02
1.700071258046994274e+02 -3.827234925377950587e-03 -1.077582992764450874e-02
1.700228179688378134e+02 -3.823828132047816727e-03 -1.088672272503119973e-02
1.700542315418719852e+02 -3.816647724100384088e-03 -1.101089592409719778e-02
1.700699646541538641e+02 -3.813059357618078966e-03 -1.104608763194465243e-02
1.700856960994576639e+02 -3.809642369173343607e-03 -1.108728203111487669e-02
1.701014555980586351e+02 -3.804153362876254441e-03 -1.110764250141417497e-02
1.701330220315566066e+02 -3.791752755040593646e-03 -1.109871380274561614e-02
1.701488118793301112e+02 -3.786464000144164430e-03 -1.105915923690666339e-02
1.701645603990360485e+02 -3.778490678482197308e-03 -1.099801792748114626e-02
1.701803058874882879e+02 -3.771993980216319098e-03 -1.092189793054165921e-02
1.702117625224128119e+02 -3.761543468883347084e-03 -1.073562175901102839e-02
1.702274794768310358e+02 -3.757413661000351488e-03 -1.061949218515689623e-02
1.702431861275967435e+02 -3.752137820994653344e-03 -1.050647461270940927e-02
1.702744771179804957e+02 -3.742314298884730391e-03 -1.023446977105627737e-02
1.702901001997252592e+02 -3.738980047526063635e-03 -1.010729509069897489e-02
1.703057428053955675e+02 -3.736199758325291827e-03 -9.970779782868350802e-03
1.703214210012346257e+02 -3.732551369670586427e-03 -9.841186958380657851e-03
1.703529182058225899e+02 -3.725600543200326652e-03 -9.593323422432983513e-03
1.703687020852624414e+02 -3.720323644465003271e-03 -9.475267908480166854e-03
1.703844640543002811e+02 -3.716075032073207912e-03 -9.360980740086998278e-03
1.704001879023389279e+02 -3.714334517600973926e-03 -9.243129420109127276e-03
1.704315557274501316e+02 -3.708777121791202898e-03 -9.025201817606848601e-03
1.704472099470614523e+02 -3.709818818751172472e-03 -8.920874435192634178e-03
1.704628528571167578e+02 -3.709584550707529637e-03 -8.817959857306618271e-03
1.704941651002445724e+02 -3.715506014870625061e-03 -8.616147639888676116e-03
1.705098494711967874e+02 -3.718648731793529165e-03 -8.520798283707534462e-03
1.705255455889880238e+02 -3.722914813326127711e-03 -8.451622861457583000e-03
1.705412560064455363e+02 -3.728372547470371751e-03 -8.394765147660890672e-03
1.705727504611292886e+02 -3.741234959803440684e-03 -8.233336850028871029e-03
1.705885249683384188e+02 -3.751509038958203077e-03 -8.173891957446333123e-03
1.706043195275022981e+02 -3.757221608756869391e-03 -8.113195306897512740e-03
1.706200904350537542e+02 -3.766138453925721701e-03 -8.044613867119892320e-03
1.706515921065607131e+02 -3.782174311318007957e-03 -7.906299195077208172e-03
1.706673055132805530e+02 -3.787692760730195906e-03 -7.840445484024414005e-03
1.706830237356627435e+02 -3.796055695928275513e-03 -7.769596987231193637e-03
1.707144229559212931e+02 -3.806062476755021125e-03 -7.636618403735852441e-03
1.707301159044476719e+02 -3.811830023669152568e-03 -7.636689121548054932e-03
1.707458142486211727e+02 -3.817426793128042041e-03 -7.943275770059720492e-03
1.707615196105577695e+02 -3.822143966579362624e-03 -7.966679359897052212e-03
1.707929258254762317e+02 -3.829918921007929074e-03 -8.252987975085314398e-03
1.708086553567345049e+02 -3.833912079055144459e-03 -8.646340696287745098e-03
1.708243878955695720e+02 -3.834796701699195835e-03 -9.229065884066824793e-03
1.708401328876125262e+02 -3.838046014957640934e-03 -9.322079359098268958e-03
1.708716744843605966e+02 -3.839163110982945527e-03 -9.906663735188970046e-03
1.708874602399056926e+02 -3.838055601735296078e-03 -1.000303582340031881e-02
1.709032428423470833e+02 -3.837439366173924296e-03 -1.005504446121157670e-02
1.709347200315341126e+02 -3.834970317512420481e-03 -1.017782618762863578e-02
1.709504400981553260e+02 -3.833197513898542203e-03 -1.030487874474730198e-02
1.709661483753310449e+02 -3.830223095602689181e-03 -1.045643307286217398e-02
1.709818406873040715e+02 -3.828614446134790284e-03 -1.059657406294819103e-02
1.710132300493110336e+02 -3.826328572024997616e-03 -1.084197098023683727e-02
1.710289250807259691e+02 -3.823256586482479472e-03 -1.094673839110799074e-02
1.710446254228551197e+02 -3.819394631577625963e-03 -1.101247594638138025e-02
1.710603496836207853e+02 -3.817203003082278272e-03 -1.105513805582391575e-02
1.710918200858256171e+02 -3.805867131676646687e-03 -1.113157956282014721e-02
1.711075878321277628e+02 -3.800598406379187329e-03 -1.114620363276955933e-02
1.711233708866248548e+02 -3.794384795897485976e-03 -1.114773557766587236e-02
1.711549402706829426e+02 -3.780743579983106284e-03 -1.108099363566894535e-02
1.711706859061218040e+02 -3.776586106441008964e-03 -1.101432913719327389e-02
1.711864275634236492e+02 -3.769095385229635602e-03 -1.093707178156831314e-02
1.712021524893599462e+02 -3.763191333927951628e-03 -1.084785640616771872e-02
1.712335824851354289e+02 -3.751596358940030747e-03 -1.062321321979299744e-02
1.712492785426323110e+02 -3.747523800785230660e-03 -1.050914099076511073e-02
1.712649343327832412e+02 -3.743435331883860490e-03 -1.037070600591543171e-02
1.712805612976858640e+02 -3.739793608874897920e-03 -1.023821194089784281e-02
1.713118412769808856e+02 -3.736088895080647010e-03 -9.969878202848978660e-03
1.713275353574829865e+02 -3.730353201299591200e-03 -9.841757672347281605e-03
1.713432736119750359e+02 -3.724725185242143584e-03 -9.715687050661482582e-03
1.713748447663784589e+02 -3.716792595319515918e-03 -9.479650129997251734e-03
1.713905738123955871e+02 -3.712786970293525252e-03 -9.362943369766297749e-03
1.714062932216998547e+02 -3.710445274393781284e-03 -9.248553470929720202e-03
1.714219719648817488e+02 -3.709411706076237540e-03 -9.137322815287993172e-03
1.714532929636478684e+02 -3.705502538620258045e-03 -8.925454116983783104e-03
1.714689353369552123e+02 -3.707529045732493519e-03 -8.822870550286927155e-03
1.714845882464286717e+02 -3.709430315175336890e-03 -8.721698749332318368e-03
1.715002587074953624e+02 -3.712100782135059705e-03 -8.619876654579448211e-03
1.715316504310106325e+02 -3.722308546477118892e-03 -8.464092775098725971e-03
1.715473694634080175e+02 -3.728784766992445428e-03 -8.403217912804088544e-03
1.715631124550382935e+02 -3.736617159049491696e-03 -8.317823713982371719e-03
1.715946630276681049e+02 -3.749728663659585969e-03 -8.185200719290587276e-03
1.716104450355050517e+02 -3.758861378514365744e-03 -8.121790236521531786e-03
1.716262208992806393e+02 -3.766997338905246542e-03 -8.052220367975112744e-03
1.716419592554984774e+02 -3.774013672199753866e-03 -7.980971345282059787e-03
1.716734121138371449e+02 -3.789468914357510976e-03 -7.843296484964961887e-03
1.716891244044062148e+02 -3.795509897422013734e-03 -7.770102636706680520e-03
1.717048192576148722e+02 -3.800033052587929207e-03 -7.700401341100576551e-03
1.717205135255967434e+02 -3.806466726272089013e-03 -7.639453787690413805e-03
1.717519087922026984e+02 -3.814606009672926856e-03 -8.011074889137666244e-03
1.717676117809348568e+02 -3.819410328221536834e-03 -7.931627933847175058e-03
1.717833150370800581e+02 -3.825069748777572016e-03 -8.027567462262767337e-03
1.718147684553941588e+02 -3.832131495062314833e-03 -8.820317105777101749e-03
1.718304956518814492e+02 -3.834899077412112865e-03 -9.270268024944889815e-03
1.718462547197292452e+02 -3.836958868609781012e-03 -9.380326473702587167e-03
1.718620207434795759e+02 -3.838005105508923449e-03 -9.742022086465610201e-03
1.718935881733456768e+02 -3.837939291811746922e-03 -1.003548758766996570e-02
1.719093529437027428e+02 -3.837249740288274300e-03 -1.008927334039551142e-02
1.719250946887406997e+02 -3.834609396307695536e-03 -1.014602470796560976e-02
1.719408288230722803e+02 -3.834698849612727060e-03 -1.023699849930751089e-02
1.719722416605279136e+02 -3.830308973157210781e-03 -1.052784002529953342e-02
1.719879324460681005e+02 -3.828229898419129289e-03 -1.066046496764823902e-02
1.720036272517037901e+02 -3.825481528108840446e-03 -1.078534311048720551e-02
1.720350154440070298e+02 -3.819776591097545897e-03 -1.100522899077804005e-02
1.720507265679587192e+02 -3.817896621755323319e-03 -1.106139331608555973e-02
1.720664578405151133e+02 -3.812179530219457924e-03 -1.110660726314701210e-02
1.720821844677169850e+02 -3.809110599043187984e-03 -1.115011166446432805e-02
1.721137096257925805e+02 -3.797430227440689188e-03 -1.119903487821019734e-02
1.721295062607881334e+02 -3.793305694012216473e-03 -1.119822715799937037e-02
1.721452885359307743e+02 -3.786492227642913443e-03 -1.117058952679220521e-02
1.721610501239111670e+02 -3.780491195650884789e-03 -1.112054664585083660e-02
1.721925352688768953e+02 -3.767183137861628266e-03 -1.097059289819588175e-02
1.722082580928667994e+02 -3.762068059538695945e-03 -1.087564892787219739e-02
1.722239671045196303e+02 -3.755829884422944194e-03 -1.076257810941070280e-02
1.722553632554194678e+02 -3.745668765281867998e-03 -1.052782058228823869e-02
1.722710103298585409e+02 -3.740629537562457311e-03 -1.038389888883968319e-02
1.722866378228395376e+02 -3.737282887263586578e-03 -1.025428572590454668e-02
1.723022772231260831e+02 -3.735160020486407231e-03 -1.011764195913512562e-02
1.723336519327138205e+02 -3.728029393534987041e-03 -9.856639415525322856e-03
1.723493995938365231e+02 -3.724678134062675387e-03 -9.732374933569357470e-03
1.723651905687729595e+02 -3.717868189208628407e-03 -9.612958715741750162e-03
1.723809662871653643e+02 -3.717100115579754192e-03 -9.497388083136456757e-03
1.724123808599723588e+02 -3.708641603490575589e-03 -9.265174101932362877e-03
1.724280644750494105e+02 -3.705060654400319127e-03 -9.153411584149029681e-03
1.724437321702573342e+02 -3.705129559337573368e-03 -9.046672823201573274e-03
1.724750196755645675e+02 -3.706356496902900397e-03 -8.839263083257244830e-03
1.724906753683285956e+02 -3.708478586316668255e-03 -8.736205055469861702e-03
1.725063492611783147e+02 -3.711819624444609184e-03 -8.634353329188385745e-03
1.725220409582003640e+02 -3.715573316004438555e-03 -8.543955273113487334e-03
1.725534737083056882e+02 -3.725521299268904230e-03 -8.422054403420146246e-03
1.725692308060937421e+02 -3.734015038516853152e-03 -8.335830875964870754e-03
1.725850029464265276e+02 -3.743637454649313603e-03 -8.267421946999125443e-03
1.726007964787074513e+02 -3.751568079266515924e-03 -8.207102706166202744e-03
1.726323273595600654e+02 -3.766457061027675499e-03 -8.072499362066901107e-03
1.726480752658757467e+02 -3.774555171658281090e-03 -7.998101815567093542e-03
1.726637862291067336e+02 -3.781554145079817422e-03 -7.929100632150701267e-03
1.726952100747767531e+02 -3.795287065817116133e-03 -7.784574446920851723e-03
1.727109086465700614e+02 -3.802838713808721991e-03 -7.714491260809119497e-03
1.727266022446653153e+02 -3.807684364368054374e-03 -7.657529863231826890e-03
1.727422997057620080e+02 -3.811810895098485027e-03 -7.749384916397776026e-03
1.727737006421799322e+02 -3.820079802040003084e-03 -7.929515041379229731e-03
1.727894056070809086e+02 -3.824277825943278239e-03 -8.096919379890118659e-03
1.728051313355575758e+02 -3.827986606504717344e-03 -8.416748975665168386e-03
1.728208683750735588e+02 -3.831727730886458610e-03 -8.996050104750919971e-03
1.728523682868925562e+02 -3.835536575196073997e-03 -9.470719698721282928e-03
1.728681380983238398e+02 -3.836269036717529848e-03 -9.843482199963804816e-03
1.728839292728540613e+02 -3.836259982735954095e-03 -1.002217244545272959e-02
1.729154575017560944e+02 -3.833521204587112766e-03 -1.013157365505514690e-02
1.729311968445464345e+02 -3.832965272595380973e-03 -1.019978878239938443e-02
1.729469230791424934e+02 -3.831376237158029812e-03 -1.030864585965860988e-02
1.729626349965117527e+02 -3.829902072664165963e-03 -1.045261403005722824e-02
1.729940242843331930e+02 -3.827807835447134994e-03 -1.072622936744057828e-02
1.730097185400089188e+02 -3.824667681817479990e-03 -1.085500816154695222e-02
1.730254086077783597e+02 -3.821773452591358151e-03 -1.097264883846032178e-02
1.730411049915750255e+02 -3.818375234617320951e-03 -1.105668504653143161e-02
1.730725568206107425e+02 -3.810100910949261194e-03 -1.115236252277646521e-02
1.730882919113567766e+02 -3.806753182921789221e-03 -1.119788343850669672e-02
1.731040568248899660e+02 -3.799263318227943768e-03 -1.122417069196729282e-02
1.731356231717411447e+02 -3.788236357901379487e-03 -1.122876134012314349e-02
1.731514113995713444e+02 -3.783340901530987937e-03 -1.119504568055119421e-02
1.731671578444682211e+02 -3.774874051665195671e-03 -1.113675009527958192e-02
1.731829007487552872e+02 -3.769300780286726459e-03 -1.106396497093821256e-02
1.732143480615421254e+02 -3.756399511586800376e-03 -1.088012163400170311e-02
1.732300556402495602e+02 -3.752639921616887728e-03 -1.076509409512585620e-02
1.732457643341648463e+02 -3.748605789419593836e-03 -1.065258809487622596e-02
1.732614457087534845e+02 -3.743035055853097780e-03 -1.052185850879323176e-02
1.732927096258973449e+02 -3.734543226276366024e-03 -1.025031869522173393e-02
1.733083548031760870e+02 -3.732648648826226555e-03 -1.011463152363226668e-02
1.733240363037600105e+02 -3.728315461035598861e-03 -9.983960648827977513e-03
1.733555286414847956e+02 -3.720045039989195064e-03 -9.733313052386588504e-03
1.733713073602346810e+02 -3.715268770043528811e-03 -9.613950089873915181e-03
1.733870625440613935e+02 -3.709325696140265520e-03 -9.497533430806578622e-03
1.734027854783597604e+02 -3.708169267441888389e-03 -9.378903994680420561e-03
1.734341467587201180e+02 -3.702949040152828195e-03 -9.155846592889366545e-03
1.734497966816151973e+02 -3.703226556842119724e-03 -9.049030774874683089e-03
1.734654410813135996e+02 -3.701642557364593928e-03 -8.944871686111695308e-03
1.734810892223861742e+02 -3.703161549996917754e-03 -8.840431107712858755e-03
1.735124322094596607e+02 -3.711311090112131856e-03 -8.635437156515617454e-03
1.735281305494073933e+02 -3.714924510097279177e-03 -8.551537495029385219e-03
1.735438397505691341e+02 -3.719818235185932531e-03 -8.498045818832990206e-03
1.735753375543831680e+02 -3.733389522827194450e-03 -8.342956450600099230e-03
1.735911191659974122e+02 -3.741114156240087519e-03 -8.279261718283047189e-03
1.736069104395683667e+02 -3.750408735269363837e-03 -8.217030077941651564e-03
1.736226807051721153e+02 -3.758610296312459714e-03 -8.150404417330904192e-03
1.736541639725797097e+02 -3.773011112616239844e-03 -8.003818865355418616e-03
1.736698776624814400e+02 -3.782618995964628656e-03 -7.932922503149253401e-03
1.736855894820267281e+02 -3.788773263681071823e-03 -7.859037245773059163e-03
1.737012844356298444e+02 -3.795378133525283137e-03 -7.786213603390588524e-03
1.737326755134506584e+02 -3.804278522542607621e-03 -7.665835326028358140e-03
1.737483758280374389e+02 -3.810201400712290645e-03 -7.820639177354590105e-03
1.737640793178510705e+02 -3.816523483991527462e-03 -8.033612250025997173e-03
1.737954952593838414e+02 -3.825295484339415186e-03 -8.164414646787569729e-03
1.738112254600145548e+02 -3.830363216631917089e-03 -8.508342211355490736e-03
1.738269550235854695e+02 -3.830524037555597602e-03 -9.164287518055725182e-03
1.738427069990254665e+02 -3.832830468237345342e-03 -9.303722236538124538e-03
1.738742591725643081e+02 -3.835483881296221538e-03 -9.931210683294722230e-03
1.738900363527106663e+02 -3.834460174717756360e-03 -1.005945234178004868e-02
1.739058139438710100e+02 -3.832947384766078117e-03 -1.011608454316083143e-02
1.739215538520068094e+02 -3.834440968961653692e-03 -1.017353854268328653e-02
1.739530066676866795e+02 -3.829512514753360356e-03 -1.037427581280212820e-02
1.739687105609837090e+02 -3.827852174028510430e-03 -1.052563907200726977e-02
1.739844021690308011e+02 -3.825474708775615171e-03 -1.066691380440875150e-02
1.740000977570886107e+02 -3.823685115147290852e-03 -1.079112821501773678e-02
1.740314852988305176e+02 -3.820661848700086273e-03 -1.103497563979256857e-02
1.740471921327172140e+02 -3.817241829523184381e-03 -1.110871549233014531e-02
1.740629188077054721e+02 -3.813828579166274844e-03 -1.115807083655957765e-02
1.740943929419299252e+02 -3.802934820481970127e-03 -1.125542357245963056e-02
1.741101616105317191e+02 -3.798311762995421146e-03 -1.127936209741075765e-02
1.741259536639087457e+02 -3.792696975096777976e-03 -1.128995934873623305e-02
1.741417323587033366e+02 -3.785371935640132260e-03 -1.127494442648646622e-02
1.741732535042594350e+02 -3.773155855872450861e-03 -1.117236622390386722e-02
1.741889965055882783e+02 -3.766640309108170836e-03 -1.109789238209219972e-02
1.742047171985632872e+02 -3.759736645820108830e-03 -1.100879336941070798e-02
1.742204249579168618e+02 -3.754728621834329833e-03 -1.090328329938426884e-02
1.742518349102359991e+02 -3.743379679950705353e-03 -1.067124319244393098e-02
1.742675066449851329e+02 -3.738983788649331147e-03 -1.053097697985505739e-02
1.742831453115484237e+02 -3.736006078074291439e-03 -1.039872815815172900e-02
1.743144363894693356e+02 -3.729453848435633143e-03 -1.012715598275550945e-02
1.743301280415676047e+02 -3.725765007656962544e-03 -9.995906927843687881e-03
1.743458563729108732e+02 -3.721190516371645184e-03 -9.868996378392376131e-03
1.743616437565523540e+02 -3.715462343753340568e-03 -9.747661308448096404e-03
1.743931480807404455e+02 -3.709211397583538159e-03 -9.508983472973325801e-03
1.744088605905990903e+02 -3.707225110398442314e-03 -9.392469359943181675e-03
1.744245386975407257e+02 -3.702983065804229656e-03 -9.278552002069066079e-03
1.744402169601493711e+02 -3.701245853883480125e-03 -9.169653455321393268e-03
1.744715013299359327e+02 -3.700983929100001499e-03 -8.957548901814965658e-03
1.744871539270122298e+02 -3.702442668499816934e-03 -8.853768212864742901e-03
1.745028211449808566e+02 -3.704849880750507758e-03 -8.749303815647611893e-03
1.745342075167290261e+02 -3.712317974118620970e-03 -8.570308362477321168e-03
1.745499266284209625e+02 -3.719580688240160717e-03 -8.519392154915048435e-03
1.745656754898375027e+02 -3.728399067540160393e-03 -8.444667655698874856e-03
1.745814419925545167e+02 -3.734631702853397420e-03 -8.363123725258405500e-03
1.746130091732704557e+02 -3.749564804045649440e-03 -8.238178365425218377e-03
1.746287771211377731e+02 -3.759066378640997606e-03 -8.170553531330225147e-03
1.746445163808010363e+02 -3.766713440259334290e-03 -8.096017280902640181e-03
1.746602372890864388e+02 -3.775268446473046494e-03 -8.020320245223087549e-03
1.746916618149836893e+02 -3.789430393358553511e-03 -7.873150586395922038e-03
1.747073603270261515e+02 -3.794954672943974539e-03 -7.799682424780343334e-03
1.747230512312093822e+02 -3.800206367933717331e-03 -7.729522636356486558e-03
1.747544469405820848e+02 -3.809431953145324661e-03 -7.916300487752122791e-03
1.747701489533125141e+02 -3.813588587345529551e-03 -8.010684253774141145e-03
1.747858539468234085e+02 -3.818092815813608001e-03 -7.963384579134830804e-03
1.748015748814230506e+02 -3.823553700759227056e-03 -8.250795609865893901e-03
1.748330452749707433e+02 -3.829846351123118459e-03 -9.289415894818207897e-03
1.748488055907919261e+02 -3.833691782899781211e-03 -9.333327642802423038e-03
1.748645719235555873e+02 -3.832417198853651282e-03 -9.688001032862788783e-03
1.748803652814531802e+02 -3.833847143944953649e-03 -1.000458189714999689e-02
1.749118982316048516e+02 -3.832750392338612772e-03 -1.015782819669491625e-02
1.749276398984387697e+02 -3.829625375634124630e-03 -1.022154649813455593e-02
1.749433716352113208e+02 -3.829738197363782935e-03 -1.031817170600049863e-02
1.749747837935224766e+02 -3.826756384643853828e-03 -1.060002240346878850e-02
1.749904739079975968e+02 -3.825079937103010534e-03 -1.073114643631857199e-02
1.750061675493893176e+02 -3.822407583246014741e-03 -1.086144298203524199e-02
1.750218597309070958e+02 -3.819025911167659749e-03 -1.099133180617757090e-02
1.750532695900097622e+02 -3.812744365519663003e-03 -1.115562120499469581e-02
1.750690019416465475e+02 -3.808766776949738808e-03 -1.120791653410470844e-02
1.750847324917698984e+02 -3.805429464108934373e-03 -1.126060512907824974e-02
1.751004904209525534e+02 -3.801024860891545620e-03 -1.130286409914508378e-02
1.751320571166328648e+02 -3.788143374436890240e-03 -1.133029861021885541e-02
1.751478446108199023e+02 -3.782331359395508033e-03 -1.130954552711705904e-02
1.751635948679099499e+02 -3.775117431160222251e-03 -1.126286987897956622e-02
1.751950757843677877e+02 -3.761976549007573552e-03 -1.111800182505551585e-02
1.752107946171119863e+02 -3.757483731797923304e-03 -1.102448959210794617e-02
1.752264995285231350e+02 -3.752140588629221483e-03 -1.091390260495500759e-02
1.752422079708739773e+02 -3.746075695823913865e-03 -1.080146203853709144e-02
1.752735616149972486e+02 -3.735635868897512271e-03 -1.053445010569862249e-02
1.752891973879563352e+02 -3.731316330863181617e-03 -1.040251759265824541e-02
1.753048389864193553e+02 -3.728090179815942828e-03 -1.026634877168374448e-02
1.753205103264946843e+02 -3.725214058815505980e-03 -1.013281314073032069e-02
1.753519586587097194e+02 -3.718862565781464943e-03 -9.876791480007652765e-03
1.753677446945917779e+02 -3.712839894098468336e-03 -9.754356596776592170e-03
1.753835149418619608e+02 -3.708806307775618181e-03 -9.637359088207401309e-03
1.754149249661052181e+02 -3.701138104728533655e-03 -9.399470407330960675e-03
1.754306070244334137e+02 -3.698649050185556699e-03 -9.286471765853182223e-03
1.754462695327980555e+02 -3.698453321398542312e-03 -9.177974310888934589e-03
1.754619143950276055e+02 -3.697625917464849709e-03 -9.070114414657760166e-03
1.754932184897145930e+02 -3.700026432185483070e-03 -8.860363391399119284e-03
1.755088883863700744e+02 -3.703024433996189753e-03 -8.755740747069367877e-03
1.755245760997556204e+02 -3.706768583421264900e-03 -8.656694003408040711e-03
1.755402804688704066e+02 -3.711828312697097298e-03 -8.586589483677881107e-03
1.755717699028996606e+02 -3.724144680171441717e-03 -8.455564185594210622e-03
1.755875450079479094e+02 -3.735153710714796214e-03 -8.380032228853017198e-03
1.756033428414660307e+02 -3.741253352827825489e-03 -8.317929464629336689e-03
1.756348559895006076e+02 -3.758257748304726000e-03 -8.185672527275204141e-03
1.756506010036040948e+02 -3.767499060894507427e-03 -8.107130916686588334e-03
1.756663089349422364e+02 -3.772944674240098946e-03 -8.031419882581408709e-03
1.756820257316569212e+02 -3.782219375089245546e-03 -7.957316839337503014e-03
1.757134204475050012e+02 -3.794003372991430062e-03 -7.807772866791753107e-03
1.757291124977634809e+02 -3.800690070195698010e-03 -7.739191531129524342e-03
1.757448109814351653e+02 -3.806149039039334690e-03 -7.721627790531912505e-03
1.757605166360766020e+02 -3.810643318869238148e-03 -8.002449012384959398e-03
1.757919227177672497e+02 -3.819605106831285794e-03 -8.013369910852989608e-03
1.758076517447842377e+02 -3.823658024482623572e-03 -8.337913067773369130e-03
1.758233862229781437e+02 -3.825957177206764075e-03 -8.789713510751064052e-03
1.758548966887920528e+02 -3.829331229329777445e-03 -9.393406690862502600e-03
1.758706689877595011e+02 -3.831763271786030062e-03 -9.809308935696720716e-03
1.758864563863631929e+02 -3.831338150738658205e-03 -1.006625739137758518e-02
1.759022399563475574e+02 -3.831665249923817042e-03 -1.014545048064128922e-02
1.759337183495446766e+02 -3.829152591504682637e-03 -1.027672573539399094e-02
1.759494401062854649e+02 -3.827790387061367951e-03 -1.038407003694494408e-02
1.759651499795623408e+02 -3.825007930087951594e-03 -1.052554206172158328e-02
1.759808427245509392e+02 -3.824303167421627160e-03 -1.066992866797804827e-02
1.760122322282398386e+02 -3.821834170863042980e-03 -1.093360640042717775e-02
1.760279260098738519e+02 -3.818531196777505757e-03 -1.105951624750127829e-02
1.760436232550649152e+02 -3.815220901496971500e-03 -1.114948243747252397e-02
1.760750736938327918e+02 -3.805900969871661797e-03 -1.126828043215282772e-02
1.760908147525265690e+02 -3.802246797956212402e-03 -1.132208709790261808e-02
1.761065830306864655e+02 -3.796237193360584104e-03 -1.136122511399024516e-02
1.761223618064817060e+02 -3.790759030133041777e-03 -1.138190104589947155e-02
1.761539351459744580e+02 -3.777564976603450635e-03 -1.135539510533797349e-02
1.761696807023020028e+02 -3.772119125184265724e-03 -1.130142312754216574e-02
1.761854203833098609e+02 -3.765179707541987247e-03 -1.123230576004628431e-02
1.762011457284221194e+02 -3.759053041434373341e-03 -1.114924482336840904e-02
1.762325599876187425e+02 -3.746514476015390133e-03 -1.093506645279448269e-02
1.762482698850845679e+02 -3.742771999588814270e-03 -1.082226374951736694e-02
1.762639612356398118e+02 -3.738413878146214491e-03 -1.068920883343954346e-02
1.762952543024122178e+02 -3.728696124479719161e-03 -1.041457453218183442e-02
1.763109024563885612e+02 -3.728191495141290873e-03 -1.027938122717910428e-02
1.763265855780114180e+02 -3.722634566514580311e-03 -1.014563655568205547e-02
1.763422980861059557e+02 -3.717752641805785550e-03 -1.001578991367195470e-02
1.763738496379876892e+02 -3.709217496800397591e-03 -9.770737173012519067e-03
1.763895923916834079e+02 -3.704454500429574335e-03 -9.650851395955475226e-03
1.764053148469907910e+02 -3.702221709752756031e-03 -9.530594693094281492e-03
1.764209909486267804e+02 -3.700451237846824268e-03 -9.413968540531841497e-03
1.764523171572466254e+02 -3.694956731915982791e-03 -9.193535128546474755e-03
1.764679615227346403e+02 -3.694910031027157874e-03 -9.086303162761261501e-03
1.764836113818668935e+02 -3.695615550235079039e-03 -8.981123376880170012e-03
1.765149513804692845e+02 -3.702090782086070279e-03 -8.769490579583280251e-03
1.765306455067393188e+02 -3.707739650855468739e-03 -8.673489329984133273e-03
1.765463583483927152e+02 -3.712323116794477313e-03 -8.611938431134212937e-03
1.765620945006654949e+02 -3.720294382400189930e-03 -8.561104051836743167e-03
1.765936483852462118e+02 -3.733378282187721844e-03 -8.405307271748110876e-03
1.766094324450533009e+02 -3.743505964769491563e-03 -8.343431721037209217e-03
1.766252016688811750e+02 -3.751114489290159441e-03 -8.277824179907291788e-03
1.766409337478246186e+02 -3.758341606939925080e-03 -8.207840966202358673e-03
1.766723791253060938e+02 -3.776238057988674096e-03 -8.050596687662118361e-03
1.766880888461149652e+02 -3.781780003282044552e-03 -7.974837151602444385e-03
1.767037804023345302e+02 -3.787322847696777007e-03 -7.899553049008110200e-03
1.767351681410812887e+02 -3.798359342703379847e-03 -7.757992059185295566e-03
1.767508696934614534e+02 -3.803153395703791004e-03 -7.771369114727773482e-03
1.767665733423461631e+02 -3.809051728140356533e-03 -8.066105981714536549e-03
1.767822771585090322e+02 -3.815752438402457078e-03 -7.971222983327095127e-03
1.768137293915013686e+02 -3.823564113814377843e-03 -8.429905341951367953e-03
1.768294571833898772e+02 -3.826023825579076033e-03 -8.986522026686170894e-03
1.768452158792704267e+02 -3.828219976262255391e-03 -9.370426464966245469e-03
1.768609823618178325e+02 -3.830702856627960038e-03 -9.490529083447248396e-03
1.768925475653096271e+02 -3.830955637043020369e-03 -1.012760775827924696e-02
1.769083162604996744e+02 -3.830311967918929774e-03 -1.019597028308598906e-02
1.769240575537754694e+02 -3.829352632077115317e-03 -1.026002265693842438e-02
1.769555084807238927e+02 -3.826013119931361353e-03 -1.046590418106722702e-02
1.769712076409676342e+02 -3.825097823283732813e-03 -1.061154365465588265e-02
1.769868987799091542e+02 -3.823025251431568135e-03 -1.074435663916243310e-02
1.770025936967934399e+02 -3.820599305466642476e-03 -1.087335214519233144e-02
1.770339812866275793e+02 -3.816054387428791887e-03 -1.112849837679126194e-02
1.770496899242147606e+02 -3.814186505826774789e-03 -1.120782779628461297e-02
1.770654211460204408e+02 -3.808623982874433447e-03 -1.126931708605476666e-02
1.770811445570943476e+02 -3.805240409460296496e-03 -1.132841074182235584e-02
1.771126686482578805e+02 -3.793996816574096102e-03 -1.141848137912354101e-02
1.771284639452754845e+02 -3.789808443533171107e-03 -1.143720824067080873e-02
1.771442441671987922e+02 -3.782681645324483064e-03 -1.142880546420648770e-02
1.771600100172316274e+02 -3.776700253288738530e-03 -1.139661095901825516e-02
1.771914941704070259e+02 -3.763395733504386245e-03 -1.126603227860939124e-02
1.772072167359802961e+02 -3.756830679314463253e-03 -1.117965418886361292e-02
1.772229192142307852e+02 -3.751285231335259145e-03 -1.107537819873829002e-02
1.772543273167030407e+02 -3.739297350322630213e-03 -1.084390749049142164e-02
1.772700092667514298e+02 -3.734029286928119973e-03 -1.070212875925387504e-02
1.772856612878835847e+02 -3.729863509750267099e-03 -1.056835204893929840e-02
1.773013044208011024e+02 -3.727204158483515394e-03 -1.043105313961472172e-02
1.773326599489239186e+02 -3.719780434028697319e-03 -1.016220420796781591e-02
1.773483812388528804e+02 -3.717085806972268702e-03 -1.003439681285023949e-02
1.773641663213202264e+02 -3.710595624621969291e-03 -9.910707089577263512e-03
1.773956698241324261e+02 -3.703701050237151026e-03 -9.666686332816318630e-03
1.774113719913092098e+02 -3.700887438852529330e-03 -9.549249437855148945e-03
1.774270489322418598e+02 -3.696364018599948131e-03 -9.432581621819313700e-03
1.774427212914458778e+02 -3.695389591576922310e-03 -9.321814468162527290e-03
1.774740092904907840e+02 -3.694294321171229679e-03 -9.106038361862035455e-03
1.774896614169634006e+02 -3.695796124704126256e-03 -8.999435934152009292e-03
1.775053257506973239e+02 -3.698477402567881735e-03 -8.893124790534936638e-03
1.775210073969159623e+02 -3.701632548605118204e-03 -8.787242771700436855e-03
1.775524256690558786e+02 -3.711339260526871475e-03 -8.643510923330703644e-03
1.775681784945650747e+02 -3.719973586451721069e-03 -8.586564186596345669e-03
1.775839523399440907e+02 -3.728522185217849477e-03 -8.502724777776658749e-03
1.776155124113911654e+02 -3.743632263076536893e-03 -8.372536008755773751e-03
1.776312720492008452e+02 -3.753375433699582958e-03 -8.305194386675821688e-03
1.776470121883567401e+02 -3.761515759527902375e-03 -8.230439931041784452e-03
1.776627204300005474e+02 -3.769890080991923371e-03 -8.148979910271199334e-03
1.776941381417842365e+02 -3.784416230720116705e-03 -7.995472330897994764e-03
1.777098337274054245e+02 -3.792613020850461782e-03 -7.918515795356007719e-03
1.777255271023655325e+02 -3.797114892470630689e-03 -7.842783144485618654e-03
1.777412219255448633e+02 -3.802105389718565213e-03 -7.777463566878257094e-03
1.777726246460052266e+02 -3.811328758672200261e-03 -8.101131401414569250e-03
1.777883304754970482e+02 -3.815944851162000190e-03 -7.985994808819053131e-03
1.778040558155041708e+02 -3.820453511008653925e-03 -8.178875557064851226e-03
1.778355321069657862e+02 -3.828878061754404944e-03 -9.185525796943727964e-03
1.778512934284487983e+02 -3.831015124951365342e-03 -9.386823585600941738e-03
1.778670623167322162e+02 -3.831123426004499986e-03 -9.614802866098887471e-03
1.778828545155895711e+02 -3.831900083900519408e-03 -1.003728925611620248e-02
1.779143829296002082e+02 -3.830312335758829373e-03 -1.025828817461097581e-02
1.779301234367986808e+02 -3.829414689622102214e-03 -1.032864451899259857e-02
1.779458520063825802e+02 -3.828440214960952045e-03 -1.042256172804846386e-02
1.779615644808414459e+02 -3.828094116197115065e-03 -1.055401029433145066e-02
1.779929546868035857e+02 -3.825388466152058239e-03 -1.082076070913414942e-02
1.780086468741575629e+02 -3.822747231829240304e-03 -1.095705221899922165e-02
1.780243373500447888e+02 -3.819881133644716618e-03 -1.109382770278065887e-02
1.780400327810143040e+02 -3.816520407987684764e-03 -1.119418824048430336e-02
1.780714832027172747e+02 -3.809096855972448833e-03 -1.133375540880686601e-02
1.780872155226297480e+02 -3.805759967345946539e-03 -1.138906525745435674e-02
1.781029782751777475e+02 -3.798814601460483165e-03 -1.144404885327507913e-02
1.781345454868077525e+02 -3.787452768240925482e-03 -1.148851299526600089e-02
1.781503338500108669e+02 -3.782745633122224036e-03 -1.147462248008463206e-02
1.781660796875998471e+02 -3.773846260159444306e-03 -1.143344957068986520e-02
1.781818227446958076e+02 -3.767993052748111298e-03 -1.137114900299912926e-02
1.782132705811755500e+02 -3.755169631252660428e-03 -1.120340302847156431e-02
1.782289701568652447e+02 -3.751129999565298336e-03 -1.109302617326850086e-02
1.782446759568553034e+02 -3.745773234187761615e-03 -1.098115892376815873e-02
1.782603823663364153e+02 -3.740003056581633900e-03 -1.085675041261978391e-02
1.782917018598449204e+02 -3.729585782000333083e-03 -1.057960948988987022e-02
1.783073514240452369e+02 -3.725820096675885092e-03 -1.044307866528276438e-02
1.783230293560260122e+02 -3.722786716557699525e-03 -1.030797467531889555e-02
1.783544688662213957e+02 -3.715169778311179331e-03 -1.004980919410238850e-02
1.783702527324147695e+02 -3.710452241365550310e-03 -9.925964125413688777e-03
1.783860173936103024e+02 -3.703571528563800921e-03 -9.806747983728859863e-03
1.784017426267759845e+02 -3.703153701950786820e-03 -9.682391513515881121e-03
1.784331004510846412e+02 -3.696952668499581523e-03 -9.450202608210722666e-03
1.784487560239702759e+02 -3.696732872257659647e-03 -9.339198738066691041e-03
1.784644021099756799e+02 -3.693766123006147605e-03 -9.230727929866417575e-03
1.784800478788167766e+02 -3.694605613328042978e-03 -9.123163079802772135e-03
1.785113757014914597e+02 -3.700469627362372189e-03 -8.909283874165754152e-03
1.785270617520719441e+02 -3.703606121088375350e-03 -8.805513118314107698e-03
1.785427611834938091e+02 -3.708739274642174413e-03 -8.720307173579980309e-03
1.785742541688732672e+02 -3.722218379040966810e-03 -8.612286374513051027e-03
1.785900358739470732e+02 -3.730801174311286061e-03 -8.530017034237195525e-03
1.786058305547486782e+02 -3.740257141763543916e-03 -8.463149125918310173e-03
1.786215917142704370e+02 -3.749441580895024415e-03 -8.400937399797364299e-03
1.786530670859962697e+02 -3.765218314358289697e-03 -8.254749061901978796e-03
1.786687746543270521e+02 -3.773650981723882664e-03 -8.172082797411904520e-03
1.786844838479817952e+02 -3.781811352568691196e-03 -8.093302049054229563e-03
1.787001758068981587e+02 -3.789367625715365888e-03 -8.017160245204235994e-03
1.787315645664856731e+02 -3.799657940273613432e-03 -7.862847377411172692e-03
1.787472644090611027e+02 -3.806293378852367969e-03 -7.797955212626002386e-03
1.787629680863242640e+02 -3.812588049913990477e-03 -7.923726396808295283e-03
1.787943829287121389e+02 -3.822091357744570195e-03 -8.021991738389412999e-03
1.788101140044182955e+02 -3.827456986527828092e-03 -8.276010276762875081e-03
1.788258455158792515e+02 -3.828224612461861905e-03 -8.643915447745485064e-03
1.788415961388016910e+02 -3.831522313089506544e-03 -9.366822499046566566e-03
1.788731453727180849e+02 -3.834918068276073257e-03 -9.756709427419851810e-03
1.788889256143046680e+02 -3.834312210494003181e-03 -1.013618351927651935e-02
1.789047052190905731e+02 -3.833470173100367220e-03 -1.024885318437366091e-02
1.789204462217606988e+02 -3.834969050650640070e-03 -1.032458356618410830e-02
1.789518998754211907e+02 -3.831360029571896381e-03 -1.050925336987040305e-02
1.789676058224557380e+02 -3.829405236054803877e-03 -1.064368080094482347e-02
1.789832977743087952e+02 -3.827478815582126617e-03 -1.077721496094490722e-02
1.790146870926433564e+02 -3.825696141415486917e-03 -1.104294774134886511e-02
1.790303799438414103e+02 -3.823524322534800103e-03 -1.117026210868112338e-02
1.790460846967396265e+02 -3.819694679435018444e-03 -1.125817801255894757e-02
1.790618086492258669e+02 -3.817525196748082234e-03 -1.132981248024873648e-02
1.790932803161879860e+02 -3.805987235719046104e-03 -1.145500309263301243e-02
1.791090491964155831e+02 -3.801483436974607572e-03 -1.150785045578964216e-02
1.791248387626334022e+02 -3.795122076786880405e-03 -1.153610260081035579e-02
1.791406186199206729e+02 -3.788196435404071489e-03 -1.154214871505630444e-02
1.791721411335052778e+02 -3.776674550809510245e-03 -1.147580568560219345e-02
1.791878830686773938e+02 -3.768887135369682756e-03 -1.140895050210083764e-02
1.792036036003597417e+02 -3.762189947009564502e-03 -1.132884406238964144e-02
1.792350101014071697e+02 -3.749927117298093669e-03 -1.111805477522748165e-02
1.792507170624932655e+02 -3.744578741591681435e-03 -1.100505806309253799e-02
1.792664177074338738e+02 -3.740120510286097221e-03 -1.087126110826522329e-02
1.792820891902700282e+02 -3.735766605044045854e-03 -1.073524398109255984e-02
1.793134002634340902e+02 -3.727982660361889647e-03 -1.046032713290605438e-02
1.793290810675390787e+02 -3.723785507201881912e-03 -1.032476350509894253e-02
1.793447859581667672e+02 -3.719497044033415363e-03 -1.019453271866400772e-02
1.793605535641503366e+02 -3.714748312281352608e-03 -1.006872681484586099e-02
1.793920733575502027e+02 -3.707412816064977086e-03 -9.824144176238827283e-03
1.794077919069557083e+02 -3.705172989991606120e-03 -9.702348234911475217e-03
1.794234638009610876e+02 -3.701757879242556330e-03 -9.584160790400302055e-03
1.794547853340765471e+02 -3.696031093488679267e-03 -9.359465429948858606e-03
1.794704273718578236e+02 -3.696956566809324243e-03 -9.251199352657349384e-03
1.794860768635965940e+02 -3.697717440998067161e-03 -9.144769265840589634e-03
1.795017391999030565e+02 -3.699151511723238351e-03 -9.036606734318747280e-03
1.795331035093577725e+02 -3.707201496448962047e-03 -8.826581423567632367e-03
1.795488134671755631e+02 -3.714502441006742144e-03 -8.749430682083307251e-03
1.795645567952450108e+02 -3.721888878508189825e-03 -8.708271000438111420e-03
1.795803237550062192e+02 -3.728634149328664219e-03 -8.640722040774193036e-03
1.796118915231963626e+02 -3.744900850816567598e-03 -8.494742644990149402e-03
1.796276548979252539e+02 -3.754655204642211568e-03 -8.431051186317296831e-03
1.796433857008519510e+02 -3.762655152721755113e-03 -8.359734739550737231e-03
1.796748187478279704e+02 -3.778769735435193611e-03 -8.195974806407164970e-03
1.796905206940954542e+02 -3.787736841408575507e-03 -8.116836151979913566e-03
1.797062138709808607e+02 -3.792876284697779387e-03 -8.038958858395919144e-03
1.797219036689628240e+02 -3.799950618068391028e-03 -7.958718340160639282e-03
1.797532999772036248e+02 -3.809793537164407259e-03 -7.826085221131071773e-03
1.797690026844686031e+02 -3.814830357186385027e-03 -8.020781750021533860e-03
1.797847082249933521e+02 -3.820371478371775275e-03 -8.105886030031518585e-03
1.798004284680914679e+02 -3.826707420422518352e-03 -8.073390508889428593e-03
1.798318978647506299e+02 -3.833479313485344334e-03 -8.779823478496616429e-03
1.798476595488205305e+02 -3.837186997995034946e-03 -9.487454042853142241e-03
1.798634262448074423e+02 -3.837445343439170424e-03 -9.458576931721716929e-03
1.798949964942218855e+02 -3.839295692050433400e-03 -1.022073989681999626e-02
1.799107541009468321e+02 -3.839273535757060929e-03 -1.031102311414643091e-02
1.799264962169824003e+02 -3.836215192235016124e-03 -1.039802931046139405e-02
1.799422291684485344e+02 -3.837056296110792283e-03 -1.048287676621443773e-02
1.799736417526976879e+02 -3.833839343337763512e-03 -1.073006317638733678e-02
1.799893318379290292e+02 -3.832379990369158985e-03 -1.085125042758027132e-02
1.800050258751130059e+02 -3.829806815293757688e-03 -1.098338941763687439e-02
1.800207182831642285e+02 -3.826604444592668179e-03 -1.112211494149805725e-02
1.800521254604027774e+02 -3.821382687289545492e-03 -1.131442358735639843e-02
1.800678569775936921e+02 -3.816626215968303183e-03 -1.138939186958622465e-02
1.800835859395673424e+02 -3.813370773765120073e-03 -1.145559386759693703e-02
1.801151122216290048e+02 -3.801456448850042136e-03 -1.156097604229940241e-02
1.801309098628783829e+02 -3.796799352842085851e-03 -1.158694234614156965e-02
1.801466939573660397e+02 -3.790448377589519628e-03 -1.158502063125058969e-02
1.801624481202953234e+02 -3.783833612823055224e-03 -1.155753952399700933e-02
1.801939288121125742e+02 -3.769903839187267215e-03 -1.143293090298063211e-02
1.802096473211443026e+02 -3.765125318222613000e-03 -1.134967595954417853e-02
1.802253517081776124e+02 -3.758617223688386945e-03 -1.124741294793172447e-02
1.802410487483352597e+02 -3.752764524700561224e-03 -1.113324727029385217e-02
1.802724469781747700e+02 -3.741011675927682564e-03 -1.087575521994938420e-02
1.802881134549535886e+02 -3.735872945020013089e-03 -1.073950589667374209e-02
1.803037685433687329e+02 -3.731617408005009993e-03 -1.060273119155552557e-02
1.803351294258272901e+02 -3.725434457143405719e-03 -1.033222265421001804e-02
1.803508438640430143e+02 -3.722913135926729945e-03 -1.020345160582011336e-02
1.803666237625317592e+02 -3.716493601085050624e-03 -1.007855020270293119e-02
1.803824036183093540e+02 -3.713081141176270781e-03 -9.958677585467982235e-03
1.804138201278124427e+02 -3.704225707520530236e-03 -9.713377869931557815e-03
1.804294936447621751e+02 -3.701590262557000709e-03 -9.595769710185962642e-03
1.804451598757045474e+02 -3.700867490364393667e-03 -9.483577376479816051e-03
1.804608054880178543e+02 -3.700281667508066759e-03 -9.372293356429714159e-03
1.804921045318373558e+02 -3.700159652698811839e-03 -9.156995909554002666e-03
1.805077666530274882e+02 -3.702895216288620145e-03 -9.049107774326197590e-03
1.805234439569377685e+02 -3.706348839231253869e-03 -8.941896118394630430e-03
1.805548576169751414e+02 -3.716374011616429326e-03 -8.775969910036438351e-03
1.805706157738634374e+02 -3.723350042086534181e-03 -8.735130025212803004e-03
1.805863912602971766e+02 -3.734745220474809668e-03 -8.662672423860422188e-03
1.806021912075109412e+02 -3.742385812626781820e-03 -8.583658986985636535e-03
1.806336954584355965e+02 -3.760315982959317425e-03 -8.455614736317638991e-03
1.806494351161341285e+02 -3.769599929659849750e-03 -8.379837160765369122e-03
1.806651358162467034e+02 -3.776081177739613534e-03 -8.297367882829568067e-03
1.806808500775933624e+02 -3.785669293925994407e-03 -8.213490016288344311e-03
1.807122393615432259e+02 -3.799904443900034567e-03 -8.053443004489364149e-03
1.807279302070068070e+02 -3.806929557765009655e-03 -7.973181190085210784e-03
1.807436303064806395e+02 -3.812198080983304413e-03 -7.895450338457354195e-03
1.807750333442683086e+02 -3.821966553355678545e-03 -8.106634927171979532e-03
1.807907403392254082e+02 -3.826966545505603150e-03 -8.083251119657968928e-03
1.808064688860194167e+02 -3.831321088392800837e-03 -8.133693524927900625e-03
1.808222056924486481e+02 -3.835167364531686090e-03 -8.464298018138641938e-03
1.808537129040960565e+02 -3.839393243920364782e-03 -9.522468168071916705e-03
1.808694843331796847e+02 -3.842053839997764710e-03 -9.536080568488208495e-03
1.808852732583990530e+02 -3.842344535332989884e-03 -1.003414006332584672e-02
1.809010574536267768e+02 -3.843524185563166034e-03 -1.028504081592751876e-02
1.809325381445681273e+02 -3.840756290880264611e-03 -1.046735982327981311e-02
1.809482621314639061e+02 -3.839539255269439153e-03 -1.055441504084543569e-02
1.809639732868687645e+02 -3.837367128212824420e-03 -1.067526581619770813e-02
1.809953601726722923e+02 -3.836466175660583483e-03 -1.091525278499805469e-02
1.810110563194408257e+02 -3.833947236354755088e-03 -1.105401337918825513e-02
1.810267470008132875e+02 -3.830825939174751366e-03 -1.118672471171825410e-02
1.810424432041080536e+02 -3.827672272564672067e-03 -1.128597554662949011e-02
1.810738940325088038e+02 -3.818601993917442299e-03 -1.144078744887625995e-02
1.810896320270485376e+02 -3.815168752725695434e-03 -1.150296398264997501e-02
1.811053996030686335e+02 -3.808111653537869963e-03 -1.156436141681117802e-02
1.811211747439218698e+02 -3.803371353461463059e-03 -1.160723984941449891e-02
1.811527521559675336e+02 -3.790688380338739626e-03 -1.161939983981378176e-02
1.811684974382253870e+02 -3.783369781544753795e-03 -1.158695298339698990e-02
1.811842371367365274e+02 -3.777098837349784563e-03 -1.152678079357304618e-02
1.812156773013581414e+02 -3.763196291058275907e-03 -1.136486693027176191e-02
1.812313760423452891e+02 -3.757938940414387152e-03 -1.125497587049812710e-02
1.812470771441651038e+02 -3.753564046562124414e-03 -1.114184423838895065e-02
1.812627840746584980e+02 -3.748741238275498603e-03 -1.101763074884964770e-02
1.812941363947225852e+02 -3.736662534468309423e-03 -1.073935470461896691e-02
1.813097965339376856e+02 -3.733977399076716421e-03 -1.060315953254391090e-02
1.813254746334510230e+02 -3.728391228886634642e-03 -1.046617828263337463e-02
1.813411662270146962e+02 -3.725054556397113057e-03 -1.033445258014743448e-02
1.813726896853426638e+02 -3.716829535677183220e-03 -1.008300202259596393e-02
1.813884462938590616e+02 -3.710766045260396016e-03 -9.961616725344004872e-03
1.814041711695849415e+02 -3.708934216619977266e-03 -9.837167109614453758e-03
1.814355196842587077e+02 -3.703293379939484251e-03 -9.601826924388774664e-03
1.814511689088114963e+02 -3.701662688440282740e-03 -9.490319194569451361e-03
1.814668141216681931e+02 -3.700190016358726776e-03 -9.380591480236472740e-03
1.814824618884927361e+02 -3.700160988779596042e-03 -9.272304022978751156e-03
1.815137908820545931e+02 -3.706042723487138358e-03 -9.055458675943608982e-03
1.815294736672651368e+02 -3.710973065565641681e-03 -8.949315643935779052e-03
1.815451742117953700e+02 -3.715048605040939100e-03 -8.854429800730383507e-03
1.815609034817820771e+02 -3.722902780448530177e-03 -8.799613194920773498e-03
1.815924564097629457e+02 -3.736519371415708297e-03 -8.679059405796721999e-03
1.816082435554464780e+02 -3.748009342308750418e-03 -8.603875261980748271e-03
1.816240052628114086e+02 -3.755780747627346112e-03 -8.541359679489534187e-03
1.816554624695898781e+02 -3.771521361971056328e-03 -8.393404627752483818e-03
1.816711684729316971e+02 -3.783272204325743675e-03 -8.310079890446459353e-03
1.816868743003441296e+02 -3.789404219905076043e-03 -8.225592547372611099e-03
1.817025636496137793e+02 -3.796376998704224098e-03 -8.144808857701989202e-03
1.817339505530663644e+02 -3.807906400981704662e-03 -7.983643833736085715e-03
1.817496522938734813e+02 -3.813644923670128379e-03 -7.903638180672639332e-03
1.817653561405028881e+02 -3.820453145831754788e-03 -7.901337481830117068e-03
1.817810599900799389e+02 -3.827614470926896453e-03 -8.161774815714270548e-03
1.818125100985270137e+02 -3.836619316143903904e-03 -8.202103232488648643e-03
1.818282392947878350e+02 -3.838294105700976091e-03 -8.546332695123910056e-03
1.818439959512886617e+02 -3.840829918045563212e-03 -9.148102155610751685e-03
1.818755522997594767e+02 -3.845441842477329009e-03 -9.623579640145181816e-03
1.818913265167642805e+02 -3.844689119927086150e-03 -1.015963723055716451e-02
1.819070998044120699e+02 -3.843797419676889954e-03 -1.033894948902115349e-02
1.819228405269659277e+02 -3.844741586381820314e-03 -1.042742118831169011e-02
1.819542927333370699e+02 -3.840723478017928072e-03 -1.062619997359789265e-02
1.819699943187877409e+02 -3.839852451250237199e-03 -1.074341329693118997e-02
1.819856854388667671e+02 -3.837651882728684502e-03 -1.085270563928138025e-02
1.820013803284005860e+02 -3.835499010082706831e-03 -1.097382763283604248e-02
1.820327676618982764e+02 -3.832032999825854460e-03 -1.123462997897834402e-02
1.820484744594267568e+02 -3.829403403812035346e-03 -1.132144708729414424e-02
1.820642046339090712e+02 -3.824596283637367485e-03 -1.139982371927651152e-02
1.820956803273217020e+02 -3.814849100645388222e-03 -1.154186841499802232e-02
1.821114487228622068e+02 -3.809421484422630382e-03 -1.160602805622604032e-02
1.821272425679809430e+02 -3.804647731194613081e-03 -1.164457079722633348e-02
1.821430215192049218e+02 -3.797055290805436724e-03 -1.165749579006064227e-02
1.821745372648657053e+02 -3.782957855872978812e-03 -1.160548004493740411e-02
1.821902771181463834e+02 -3.777507375490042098e-03 -1.153986512053234610e-02
1.822059973972253033e+02 -3.769937987040561812e-03 -1.146376375260855542e-02
1.822217010748832422e+02 -3.764476304368735184e-03 -1.136973830471319467e-02
1.822531003662636238e+02 -3.751535730179350863e-03 -1.114140761606897435e-02
1.822688043701842560e+02 -3.745710899168848938e-03 -1.100869379214530416e-02
1.822844890123228083e+02 -3.741277405023543667e-03 -1.087036874181814342e-02
1.823001541049945331e+02 -3.736981523679528457e-03 -1.073305325803988047e-02
1.823315028435258398e+02 -3.728422242721595326e-03 -1.045991526392870893e-02
1.823472024708526362e+02 -3.725623650691581301e-03 -1.033004059544067287e-02
1.823629674592338290e+02 -3.719870600734323518e-03 -1.020351627863800605e-02
1.823944843656272212e+02 -3.712219848447198892e-03 -9.956774485140850936e-03
1.824101949581634301e+02 -3.710052612567885013e-03 -9.835585010348818144e-03
1.824258650440701217e+02 -3.705624566013420405e-03 -9.715765595121300668e-03
1.824415369474071724e+02 -3.704059830567929101e-03 -9.602830009339306805e-03
1.824728244782560580e+02 -3.701744988424214306e-03 -9.382346744891242180e-03
1.824884748545719901e+02 -3.702487274341807917e-03 -9.274366169886916200e-03
1.825041377354790484e+02 -3.704260930730131438e-03 -9.165713507911125296e-03
1.825354974402633843e+02 -3.710203667034209576e-03 -8.953128130262824266e-03
1.825512087889228496e+02 -3.716854644935277830e-03 -8.865717700117353370e-03
1.825669540831912627e+02 -3.725600682823221928e-03 -8.819827706155119323e-03
1.825827272685965283e+02 -3.732516018739779218e-03 -8.771512452510163427e-03
1.826142877174727914e+02 -3.748448656782701286e-03 -8.620104925917698377e-03
1.826300448569913328e+02 -3.759272569101558981e-03 -8.556254290273412194e-03
1.826457768546814293e+02 -3.767637722617869517e-03 -8.482347377107228581e-03
1.826614838258720397e+02 -3.777084083682041328e-03 -8.401165993129251081e-03
1.826928954532889975e+02 -3.792719114476773498e-03 -8.231922101044853932e-03
1.827085899274576661e+02 -3.800568502740695690e-03 -8.149545770108420836e-03
1.827242804860684657e+02 -3.805613536742142710e-03 -8.067405780420349587e-03
1.827556770945425910e+02 -3.816688745085331912e-03 -7.907906264928087417e-03
1.827713792425347208e+02 -3.821268731071509814e-03 -7.974281102042801023e-03
1.827870853493728305e+02 -3.826203886889903340e-03 -8.158441295937931062e-03
1.828028095499169297e+02 -3.831585171356830834e-03 -8.060506132136465232e-03
1.828342849293744337e+02 -3.840079594357326525e-03 -8.632914107077747923e-03
1.828500456905729266e+02 -3.843962661801801975e-03 -9.343532323129594142e-03
1.828658131265352154e+02 -3.843379170612074448e-03 -9.461455498632365124e-03
1.828816062364012680e+02 -3.844808266958843392e-03 -9.748047133549068641e-03
1.829131363174126363e+02 -3.844218412661600578e-03 -1.038623831176704523e-02
1.829288780139414712e+02 -3.842329573890181701e-03 -1.048643856553017721e-02
1.829446087433102832e+02 -3.842056172490213896e-03 -1.058986914292696369e-02
1.829603216591953867e+02 -3.842166661781885092e-03 -1.069205686959980549e-02
1.829917110716188233e+02 -3.838549601587529052e-03 -1.089780639605208469e-02
1.830074031657906630e+02 -3.836084957842067836e-03 -1.103007439737771316e-02
1.830230944347161142e+02 -3.832882701361992484e-03 -1.115833550173225136e-02
1.830545060323514974e+02 -3.825921912370613878e-03 -1.135213757623371351e-02
1.830702385625192790e+02 -3.822338716487653706e-03 -1.143692065741679260e-02
1.830859691978102148e+02 -3.818835871275284583e-03 -1.151606589503675025e-02
1.831017289136961210e+02 -3.812982965542750704e-03 -1.158200360962245365e-02
1.831332963586617097e+02 -3.800438356658047447e-03 -1.167767615914050601e-02
1.831490853100930565e+02 -3.795091626908563259e-03 -1.168413052185713133e-02
1.831648322021921729e+02 -3.786613001571832813e-03 -1.166632981518032908e-02
1.831805758628527201e+02 -3.779839013209596726e-03 -1.161731143335961725e-02
1.832120254206520542e+02 -3.767713349188607508e-03 -1.146978910786559426e-02
1.832277256373195655e+02 -3.762749984450941901e-03 -1.136875659185984655e-02
1.832434266602411128e+02 -3.756619957275771776e-03 -1.125348996448401716e-02
1.832748267267006952e+02 -3.744535247498221794e-03 -1.099978121088474037e-02
1.832905037553130683e+02 -3.738872309002187842e-03 -1.085929294101387402e-02
1.833061719461854295e+02 -3.733026829026368353e-03 -1.072307134483397976e-02
1.833218515471650392e+02 -3.729198757529721651e-03 -1.058535655735398477e-02
1.833532486331176585e+02 -3.722761930586674772e-03 -1.032225141291174750e-02
1.833690252093032313e+02 -3.718368937237810472e-03 -1.019669057893095483e-02
1.833848017202275571e+02 -3.711291237462004729e-03 -1.007631261709141836e-02
1.834005269517917043e+02 -3.710304678095010470e-03 -9.949156644650850728e-03
1.834318849850373567e+02 -3.703677132763837088e-03 -9.711526194941966922e-03
1.834475439012578590e+02 -3.703253335460645040e-03 -9.599240097598479848e-03
1.834631901547284372e+02 -3.700524583299299227e-03 -9.487845108473435055e-03
1.834944926851760840e+02 -3.701610505707063608e-03 -9.270959470425815113e-03
1.835101604943150448e+02 -3.703115800686235942e-03 -9.162508935120888473e-03
1.835258352452144948e+02 -3.706388926037627353e-03 -9.055469245147666074e-03
1.835415256196915266e+02 -3.711122021875869030e-03 -8.952976807360008352e-03
1.835730077494165755e+02 -3.723270247121593032e-03 -8.836646968574385710e-03
1.835887882208805308e+02 -3.733126565535462883e-03 -8.779818319023295625e-03
1.836045862390736829e+02 -3.741389515640546667e-03 -8.697713379639239462e-03
1.836203410282122945e+02 -3.751389131997302784e-03 -8.631724625505411697e-03
1.836518120259007958e+02 -3.768895231080135032e-03 -8.487172095581503942e-03
1.836675137217799829e+02 -3.776099871042198214e-03 -8.403841348418761292e-03
1.836832222991320407e+02 -3.785570851147469166e-03 -8.318660292865598382e-03
1.837146087612859162e+02 -3.798765492549542339e-03 -8.148448490158177043e-03
1.837303004680193510e+02 -3.805769597334188702e-03 -8.065702792918811453e-03
1.837459996495142036e+02 -3.812608755397533470e-03 -7.982341319494606555e-03
1.837617054852016736e+02 -3.818448014515884049e-03 -7.912355390856745663e-03
1.837931164130687023e+02 -3.828323785226095313e-03 -8.112749102419786890e-03
1.838088474843840174e+02 -3.833415528251750241e-03 -8.083628698370671009e-03
1.838245809088764418e+02 -3.835151873875655617e-03 -8.361658581834607515e-03
1.838403285209713545e+02 -3.839259750519840968e-03 -8.744057430533634309e-03
1.838718725164891907e+02 -3.842789192080500477e-03 -9.432864995610848111e-03
1.838876568331563988e+02 -3.842442562653405370e-03 -9.913374688565701823e-03
1.839034386673215522e+02 -3.842401219293286718e-03 -1.034565646136800278e-02
1.839349163582884330e+02 -3.841459029225465123e-03 -1.054345878653631212e-02
1.839506366398947819e+02 -3.840223767902099360e-03 -1.064914563167425852e-02
1.839663448469006255e+02 -3.837766669838802748e-03 -1.075108746487692633e-02
1.839820372361176624e+02 -3.836430948494894220e-03 -1.084407109932817963e-02
1.840134258175253592e+02 -3.834780691945651257e-03 -1.107951433637098353e-02
1.840291201284103124e+02 -3.831972129107485883e-03 -1.120226564726271683e-02
1.840448202247868323e+02 -3.828132006622360795e-03 -1.130529597926100034e-02
1.840605436017409602e+02 -3.826080870242184236e-03 -1.138466012346822306e-02
1.840920126772949743e+02 -3.814534116516011316e-03 -1.155193896190411310e-02
1.841077801794068591e+02 -3.809311296678313113e-03 -1.162568704944975245e-02
1.841235642854561547e+02 -3.802874974003421678e-03 -1.168038034405343047e-02
1.841551322279537715e+02 -3.788843290314251010e-03 -1.171117146605484861e-02
1.841708762358886133e+02 -3.784400737579717618e-03 -1.168805783264571449e-02
1.841866165343934938e+02 -3.776355575783458141e-03 -1.163136608451280363e-02
1.842023388257266845e+02 -3.769665913023293857e-03 -1.156323350865878091e-02
1.842337469785592532e+02 -3.756290765878357498e-03 -1.136775113437453640e-02
1.842494472555053449e+02 -3.751228538877182574e-03 -1.125221488348618695e-02
1.842651525311304113e+02 -3.746784809390956133e-03 -1.112918728507932518e-02
1.842808484773254918e+02 -3.741826375026602834e-03 -1.098991736400154774e-02
1.843121957783978644e+02 -3.731273313001544616e-03 -1.071229997085095843e-02
1.843278697493025220e+02 -3.725984468246016940e-03 -1.057398548542120252e-02
1.843435592289812917e+02 -3.722467369779061674e-03 -1.044188341923339355e-02
1.843750917770599926e+02 -3.714745761996439237e-03 -1.019014405166960083e-02
1.843908374838767941e+02 -3.710402427144976738e-03 -1.006676040542275712e-02
1.844065611209458950e+02 -3.707306837194784040e-03 -9.942662013064705248e-03
1.844222325825172675e+02 -3.704889511940968189e-03 -9.821802720278608595e-03
1.844535510218006777e+02 -3.698111595465722323e-03 -9.593477918673836216e-03
1.844691947461465702e+02 -3.697881427431392882e-03 -9.483297373492778279e-03
1.844848441704197626e+02 -3.697784353123722070e-03 -9.376138293100593282e-03
1.845005071600187421e+02 -3.698341298729711495e-03 -9.266255996103854933e-03
1.845318595554125807e+02 -3.706447380712614946e-03 -9.051135345892575082e-03
1.845475616499867328e+02 -3.712328986220777768e-03 -8.953665413998826081e-03
1.845632953706025319e+02 -3.719016916271035075e-03 -8.889088736286281794e-03
1.845948542713146026e+02 -3.732904419426120134e-03 -8.783580876285728908e-03
1.846106314581206789e+02 -3.742324688479208104e-03 -8.704846313728836771e-03
1.846263928169386475e+02 -3.751076129810226693e-03 -8.640199777179009832e-03
1.846421162527983597e+02 -3.758985030880956056e-03 -8.568711170981770098e-03
1.846735450485389265e+02 -3.777212346310314904e-03 -8.403097841773158119e-03
1.846892477758757991e+02 -3.785096812880572696e-03 -8.316986589151469100e-03
1.847049366993781234e+02 -3.790677279777476035e-03 -8.229456852349817039e-03
1.847206273771782605e+02 -3.798594372359484581e-03 -8.144185059977888941e-03
1.847520232342690747e+02 -3.808629766942602749e-03 -7.977286831512978363e-03
1.847677270000336023e+02 -3.814362890831928584e-03 -7.939424355355368876e-03
1.847834322277824413e+02 -3.821160925121186349e-03 -8.149367264760079554e-03
1.848148894419294095e+02 -3.830178630601072283e-03 -8.137785636864919986e-03
1.848306185241588082e+02 -3.834070642073347801e-03 -8.447461923254368649e-03
1.848463796276701885e+02 -3.837099931474308341e-03 -8.909300336532971834e-03
1.848621463320721716e+02 -3.839126639559179485e-03 -9.561655623688035746e-03
1.848937135290479432e+02 -3.840948767213448866e-03 -1.007235503841945670e-02
1.849094770463113377e+02 -3.841043347148319787e-03 -1.042915283698313267e-02
1.849252192674811397e+02 -3.838916028456801528e-03 -1.046772536848723963e-02
1.849409537274019328e+02 -3.839685755266145865e-03 -1.059854151923204924e-02
1.849723673069680672e+02 -3.836284892769563273e-03 -1.079874459299194622e-02
1.849880580770328038e+02 -3.834630541332156081e-03 -1.087742705917417278e-02
1.850037524399645861e+02 -3.832154162973920326e-03 -1.099654856750474120e-02
1.850351394894675252e+02 -3.826793180296235181e-03 -1.123552888153965881e-02
1.850508501257133673e+02 -3.825031077948212125e-03 -1.132890133579800632e-02
1.850665808899544231e+02 -3.819462554685863244e-03 -1.141590654912143579e-02
1.850823069950148465e+02 -3.816344862697391982e-03 -1.151218304623170992e-02
1.851138304280514149e+02 -3.804451232816205043e-03 -1.166289468140456129e-02
1.851296273664721355e+02 -3.800194526045423595e-03 -1.171317843198488654e-02
1.851454096358578170e+02 -3.793248687013067461e-03 -1.173724571146747726e-02
1.851611708160864396e+02 -3.786969413142546488e-03 -1.173412802430513942e-02
1.851926533127005996e+02 -3.772731794722614194e-03 -1.164040796918805291e-02
1.852083738260255075e+02 -3.767019732461115555e-03 -1.156876554639964770e-02
1.852240759665870371e+02 -3.760195974912528775e-03 -1.147526320458740895e-02
1.852554711403029444e+02 -3.747608525278937463e-03 -1.124592010384018945e-02
1.852711750862054032e+02 -3.741153927074710069e-03 -1.111589677897656045e-02
1.852868645193396446e+02 -3.736083675983030254e-03 -1.097210382715323521e-02
1.853025395987129400e+02 -3.731573078090440546e-03 -1.083562165733070216e-02
1.853338951955738594e+02 -3.722735136224604099e-03 -1.056072028223009433e-02
1.853495944661115971e+02 -3.721720971710774321e-03 -1.043030058501091296e-02
1.853653601884328737e+02 -3.715430611601351196e-03 -1.030339588723532332e-02
1.853811495881485598e+02 -3.713302183312353066e-03 -1.018211137075296022e-02
1.854125781778966200e+02 -3.703275167445172541e-03 -9.933475490453872597e-03
1.854282489147200295e+02 -3.700063995070567140e-03 -9.812941843395157904e-03
1.854439160521531562e+02 -3.698835827396455313e-03 -9.699256893078623057e-03
1.854752071276105880e+02 -3.696029045795803328e-03 -9.478334290125898717e-03
1.854908594321669852e+02 -3.695824886304736965e-03 -9.369754010557293858e-03
1.855065232852751080e+02 -3.697699084612380074e-03 -9.260868977477125508e-03
1.855221974480568576e+02 -3.700265498769356436e-03 -9.151999571035065659e-03
1.855535964908133906e+02 -3.708488431919303076e-03 -8.956911740412739492e-03
1.855693472368125185e+02 -3.715987449860016448e-03 -8.903266153261890983e-03
1.855851237164825989e+02 -3.725705792764224655e-03 -8.862808570195593663e-03
1.856009227380792481e+02 -3.734181255002474477e-03 -8.785501726867884706e-03
1.856324267363056606e+02 -3.751439128816705642e-03 -8.646930047397971553e-03
1.856481618986119599e+02 -3.760086874860207005e-03 -8.569166540386476474e-03
1.856638601683175125e+02 -3.767856980796387666e-03 -8.485204982155972533e-03
1.856952666820496631e+02 -3.784044368466381401e-03 -8.312635631803386160e-03
1.857109605399069494e+02 -3.792822501125196408e-03 -8.223864287665635237e-03
1.857266513137877837e+02 -3.799096491031708420e-03 -8.138567217938982162e-03
1.857423492261119122e+02 -3.804045160426956698e-03 -8.054420138328344941e-03
1.857737523716693886e+02 -3.814568095246870238e-03 -8.006099540795511699e-03
1.857894590358192204e+02 -3.819601081058989975e-03 -8.152002175035219164e-03
1.858051865868789037e+02 -3.824328309779808678e-03 -8.030791292652108074e-03
1.858209252560164657e+02 -3.829204495867187703e-03 -8.216891869631971074e-03
1.858524288553076644e+02 -3.834831754001421546e-03 -9.130899221436616919e-03
1.858681994951892591e+02 -3.836739781422951554e-03 -9.512184604619656342e-03
1.858839900434126662e+02 -3.837641462032862633e-03 -9.527073726039614332e-03
1.859155172386006427e+02 -3.836247400058319466e-03 -1.045924233933725155e-02
1.859312571821130859e+02 -3.836457748506861675e-03 -1.051701570216881203e-02
1.859469837371397318e+02 -3.835423764921530327e-03 -1.066066166451087871e-02
1.859626959253949678e+02 -3.834452586855710641e-03 -1.076683492830077422e-02
1.859940851655108247e+02 -3.833245472493047173e-03 -1.091718656037610029e-02
1.860097791988826259e+02 -3.830395127708057998e-03 -1.104246612529052526e-02
1.860254688881609866e+02 -3.827770499189108756e-03 -1.115563058558147538e-02
1.860411648045117090e+02 -3.824582051179081354e-03 -1.126424919903773296e-02
1.860726157169453074e+02 -3.816472057761360805e-03 -1.145454412500091119e-02
1.860883499724696719e+02 -3.813163707167589300e-03 -1.154545470976805523e-02
1.861041139155921655e+02 -3.805634146239033917e-03 -1.162575114919801519e-02
1.861356800853438358e+02 -3.794370960745963289e-03 -1.174588809210240503e-02
1.861514684945145461e+02 -3.789228910081159692e-03 -1.176100112421658676e-02
1.861672149333099640e+02 -3.780618987154060664e-03 -1.175462543859185152e-02
1.861829566789236310e+02 -3.774710570519653353e-03 -1.170961874126420083e-02
1.862144001018536983e+02 -3.760755013748599655e-03 -1.157125822282166656e-02
1.862300985741519241e+02 -3.756090543648511748e-03 -1.146955284494136779e-02
1.862457974448468576e+02 -3.751107288034492143e-03 -1.135324534193709115e-02
1.862615015080860701e+02 -3.745128611086025443e-03 -1.123737493133157052e-02
1.862928837148056971e+02 -3.733278354161616297e-03 -1.095713622631897845e-02
1.863085601551296122e+02 -3.728336713664066708e-03 -1.082046452315119957e-02
1.863242373725902326e+02 -3.722414195280453978e-03 -1.068163932202588831e-02
1.863556443403211915e+02 -3.716031583094579413e-03 -1.041716549562655102e-02
1.863714206220708149e+02 -3.712170708680088884e-03 -1.029128055221690922e-02
1.863871904792284511e+02 -3.705295611164927637e-03 -1.017015203493180052e-02
1.864029171338917479e+02 -3.704252314778153088e-03 -1.004351650643406542e-02
1.864342690111325567e+02 -3.697597881018146841e-03 -9.803371908930115161e-03
1.864499196726639241e+02 -3.696155666524006140e-03 -9.690216623016686612e-03
1.864655659232252560e+02 -3.693192487921897853e-03 -9.579290687709501179e-03
1.864812138739167722e+02 -3.692360378660062507e-03 -9.469579296563919793e-03
1.865125431867383838e+02 -3.696637999264771202e-03 -9.251967564491002383e-03
1.865282226500147829e+02 -3.699649865806714684e-03 -9.143948270070634959e-03
1.865439136824838045e+02 -3.703580416932000362e-03 -9.041769244773283087e-03
1.865753987680873536e+02 -3.716413109512690591e-03 -8.917264437179654724e-03
1.865911843758057955e+02 -3.723517901287744930e-03 -8.866955998774480804e-03
1.866069757727686635e+02 -3.734472593919508157e-03 -8.786359321524153318e-03
1.866227320831632142e+02 -3.742765562199732408e-03 -8.717363206690911456e-03
1.866541888264100066e+02 -3.758650566237473675e-03 -8.566444218288506510e-03
1.866698917563637394e+02 -3.769381548747199624e-03 -8.480871417843888899e-03
1.866855945148173532e+02 -3.776723650065075613e-03 -8.395063261428924867e-03
1.867012834180115988e+02 -3.784804106892678422e-03 -8.306190168245748684e-03
1.867326689182663699e+02 -3.796151176580642248e-03 -8.131099187007488627e-03
1.867483697317966573e+02 -3.802834306853243931e-03 -8.045462069911198111e-03
1.867640737379341545e+02 -3.809857214570160945e-03 -7.971926056522251128e-03
1.867954930160272511e+02 -3.820777224473232564e-03 -8.095825945000420867e-03
1.868112253173915747e+02 -3.826604614266951050e-03 -8.047304049853508390e-03
1.868269566118297291e+02 -3.827792675703180908e-03 -8.301724038453171112e-03
1.868427108916835095e+02 -3.830964831982797830e-03 -8.617217003430894390e-03
1.868742651670661701e+02 -3.835794545126093146e-03 -9.426810587574023168e-03
1.868900413358203423e+02 -3.835606627767233680e-03 -9.662945306706468424e-03
1.869058179987130757e+02 -3.834834998417516704e-03 -1.037065037687337835e-02
1.869215578636286352e+02 -3.837157379303389806e-03 -1.049998746030822439e-02
1.869530114286404228e+02 -3.833482459194474581e-03 -1.070614552439198321e-02
1.869687157183304862e+02 -3.832370192848814916e-03 -1.080732392507134133e-02
1.869844075654561948e+02 -3.830454170354453697e-03 -1.086717715932065259e-02
1.870001028972885422e+02 -3.829067099922799436e-03 -1.095999776855080196e-02
1.870314897968293337e+02 -3.826669798979294608e-03 -1.118956515242508498e-02
1.870471963958288200e+02 -3.823479891829340699e-03 -1.129082862321818641e-02
1.870629226956764626e+02 -3.820289355813214979e-03 -1.139018125467856739e-02
1.870943950526019250e+02 -3.809514780640466287e-03 -1.158031476302969973e-02
1.871101625759556555e+02 -3.804844314944804979e-03 -1.166915016592498348e-02
1.871259538726772860e+02 -3.799206283343895939e-03 -1.173737860591498629e-02
1.871417332883632980e+02 -3.791803555746060556e-03 -1.177881071587004794e-02
1.871732551593589164e+02 -3.779119276099861344e-03 -1.177425185911830895e-02
1.871889969671192659e+02 -3.772271144303472601e-03 -1.172302740310159075e-02
1.872047158230822959e+02 -3.764923696861726624e-03 -1.166164182976898479e-02
1.872204214771429918e+02 -3.759375107520995275e-03 -1.157468506764114911e-02
1.872518174993172124e+02 -3.746278251758141699e-03 -1.135063194691836481e-02
1.872675222001572877e+02 -3.740715323416874804e-03 -1.122888484784698854e-02
1.872832211729043195e+02 -3.736201637545652314e-03 -1.108472608141856768e-02
1.873145837211308447e+02 -3.724080030526997868e-03 -1.080774652965017964e-02
1.873302537834848636e+02 -3.721339107378054956e-03 -1.066860326260429988e-02
1.873459447753788538e+02 -3.717788673183651700e-03 -1.053635761772381794e-02
1.873616954495478808e+02 -3.713554779668671625e-03 -1.040730017766854087e-02
1.873932208507170856e+02 -3.706057347993412746e-03 -1.015864857559565723e-02
1.874089394786023490e+02 -3.703597892165892691e-03 -1.003407838005880744e-02
1.874246104221973610e+02 -3.699512482318338333e-03 -9.911962036955051722e-03
1.874402817907233327e+02 -3.696741739882632074e-03 -9.796547635287261233e-03
1.874715679268418853e+02 -3.693303658454182015e-03 -9.572449887280376143e-03
1.874872189857808564e+02 -3.693285521646876013e-03 -9.464794911707194447e-03
1.875028833454380504e+02 -3.693817028662661501e-03 -9.354605880262397907e-03
1.875342382360133797e+02 -3.699039703730307854e-03 -9.139042025857154958e-03
1.875499417807486111e+02 -3.705879234527743177e-03 -9.040905595690330518e-03
1.875656806647072017e+02 -3.713383657348470149e-03 -8.970842762693413339e-03
1.875814494947892399e+02 -3.719226743471443219e-03 -8.932722037540896318e-03
1.876130126127316657e+02 -3.734870558194690934e-03 -8.790587270082987972e-03
1.876287690514276107e+02 -3.745292562560735301e-03 -8.724066839727392594e-03
1.876444952798763097e+02 -3.753729181082008683e-03 -8.649594480171222260e-03
1.876602043562422750e+02 -3.763354511298836174e-03 -8.564556014457583646e-03
1.876916112373842509e+02 -3.779964184500308067e-03 -8.391029781061194390e-03
1.877073045109847840e+02 -3.786298652322399663e-03 -8.301106874122891194e-03
1.877229917963740320e+02 -3.793027008945367481e-03 -8.211078186710882992e-03
1.877543878049916941e+02 -3.804073774310636272e-03 -8.039074171058481835e-03
1.877700907620697421e+02 -3.809244719426741529e-03 -7.999232712522818742e-03
1.877857968195954754e+02 -3.814725661333911826e-03 -8.175417348026230158e-03
1.878015195004081193e+02 -3.821116541012949119e-03 -8.036945010618979854e-03
1.878329943789408958e+02 -3.829539197440669143e-03 -8.388481422181126579e-03
1.878487569118767340e+02 -3.834202594783254862e-03 -8.744035899143520751e-03
1.878645245613123222e+02 -3.834087236278746480e-03 -9.555718966352513138e-03
1.878803177141238621e+02 -3.836464020480646626e-03 -9.375146387915683083e-03
1.879118486299564097e+02 -3.837084954923896188e-03 -1.049874725242210677e-02
1.879275906883970606e+02 -3.834613797478647959e-03 -1.052978824015711988e-02
1.879433225491814881e+02 -3.835418093699655834e-03 -1.063061722136606976e-02
1.879747353822640434e+02 -3.833581841222461449e-03 -1.085292162129132543e-02
1.879904255078364770e+02 -3.832400060531281506e-03 -1.090888049154487872e-02
1.880061189901239516e+02 -3.830125144562455952e-03 -1.101470491463097182e-02
1.880218109560956634e+02 -3.827079125035779631e-03 -1.112517642414554038e-02
1.880532203690337951e+02 -3.821504194329549721e-03 -1.133544612373191957e-02
1.880689524845542167e+02 -3.817687859350900933e-03 -1.144230504821353543e-02
1.880846824128090304e+02 -3.814462467979604521e-03 -1.154616501446169632e-02
1.881004391241665701e+02 -3.810213304181650149e-03 -1.163478924181593661e-02
1.881320045504598681e+02 -3.797233677490751986e-03 -1.178804555777395770e-02
1.881477924985580898e+02 -3.791312746152361492e-03 -1.182139162139247968e-02
1.881635438268454550e+02 -3.784026128396293393e-03 -1.182909426145627683e-02
1.881950230543842792e+02 -3.770353691173536966e-03 -1.174779753235391695e-02
1.882107401483119986e+02 -3.765315383520506133e-03 -1.167936056583596983e-02
1.882264424291955720e+02 -3.759392010827451204e-03 -1.158517608030927570e-02
1.882421402602196849e+02 -3.752830940506030229e-03 -1.147092904785456530e-02
1.882735413289653934e+02 -3.740132727894723841e-03 -1.122708123086301607e-02
1.882892337764712352e+02 -3.734749813400150067e-03 -1.108010804670445971e-02
1.883049166809518340e+02 -3.728962725476461185e-03 -1.094238105743910484e-02
1.883205972832413124e+02 -3.723939056528353074e-03 -1.080279087798608623e-02
1.883519776140501563e+02 -3.718698144534093343e-03 -1.053395914436910420e-02
1.883677431578539938e+02 -3.713792535842572618e-03 -1.040564725949756804e-02
1.883835274792647567e+02 -3.708481135271982868e-03 -1.028377942799640725e-02
1.884149490999034526e+02 -3.700416402612659566e-03 -1.003177012387496993e-02
1.884306188302567477e+02 -3.698210461139174107e-03 -9.911207026150460273e-03
1.884462790713322136e+02 -3.697469512858609416e-03 -9.797170809565089455e-03
1.884619251471515611e+02 -3.695158446073598234e-03 -9.683036801652963529e-03
1.884932294181583075e+02 -3.693519498268765799e-03 -9.464429300945065640e-03
1.885088956935144324e+02 -3.694774760746831910e-03 -9.355107633337690978e-03
1.885245689419419648e+02 -3.697539450805443877e-03 -9.245777306713201874e-03
1.885402544529205784e+02 -3.701504489314661698e-03 -9.140612665925080052e-03
1.885717250403052674e+02 -3.712271479143501845e-03 -8.990292580810008150e-03
1.885875029516885490e+02 -3.722837454679289986e-03 -8.951600209983522419e-03
1.886033031331562597e+02 -3.730274435740963280e-03 -8.878260448673083727e-03
1.886347928728058037e+02 -3.748286492840783787e-03 -8.737221943305516908e-03
1.886505264899996632e+02 -3.758016695505155512e-03 -8.656801668042864509e-03
1.886662238103817231e+02 -3.764577726465402445e-03 -8.569303604482832182e-03
1.886819322268273140e+02 -3.774556423094596776e-03 -8.483022605231095928e-03
1.887133165369541530e+02 -3.788769165548860202e-03 -8.301990356407834212e-03
1.887290059315959638e+02 -3.796589886452182011e-03 -8.211953607084961429e-03
1.887447045758968898e+02 -3.803021669836657674e-03 -8.125738978727804068e-03
1.887604103419860451e+02 -3.808420986023581221e-03 -8.041186782623076235e-03
1.887918190614539071e+02 -3.818979308463392106e-03 -8.174398113950804776e-03
1.888075496131397983e+02 -3.824045299622941783e-03 -8.017051293922196342e-03
1.888232866299559305e+02 -3.827214277577963876e-03 -8.194457278535604780e-03
1.888548011315224358e+02 -3.832582267321201809e-03 -8.941691540535598795e-03
1.888705748204077679e+02 -3.836078161614827568e-03 -9.596112582039607874e-03
1.888863612337696054e+02 -3.836483036115537985e-03 -9.393544485746719089e-03
1.889021434353388997e+02 -3.837663402084921186e-03 -1.005907355242157721e-02
1.889336217599169174e+02 -3.836582777650388801e-03 -1.057904622486704332e-02
1.889493436377644855e+02 -3.835921181405739771e-03 -1.069811186552630140e-02
1.889650539826490956e+02 -3.833711211499010209e-03 -1.083231091618713782e-02
1.889807471576076807e+02 -3.833596804071251734e-03 -1.089086042106485012e-02
1.890121367392632692e+02 -3.832025973998909926e-03 -1.106501392456579573e-02
1.890278301448650211e+02 -3.829108138588951417e-03 -1.116867306633275228e-02
1.890435272146183934e+02 -3.826157986810447328e-03 -1.127306641367034970e-02
1.890749772069173673e+02 -3.817381586379656969e-03 -1.149220202032604290e-02
1.890907171838368868e+02 -3.813922826860936029e-03 -1.159448165242977190e-02
1.891064839597143248e+02 -3.807871935747563635e-03 -1.168790498113861029e-02
1.891222605351358084e+02 -3.802511372477912835e-03 -1.177350232864580841e-02
1.891538366053331970e+02 -3.789234850166555910e-03 -1.185471850811475880e-02
1.891695829141777097e+02 -3.783558080600660494e-03 -1.185446597998349866e-02
1.891853219708807217e+02 -3.776541091140214312e-03 -1.181610599541983546e-02
1.892010460770973737e+02 -3.770053824354538397e-03 -1.176177798397683161e-02
1.892324556103599775e+02 -3.756579427061080851e-03 -1.158443325012127254e-02
1.892481546784951831e+02 -3.751985774909501366e-03 -1.146678406938401659e-02
1.892638566993370546e+02 -3.747008019146238003e-03 -1.135173370596618062e-02
1.892952506687747132e+02 -3.735105926981514834e-03 -1.106803716391240207e-02
1.893109313580076787e+02 -3.731183446322052129e-03 -1.092961782575263552e-02
1.893266032060007262e+02 -3.723920714247234195e-03 -1.078979965983816597e-02
1.893422866587066551e+02 -3.721381143904992257e-03 -1.065510821944866404e-02
1.893737963395676331e+02 -3.713854177206510690e-03 -1.039701141354659915e-02
1.893895546670283636e+02 -3.708884536923231969e-03 -1.027531256856584543e-02
1.894052809377668893e+02 -3.706151049972006544e-03 -1.014763897772119616e-02
1.894209574186633063e+02 -3.703596243188062107e-03 -1.002321018875658443e-02
1.894522713342453244e+02 -3.696731984839279114e-03 -9.791140849111692676e-03
1.894679165891646448e+02 -3.695400740915583820e-03 -9.678064537059634723e-03
1.894835663721919445e+02 -3.694656881103955577e-03 -9.569385081805728555e-03
1.895149008822013457e+02 -3.698024462452601229e-03 -9.349254827850766655e-03
1.895305786022331347e+02 -3.702833998475538353e-03 -9.240083758969036554e-03
1.895462754588346854e+02 -3.706892857805774589e-03 -9.138611720989408410e-03
1.895620003491645775e+02 -3.713886779873988749e-03 -9.056437721004157934e-03
1.895935544024090404e+02 -3.726617755677937537e-03 -8.960478056962137283e-03
1.896093369225626475e+02 -3.737229341667389158e-03 -8.881344414104043808e-03
1.896250956551414504e+02 -3.744989607631843496e-03 -8.810754758402070813e-03
1.896408153767886802e+02 -3.752766944582265531e-03 -8.740886937844794674e-03
1.896722416800380415e+02 -3.772794257029081499e-03 -8.566754260027001008e-03
1.896879434682634269e+02 -3.779576805883316879e-03 -8.479603742235469754e-03
1.897036300134363387e+02 -3.786369085135830176e-03 -8.388933366476036477e-03
1.897350127140718996e+02 -3.799638045343864227e-03 -8.208110251621348122e-03
1.897507147132894829e+02 -3.805003908487370346e-03 -8.120054776090597851e-03
1.897664187645828235e+02 -3.811622917702943338e-03 -8.047603747800594412e-03
1.897821235700307341e+02 -3.819445172827882085e-03 -8.178822172475870914e-03
1.898135791798023035e+02 -3.828976809203401329e-03 -8.038307028861777295e-03
1.898293096635352697e+02 -3.832303955704190277e-03 -8.286362577349864339e-03
1.898450706860720061e+02 -3.835297646457769358e-03 -8.544126030217379791e-03
1.898608389322593268e+02 -3.838839438600146793e-03 -9.203029831762922150e-03
1.898924030191532211e+02 -3.840975188383354000e-03 -9.473923365196937341e-03
1.899081706946064116e+02 -3.841018366475582816e-03 -1.027931123435462356e-02
1.899239116639978704e+02 -3.841040178279437646e-03 -1.062756161097291700e-02
1.899553623892909968e+02 -3.838821020726600631e-03 -1.077043171674297965e-02
1.899710623200179214e+02 -3.838549838418495782e-03 -1.087957665492930194e-02
1.899867538096239059e+02 -3.837044277964593575e-03 -1.092428264997846732e-02
1.900024488400659948e+02 -3.835149950783516525e-03 -1.100160840001713526e-02
1.900338363990763639e+02 -3.831606353001172551e-03 -1.121052297178821815e-02
1.900495449303413409e+02 -3.830059439363464255e-03 -1.131562076764820214e-02
1.900652760019011112e+02 -3.824847101945027215e-03 -1.142901349134366890e-02
1.900809987728429746e+02 -3.821655253281555642e-03 -1.154368547183358927e-02
1.901125199856910797e+02 -3.810698305315662025e-03 -1.174113578731808896e-02
1.901283141544970761e+02 -3.806560462700653031e-03 -1.181929976446143352e-02
1.901440952194220699e+02 -3.799377579381130361e-03 -1.186750964622288081e-02
1.901756090205642522e+02 -3.784628480756219507e-03 -1.187440323959212431e-02
1.901913470919969313e+02 -3.779812488786810087e-03 -1.183264840187817253e-02
1.902070681484602801e+02 -3.772831584617923010e-03 -1.177298493267805654e-02
1.902227693318909303e+02 -3.766863593404261995e-03 -1.168795230686579464e-02
1.902541632871078150e+02 -3.753905281723754223e-03 -1.146530500661673696e-02
1.902698678504820577e+02 -3.747412533380195792e-03 -1.134266764289873324e-02
1.902855698919900647e+02 -3.742247377422320154e-03 -1.119473447342700725e-02
1.903012579079068018e+02 -3.738283324861036740e-03 -1.105646847280855258e-02
1.903326102974784533e+02 -3.727975745963146414e-03 -1.077874874085362443e-02
1.903483025822310992e+02 -3.726553321804437768e-03 -1.064545203868656233e-02
1.903640557861919831e+02 -3.720926314773908162e-03 -1.051599134985781517e-02
1.903955752913457502e+02 -3.713137070617232149e-03 -1.026557938860426719e-02
1.904112846528327907e+02 -3.709889830039877611e-03 -1.013924632379836419e-02
1.904269547512647875e+02 -3.706257016590130005e-03 -1.001574133624486343e-02
1.904426207794803361e+02 -3.704449327328388636e-03 -9.900435981581166139e-03
1.904739093069145781e+02 -3.701140023320729795e-03 -9.674186285198897034e-03
1.904895609727903718e+02 -3.700986369062340877e-03 -9.564894541144624771e-03
1.905052260558768182e+02 -3.702300884689550733e-03 -9.454374440946662628e-03
1.905208998594573302e+02 -3.704303336657231108e-03 -9.343722750261707413e-03
1.905522882724298768e+02 -3.712338721848175340e-03 -9.139858870179345951e-03
1.905680310798807398e+02 -3.720402688417794382e-03 -9.066735680191761668e-03
1.905838062286258605e+02 -3.727913901407360880e-03 -9.027181953532878098e-03
1.906153608623232287e+02 -3.743783479319461819e-03 -8.887736296303690164e-03
1.906311114735822230e+02 -3.754452600780182250e-03 -8.820075429161687228e-03
1.906468409339548202e+02 -3.762928265670719818e-03 -8.743840454037718132e-03
1.906625403722535737e+02 -3.772027325748168736e-03 -8.654840491067581146e-03
1.906939439132434870e+02 -3.788513722355704195e-03 -8.478096994331494815e-03
1.907096357644390707e+02 -3.797503562862599227e-03 -8.386069299486107256e-03
1.907253260771674661e+02 -3.803194055412569691e-03 -8.293306983953056474e-03
1.907410199218765001e+02 -3.809022677067707904e-03 -8.204852842086184095e-03
1.907724240788612349e+02 -3.820134768509999765e-03 -8.086653793713770993e-03
1.907881307188133064e+02 -3.825347130766910964e-03 -8.237901065318974786e-03
1.908038570962534948e+02 -3.830784873539815408e-03 -8.048794734534764350e-03
1.908353385292672044e+02 -3.841025325803094220e-03 -8.371653562788716404e-03
1.908511019908438868e+02 -3.844232636820881129e-03 -8.631361022980331768e-03
1.908668723235816458e+02 -3.845170909895275629e-03 -9.462823468681373640e-03
1.908826640955398943e+02 -3.846815991642796046e-03 -9.438331076060098648e-03
1.909141895897778909e+02 -3.846850016184883911e-03 -1.045879266308327553e-02
1.909299305149476425e+02 -3.846550091453556763e-03 -1.066832306427714996e-02
1.909456587655329542e+02 -3.846209687385312038e-03 -1.067600899961681019e-02
1.909613712916033137e+02 -3.846628087835290630e-03 -1.083028122451644253e-02
1.909927622171158532e+02 -3.844898783926358095e-03 -1.096255805979547485e-02
1.910084544982791499e+02 -3.842788401397678310e-03 -1.105022449792735298e-02
1.910241452629605874e+02 -3.840340718803835277e-03 -1.114367011988036914e-02
1.910555590886940820e+02 -3.834019768641458350e-03 -1.135946313640588852e-02
1.910712909694788380e+02 -3.830809741431755958e-03 -1.148046010690173015e-02
1.910870224268400364e+02 -3.827688236696696195e-03 -1.159442875358240518e-02
1.911027834729388246e+02 -3.821090786829256774e-03 -1.169171362704443662e-02
1.911343490141334200e+02 -3.809735681621074111e-03 -1.186076272750445117e-02
1.911501389885268338e+02 -3.805011512722849491e-03 -1.190001023507690318e-02
1.911658863782960509e+02 -3.796104769932606184e-03 -1.191139578644666124e-02
1.911816294037082571e+02 -3.790098232565905327e-03 -1.188864327875757514e-02
1.912130758706600773e+02 -3.777044980736689577e-03 -1.177532502678902207e-02
1.912287742566468296e+02 -3.772590209521391267e-03 -1.168376901843817990e-02
1.912444735850997688e+02 -3.766874357584141901e-03 -1.156989551324583664e-02
1.912601736579982799e+02 -3.760193500161410334e-03 -1.145752425476158701e-02
1.912915733129093212e+02 -3.748523116589392353e-03 -1.117951489909257967e-02
1.913072616336535532e+02 -3.742342552471758944e-03 -1.104001581124690323e-02
1.913229367639256111e+02 -3.736802982988143146e-03 -1.090085074703540068e-02
1.913543238956071946e+02 -3.729772846563287475e-03 -1.063198631218170015e-02
1.913700872930223511e+02 -3.726934858276407733e-03 -1.050277761405639040e-02
1.913858657365937574e+02 -3.719719541306115186e-03 -1.038108776762508741e-02
1.914015922712320901e+02 -3.719061374063819918e-03 -1.025357229575682948e-02
1.914329482029608585e+02 -3.712425527038272933e-03 -1.000608652500450946e-02
1.914486001004831053e+02 -3.711607997595697903e-03 -9.891156417312559415e-03
1.914642451120291184e+02 -3.708328960845584405e-03 -9.776924904507178563e-03
1.914955514472570997e+02 -3.708943389655785204e-03 -9.555626075184377177e-03
1.915112226825995094e+02 -3.710465976321428681e-03 -9.445858291963120032e-03
1.915268972053318350e+02 -3.712835145233023791e-03 -9.336337381584975531e-03
1.915425822907548650e+02 -3.717083209965011455e-03 -9.231602501304067912e-03
1.915740572775381452e+02 -3.729100471167173369e-03 -9.080253250720619548e-03
1.915898402335049866e+02 -3.737328690868219668e-03 -9.040572722705961239e-03
1.916056355897282231e+02 -3.747169020782215206e-03 -8.968680482496505998e-03
1.916213876267038074e+02 -3.756294696837128664e-03 -8.894189295358279762e-03
1.916528452983628199e+02 -3.773326299680135765e-03 -8.744748216819944048e-03
1.916685449979358680e+02 -3.782207799307748131e-03 -8.652930382131348783e-03
1.916842473804817928e+02 -3.791351149287930204e-03 -8.565691037923857040e-03
1.917156285053453644e+02 -3.805683498945936459e-03 -8.381019154587075748e-03
1.917313188157374952e+02 -3.812489759294733060e-03 -8.287839746198018276e-03
1.917470181893983465e+02 -3.819954222827505116e-03 -8.199204812725480532e-03
1.917627221711505854e+02 -3.826804901684528314e-03 -8.112930206764311369e-03
1.917941382372965506e+02 -3.837772792189450034e-03 -8.216163935516452785e-03
1.918098710069654658e+02 -3.843835445507836224e-03 -8.021573818245985449e-03
1.918256053575462659e+02 -3.845312228521295238e-03 -8.173419731619554346e-03
1.918413580684046167e+02 -3.849504576753422919e-03 -8.438181492852863883e-03
1.918729099386863481e+02 -3.854665402689571967e-03 -9.630564177593307559e-03
1.918886892683699159e+02 -3.854820882595453441e-03 -9.382641045741825850e-03
1.919044673561901106e+02 -3.854865139108852763e-03 -9.797903269151607419e-03
1.919202079863852362e+02 -3.856900653526111177e-03 -1.062134577208505640e-02
1.919516610561506127e+02 -3.854792260782381047e-03 -1.073347015451257651e-02
1.919673676747094362e+02 -3.853293673006285072e-03 -1.087737958982109773e-02
1.919830602426634414e+02 -3.851986438985321136e-03 -1.094343771808627477e-02
1.920144500645160406e+02 -3.851432439627548460e-03 -1.108293008041148081e-02
1.920301432737628886e+02 -3.849626160554653863e-03 -1.117616219903562295e-02
1.920458476615975769e+02 -3.846154118715991096e-03 -1.128612717156769404e-02
1.920615713869369188e+02 -3.844540301412751552e-03 -1.139662091594700367e-02
1.920930415474106496e+02 -3.833499396368984270e-03 -1.163142629821619332e-02
1.921088084820112556e+02 -3.829049982277577154e-03 -1.172899498557367949e-02
1.921245950497180104e+02 -3.822766472755802399e-03 -1.182277947280193676e-02
1.921403769939279016e+02 -3.815962705596140977e-03 -1.188655404128205646e-02
1.921719033861091361e+02 -3.804597145269105612e-03 -1.191905215212130976e-02
1.921876451068415861e+02 -3.796694851932838708e-03 -1.189053762656130594e-02
1.922033653387900358e+02 -3.789857354594474651e-03 -1.183937409611107543e-02
1.922347696945544158e+02 -3.776922863970830473e-03 -1.166915879687178276e-02
1.922504685155476238e+02 -3.771147597440806330e-03 -1.155270338835418485e-02
1.922661702736312748e+02 -3.765925030901656496e-03 -1.143874554925615634e-02
1.922818785582830969e+02 -3.761467763645277764e-03 -1.129663841337505935e-02
1.923132605332735636e+02 -3.749666113931201736e-03 -1.101755939907617457e-02
1.923289256500575846e+02 -3.743948908879458221e-03 -1.087979652521966697e-02
1.923446078303817615e+02 -3.740584275944493307e-03 -1.074512467514500240e-02
1.923603454990603154e+02 -3.737642647724452854e-03 -1.061389240184668938e-02
1.923918725093479623e+02 -3.729817523555514335e-03 -1.036553068689253544e-02
1.924075951127572068e+02 -3.727234092131463325e-03 -1.023684761875790460e-02
1.924232669947328986e+02 -3.723948398042721975e-03 -1.011200449847709897e-02
1.924545762478829829e+02 -3.717388572204619480e-03 -9.878382775340557170e-03
1.924702184264931475e+02 -3.717218047374408647e-03 -9.764944161947874610e-03
1.924858689793960025e+02 -3.717117384464291817e-03 -9.656850634100858435e-03
1.925015340765646101e+02 -3.717181476681902675e-03 -9.545053374490453796e-03
1.925328853672307048e+02 -3.723506528699823629e-03 -9.326228654725715259e-03
1.925485817760144585e+02 -3.730001203002728492e-03 -9.225652135312897156e-03
1.925643132917619482e+02 -3.736679156241502070e-03 -9.142437979497826384e-03
1.925800782863931602e+02 -3.742320009223916704e-03 -9.093680018667484044e-03
1.926116444206663800e+02 -3.758584323796543541e-03 -8.969369053682150345e-03
1.926274008490440224e+02 -3.768418605476777164e-03 -8.898716331383114617e-03
1.926431214734630544e+02 -3.776739694535354019e-03 -8.828035866863351636e-03
1.926745413725014657e+02 -3.794625835362406240e-03 -8.650651079754172537e-03
1.926902380954790601e+02 -3.804372916223290688e-03 -8.562258071787523517e-03
1.927059270483389071e+02 -3.810128143278904665e-03 -8.470171287093208878e-03
1.927216149141447659e+02 -3.818431198871809380e-03 -8.374917982401407571e-03
1.927530097557169597e+02 -3.829517005032224367e-03 -8.194748215869818511e-03
1.927687133526110870e+02 -3.835316714123384197e-03 -8.120754800549025501e-03
1.927844192522354376e+02 -3.841968215285053532e-03 -8.249600898369170016e-03
1.928001399546764105e+02 -3.849045139037051127e-03 -8.145133759010037694e-03
1.928316137359931872e+02 -3.857330202478522190e-03 -8.251167788291822666e-03
1.928473779655942053e+02 -3.861477411017934843e-03 -8.492929799225858861e-03
1.928631464906746658e+02 -3.862922152458303764e-03 -8.936521484172330054e-03
1.928947145539530652e+02 -3.866328103858330829e-03 -9.394730906960181011e-03
1.929104715629131022e+02 -3.867086000103090327e-03 -9.985020814588664584e-03
1.929262135703942818e+02 -3.864707901551284793e-03 -1.072581455398480786e-02
1.929419461950269010e+02 -3.866292181812543659e-03 -1.071388623778348967e-02
1.929733591271472903e+02 -3.864170751526303099e-03 -1.090905494993224187e-02
1.929890499431622288e+02 -3.863287402138658715e-03 -1.096455612939121679e-02
1.930047444349161196e+02 -3.861244343516921293e-03 -1.103000134499332319e-02
1.930204372565272877e+02 -3.858566462169243320e-03 -1.110427442889822501e-02
1.930518442294581973e+02 -3.854551013210545836e-03 -1.131060864775728161e-02
1.930675751448984272e+02 -3.849917502699576853e-03 -1.143145459869238795e-02
1.930833031350034048e+02 -3.847114596498440488e-03 -1.155477945946206154e-02
1.931148257596623239e+02 -3.835645713253554683e-03 -1.175702849266080201e-02
1.931306224384206587e+02 -3.831282313165083799e-03 -1.184555541822003739e-02
1.931464073523357570e+02 -3.824914977907147625e-03 -1.189978418060916830e-02
1.931621651347125237e+02 -3.818503017750354573e-03 -1.192402711565993846e-02
1.931936473176359073e+02 -3.804487254332890311e-03 -1.188118830031687986e-02
1.932093655730316470e+02 -3.799391350979608711e-03 -1.182363479061390547e-02
1.932250685281955498e+02 -3.792505156558942728e-03 -1.174377887079886863e-02
1.932407632484397766e+02 -3.786390852054270176e-03 -1.164079433476365374e-02
1.932721639940891691e+02 -3.773098955264200111e-03 -1.140599335419771598e-02
1.932878686812951230e+02 -3.767332974172949746e-03 -1.126311748011424134e-02
1.933035639523574218e+02 -3.762574861986526294e-03 -1.112442795045656685e-02
1.933349128401167718e+02 -3.752676624179196972e-03 -1.085054141045988831e-02
1.933506047989918670e+02 -3.751678455681149542e-03 -1.071750924630991177e-02
1.933663581621025571e+02 -3.745946617832928913e-03 -1.058912263907560783e-02
1.933821442404831146e+02 -3.743313319710651031e-03 -1.046459535600803743e-02
1.934135747017283222e+02 -3.733395493503252616e-03 -1.021258544068813674e-02
1.934292424701111486e+02 -3.731259752019996847e-03 -1.008956540692825671e-02
1.934449026542106935e+02 -3.730623271502324281e-03 -9.974270869722332705e-03
1.934605446084752884e+02 -3.729607344947511761e-03 -9.858007616811881313e-03
1.934918459501919870e+02 -3.727187538674255236e-03 -9.637334120402945431e-03
1.935075122163711967e+02 -3.729066966331193080e-03 -9.527070875077372006e-03
1.935231851618764836e+02 -3.731692137424566947e-03 -9.416287495050704170e-03
1.935545745625270513e+02 -3.739865579775664747e-03 -9.214581155132408122e-03
1.935703224606578488e+02 -3.746386061278398575e-03 -9.140677866075171479e-03
1.935860991458069407e+02 -3.757108278171841353e-03 -9.100631119956124546e-03
1.936018992865903954e+02 -3.765065760575017628e-03 -9.041487528413426691e-03
1.936333914586626008e+02 -3.783323524816649235e-03 -8.897061416242751583e-03
1.936491230356852498e+02 -3.792708719794223894e-03 -8.820512868080734870e-03
1.936648171299908086e+02 -3.800086730189665071e-03 -8.730245247793972166e-03
1.936805261828813514e+02 -3.810245527708735515e-03 -8.639535662080775891e-03
1.937119085445039843e+02 -3.826504757635771931e-03 -8.455856203987600558e-03
1.937275970088394104e+02 -3.834347100839951943e-03 -8.360649509944945157e-03
1.937432963395041270e+02 -3.840094760651245609e-03 -8.269798289414728373e-03
1.937746998473511155e+02 -3.851584794874126066e-03 -8.149682029040618975e-03
1.937904075061477727e+02 -3.857089705744845120e-03 -8.289375926981394291e-03
1.938061365495150312e+02 -3.862299269243293053e-03 -8.067428841414602675e-03
1.938218765271925008e+02 -3.867007513139279328e-03 -8.077059573356177788e-03
1.938533875867552752e+02 -3.873083992992258119e-03 -8.543137210370537957e-03
1.938691607178934646e+02 -3.876402964350648961e-03 -9.189354777630191415e-03
1.938849489816451239e+02 -3.877506501567548093e-03 -9.575822068378163701e-03
1.939007313864059938e+02 -3.879553520978361141e-03 -9.459515864460511791e-03
1.939322111702506390e+02 -3.878120793686815147e-03 -1.079407651812893353e-02
1.939479350253794507e+02 -3.877517395063564357e-03 -1.073864750368430133e-02
1.939636465441560915e+02 -3.876207012113374976e-03 -1.082786385467842706e-02
1.939950347201395857e+02 -3.876547038509614487e-03 -1.098843937004300927e-02
1.940107311217647350e+02 -3.874434377152984142e-03 -1.105768870778694839e-02
1.940264215289203946e+02 -3.872031899967787964e-03 -1.112822829560440423e-02
1.940421179201547659e+02 -3.869331355839971797e-03 -1.123176156317752007e-02
1.940735682419137618e+02 -3.861410278899762242e-03 -1.147267678421807179e-02
1.940893049472972791e+02 -3.858384843100054040e-03 -1.158862043346271103e-02
1.941050704713351251e+02 -3.851340695995874620e-03 -1.168858372510040919e-02
1.941208424838923179e+02 -3.847024338719284495e-03 -1.178808090713598378e-02
1.941524231554940911e+02 -3.834810248168240426e-03 -1.191475619617536098e-02
1.941681702845158384e+02 -3.827189732773847181e-03 -1.192747930246671959e-02
1.941839109418169471e+02 -3.821148646359724763e-03 -1.191098922156685370e-02
1.942153515412543356e+02 -3.807054296347139790e-03 -1.180715031784207621e-02
1.942310489185983613e+02 -3.801819929373498417e-03 -1.172199708338384286e-02
1.942467471391814229e+02 -3.797123070916797079e-03 -1.161141151850541252e-02
1.942624462254239290e+02 -3.791524097955077752e-03 -1.150065894125070973e-02
1.942938565079030013e+02 -3.779293595400821503e-03 -1.122823585570240090e-02
1.943095487827436614e+02 -3.774182103533793142e-03 -1.109100586560404951e-02
1.943252162099398959e+02 -3.766377655468748729e-03 -1.095441898268854387e-02
1.943408889767294738e+02 -3.764477636363093311e-03 -1.081980229791430770e-02
1.943723691003547458e+02 -3.757140029077590121e-03 -1.056038521785428522e-02
1.943881416395395547e+02 -3.751084507866078634e-03 -1.043983588683167207e-02
1.944038681203133478e+02 -3.749687153852531221e-03 -1.031326761723863790e-02
1.944352148794606876e+02 -3.743940612194174549e-03 -1.006647887100142053e-02
1.944508581764424378e+02 -3.741807677007364004e-03 -9.951640535275040750e-03
1.944665008322191682e+02 -3.739994888886642201e-03 -9.837037055816511000e-03
1.944821498253240577e+02 -3.739429248666918931e-03 -9.726068935424112341e-03
1.945134840051248659e+02 -3.743796215170184811e-03 -9.505853308790574580e-03
1.945291603319051603e+02 -3.747603155173753579e-03 -9.395593427740142611e-03
1.945448484082255618e+02 -3.751143273387902780e-03 -9.292647962855001692e-03
1.945605653616712232e+02 -3.758496196198300721e-03 -9.203687820230540065e-03
1.945921136188321725e+02 -3.771393970661834384e-03 -9.103526386468533196e-03
1.946079012549260199e+02 -3.783001072580647467e-03 -9.033116945796502636e-03
1.946236557310841135e+02 -3.790924633325387129e-03 -8.959578225905850610e-03
1.946551000096091286e+02 -3.807653964613737663e-03 -8.809949933504262684e-03
1.946708008868541810e+02 -3.819811151442494609e-03 -8.717953960572089392e-03
1.946865012342221064e+02 -3.827017172612488805e-03 -8.627355752963857677e-03
1.947021872347565647e+02 -3.835294706621491731e-03 -8.536939195479329237e-03
1.947335704617358090e+02 -3.848255499592960396e-03 -8.346909940148869791e-03
1.947492718075636731e+02 -3.854726481330435304e-03 -8.255685485260533599e-03
1.947649757417572971e+02 -3.862217453502047801e-03 -8.167029665337258507e-03
1.947806802732006588e+02 -3.869960631093911051e-03 -8.224756339583052384e-03
1.948121317879317473e+02 -3.880650990769754245e-03 -8.024268016972960563e-03
1.948278642545935213e+02 -3.882739787999259229e-03 -8.136610838903253137e-03
1.948436231454864469e+02 -3.886066873599265063e-03 -8.370347986952594507e-03
1.948751822432745087e+02 -3.892109982204007296e-03 -9.451888601845806134e-03
1.948909548884984986e+02 -3.892299047945566460e-03 -9.465419069626113124e-03
1.949067270727599350e+02 -3.892012580604512200e-03 -9.578149695691566198e-03
1.949224666852621226e+02 -3.894202225258101922e-03 -1.039645940104162551e-02
1.949539182116455436e+02 -3.891250295364965736e-03 -1.075107207438129840e-02
1.949696209062819889e+02 -3.890985748130889287e-03 -1.086261434779357479e-02
1.949853127257394476e+02 -3.889467958455154837e-03 -1.094733277091358183e-02
1.950010081764539507e+02 -3.888081358009002914e-03 -1.100863186051981128e-02
1.950323960947419550e+02 -3.886113373400214895e-03 -1.114851498777330238e-02
1.950481029436672031e+02 -3.883805533964491703e-03 -1.125336226126324828e-02
1.950638317790328529e+02 -3.879828969150101847e-03 -1.137538397599244071e-02
1.950953058233205581e+02 -3.870513129766299607e-03 -1.161225258293372038e-02
1.951110724541783554e+02 -3.865577390437552330e-03 -1.170829738873514596e-02
1.951268639168048367e+02 -3.860910023635812441e-03 -1.181081193390312936e-02
1.951426434968149408e+02 -3.853459113832787865e-03 -1.188173886812229560e-02
1.951741640558171298e+02 -3.840010891112687150e-03 -1.192052880554823543e-02
1.951899052167510433e+02 -3.834283537924220320e-03 -1.189933039529965722e-02
1.952056248712860622e+02 -3.826619551665890774e-03 -1.185346193788447931e-02
1.952213283768155350e+02 -3.821078084526080033e-03 -1.178398518877838558e-02
1.952527217387216751e+02 -3.807604085041868536e-03 -1.157998630990873454e-02
1.952684236408885567e+02 -3.801357348114243161e-03 -1.146744589546056653e-02
1.952841351913179153e+02 -3.796230231035565509e-03 -1.132945695632589511e-02
1.953155223515955470e+02 -3.783647218534390462e-03 -1.105547524138980608e-02
1.953311829843539442e+02 -3.780702816669386131e-03 -1.092146550754402590e-02
1.953468633665166863e+02 -3.777674421020052985e-03 -1.078835290170624024e-02
1.953626040848278080e+02 -3.773455358431466143e-03 -1.065942398355643195e-02
1.953941261032327645e+02 -3.766048552791274266e-03 -1.041239657807030081e-02
1.954098420860333079e+02 -3.763524352148911022e-03 -1.028514264911520489e-02
1.954255113702146218e+02 -3.760092563190655171e-03 -1.016015588701455093e-02
1.954411750263226395e+02 -3.758073107918154677e-03 -1.004371826421049212e-02
1.954724554068255316e+02 -3.755709433435638813e-03 -9.814536307956927760e-03
1.954881072497467187e+02 -3.755962757619209398e-03 -9.705747103107044416e-03
1.955037738324011229e+02 -3.756958367750022187e-03 -9.594487527062657908e-03
1.955351260070156059e+02 -3.761954823452509384e-03 -9.376265110289218677e-03
1.955508248663851418e+02 -3.768370007135795480e-03 -9.277221768880862182e-03
1.955665584749680761e+02 -3.776608183196767093e-03 -9.195343301558090918e-03
1.955823295051067987e+02 -3.782602446917863754e-03 -9.147590747738538336e-03
1.956138883134029243e+02 -3.799114953821250418e-03 -9.024600698851683797e-03
1.956296398265927223e+02 -3.810312243098562274e-03 -8.955046351833254731e-03
1.956453637485961110e+02 -3.819054584113137744e-03 -8.883671723882182597e-03
1.956610667659500393e+02 -3.829159353085813140e-03 -8.797457313251128008e-03
1.956924694316276430e+02 -3.846626781460637644e-03 -8.613190913488284750e-03
1.957081614533285574e+02 -3.854585542683178559e-03 -8.521783138298644894e-03
1.957238492726091010e+02 -3.861105670642254063e-03 -8.425161553001957182e-03
1.957552446350503885e+02 -3.873393882298633174e-03 -8.240949876076396341e-03
1.957709474538484073e+02 -3.878884198858769273e-03 -8.168874781859023285e-03
1.957866538549227471e+02 -3.884476924557232411e-03 -8.304993393325922277e-03
1.958023780981347670e+02 -3.890840823062572101e-03 -8.158204151668693727e-03
1.958338582137068045e+02 -3.900796758966715641e-03 -8.196197042649512945e-03
1.958496222124497308e+02 -3.905635178917784851e-03 -8.409420389835218709e-03
1.958653915826011769e+02 -3.905756700792352779e-03 -8.731178743193230077e-03
1.958811845765231681e+02 -3.908053334781409066e-03 -9.607313735374184427e-03
1.959127109062702061e+02 -3.909174601126740901e-03 -9.735027132096556179e-03
1.959284526935877864e+02 -3.907630093704332098e-03 -1.057394916706747186e-02
1.959441829122309002e+02 -3.908279435934820106e-03 -1.083522642131170242e-02
1.959755947410880026e+02 -3.907907727500292173e-03 -1.088146677366520244e-02
1.959912858240412277e+02 -3.906719698439101163e-03 -1.095909604204161648e-02
1.960069787769473635e+02 -3.904839651858765977e-03 -1.102605869296000712e-02
1.960226708086157146e+02 -3.902174873651969786e-03 -1.108282911265525555e-02
1.960540819605571414e+02 -3.896543641038295938e-03 -1.127687760952358377e-02
1.960698138005421072e+02 -3.893408387608266342e-03 -1.140534734628172175e-02
1.960855441626510753e+02 -3.890383548850376034e-03 -1.152438640815651137e-02
1.961013022059464390e+02 -3.885431483200652621e-03 -1.162704669342397822e-02
1.961328664794694987e+02 -3.873059760766196444e-03 -1.182717049082403216e-02
1.961486561593987119e+02 -3.867711860344168542e-03 -1.188525689285214494e-02
1.961644058390437522e+02 -3.859715062069747887e-03 -1.190979037716879789e-02
1.961801506265909438e+02 -3.852672575949186041e-03 -1.190756123164424078e-02
1.962116015799994102e+02 -3.840980323947945207e-03 -1.183222618823165026e-02
1.962273012996181478e+02 -3.835647236369551724e-03 -1.175807979478495600e-02
1.962430004448697787e+02 -3.828962587873030628e-03 -1.165922424705803997e-02
1.962743994443842155e+02 -3.815958915705982332e-03 -1.143252706403621172e-02
1.962901075432371272e+02 -3.809649993985386642e-03 -1.129640537596499766e-02
1.963058100618513322e+02 -3.803921522337002249e-03 -1.115986310455338061e-02
1.963214848342238952e+02 -3.798620289645972519e-03 -1.102585312782500444e-02
1.963528462214648584e+02 -3.791407643160854546e-03 -1.076256749539204402e-02
1.963685977478118616e+02 -3.787750306139924059e-03 -1.063541868827114732e-02
1.963843817417314028e+02 -3.781815801741410677e-03 -1.051269231277399130e-02
1.964001117035891184e+02 -3.780270359966015833e-03 -1.038923333268002361e-02
1.964314695890858502e+02 -3.773910254124491093e-03 -1.013973671315030432e-02
1.964471227444808505e+02 -3.774060729701333734e-03 -1.002499103666050842e-02
1.964627635861477586e+02 -3.771715086238296589e-03 -9.908066848694156714e-03
1.964940692713599333e+02 -3.771838728317928550e-03 -9.686159651491721423e-03
1.965097406627329804e+02 -3.772926070782438301e-03 -9.575871033101557642e-03
1.965254126832932684e+02 -3.775748860629136311e-03 -9.465552513191579850e-03
1.965410936782766100e+02 -3.779868278218662548e-03 -9.359708294204379178e-03
1.965725541286190605e+02 -3.791243563641057135e-03 -9.193203045384382502e-03
1.965883343538764620e+02 -3.801410884496491966e-03 -9.153999557596803269e-03
1.966041332272899353e+02 -3.809902930206482147e-03 -9.095530411132998413e-03
1.966356134373470752e+02 -3.828147180731556517e-03 -8.954033747794777620e-03
1.966513424621026616e+02 -3.838465172448745060e-03 -8.877659825531009422e-03
1.966670387890065683e+02 -3.846006752129257217e-03 -8.788090491938476204e-03
1.966827439414518039e+02 -3.856486349862435145e-03 -8.694927930267940669e-03
1.967141251952045309e+02 -3.871535732122778802e-03 -8.509863339976053709e-03
1.967298149619453227e+02 -3.879743105455367696e-03 -8.412621888238104931e-03
1.967455133554897770e+02 -3.887124382490708425e-03 -8.320046898630313603e-03
1.967612193588283276e+02 -3.893414010810325281e-03 -8.227843511573212920e-03
1.967926302428226393e+02 -3.904702877108202821e-03 -8.329755786878344920e-03
1.968083620142891164e+02 -3.910455287323655500e-03 -8.084203387298762380e-03
1.968240989818340267e+02 -3.913058146412495483e-03 -8.064285373952427213e-03
1.968556192278554704e+02 -3.919481186373701027e-03 -8.450003551723844764e-03
1.968713957503609322e+02 -3.923024310627893849e-03 -8.912193715636118618e-03
1.968871794782086226e+02 -3.923442584053848763e-03 -9.630516745608283871e-03
1.969029593109027019e+02 -3.924488761556070224e-03 -9.402960760972320017e-03
1.969344359632434021e+02 -3.924599802306146835e-03 -1.072393481132863369e-02
1.969501562036731741e+02 -3.924216146022589322e-03 -1.082791720185039171e-02
1.969658653807185544e+02 -3.922210561104829026e-03 -1.079785471797927235e-02
1.969815583924930706e+02 -3.921811322376535063e-03 -1.089674433664913900e-02
1.970129477297492144e+02 -3.921421695617205785e-03 -1.104162896879996858e-02
1.970286426859239270e+02 -3.918997921512461409e-03 -1.109778538369046198e-02
1.970443414994620071e+02 -3.915898747274069135e-03 -1.118570332223484988e-02
1.970600643529095350e+02 -3.914194163209120010e-03 -1.130572184268558746e-02
1.970915319972226598e+02 -3.903874998717851361e-03 -1.154523724110622512e-02
1.971072982295980296e+02 -3.898538535770362107e-03 -1.164016535976613621e-02
1.971230777447197511e+02 -3.892688066703643094e-03 -1.174457902031325433e-02
1.971546497937779634e+02 -3.879154040026164783e-03 -1.188412090207126640e-02
1.971703961956186220e+02 -3.874503368461607207e-03 -1.190018427567107739e-02
1.971861364961685581e+02 -3.866813259256521827e-03 -1.189265563608994658e-02
1.972018602257168709e+02 -3.860140541232052417e-03 -1.186335113985933012e-02
1.972332676271019238e+02 -3.846488862203321663e-03 -1.172889156145408111e-02
1.972489659063192562e+02 -3.841251085837801664e-03 -1.162477339715711766e-02
1.972646640754256566e+02 -3.836359997719576351e-03 -1.151904222681397402e-02
1.972803758057336836e+02 -3.830837304140126409e-03 -1.139401645666144811e-02
1.973117779518484838e+02 -3.819671864555334619e-03 -1.112560699945124194e-02
1.973274394730739516e+02 -3.811878669061159654e-03 -1.099528971678251539e-02
1.973431116324802588e+02 -3.808902765130826613e-03 -1.086376307157041823e-02
1.973745988783376504e+02 -3.802230624298422179e-03 -1.060841623342712557e-02
1.973903633866503924e+02 -3.797787494160672402e-03 -1.048925112555811404e-02
1.974060890626376477e+02 -3.794985013785327765e-03 -1.036320027807806007e-02
1.974217637219824724e+02 -3.792570536421006021e-03 -1.023755895519082131e-02
1.974530666364337321e+02 -3.786610546419926816e-03 -1.000264422457384540e-02
1.974687073861955753e+02 -3.786373919694203168e-03 -9.886674498713192080e-03
1.974843576465619037e+02 -3.786383219151498100e-03 -9.777174690231805326e-03
1.975000236704093197e+02 -3.786625952579852732e-03 -9.665075822378750570e-03
1.975313746805457527e+02 -3.794345440558346064e-03 -9.444603493980876369e-03
1.975470660976254749e+02 -3.799376246469291733e-03 -9.343021899422387228e-03
1.975627858318983385e+02 -3.806290190800761843e-03 -9.255205390603309101e-03
1.975943397254149829e+02 -3.819527435741574845e-03 -9.155802473935345173e-03
1.976101178117862673e+02 -3.829848993167050616e-03 -9.085969050201639016e-03
1.976258739914871398e+02 -3.838683627950203840e-03 -9.014178420503355521e-03
1.976415897125897061e+02 -3.846858073457633080e-03 -8.947117156699170223e-03
1.976730105985717785e+02 -3.867177729949915471e-03 -8.774086659445122158e-03
1.976887098963924814e+02 -3.875305431832362733e-03 -8.680339726301842043e-03
1.977043951977854022e+02 -3.882164661604422303e-03 -8.588234320477894368e-03
1.977200854938741372e+02 -3.890932483004842009e-03 -8.492465848282566843e-03
1.977514797910909010e+02 -3.902316230588018589e-03 -8.305124823040108822e-03
1.977671838683023680e+02 -3.908930713510280069e-03 -8.214221572981530994e-03
1.977828891380752907e+02 -3.916960237972357678e-03 -8.276995365273893263e-03
1.978143477478660657e+02 -3.927356511905665329e-03 -8.042785752187902454e-03
1.978300792387448439e+02 -3.931648107452652939e-03 -8.112861281823206122e-03
1.978458428892967618e+02 -3.935070798620631145e-03 -8.290740768444208875e-03
1.978616118520810119e+02 -3.938261153143063527e-03 -8.500998523929170075e-03
1.978931765500093150e+02 -3.941320814616688234e-03 -9.553528310496725920e-03
1.979089399927839565e+02 -3.941938191682169135e-03 -9.468884406340473750e-03
1.979246815010254466e+02 -3.941039283517413887e-03 -1.008135080307027975e-02
1.979404164030447646e+02 -3.942162840778582963e-03 -1.083813059905505173e-02
1.979718299041817033e+02 -3.939939733645338865e-03 -1.081716335087087172e-02
1.979875212482282905e+02 -3.938853462495856689e-03 -1.091553517746702770e-02
1.980032160904035266e+02 -3.937050996560077613e-03 -1.099641300784979722e-02
1.980346042818708838e+02 -3.933214225248045023e-03 -1.111459421149682200e-02
1.980503139223728510e+02 -3.932058119332604990e-03 -1.121620972715911199e-02
1.980660439390655370e+02 -3.926732479911885024e-03 -1.134361469478611419e-02
1.980817682273462310e+02 -3.924065432888852387e-03 -1.146204360403309426e-02
1.981132896101105416e+02 -3.912915623966787410e-03 -1.165924399210661357e-02
1.981290841101137801e+02 -3.909014064062940434e-03 -1.176841339723661180e-02
1.981448657892471772e+02 -3.902070404531499549e-03 -1.184343212411940321e-02
1.981606309026590509e+02 -3.896067051263926283e-03 -1.187948282310493341e-02
1.981921160942520430e+02 -3.882064893765470662e-03 -1.187845787306059282e-02
1.982078378023014693e+02 -3.875730539976533946e-03 -1.184086611711786426e-02
1.982235387818460879e+02 -3.869066802906179908e-03 -1.178025591297738803e-02
1.982549297164863162e+02 -3.855811659271393341e-03 -1.158951800440256343e-02
1.982706304653843006e+02 -3.849143566330541673e-03 -1.148243602766052356e-02
1.982863438698356049e+02 -3.843001512156380643e-03 -1.135484112906926663e-02
1.983020539475409691e+02 -3.838690792014588966e-03 -1.122053849183679043e-02
1.983333977643323749e+02 -3.828112705320440342e-03 -1.096049106744232358e-02
1.983490784414620691e+02 -3.827143329362420014e-03 -1.083144362345814238e-02
1.983648195118344120e+02 -3.820755126872989009e-03 -1.070483787249100135e-02
1.983806009953790124e+02 -3.819866407109015222e-03 -1.058053214406117284e-02
1.984120471369817267e+02 -3.809498476295258146e-03 -1.033397378547642499e-02
1.984277132771873084e+02 -3.807045492380724087e-03 -1.020972763454518727e-02
1.984433731028957482e+02 -3.806463188343863022e-03 -1.009352326077571360e-02
1.984746548087069300e+02 -3.804324955745389068e-03 -9.863481796129168130e-03
1.984903084282074133e+02 -3.804167181192214670e-03 -9.753303216166714362e-03
1.985059774945409288e+02 -3.806092054626135715e-03 -9.642060997869898731e-03
1.985216521961039007e+02 -3.808381071710651745e-03 -9.530719239832676284e-03
1.985530315645783617e+02 -3.816094693200540282e-03 -9.325671197283285849e-03
1.985687689349143454e+02 -3.823839225783641667e-03 -9.243729355075497658e-03
1.985845447690230685e+02 -3.832765582948474345e-03 -9.196676742673430549e-03
1.986003433372565041e+02 -3.842202400386835522e-03 -9.149717641994190367e-03
1.986318416183702595e+02 -3.860305574205125361e-03 -9.007227283750312771e-03
1.986475689549884578e+02 -3.869267593213507415e-03 -8.936200098624868735e-03
1.986632638154771655e+02 -3.878295621126435794e-03 -8.851101448697110824e-03
1.986946641722614117e+02 -3.896166958971780843e-03 -8.663486605377565541e-03
1.987103558434784816e+02 -3.905990232753073135e-03 -8.570782337921564742e-03
1.987260465433883212e+02 -3.912753778476286623e-03 -8.474843281460264083e-03
1.987417422678188927e+02 -3.918546668993884777e-03 -8.380078264914938083e-03
1.987731459300300401e+02 -3.930681100934941066e-03 -8.214198020729179470e-03
1.987888529584191701e+02 -3.936203507451677130e-03 -8.349004748332652937e-03
1.988045802625389342e+02 -3.941750944697198014e-03 -8.189247286774614665e-03
1.988203215692258823e+02 -3.947498539936660292e-03 -8.039701512161372132e-03
1.988518290000454556e+02 -3.955235741906477746e-03 -8.321152805879453510e-03
1.988676009259734769e+02 -3.957172785822847018e-03 -8.575726963439970693e-03
1.988833915584365570e+02 -3.958809836730037453e-03 -9.406556898160537208e-03
1.989149153136007158e+02 -3.958853753555105492e-03 -9.578819674004231469e-03
1.989306558665332432e+02 -3.959432916074208386e-03 -1.026351685528927721e-02
1.989463825943863640e+02 -3.958989065046995999e-03 -1.089595100206745826e-02
1.989620949385765414e+02 -3.959160331311309747e-03 -1.080625927873108197e-02
1.989934854693191539e+02 -3.958629862202081399e-03 -1.093272797799419924e-02
1.990091785856202193e+02 -3.956450898119778445e-03 -1.101439332380518832e-02
1.990248691831186818e+02 -3.954328245321137546e-03 -1.107051567285227862e-02
1.990405652552694562e+02 -3.951554755407435740e-03 -1.113471038698780717e-02
1.990720145921420965e+02 -3.944761767425879542e-03 -1.137520475090307050e-02
1.990877472692592391e+02 -3.941801236052758922e-03 -1.148571029756949649e-02
1.991035094410224815e+02 -3.934701939740658204e-03 -1.157935239209640678e-02
1.991350732185560162e+02 -3.923760168884563547e-03 -1.178741316936861641e-02
1.991508623293692892e+02 -3.919074502532130314e-03 -1.184619816420420454e-02
1.991666102507219875e+02 -3.910117513923171660e-03 -1.187308586711847622e-02
1.991823534802788913e+02 -3.904258948154920323e-03 -1.187875731291368475e-02
1.992138000477934554e+02 -3.890429569217183740e-03 -1.181925969633349990e-02
1.992294978682012356e+02 -3.885882972634066828e-03 -1.175319939465778452e-02
1.992451955711579785e+02 -3.880200378444027733e-03 -1.165971195348730963e-02
1.992608940570923721e+02 -3.873866845497267800e-03 -1.155665170701143489e-02
1.992923109313929615e+02 -3.861247239260977727e-03 -1.131605819054253871e-02
1.993080177464528617e+02 -3.855518940260523140e-03 -1.118518747723351928e-02
1.993236852088352578e+02 -3.848564909153859900e-03 -1.105809205497796169e-02
1.993550533290358828e+02 -3.840644555648573856e-03 -1.080180657932080027e-02
1.993708009413992670e+02 -3.838680301897351866e-03 -1.067692802044226640e-02
1.993865831034329403e+02 -3.832009682099767663e-03 -1.055637011695876974e-02
1.994023109804610385e+02 -3.831530690578032784e-03 -1.043426806235123357e-02
1.994336604615118915e+02 -3.825695048713766144e-03 -1.018562191151692504e-02
1.994493064006562122e+02 -3.824582621544386253e-03 -1.007028745297760229e-02
1.994649460269100416e+02 -3.822332166498031841e-03 -9.954122864158983230e-03
1.994805939309354130e+02 -3.822072189221079053e-03 -9.840329072242895783e-03
1.995119311236291253e+02 -3.825961475780165384e-03 -9.619242413649723919e-03
1.995276080279345763e+02 -3.828309996676847616e-03 -9.507812750349819639e-03
1.995432890896260574e+02 -3.832385619861337824e-03 -9.403236008525397982e-03
1.995747521009438685e+02 -3.845199758624935106e-03 -9.238409800988413995e-03
1.995905366376146901e+02 -3.852680792169530313e-03 -9.199881541729371462e-03
1.996063303215767633e+02 -3.863895810657357651e-03 -9.140781573962579454e-03
1.996220808124538735e+02 -3.872808037407716834e-03 -9.066842754866497739e-03
1.996535286752520904e+02 -3.890197916576095590e-03 -8.925383824139985697e-03
1.996692280186202311e+02 -3.900697079593819661e-03 -8.837052837072265424e-03
1.996849280794928916e+02 -3.909725955974907054e-03 -8.743666127513384165e-03
1.997006141090179199e+02 -3.919176557335503179e-03 -8.648122459243498539e-03
1.997319987300318189e+02 -3.932043424879404746e-03 -8.457411902727690958e-03
1.997476989014489277e+02 -3.939768935116855220e-03 -8.363330437106332449e-03
1.997634025931624251e+02 -3.947346042744323720e-03 -8.268485899796371857e-03
1.997948209118707723e+02 -3.959375277985355442e-03 -8.366375743577935883e-03
1.998105541729735251e+02 -3.965943287252425391e-03 -8.109369628341616537e-03
1.998262885793564863e+02 -3.967472656044574233e-03 -8.067966234980872633e-03
1.998420439596270910e+02 -3.971593310704506219e-03 -8.195958449653619610e-03
1.998735995468679221e+02 -3.977420652501703451e-03 -8.702883084023378332e-03
1.998893757404911184e+02 -3.977816732092197965e-03 -9.550598203212155857e-03
1.999051516185733419e+02 -3.977807366299960720e-03 -9.391594682605818728e-03
1.999208914392739587e+02 -3.980794313055912095e-03 -9.722258671778760339e-03
1.999523442585137332e+02 -3.978349787047566824e-03 -1.090893263621354158e-02
1.999680498597098222e+02 -3.977404552589059068e-03 -1.079461814086434684e-02
1.999837421809679086e+02 -3.976127918110857612e-03 -1.083872532312743324e-02
