0.000000000000000000e+00 -6.960409996108022322e-03 -6.960409996108017985e-03
2.200267748737985696e-02 -1.488152853114928925e-02 -3.464670465819882916e-02
4.877997002244188057e-02 -1.204963427405028077e-02 -9.314687943558148941e-02
6.360711791948728266e-02 -1.146021673516408636e-02 -1.230252510241341829e-01
9.269699884442882121e-02 -1.070339076271693314e-02 -1.654537355553407640e-01
1.072547435265983340e-01 -1.048428711630126388e-02 -1.797003097993832843e-01
1.219259908875601761e-01 -1.028538405563364164e-02 -1.878558211444416037e-01
1.514315949664223060e-01 -1.001269561363462256e-02 -1.845232344949674086e-01
1.663892267845345219e-01 -9.894324370698471399e-03 -1.728861346359211182e-01
1.816651716386891435e-01 -9.759900799981516967e-03 -1.597338095036150707e-01
2.125942015752708414e-01 -9.486023342856026233e-03 -1.401609663224845648e-01
2.282892201748100147e-01 -9.377402255957963118e-03 -1.338811018867460123e-01
2.439515600190037548e-01 -9.279328428781402627e-03 -1.281384873471917152e-01
2.748331913691182127e-01 -9.094756687451976268e-03 -1.184685163576943145e-01
2.905659780261634073e-01 -9.024588878498994091e-03 -1.146265463508888000e-01
3.060913094645039689e-01 -8.963115244137686427e-03 -1.114274108462841029e-01
3.215634536225533968e-01 -8.903113555464957710e-03 -1.088473623591078715e-01
3.530045099191928548e-01 -8.809996812587900239e-03 -1.053327349719651584e-01
3.687332856989595786e-01 -8.769621605793672184e-03 -1.045114485380928271e-01
3.844479926498886591e-01 -8.731792399904994909e-03 -1.043130487918082772e-01
4.000424006992812642e-01 -8.704005330690911188e-03 -1.047268408008564661e-01
4.314224422713092144e-01 -8.657115425268419387e-03 -1.072807632555765889e-01
4.470244687117262417e-01 -8.642214732551525141e-03 -1.088632903099428506e-01
4.626846785895543657e-01 -8.628322045097804732e-03 -1.103129387649935400e-01
4.940726318455255228e-01 -8.614438678222214804e-03 -1.158866242905473992e-01
5.097768613934990922e-01 -8.612400642040402704e-03 -1.180555132640156296e-01
5.255422052040732428e-01 -8.622227155354291600e-03 -1.209835173906208261e-01
5.412526333732116113e-01 -8.638166390117101023e-03 -1.464605673074521885e-01
5.725340557746679826e-01 -8.683911339156557760e-03 -1.353366969021554400e-01
5.881446917164171451e-01 -8.720174559983143864e-03 -1.436074657031908008e-01
6.037485721286021123e-01 -8.759199745091355432e-03 -1.481373851845632916e-01
6.351524215092750891e-01 -8.866011979537980273e-03 -1.569046118391693723e-01
6.508912628280324464e-01 -8.947355383442058205e-03 -1.600078871301211236e-01
6.665844297862821843e-01 -9.031334987267738285e-03 -1.565599830544679161e-01
6.822079042085317235e-01 -9.130533199379987919e-03 -1.606076338674815307e-01
7.134399025234721137e-01 -9.362142282909961463e-03 -1.637164655396077251e-01
7.289906659249077991e-01 -9.491676063442517838e-03 -1.645316549165582731e-01
7.445413384928342149e-01 -9.627917155058861309e-03 -1.680482759520879055e-01
7.601054379546982043e-01 -9.779123409459538133e-03 -1.674019103063351110e-01
7.912466117507924723e-01 -1.012085843946154869e-02 -1.670624094858561837e-01
8.068434107528795751e-01 -1.030038388853276969e-02 -1.668697410456676244e-01
8.224795852218251824e-01 -1.048465918527764947e-02 -1.658650592930456247e-01
8.539095849372528857e-01 -1.089597931135564621e-02 -1.637038320155184135e-01
8.696220813913234648e-01 -1.110579358325208821e-02 -1.625708084160518985e-01
8.853037370222881508e-01 -1.130946171239444013e-02 -1.615636883534559420e-01
9.009462027970032150e-01 -1.152862522608755561e-02 -1.602475298231557377e-01
9.321550000068890007e-01 -1.194630375224910342e-02 -1.583289947165401335e-01
9.477363018594253674e-01 -1.215711625874572530e-02 -1.597807614016043820e-01
9.633255928301359683e-01 -1.235843837616811339e-02 -1.561981893290007861e-01
9.945379088198974538e-01 -1.276851202428923998e-02 -1.541367052476239341e-01
1.010164444287038776e+00 -1.296047399885992546e-02 -1.529342139122829569e-01
1.025813529093629883e+00 -1.315144502641458178e-02 -1.512579070489178390e-01
1.041496780192452620e+00 -1.334663651369125126e-02 -1.499110069498910125e-01
1.072950941472978537e+00 -1.371848807903753610e-02 -1.477377058894003281e-01
1.088726795401716796e+00 -1.391336999140764009e-02 -1.469274907223036275e-01
1.104511327520988351e+00 -1.409513974386556769e-02 -1.462217748248458016e-01
1.120241292022415180e+00 -1.427326139328438138e-02 -1.457779509159360665e-01
1.151658367225155022e+00 -1.461706301818875391e-02 -1.450160379208640937e-01
1.167325029447752405e+00 -1.477359738066703378e-02 -1.446696732455135803e-01
1.183001931024437514e+00 -1.494491674759047470e-02 -1.444398118702977796e-01
1.214248693988650318e+00 -1.529291975949557958e-02 -1.441168695786042009e-01
1.229809196722989162e+00 -1.548302262362467006e-02 -1.439839365462903253e-01
1.245529813115860751e+00 -1.568779123959744906e-02 -1.438595615291647090e-01
1.261313723452930580e+00 -1.588504541528375918e-02 -1.436270893574276286e-01
1.292566890369425625e+00 -1.623468650534406338e-02 -1.433829045449845074e-01
1.308150600881451631e+00 -1.641190794027813302e-02 -1.432529083876604992e-01
1.323769079719780750e+00 -1.657648445718433797e-02 -1.431762378394734747e-01
1.355176460236483527e+00 -1.689079215145497526e-02 -1.433104525808303331e-01
1.370918034764665228e+00 -1.704980609906095457e-02 -1.434531402153383650e-01
1.386625792319191808e+00 -1.720128079845085686e-02 -1.434485168471994199e-01
1.402290391111868928e+00 -1.738276772615767254e-02 -1.432025393014271231e-01
1.433537375201352715e+00 -1.771562642207641022e-02 -1.430633100356709653e-01
1.449138997793236516e+00 -1.789581723941047892e-02 -1.429762025607126119e-01
1.464742309268237896e+00 -1.806205285622053749e-02 -1.424325560811335600e-01
1.480361449330808821e+00 -1.824338680169764609e-02 -1.416394747877540994e-01
1.511673911371504531e+00 -1.861660686659682637e-02 -1.402222922605602939e-01
1.527367153293456070e+00 -1.879388905983524899e-02 -1.393229208266586749e-01
1.543080771545588759e+00 -1.898289937925719609e-02 -1.382933960959351061e-01
1.574594025874323844e+00 -1.932926761189719678e-02 -1.363130347252690111e-01
1.590371901499807894e+00 -1.949838989757848168e-02 -1.353534634029382178e-01
1.606153432168495820e+00 -1.965765465039740270e-02 -1.344311804746370909e-01
1.621921916175143030e+00 -1.981270358998102332e-02 -1.335122234942532349e-01
1.653411632747750160e+00 -2.008279963680094718e-02 -1.318842914002083255e-01
1.669128987639536099e+00 -2.021420060559612694e-02 -1.311721486104281686e-01
1.684845721811484953e+00 -2.033508471432072043e-02 -1.306457084572077987e-01
1.700548069906271387e+00 -2.045390076460917861e-02 -1.299316522374689975e-01
1.731952429894671575e+00 -2.064063455911211223e-02 -1.278443729808298179e-01
1.747657792615608496e+00 -2.074120032910132735e-02 -1.267435171145256112e-01
1.763364958204113320e+00 -2.083697064131221147e-02 -1.255850463197447364e-01
1.794778846766457381e+00 -2.098776103722810316e-02 -1.230365691955743052e-01
1.810502446237270302e+00 -2.107025901248972544e-02 -1.217596677625304713e-01
1.826212628268436555e+00 -2.112228945902688143e-02 -1.206589323850468937e-01
1.841941974750177513e+00 -2.118315645884622997e-02 -1.196117467139413415e-01
1.873437519828989428e+00 -2.128168723232743212e-02 -1.175441770550353648e-01
1.889218771628810023e+00 -2.130990117838712714e-02 -1.164893422886816576e-01
1.905011729060781756e+00 -2.134268459613605090e-02 -1.154134168075127143e-01
1.920774669167795379e+00 -2.139146131403645359e-02 -1.143155829345143953e-01
1.952260736993282064e+00 -2.143451271056056803e-02 -1.119973461629619194e-01
1.967971176551504220e+00 -2.145595317514953360e-02 -1.108782888437069292e-01
1.983656615311033322e+00 -2.147486315879245863e-02 -1.097360972411260960e-01
2.015009408201311469e+00 -2.151334180034635696e-02 -1.083106680443728931e-01
2.030680447827875490e+00 -2.152491797471120863e-02 -1.135743043281386699e-01
2.046363295293929241e+00 -2.153005624725336242e-02 -1.107029081413360566e-01
2.062067138050399429e+00 -2.154533859691745365e-02 -1.072563554484846776e-01
2.093511328470798460e+00 -2.153595616914267402e-02 -1.090368488549175313e-01
2.109280450166475251e+00 -2.153948968609616446e-02 -1.079346070220813664e-01
2.125066505985788723e+00 -2.153687729353399860e-02 -1.065595687315681050e-01
2.140832497774900922e+00 -2.152652070207217161e-02 -1.053900522319848321e-01
2.172315805864938998e+00 -2.151222400128693230e-02 -1.035664775659853876e-01
2.188036459508266418e+00 -2.149523416737369672e-02 -1.028186149623758067e-01
2.203729818576001254e+00 -2.147950254741187726e-02 -1.019603957906147218e-01
2.235106236339562624e+00 -2.146790245114681139e-02 -1.004325296544918561e-01
2.250804697049053615e+00 -2.146362049845646630e-02 -9.970523589388463614e-02
2.266506883935213157e+00 -2.146454607272964624e-02 -9.895470721974376771e-02
2.282211184840127860e+00 -2.147482368309842904e-02 -9.825065477864047825e-02
2.313675594455289808e+00 -2.148876140303578042e-02 -9.686052253620074104e-02
2.329418151597495878e+00 -2.149543244429207023e-02 -9.622979821713988080e-02
2.345191816547910868e+00 -2.150730194175581519e-02 -9.573985416150720962e-02
2.360971922040778104e+00 -2.152838387612965657e-02 -9.543584952725717163e-02
2.392532653360793571e+00 -2.156059517891336860e-02 -9.497958740418795121e-02
2.408290274544770515e+00 -2.158112366660102158e-02 -9.479280824499285163e-02
2.424028936051627170e+00 -2.160674662865146381e-02 -9.463949494330518852e-02
2.455476060855306120e+00 -2.165699194527968482e-02 -9.421350316859877783e-02
2.471156051493272443e+00 -2.169272297012011380e-02 -9.395811571471014700e-02
2.486826828549683732e+00 -2.171795780601776596e-02 -9.364750464516363726e-02
2.502506065850329531e+00 -2.173694119770517783e-02 -9.330859340844160910e-02
2.533890426816776120e+00 -2.176514172639376632e-02 -9.224631482399331395e-02
2.549603323416219425e+00 -2.178211097928073325e-02 -9.157974570079609189e-02
2.565340905813244365e+00 -2.177917607212285361e-02 -9.094514984496665511e-02
2.581067606982866636e+00 -2.178627725909407925e-02 -9.037502981095033028e-02
2.612584537837450593e+00 -2.178231863662194803e-02 -8.952401506183604862e-02
2.628376840458562569e+00 -2.178204650116043195e-02 -8.920500366982438145e-02
2.644162706522489525e+00 -2.176639609988293908e-02 -8.895151298659433048e-02
2.675693695504274050e+00 -2.173446987223131080e-02 -8.881256407415852316e-02
2.691439712876138923e+00 -2.173471342744749332e-02 -8.855676468705016291e-02
2.707169542889524383e+00 -2.172215332321776604e-02 -8.825138817885477827e-02
2.722875402610194673e+00 -2.171842971717425838e-02 -8.862776534638151793e-02
2.754256157474284983e+00 -2.168936518541906763e-02 -8.834417640637722002e-02
2.769937670935412211e+00 -2.167506822245643394e-02 -8.735105040460795778e-02
2.785617044744022941e+00 -2.166376283935661506e-02 -8.696809316990325445e-02
2.801311165229643407e+00 -2.165180277357490676e-02 -8.647844253816024118e-02
2.832716367038095928e+00 -2.160245802455023831e-02 -8.435692077983196480e-02
2.848448117637386368e+00 -2.158700821673603665e-02 -8.337169726682895632e-02
2.864199008594079388e+00 -2.154820503313701827e-02 -8.265614159450072884e-02
2.895773429490509976e+00 -2.151005763166079915e-02 -8.225775914482827411e-02
2.911539105650509995e+00 -2.148754343656032392e-02 -8.129763758587399414e-02
2.927274823548164928e+00 -2.145319934852227620e-02 -8.000300614781531705e-02
2.942999133456126071e+00 -2.143842482563040885e-02 -7.925166438973713090e-02
2.974384894407057001e+00 -2.137473474895216705e-02 -7.729036972837063924e-02
2.990065104387124695e+00 -2.134368817419574071e-02 -7.616496962373466018e-02
3.005754186410726003e+00 -2.130914119080245736e-02 -7.516444996884713570e-02
3.021445993010843267e+00 -2.127488199408578140e-02 -7.418500116211908246e-02
3.052860777701142503e+00 -2.121294968710796258e-02 -7.244365976573866051e-02
3.068602057814838080e+00 -2.118241505174787986e-02 -7.167289169830209916e-02
3.084344010219069343e+00 -2.115835297620931310e-02 -7.098101878741702730e-02
3.100111952861635434e+00 -2.113402579024883932e-02 -7.033748933842773332e-02
3.131691517884877207e+00 -2.106376199341834440e-02 -6.919062969656934736e-02
3.147471629532528681e+00 -2.103366481731601401e-02 -6.865425167170192966e-02
3.163215181699010170e+00 -2.100628361334860514e-02 -6.814814590561149577e-02
3.194691983982628436e+00 -2.097059841481049153e-02 -6.787602984927119942e-02
3.210393878462619366e+00 -2.096044528542676325e-02 -6.773089480759574010e-02
3.226072281247575724e+00 -2.094395820651710760e-02 -6.770044160129416733e-02
3.241748830336190323e+00 -2.092923802665562841e-02 -6.784048465878837753e-02
3.273122319866453633e+00 -2.090433117199526347e-02 -6.811435744227822831e-02
3.288826264207304284e+00 -2.089283152091873583e-02 -6.827030593806035497e-02
3.304549909781786976e+00 -2.088293927699157518e-02 -6.826226100650263640e-02
3.320293576592562079e+00 -2.087545638431198905e-02 -6.828168088429222016e-02
3.351813785227518938e+00 -2.086018709562337259e-02 -6.820621446312240266e-02
3.367602642087704101e+00 -2.084687874731424792e-02 -6.802472926202804415e-02
3.383389533809837868e+00 -2.083739139863451106e-02 -6.778348078230073126e-02
3.414897618363549991e+00 -2.081274977019444833e-02 -6.708666576761511402e-02
3.430638751571742695e+00 -2.080859305337169271e-02 -6.657122922201504089e-02
3.446363028479200175e+00 -2.080200215456621052e-02 -6.591750671204330003e-02
3.462077541594732022e+00 -2.080051627687519097e-02 -6.520235875352610455e-02
3.493480930791075689e+00 -2.080276215607589768e-02 -6.368403225902365128e-02
3.509179354401291029e+00 -2.079738270818808077e-02 -6.289384862148632294e-02
3.524875066126226475e+00 -2.079543818215635886e-02 -6.228478877255726187e-02
3.540573681587945831e+00 -2.079083794799284693e-02 -6.219740843500743549e-02
3.572007931839381811e+00 -2.077518972156134139e-02 -6.322948039587136804e-02
3.587727115045749482e+00 -2.076702736922907133e-02 -6.335891206555341326e-02
3.603472678462400935e+00 -2.073843436901335116e-02 -6.339788276224238295e-02
3.635012540467460251e+00 -2.070812396916646425e-02 -6.271957835650229796e-02
3.650809870845059368e+00 -2.070095721488504625e-02 -6.200542206149666641e-02
3.666570701556898459e+00 -2.067368188325681769e-02 -6.124413113508739986e-02
3.682314298855090318e+00 -2.065737692874256709e-02 -6.045420543462617230e-02
3.713762629213253952e+00 -2.061635674295565768e-02 -5.925985160252422723e-02
3.729450387687218260e+00 -2.060138988460859591e-02 -5.865564448101928674e-02
3.745134474107280287e+00 -2.058029730323479578e-02 -5.808034050208639443e-02
3.760819902973123963e+00 -2.055326805893991499e-02 -5.756774126382478013e-02
3.792186682906340867e+00 -2.049485190386994907e-02 -5.648798494183102092e-02
3.807898988233390458e+00 -2.046253836955058344e-02 -5.598187567671957660e-02
3.823625099573363606e+00 -2.042424881079964172e-02 -5.555109161779694243e-02
3.855127453309334484e+00 -2.034732522449434616e-02 -5.510744892349407620e-02
3.870901525275077582e+00 -2.031671433556205345e-02 -5.522616925364659535e-02
3.886693232367020023e+00 -2.027380451972729189e-02 -5.518420918001609721e-02
3.902477385233706020e+00 -2.023962006097642860e-02 -5.489999749016302721e-02
3.933959515371683313e+00 -2.015695120603194432e-02 -5.461601909536267785e-02
3.949682790994840431e+00 -2.011858092288500502e-02 -5.434756317560361649e-02
3.965395532960016567e+00 -2.007411512226063913e-02 -5.407140156752854310e-02
3.981093179039990826e+00 -2.004328874813488329e-02 -5.380810099036910377e-02
4.012492578602132376e+00 -1.998819909831209274e-02 -5.317440040801930251e-02
4.028191289107177830e+00 -1.995353092561211530e-02 -5.280814857355808217e-02
4.043893466133658521e+00 -1.992162626084434049e-02 -5.246604888304799708e-02
4.075341446681544966e+00 -1.985159186168896500e-02 -5.183517433632538890e-02
4.091077869516543508e+00 -1.982375546008149220e-02 -5.158102556825196194e-02
4.106834037389947234e+00 -1.978418427040496211e-02 -5.136052901928082892e-02
4.122598623914504046e+00 -1.975360592996959139e-02 -5.115764647289695877e-02
4.154187927370043276e+00 -1.967883073544476197e-02 -5.076875453656496534e-02
4.169949561822130946e+00 -1.965739877184572229e-02 -5.061777803069845288e-02
4.185698021795543511e+00 -1.962297859419340901e-02 -5.046710391914759758e-02
4.201436115632336765e+00 -1.959023338294182612e-02 -5.031665172514485085e-02
4.232847651538019562e+00 -1.952292406662005028e-02 -5.005102094524460643e-02
4.248533196575133175e+00 -1.949345656537232116e-02 -4.987880504368905760e-02
4.264211665331413492e+00 -1.945933554908392538e-02 -4.961683684341284400e-02
4.295560388469079172e+00 -1.936925135106679075e-02 -4.891011042175088391e-02
4.311256431899576747e+00 -1.933198033459516962e-02 -4.846412732143370178e-02
4.326945065883041508e+00 -1.926790847856224911e-02 -4.799919876260155122e-02
4.342651301549252274e+00 -1.922317260270755071e-02 -4.749990469883989819e-02
4.374143385376656035e+00 -1.912493916405938119e-02 -4.641438185003509548e-02
4.389937989290054077e+00 -1.907291951874450289e-02 -4.586160197389142074e-02
4.405737572848677175e+00 -1.901839089752310405e-02 -4.529025424360604707e-02
4.421501669651369149e+00 -1.897705578145575389e-02 -4.485575974715964170e-02
4.453002032746126382e+00 -1.886560481006170978e-02 -4.409468044685860288e-02
4.468698341235861626e+00 -1.881438904714092045e-02 -4.371221233870841577e-02
4.484330635660856323e+00 -1.876503451400528960e-02 -4.355167807287795012e-02
4.515559536404973429e+00 -1.868513859642596461e-02 -4.340318777334695177e-02
4.531191834782708483e+00 -1.864513802693146260e-02 -4.330129382456905651e-02
4.546852537283839091e+00 -1.860456258158387638e-02 -4.319317837148316935e-02
4.562550150275092697e+00 -1.857177121005791284e-02 -4.332935533392045374e-02
4.594056281113103601e+00 -1.847170794191455023e-02 -4.352271819085038601e-02
4.609856736832131041e+00 -1.842698013661359796e-02 -4.355981266861019136e-02
4.625666949263057326e+00 -1.837310341314090170e-02 -4.355725551984027111e-02
4.641433353268717532e+00 -1.831076441640619445e-02 -4.347413027691662130e-02
4.672937376321865344e+00 -1.819193637111686176e-02 -4.315373078687299163e-02
4.688665247174339079e+00 -1.812763239365554335e-02 -4.290808975506327227e-02
4.704359006272363253e+00 -1.806704345745184168e-02 -4.262436255730554097e-02
4.720038787610072895e+00 -1.801619500954352096e-02 -4.229682704918948100e-02
4.751416942790916309e+00 -1.791223937503713323e-02 -4.158873407098067493e-02
4.767126381228067089e+00 -1.786808381137903676e-02 -4.118745781330272748e-02
4.782842030667951327e+00 -1.783476433872682732e-02 -4.075756242950363817e-02
4.814320626670974157e+00 -1.776260741913672503e-02 -3.978300954096388592e-02
4.830051139181853692e+00 -1.772894661894747204e-02 -3.928081983099140223e-02
4.845811314346285315e+00 -1.769939303586456555e-02 -3.875043649103659255e-02
4.861570787349990930e+00 -1.767336735116294480e-02 -3.819731414968743910e-02
4.893143664959977102e+00 -1.762004167282781031e-02 -3.706716610421701558e-02
4.908920566145526188e+00 -1.759837164356563635e-02 -3.648878460183381522e-02
4.924669452028670236e+00 -1.757511372925748411e-02 -3.590182251741886460e-02
4.940412319387483819e+00 -1.756765583729695893e-02 -3.534452386253943146e-02
4.971816861448969505e+00 -1.754182897485419626e-02 -3.430279731239891522e-02
4.987479551555604296e+00 -1.753106446774777699e-02 -3.398404129345355962e-02
5.003144779744297388e+00 -1.751677827333883788e-02 -3.414411589887601101e-02
5.034500983536728036e+00 -1.748516461628144350e-02 -3.406317547508616594e-02
5.050203247073133284e+00 -1.747101742307152414e-02 -3.434902173564466366e-02
5.065938527034170136e+00 -1.744577531763904371e-02 -3.437871057743452363e-02
5.081684154853556734e+00 -1.742351158615544626e-02 -3.432501999832633655e-02
5.113253399733495463e+00 -1.737556356583265862e-02 -3.437889773309071861e-02
5.129051038971227605e+00 -1.736329236965894821e-02 -3.424989070086426751e-02
5.144805988656302453e+00 -1.734176829301352363e-02 -3.401119103495819224e-02
5.160541562301697915e+00 -1.732449491712080569e-02 -3.366045444135648546e-02
5.191975648533705190e+00 -1.728701372116599536e-02 -3.293196434066533035e-02
5.207675293827435326e+00 -1.727196035605446656e-02 -3.280771401134233156e-02
5.223365280640868136e+00 -1.726107073267427530e-02 -3.614301223606371932e-02
5.254766657061094470e+00 -1.724790366250569112e-02 -3.346610243843855387e-02
5.270473037127366034e+00 -1.724540006421642485e-02 -3.455170474508712647e-02
5.286183198690216578e+00 -1.724563907572783730e-02 -3.472909848616514972e-02
5.301908968901900110e+00 -1.725265692938920958e-02 -3.451971757211539510e-02
5.333376970308155940e+00 -1.725588664640903894e-02 -3.391776441725961877e-02
5.349133600133658462e+00 -1.726315244432174642e-02 -3.393194276338609705e-02
5.364892136211914853e+00 -1.725013678828384023e-02 -3.455760597982419913e-02
5.380683174789449019e+00 -1.725147763272874210e-02 -3.471960488387395433e-02
5.412229132437259338e+00 -1.724283875941117622e-02 -3.404893694862213410e-02
5.427978526258650405e+00 -1.722887508225686565e-02 -3.406041921762047175e-02
5.443719104648664597e+00 -1.723088304893049746e-02 -3.373538916374307223e-02
5.475140796485253425e+00 -1.722373786500940376e-02 -3.307569257216318170e-02
5.490831528014074259e+00 -1.721665520510684555e-02 -3.271794553842172215e-02
5.506521039788078831e+00 -1.720638681040847703e-02 -3.239527541926579685e-02
5.522209671861569191e+00 -1.719396240545557550e-02 -3.208725836482583665e-02
5.553613893185390005e+00 -1.717120388838760600e-02 -3.153360697398396861e-02
5.569335503897553608e+00 -1.715434086209353601e-02 -3.131857292032552698e-02
5.585056812559001216e+00 -1.713901118257608880e-02 -3.113604452092578329e-02
5.600805110804214060e+00 -1.712010717168470711e-02 -3.096833447816126419e-02
5.632354127533919730e+00 -1.706614433764136463e-02 -3.068744940167814073e-02
5.648151070027987330e+00 -1.704407683065931739e-02 -3.064625538233726326e-02
5.663913961672050412e+00 -1.701426064871634433e-02 -3.075113199140265888e-02
5.695404677341106670e+00 -1.696625757628229467e-02 -3.083050342539576938e-02
5.711123901401593983e+00 -1.694755703265225788e-02 -3.084312739856798213e-02
5.726823980670899594e+00 -1.692611700552863405e-02 -3.081929999625629066e-02
5.742518116349438984e+00 -1.689960106266268081e-02 -3.076112074925845333e-02
5.773895352144867488e+00 -1.684880539330483110e-02 -3.052235175114809823e-02
5.789585519117045109e+00 -1.682280882637161856e-02 -3.035405589109692673e-02
5.805297714524740194e+00 -1.679425460366749251e-02 -3.015357521710189045e-02
5.821010901803290061e+00 -1.676517179053913648e-02 -2.995175907823748387e-02
5.852464572713707902e+00 -1.669672372823735942e-02 -2.953982111324614940e-02
5.868209901889320790e+00 -1.666412032144516664e-02 -2.932288299179979310e-02
5.883999678300288139e+00 -1.663348339227763498e-02 -2.910387585642669125e-02
5.915567224859000106e+00 -1.658072904248095170e-02 -2.870002707646888279e-02
5.931316574869308411e+00 -1.655335370564454955e-02 -2.868074144055943880e-02
5.947057748852886405e+00 -1.653121967133599005e-02 -2.874495750629578461e-02
5.962768875133622082e+00 -1.650433843983585211e-02 -2.874060677571655537e-02
5.994135250922862923e+00 -1.646055263730054549e-02 -2.856092236435688395e-02
6.009813711754613763e+00 -1.643402006160729623e-02 -2.853744851495344792e-02
6.025483842177405513e+00 -1.640744936837947379e-02 -2.853416422275689701e-02
6.041159956947455889e+00 -1.637737666805165124e-02 -2.838482550918366987e-02
6.072576433321322575e+00 -1.630363237046747113e-02 -2.797929382779767646e-02
6.088298209663651761e+00 -1.627068997577848716e-02 -2.771975338120872753e-02
6.104050745162573399e+00 -1.622106189125650105e-02 -2.743263796630817514e-02
6.135606374433668186e+00 -1.615067898681316408e-02 -2.686555586615580263e-02
6.151407065095994220e+00 -1.612030124161307684e-02 -2.658384483630711267e-02
6.167167850137279750e+00 -1.607692328219674505e-02 -2.638400785811454916e-02
6.182910944719399282e+00 -1.604293452690489299e-02 -2.675251385549036118e-02
6.214351136277938004e+00 -1.596881154352176521e-02 -2.722369367324598693e-02
6.230041662141948322e+00 -1.594048809559507271e-02 -2.721508396613536024e-02
6.245733301444047036e+00 -1.591095345768354929e-02 -2.756406907170440984e-02
6.261428408402331947e+00 -1.587942124605323455e-02 -2.763286027767765732e-02
6.292820246601570133e+00 -1.581629862436789713e-02 -2.739301237182636614e-02
6.308543757184884804e+00 -1.578807868337889567e-02 -2.720686184383412295e-02
6.324269212865394785e+00 -1.575092901037273424e-02 -2.699161803598490450e-02
6.340005647956265200e+00 -1.572543711561739249e-02 -2.677836640651545461e-02
6.371528473793772740e+00 -1.566129680537601057e-02 -2.634852933322853405e-02
6.387322869887418264e+00 -1.562974468635288869e-02 -2.615352126857189291e-02
6.403117314733105303e+00 -1.560623079295278721e-02 -2.598212847597950598e-02
6.434616550803075263e+00 -1.556337423261207678e-02 -2.599720009802640106e-02
6.450337404268490005e+00 -1.554140715027880690e-02 -2.575749142025146252e-02
6.466038492238934232e+00 -1.551837300360884783e-02 -2.562601078642683453e-02
6.481724715461434805e+00 -1.550222348116348133e-02 -2.551941493565325000e-02
6.513114207320974458e+00 -1.547566259511450396e-02 -2.511899381747561763e-02
6.528814389877908297e+00 -1.545764796756191398e-02 -2.488139015065157778e-02
6.544519379102387902e+00 -1.543931675727874646e-02 -2.462632165764912576e-02
6.560246095264353983e+00 -1.542754167857782535e-02 -2.435992920109241941e-02
6.591710891943840522e+00 -1.538161910555846563e-02 -2.379062684015773033e-02
6.607469125180460701e+00 -1.535888511245986354e-02 -2.349657758589219353e-02
6.623235772129768328e+00 -1.533974983603296482e-02 -2.320440113562875772e-02
6.654834387223228731e+00 -1.530707226605927500e-02 -2.261928424041106597e-02
6.670582137776166931e+00 -1.530573787175477582e-02 -2.234310828018267608e-02
6.686295690833675032e+00 -1.529497379035894139e-02 -2.211106761739152493e-02
6.701978755709260049e+00 -1.527839290610462017e-02 -2.192457035271081628e-02
6.733330060714352250e+00 -1.524856565074476401e-02 -2.156184043377996559e-02
6.749026480548565132e+00 -1.523267419546466515e-02 -2.139906802062004065e-02
6.764731556339092400e+00 -1.521822783933928641e-02 -2.132721814921340747e-02
6.780439259494657200e+00 -1.520235099714830479e-02 -2.163161988159676211e-02
6.811896947024365545e+00 -1.516878007362996647e-02 -2.163269905656076825e-02
6.827628673018994121e+00 -1.514038298279437797e-02 -2.157622655864110603e-02
6.843384634619950724e+00 -1.512241736302731392e-02 -2.187138251273509568e-02
6.874943091254364091e+00 -1.508877564803639756e-02 -2.183627099859582893e-02
6.890721696736783919e+00 -1.506924865694249209e-02 -2.194880643290550437e-02
6.906500639300467093e+00 -1.505188576304418609e-02 -2.371260904921483267e-02
6.922245812697397582e+00 -1.504854391505045658e-02 -2.260396332781403061e-02
6.953713372733522746e+00 -1.502142528154304379e-02 -2.271753305828968020e-02
6.969425264697341582e+00 -1.501328273743862164e-02 -2.278660259615222089e-02
6.985124485215009393e+00 -1.500425540088337791e-02 -2.251155634153022972e-02
7.000822329745025385e+00 -1.499658691281505890e-02 -2.230397861417825200e-02
7.032205272617236602e+00 -1.499049443407861164e-02 -2.226098797420785272e-02
7.047903856615897134e+00 -1.498139858936332718e-02 -2.193970288416848338e-02
7.063616143184468399e+00 -1.496647016463023040e-02 -2.170263298419801076e-02
7.095039657122196530e+00 -1.493298373096652205e-02 -2.140030775825126422e-02
7.110784862774580439e+00 -1.491963732508821451e-02 -2.121938253853362238e-02
7.126554575078488440e+00 -1.490558049615534411e-02 -2.115909719529113567e-02
7.142338174793710692e+00 -1.488405245224687541e-02 -2.183129014996855466e-02
7.173885909191188404e+00 -1.485413221700965583e-02 -2.154376014226239144e-02
7.189633981527272510e+00 -1.483684263211826684e-02 -2.141423406940514904e-02
7.205361859115358314e+00 -1.481496247402432770e-02 -2.154596177302609689e-02
7.221064155163312570e+00 -1.479881529329141188e-02 -2.152085481848060172e-02
7.252433838675002242e+00 -1.475208133019692211e-02 -2.125774838307413830e-02
7.268114574687670526e+00 -1.473015891594837458e-02 -2.118695716782849348e-02
7.283792893080522468e+00 -1.470937883342941788e-02 -2.121993334398203021e-02
7.315198715586542555e+00 -1.464976743061707602e-02 -2.185026584432298719e-02
7.330898335564848267e+00 -1.462426052093721875e-02 -2.209757821846121753e-02
7.346630566132713369e+00 -1.459238459983050462e-02 -2.205929138188091748e-02
7.362380356953444505e+00 -1.455729380845420876e-02 -2.244472930176325681e-02
7.393951490900868784e+00 -1.449319752480869930e-02 -2.297401215894891158e-02
7.409739152323044031e+00 -1.446187545342123015e-02 -2.308262254110111933e-02
7.425494529652310938e+00 -1.442644412209156783e-02 -2.315064920638320103e-02
7.441242085218271463e+00 -1.440082553630138082e-02 -2.318849794125453154e-02
7.472672349265775615e+00 -1.433955217092312308e-02 -2.328049737028885929e-02
7.488359351385983409e+00 -1.430620193397945557e-02 -2.330725940817976113e-02
7.504044771335578012e+00 -1.427323356084024379e-02 -2.330904196751136179e-02
7.535407258684784892e+00 -1.421230832007803167e-02 -2.323425549137819041e-02
7.551105137306023174e+00 -1.418434857360339856e-02 -2.316777567494394952e-02
7.566816161270392804e+00 -1.414113353490066387e-02 -2.307100516171533763e-02
7.582519394152392067e+00 -1.411205107367680470e-02 -2.296606630157257273e-02
7.614007004754920871e+00 -1.403998033429466885e-02 -2.268693436844531827e-02
7.629798614893691600e+00 -1.401637843568339335e-02 -2.250480140538667698e-02
7.645590207008495121e+00 -1.398495973170528657e-02 -2.230325228469985308e-02
7.661358365214658406e+00 -1.395732420935125173e-02 -2.210659989706970432e-02
7.692820628869261768e+00 -1.389858616812866300e-02 -2.169288326937344330e-02
7.708530019037375780e+00 -1.386867981979992073e-02 -2.149684968457207801e-02
7.724221146931989246e+00 -1.383545643994200415e-02 -2.130456736488780048e-02
7.755602344544620941e+00 -1.377615109177638200e-02 -2.093045901949774565e-02
7.771293082501201432e+00 -1.374533308708271624e-02 -2.076964024897532193e-02
7.786979875587550559e+00 -1.371743134264024472e-02 -2.078841386387494244e-02
7.802681082356636821e+00 -1.369348013342324734e-02 -2.085051962502307635e-02
7.834147377113472643e+00 -1.364226337796716274e-02 -2.089905361838076056e-02
7.849913958425876359e+00 -1.361841917752375404e-02 -2.101019703696465138e-02
7.865697846644286173e+00 -1.358162117705851227e-02 -2.107771968575782376e-02
7.881498005380987770e+00 -1.355535367203071148e-02 -2.118955301226220153e-02
7.913019634968296856e+00 -1.349773831062171629e-02 -2.146749410341609876e-02
7.928760236382303539e+00 -1.346910585584154899e-02 -2.139697061212848458e-02
7.944486506538651405e+00 -1.345078191513437472e-02 -2.127997133721428943e-02
7.960199141034767223e+00 -1.343681276668133757e-02 -2.119671607117717266e-02
7.991601271246277172e+00 -1.340398889951740190e-02 -2.100872468515431815e-02
8.007300906354593906e+00 -1.338965070109079947e-02 -2.092165227056765400e-02
8.023000768912224245e+00 -1.337700771963845452e-02 -2.088765459448905029e-02
8.054426590989173462e+00 -1.335396233150490559e-02 -2.096168902678215151e-02
8.070149442295669218e+00 -1.334295303076662303e-02 -2.087881309512756856e-02
8.085871392675539227e+00 -1.333248617467744541e-02 -2.084623262366116364e-02
8.101616732023353862e+00 -1.331785229692620046e-02 -2.083099169297384506e-02
8.133156036935416111e+00 -1.328702185806488779e-02 -2.068028459863376425e-02
8.148951395752623839e+00 -1.327828252231588561e-02 -2.061547091050243766e-02
8.164717018276267169e+00 -1.326128703498257941e-02 -2.060123059992163830e-02
8.180469285150094194e+00 -1.324652280151795807e-02 -2.060827363766486522e-02
8.211937275333340835e+00 -1.322850661056389210e-02 -2.064676602144175505e-02
8.227634347634953826e+00 -1.321791748910747591e-02 -2.068573391736159076e-02
8.243324096810528800e+00 -1.320292895205603563e-02 -2.073095839521949327e-02
8.274684819708184591e+00 -1.316968185338715860e-02 -2.078230337119910121e-02
8.290365006167332851e+00 -1.315047514036407975e-02 -2.078643325590776025e-02
8.306070750063170749e+00 -1.312732343565348701e-02 -2.076403726535857447e-02
8.321781291541281433e+00 -1.310624589659636907e-02 -2.073364540935442729e-02
8.353236459782220180e+00 -1.305393130925969897e-02 -2.065015973524769038e-02
8.368987219668918343e+00 -1.303170035994259679e-02 -2.060281647811464806e-02
8.384783314062694615e+00 -1.300276520240290813e-02 -2.053539583570365007e-02
8.400584041092447052e+00 -1.298293861700766313e-02 -2.046235087175478709e-02
8.432094784047768243e+00 -1.292487025565705779e-02 -2.028926052059960849e-02
8.447835582822053269e+00 -1.289898052258503514e-02 -2.019704341262161182e-02
8.463552956913758862e+00 -1.287115233029262860e-02 -2.009061466338545737e-02
8.494922278236899160e+00 -1.282825860846778868e-02 -1.988127658494209457e-02
8.510602329672126487e+00 -1.280369211919386678e-02 -1.983349746648354825e-02
8.526272499305244779e+00 -1.278267660512250221e-02 -1.990221764902549290e-02
8.541943008477593580e+00 -1.276065664212159070e-02 -2.009196455895093797e-02
8.573351150575753366e+00 -1.271136378832584193e-02 -2.013911986858655731e-02
8.589092794228553984e+00 -1.268830098979590627e-02 -2.018147625207301551e-02
8.604874398220770715e+00 -1.265373651167481066e-02 -2.028046265188880939e-02
8.620668718622249926e+00 -1.262734464276342970e-02 -2.029891986377952220e-02
8.652237090364849337e+00 -1.256612246190136166e-02 -2.029237495906056205e-02
8.667977317768082557e+00 -1.253235310006607650e-02 -2.026378925005573733e-02
8.683713244671677600e+00 -1.250763677842575694e-02 -2.022456193447375733e-02
8.715138854532426649e+00 -1.245568112639643468e-02 -2.011980673310950415e-02
8.730836730392836031e+00 -1.243828043978665275e-02 -2.006444283607770537e-02
8.746537147734146700e+00 -1.242448366838233738e-02 -1.999305895115928086e-02
8.762239581793282994e+00 -1.241128800647923157e-02 -1.991952106373862455e-02
8.793649770448304537e+00 -1.238152526992572673e-02 -1.976898321737741507e-02
8.809378190044776957e+00 -1.237120848916652138e-02 -1.965056972780979128e-02
8.825101619981579049e+00 -1.235078661894221247e-02 -1.952911666968389776e-02
8.840839959496264555e+00 -1.234199659913392741e-02 -1.940263760327810491e-02
8.872357923191451334e+00 -1.231203961775316838e-02 -1.907180739993174362e-02
8.888148584018578546e+00 -1.229439358553850205e-02 -1.885686347603016816e-02
8.903943609516563384e+00 -1.227992095744859409e-02 -1.863704577540393689e-02
8.935451140599091957e+00 -1.225972772117018932e-02 -1.815667685294987052e-02
8.951188291097860628e+00 -1.224790276178805599e-02 -1.791377204572667040e-02
8.966907337780403608e+00 -1.223539986913129221e-02 -1.766372591995625518e-02
8.982587335959703267e+00 -1.222734766183593280e-02 -1.743969603571998359e-02
9.013899823393289878e+00 -1.221988022094100054e-02 -1.852584842579105620e-02
9.029550660393583783e+00 -1.221264201471789629e-02 -1.764958524211497626e-02
9.045214402032756951e+00 -1.220340190488664392e-02 -1.839355684137882960e-02
9.060910730234528643e+00 -1.219942720710796846e-02 -1.863895283545772413e-02
9.092397921392811000e+00 -1.215576897587865648e-02 -1.842603473505821654e-02
9.108187341508024559e+00 -1.213663407214049701e-02 -1.832642071451105747e-02
9.123994771695862482e+00 -1.210973680617069732e-02 -1.829016090743835685e-02
9.155529888172985409e+00 -1.205230240018099856e-02 -1.863594137297429343e-02
9.171254883869451646e+00 -1.203424614244900763e-02 -1.890027930236414661e-02
9.186978338189330628e+00 -1.200370777000096638e-02 -1.909126728927494632e-02
9.202679218687286777e+00 -1.197663542103570393e-02 -1.869141787937378396e-02
9.234072038233524182e+00 -1.192838801721667064e-02 -1.882378855269864829e-02
9.249777306524199716e+00 -1.190831865384960227e-02 -1.872636273161401230e-02
9.265486265748585026e+00 -1.189309340261402066e-02 -1.857086562341118616e-02
9.281196936974350109e+00 -1.188142020178812978e-02 -1.843436205186005372e-02
9.312656925183720347e+00 -1.185565871233750304e-02 -1.808383712187068906e-02
9.328382897829284204e+00 -1.183808060491716406e-02 -1.788386634008699155e-02
9.344134183441713759e+00 -1.182595178284240843e-02 -1.766735427891456822e-02
9.375667324127716640e+00 -1.180237467150888064e-02 -1.720865056586443065e-02
9.391450884676464383e+00 -1.178510634036979837e-02 -1.697015524166044925e-02
9.407238289106523155e+00 -1.177146812804318737e-02 -1.672335079900991173e-02
9.423008712119608887e+00 -1.176726606773879913e-02 -1.649076919029087568e-02
9.454503625954780333e+00 -1.174892473376512245e-02 -1.626950010630181034e-02
9.470170999754103036e+00 -1.174491623798111853e-02 -1.630129525891860220e-02
9.485806986776822214e+00 -1.173900943305783776e-02 -1.623867427926958470e-02
9.501446809778641978e+00 -1.173492974756423259e-02 -1.633942720582588423e-02
9.532762317647859973e+00 -1.172401057755207907e-02 -1.678210765573714958e-02
9.548456186509460153e+00 -1.171608383528531527e-02 -1.691090131011611583e-02
9.564190536000689136e+00 -1.170252047703593257e-02 -1.689019009238557426e-02
9.595720263960958007e+00 -1.166209973551790742e-02 -1.710846694918604152e-02
9.611514713129885479e+00 -1.164108588943937872e-02 -1.713907915521684089e-02
9.627317522333722621e+00 -1.162081610355612110e-02 -1.718584447025426828e-02
9.643077927775976832e+00 -1.159404709021971507e-02 -1.728565122093881495e-02
9.674561027440850225e+00 -1.154497276394278633e-02 -1.741219585273091550e-02
9.690293642267073793e+00 -1.152682247190898665e-02 -1.750811728764924136e-02
9.706013353139065103e+00 -1.150618170948585102e-02 -1.763424844078148243e-02
9.721725494568838499e+00 -1.149378052562978481e-02 -1.784566153614026984e-02
9.753140697239860657e+00 -1.146444247401258616e-02 -1.819147420129048343e-02
9.768841006244112890e+00 -1.145360735487333664e-02 -1.828867955433786593e-02
9.784537510237786506e+00 -1.144586747729381924e-02 -1.839740216291764485e-02
9.800241955630443869e+00 -1.143779700011868239e-02 -1.847978300683315173e-02
9.831643247176469202e+00 -1.140954932715536330e-02 -1.855159453906584863e-02
9.847368000615928096e+00 -1.139863192061161580e-02 -1.856692687656283369e-02
9.863103707644073737e+00 -1.137956324677627529e-02 -1.857573772956350178e-02
9.894651794984701709e+00 -1.135563095984495029e-02 -1.849605456273200471e-02
9.910440848396941504e+00 -1.134399239281298939e-02 -1.843539885759292590e-02
9.926198583825888377e+00 -1.132733761196391860e-02 -1.841973101601917032e-02
9.941945329105850604e+00 -1.131764601607444104e-02 -1.843208393482211743e-02
9.973366580976168905e+00 -1.128569263358720522e-02 -1.821843576134279594e-02
9.989044345088256449e+00 -1.126737882939338360e-02 -1.813335125333954273e-02
1.000471886033218638e+01 -1.124720394866482107e-02 -1.801569405540153282e-02
1.002038915414839337e+01 -1.122625104636696541e-02 -1.786425462278495510e-02
1.005175150194136791e+01 -1.118593175904664290e-02 -1.755666255159271313e-02
1.006746192908898152e+01 -1.115312918415341074e-02 -1.741064785918148422e-02
1.008316631912845729e+01 -1.113144271572674877e-02 -1.727321672839446723e-02
1.011460110404231472e+01 -1.108050556807159762e-02 -1.702341064756848765e-02
1.013034597888087163e+01 -1.106152645701445093e-02 -1.689975582827766762e-02
1.014612800155522976e+01 -1.104250356679109361e-02 -1.677843951571244760e-02
1.016188109740818746e+01 -1.102336337108506328e-02 -1.666153960329625275e-02
1.019324640346918365e+01 -1.100352891854379338e-02 -1.646624264354073358e-02
1.020889157917129353e+01 -1.098683162362448784e-02 -1.657417564059849094e-02
1.022452787362909454e+01 -1.097219661241417843e-02 -1.713950676344120835e-02
1.024018364741194098e+01 -1.095639223752990429e-02 -1.721089078357224481e-02
1.027156327768241084e+01 -1.092254557754378068e-02 -1.712151233233664624e-02
1.028727273364210149e+01 -1.090455932262328516e-02 -1.725558012464003393e-02
1.030300091121210748e+01 -1.088881818425649177e-02 -1.722229800855865425e-02
1.033451870098092229e+01 -1.086621380519835721e-02 -1.711017590499273530e-02
1.035030042182411592e+01 -1.085648710860631812e-02 -1.702614502436948507e-02
1.036608887276554292e+01 -1.083997428356711645e-02 -1.695001434079873928e-02
1.038187325185639587e+01 -1.083354295596869812e-02 -1.688531328652443861e-02
1.041336610198247570e+01 -1.081747026067592446e-02 -1.712317824648966133e-02
1.042910696012569360e+01 -1.080592538521233173e-02 -1.719007839057715842e-02
1.044483310958296585e+01 -1.079906481544157942e-02 -1.712916910101290255e-02
1.046055271168659040e+01 -1.079852829738787816e-02 -1.714764677370645904e-02
1.049196324664039892e+01 -1.078481857510187741e-02 -1.713013912291392465e-02
1.050765952767996581e+01 -1.077816783446466052e-02 -1.709579439003217072e-02
1.052334960894429372e+01 -1.077142475223317325e-02 -1.704079281807580407e-02
1.055474563534621169e+01 -1.075744236058315956e-02 -1.682840933087106222e-02
1.057045268838827390e+01 -1.074874209810799605e-02 -1.672098894466664612e-02
1.058615743391367126e+01 -1.073895702885820265e-02 -1.661133509752394863e-02
1.060189437510701715e+01 -1.072589148698404639e-02 -1.650950802251887825e-02
1.063342854998374953e+01 -1.069625720184001760e-02 -1.636900397245777752e-02
1.064922285597777929e+01 -1.068733737368584950e-02 -1.633386281637191906e-02
1.066501015921060080e+01 -1.067148996578732960e-02 -1.629847269410240884e-02
1.068076298012475789e+01 -1.065657898696442153e-02 -1.624490873947913999e-02
1.071216105445808431e+01 -1.063488193921191712e-02 -1.616755321830876460e-02
1.072779670335925317e+01 -1.062581661210449877e-02 -1.611167342247107892e-02
1.074343719885269621e+01 -1.061764171192441063e-02 -1.605278087252683464e-02
1.077475727804730354e+01 -1.059592681494293809e-02 -1.593042870909024133e-02
1.079044606879410928e+01 -1.058064317602264506e-02 -1.586732590356543238e-02
1.080616434421831684e+01 -1.056253579445674134e-02 -1.583408699638829201e-02
1.082191779688840683e+01 -1.054281958394513892e-02 -1.585715673902442571e-02
1.085347447851537517e+01 -1.049994961167414163e-02 -1.588765183653360544e-02
1.086926952472500396e+01 -1.047896303051252566e-02 -1.591324833998476740e-02
1.088504854123598165e+01 -1.045447332480921310e-02 -1.598359897039962341e-02
1.090081360654634679e+01 -1.043165154934478332e-02 -1.606807001728686318e-02
1.093227248254002504e+01 -1.038347632070164839e-02 -1.613965099952257079e-02
1.094799068505220063e+01 -1.036400181009679809e-02 -1.616361781636270825e-02
1.096370782864873483e+01 -1.034397552535047671e-02 -1.617474486946897036e-02
1.099512292239749378e+01 -1.032364405506224457e-02 -1.611722720040317455e-02
1.101082848360454847e+01 -1.031195189358518997e-02 -1.606486123659474352e-02
1.102652195978928340e+01 -1.030184847682947581e-02 -1.599225873135058651e-02
1.104220641294268468e+01 -1.029541631102554207e-02 -1.589042655648161689e-02
1.107363103475085531e+01 -1.028450894172368811e-02 -1.565418035315638626e-02
1.108934683754468509e+01 -1.028339191597235115e-02 -1.551840991625461769e-02
1.110510000799157382e+01 -1.027542399273548117e-02 -1.537691383488863466e-02
1.112087132446497861e+01 -1.027158906899322197e-02 -1.523003233839966691e-02
1.115241058294795806e+01 -1.024873100375961292e-02 -1.493529439974160614e-02
1.116813779168469978e+01 -1.023153698058250523e-02 -1.478963751876291415e-02
1.118386501615836970e+01 -1.021653744080608210e-02 -1.465490824258338862e-02
1.121528479613710516e+01 -1.018280486173164454e-02 -1.445369172563818090e-02
1.123098165355208167e+01 -1.017127442356741129e-02 -1.436316646144992180e-02
1.124668153927252234e+01 -1.016329147967001169e-02 -1.426408700203909627e-02
1.126238705778873417e+01 -1.015504900351042218e-02 -1.417926125265146949e-02
1.129380524824526333e+01 -1.013807382106877292e-02 -1.421309997796163169e-02
1.130953902562838032e+01 -1.013449308518388041e-02 -1.442505263958846970e-02
1.132527399302970217e+01 -1.012222685922571641e-02 -1.459108976807533924e-02
1.134102605245221618e+01 -1.011949186786620901e-02 -1.458644965369413488e-02
1.137257330744587236e+01 -1.010903481973173673e-02 -1.484427481227019834e-02
1.138835390642353751e+01 -1.010146098987440948e-02 -1.499241036635559805e-02
1.140413304305129749e+01 -1.009564387605946245e-02 -1.505703624825415268e-02
1.143561805360068639e+01 -1.008994189800871064e-02 -1.510480046664697262e-02
1.145134033449717492e+01 -1.008716909797331002e-02 -1.511655653838443053e-02
1.146705158517419854e+01 -1.008251311459443765e-02 -1.510570606877645154e-02
1.148274754761157546e+01 -1.008075184715570040e-02 -1.507904263877585249e-02
1.151413871488693630e+01 -1.008410624971699948e-02 -1.496920194873656122e-02
1.152983313073643856e+01 -1.008244810845905851e-02 -1.493524067334651463e-02
1.154553660909768631e+01 -1.007851283734968739e-02 -1.500964603281036876e-02
1.156125757363894913e+01 -1.007965962114014576e-02 -1.503935933860767703e-02
1.159271641424454735e+01 -1.006287047139481187e-02 -1.493203019939181794e-02
1.160847504699089860e+01 -1.005705726914209348e-02 -1.491863649886417467e-02
1.162425107515406886e+01 -1.004846711568745110e-02 -1.486530522588277656e-02
1.164003587951277829e+01 -1.003750030293997647e-02 -1.478357318766132696e-02
1.167156993571815349e+01 -1.002682034589808674e-02 -1.460290860876032465e-02
1.168731325653939024e+01 -1.001645536678898510e-02 -1.450499398479758624e-02
1.170304106933410893e+01 -1.001006914756414658e-02 -1.440515711881946992e-02
1.173443724723120596e+01 -1.000312518663300926e-02 -1.420388256512504846e-02
1.175010158883933897e+01 -1.000366771610496953e-02 -1.411031348989204813e-02
1.176575850965716796e+01 -1.000508783968266820e-02 -1.400669974347746975e-02
1.178141549939472199e+01 -1.000412151308754591e-02 -1.393076164640926450e-02
1.181280395299730657e+01 -9.997375342207097046e-03 -1.378007735910546233e-02
1.182855279391379888e+01 -9.985419988087653950e-03 -1.372910520112009293e-02
1.184433047061451560e+01 -9.973967005661905222e-03 -1.369113655477229193e-02
1.186012450642210503e+01 -9.967694292321126540e-03 -1.366962817452287149e-02
1.189168195953787510e+01 -9.944338810530941458e-03 -1.365966127189256404e-02
1.190743563427666629e+01 -9.932608192723648560e-03 -1.368288105896006690e-02
1.192316452438381624e+01 -9.928002942031411218e-03 -1.370327362092586820e-02
1.195459511917791673e+01 -9.912975373078747668e-03 -1.372464850669465747e-02
1.197029705845676872e+01 -9.912962684907137070e-03 -1.373811821454011192e-02
1.198599778056394527e+01 -9.909884719521521237e-03 -1.374356491258036522e-02
1.200170302272752920e+01 -9.909793539851987840e-03 -1.374929952365712416e-02
1.203311582801554458e+01 -9.918121082341427308e-03 -1.391514526366323737e-02
1.204883440059842847e+01 -9.922957994227984274e-03 -1.400198361348239592e-02
1.206456399483488973e+01 -9.921027985455166051e-03 -1.399223446971860872e-02
1.208027590373263394e+01 -9.923934028676934666e-03 -1.401516876854486289e-02
1.211176368540934511e+01 -9.924298695177800542e-03 -1.407270571942642080e-02
1.212753955742707923e+01 -9.925988325644456017e-03 -1.406102821024727591e-02
1.214331834379010466e+01 -9.921323853897370468e-03 -1.404411224076786320e-02
1.217486495396422974e+01 -9.917015438933632007e-03 -1.397529426273342625e-02
1.219061590952579621e+01 -9.917516495754017183e-03 -1.392669838032633244e-02
1.220634724155514483e+01 -9.912366758918636847e-03 -1.386895140533446827e-02
1.222205019214480615e+01 -9.912656740491051013e-03 -1.379965549011769911e-02
1.225342056833634707e+01 -9.899924944159364457e-03 -1.364476244597499430e-02
1.226910500868337905e+01 -9.892755711029471016e-03 -1.362535302442724992e-02
1.228478404384627964e+01 -9.888447139980202638e-03 -1.361093384159752298e-02
1.230044837832339333e+01 -9.882888776057422581e-03 -1.352653337320462897e-02
1.233181082059472367e+01 -9.866358786509543677e-03 -1.348739170392163414e-02
1.234752322426316162e+01 -9.864531453787864224e-03 -1.347683458741818184e-02
1.236328928283534800e+01 -9.855881575541795142e-03 -1.347739476340628455e-02
1.239483457404821465e+01 -9.847259550681893014e-03 -1.355353241690774972e-02
1.241057522548855729e+01 -9.837621265485891470e-03 -1.363133582839122677e-02
1.242629785936001419e+01 -9.817350514293304853e-03 -1.374159865482833809e-02
1.244201365061594622e+01 -9.805505622497635854e-03 -1.386711906548779467e-02
1.247341120641053713e+01 -9.765598432949792670e-03 -1.416193951230197354e-02
1.248910608693386060e+01 -9.747339076872311298e-03 -1.429597185486887294e-02
1.250480383076078539e+01 -9.728929976357318654e-03 -1.440359763680296341e-02
1.252050308475864249e+01 -9.712310202677654214e-03 -1.450121473071065530e-02
1.255193532182378569e+01 -9.686487494341906521e-03 -1.474132611013179855e-02
1.256768114362733435e+01 -9.671778399441754645e-03 -1.479921735254657172e-02
1.258342651908188259e+01 -9.661958154789217906e-03 -1.485252091816116268e-02
1.261496211784299248e+01 -9.638452178368457635e-03 -1.493941616595967359e-02
1.263075777248148057e+01 -9.630285843668481144e-03 -1.493368656468391578e-02
1.264654214548963118e+01 -9.623124170276281183e-03 -1.491016097126457267e-02
1.266229892667691281e+01 -9.615818535668833877e-03 -1.486072917940227563e-02
1.269378153802299991e+01 -9.605376372611725000e-03 -1.471650139168442437e-02
1.270949447369096141e+01 -9.603661367570964433e-03 -1.461531615228117351e-02
1.272518487176498958e+01 -9.597778077903216382e-03 -1.449256402149833381e-02
1.274086630678739773e+01 -9.593620876637398709e-03 -1.435819263072186935e-02
1.277224504870147470e+01 -9.580692051824834382e-03 -1.405831587332443539e-02
1.278794222982069506e+01 -9.573872622205836097e-03 -1.389403863455300828e-02
1.280366038383182747e+01 -9.568045051947750637e-03 -1.372608891825682388e-02
1.283512954198738676e+01 -9.557094488537384511e-03 -1.342876253989889503e-02
1.285088856150476033e+01 -9.549968502059920372e-03 -1.333347901971565150e-02
1.286665804111883915e+01 -9.537352297635769138e-03 -1.321862601031082232e-02
1.288245558039012550e+01 -9.530133554401123627e-03 -1.308294052312054985e-02
1.291397855656074434e+01 -9.510850397446273322e-03 -1.288120462678148288e-02
1.292971251424388157e+01 -9.502324544742908261e-03 -1.277769396423293451e-02
1.294542928183796882e+01 -9.496648210117072941e-03 -1.270522064641287606e-02
1.296113226747502445e+01 -9.492431143580623912e-03 -1.269482152234101616e-02
1.299252034628977270e+01 -9.482797526786058626e-03 -1.288653163475549090e-02
1.300821658870599329e+01 -9.478534653837409826e-03 -1.283040118517672114e-02
1.302391346044739961e+01 -9.474797680606253727e-03 -1.284262299560018708e-02
1.305534403692400147e+01 -9.469142801675503596e-03 -1.296760035740262239e-02
1.307108414967903265e+01 -9.467834585678380419e-03 -1.299877392049325620e-02
1.308682551107234460e+01 -9.468055941975195289e-03 -1.302004670877783543e-02
1.310259300040213404e+01 -9.460477331643612001e-03 -1.305315238461716119e-02
1.313415775578196687e+01 -9.452417808944242605e-03 -1.337023377053102487e-02
1.314993646210255562e+01 -9.452244345650406138e-03 -1.358781861863941030e-02
1.316567476784750745e+01 -9.443123734349086196e-03 -1.370380815108806355e-02
1.318141436560031821e+01 -9.443588843328578133e-03 -1.383073942416313852e-02
1.321285351933667584e+01 -9.440335319711218656e-03 -1.403841517587091012e-02
1.322855135975739138e+01 -9.443900893017853973e-03 -1.411627402880178024e-02
1.324425215413595680e+01 -9.445118236698425360e-03 -1.417281439617179041e-02
1.327564639989578055e+01 -9.443286515497698735e-03 -1.423745991003115725e-02
1.329134755642089694e+01 -9.442544885340038024e-03 -1.426067248825036403e-02
1.330707120022762346e+01 -9.440677141684736609e-03 -1.426304966312160610e-02
1.332279299662360650e+01 -9.437500027606592068e-03 -1.426142415760141453e-02
1.335427652869861781e+01 -9.426940677183307665e-03 -1.421814041777617887e-02
1.337003409571041956e+01 -9.426330366626099397e-03 -1.417705752134708341e-02
1.338582705173152654e+01 -9.418924134671321363e-03 -1.414511520017164813e-02
1.340162084536973452e+01 -9.417176886215301856e-03 -1.409354376711748416e-02
1.343312435296959606e+01 -9.404372598743722389e-03 -1.399750384211499894e-02
1.344886021768422424e+01 -9.400623724056965738e-03 -1.395802813250811986e-02
1.346458153306294037e+01 -9.394023649418352037e-03 -1.391760557389532665e-02
1.348029592001046595e+01 -9.394399074198520050e-03 -1.388850231694191938e-02
1.351164901380214900e+01 -9.386679571037136183e-03 -1.382580111079213976e-02
1.352727563535122179e+01 -9.383137066680055302e-03 -1.380248699428112888e-02
1.354290577122501915e+01 -9.382928898887117966e-03 -1.377375022382876756e-02
1.357426166405937451e+01 -9.379354481062116694e-03 -1.374356456510093458e-02
1.358998890399140258e+01 -9.377096580515329946e-03 -1.374624468313816704e-02
1.360577111974802378e+01 -9.374299897817389010e-03 -1.374632936580862282e-02
1.362156786144501552e+01 -9.367846050183410364e-03 -1.374717827005686108e-02
1.365311489022553815e+01 -9.340185239532200479e-03 -1.376513079483864324e-02
1.366884630504730502e+01 -9.322458317654221116e-03 -1.377091440087084041e-02
1.368457798518479329e+01 -9.306612062048909978e-03 -1.377606311937509646e-02
1.370028593605255551e+01 -9.291788964808962367e-03 -1.377816343564204626e-02
1.373168162265686121e+01 -9.259890540184830682e-03 -1.376644454440588070e-02
1.374738228236067172e+01 -9.251008132071029261e-03 -1.375728654729147481e-02
1.376308703685260326e+01 -9.243366780504722741e-03 -1.379261657288127253e-02
1.379451129307176949e+01 -9.225804687388037759e-03 -1.377928383445847955e-02
1.381024181168216280e+01 -9.221260233289164249e-03 -1.374718909800830974e-02
1.382595987787756187e+01 -9.206870922707074620e-03 -1.371605676545914303e-02
1.384169460771698112e+01 -9.201589174296781470e-03 -1.366651025624823941e-02
1.387320459562674024e+01 -9.185397142919682692e-03 -1.350967430645860085e-02
1.388899365188950696e+01 -9.174837474080505678e-03 -1.341496093883472532e-02
1.390478600038013113e+01 -9.166820357356860252e-03 -1.330500396398131072e-02
1.392053711242022551e+01 -9.166313228885799788e-03 -1.319027680798065538e-02
1.395198838963265331e+01 -9.150448272185428972e-03 -1.293721086532611218e-02
1.396768517465161530e+01 -9.143212474605167187e-03 -1.282116872814183933e-02
1.398336745260778891e+01 -9.135393382788046385e-03 -1.274091174047557382e-02
1.401474627537569795e+01 -9.125133390913009110e-03 -1.258266098040207448e-02
1.403043857509081427e+01 -9.118720485340696749e-03 -1.251224757069282524e-02
1.404614614436750664e+01 -9.108912193053299300e-03 -1.248756767446986514e-02
1.406187636343210023e+01 -9.104487994162064821e-03 -1.251028986993956739e-02
1.409337680343351806e+01 -9.080828886162836677e-03 -1.257176807598990240e-02
1.410916082930735094e+01 -9.076149461785025518e-03 -1.262998673683622154e-02
1.412496244749864083e+01 -9.066795227547875397e-03 -1.266587544554445034e-02
1.414072536252396439e+01 -9.056348288059011195e-03 -1.271087700573346642e-02
1.417221459848881615e+01 -9.044081313993706725e-03 -1.284411348443002809e-02
1.418794105211558687e+01 -9.034282281099636006e-03 -1.292444550476409479e-02
1.420364393824874760e+01 -9.027897484253174024e-03 -1.301244179341869145e-02
1.423503970115016770e+01 -9.021170088653574295e-03 -1.316564229386166067e-02
1.425074232520713302e+01 -9.020312128284257297e-03 -1.321931594484328232e-02
1.426644548776139487e+01 -9.021743017122814054e-03 -1.326076020147456090e-02
1.428214916143719826e+01 -9.025426539002942561e-03 -1.329949793676645474e-02
1.431359692257294824e+01 -9.024730451100334075e-03 -1.337655265008579064e-02
1.432931808437248478e+01 -9.022076691371125681e-03 -1.341083608556355687e-02
1.434506985145493729e+01 -9.020741346056519033e-03 -1.344355549231968615e-02
1.436082703144654538e+01 -9.021015036357540526e-03 -1.346926084064951380e-02
1.439239274377502653e+01 -9.013272078559989367e-03 -1.350149976778917092e-02
1.440817050487046558e+01 -9.009900748165678222e-03 -1.349999466018765408e-02
1.442392192230414416e+01 -9.007680605366011339e-03 -1.348301944083755803e-02
1.445539228382312658e+01 -9.000827737805068215e-03 -1.343097502920671295e-02
1.447109822725084882e+01 -9.000807536097549591e-03 -1.338735752457865386e-02
1.448679312721086987e+01 -8.997644939138040726e-03 -1.332860442973287513e-02
1.450247263748326176e+01 -8.996245848407266252e-03 -1.327572803228345942e-02
1.453379727179088299e+01 -9.001637557792405847e-03 -1.314449522991365145e-02
1.454946331166153861e+01 -9.003876785562381704e-03 -1.307516425037811778e-02
1.456515390342858396e+01 -9.001497113794394711e-03 -1.299865701841544652e-02
1.458087425107147261e+01 -8.997144693584261527e-03 -1.292251517726127757e-02
1.461243401493698535e+01 -8.979404162415561760e-03 -1.278710287275182898e-02
1.462823576119698998e+01 -8.972918835063360340e-03 -1.273697538492729597e-02
1.464399254208868761e+01 -8.960903133772612009e-03 -1.269877437557200180e-02
1.467546648444460722e+01 -8.934662035732194446e-03 -1.267226200478782823e-02
1.469118500925527648e+01 -8.927843798234354894e-03 -1.268437263648411126e-02
1.470688725847546863e+01 -8.915166068827614157e-03 -1.270428066585371600e-02
1.472257895424555052e+01 -8.907767508204463350e-03 -1.271886611689270613e-02
1.475397806630743602e+01 -8.895127972874249112e-03 -1.274914529693251669e-02
1.476968400495634093e+01 -8.891711250240012798e-03 -1.280600519173599565e-02
1.478539383167418819e+01 -8.891119258618546128e-03 -1.285800248162597206e-02
1.480111973033439199e+01 -8.895255351012995929e-03 -1.286352393035297866e-02
1.483259656482979949e+01 -8.896661154003865368e-03 -1.290174520763151360e-02
1.484835938178286163e+01 -8.900916295526204239e-03 -1.290284994933386248e-02
1.486412296251871368e+01 -8.896255228636488696e-03 -1.288776973461314146e-02
1.489569268141910463e+01 -8.897941914231976071e-03 -1.282595406640985036e-02
1.491144812322798430e+01 -8.897930530422662465e-03 -1.278531989387678668e-02
1.492719571705935344e+01 -8.891766323194775362e-03 -1.273431835381328217e-02
1.494293254643198310e+01 -8.895903813785799308e-03 -1.267357949244952639e-02
1.497435705425613861e+01 -8.895777099269450844e-03 -1.250891705241604680e-02
1.499004945179930637e+01 -8.895685214257395210e-03 -1.242389210026458371e-02
1.500574342210435397e+01 -8.893247015837367833e-03 -1.236902834248671673e-02
1.502143574458228237e+01 -8.890169016687321513e-03 -1.231904144040880597e-02
1.505284285811068479e+01 -8.888029720860819369e-03 -1.213844244192593264e-02
1.506856884505812921e+01 -8.883969773350394381e-03 -1.206505835817453694e-02
1.508429549272292292e+01 -8.882980990503384564e-03 -1.199114522118481171e-02
1.510005175574867842e+01 -8.881723751488270271e-03 -1.191782706740281833e-02
1.513161500537490944e+01 -8.868782006525450720e-03 -1.180341675106098311e-02
1.514738741515179932e+01 -8.862589168403158316e-03 -1.177672595824400155e-02
1.516312306761983386e+01 -8.854903112105827132e-03 -1.178577187035237568e-02
1.519457489270524064e+01 -8.838977985110020932e-03 -1.187276720747222798e-02
1.521028138269379326e+01 -8.833604772533811336e-03 -1.194566080586159131e-02
1.522597731075528316e+01 -8.825680856731568311e-03 -1.202913465780180297e-02
1.524167403584485747e+01 -8.818849221052199247e-03 -1.210983549890455591e-02
1.527307372709775279e+01 -8.806547511064423059e-03 -1.222874576482173119e-02
1.528877936508666657e+01 -8.800816051433468096e-03 -1.227941388234714271e-02
1.530450686299355745e+01 -8.795907048005343135e-03 -1.234516428009407168e-02
1.532024764060721722e+01 -8.792346026954599505e-03 -1.240929500528612124e-02
1.535175527706253895e+01 -8.783676705235670887e-03 -1.256311185571132825e-02
1.536753065940429863e+01 -8.777085768988680467e-03 -1.263764740019880997e-02
1.538332213388097358e+01 -8.772072287937233634e-03 -1.270714604634940771e-02
1.541484265967189593e+01 -8.760302753876193435e-03 -1.281480198599556711e-02
1.543058496972738958e+01 -8.757371547829897671e-03 -1.285187475082593712e-02
1.544631232241834340e+01 -8.753438858467629119e-03 -1.287738258821855344e-02
1.546202653039717489e+01 -8.752210042283704167e-03 -1.289372500708142050e-02
1.549342458284658264e+01 -8.750373869266591526e-03 -1.287938014287581465e-02
1.550912020300913774e+01 -8.746802646416406216e-03 -1.285376275299328873e-02
1.552481291232758132e+01 -8.744256021770990123e-03 -1.281911529577483937e-02
1.554051163899262988e+01 -8.740601881660434516e-03 -1.277639034755726453e-02
1.557195637472643135e+01 -8.732958389773018415e-03 -1.268844398431998380e-02
1.558767947798826370e+01 -8.731604933110939659e-03 -1.263956336522727673e-02
1.560343289951041079e+01 -8.723374054669434663e-03 -1.258549086571582147e-02
1.563499791895737623e+01 -8.717876933790558169e-03 -1.249884924868785614e-02
1.565076443338044143e+01 -8.719181025554488540e-03 -1.244215692035005073e-02
1.566648320053866250e+01 -8.709735103861212732e-03 -1.239263067173796209e-02
1.568220067883115831e+01 -8.705377090123917264e-03 -1.234920830925081807e-02
1.571360494557136711e+01 -8.688821472158781908e-03 -1.225712636074059378e-02
1.572929781246791237e+01 -8.684640562951500067e-03 -1.221192480626000394e-02
1.574499773324552443e+01 -8.679472482938366956e-03 -1.217383151559953657e-02
1.576070625170374662e+01 -8.673527284668941517e-03 -1.212946171732904449e-02
1.579211700672100527e+01 -8.662169077001869236e-03 -1.206065127842233069e-02
1.580785021628873821e+01 -8.657073972388039385e-03 -1.202760936763145640e-02
1.582359197559724606e+01 -8.650202111722717080e-03 -1.202311448836642684e-02
1.585511744005575174e+01 -8.641503212061654726e-03 -1.204345031393715126e-02
1.587090238278857868e+01 -8.641310154206037833e-03 -1.209320512315575913e-02
1.588668249746955929e+01 -8.636990668765644197e-03 -1.218379727598137459e-02
1.590245646012098213e+01 -8.635445639184969116e-03 -1.224355512282587072e-02
1.593392943210552204e+01 -8.630023440405521634e-03 -1.234320669833758460e-02
1.594964741142545606e+01 -8.628887253868773241e-03 -1.238924607842932339e-02
1.596535643755266598e+01 -8.624090308619833736e-03 -1.241091494108875239e-02
1.598105171004607783e+01 -8.625655685425870009e-03 -1.241326225266830077e-02
1.601244849453271968e+01 -8.630557143651738580e-03 -1.237010867500356812e-02
1.602814565490439236e+01 -8.628849885743646031e-03 -1.233847933446351533e-02
1.604384643486809381e+01 -8.628392481221906427e-03 -1.230301165384630607e-02
1.607529491003406719e+01 -8.622838508112658576e-03 -1.228243271309040381e-02
1.609103509668513965e+01 -8.622808864369431101e-03 -1.225840382952032848e-02
1.610679684186143490e+01 -8.617505230821250264e-03 -1.221456332592702962e-02
1.612256948768725806e+01 -8.614513302443877960e-03 -1.217849972327052395e-02
1.615413961535793064e+01 -8.602507550459654109e-03 -1.208642195418377190e-02
1.616988402793540658e+01 -8.600289824278543535e-03 -1.201973471787962620e-02
1.618561737336728967e+01 -8.594377586246154319e-03 -1.195717891404920324e-02
1.620133204487957457e+01 -8.589193654068899911e-03 -1.189082374263159339e-02
1.623272164907753989e+01 -8.579166689880042898e-03 -1.176551292274124506e-02
1.624841419285979782e+01 -8.578244823537410635e-03 -1.171708445046067484e-02
1.626410878829421236e+01 -8.578080020142842335e-03 -1.167057576786443250e-02
1.629551321085252269e+01 -8.571048927046506782e-03 -1.162437321389211964e-02
1.631124322635086799e+01 -8.571779994708646905e-03 -1.161626111199065906e-02
1.632697915947410650e+01 -8.561399618522317484e-03 -1.163598090289677360e-02
1.634273747431902279e+01 -8.556584302664253794e-03 -1.168216960221377283e-02
1.637430564485464402e+01 -8.547796786710267977e-03 -1.176256322672999434e-02
1.639007724562400270e+01 -8.540578002427958934e-03 -1.182374565492498239e-02
1.640584864524803521e+01 -8.533912846995592855e-03 -1.189036997501412111e-02
1.642158502520491226e+01 -8.536001185258665705e-03 -1.194933241014195860e-02
1.645303117723445041e+01 -8.525080214691116431e-03 -1.207042205320995633e-02
1.646873610961140244e+01 -8.523295135098050979e-03 -1.213036722130306742e-02
1.648443169058385749e+01 -8.520419681028443271e-03 -1.218410199708852039e-02
1.650013266780147703e+01 -8.520273431849960388e-03 -1.222118267729384831e-02
1.653153191116930643e+01 -8.524232444511193121e-03 -1.225910346430481197e-02
1.654724477767494051e+01 -8.523514829969691328e-03 -1.228191830339094535e-02
1.656297139193928203e+01 -8.522316247170910741e-03 -1.229054931013641438e-02
1.659443703440359030e+01 -8.512663626603496694e-03 -1.229082846616418381e-02
1.661019323844438134e+01 -8.510693818588441553e-03 -1.227419254414076517e-02
1.662597444577356853e+01 -8.506067384325518427e-03 -1.225508919362331209e-02
1.664175717018384759e+01 -8.497385509706476339e-03 -1.223091499617936541e-02
1.667329134189999351e+01 -8.489569920965294239e-03 -1.217191424538911944e-02
1.668903724604614069e+01 -8.485527185514072507e-03 -1.214002667052786581e-02
1.670475771512071717e+01 -8.479990670341755812e-03 -1.210352957615314952e-02
1.672045976012510948e+01 -8.479414950262715092e-03 -1.206074450921658728e-02
1.675181930259239138e+01 -8.473577661597968616e-03 -1.196666480893817351e-02
1.676749019744572067e+01 -8.470838431576024549e-03 -1.191323045519231127e-02
1.678316479997669930e+01 -8.468214264378340350e-03 -1.185785008380356442e-02
1.681459165155961344e+01 -8.455909926676557706e-03 -1.173913069125286611e-02
1.683032943186215036e+01 -8.447472833671577225e-03 -1.168414816165215184e-02
1.684610092397952030e+01 -8.439205906666361751e-03 -1.163842967665937485e-02
1.686188504410756650e+01 -8.430720382848125652e-03 -1.160014567067646322e-02
1.689345317933684143e+01 -8.414448842300366327e-03 -1.154470975528326671e-02
1.690920923801745701e+01 -8.406676276375250889e-03 -1.154126844983787217e-02
1.692494262835039009e+01 -8.395379802903694608e-03 -1.155229047234481408e-02
1.694066594726059449e+01 -8.390589889399528364e-03 -1.158306125260192589e-02
1.697206643461845488e+01 -8.377821718651506933e-03 -1.173151513312314237e-02
1.698776350826249626e+01 -8.373529803345068634e-03 -1.178902381177649068e-02
1.700346510813533030e+01 -8.369842604128997429e-03 -1.183153469419209909e-02
1.703487526489942994e+01 -8.367790809626888052e-03 -1.189187001716875657e-02
1.705059528549495340e+01 -8.371169335634550887e-03 -1.191378421909217861e-02
1.706632976962960768e+01 -8.367280146598135918e-03 -1.192038987003384183e-02
1.708206082894611200e+01 -8.369315162238268394e-03 -1.191657364043255223e-02
1.711358331352473527e+01 -8.366304448939284807e-03 -1.189944383689538372e-02
1.712937445675218839e+01 -8.366898356254448901e-03 -1.187416921521160934e-02
1.714515364639223804e+01 -8.363721077349669381e-03 -1.184104675157315011e-02
1.716091089498268474e+01 -8.362302645737791640e-03 -1.180865217042735907e-02
1.719238877757974393e+01 -8.357548629789494227e-03 -1.181792143207734992e-02
1.720810608272065068e+01 -8.356093486610613116e-03 -1.180101455366072694e-02
1.722380517069687045e+01 -8.353673982547932600e-03 -1.176821627481992698e-02
1.725519250803181137e+01 -8.349564670267843255e-03 -1.172181265314305859e-02
1.727088668308942587e+01 -8.346185330148322631e-03 -1.168156207255061085e-02
1.728658351115484848e+01 -8.343937127687982638e-03 -1.162853442159188580e-02
1.730229888112140557e+01 -8.343470853535085024e-03 -1.157832078106769622e-02
1.733376090598401831e+01 -8.337615701710420282e-03 -1.147902144984097247e-02
1.734951998393284356e+01 -8.336072485747763119e-03 -1.144109503486822124e-02
1.736529243456384464e+01 -8.324922792281932993e-03 -1.142013605906542009e-02
1.738108703485216111e+01 -8.321804015256128312e-03 -1.141636393113777855e-02
1.741260092451610575e+01 -8.307945312845042146e-03 -1.144640915019441707e-02
1.742833526561407353e+01 -8.297610114484396324e-03 -1.148887817742009695e-02
1.744405692466136060e+01 -8.293791223100423562e-03 -1.153987489931274438e-02
1.747546135973261627e+01 -8.283646329580408516e-03 -1.164316142761705891e-02
1.749115820390074916e+01 -8.279657283827198885e-03 -1.168261719027316632e-02
1.750685800573087647e+01 -8.275412989153017526e-03 -1.170871154080367453e-02
1.752255725240007678e+01 -8.271742355952130948e-03 -1.172265386804126341e-02
1.755398717618988869e+01 -8.266470211106624957e-03 -1.176677388989960833e-02
1.756972548205445150e+01 -8.264637204919971641e-03 -1.179237053934774349e-02
1.758546550548143372e+01 -8.264148930535487880e-03 -1.182821268914890228e-02
1.760122958803532356e+01 -8.260583874072699798e-03 -1.186490288384865754e-02
1.763279321193988380e+01 -8.250194341970457784e-03 -1.194362946148859808e-02
1.764857335085181944e+01 -8.247866606143296545e-03 -1.197107333291102388e-02
1.766431425833479096e+01 -8.241169849160314559e-03 -1.198930618144853841e-02
1.768005708211125437e+01 -8.238118728123270881e-03 -1.200293681044844497e-02
1.771150135483835797e+01 -8.236211284330429219e-03 -1.200140887418754514e-02
1.772720213372945963e+01 -8.236586754347114889e-03 -1.198503072895061757e-02
1.774290281041118433e+01 -8.234581339442359135e-03 -1.195396998618340235e-02
1.777429324186869763e+01 -8.230411998420247496e-03 -1.187918839564648318e-02
1.778998794198685118e+01 -8.228937496473014146e-03 -1.182312388041262263e-02
1.780570214664751560e+01 -8.226775487511729310e-03 -1.177503359771095437e-02
1.782143255429061668e+01 -8.227238382030665348e-03 -1.172250078352225604e-02
1.785293019975699735e+01 -8.224243451588966747e-03 -1.161209477311512736e-02
1.786870226411518559e+01 -8.222973020040472494e-03 -1.156281492358853316e-02
1.788448201998032161e+01 -8.217524340927725643e-03 -1.151441336038723853e-02
1.790025390339220834e+01 -8.215983262444994176e-03 -1.145341536866445985e-02
1.793171852079492012e+01 -8.201056495362138432e-03 -1.135058931633585975e-02
1.794743650407690438e+01 -8.194711159934977077e-03 -1.130252531401252508e-02
1.796314641919107302e+01 -8.187491732386956503e-03 -1.124877156458196914e-02
1.799454306742795140e+01 -8.182675396548242525e-03 -1.115631718522715372e-02
1.801024613573579813e+01 -8.178580105315219617e-03 -1.110830210262110998e-02
1.802594425421379754e+01 -8.174597227227083096e-03 -1.107089223727141664e-02
1.804165066433488107e+01 -8.172211478627009959e-03 -1.103462412155891206e-02
1.807312008635583211e+01 -8.165188919360235817e-03 -1.101611996219782098e-02
1.808886802568553165e+01 -8.165542395418133592e-03 -1.106133792394208525e-02
1.810463879048920788e+01 -8.158147170710670568e-03 -1.110455931636318561e-02
1.812041678553470803e+01 -8.158430547219494913e-03 -1.113682706126977937e-02
1.815197930233371437e+01 -8.153916712198129232e-03 -1.123874413808627695e-02
1.816771954310414827e+01 -8.147651841179057511e-03 -1.128119098167009934e-02
1.818345659669844849e+01 -8.147431408720333737e-03 -1.131677076646897713e-02
1.821488670802211018e+01 -8.141054738603324334e-03 -1.136388243096817484e-02
1.823058127981600052e+01 -8.142635051424981091e-03 -1.137595604879251474e-02
1.824627871494501363e+01 -8.144846136938600073e-03 -1.137894763048094907e-02
1.826197675838839629e+01 -8.144961307932081784e-03 -1.137163943978976299e-02
1.829337283530242786e+01 -8.141388485189828689e-03 -1.139685952461136353e-02
1.830909768442028707e+01 -8.141663902725601240e-03 -1.141783626041985127e-02
1.832482388506348414e+01 -8.134723082740425576e-03 -1.142191857334472378e-02
1.834056394625282849e+01 -8.133889579515930085e-03 -1.142819970942486781e-02
1.837209904859405896e+01 -8.123924894112535128e-03 -1.143874450191329807e-02
1.838788671927365570e+01 -8.116875480284939381e-03 -1.143739411841768541e-02
1.840367103093729284e+01 -8.111535821337686678e-03 -1.143791222692913841e-02
1.843514880905276598e+01 -8.101602097329367938e-03 -1.144271628014143123e-02
1.845086594829180981e+01 -8.096419424554263805e-03 -1.145746885554018227e-02
1.846657082266709793e+01 -8.089645193111321547e-03 -1.147514922136340376e-02
1.848226043181067979e+01 -8.085869499078293318e-03 -1.149335705524335768e-02
1.851364965950100228e+01 -8.084719813698052274e-03 -1.151223404686369661e-02
1.852934668153248410e+01 -8.081952217361597357e-03 -1.150696842903918722e-02
1.854505229059213889e+01 -8.077084623488382450e-03 -1.150866574569159133e-02
1.856078066238316282e+01 -8.077689197121108375e-03 -1.152304094129907516e-02
1.859227150669369522e+01 -8.063164661929867957e-03 -1.154525106058827168e-02
1.860804447922640037e+01 -8.060022982445697731e-03 -1.155905431500583308e-02
1.862383688355232181e+01 -8.054183668395584889e-03 -1.158004910625132396e-02
1.865538271333797837e+01 -8.041157256178875154e-03 -1.162489111906855194e-02
1.867111916763931134e+01 -8.042988294179950412e-03 -1.164445955448043142e-02
1.868685158847545935e+01 -8.036284324696689116e-03 -1.166541705124514265e-02
1.870256409842457046e+01 -8.032837220137031137e-03 -1.168697121789333618e-02
1.873396417638880251e+01 -8.027695750391661625e-03 -1.170872668167406011e-02
1.874966500357122001e+01 -8.028192287208248470e-03 -1.170171962498563201e-02
1.876536545483617147e+01 -8.030556187041964708e-03 -1.168113838079561963e-02
1.878106582100339494e+01 -8.031862739327592926e-03 -1.165689730194736234e-02
1.881250626730409437e+01 -8.030648273479455701e-03 -1.158928360159630112e-02
1.882822809238966499e+01 -8.024123938361878844e-03 -1.154578709201374044e-02
1.884397753853892965e+01 -8.021864952209745159e-03 -1.149999457459685223e-02
1.887552784577315279e+01 -8.017104085985595971e-03 -1.140426087735002536e-02
1.889130568352956985e+01 -8.011455124912069195e-03 -1.136109826493158538e-02
1.890707955088885228e+01 -8.007443157247003118e-03 -1.131262588637368081e-02
1.892281420131441649e+01 -8.007216805684736968e-03 -1.127199203092462895e-02
1.895424032133801262e+01 -7.996550828299061123e-03 -1.118990878785945491e-02
1.896993424784159288e+01 -7.994477959843782414e-03 -1.114405178840308965e-02
1.898562450096743959e+01 -7.990098702252106458e-03 -1.109976501644449783e-02
1.900132154706959753e+01 -7.986792670758358081e-03 -1.105962465671408816e-02
1.903272285282949028e+01 -7.985852448318815980e-03 -1.096536810662300694e-02
1.904843871032461777e+01 -7.985171770410824654e-03 -1.091264323916524281e-02
1.906417709603542221e+01 -7.980105261152177498e-03 -1.086290658134207027e-02
1.909567181124550572e+01 -7.971873977788522872e-03 -1.078949289237669806e-02
1.911144642561724538e+01 -7.968138231700144791e-03 -1.077245540585622559e-02
1.912724313613700744e+01 -7.965214787201281565e-03 -1.077130701443868542e-02
1.914301103084941502e+01 -7.957783871614497115e-03 -1.078573097735683467e-02
1.917450438909665422e+01 -7.947625576743123574e-03 -1.088423503770465615e-02
1.919023316986617544e+01 -7.946020329284037356e-03 -1.094516862785275581e-02
1.920594204682128847e+01 -7.940081463712429441e-03 -1.101233988205053277e-02
1.922163967969052578e+01 -7.939668975538240886e-03 -1.107613738321380943e-02
1.925303581801487951e+01 -7.935593471096536247e-03 -1.116977959256829252e-02
1.926873567799029630e+01 -7.934493151155698129e-03 -1.119343955576173472e-02
1.928443746537269732e+01 -7.935728232232068177e-03 -1.120726820598378151e-02
1.930015366770824770e+01 -7.939048577733432907e-03 -1.123758076439997609e-02
1.933161079576384722e+01 -7.934130665943200933e-03 -1.130142261203266781e-02
1.934736802018202084e+01 -7.933805464978583785e-03 -1.134804207779203412e-02
1.936313146107140426e+01 -7.928026710893987250e-03 -1.139265452767418939e-02
1.939470067299195932e+01 -7.921774683708951784e-03 -1.147062883995310020e-02
1.941046071310547205e+01 -7.918539883519516709e-03 -1.150365593750148074e-02
1.942620278351285990e+01 -7.910380555719744369e-03 -1.153167625595678467e-02
1.944193323560750031e+01 -7.910886322955498068e-03 -1.155289317171248435e-02
1.947334626511302247e+01 -7.903510950511609401e-03 -1.157289552560082993e-02
1.948903826525842931e+01 -7.901028737839252414e-03 -1.157021904550369247e-02
1.950473542171934227e+01 -7.897418746622747801e-03 -1.155728596215979675e-02
1.952043192204864042e+01 -7.893761730734987284e-03 -1.153068443951610345e-02
1.955184754532866975e+01 -7.891087695123135889e-03 -1.146706923687292566e-02
1.956758219313135427e+01 -7.885763502193715926e-03 -1.144007958195960260e-02
1.958331639196313390e+01 -7.885129333861269629e-03 -1.141610277691024189e-02
1.961485150082756235e+01 -7.873895100073198539e-03 -1.138207273090630772e-02
1.963064455481321602e+01 -7.870964000952888201e-03 -1.136616108313722416e-02
1.964641735186984661e+01 -7.864537234915447775e-03 -1.135945268181092274e-02
1.966215909193365263e+01 -7.859540300159922888e-03 -1.135964596776254699e-02
1.969361872362206256e+01 -7.848719543733622891e-03 -1.136676691955857202e-02
1.970932708483706008e+01 -7.846786994320599506e-03 -1.136810120083987970e-02
1.972502459071604264e+01 -7.842092152388395465e-03 -1.136499140049491811e-02
1.974072073904600799e+01 -7.840577218381860822e-03 -1.135334150222115993e-02
1.977212058802411221e+01 -7.836190717379055287e-03 -1.130203513966394555e-02
1.978782575965713164e+01 -7.835389290636212908e-03 -1.126879192152839548e-02
1.980355024430523159e+01 -7.835189964090116116e-03 -1.124619673602969550e-02
1.983502422812883381e+01 -7.835437611131149810e-03 -1.120315530600154985e-02
1.985078609004657224e+01 -7.834618072380774775e-03 -1.118499863892327348e-02
1.986655399697821167e+01 -7.828596654723051981e-03 -1.116462537602256472e-02
1.988234750951144392e+01 -7.826035847833007209e-03 -1.114448911127493592e-02
1.991387512509008317e+01 -7.819700823994867739e-03 -1.110238428027041785e-02
1.992961688606172288e+01 -7.816825997327440587e-03 -1.108184837511593315e-02
1.994534423472135032e+01 -7.815728334063510446e-03 -1.105770820640928492e-02
1.996105501838851737e+01 -7.816841359606148398e-03 -1.102939741317531495e-02
1.999244382196554426e+01 -7.815666319680295016e-03 -1.096036229067292971e-02
2.000813670990974202e+01 -7.814493585656306918e-03 -1.092708304763043495e-02
2.002382935366261307e+01 -7.813154827164683208e-03 -1.089023843562456247e-02
2.005524692116993535e+01 -7.809518735520025630e-03 -1.080598447660944227e-02
2.007098158543070454e+01 -7.808377807070991661e-03 -1.076620370899069104e-02
2.008671721690466683e+01 -7.808562327075073417e-03 -1.073619919536719300e-02
2.010248170970163883e+01 -7.802012515376631659e-03 -1.071396230586415740e-02
2.013404752063077296e+01 -7.793887631896513624e-03 -1.068313986775679646e-02
2.014982782142580220e+01 -7.791764160464187579e-03 -1.067080144298713888e-02
2.016556411722901743e+01 -7.782031454330386698e-03 -1.067029866556650983e-02
2.018129912458035946e+01 -7.779097815007371929e-03 -1.068162238414180690e-02
2.021272374248735915e+01 -7.770510291286086835e-03 -1.072716802148095810e-02
2.022841683974552751e+01 -7.770537515126727836e-03 -1.075758640271238034e-02
2.024411668033554434e+01 -7.769082917949711974e-03 -1.079078183850063453e-02
2.027551488113329725e+01 -7.764550268388584198e-03 -1.084063986770066046e-02
2.029122032067403936e+01 -7.763192489451060767e-03 -1.086752905573232751e-02
2.030694815451208868e+01 -7.761555143523472464e-03 -1.091271175353360733e-02
2.032268398521238950e+01 -7.759125367318793834e-03 -1.095914318156063043e-02
2.035419508364793373e+01 -7.751310349544680497e-03 -1.105878949108759016e-02
2.036996807247680863e+01 -7.750450535490564959e-03 -1.111485902858575653e-02
2.038575573284484577e+01 -7.745953076856201824e-03 -1.117553632591933820e-02
2.040153832377171028e+01 -7.744639189620448026e-03 -1.123438864123731985e-02
2.043301809331753560e+01 -7.736519663095042278e-03 -1.134169383916164807e-02
2.044873982835103376e+01 -7.733907322667396209e-03 -1.139337056973572550e-02
2.046445092704131952e+01 -7.729492891909859470e-03 -1.143743240734846137e-02
2.048014486326080785e+01 -7.730732608398148409e-03 -1.147191900614546664e-02
2.051153877345031518e+01 -7.730519856135232085e-03 -1.148864477991280025e-02
2.052723351619742687e+01 -7.727562757997999757e-03 -1.147256364626221721e-02
2.054293397996212889e+01 -7.725764596322691295e-03 -1.146509378905408334e-02
2.057438915870520546e+01 -7.718459565724845872e-03 -1.142610655547111713e-02
2.059013112537380508e+01 -7.717107770945141020e-03 -1.140138059318407913e-02
2.060589946379896276e+01 -7.710074383724055923e-03 -1.137713751338624048e-02
2.062167695780332366e+01 -7.706861076207622424e-03 -1.134432366618976125e-02
2.065324169843452751e+01 -7.695679974258370568e-03 -1.127481974048925514e-02
2.066897811711265831e+01 -7.690706330168523008e-03 -1.124195290031046630e-02
2.068470567469630339e+01 -7.686510417760027657e-03 -1.121543671404805730e-02
2.070041454185544794e+01 -7.681748626851586659e-03 -1.118592702012901653e-02
2.073180819579794232e+01 -7.672635309577694775e-03 -1.112234554536948097e-02
2.074750647847094953e+01 -7.672930627628611090e-03 -1.108764112644514480e-02
2.076320689473256564e+01 -7.673294318703211166e-03 -1.105106892367193651e-02
2.079461936186740800e+01 -7.668373652037978327e-03 -1.096671716402268515e-02
2.081035121962439405e+01 -7.670121401306542915e-03 -1.093207767181733625e-02
2.082608563611316654e+01 -7.662407689108947408e-03 -1.089646364494685146e-02
2.084184023300003119e+01 -7.660859343549131749e-03 -1.086549418626481765e-02
2.087340113661579721e+01 -7.655413959167454464e-03 -1.080781363100699957e-02
2.088917497692533232e+01 -7.650676334209349783e-03 -1.079229331990639446e-02
2.090494698445854382e+01 -7.646471222137724184e-03 -1.077416833981684023e-02
2.092068363600790804e+01 -7.648809089034320184e-03 -1.076889912443692275e-02
2.095212816873749873e+01 -7.641631807032742141e-03 -1.076567035564644260e-02
2.096783277987692529e+01 -7.639374191535563442e-03 -1.076037412897992360e-02
2.098352641385714534e+01 -7.637868116021020830e-03 -1.074814860383629077e-02
2.101492588447998600e+01 -7.642546826071561911e-03 -1.072571056640767712e-02
2.103062482523692012e+01 -7.643714589733239043e-03 -1.070361949449430590e-02
2.104633649122439820e+01 -7.642565557374468230e-03 -1.068190662997753337e-02
2.106206369526423217e+01 -7.644859707411607967e-03 -1.066450964299423855e-02
2.109353943868123693e+01 -7.636802378571292196e-03 -1.064146783284357009e-02
2.110930618262973368e+01 -7.636330636172660759e-03 -1.063605859083691443e-02
2.112509462324260312e+01 -7.632299641769061879e-03 -1.063315044035774426e-02
2.114086838949629765e+01 -7.626857761538118063e-03 -1.063993304889083308e-02
2.117237571492419690e+01 -7.622050572424869663e-03 -1.064558267166645922e-02
2.118810628315393174e+01 -7.615840927857718198e-03 -1.065485548195965748e-02
2.120381370157194567e+01 -7.610692434990767863e-03 -1.066205268837959810e-02
2.123520455722590228e+01 -7.605363089888743551e-03 -1.066512002801987997e-02
2.125090335773289851e+01 -7.603426770305535438e-03 -1.066303403917337293e-02
2.126660362306438756e+01 -7.603189093917172431e-03 -1.065725973177310965e-02
2.128230327159788260e+01 -7.604551201390434903e-03 -1.064702743839103516e-02
2.131375352173570548e+01 -7.600781455389869941e-03 -1.065387264098422056e-02
2.132948390677778505e+01 -7.596614967100693595e-03 -1.067404679384161871e-02
2.134524536138830086e+01 -7.593216304543615874e-03 -1.070282596221136355e-02
2.136101657074244287e+01 -7.590472577106500626e-03 -1.073282820280391410e-02
2.139258197500189596e+01 -7.580826450438515191e-03 -1.083131592194842320e-02
2.140834509291103771e+01 -7.576248230497941751e-03 -1.088765609585867766e-02
2.142408333341393956e+01 -7.572558252682872089e-03 -1.095123498008219315e-02
2.145552701657101125e+01 -7.564561046670819147e-03 -1.107324125466234779e-02
2.147122626838033099e+01 -7.564149449106421369e-03 -1.112802810840414318e-02
2.148692003817993168e+01 -7.561707790864242995e-03 -1.117030859061685089e-02
2.150261961150598466e+01 -7.560081984506025927e-03 -1.119298772684673010e-02
2.153401821647086578e+01 -7.559633291869305265e-03 -1.119829688664867977e-02
2.154973251513058585e+01 -7.562014520622048659e-03 -1.120939633853125852e-02
2.156546540165508219e+01 -7.556783542682652365e-03 -1.120869267123640947e-02
2.158119135215166295e+01 -7.555947001252109017e-03 -1.120598244072111213e-02
2.161271430463426313e+01 -7.548917815861417094e-03 -1.119966370755752852e-02
2.162850604656384590e+01 -7.547348052319063742e-03 -1.118684189009429980e-02
2.164428252892866311e+01 -7.541482696531463109e-03 -1.117096777332644321e-02
2.166004343850213587e+01 -7.537814861383895955e-03 -1.115420941366319051e-02
2.169151443499636756e+01 -7.529761447021980462e-03 -1.110932344489356030e-02
2.170722788304117756e+01 -7.524525464780670338e-03 -1.108118773828821978e-02
2.172292301331513897e+01 -7.522208414915539272e-03 -1.104538601208061681e-02
2.175431170827156890e+01 -7.516999134892569240e-03 -1.096329964062253519e-02
2.177000885293661980e+01 -7.514424380154955709e-03 -1.091697073118411826e-02
2.178570851537782715e+01 -7.512756743683729824e-03 -1.086066502188749727e-02
2.180142561957510239e+01 -7.513782057309527015e-03 -1.081066527887645894e-02
2.183289660600756221e+01 -7.508261844260049472e-03 -1.071379768517241766e-02
2.184866013121921213e+01 -7.508088547000986608e-03 -1.067358388456178184e-02
2.186443257147258024e+01 -7.499289520306610425e-03 -1.063854224438965518e-02
2.188022778577769145e+01 -7.496830305832009357e-03 -1.060722502534695855e-02
2.191174608025196946e+01 -7.488338300005283402e-03 -1.055576076145817166e-02
2.192748282755838218e+01 -7.480539487220602864e-03 -1.054165026161237896e-02
2.194320573733005020e+01 -7.480588252056712996e-03 -1.053282518915923428e-02
2.197461030584669217e+01 -7.476342257527608150e-03 -1.051171854343951363e-02
2.199030502170304047e+01 -7.475972146189471985e-03 -1.050131122268617608e-02
2.200600436630876899e+01 -7.474030976578728037e-03 -1.049243165111292397e-02
2.202170354010479514e+01 -7.473198502512390547e-03 -1.048102187795142866e-02
2.205313003810704942e+01 -7.473910515799814594e-03 -1.046181535316078291e-02
2.206886525764335971e+01 -7.473036294061969828e-03 -1.045857116165758126e-02
2.208460223898472208e+01 -7.474252288452436221e-03 -1.046400444483854518e-02
2.210036364943569609e+01 -7.474577759138211104e-03 -1.047232671549529551e-02
2.213192488948236303e+01 -7.466155765154905075e-03 -1.050450489584539744e-02
2.214770614714550234e+01 -7.464128527848378283e-03 -1.052904079958038620e-02
2.216345001672542026e+01 -7.459937063229250646e-03 -1.055147184305433791e-02
2.219491533415320816e+01 -7.455399089328796670e-03 -1.061115081865982197e-02
2.221062621690787253e+01 -7.456376789319895705e-03 -1.063850418210401765e-02
2.222632302771086188e+01 -7.455724795184542723e-03 -1.065863383846991745e-02
2.224201721477031057e+01 -7.454211708560854605e-03 -1.067260640063179625e-02
2.227340707400352215e+01 -7.451509879497358879e-03 -1.067229646008899246e-02
2.228910719753791625e+01 -7.450147815901032346e-03 -1.066021100732317088e-02
2.230482914206992717e+01 -7.448799767420811666e-03 -1.065966108134925455e-02
2.232056512926050829e+01 -7.448161618471544829e-03 -1.065815077775908969e-02
2.235206420440453812e+01 -7.443222041462452601e-03 -1.066152138747265658e-02
2.236783764609953806e+01 -7.438642898525606000e-03 -1.066653472488563598e-02
2.238362923895158829e+01 -7.434242718924725067e-03 -1.067416810202574153e-02
2.241515111196130761e+01 -7.423593494951216329e-03 -1.071283531756597046e-02
2.243088804079419063e+01 -7.421085304287922992e-03 -1.074401090131367302e-02
2.244660872989795308e+01 -7.417475601842470588e-03 -1.077852540004360822e-02
2.246231827786395030e+01 -7.415150454680208975e-03 -1.081483580861647593e-02
2.249371161797557761e+01 -7.414415485895549211e-03 -1.087080502878744019e-02
2.250940989311660090e+01 -7.412001816501275972e-03 -1.087955380350491379e-02
2.252510609179651269e+01 -7.410372082232962766e-03 -1.087820368183849661e-02
2.254080990765007897e+01 -7.408863198281486623e-03 -1.087839221456757786e-02
2.257226993402275284e+01 -7.405133571441586265e-03 -1.088766273522030932e-02
2.258801079958842806e+01 -7.405393979089210446e-03 -1.089320224358885682e-02
2.260377700040973181e+01 -7.397507428403672994e-03 -1.089916752281329740e-02
2.263533787140459097e+01 -7.390794196997247517e-03 -1.090290280855484885e-02
2.265111893941251253e+01 -7.389128867901279506e-03 -1.090676373890497701e-02
2.266685842092853420e+01 -7.380812696980278663e-03 -1.090762139621365319e-02
2.268259365957931095e+01 -7.379883108512077204e-03 -1.091008297516509254e-02
2.271402187484234858e+01 -7.372464069138532153e-03 -1.090209948460471069e-02
2.272971566954273115e+01 -7.373620198012251561e-03 -1.088785125127963126e-02
2.274541345073118848e+01 -7.374211977726347240e-03 -1.086314985099485000e-02
2.276111490731078391e+01 -7.372946694073124509e-03 -1.083277440741964998e-02
2.279251419425782998e+01 -7.369534476493837076e-03 -1.075364255608448477e-02
2.280824128454615618e+01 -7.369149636178111244e-03 -1.071640133753428564e-02
2.282397407016535595e+01 -7.364751791834757595e-03 -1.067482512815094015e-02
2.285548854236395400e+01 -7.358223440841788095e-03 -1.059777295523659825e-02
2.287126686157673205e+01 -7.356461579011132346e-03 -1.056267219863028101e-02
2.288704971882020089e+01 -7.351015677092583196e-03 -1.053124512590066474e-02
2.290282527203320129e+01 -7.347871747767096250e-03 -1.049685513988127435e-02
2.293428805239127044e+01 -7.341264382210184632e-03 -1.044907174882018369e-02
2.294999918081698098e+01 -7.338490918669413575e-03 -1.042754092416093778e-02
2.296570301643653167e+01 -7.333405391910681297e-03 -1.040222515257732683e-02
2.298139581043969670e+01 -7.332854223792722830e-03 -1.037496025179543424e-02
2.301279641617176708e+01 -7.336278472769969770e-03 -1.032501887718869152e-02
2.302849832378201356e+01 -7.334997023074061109e-03 -1.029997744483628422e-02
2.304420558100297711e+01 -7.333858261231674704e-03 -1.026744630686043762e-02
2.307566945498394517e+01 -7.330332550494727227e-03 -1.023224647115601044e-02
2.309142156871213913e+01 -7.330006727599831969e-03 -1.022711358798220928e-02
2.310719252452963346e+01 -7.327586772989640694e-03 -1.022974986690781268e-02
2.312297854788027607e+01 -7.325402565046441883e-03 -1.023632025621271958e-02
2.315452827167478489e+01 -7.317635288752456259e-03 -1.027836431073095129e-02
2.317026591392875190e+01 -7.319306953426842066e-03 -1.030736942643356753e-02
2.318599727079115880e+01 -7.315312014755410465e-03 -1.034417477965265258e-02
2.320171134952658676e+01 -7.313411481963779347e-03 -1.038073368060826729e-02
2.323311061264102761e+01 -7.309622855639023170e-03 -1.044639496413300901e-02
2.324880985324952576e+01 -7.311508843953251451e-03 -1.047050181614360073e-02
2.326450855027680475e+01 -7.314451638752971115e-03 -1.048151284728329226e-02
2.328020703688594750e+01 -7.315089013258340052e-03 -1.048587687084969085e-02
2.331164455192673657e+01 -7.316300769471816533e-03 -1.051611797467717074e-02
2.332737150005848648e+01 -7.309649204724614525e-03 -1.053129042304380703e-02
2.334312198177674347e+01 -7.307845271905775118e-03 -1.055120551185386238e-02
2.337467719037066871e+01 -7.302723748563430539e-03 -1.058753202952213493e-02
2.339045209991047614e+01 -7.297490773884946803e-03 -1.060489200721607267e-02
2.340622637169601106e+01 -7.292111437701671341e-03 -1.062678600939601786e-02
2.342196372351044431e+01 -7.293105152766490677e-03 -1.064617692728878941e-02
2.345340733719113047e+01 -7.282254638500958860e-03 -1.069316953721451136e-02
2.346910945464051323e+01 -7.280409227727313408e-03 -1.071376696157804245e-02
2.348480164675079251e+01 -7.277191341133873448e-03 -1.072871953978442663e-02
2.350050063947227841e+01 -7.275933759820860797e-03 -1.073521369940614451e-02
2.353189938903488709e+01 -7.277501707015349500e-03 -1.071063522521746407e-02
2.354761304973939318e+01 -7.276503548672302174e-03 -1.070776813892312766e-02
2.356334539283421492e+01 -7.274647744157664714e-03 -1.070525865559643526e-02
2.359483264477565712e+01 -7.266780531848831062e-03 -1.070145165699929769e-02
2.361060277545595909e+01 -7.264767980157187284e-03 -1.070138308600175614e-02
2.362639644556424301e+01 -7.261462671123705866e-03 -1.070109581180279067e-02
2.364216737702255955e+01 -7.254989038576189868e-03 -1.070468696546723192e-02
2.367366825256350538e+01 -7.247588840890477162e-03 -1.071503813387634542e-02
2.368939799785898614e+01 -7.244189074816010862e-03 -1.072312285824429841e-02
2.370510550070444467e+01 -7.238825621162923996e-03 -1.072780239084098960e-02
2.372080378725676653e+01 -7.238381296013636675e-03 -1.072504026106900141e-02
2.375219681172641017e+01 -7.234218240372599154e-03 -1.069500988030578324e-02
2.376789718126243400e+01 -7.233671146842772862e-03 -1.066949591903066687e-02
2.378359856216089696e+01 -7.235176142338642022e-03 -1.063779808576735889e-02
2.381505045425855016e+01 -7.233084613296367552e-03 -1.057998181527251488e-02
2.383077863824375342e+01 -7.232323481782606568e-03 -1.055002545794513080e-02
2.384654020299348787e+01 -7.231047777374270853e-03 -1.052157031770943607e-02
2.386230896658528167e+01 -7.227570894643222353e-03 -1.049380658608469429e-02
2.389387555055729351e+01 -7.221649141845406204e-03 -1.044641007194264948e-02
2.390963390359601348e+01 -7.219179179956865429e-03 -1.041915755753892309e-02
2.392537149878887348e+01 -7.213317270342963633e-03 -1.040027793291074636e-02
2.394109746079081447e+01 -7.213999399205488564e-03 -1.038365064540578385e-02
2.397250053911744061e+01 -7.209186052214541091e-03 -1.033574389973743179e-02
2.398819265675605195e+01 -7.207819669598970747e-03 -1.030852292722213986e-02
2.400389075716504550e+01 -7.206185838158104921e-03 -1.028287432544290961e-02
2.403529012566572121e+01 -7.205730598481390782e-03 -1.021564382962316525e-02
2.405100871368971838e+01 -7.208488279296182411e-03 -1.018187707078508850e-02
2.406674535580540564e+01 -7.204713633216886653e-03 -1.014991371318318437e-02
2.408247938844217018e+01 -7.205318203518783042e-03 -1.012621837254046656e-02
2.411401453661130745e+01 -7.199625332745355002e-03 -1.009827319487481556e-02
2.412980946491510537e+01 -7.198666169398929178e-03 -1.009211542054414684e-02
2.414558278605728958e+01 -7.194713313298446364e-03 -1.009530396739490715e-02
2.416133081939909388e+01 -7.192719747344440868e-03 -1.010295944838489335e-02
2.419279350732937672e+01 -7.186918830852713491e-03 -1.014570752441480705e-02
2.420850389205993025e+01 -7.185849909831408359e-03 -1.017043966265287515e-02
2.422420035950110773e+01 -7.183644365056365659e-03 -1.019545419344908450e-02
2.425559273541399463e+01 -7.182167757645648194e-03 -1.023562712581635621e-02
2.427129125017597744e+01 -7.181311915535951856e-03 -1.024611320694914472e-02
2.428699378220622052e+01 -7.181239915073425739e-03 -1.025125983587377339e-02
2.430271460523035998e+01 -7.182410391912127066e-03 -1.027355448482615043e-02
2.433418420020320738e+01 -7.181729649165482197e-03 -1.032433503713186401e-02
2.434994434707839162e+01 -7.182480344636984516e-03 -1.035526369407591650e-02
2.436571208455925586e+01 -7.175391998942928090e-03 -1.038650356503462678e-02
2.438150550111366854e+01 -7.173202702958623653e-03 -1.042276807194322287e-02
2.441303209700852861e+01 -7.166353471968383952e-03 -1.049730977412664280e-02
2.442877146248746456e+01 -7.161419865081208522e-03 -1.053314588160820034e-02
2.444449673383392962e+01 -7.160530241392702722e-03 -1.057060714974010149e-02
2.446020712846613776e+01 -7.160782629136375026e-03 -1.060387851808799672e-02
2.449159773955030062e+01 -7.157147617465723505e-03 -1.064912682265592263e-02
2.450729393852779481e+01 -7.155351260744229058e-03 -1.065241329231121463e-02
2.452299030764593368e+01 -7.153453899583310342e-03 -1.064268652153397242e-02
2.455441422593839462e+01 -7.150476531825555176e-03 -1.063117521036363415e-02
2.457015095202426380e+01 -7.149534193413476131e-03 -1.062457347121342766e-02
2.458588759733228812e+01 -7.149520644314816264e-03 -1.061921507659912417e-02
2.460165066752743357e+01 -7.145234604170280085e-03 -1.061463831235105564e-02
2.463321624331688398e+01 -7.135418919254030677e-03 -1.060163929904950689e-02
2.464899828612222166e+01 -7.132750043739677880e-03 -1.059985035088743983e-02
2.466473620131028710e+01 -7.125631452939660930e-03 -1.059755502830536829e-02
2.468047129683323249e+01 -7.123008398038819036e-03 -1.060026332407112276e-02
2.471189594135080370e+01 -7.118858710642710953e-03 -1.059867637027951323e-02
2.472758857926235621e+01 -7.119048479189465234e-03 -1.058912218793716352e-02
2.474328752698855993e+01 -7.117607147695529171e-03 -1.057205044276024290e-02
2.477468226166157450e+01 -7.114790300767630596e-03 -1.051594365625160843e-02
2.479038651977423768e+01 -7.113873134712758901e-03 -1.047804238130116070e-02
2.480611316032321056e+01 -7.112698583224229959e-03 -1.045115858098400255e-02
2.482185077676514240e+01 -7.111916200135134404e-03 -1.042090508496489563e-02
2.485335974998966435e+01 -7.106237665775162055e-03 -1.036363851901839217e-02
2.486913528507291105e+01 -7.104969112786207498e-03 -1.033586311492771213e-02
2.488492322777282340e+01 -7.101256194004000599e-03 -1.031549245701387715e-02
2.490070276943133010e+01 -7.100802738477973025e-03 -1.029327160559035531e-02
2.493217527016324198e+01 -7.094006407759457199e-03 -1.026218564443620411e-02
2.494789248967701667e+01 -7.092099036566819163e-03 -1.024874223230193108e-02
2.496360042262015000e+01 -7.089261236249982598e-03 -1.023186342992611457e-02
2.499499077491601895e+01 -7.092944524036221866e-03 -1.018859527497921989e-02
2.501069160536966862e+01 -7.092530368165381530e-03 -1.016556767588605234e-02
2.502638655028295389e+01 -7.091799997996115629e-03 -1.013838370504348968e-02
2.504208964650768721e+01 -7.091757191252522248e-03 -1.010322371261956377e-02
2.507355073984543026e+01 -7.089320612352017700e-03 -1.004862016731435277e-02
2.508929463965048257e+01 -7.090414424067247208e-03 -1.002803589405730327e-02
2.510506457785216128e+01 -7.084715535669674526e-03 -1.001340941952833484e-02
2.512084194529716896e+01 -7.084403034893833884e-03 -1.000007376055320370e-02
2.515240294570281065e+01 -7.078455695777215347e-03 -9.993136999009059190e-03
2.516813965474339909e+01 -7.073631689039422236e-03 -9.999040274305412423e-03
2.518387075648847073e+01 -7.072941313152987172e-03 -1.001102221469877054e-02
2.521529184653640243e+01 -7.066515884172787712e-03 -1.003774629169735914e-02
2.523098489633059671e+01 -7.066985612995998166e-03 -1.005059924085284842e-02
2.524668343402715820e+01 -7.069252332081279837e-03 -1.006183418973167001e-02
2.526238424280918338e+01 -7.070841095433168765e-03 -1.006578025474435395e-02
2.529379009614095608e+01 -7.068775422685181359e-03 -1.007388036389057252e-02
2.530951913264850717e+01 -7.070831384018701898e-03 -1.009512225767747809e-02
2.532525084067871290e+01 -7.065344021982822992e-03 -1.011918583482114380e-02
2.534099979193903707e+01 -7.065226428814658233e-03 -1.015078768134018185e-02
2.537255055103654655e+01 -7.059430996077730933e-03 -1.022046392782336582e-02
2.538833101126970959e+01 -7.054601933591226649e-03 -1.026561779680967325e-02
2.540410836130035932e+01 -7.050956495825324959e-03 -1.031372635107929633e-02
2.543557843611776548e+01 -7.046951385012124695e-03 -1.041263952939585832e-02
2.545129290297170499e+01 -7.044514865001679643e-03 -1.046035332292234894e-02
2.546699850053632375e+01 -7.040946865617760814e-03 -1.050504068135369416e-02
2.548269092661447033e+01 -7.039450563290613853e-03 -1.054117401665624794e-02
2.551408769122852860e+01 -7.042703063867664613e-03 -1.056488747299778874e-02
2.552978625334844409e+01 -7.042310458719533255e-03 -1.056049266668747724e-02
2.554549546873168353e+01 -7.039932842914759306e-03 -1.056935070855466278e-02
2.556122362955172633e+01 -7.042283815746796377e-03 -1.056978574916609889e-02
2.559270370870722289e+01 -7.032675409189980027e-03 -1.056892299121830678e-02
2.560847327728257738e+01 -7.031231736719899261e-03 -1.056713165852668501e-02
2.562426236281864433e+01 -7.026589345288484188e-03 -1.056265946253245186e-02
2.564003722250249240e+01 -7.021149981675690356e-03 -1.055538169294026503e-02
2.567154713988206893e+01 -7.016958848346746373e-03 -1.054593190952259583e-02
2.568727801723539628e+01 -7.010701491458865182e-03 -1.054468470967216340e-02
2.570298664031152214e+01 -7.006899830601797871e-03 -1.053966073847526462e-02
2.573437965518169435e+01 -7.002339293565966460e-03 -1.050996514240988555e-02
2.575007813706196558e+01 -7.001962681184426170e-03 -1.048473004066745491e-02
2.576577779158363057e+01 -7.003367587977175554e-03 -1.045090865790920809e-02
2.578147736379282051e+01 -7.005054032814978307e-03 -1.041361409532197239e-02
2.581292384685499286e+01 -7.003964196426213512e-03 -1.034446239352722861e-02
2.582865424827775769e+01 -6.999771212594646866e-03 -1.030933669908354160e-02
2.584441395935645858e+01 -6.997537780049677483e-03 -1.027584643838493419e-02
2.586018525198440798e+01 -6.996915696643167017e-03 -1.024285494169724711e-02
2.589174771490077731e+01 -6.989677585905335229e-03 -1.018779307352693855e-02
2.590751185365038722e+01 -6.985889817233969200e-03 -1.015923322220170857e-02
2.592324743752025640e+01 -6.985743626501862528e-03 -1.014119890426895716e-02
2.595468495102313966e+01 -6.978746735539086317e-03 -1.010831902812465294e-02
2.597038400743902642e+01 -6.979259968772787495e-03 -1.008766258031717697e-02
2.598607781174822406e+01 -6.977678394920466300e-03 -1.006355705013168948e-02
2.600177750667326038e+01 -6.977395762231991885e-03 -1.004410810252076569e-02
2.603317857704368166e+01 -6.980966457659890795e-03 -9.990403084598271227e-03
2.604889378344061868e+01 -6.983426634515174820e-03 -9.963664708579100457e-03
2.606462864370200805e+01 -6.981110415006073350e-03 -9.937854957841602346e-03
2.608035662495728602e+01 -6.980829844813445789e-03 -9.919321233018144751e-03
2.611188695618379896e+01 -6.978233131477485501e-03 -9.895632955029785849e-03
2.612767936560349114e+01 -6.977794098197712819e-03 -9.890205070075017840e-03
2.614345061375064816e+01 -6.973419359692734597e-03 -9.894416484711971577e-03
2.617494637370893429e+01 -6.966999444905128992e-03 -9.909603931311083275e-03
2.619067390832002218e+01 -6.967302044723192034e-03 -9.927069601079177921e-03
2.620638347459590278e+01 -6.963009404935671838e-03 -9.941985721269638171e-03
2.622207916364081370e+01 -6.963110402397436338e-03 -9.955542615277710242e-03
2.625347105740359055e+01 -6.960606818752502686e-03 -9.971735073524850071e-03
2.626917019049277968e+01 -6.960125015364417370e-03 -9.975000754364025599e-03
2.628487133688661004e+01 -6.961077893976878178e-03 -9.971029081167806160e-03
2.630058917168356558e+01 -6.964045654140689837e-03 -9.978702413162657617e-03
2.633205705789805506e+01 -6.960735083341471757e-03 -1.001380103197474503e-02
2.634781962766134455e+01 -6.961057954658980869e-03 -1.004009622141373466e-02
2.636358933187003117e+01 -6.955300605126150774e-03 -1.006844952452572682e-02
2.639515904912578037e+01 -6.950132961734243817e-03 -1.014703814949221954e-02
2.641091164804482716e+01 -6.947931551675417226e-03 -1.019363526922439402e-02
2.642665045382384292e+01 -6.940925270306460941e-03 -1.024564056218148396e-02
2.644237743282065267e+01 -6.941961470112600723e-03 -1.029735019608005002e-02
2.647378596994541766e+01 -6.937695984541976391e-03 -1.039481079537093837e-02
2.648947806859263565e+01 -6.937030146451752914e-03 -1.042906787419120747e-02
2.650517574265635545e+01 -6.935324443142720091e-03 -1.044632832656824419e-02
2.652087335570689319e+01 -6.933921767757618773e-03 -1.044814588358389772e-02
2.655229423215258677e+01 -6.934286699753585380e-03 -1.046345082642734757e-02
2.656802921366004000e+01 -6.931542078639735954e-03 -1.046327004109593416e-02
2.658376361391692910e+01 -6.931933802419962438e-03 -1.046661198496652220e-02
2.661529441504890059e+01 -6.924894450901123745e-03 -1.047305105736654439e-02
2.663108830293324658e+01 -6.922657210989576100e-03 -1.047169430975262300e-02
2.664686670492056209e+01 -6.919154706943048648e-03 -1.047071134313918434e-02
2.666261163068060469e+01 -6.915465999293483879e-03 -1.046833927797208123e-02
2.669407406258430626e+01 -6.908782321061122597e-03 -1.046433063552241853e-02
2.670978292242315888e+01 -6.908471244960718606e-03 -1.045665036779070377e-02
2.672548007006795956e+01 -6.905991409542708119e-03 -1.044278280649514612e-02
2.674117371999474813e+01 -6.904912629368727302e-03 -1.042082784396614406e-02
2.677256868478410112e+01 -6.902275319783987735e-03 -1.035683074118183555e-02
2.678827111659344595e+01 -6.901316620864424330e-03 -1.031416691808673645e-02
2.680399373047553979e+01 -6.901027179504061471e-03 -1.027991192839367886e-02
2.683547046325410079e+01 -6.901449353339275845e-03 -1.020611744045427961e-02
2.685123447965075982e+01 -6.899363997215252585e-03 -1.017126006550021430e-02
2.686700836858356922e+01 -6.894317501417549475e-03 -1.013815096730406873e-02
2.688279963518523275e+01 -6.891389984044096577e-03 -1.010733471108965845e-02
2.691431273278521630e+01 -6.884337175123521509e-03 -1.004867412519471273e-02
2.693004882430373570e+01 -6.882186371401854789e-03 -1.002758505760912612e-02
2.694576738828298090e+01 -6.880654272843161195e-03 -1.000606578121425970e-02
2.696147363456082502e+01 -6.880890332315522072e-03 -9.983212196991402346e-03
2.699286756157085776e+01 -6.880767268065903115e-03 -9.930347313266139550e-03
2.700856602370082982e+01 -6.880290942137625571e-03 -9.904690170959264822e-03
2.702426299281287569e+01 -6.880317253738850621e-03 -9.877124570698215394e-03
2.705569309466065064e+01 -6.880453883702698607e-03 -9.817076016553087994e-03
2.707143031005312750e+01 -6.881108271282022383e-03 -9.794127201017037779e-03
2.708717094563731820e+01 -6.882788396155478140e-03 -9.779321182985125857e-03
2.710293740093592874e+01 -6.878111950101525353e-03 -9.770618399176297930e-03
2.713449997463519026e+01 -6.874377821069016688e-03 -9.769903418274059406e-03
2.715027882163211714e+01 -6.874470554673268834e-03 -9.778347206449454487e-03
2.716601551517663538e+01 -6.867899314953434219e-03 -9.791492816287846943e-03
2.718175066229111536e+01 -6.868496994610083506e-03 -9.812317214503230370e-03
2.721317511928803157e+01 -6.865025547739793919e-03 -9.858898871127898603e-03
2.722886770024642189e+01 -6.867378961473729129e-03 -9.879791964432440773e-03
2.724456562285705274e+01 -6.868448964788479230e-03 -9.896044560080360236e-03
2.726026618799846801e+01 -6.867684537954676233e-03 -9.902724045185317195e-03
2.729166417816462342e+01 -6.867301348681653130e-03 -9.910155670997454133e-03
2.730739101763333210e+01 -6.867390387887465329e-03 -9.927326527281158178e-03
2.732312631116032620e+01 -6.865346764942771053e-03 -9.944333833477682349e-03
2.735463803598476673e+01 -6.860195782686546138e-03 -9.991819452064702387e-03
2.737041453370219912e+01 -6.859744190351419607e-03 -1.002019138801211670e-02
2.738620042084079742e+01 -6.855470072494390492e-03 -1.005344655623132376e-02
2.740198004526707365e+01 -6.854050618141709246e-03 -1.009186391343460353e-02
2.743345119779856844e+01 -6.847830809206751149e-03 -1.017941616374971533e-02
2.744916759886157109e+01 -6.845830956638372482e-03 -1.022661034982576093e-02
2.746487586751133847e+01 -6.841419438032099801e-03 -1.027109810789834064e-02
2.748056888227423755e+01 -6.842232261532191911e-03 -1.031101419948155136e-02
2.751196673852373209e+01 -6.844606764362355135e-03 -1.034467873049751789e-02
2.752766525292869915e+01 -6.842725714818982674e-03 -1.034206335459491102e-02
2.754336937334397106e+01 -6.841845251689604099e-03 -1.034808379510718072e-02
2.757482897828377233e+01 -6.837802749665307725e-03 -1.035064932910481281e-02
2.759057586398158080e+01 -6.837499497875356748e-03 -1.035600776435312981e-02
2.760634613876252885e+01 -6.833279068903568010e-03 -1.035879920550997722e-02
2.762212638833425515e+01 -6.831045034949291724e-03 -1.035798517455438321e-02
2.765368281559517172e+01 -6.822440119540101704e-03 -1.035644305540290785e-02
2.766941955335104097e+01 -6.820728586212256549e-03 -1.035299805873181149e-02
2.768514842983997326e+01 -6.817555049804028405e-03 -1.035304054425209390e-02
2.770086071368945113e+01 -6.815001979280230042e-03 -1.035016636575085414e-02
2.773225814441719805e+01 -6.809426203206709639e-03 -1.032424366850025546e-02
2.774795759740127821e+01 -6.811089960221472853e-03 -1.030017311748379107e-02
2.776365817459566543e+01 -6.813186745991303174e-03 -1.026662624825863852e-02
2.779506821621308887e+01 -6.811054857244670628e-03 -1.019277181725972321e-02
2.781079768063320756e+01 -6.814020325030890717e-03 -1.015935483952299864e-02
2.782652955431001374e+01 -6.807781649368350486e-03 -1.012364233586993817e-02
2.784228292201974142e+01 -6.806732734133125184e-03 -1.008983842390151139e-02
2.787384349752926127e+01 -6.802498675224146266e-03 -1.002670714359332402e-02
2.788961588750366971e+01 -6.798318046307308925e-03 -1.000075133884317964e-02
2.790538547651275891e+01 -6.794054031481372088e-03 -9.970927903013668270e-03
2.792111836440276917e+01 -6.796475254711072285e-03 -9.949813994925577748e-03
2.795255398106030853e+01 -6.789291226126347931e-03 -9.908702786707504831e-03
2.796825446795460834e+01 -6.787956328290834125e-03 -9.884347357124963207e-03
2.798394767924836657e+01 -6.786247665920768640e-03 -9.854692515249795920e-03
2.801534844486837983e+01 -6.789941475166426030e-03 -9.800562091355531288e-03
2.803104860370260099e+01 -6.792450178262143985e-03 -9.767991395537975810e-03
2.804676385539312022e+01 -6.792171161301114451e-03 -9.735388276258865811e-03
2.806249529770582640e+01 -6.793863037565990061e-03 -9.705808352510496284e-03
2.809398439441694251e+01 -6.788841113804675205e-03 -9.667303797202595958e-03
2.810975517385969269e+01 -6.789256163841338523e-03 -9.657584892491740541e-03
2.812554824786876395e+01 -6.787371346948621251e-03 -9.651668381071183689e-03
2.814131691140455160e+01 -6.783574677950585975e-03 -9.659468223511019636e-03
2.817281902778216818e+01 -6.781625340726587896e-03 -9.681584030053870873e-03
2.818855031021173829e+01 -6.778181187315392674e-03 -9.703371456884815269e-03
2.820425763337730629e+01 -6.775174844477319797e-03 -9.726525367798161473e-03
2.823564985221733181e+01 -6.774331180698982442e-03 -9.768331767159164208e-03
2.825134869347609623e+01 -6.774429254410976008e-03 -9.783036666246438390e-03
2.826704818331118574e+01 -6.775698242288405622e-03 -9.789743083618086469e-03
2.828274780647704034e+01 -6.778508035233010015e-03 -9.792645721339381451e-03
2.831419657807030887e+01 -6.778410526023145519e-03 -9.826620009949800852e-03
2.832992402394120646e+01 -6.777188020836310070e-03 -9.850110117668788370e-03
2.834568410169645247e+01 -6.775816384302300530e-03 -9.878705967048243344e-03
2.836145379737564554e+01 -6.774488851907774743e-03 -9.907892672588246991e-03
2.839301866338356461e+01 -6.768700719948907672e-03 -9.980032559331577374e-03
2.840878060838015884e+01 -6.766034228210958575e-03 -1.002247677009333524e-02
2.842451852433010373e+01 -6.762252000551399050e-03 -1.006465708263292944e-02
2.844024845152178571e+01 -6.761597170398711901e-03 -1.011110105145720563e-02
2.847165667014977686e+01 -6.756815481297569724e-03 -1.019919717986155112e-02
2.848734956647831140e+01 -6.755103393065981822e-03 -1.023296677134713506e-02
2.850304843866131321e+01 -6.753801737758855991e-03 -1.025194216078463214e-02
2.853444910827880676e+01 -6.753808678897785245e-03 -1.025165160610993012e-02
2.855016583263121177e+01 -6.756271576107389550e-03 -1.026260700853483254e-02
2.856590022616929048e+01 -6.752041280288336236e-03 -1.026298094846309246e-02
2.858163049023480795e+01 -6.752234698793753952e-03 -1.026268022414850850e-02
2.861316145144353484e+01 -6.746657073968761326e-03 -1.026849023402206899e-02
2.862895522142948579e+01 -6.745516818388530567e-03 -1.026720155281797206e-02
2.864472907705684790e+01 -6.740883283476984539e-03 -1.026618212603487741e-02
2.866048258930034720e+01 -6.738429416118930752e-03 -1.026391026790451563e-02
2.869194399385863647e+01 -6.732211520757070376e-03 -1.025853310396947389e-02
2.870765329343172567e+01 -6.729082811685155666e-03 -1.025133126862561722e-02
2.872334714701660729e+01 -6.727210512400635771e-03 -1.023707730743789353e-02
2.875473906241434108e+01 -6.724162968847468939e-03 -1.018456507344682807e-02
2.877043802117715288e+01 -6.723145464328149530e-03 -1.015203454660883360e-02
2.878614049794170171e+01 -6.722860493937230300e-03 -1.011081227193243517e-02
2.880186114051922175e+01 -6.724573488224521757e-03 -1.007436603495357602e-02
2.883333482693491945e+01 -6.722437490738806740e-03 -1.000164480847692654e-02
2.884909840343178900e+01 -6.723585076905333469e-03 -9.967782952952924588e-03
2.886487034800055795e+01 -6.716831711267343998e-03 -9.937995321159449544e-03
2.888066501592000535e+01 -6.715501956098173311e-03 -9.909748737683066883e-03
2.891218131623017840e+01 -6.710285406667847695e-03 -9.861787271908084920e-03
2.892791709428044555e+01 -6.705038412860461934e-03 -9.846138751786127213e-03
2.894363803426175963e+01 -6.705702816215877889e-03 -9.832222737021917292e-03
2.897503876036831016e+01 -6.703913653518066632e-03 -9.793278146699974096e-03
2.899073251498660397e+01 -6.704073396255184544e-03 -9.771274899619770971e-03
2.900643108333950693e+01 -6.703230579172158275e-03 -9.748443074852199824e-03
2.902212914335223815e+01 -6.703105767952915670e-03 -9.721442335579798602e-03
2.905355586989577787e+01 -6.704469500015439003e-03 -9.661714922291068236e-03
2.906929449982770208e+01 -6.704985988775974404e-03 -9.635453288912635555e-03
2.908503391019164752e+01 -6.706402872306729650e-03 -9.616379608831765805e-03
2.910079797053637307e+01 -6.706261355306763865e-03 -9.602271144243489445e-03
2.913236302934289768e+01 -6.699964210547360022e-03 -9.591539213621901039e-03
2.914814039001211654e+01 -6.698791448506062098e-03 -9.594787008819676347e-03
2.916387819016248528e+01 -6.695303736310811472e-03 -9.600448016516176589e-03
2.919533709227044938e+01 -6.692651412819257059e-03 -9.632512487541163015e-03
2.921104498332562471e+01 -6.693827778140901824e-03 -9.649451449509981182e-03
2.922674037646097744e+01 -6.694258404384088521e-03 -9.664324372391482412e-03
2.924243789547336903e+01 -6.693858125591238377e-03 -9.677073243597454286e-03
2.927383125583671131e+01 -6.693782054043575722e-03 -9.686971341715424136e-03
2.928953393894741097e+01 -6.693898576990402714e-03 -9.684173129396742366e-03
2.930525786374148112e+01 -6.693829079818598878e-03 -9.698810430120130902e-03
2.932099427299935712e+01 -6.694399731588453195e-03 -9.716931698638433396e-03
2.935249740247252603e+01 -6.691765623223481195e-03 -9.768462248231709819e-03
2.936827094722624665e+01 -6.689600370196831063e-03 -9.797552509172018087e-03
2.938406047919169239e+01 -6.686648448087806340e-03 -9.834325478545078228e-03
2.941557826524929808e+01 -6.679191219825019420e-03 -9.919119111713630213e-03
2.943131365503757735e+01 -6.678649870646207083e-03 -9.965281137099683481e-03
2.944703228192399180e+01 -6.676356402250505084e-03 -1.001192879937955714e-02
2.946274026794906220e+01 -6.674533671732595617e-03 -1.005771404171204933e-02
2.949413240063422492e+01 -6.676130415276195114e-03 -1.012813675312168593e-02
2.950983238892755978e+01 -6.674698827082905378e-03 -1.014000210628304699e-02
2.952552781830462081e+01 -6.673974265965334877e-03 -1.014098602760421172e-02
2.954123177129953959e+01 -6.673332216372141260e-03 -1.014835282085565886e-02
2.957269436273762864e+01 -6.670942014843217818e-03 -1.016206928054376284e-02
2.958843674313223104e+01 -6.671641430608201730e-03 -1.017083459319953302e-02
2.960420487752924501e+01 -6.664955644919115692e-03 -1.017876874022268299e-02
2.963576752838098471e+01 -6.659875917618685026e-03 -1.018486408248951182e-02
2.965154756770317945e+01 -6.658576664708990359e-03 -1.018865607559245323e-02
2.966728527959613615e+01 -6.652304921680740786e-03 -1.018744708875707339e-02
2.968301795876874749e+01 -6.651974457462675981e-03 -1.018904240714143053e-02
2.971443859063541382e+01 -6.645976297895697313e-03 -1.017820243264671437e-02
2.973013051202823931e+01 -6.647177087307895929e-03 -1.016269857977255761e-02
2.974582748859831938e+01 -6.648560065186590040e-03 -1.013699800121846753e-02
2.976152850711575226e+01 -6.648690983032240313e-03 -1.010036127537768461e-02
2.979292966205201054e+01 -6.646485932553598298e-03 -1.002174164239651513e-02
2.980865819087996016e+01 -6.647301372998400820e-03 -9.985553717842217403e-03
2.982439271671631431e+01 -6.642996857647858952e-03 -9.944250257139937779e-03
2.984014035048022961e+01 -6.643145661814123075e-03 -9.905076435730157322e-03
2.987169390156601523e+01 -6.637590425580477613e-03 -9.832670191214124347e-03
2.988747454070487208e+01 -6.633040289675822161e-03 -9.804597400888133418e-03
2.990324893459490596e+01 -6.630606878438193540e-03 -9.773626703474355693e-03
2.993471112112646892e+01 -6.627055788622731106e-03 -9.734039539031491203e-03
2.995042063451098713e+01 -6.625628432338985518e-03 -9.716754683049286592e-03
2.996612338467375736e+01 -6.621957867479606741e-03 -9.697750632277688312e-03
2.998181582203271489e+01 -6.621774670142747260e-03 -9.676451668555113156e-03
3.001321528503924441e+01 -6.626863912898245910e-03 -9.634836896970953163e-03
3.002891694004896550e+01 -6.627091496405769673e-03 -9.610767443435358839e-03
3.004462505671747152e+01 -6.626485938362516696e-03 -9.580603994427680861e-03
3.006035510594533378e+01 -6.629881465048011180e-03 -9.558731172921818356e-03
3.009184209728493187e+01 -6.625017092475336822e-03 -9.526485478530338086e-03
3.010761351021994514e+01 -6.624414073201448719e-03 -9.517965589492770329e-03
3.012340187861627072e+01 -6.622687591378993884e-03 -9.512773211466528725e-03
3.015494534639584145e+01 -6.616483678765589134e-03 -9.524196079424653016e-03
3.017068069509356576e+01 -6.619345253007464375e-03 -9.537224445623399688e-03
3.018641075334988955e+01 -6.615829069646008732e-03 -9.555829803245180498e-03
3.020212161345539670e+01 -6.614371295719050775e-03 -9.574009022197575020e-03
3.023351825072370858e+01 -6.611921213633704247e-03 -9.602938459095584564e-03
3.024921805415277376e+01 -6.613862356592739578e-03 -9.612857715862895697e-03
3.026491821719342212e+01 -6.617215735591514859e-03 -9.614601578020964823e-03
3.028061770095895966e+01 -6.619130018403806236e-03 -9.613834885035936820e-03
3.031205959390352334e+01 -6.621369007580682822e-03 -9.629142919090437694e-03
3.032778788388414171e+01 -6.616689842472948425e-03 -9.644181385181744073e-03
3.034354262755578091e+01 -6.615633116954295311e-03 -9.666923546728578218e-03
3.037510216651855544e+01 -6.613050810510104870e-03 -9.717832276270916766e-03
3.039087434845991709e+01 -6.608851034126820949e-03 -9.751949450476382966e-03
3.040664473411233004e+01 -6.604892832618878586e-03 -9.791395092619521040e-03
3.042238040545151634e+01 -6.606218603213578552e-03 -9.833250523682663183e-03
3.045381882085634118e+01 -6.598207832352737980e-03 -9.922949522972913591e-03
3.046951845434847783e+01 -6.597719966822314201e-03 -9.965440262193987764e-03
3.048521013440459271e+01 -6.595523917286994463e-03 -1.000040781097646068e-02
3.050090876126004957e+01 -6.594916957467623561e-03 -1.002246246495896824e-02
3.053230760535176458e+01 -6.597789741048116705e-03 -1.002938731269615094e-02
3.054802203972528929e+01 -6.598212662306119670e-03 -1.004446397699267426e-02
3.056375720574440180e+01 -6.596292769857892840e-03 -1.005266131980873251e-02
3.059524725142979662e+01 -6.591419550148045446e-03 -1.007120566912711977e-02
3.061101787964549104e+01 -6.589892945676627256e-03 -1.008160717703945712e-02
3.062681229172499897e+01 -6.588056377294447541e-03 -1.009238954439437355e-02
3.064258285553934158e+01 -6.582866809064135717e-03 -1.010044261867515565e-02
3.067408256687716417e+01 -6.577010184824725290e-03 -1.011671654960344391e-02
3.068981243425656658e+01 -6.575539822890198727e-03 -1.012625405437628419e-02
3.070552037590048045e+01 -6.571069047591466053e-03 -1.012904123033957562e-02
3.072121762468184869e+01 -6.571290114747774247e-03 -1.012525394750970510e-02
3.075260929088848627e+01 -6.568855162022138941e-03 -1.008679257908028266e-02
3.076830866003055576e+01 -6.568601362006012273e-03 -1.005294166548738148e-02
3.078400917064624309e+01 -6.570065145797991668e-03 -1.001654662846056774e-02
3.081545986019441230e+01 -6.569485321165123917e-03 -9.941104962503374831e-03
3.083118947467110971e+01 -6.569689395786997878e-03 -9.901095750819493765e-03
3.084695199344461614e+01 -6.569352616641852688e-03 -9.861072822423938219e-03
3.086272269785662203e+01 -6.565848280557427981e-03 -9.823187741809694118e-03
3.089428765441493852e+01 -6.561445192709267765e-03 -9.752648729688163237e-03
3.091004051354627435e+01 -6.559731503269191147e-03 -9.717447463334806870e-03
3.092577660664844785e+01 -6.554073979097753931e-03 -9.690794895899799630e-03
3.094150080315528228e+01 -6.555012410205637505e-03 -9.664583355809082746e-03
3.097290213957335681e+01 -6.551461854042675732e-03 -9.608192171993953576e-03
3.098859530310714305e+01 -6.550965691239868903e-03 -9.581133500839547276e-03
3.100429428771905194e+01 -6.549898813130824136e-03 -9.556990118853386784e-03
3.103569640895934967e+01 -6.550604666449268837e-03 -9.497482071005317744e-03
3.105141642275887293e+01 -6.553671059949512864e-03 -9.468792284660262557e-03
3.106715439763023667e+01 -6.551956308453819183e-03 -9.444904073374069467e-03
3.108289122673000193e+01 -6.553272714897914915e-03 -9.428992672271457876e-03
3.111442894895985845e+01 -6.550064452725082656e-03 -9.414161083389976231e-03
3.113022258966666200e+01 -6.550020680110356201e-03 -9.416158889864946480e-03
3.114599344954109839e+01 -6.547982888669309082e-03 -9.424883841863691825e-03
3.116173649938028589e+01 -6.547169687245086613e-03 -9.435667057731520965e-03
3.119319727273650500e+01 -6.543776380964446901e-03 -9.477861930846136901e-03
3.120890532864583733e+01 -6.544492413957552109e-03 -9.498692267904104702e-03
3.122460163702540115e+01 -6.542955897370598441e-03 -9.518425545399729348e-03
3.124029596373193840e+01 -6.543897307111255605e-03 -9.534124434800740275e-03
3.127169330619052801e+01 -6.543736679095835639e-03 -9.548181880029343871e-03
3.128739626285030084e+01 -6.544568304140641231e-03 -9.547893919202537008e-03
3.130311859888960768e+01 -6.546142477123575477e-03 -9.560873309620561075e-03
3.133459081438437366e+01 -6.547660313053951971e-03 -9.595644010179642247e-03
3.135035218172585303e+01 -6.548415432623854414e-03 -9.619452476035284666e-03
3.136612124558775605e+01 -6.543148532911866044e-03 -9.644069648784689072e-03
3.138191457740489199e+01 -6.541542050478239660e-03 -9.672356625058728744e-03
3.141343940857930050e+01 -6.536347766105950891e-03 -9.740280805586374116e-03
3.142917809973732091e+01 -6.533138862890590544e-03 -9.779580073924520542e-03
3.144490169469486673e+01 -6.532569261649493961e-03 -9.821464633346856099e-03
3.146061023981052429e+01 -6.533306387675141130e-03 -9.861450800329131863e-03
3.149199864373722946e+01 -6.531395651093919834e-03 -9.924297483460279082e-03
3.150769312035102132e+01 -6.530594967927217352e-03 -9.936987266081005743e-03
3.152338819727165387e+01 -6.529560809378111633e-03 -9.938197775519368518e-03
3.155481181166895865e+01 -6.527534798730105260e-03 -9.952108672728483471e-03
3.157055004904812279e+01 -6.527172444583662775e-03 -9.952879486420939531e-03
3.158628913240641012e+01 -6.527728164497364517e-03 -9.961828418688825626e-03
3.160205542630924924e+01 -6.523658230830317421e-03 -9.972247308145460593e-03
3.163362234429861175e+01 -6.516560174124241302e-03 -9.991307298302101389e-03
3.164940161112318506e+01 -6.515030472681980142e-03 -1.000350595859635788e-02
3.166513729995061155e+01 -6.508485742231644687e-03 -1.001424472375000464e-02
3.168087307428120880e+01 -6.507179222042381965e-03 -1.002698247870317631e-02
3.171229833483217320e+01 -6.503644914804077373e-03 -1.004612604297749380e-02
3.172799192936312096e+01 -6.504768264501695034e-03 -1.004728722704903952e-02
3.174369217681833888e+01 -6.504514501646677625e-03 -1.003607421877980924e-02
3.177508798990672645e+01 -6.503381097541731555e-03 -9.982805305518547070e-03
3.179079224373234425e+01 -6.503477651567089908e-03 -9.950696013261315850e-03
3.180651815384755920e+01 -6.503297356620823047e-03 -9.920893315965143011e-03
3.182225429329783495e+01 -6.502902378336099937e-03 -9.887934358030333812e-03
3.185376437840381669e+01 -6.499100475795466236e-03 -9.818243988296655386e-03
3.186953974858279537e+01 -6.498859697488625076e-03 -9.782026749630788956e-03
3.188532571585160724e+01 -6.495923821098873591e-03 -9.747177080367019561e-03
3.190110296385190125e+01 -6.495651591710638675e-03 -9.711966795202647482e-03
3.193257120763165346e+01 -6.490253531520025557e-03 -9.651549690523009151e-03
3.194828514071361170e+01 -6.488787408605167263e-03 -9.621354354945377274e-03
3.196399032880596636e+01 -6.485839614207178361e-03 -9.588138482699886528e-03
3.199538017943449475e+01 -6.489571782820674137e-03 -9.522111903342475245e-03
3.201108238587170263e+01 -6.489973479677071944e-03 -9.488073241340199207e-03
3.202677914184825880e+01 -6.489194119885678853e-03 -9.454821195390841065e-03
3.204248344864548415e+01 -6.489594224867199085e-03 -9.413622903067696973e-03
3.207394898671775252e+01 -6.488115092132888152e-03 -9.350422638322799726e-03
3.208969700041411244e+01 -6.489346358849850879e-03 -9.331451204233613683e-03
3.210546977996284568e+01 -6.485422417737776030e-03 -9.319487471439825976e-03
3.212125219994452863e+01 -6.485308223201011017e-03 -9.311996570483042218e-03
3.215280308200505033e+01 -6.480626751163484460e-03 -9.324131302767565618e-03
3.216853615067676486e+01 -6.478033813377241656e-03 -9.339254159161747976e-03
3.218426466248546092e+01 -6.478070289794961301e-03 -9.360809241757136329e-03
3.221567838088304114e+01 -6.474191743409313943e-03 -9.409373507658884070e-03
3.223137175351636330e+01 -6.475028811608574478e-03 -9.430022281885965668e-03
3.224707124052387286e+01 -6.477948680146676692e-03 -9.445872281383719399e-03
3.226277247584933860e+01 -6.480832826430472406e-03 -9.453417923953875632e-03
3.229418113223800901e+01 -6.481196348325740479e-03 -9.468131196212778086e-03
3.230991111133533877e+01 -6.484431988651370542e-03 -9.488978601175904540e-03
3.232564301875194701e+01 -6.480040814230748208e-03 -9.509953674545268409e-03
3.234139391959193688e+01 -6.480676206833646882e-03 -9.537360320944028233e-03
3.237294702452987138e+01 -6.477927689133536338e-03 -9.599565893485931950e-03
3.238872537909488614e+01 -6.474460844193518499e-03 -9.634132721456514434e-03
3.240450162540925305e+01 -6.471833718028902581e-03 -9.671847057691756663e-03
3.242024092438104077e+01 -6.473546137810180963e-03 -9.710258257648662211e-03
3.245168758663475472e+01 -6.468441016579611069e-03 -9.793702205549341053e-03
3.246739317201304686e+01 -6.466144816218708999e-03 -9.832294686647528870e-03
3.248308547430980298e+01 -6.465155731438841993e-03 -9.864550751590804925e-03
3.251448019402747036e+01 -6.469022482384555531e-03 -9.889190223786922113e-03
3.253017683398610416e+01 -6.469560399001915776e-03 -9.883000324824709956e-03
3.254588596505571019e+01 -6.467884617867018966e-03 -9.890361134797780868e-03
3.256161310955818067e+01 -6.470115129098701588e-03 -9.894507470034320795e-03
3.259309528529189492e+01 -6.462028981442256327e-03 -9.900210347851878812e-03
3.260886781785664112e+01 -6.461680554933658081e-03 -9.905629307655114055e-03
3.262465979379292946e+01 -6.457962728081027143e-03 -9.909587139717991600e-03
3.264042928756856554e+01 -6.453221441509389249e-03 -9.914791331255468423e-03
3.267193059478764638e+01 -6.449401523050230303e-03 -9.930522157878585859e-03
3.268766048037787897e+01 -6.443482163148506366e-03 -9.941612722044378125e-03
3.270336763611534536e+01 -6.439633813294315737e-03 -9.949886972959376061e-03
3.273476177990173142e+01 -6.435743756584295927e-03 -9.948156773789575483e-03
3.275046209386044893e+01 -6.435184424476688217e-03 -9.933165856846736669e-03
3.276616375598630526e+01 -6.436443546563612103e-03 -9.904329213302877008e-03
3.278186583021615519e+01 -6.438972418603265170e-03 -9.877000193458192537e-03
3.281331615034976323e+01 -6.438849833320038803e-03 -9.825370693866700145e-03
3.282904659721902618e+01 -6.436321902676486566e-03 -9.796778290287471921e-03
3.284480797744317471e+01 -6.435359626977395220e-03 -9.769356393961019930e-03
3.286057862202741831e+01 -6.435442922456196049e-03 -9.740844457349007862e-03
3.289213956741217970e+01 -6.431417329618412462e-03 -9.683563352444369762e-03
3.290790130211212983e+01 -6.428985411173180481e-03 -9.652718034502027339e-03
3.292363721176324987e+01 -6.428622879842766508e-03 -9.625562357655935083e-03
3.295507126972586320e+01 -6.423879395522582962e-03 -9.571317995897547781e-03
3.297076823256377054e+01 -6.424844507504491424e-03 -9.537459378108636282e-03
3.298646109816108662e+01 -6.423772135757467236e-03 -9.500801973800099276e-03
3.300215999574660941e+01 -6.423584909386345285e-03 -9.470373024972928919e-03
3.303355995439784465e+01 -6.427197403482830425e-03 -9.392448704619273808e-03
3.304927596646855648e+01 -6.430236520165308160e-03 -9.354269994774877181e-03
3.306501329183610949e+01 -6.427910152863479908e-03 -9.316474024775983284e-03
3.308074338153114269e+01 -6.428179631330407234e-03 -9.285508926867023713e-03
3.311227920720246232e+01 -6.425918636555998965e-03 -9.245413420770736898e-03
3.312807336456314999e+01 -6.426000592007055645e-03 -9.235553950968877074e-03
3.314384176641900837e+01 -6.422273698411983672e-03 -9.233364465190109505e-03
3.317532934158960956e+01 -6.416323127579468509e-03 -9.248659822861375612e-03
3.319105302600964791e+01 -6.417278326428683781e-03 -9.267476657929041295e-03
3.320675930892090832e+01 -6.414210388285230408e-03 -9.289386042652857112e-03
3.322245210350133249e+01 -6.414572278960418462e-03 -9.309859337259290130e-03
3.325384563871317312e+01 -6.413475508446282551e-03 -9.341235635684680058e-03
3.326954563244829899e+01 -6.413660618447343531e-03 -9.346659696049162969e-03
3.328524857755336797e+01 -6.415204571772034105e-03 -9.350489517533058098e-03
3.330096812750736746e+01 -6.418723959036381869e-03 -9.367200184725126694e-03
3.333244012356802699e+01 -6.418195268172038198e-03 -9.414868709741241320e-03
3.334820448070549759e+01 -6.420013701987619531e-03 -9.444449464582220510e-03
3.336397470985721014e+01 -6.415381672732576625e-03 -9.479175492599484915e-03
3.339554253723980537e+01 -6.413203375322151963e-03 -9.563940190627727087e-03
3.341129221364058566e+01 -6.412321225710431588e-03 -9.609842305883617430e-03
3.342703227412242484e+01 -6.406802534093410627e-03 -9.656551978175231116e-03
3.344275944256944655e+01 -6.408465034864253319e-03 -9.704651179657892632e-03
3.347416986692445562e+01 -6.406526242614040030e-03 -9.794407701192714769e-03
3.348986291759159428e+01 -6.406659158982782980e-03 -9.826791564495776163e-03
3.350556011936269130e+01 -6.405789079738503401e-03 -9.843555860302425145e-03
3.352125701838884453e+01 -6.404949488566082615e-03 -9.844084452681292965e-03
3.355267633377236081e+01 -6.405835078069620561e-03 -9.854399606843059975e-03
3.356841050602261589e+01 -6.404231823071821449e-03 -9.854220615747033563e-03
3.358414505406595651e+01 -6.405191329794729903e-03 -9.856888756183533606e-03
3.361567713365056420e+01 -6.398846288525525221e-03 -9.863636337870936369e-03
3.363147001376561462e+01 -6.397211172276643341e-03 -9.864067127817798680e-03
3.364724545075302586e+01 -6.394106592900209059e-03 -9.868037769991360245e-03
3.366298404967202629e+01 -6.390428896149281598e-03 -9.869601491136309121e-03
3.369443845936223170e+01 -6.383853905352130167e-03 -9.878292159579700471e-03
3.371014363347393328e+01 -6.383102378763794507e-03 -9.878864681516885682e-03
3.372583916902127044e+01 -6.380290256879249909e-03 -9.873528890633719024e-03
3.374153472471530790e+01 -6.378661688027277392e-03 -9.860169460117767029e-03
3.377293235986881115e+01 -6.375934025886185325e-03 -9.806275829325073606e-03
3.378863771584647679e+01 -6.375111007935956725e-03 -9.773009310454577880e-03
3.380436384451762422e+01 -6.374802661287783806e-03 -9.746889490620403579e-03
3.382010450080817776e+01 -6.375084675942737159e-03 -9.717905124780802650e-03
3.385161270398897670e+01 -6.373762200924603175e-03 -9.663771260256377033e-03
3.386738934059873429e+01 -6.370869384088269360e-03 -9.638164852816119219e-03
3.388317899933508670e+01 -6.369325725863803425e-03 -9.614360786368328707e-03
3.391468918782340580e+01 -6.364728469100925691e-03 -9.568811923953467538e-03
3.393042420793788239e+01 -6.364286267808635759e-03 -9.551254523841350846e-03
3.394614089507085453e+01 -6.363507456524248110e-03 -9.530512727173635207e-03
3.396184598895495554e+01 -6.364321199309784863e-03 -9.506409937710649100e-03
3.399323835176278408e+01 -6.366281462451219356e-03 -9.444732185621113052e-03
3.400893678205542159e+01 -6.366267553878598474e-03 -9.412964568616535160e-03
3.402463259352683167e+01 -6.366909236942411461e-03 -9.377185396260189279e-03
3.404033610082200312e+01 -6.367663158730449760e-03 -9.334755731289156103e-03
3.407179946461838682e+01 -6.368796692482937664e-03 -9.264134159292199480e-03
3.408754031910182647e+01 -6.370843421919957471e-03 -9.236784782983429448e-03
3.410330816617143057e+01 -6.366584912232669397e-03 -9.215295540309068403e-03
3.413487151848676149e+01 -6.363922770233315651e-03 -9.189773615230868026e-03
3.415064850134853458e+01 -6.364239068950129294e-03 -9.183420487701758617e-03
3.416638255068686902e+01 -6.358371536742211255e-03 -9.184527859473726186e-03
3.418211496654284787e+01 -6.359032540322060237e-03 -9.190488971282389716e-03
3.421353280030331234e+01 -6.355517135222667029e-03 -9.217485478358730319e-03
3.422922433183347835e+01 -6.357844318711434496e-03 -9.231057821825013401e-03
3.424492221915508594e+01 -6.359311437283295815e-03 -9.243531069564336206e-03
3.426062429213835969e+01 -6.359541447615185174e-03 -9.248946866264581845e-03
3.429202528564244545e+01 -6.359868142472181914e-03 -9.254139290137356616e-03
3.430775337927451574e+01 -6.360804683775827043e-03 -9.272065803171629372e-03
3.432349116603921857e+01 -6.358970843231419832e-03 -9.292700842903484082e-03
3.435500971511879698e+01 -6.355999448788653139e-03 -9.349764502665405819e-03
3.437078909457843423e+01 -6.356278547077418017e-03 -9.386847754382065742e-03
3.438657119849716537e+01 -6.352954978853910320e-03 -9.432109016306196997e-03
3.440234667709804484e+01 -6.352423258957240471e-03 -9.480352734350581262e-03
3.443381554079985563e+01 -6.349104280527103662e-03 -9.580971386584520230e-03
3.444953096348689314e+01 -6.348269776060215357e-03 -9.633447296756934841e-03
3.446523868470429619e+01 -6.344681887118529262e-03 -9.684116461132754802e-03
3.448093262221090782e+01 -6.345744920041142614e-03 -9.728497387509639840e-03
3.451233171439633196e+01 -6.349991133444224563e-03 -9.770690387292403287e-03
3.452803166832102733e+01 -6.349030623768982078e-03 -9.772545056474570349e-03
3.454373597026566500e+01 -6.348702696167202349e-03 -9.785845581035595986e-03
3.457519340485772119e+01 -6.345985574313061685e-03 -9.797268742130080948e-03
3.459093984014393897e+01 -6.346081003626272837e-03 -9.807960066401107818e-03
3.460670887231103166e+01 -6.343081838928464437e-03 -9.814762869931027700e-03
3.462248954139447221e+01 -6.341052698237259477e-03 -9.817310649939103503e-03
3.465404614064833311e+01 -6.333505497632784496e-03 -9.822621692955420605e-03
3.466978113988071897e+01 -6.332974922176308301e-03 -9.821392812760646948e-03
3.468550710903720358e+01 -6.329551852516954701e-03 -9.824790407273012102e-03
3.470121454804575478e+01 -6.326747061282313178e-03 -9.825291062845917592e-03
3.473260582933716734e+01 -6.321518545204353814e-03 -9.806589830005051772e-03
3.474830358380955886e+01 -6.322377516582039850e-03 -9.786382243277422233e-03
3.476400374578768293e+01 -6.323913410756971422e-03 -9.753621684556354823e-03
3.479541735867010743e+01 -6.322110939875855672e-03 -9.687641266885774205e-03
3.481114960255023050e+01 -6.324431944774934651e-03 -9.657291926387171974e-03
3.482688487509312125e+01 -6.318790989312131692e-03 -9.625424379903652419e-03
3.484264236449013197e+01 -6.317377822918380029e-03 -9.594385770758861662e-03
3.487420968313460179e+01 -6.314714785421176799e-03 -9.535951934179318079e-03
3.488997845511909190e+01 -6.311410105954784813e-03 -9.514126265005593344e-03
3.490574499129083819e+01 -6.307938422531445509e-03 -9.489515889586901121e-03
3.492147606245462299e+01 -6.310857786092198725e-03 -9.472197403457786186e-03
3.495290919962390319e+01 -6.305171353373821563e-03 -9.439259873801253767e-03
3.496860828902257623e+01 -6.305087369865868853e-03 -9.418251676983770138e-03
3.498430146070848679e+01 -6.304055086404867017e-03 -9.390259830585117803e-03
3.500000183003247400e+01 -6.305497578919364021e-03 -9.364057327698620259e-03
3.503140303056483162e+01 -6.311774783079742573e-03 -9.297265026300023660e-03
3.504711841225358882e+01 -6.312638156509306139e-03 -9.262253090562935429e-03
3.506285036541397204e+01 -6.314202617658679073e-03 -9.227475447563710659e-03
3.509433836311811206e+01 -6.311537906326400091e-03 -9.173532291893007895e-03
3.511010909084622966e+01 -6.312649615929847961e-03 -9.156139768649507529e-03
3.512590194748566574e+01 -6.311823013549195879e-03 -9.142947630070287837e-03
3.514167025456223570e+01 -6.308719743816509212e-03 -9.140246163252187250e-03
3.517316949600971299e+01 -6.307126204537765769e-03 -9.138755200009054599e-03
3.518889912505323281e+01 -6.304797173777436023e-03 -9.147115385368597210e-03
3.520460458823870908e+01 -6.302045236029926549e-03 -9.157201582784536137e-03
3.522030223286297712e+01 -6.303028202329891139e-03 -9.165995666208280948e-03
3.525169359521103729e+01 -6.302011501061357060e-03 -9.180878292420289327e-03
3.526739314601211817e+01 -6.303103170010898593e-03 -9.183181050962998040e-03
3.528309336061276724e+01 -6.306077859227219966e-03 -9.180741316268496710e-03
3.531454520443486444e+01 -6.306657486313889567e-03 -9.204331639397147699e-03
3.533027558789270017e+01 -6.306362290999331655e-03 -9.227333342249214101e-03
3.534603865805225098e+01 -6.305727268371186071e-03 -9.255352518912381490e-03
3.536181037388811887e+01 -6.304217894921112890e-03 -9.284349200943384228e-03
3.539337325113498878e+01 -6.300148018693774166e-03 -9.369524440176420221e-03
3.540912983267352132e+01 -6.298395765734756020e-03 -9.417996749385674701e-03
3.542486667257925603e+01 -6.294750040493421114e-03 -9.468482708470622733e-03
3.544059417765426190e+01 -6.295035018671709184e-03 -9.521270646916893399e-03
3.547200021418260718e+01 -6.291881526417750572e-03 -9.623733256792095167e-03
3.548769454355026198e+01 -6.291055954599777088e-03 -9.664259695015683591e-03
3.550339411508247878e+01 -6.290250769426262989e-03 -9.688187874976031747e-03
3.553479588552269774e+01 -6.291319603743674056e-03 -9.705517163043870382e-03
3.555051356337140334e+01 -6.294249927435198975e-03 -9.722692771875950102e-03
3.556624751262480544e+01 -6.290968679524535680e-03 -9.729954406212630233e-03
3.558197846472415193e+01 -6.291924781461672236e-03 -9.739242268489807161e-03
3.561350806112164236e+01 -6.287660440441067769e-03 -9.760758378888175629e-03
3.562930171705419724e+01 -6.287048945237276414e-03 -9.767910093082556727e-03
3.564507729723753471e+01 -6.283418246447545347e-03 -9.773283773887269169e-03
3.566083128194426877e+01 -6.281496392639681313e-03 -9.776812227114026546e-03
3.569229293660474411e+01 -6.276434630976995485e-03 -9.783314226429288066e-03
3.570800006509278290e+01 -6.274233827983515671e-03 -9.781353063720217914e-03
3.572369201902056801e+01 -6.272274688988994755e-03 -9.773137950856878794e-03
3.575507931192053235e+01 -6.269755848920445344e-03 -9.729299430863468448e-03
3.577077651064936958e+01 -6.268600445387386734e-03 -9.698061076249040943e-03
3.578647851706454475e+01 -6.267974852229606271e-03 -9.661831070804049321e-03
3.580219945806955906e+01 -6.269321527785570031e-03 -9.628560733095238577e-03
3.583367906428357941e+01 -6.267706189643931260e-03 -9.560055420605062526e-03
3.584944489082968744e+01 -6.268632910300346063e-03 -9.526903678478221282e-03
3.586522006437483867e+01 -6.262572954861087872e-03 -9.496091684568865043e-03
3.588101473320077872e+01 -6.261296523166507907e-03 -9.466246642558429417e-03
3.591252487175692210e+01 -6.256911559561656976e-03 -9.413909867046038951e-03
3.592826005197925099e+01 -6.252618562077534407e-03 -9.395014312396181982e-03
3.594397918112447599e+01 -6.253106309855853244e-03 -9.378075701701646047e-03
3.597537844494299009e+01 -6.252894190323578238e-03 -9.334160702407971397e-03
3.599107328367928460e+01 -6.253432072812360049e-03 -9.309064881299906891e-03
3.600677236279958748e+01 -6.253240693631794550e-03 -9.283307433622703039e-03
3.602247095800360199e+01 -6.253778078334461081e-03 -9.253365781740264043e-03
3.605389881393720941e+01 -6.256558139506324633e-03 -9.185928870167054186e-03
3.606963710276175306e+01 -6.258173954993966406e-03 -9.154352688158645668e-03
3.608537702217328302e+01 -6.260324929316533719e-03 -9.127997465061125568e-03
3.610114134169189271e+01 -6.260402422783911160e-03 -9.106850137369407183e-03
3.613270500415475794e+01 -6.256633938444115979e-03 -9.083712482299700908e-03
3.614848220026239289e+01 -6.256528372183899067e-03 -9.081307798757567301e-03
3.616421848865780220e+01 -6.253304912208438454e-03 -9.080979091329882333e-03
3.619567497653172694e+01 -6.252158836270764290e-03 -9.098947354412027094e-03
3.621138154071532966e+01 -6.253426395203429307e-03 -9.109389730112283853e-03
3.622707553687052240e+01 -6.254614793178053973e-03 -9.116862785969041469e-03
3.624277375313678817e+01 -6.254696193837824825e-03 -9.124048786226841498e-03
3.627416669097530644e+01 -6.255370388703181302e-03 -9.129628207649710669e-03
3.628986945928373586e+01 -6.255792881712979141e-03 -9.125505438344946180e-03
3.630559400296583306e+01 -6.256166604750523601e-03 -9.136458069657661663e-03
3.632133226362802247e+01 -6.256848947661092578e-03 -9.153943642487475871e-03
3.635283950945394338e+01 -6.254493903104078358e-03 -9.208235169781179077e-03
3.636861571886194611e+01 -6.253276271417312557e-03 -9.238414541327807580e-03
3.638440379749370379e+01 -6.250542520504404759e-03 -9.279629104225381106e-03
3.640018198012678141e+01 -6.250419233458002176e-03 -9.326822215270640093e-03
3.643165105869432097e+01 -6.244441624093453880e-03 -9.428893809932432576e-03
3.644736749990629221e+01 -6.242857126278811286e-03 -9.480823905354297809e-03
3.646307431504279606e+01 -6.240989735770316807e-03 -9.532629935059887955e-03
3.649446661808759274e+01 -6.243718612419763003e-03 -9.612497413046859965e-03
3.651016793471553257e+01 -6.243126570084806502e-03 -9.627058649778703903e-03
3.652586396289013493e+01 -6.242826438136856587e-03 -9.635605097942397460e-03
3.654156850590766226e+01 -6.242862013348990380e-03 -9.648468122114940010e-03
3.657303077601194730e+01 -6.241299882429517977e-03 -9.671452279040020777e-03
3.658877431321349150e+01 -6.242429537231991392e-03 -9.686004834974469568e-03
3.660454289921365501e+01 -6.236754617811732064e-03 -9.699279018772934483e-03
3.662031818541851180e+01 -6.236417124632942163e-03 -9.709965745927770162e-03
3.665188393543928669e+01 -6.231701826909787252e-03 -9.726500355997501346e-03
3.666762234590907354e+01 -6.226549889396638428e-03 -9.730474587382303628e-03
3.668335502888769639e+01 -6.226351432970889804e-03 -9.736794815165593017e-03
3.671477495223029308e+01 -6.221037212648833879e-03 -9.737462552776457100e-03
3.673046630028520809e+01 -6.222052775997434330e-03 -9.728490055089604113e-03
3.674616232633687218e+01 -6.223678789106491804e-03 -9.708412261316969397e-03
3.676186150009435494e+01 -6.224152706016686243e-03 -9.675528292918430043e-03
3.679326203497704029e+01 -6.222163299389286105e-03 -9.607848248518447570e-03
3.680899049316232663e+01 -6.223331386151035108e-03 -9.575560150505086146e-03
3.682472618931929276e+01 -6.218881303099144629e-03 -9.539525250143343627e-03
3.684047590288386687e+01 -6.218652404521170761e-03 -9.505085516938968984e-03
3.687203510380195581e+01 -6.214216854512644508e-03 -9.438412943276556014e-03
3.688781244021036088e+01 -6.209925412582334436e-03 -9.410544485984891072e-03
3.690358386773440458e+01 -6.207445643732105618e-03 -9.379674971409710654e-03
3.693504367358659835e+01 -6.204844572643430228e-03 -9.335614807451091124e-03
3.695075151328328644e+01 -6.203594416319649536e-03 -9.314011747523193163e-03
3.696645332544258622e+01 -6.200639016501603012e-03 -9.290327153914099481e-03
3.698214619244900803e+01 -6.200329854041107883e-03 -9.262883942608860291e-03
3.701354680591726520e+01 -6.205827916763605699e-03 -9.209464181911417024e-03
3.702924924626707082e+01 -6.207212951109279155e-03 -9.178326311243012806e-03
3.704495907780334818e+01 -6.207074097871248357e-03 -9.142952631190588708e-03
3.706068950156229391e+01 -6.210848650055707763e-03 -9.113202076803706558e-03
3.709217769884466520e+01 -6.207326776200943787e-03 -9.062698389564730408e-03
3.710794896699260192e+01 -6.207797942230540260e-03 -9.044539568309136607e-03
3.712373829596996444e+01 -6.206765708133404717e-03 -9.029028504448170442e-03
3.715527805792917349e+01 -6.202229455616429209e-03 -9.023617829963890419e-03
3.717101275038120178e+01 -6.205787825556708000e-03 -9.027522290073777128e-03
3.718674249893108197e+01 -6.202671202432427471e-03 -9.036748414223654338e-03
3.720245126941303226e+01 -6.201618398231635056e-03 -9.047694955394990773e-03
3.723384585975379224e+01 -6.200517655682429366e-03 -9.063616018089155207e-03
3.724954519392259300e+01 -6.202461337344400936e-03 -9.070455150589708943e-03
3.726524513035240460e+01 -6.205774378708075155e-03 -9.072260492715800845e-03
3.728094406299722152e+01 -6.208453423698043726e-03 -9.071300253439620875e-03
3.731238809832903769e+01 -6.210991695046596574e-03 -9.087012593780054853e-03
3.732811797314516156e+01 -6.207568713856574660e-03 -9.105648035986544514e-03
3.734387494706144395e+01 -6.206644633273946179e-03 -9.133739482850069050e-03
3.737543880249994999e+01 -6.205393443777435826e-03 -9.196667338635102981e-03
3.739120824388181319e+01 -6.201714906659216119e-03 -9.240929253632486698e-03
3.740697510719162722e+01 -6.198416847188329033e-03 -9.289254623591956112e-03
3.742270948144448539e+01 -6.199519958371302146e-03 -9.342855678331912078e-03
3.745414589727315047e+01 -6.193045085766958960e-03 -9.450868544873409702e-03
3.746984497389990310e+01 -6.193315435829798050e-03 -9.502786523319903950e-03
3.748553777793035380e+01 -6.191723227620593052e-03 -9.545352230399817284e-03
3.750123708457809357e+01 -6.191567782505782644e-03 -9.572584183836271160e-03
3.753263787218572389e+01 -6.195102566975937627e-03 -9.592710574752905811e-03
3.754835295903298231e+01 -6.196368067996187515e-03 -9.611275343266098559e-03
3.756408825308071187e+01 -6.194691774766363478e-03 -9.622332935605479309e-03
3.759557838105664018e+01 -6.192055411505251010e-03 -9.646868783598787703e-03
3.761134827317557949e+01 -6.190745125144788731e-03 -9.659060862624435986e-03
3.762714150591315843e+01 -6.189722457719068309e-03 -9.671443707601713388e-03
3.764291252742472693e+01 -6.185371212676330811e-03 -9.679869090238832699e-03
3.767441179633418358e+01 -6.179956892946709100e-03 -9.693496187233427777e-03
3.769014108434754462e+01 -6.179368664411680374e-03 -9.701173160784963903e-03
3.770584962851864930e+01 -6.175266491254966829e-03 -9.702511456094912307e-03
3.772154599567649313e+01 -6.175598661129907789e-03 -9.698097613794637653e-03
3.775293610982894421e+01 -6.173435791939732228e-03 -9.659942618189802654e-03
3.776863458446055688e+01 -6.173161782871801166e-03 -9.626743776587809789e-03
3.778433475360520788e+01 -6.174324069720881977e-03 -9.592093999832417700e-03
3.780005044783347046e+01 -6.177067580057808704e-03 -9.557194585051578123e-03
3.783151805090010811e+01 -6.174281121116185003e-03 -9.486891811350300213e-03
3.784728181821303394e+01 -6.174301213323346062e-03 -9.451675754557917544e-03
3.786305467867335040e+01 -6.170391132473546786e-03 -9.418942591098931547e-03
3.789461875608914454e+01 -6.166595576563417211e-03 -9.356340367011441519e-03
3.791036778559281828e+01 -6.165175493291909226e-03 -9.325734557907160160e-03
3.792610301521364136e+01 -6.159422824842632031e-03 -9.302722113045204522e-03
3.794182548280569023e+01 -6.160468142520464721e-03 -9.280040434187866033e-03
3.797322501354560131e+01 -6.157465201007072085e-03 -9.227676684566175208e-03
3.798891891084402772e+01 -6.157408572545729208e-03 -9.199706151606036955e-03
3.800461875884234786e+01 -6.156583452506038043e-03 -9.173147858199231716e-03
3.802031864556614948e+01 -6.156643774816831192e-03 -9.141075817009266039e-03
3.805174341553085782e+01 -6.161018656204072727e-03 -9.075219038691859433e-03
3.806748183690606169e+01 -6.160377669981902289e-03 -9.045663692708913461e-03
3.808321980133658968e+01 -6.162144758966555010e-03 -9.021503857599484644e-03
3.811475766205995797e+01 -6.160311815496000501e-03 -8.986153962194478803e-03
3.813055061740877960e+01 -6.160790805787047519e-03 -8.976510328363530855e-03
3.814632178263349260e+01 -6.159781690831887813e-03 -8.974136092864527445e-03
3.816206364161674003e+01 -6.159438540161186332e-03 -8.973101918322092668e-03
3.819352379904844241e+01 -6.157329882739302242e-03 -8.989577827805499827e-03
3.820923072479505578e+01 -6.158815519902612057e-03 -8.999352008416833595e-03
3.822492693305472500e+01 -6.157775518053448978e-03 -9.007052892163443583e-03
3.824062077012529670e+01 -6.158927277176411835e-03 -9.012993224912928952e-03
3.827201638987296661e+01 -6.159682876862393984e-03 -9.018455783626739761e-03
3.828771856434359222e+01 -6.160592436921571297e-03 -9.013874647780707391e-03
3.830344099439370353e+01 -6.162299562061475909e-03 -9.023335541272785656e-03
3.833491626708751454e+01 -6.164675491549223736e-03 -9.057548750156681899e-03
3.835067916531699694e+01 -6.165087529844303499e-03 -9.085025548026889539e-03
3.836645155306410970e+01 -6.160740798528583154e-03 -9.115322029032469492e-03
3.838224409008879690e+01 -6.159252168061301463e-03 -9.150897751910446951e-03
3.841376130868286509e+01 -6.154582855873973711e-03 -9.245045085679937449e-03
3.842949802331314402e+01 -6.152246315737257623e-03 -9.301459360422183187e-03
3.844521859954301135e+01 -6.151656783510765086e-03 -9.356310933882804048e-03
3.846092531057216490e+01 -6.152399378072339296e-03 -9.412763549008483846e-03
3.849231670608327249e+01 -6.151622070074172846e-03 -9.503430133084045731e-03
3.850801346047418150e+01 -6.151247208430581266e-03 -9.524382430473770852e-03
3.852370991718372295e+01 -6.150975446623856320e-03 -9.537481476446299511e-03
3.855513751489763763e+01 -6.150505280789479896e-03 -9.571340945186888188e-03
3.857087579570483626e+01 -6.150755769672656276e-03 -9.578010520885395229e-03
3.858661536885545473e+01 -6.151761935373705956e-03 -9.593887345800942296e-03
3.860238132321999416e+01 -6.147922891530006179e-03 -9.610211885997598652e-03
3.863394578132730572e+01 -6.142613593561066510e-03 -9.636979487392274488e-03
3.864972552271429151e+01 -6.141959100037764317e-03 -9.648892448279036346e-03
3.866546180184800363e+01 -6.135874557760236797e-03 -9.656337206685931471e-03
3.868119765723939452e+01 -6.135475631348376833e-03 -9.664122723875701385e-03
3.871262332480223023e+01 -6.132296593240313398e-03 -9.671644275209881000e-03
3.872831638797763532e+01 -6.133839042607068352e-03 -9.665973243190345912e-03
3.874401544362176963e+01 -6.134105877840140796e-03 -9.648066052336265810e-03
3.877540974474797508e+01 -6.133076499235896872e-03 -9.584720469564054005e-03
3.879111289065542678e+01 -6.132957997151469547e-03 -9.548222095457817304e-03
3.880683819615997976e+01 -6.132829193010307621e-03 -9.513755693169539604e-03
3.882257482370180668e+01 -6.131778522590247173e-03 -9.477382847179853520e-03
3.885408719293599233e+01 -6.127967639286761338e-03 -9.405267414990304414e-03
3.886986554068268163e+01 -6.127816061497387383e-03 -9.370491437005457752e-03
3.888564960317803809e+01 -6.124530319254853881e-03 -9.337892927483935554e-03
3.890142401167096153e+01 -6.123991999951569100e-03 -9.304581402423605860e-03
3.893288729924353930e+01 -6.118668588563562320e-03 -9.252120816671163817e-03
3.894859895142008099e+01 -6.117118054128989867e-03 -9.227101011523337545e-03
3.896430289711704376e+01 -6.113811928686386718e-03 -9.199455709768033021e-03
3.899569317797519119e+01 -6.117143064311181613e-03 -9.140361114231240411e-03
3.901139634720775717e+01 -6.118230527192406593e-03 -9.109683408538623434e-03
3.902709544427904831e+01 -6.117744803748128429e-03 -9.078431703490565802e-03
3.904280115213929037e+01 -6.118663266384355426e-03 -9.039866128711916693e-03
3.907426826102853568e+01 -6.117808476632379151e-03 -8.981385827448423731e-03
3.909001874005473809e+01 -6.119377427989527995e-03 -8.959519491944820807e-03
3.910579187019339287e+01 -6.116893764855474078e-03 -8.942973960902288189e-03
3.912157529970289005e+01 -6.117553746277397050e-03 -8.928583087837458146e-03
3.915312285926375324e+01 -6.114758266445127766e-03 -8.923941794646393297e-03
3.916885693036580562e+01 -6.113910657048094062e-03 -8.928225967873570923e-03
3.918458610341389914e+01 -6.114218923290110422e-03 -8.937097701167006150e-03
3.920029689094391756e+01 -6.114343328409633203e-03 -8.947995709526555819e-03
3.923169366161728533e+01 -6.112971848308270881e-03 -8.964764390847436079e-03
3.924739263882815976e+01 -6.116396878973357279e-03 -8.969727021121434718e-03
3.926309274971324470e+01 -6.119726526203466896e-03 -8.969149062500006084e-03
3.929450052435171870e+01 -6.120874598128379397e-03 -8.969183297612358732e-03
3.931022993418746125e+01 -6.124578109795571386e-03 -8.980698672032955826e-03
3.932596157454586461e+01 -6.120531008026066158e-03 -8.995393226543075063e-03
3.934171268402266008e+01 -6.121004365122836681e-03 -9.018322098503891299e-03
3.937326959567457152e+01 -6.119105614022806242e-03 -9.074027354912904755e-03
3.938904517359294744e+01 -6.115935249092701621e-03 -9.109828790149945843e-03
3.940481863456231792e+01 -6.113162953813630618e-03 -9.153601851832183708e-03
3.942055451091357554e+01 -6.115305971718793671e-03 -9.202600092927790479e-03
3.945199404943453203e+01 -6.110191814699581295e-03 -9.311677294111229269e-03
3.946769661008069363e+01 -6.108490621314710024e-03 -9.366830011240575779e-03
3.948338884524509496e+01 -6.107340076098054238e-03 -9.414694488920479984e-03
3.951478655622915426e+01 -6.111385838148921355e-03 -9.465233408205294199e-03
3.953048544493805849e+01 -6.112731049342054468e-03 -9.478280937784562196e-03
3.954619806075124444e+01 -6.111723207773129760e-03 -9.499251271868246888e-03
3.956192787683021805e+01 -6.113922786444952497e-03 -9.515176392534635194e-03
3.959341526137298928e+01 -6.107681349150944489e-03 -9.545363380162893638e-03
3.960918643620563273e+01 -6.107670435312503865e-03 -9.562092332763363206e-03
3.962497899174290694e+01 -6.104789058184438393e-03 -9.580348908496126234e-03
3.964074875593671976e+01 -6.100833361237734988e-03 -9.594725119036926278e-03
3.967225118404908102e+01 -6.098423448664451463e-03 -9.619633264326344496e-03
3.968798183395592361e+01 -6.093997166757015617e-03 -9.630938863965606000e-03
3.970368901951410834e+01 -6.091233881275947767e-03 -9.638805006203298581e-03
3.973508276268653816e+01 -6.089252447795756064e-03 -9.631094243523503212e-03
3.975078265437301184e+01 -6.089302662180047336e-03 -9.610885585731287692e-03
3.976648318586208575e+01 -6.090648002029748487e-03 -9.576602946366075814e-03
3.978218339771154177e+01 -6.093187935976671077e-03 -9.544823745837569678e-03
3.981363084768366889e+01 -6.093322480882071117e-03 -9.475011999958119976e-03
3.982935992642079981e+01 -6.091608203377792997e-03 -9.437306706331608994e-03
3.984512052659710690e+01 -6.090481321878242829e-03 -9.400598023212965865e-03
3.986089198465609940e+01 -6.090093664310814239e-03 -9.365077554693042663e-03
3.989245252071656012e+01 -6.085156513607150285e-03 -9.295572251602731914e-03
3.990821071756707283e+01 -6.082555124735402469e-03 -9.261027498999921045e-03
3.992394417094227066e+01 -6.080894661492619244e-03 -9.233078134175736959e-03
3.995537471611346092e+01 -6.075923175467209773e-03 -9.176878809762022485e-03
3.997106974109092192e+01 -6.076505290486853596e-03 -9.145038977751233575e-03
3.998676326792610070e+01 -6.075140518957401932e-03 -9.111266498557897900e-03
4.000246247923589493e+01 -6.074623054178346186e-03 -9.082249285876210429e-03
4.003386567472355040e+01 -6.077409013930435561e-03 -9.010587616941791514e-03
4.004958340524325422e+01 -6.080590400122907330e-03 -8.974106560334076804e-03
4.006532297579300206e+01 -6.078649269810198694e-03 -8.941476299989613297e-03
4.008105614750829915e+01 -6.079441562475372367e-03 -8.915052975670155477e-03
4.011259560663661006e+01 -6.078037416133609018e-03 -8.879816316251407451e-03
4.012838951257802478e+01 -6.078956515704511156e-03 -8.870167536627372729e-03
4.014415627004711951e+01 -6.076873398433371362e-03 -8.869503477774874287e-03
4.017564152451004134e+01 -6.072922206069761644e-03 -8.878080717988625151e-03
4.019136592253673257e+01 -6.075094365768224369e-03 -8.890005884281522441e-03
4.020707363770622322e+01 -6.073366202248278202e-03 -8.902255118730344544e-03
4.022276723624785433e+01 -6.074305394049170359e-03 -8.912656047298328152e-03
4.025416036979286361e+01 -6.074969279998856941e-03 -8.922459907845865096e-03
4.026985965250065647e+01 -6.075843234265710172e-03 -8.924017900168411399e-03
4.028556179777698532e+01 -6.077799825950844226e-03 -8.920517916091625504e-03
4.030128122931300538e+01 -6.081528110448371910e-03 -8.928600005559466160e-03
4.033275142704519567e+01 -6.082228068042509414e-03 -8.960374142578352019e-03
4.034851444273205345e+01 -6.084640886926061774e-03 -8.984833156648532049e-03
4.036428450534633328e+01 -6.080174835945865303e-03 -9.012236174082755014e-03
4.038007828684403222e+01 -6.080455608531497129e-03 -9.043422871529980742e-03
4.041160080545094502e+01 -6.077449249254608665e-03 -9.123279453007830664e-03
4.042733890715172151e+01 -6.072481755892904058e-03 -9.170491965990143143e-03
4.044306362906429086e+01 -6.073841754288848357e-03 -9.222626381871143475e-03
4.047446850585235723e+01 -6.072137663149450304e-03 -9.325976243138890676e-03
4.049016055346312015e+01 -6.072412001484915611e-03 -9.367604410384497080e-03
4.050585786798460930e+01 -6.071659028184421894e-03 -9.394583862604194424e-03
4.052155509415089085e+01 -6.071294668999523830e-03 -9.409045014517284505e-03
4.055297723495463202e+01 -6.072168480751014702e-03 -9.446172150586360297e-03
4.056871482863727607e+01 -6.071502184771318360e-03 -9.457321310647208781e-03
4.058445299498706760e+01 -6.072310404326196689e-03 -9.473864572690076161e-03
4.060021625409497403e+01 -6.072531958551127297e-03 -9.494014099093199197e-03
4.063178246469475852e+01 -6.064817670352263407e-03 -9.532770858133995592e-03
4.064755882445839319e+01 -6.062457122574159418e-03 -9.551371199596784753e-03
4.066329757320273330e+01 -6.059284625231585973e-03 -9.565987943691272449e-03
4.069475486705272971e+01 -6.054969272596342524e-03 -9.594623808472970902e-03
4.071046123074398793e+01 -6.055507656737703186e-03 -9.603065404269885835e-03
4.072615717159365545e+01 -6.054448127411906147e-03 -9.603861774154601530e-03
4.074185372392734905e+01 -6.053785181987247216e-03 -9.593685701771593327e-03
4.077324989896902707e+01 -6.052968719135486120e-03 -9.536591328301629450e-03
4.078895356098433211e+01 -6.052959774726252885e-03 -9.505850806120163393e-03
4.080467775432711619e+01 -6.053044115041886220e-03 -9.472145672712421749e-03
4.082041553994436356e+01 -6.053762354297077646e-03 -9.436819646643874668e-03
4.085192060400136427e+01 -6.052636890203489176e-03 -9.364890747653032213e-03
4.086769553100990748e+01 -6.050053174045950943e-03 -9.328872835861373378e-03
4.088348510698156701e+01 -6.047935152471536208e-03 -9.292169290192648853e-03
4.091499429878464866e+01 -6.042412864071656717e-03 -9.224851632332255191e-03
4.093072809645283172e+01 -6.041839871178652892e-03 -9.196481160604062441e-03
4.094644283849631705e+01 -6.040510153566788429e-03 -9.165639519242024108e-03
4.096214642901839653e+01 -6.040261769630021066e-03 -9.134249187048150073e-03
4.099353783030463205e+01 -6.041743811144236441e-03 -9.065205473526322111e-03
4.100923662249162760e+01 -6.041422463823747056e-03 -9.030563544181859428e-03
4.102493323084816268e+01 -6.041504309290073212e-03 -8.994246803980568764e-03
4.104063800425542752e+01 -6.042034037640113195e-03 -8.952759906083350080e-03
4.107210579047111310e+01 -6.042582524456666798e-03 -8.882047200894981759e-03
4.108785068667787499e+01 -6.044547732114933722e-03 -8.856001475330910547e-03
4.110362128221620281e+01 -6.040504792463430306e-03 -8.836217348626343449e-03
4.113518493122803221e+01 -6.038828999002690025e-03 -8.814779515006726518e-03
4.115095746750535710e+01 -6.039651173193422325e-03 -8.812706513061379851e-03
4.116668877580885777e+01 -6.034823178261749903e-03 -8.817628818830252832e-03
4.118242094509845685e+01 -6.036522692957216676e-03 -8.826101084757769638e-03
4.121383763916390564e+01 -6.034361339289704210e-03 -8.852579944263737691e-03
4.122953043092018532e+01 -6.037221499939360476e-03 -8.862900528448595591e-03
4.124522908392918907e+01 -6.039611201168779836e-03 -8.870545726446875390e-03
4.126093216429655541e+01 -6.040999729461869402e-03 -8.870524760466434039e-03
4.129233387991507698e+01 -6.043025948245822621e-03 -8.870688267900127266e-03
4.130806229927414108e+01 -6.044814377509902595e-03 -8.884453374381599128e-03
4.132379711835439906e+01 -6.043429491586063858e-03 -8.899848441186915260e-03
4.135531394400768335e+01 -6.042205754024377803e-03 -8.949496216295682247e-03
4.137109146917545388e+01 -6.043063425491791534e-03 -8.980573978659291134e-03
4.138687415617430077e+01 -6.040360727817461507e-03 -9.015311593035100005e-03
4.140265109742760075e+01 -6.039884052318062781e-03 -9.055590601373644105e-03
4.143411976557348453e+01 -6.037366275870197953e-03 -9.147146835158858832e-03
4.144983411114897365e+01 -6.036625376630791982e-03 -9.196992347971447851e-03
4.146554024519976167e+01 -6.033408188891964223e-03 -9.246457048284939875e-03
4.148123248527356566e+01 -6.034140930745111528e-03 -9.293228623742278913e-03
4.151262927290821381e+01 -6.038458572691425552e-03 -9.346766892995255274e-03
4.152832854029673371e+01 -6.037843492897903251e-03 -9.357273390887124037e-03
4.154403283063044938e+01 -6.037306522984975735e-03 -9.376185653301729109e-03
4.157549386314127560e+01 -6.034868606952781961e-03 -9.407587182872195058e-03
4.159124397382719707e+01 -6.034342533641649797e-03 -9.429276884425135882e-03
4.160701573280562116e+01 -6.032375297726907774e-03 -9.448770941922722544e-03
4.162280190800178303e+01 -6.030196153952747939e-03 -9.469766952286557890e-03
4.165435074849632713e+01 -6.022494126639771350e-03 -9.510360651983833929e-03
4.167008524384046808e+01 -6.022960632920879714e-03 -9.525667224425833635e-03
4.168581288201719559e+01 -6.019642872495024541e-03 -9.543209340310580477e-03
4.170152207139076950e+01 -6.017558422274266010e-03 -9.558229000715500259e-03
4.173291711049797215e+01 -6.013558804172115628e-03 -9.565338635508947168e-03
4.174861706758872515e+01 -6.014925249340030353e-03 -9.551212152653336049e-03
4.176431826848051543e+01 -6.017498176921419820e-03 -9.521213334451109761e-03
4.178001925577154196e+01 -6.018523252447274471e-03 -9.493151476625605323e-03
4.181146208809945364e+01 -6.020212049806017429e-03 -9.430364469873326119e-03
4.182719378845111180e+01 -6.015529137581760583e-03 -9.396420251595909851e-03
4.184294995272779971e+01 -6.014788444796032550e-03 -9.361180704588840593e-03
4.187451278722462433e+01 -6.012806338082024062e-03 -9.288766337794646805e-03
4.189028265491771919e+01 -6.009754688349461596e-03 -9.256373912606462653e-03
4.190604975392526654e+01 -6.006388354623939246e-03 -9.220988412787326297e-03
4.192178194648543865e+01 -6.008975984296005546e-03 -9.189729100976833445e-03
4.195321439429256571e+01 -6.003091858895253860e-03 -9.127756033373672639e-03
4.196891246724752733e+01 -6.003032923725696787e-03 -9.093389322533730959e-03
4.198460514197248727e+01 -6.001668181825758376e-03 -9.054759831912673196e-03
4.200030411973382627e+01 -6.002320768229048309e-03 -9.023018429304672378e-03
4.203170440783748774e+01 -6.007550830279251991e-03 -8.944950811070745411e-03
4.204741986726451586e+01 -6.008250896761635138e-03 -8.903672807945666595e-03
4.206315420479743494e+01 -6.008710627459238653e-03 -8.864603130164449077e-03
4.209464843938212653e+01 -6.006037142414255396e-03 -8.806415707439854690e-03
4.211042252656584139e+01 -6.006639723174407759e-03 -8.786081076633842774e-03
4.212621807804269025e+01 -6.006114841217526090e-03 -8.772290214818579887e-03
4.214198206934094770e+01 -6.003060129336093217e-03 -8.765623965420249117e-03
4.217347265261570044e+01 -6.001166168763957288e-03 -8.769552639943379441e-03
4.218919999659385667e+01 -5.999955717127771621e-03 -8.779203686106271803e-03
4.220490291456560783e+01 -5.997501889736037151e-03 -8.792537805449456706e-03
4.222059907192416262e+01 -5.999189432980032294e-03 -8.803332239669527798e-03
4.225199319296638123e+01 -5.999186647527752006e-03 -8.817355302272062226e-03
4.226769427091596043e+01 -6.000586219833911085e-03 -8.818237280059112657e-03
4.228339604397476137e+01 -6.004186882481572958e-03 -8.816413026721750187e-03
4.231484953369618296e+01 -6.006530619851211533e-03 -8.838154581285425151e-03
4.233057938058742309e+01 -6.007509709467013202e-03 -8.858039403740693499e-03
4.234634265010733145e+01 -6.007965491500337485e-03 -8.884516810173999357e-03
4.236211250525218475e+01 -6.007018367454571364e-03 -8.913780815197185417e-03
4.239367627130199168e+01 -6.005141209110604131e-03 -8.987132845439635073e-03
4.240943341018183332e+01 -6.004409742366149071e-03 -9.030763661091194619e-03
4.242517175516255890e+01 -6.000963749575124843e-03 -9.076554006841874855e-03
4.244089972496585261e+01 -6.002193160181265238e-03 -9.125876689110325873e-03
4.247230627104009670e+01 -5.999786798268621352e-03 -9.223561211367390517e-03
4.248799873537998906e+01 -5.999377003279612007e-03 -9.264528904145126129e-03
4.250369682746400457e+01 -5.998841097985133444e-03 -9.292496893659497881e-03
4.253509513489581906e+01 -5.999629673130372869e-03 -9.316239084378924451e-03
4.255081188309527107e+01 -6.002465728579152102e-03 -9.339806630186305025e-03
4.256654701325773260e+01 -5.999557260029449342e-03 -9.353685339170393631e-03
4.258227991658313272e+01 -6.000392059188185828e-03 -9.369833128114806245e-03
4.261381438552277956e+01 -5.995879866593660512e-03 -9.411711566509325250e-03
4.262960888848566299e+01 -5.995388254360240268e-03 -9.433706475680571357e-03
4.264538128244377191e+01 -5.991805584317861678e-03 -9.455747510912687614e-03
4.266112926613577372e+01 -5.989931306007902599e-03 -9.474201262342447916e-03
4.269258826630102988e+01 -5.984448228244564592e-03 -9.511245916444734105e-03
4.270829578367263935e+01 -5.982915371844421681e-03 -9.524343986245902005e-03
4.272398927447266459e+01 -5.980777858598969321e-03 -9.531517804024855142e-03
4.275538218224152587e+01 -5.979124530602063746e-03 -9.507073272951544612e-03
4.277108146478798290e+01 -5.978586932424431212e-03 -9.477618296552119820e-03
4.278678523939675671e+01 -5.978619503318566633e-03 -9.450922884341492886e-03
4.280250750804916748e+01 -5.980194713357314500e-03 -9.421314183040926243e-03
4.283398470312616269e+01 -5.980304924220718708e-03 -9.354927883764999411e-03
4.284974907820880219e+01 -5.981600946742425019e-03 -9.321901435110978990e-03
4.286552187379154333e+01 -5.976492670691492710e-03 -9.287304505405418603e-03
4.288131535260721705e+01 -5.975609477465343086e-03 -9.250235189855722170e-03
4.291282811333985592e+01 -5.972307129120628735e-03 -9.183263378989810558e-03
4.292856405511687967e+01 -5.969036968057219068e-03 -9.153267134577225753e-03
4.294428333193739178e+01 -5.969583351354140754e-03 -9.123354720038475210e-03
4.297568224183746821e+01 -5.969943244258865862e-03 -9.050681993819231427e-03
4.299137661413089972e+01 -5.970150773008739073e-03 -9.015168353611307389e-03
4.300707386971670587e+01 -5.970140788468605159e-03 -8.979303811013056302e-03
4.302277099186124332e+01 -5.970362575031121569e-03 -8.938204836840300122e-03
4.305419816842679381e+01 -5.971960061657156059e-03 -8.855548360086217333e-03
4.306993842625228552e+01 -5.973133023314966539e-03 -8.816395063137397528e-03
4.308567947847346602e+01 -5.974852705061997615e-03 -8.784951705880584064e-03
4.310144594720788547e+01 -5.974070241650595962e-03 -8.760388484387218733e-03
4.313301277107386511e+01 -5.970082376014563923e-03 -8.728593734385328359e-03
4.314878696430928784e+01 -5.969806151005852164e-03 -8.721731788932596263e-03
4.316451805475544035e+01 -5.966147630483824640e-03 -8.721365015491654854e-03
4.318025235189760025e+01 -5.965751036879990421e-03 -8.725746623887288556e-03
4.321167128425955184e+01 -5.966064011136133771e-03 -8.747107002953174656e-03
4.322736400097945619e+01 -5.967463586615207906e-03 -8.755335684969330762e-03
4.324306384107952539e+01 -5.967945029824705747e-03 -8.763499756234352164e-03
4.327446039506801867e+01 -5.969305092974380202e-03 -8.766725451819567388e-03
4.329016501180868204e+01 -5.970635781267695681e-03 -8.764288270884624046e-03
4.330589128281275180e+01 -5.971655983089053064e-03 -8.776433140578479564e-03
4.332162989681958720e+01 -5.972942739051156393e-03 -8.793158629837179510e-03
4.335313997897900151e+01 -5.971860327099384746e-03 -8.845065298421984218e-03
4.336891551966026981e+01 -5.972095150858921023e-03 -8.877069056416707696e-03
4.338470229316985893e+01 -5.970480831290491536e-03 -8.915968257058202659e-03
4.340048025539582000e+01 -5.971417731427921399e-03 -8.958883948634173769e-03
4.343195258545761561e+01 -5.967486806961929714e-03 -9.054059301140978192e-03
4.344767051748532793e+01 -5.966562314435060362e-03 -9.104025634775686840e-03
4.346337873924892392e+01 -5.965050624441217871e-03 -9.154183041198820162e-03
4.349476961775999939e+01 -5.968954583697043230e-03 -9.236246877720300993e-03
4.351047011827603228e+01 -5.968770493289917572e-03 -9.255959985515661501e-03
4.352616448648370806e+01 -5.968613003312480715e-03 -9.265692508829928564e-03
4.354186696432255133e+01 -5.968736429862557535e-03 -9.282651692165957633e-03
4.357332773546949767e+01 -5.967196716334240321e-03 -9.316863704544512889e-03
4.358907119589236601e+01 -5.968135809937099440e-03 -9.339395584852843574e-03
4.360484124843671339e+01 -5.963129701847222873e-03 -9.360180050426445200e-03
4.362061941231880979e+01 -5.962780118077974471e-03 -9.380654033373824960e-03
4.365217974943488599e+01 -5.957458097772377545e-03 -9.424548081889853879e-03
4.366791453356707819e+01 -5.952804159822109448e-03 -9.441996845237008232e-03
4.368364433044908424e+01 -5.952146775693861747e-03 -9.462538960773972038e-03
4.371505991630226617e+01 -5.946145163295731007e-03 -9.492631257635754383e-03
4.373075170071526685e+01 -5.946548403972204931e-03 -9.497426426627320062e-03
4.374644980967786267e+01 -5.948046920447082504e-03 -9.487713429142775184e-03
4.376215136838349196e+01 -5.949142892503754207e-03 -9.461717948164827599e-03
4.379355848795047024e+01 -5.947681196069158974e-03 -9.409339080451439852e-03
4.380928878246366054e+01 -5.949354532021227000e-03 -9.379968898714416067e-03
4.382502469022067970e+01 -5.945271550695464292e-03 -9.347851068947563707e-03
4.384077650728860931e+01 -5.945567278661742679e-03 -9.315254290613313171e-03
4.387233521687790727e+01 -5.942516067800154497e-03 -9.247033946716044089e-03
4.388811117401371575e+01 -5.939347716857582178e-03 -9.213867746497414815e-03
4.390388216244043207e+01 -5.937559570271896785e-03 -9.180407393659842374e-03
4.393534272206472480e+01 -5.936560331629144732e-03 -9.119112364652256705e-03
4.395105088009420058e+01 -5.935922901974265836e-03 -9.085910088154689271e-03
4.396675214729245340e+01 -5.933758242610071704e-03 -9.050041904222922221e-03
4.398244457885271430e+01 -5.933653492435034260e-03 -9.010376771535920717e-03
4.401384330762286368e+01 -5.939366130413514799e-03 -8.935903706344896016e-03
4.402954390682533159e+01 -5.940884954514933682e-03 -8.894747467446863926e-03
4.404525429117173729e+01 -5.940477006255120984e-03 -8.848997637272053643e-03
4.406098433491474253e+01 -5.944161624198760277e-03 -8.808180999330506022e-03
4.409247291405473135e+01 -5.940201587180774477e-03 -8.740227668662768970e-03
4.410824609976503297e+01 -5.941035160539143503e-03 -8.715465473936848464e-03
4.412403817816509388e+01 -5.939513500183185232e-03 -8.697485625970412249e-03
4.415557249844417242e+01 -5.934200203409842507e-03 -8.680492735336445970e-03
4.417130310939122495e+01 -5.937286124253693224e-03 -8.680201961876875261e-03
4.418703046889272912e+01 -5.934013290992579993e-03 -8.684791733180971529e-03
4.420273519118277505e+01 -5.932621493713327934e-03 -8.694333112381363166e-03
4.423412712670803870e+01 -5.931799220713655438e-03 -8.708016403491024293e-03
4.424982714319858701e+01 -5.933306618331370651e-03 -8.713794257565448537e-03
4.426552850773244074e+01 -5.936419119307591655e-03 -8.714840031074934032e-03
4.428122944293286167e+01 -5.939925797674544886e-03 -8.713561761513376538e-03
4.431267753654883279e+01 -5.942625039220804546e-03 -8.731732035500613595e-03
4.432840903460894566e+01 -5.940490900867958016e-03 -8.751347542737621804e-03
4.434416931130164130e+01 -5.940283988902628383e-03 -8.779074290319112059e-03
4.437573349319065130e+01 -5.940762449117296777e-03 -8.843530962730133949e-03
4.439150106544383334e+01 -5.938254571029429919e-03 -8.886212101589839943e-03
4.440726589702446603e+01 -5.936083339742888321e-03 -8.932612733476381559e-03
4.442300226637190974e+01 -5.937577572433914812e-03 -8.981874328029389176e-03
4.445444231058359463e+01 -5.932884911320295517e-03 -9.084658002369955590e-03
4.447014250682108383e+01 -5.933713607512938575e-03 -9.135115613340056770e-03
4.448583549257187286e+01 -5.932809690131868145e-03 -9.177867344278622247e-03
4.450153435329257690e+01 -5.933046488580754826e-03 -9.207728204587681958e-03
4.453293255804337747e+01 -5.936644304246531216e-03 -9.232552206954272936e-03
4.454864594213384521e+01 -5.938569301616120413e-03 -9.255447621995633797e-03
4.456438035865599545e+01 -5.936745718286939692e-03 -9.271618096567150677e-03
4.458010786105783296e+01 -5.935922504832024001e-03 -9.287070192646089753e-03
4.461163867043723030e+01 -5.933230647268568012e-03 -9.329921122174667653e-03
4.462743172549625115e+01 -5.932479069650237885e-03 -9.351463698591057361e-03
4.464320224250936064e+01 -5.928082346714819498e-03 -9.372443381094662171e-03
4.467469625546908674e+01 -5.921772098298975356e-03 -9.410432374046286824e-03
4.469042254915819257e+01 -5.921027416773670844e-03 -9.431925642936111326e-03
4.470612897556344478e+01 -5.916776964684784638e-03 -9.447582373811425765e-03
4.472182259916539238e+01 -5.916496060568091596e-03 -9.457796485977181325e-03
4.475321411436339503e+01 -5.913511307159752262e-03 -9.442837721676708776e-03
4.476891394109502187e+01 -5.912936319537270488e-03 -9.414828406191436475e-03
4.478461682256457266e+01 -5.913841235946406920e-03 -9.389263697945689213e-03
4.480033577392309496e+01 -5.916487955492562463e-03 -9.364115522370571390e-03
4.483180950120944885e+01 -5.914209910850330189e-03 -9.303130252028746563e-03
4.484757532360718102e+01 -5.914842304108011359e-03 -9.272815037578110986e-03
4.486334877804393528e+01 -5.911049284997065695e-03 -9.240504583036986824e-03
4.489491245508705930e+01 -5.908895592920001237e-03 -9.174809820180722733e-03
4.491065901183177544e+01 -5.908301868356090510e-03 -9.141924090468047173e-03
4.492639446264488612e+01 -5.903515218153833344e-03 -9.111893484512370578e-03
4.494211679849426133e+01 -5.905377857568401556e-03 -9.082546966965749161e-03
4.497351633979402408e+01 -5.903973022456393376e-03 -9.009953817660896688e-03
4.498920997214059270e+01 -5.904606799610277908e-03 -8.972174315341113759e-03
4.500490903414719668e+01 -5.904226554286029667e-03 -8.936012475559869384e-03
4.502060771749020063e+01 -5.904782961178455317e-03 -8.891942660963372477e-03
4.505203105488958926e+01 -5.909057209095045643e-03 -8.804575151215725953e-03
4.506776905080311479e+01 -5.908866237071751584e-03 -8.761273952771864854e-03
4.508350671112861363e+01 -5.910641719098361918e-03 -8.725435742135785253e-03
4.511504507117049201e+01 -5.908717598507013877e-03 -8.671752416322351179e-03
4.513083830853050671e+01 -5.908882079344996568e-03 -8.655646883771283065e-03
4.514660932561817219e+01 -5.907606958084767046e-03 -8.644440860604481539e-03
4.516234762137774794e+01 -5.906711144139902524e-03 -8.639631392849497771e-03
4.519380207525649951e+01 -5.904096862336212156e-03 -8.643929998950602642e-03
4.520950568460711594e+01 -5.905464659534949250e-03 -8.651424134507736119e-03
4.522520049538331932e+01 -5.904202450700181057e-03 -8.655913614573032544e-03
4.524089489293017152e+01 -5.905096528749951244e-03 -8.661519797967429449e-03
4.527229220806939480e+01 -5.905814311831247138e-03 -8.664859615127190953e-03
4.528799623942276042e+01 -5.906803901355141100e-03 -8.661484589430831077e-03
4.530371999243552494e+01 -5.908635230583327361e-03 -8.671180585832881024e-03
4.533520106197610033e+01 -5.911986964548102130e-03 -8.710218633818062745e-03
4.535096602396869514e+01 -5.912163514865583121e-03 -8.739514408167024795e-03
4.536674014160963253e+01 -5.909104661645840639e-03 -8.771197864348243695e-03
4.538253106512824786e+01 -5.908173174501767273e-03 -8.811973344238789238e-03
4.541404439183143182e+01 -5.905136172122938364e-03 -8.907780688200316738e-03
4.542978241654358129e+01 -5.904043400646468570e-03 -8.961462588582878516e-03
4.544550358722782590e+01 -5.903701051458572560e-03 -9.014323563286772562e-03
4.546121203199151495e+01 -5.905025848800721060e-03 -9.068179950559031657e-03
4.549260570127471226e+01 -5.905837063052741566e-03 -9.157242262863511673e-03
4.550830224930340506e+01 -5.905801847608246197e-03 -9.179971131454849054e-03
4.552399814831189673e+01 -5.905987088510830305e-03 -9.192655330573423766e-03
4.555542379627097205e+01 -5.906031917146082992e-03 -9.232242534436507081e-03
4.557115990998376986e+01 -5.906447608782692225e-03 -9.244082960447316116e-03
4.558689775502527652e+01 -5.907726181340682350e-03 -9.265899270757681216e-03
4.560266301229744101e+01 -5.903795047643075992e-03 -9.287099371217098775e-03
4.563422646333305721e+01 -5.899214064563320682e-03 -9.326303773031754257e-03
4.565000639259426407e+01 -5.898602660190471920e-03 -9.347093229735353032e-03
4.566574155167180749e+01 -5.892286349308426853e-03 -9.363642164645734692e-03
4.568147506359931498e+01 -5.891495504796974252e-03 -9.382496218322157813e-03
4.571289505215204230e+01 -5.887072520214798460e-03 -9.414024061746704974e-03
4.572858597684331272e+01 -5.888204000685713820e-03 -9.421116740967266923e-03
4.574428388120128375e+01 -5.888118253259250721e-03 -9.414373412597192708e-03
4.577568043854866886e+01 -5.886161380947973684e-03 -9.365580135722093372e-03
4.579138546975983814e+01 -5.885928305521919736e-03 -9.340497484225872629e-03
4.580711358051615179e+01 -5.885691395408255804e-03 -9.314531812239039074e-03
4.582285395170183762e+01 -5.884251471723052178e-03 -9.284571497078139210e-03
4.585437256270783735e+01 -5.880623333758192711e-03 -9.225372589603939369e-03
4.587015404840577304e+01 -5.880773891453260765e-03 -9.193013240443788023e-03
4.588593613837281993e+01 -5.878023171252559458e-03 -9.161305676717050248e-03
4.590170874140446244e+01 -5.878004331304273987e-03 -9.131096985116963702e-03
4.593317065676735922e+01 -5.874710090965087894e-03 -9.073451005028017671e-03
4.594888130902563717e+01 -5.874216618149992811e-03 -9.043480737941115774e-03
4.596458482974654203e+01 -5.871574411984308711e-03 -9.008825237203109404e-03
4.598027739180964346e+01 -5.873614851106754610e-03 -8.970853454220054785e-03
4.601167850651015812e+01 -5.878022501254575281e-03 -8.894883594728135792e-03
4.602737724864132218e+01 -5.878037083428334572e-03 -8.852467218478420399e-03
4.604308219882639719e+01 -5.879247716405374032e-03 -8.803942170045564800e-03
4.607454697422542012e+01 -5.879342694089499492e-03 -8.719070013078930939e-03
4.609029671908764669e+01 -5.881096382402316129e-03 -8.684545994251488543e-03
4.610606943792250689e+01 -5.879263170153407013e-03 -8.655260740092469637e-03
4.612185252912422584e+01 -5.879671506725227259e-03 -8.632065520471344372e-03
4.615340024927495932e+01 -5.876202141446363811e-03 -8.605969597877783511e-03
4.616913259216327958e+01 -5.875771288760603221e-03 -8.601421287554061879e-03
4.618485938895502585e+01 -5.875389444623001570e-03 -8.600410720292024983e-03
4.620056747324618840e+01 -5.874883345820209289e-03 -8.604959724176996713e-03
4.623196101625697452e+01 -5.873115504408662341e-03 -8.610753567220623406e-03
4.624765989585721115e+01 -5.875920685957984613e-03 -8.613777961283137705e-03
4.626336042572364704e+01 -5.879060117309939729e-03 -8.613980733117494043e-03
4.629477134277098571e+01 -5.880233975949682515e-03 -8.611495381568988472e-03
4.631050176531665130e+01 -5.883849905622355776e-03 -8.622428100659322581e-03
4.632623637324005728e+01 -5.880047792257076140e-03 -8.640214011951918849e-03
4.634199124872445452e+01 -5.880389960099137101e-03 -8.667502896413929736e-03
4.637355328819400313e+01 -5.879350517829148685e-03 -8.732555796689545416e-03
4.638932470369771721e+01 -5.876829508805202044e-03 -8.778015142141253752e-03
4.640509432362117082e+01 -5.874490886469752211e-03 -8.827877692068943419e-03
4.642082884478684690e+01 -5.877488904756173783e-03 -8.881882097266396991e-03
4.645226909357216982e+01 -5.873425310990869168e-03 -8.994191088450599614e-03
4.646797230443242199e+01 -5.872454647668748536e-03 -9.050034271970623309e-03
4.648366615694818194e+01 -5.871658214594469884e-03 -9.098775731408898643e-03
4.651506551062015404e+01 -5.876329493190693594e-03 -9.150583893060030768e-03
4.653076458445408292e+01 -5.878143893896092299e-03 -9.166239866346027540e-03
4.654647737913497707e+01 -5.877816359477672573e-03 -9.189080504826729542e-03
4.656220610134910487e+01 -5.879993451228309083e-03 -9.208532703712069695e-03
4.659368910599847169e+01 -5.874878831410045021e-03 -9.247485119877585022e-03
4.660945901841375161e+01 -5.875046998948350342e-03 -9.267751103596757328e-03
4.662525001132123492e+01 -5.872590412463976617e-03 -9.288910571612237627e-03
4.664102106610278753e+01 -5.868619127616550406e-03 -9.307454161861987083e-03
4.667252386642507389e+01 -5.865628397901256549e-03 -9.341758928371864112e-03
4.668825315181652513e+01 -5.861428428804575305e-03 -9.360198935606701617e-03
4.670395797307755714e+01 -5.858065164419353106e-03 -9.375147566836952717e-03
4.673534656434937062e+01 -5.855337017223062775e-03 -9.384670087347167164e-03
4.675104466621008470e+01 -5.854554842272798910e-03 -9.371796333334660167e-03
4.676674452106563962e+01 -5.855068869763869165e-03 -9.343863968200753073e-03
4.678244525205551696e+01 -5.857311742410996856e-03 -9.317364196805138013e-03
4.681389843081529278e+01 -5.856355864054392860e-03 -9.265049531066249164e-03
4.682963096982982876e+01 -5.854666816536390275e-03 -9.234815778108827755e-03
4.684539499960386877e+01 -5.853496225619998078e-03 -9.205794504869923428e-03
4.686116903227019037e+01 -5.852587640719541032e-03 -9.176293079090099350e-03
4.689273012293251242e+01 -5.848753818460752235e-03 -9.115448907329766828e-03
4.690848552435890184e+01 -5.846796940350630287e-03 -9.085480310763470457e-03
4.692421876366253031e+01 -5.845034076265443433e-03 -9.057536821419156364e-03
4.695564793936845405e+01 -5.841867739047103616e-03 -9.001640486894937551e-03
4.697134237883474839e+01 -5.843232018662485906e-03 -8.966850639875083642e-03
4.698703645810702056e+01 -5.842766822434290915e-03 -8.928885811038034595e-03
4.700273652190721663e+01 -5.842817698757716768e-03 -8.894461227528578651e-03
4.703413918646121061e+01 -5.846464745356392059e-03 -8.806683540957274681e-03
4.704985688529836096e+01 -5.850338330628395388e-03 -8.763296104002653991e-03
4.706559482270746031e+01 -5.849046357251917391e-03 -8.719464309995152498e-03
4.708132694955515518e+01 -5.850684761562841528e-03 -8.680150520653557786e-03
4.711286354245452657e+01 -5.850057877049097931e-03 -8.618879154724425409e-03
4.712865705035302000e+01 -5.851123924141229428e-03 -8.598081313995755218e-03
4.714442560119411496e+01 -5.849149766016303875e-03 -8.583211063668206436e-03
4.716017453542203697e+01 -5.849013408854344606e-03 -8.573244386590704591e-03
4.719163248114097087e+01 -5.846981473668129252e-03 -8.567017307685683911e-03
4.720733849452471986e+01 -5.845632002822532050e-03 -8.569771219400184117e-03
4.722303050104647326e+01 -5.845873047074227023e-03 -8.569679838162791094e-03
4.725442303734227778e+01 -5.846212078928931903e-03 -8.571018217872651904e-03
4.727012180152210163e+01 -5.846837456558473881e-03 -8.569769963534919904e-03
4.728582444458839262e+01 -5.848221225102384450e-03 -8.564277424266825145e-03
4.730154453319735808e+01 -5.851603918875595764e-03 -8.567785006218523597e-03
4.733302067371453603e+01 -5.852392344783815745e-03 -8.598626604043016833e-03
4.734878589478910982e+01 -5.854707773454951789e-03 -8.627359557140869273e-03
4.736455892389390954e+01 -5.850260058874142896e-03 -8.658196546477753622e-03
4.738035297112561750e+01 -5.850415803265343433e-03 -8.697612674894161788e-03
4.741186721499246914e+01 -5.848227897469337674e-03 -8.797833595927097294e-03
4.742760475537888709e+01 -5.843929706684195848e-03 -8.855907087448690318e-03
4.744332803023365841e+01 -5.845349276972749974e-03 -8.913875201644522184e-03
4.747473293668743111e+01 -5.844760058450554352e-03 -9.029062084344136735e-03
4.749042743747504858e+01 -5.845506695557405388e-03 -9.074420672941422780e-03
4.750612586225997802e+01 -5.845030958265228643e-03 -9.103592642871041751e-03
4.752182393824796236e+01 -5.845141599705921086e-03 -9.121377970514212355e-03
4.755324802802807937e+01 -5.846710896087589301e-03 -9.167930198115003051e-03
4.756898347308668917e+01 -5.846584558792724054e-03 -9.183782560965020672e-03
4.758472014605687406e+01 -5.847878873040633640e-03 -9.205301787789514981e-03
4.760048179630044274e+01 -5.848156794646387074e-03 -9.229728448012921443e-03
4.763204503234186404e+01 -5.841345691184437333e-03 -9.273976597854354312e-03
4.764782446682570338e+01 -5.839435342913806316e-03 -9.294488381241047467e-03
4.766356463974103974e+01 -5.835892030459355166e-03 -9.310421403545741242e-03
4.769502054006609626e+01 -5.831891011293922032e-03 -9.344265204236276365e-03
4.771072502609656141e+01 -5.831971509088535247e-03 -9.355382317115841159e-03
4.772641857926645770e+01 -5.831021712474038568e-03 -9.360715794593603076e-03
4.774211348957351220e+01 -5.829732826930651354e-03 -9.354242143639994456e-03
4.777350623777051908e+01 -5.828117616423540530e-03 -9.304995293561862252e-03
4.778920942511725656e+01 -5.827466971130079894e-03 -9.278228570528436470e-03
4.780493409291707252e+01 -5.827122431722958282e-03 -9.251439395437207475e-03
4.782067581095650866e+01 -5.827254120790811842e-03 -9.221139761785398375e-03
4.785218664764038010e+01 -5.824960662346454279e-03 -9.161988156797588184e-03
4.786796578649943967e+01 -5.822797004191567448e-03 -9.131003454841893699e-03
4.788375410543924460e+01 -5.820474322728781159e-03 -9.099484183131136689e-03
4.791525916330605384e+01 -5.815120312401203875e-03 -9.041527688392518927e-03
4.793099234696829569e+01 -5.815262771887854711e-03 -9.016636522657219335e-03
4.794670585221319925e+01 -5.814022016215638494e-03 -8.989263764013313493e-03
4.796240918670298470e+01 -5.813817069072464531e-03 -8.958567721677685239e-03
4.799380153869514487e+01 -5.816490945028575908e-03 -8.887765887197298861e-03
4.800950201082994795e+01 -5.816561431739579457e-03 -8.850637781089625011e-03
4.802519891933792451e+01 -5.817433270692269273e-03 -8.809909430569647093e-03
4.804090376710551169e+01 -5.818801596011065336e-03 -8.762689343830188868e-03
4.807237009553973195e+01 -5.820603882423380608e-03 -8.678095029975688851e-03
4.808811475136233327e+01 -5.823107605130584639e-03 -8.641183114766724099e-03
4.810388443782702694e+01 -5.819642382991669499e-03 -8.610134634620496968e-03
4.813544624186875609e+01 -5.819211160070436421e-03 -8.565120387844101305e-03
4.815122013919501853e+01 -5.820266395638046784e-03 -8.550756071144962819e-03
4.816695301642680249e+01 -5.816105990462587180e-03 -8.542496537257597902e-03
4.818268490245187508e+01 -5.817765010724220906e-03 -8.536775017191399265e-03
4.821410005436786150e+01 -5.815704064921712636e-03 -8.537258353139683120e-03
4.822979212063523136e+01 -5.818418301909726066e-03 -8.535705998646741025e-03
4.824549000410012667e+01 -5.820887368487509018e-03 -8.535051613867099610e-03
4.826119193552339937e+01 -5.822322853044769805e-03 -8.533306809610022303e-03
4.829259336156032845e+01 -5.823599232674941430e-03 -8.524211306986762687e-03
4.830832178903310847e+01 -5.825495152903511879e-03 -8.530500218699188855e-03
4.832405902025189448e+01 -5.823594897409935071e-03 -8.542384411948569095e-03
4.835558034122367133e+01 -5.822476495550608401e-03 -8.593146672438876574e-03
4.837136238622008477e+01 -5.822847580306572679e-03 -8.625136153236423811e-03
4.838714161254949175e+01 -5.819980754953865687e-03 -8.667968639383651780e-03
4.840291459982864808e+01 -5.819270588043141609e-03 -8.716169147483351226e-03
4.843437855530115854e+01 -5.817578798458232156e-03 -8.830998676314715662e-03
4.845009007628694064e+01 -5.817177724503895010e-03 -8.890346105416592482e-03
4.846579472778863362e+01 -5.814267265495867178e-03 -8.950071123571001069e-03
4.848148848235796748e+01 -5.814917754009774932e-03 -9.004499051740026336e-03
4.851288839724796986e+01 -5.820035844636928420e-03 -9.068005946417026855e-03
4.852858972376812119e+01 -5.819973183847204808e-03 -9.088958257350676639e-03
4.854429620603635698e+01 -5.819794570518151480e-03 -9.115844264227497204e-03
4.856002490221353440e+01 -5.822610469691535430e-03 -9.140562081714506334e-03
4.859150605740969553e+01 -5.818372008729041402e-03 -9.184681401473325166e-03
4.860727574291300357e+01 -5.816819475275340767e-03 -9.209815125576868017e-03
4.862306001693595903e+01 -5.814850545989004756e-03 -9.235737238493081994e-03
4.865461220844905199e+01 -5.808042429098343035e-03 -9.280197667625790167e-03
4.867034851706900156e+01 -5.809106013432530774e-03 -9.297098904986906762e-03
4.868607716167849730e+01 -5.805523499777667969e-03 -9.314999509925144666e-03
4.870178630803869879e+01 -5.803434390970685190e-03 -9.331104820382291401e-03
4.873317870377533723e+01 -5.799661242020887932e-03 -9.340624372668937872e-03
4.874887633869719394e+01 -5.800574993489255454e-03 -9.328594341826673686e-03
4.876457526369186013e+01 -5.802493339016822141e-03 -9.300813736626719480e-03
4.878027439277983035e+01 -5.803359034897433155e-03 -9.273081991042706959e-03
4.881171723803862506e+01 -5.803869528143281407e-03 -9.216857151653571820e-03
4.882745088424417901e+01 -5.799128110724576825e-03 -9.185811818115339686e-03
4.884320890319864361e+01 -5.797451378173467708e-03 -9.154955135746892236e-03
4.887477805668108033e+01 -5.795074364951250528e-03 -9.090639113013400038e-03
4.889054453989529492e+01 -5.791616115342066926e-03 -9.062398084442722934e-03
4.890630846268901877e+01 -5.788069422562199494e-03 -9.032098698675357709e-03
4.892203896167727351e+01 -5.789994491750075252e-03 -9.003558919003827946e-03
4.895346921912674532e+01 -5.784183180018205236e-03 -8.948853720081690125e-03
4.896916648469589717e+01 -5.784610288456665597e-03 -8.916606113296634759e-03
4.898485975074333254e+01 -5.783377082478374093e-03 -8.878821066018789676e-03
4.900056002156507162e+01 -5.784165177130865497e-03 -8.845095268101748134e-03
4.903196314646996967e+01 -5.790164315661252767e-03 -8.762086297693708753e-03
4.904767918816895644e+01 -5.791770976773975843e-03 -8.719192874308830804e-03
4.906341463829222960e+01 -5.792465019818410915e-03 -8.676141740216955500e-03
4.909490871336894457e+01 -5.791854644738915828e-03 -8.602511464723801293e-03
4.911068112196902291e+01 -5.792857299450955566e-03 -8.572444195809219777e-03
4.912647506037476575e+01 -5.793290178336982753e-03 -8.548153601572964361e-03
4.914224040150426021e+01 -5.791171993375484640e-03 -8.531152183206698256e-03
4.917373334263120910e+01 -5.790323560292619590e-03 -8.511080792436110515e-03
4.918946120618207374e+01 -5.790057472849076230e-03 -8.506892485162353273e-03
4.920516485374884041e+01 -5.787967201297251202e-03 -8.507152847014776489e-03
4.922086042330968070e+01 -5.789803316708212223e-03 -8.504602503690474741e-03
4.925225284083346367e+01 -5.790122593768029513e-03 -8.500533730264716106e-03
4.926795230665205594e+01 -5.791447533389861707e-03 -8.497515756184110744e-03
4.928365315538540159e+01 -5.794673552054472633e-03 -8.490786587786323253e-03
4.931510727687103923e+01 -5.796834077701570713e-03 -8.497091444958795523e-03
4.933083835248901039e+01 -5.797821153220852550e-03 -8.512532800392056190e-03
4.934660231234389016e+01 -5.798331935206429109e-03 -8.536711146222590238e-03
4.936237465795740320e+01 -5.796910683170610097e-03 -8.565102800942510017e-03
4.939393739602681421e+01 -5.794878305866575825e-03 -8.644054667837438102e-03
4.940969029405472668e+01 -5.794182848282011626e-03 -8.693429602356656655e-03
4.942542656454109107e+01 -5.790388831409400139e-03 -8.751742387355536390e-03
4.944115192523224067e+01 -5.791678709120141703e-03 -8.809606704070375993e-03
4.947255472044555091e+01 -5.789725749861717764e-03 -8.929337388558940963e-03
4.948824890821841649e+01 -5.789613984046857766e-03 -8.978880903438991867e-03
4.950394848325655062e+01 -5.789076145676160141e-03 -9.013561300765901563e-03
4.953535027112124567e+01 -5.790475188009817573e-03 -9.058848747086631695e-03
4.955106923823802845e+01 -5.793334907302811684e-03 -9.089505761827479033e-03
4.956680431058188674e+01 -5.791112242449736672e-03 -9.110727195098906536e-03
4.958253799466815082e+01 -5.792417289546287346e-03 -9.134231198043579400e-03
4.961407041387465711e+01 -5.788891823894008574e-03 -9.189948859917246651e-03
4.962986434717313955e+01 -5.788400460008789709e-03 -9.218730107890723766e-03
4.964563907124063746e+01 -5.785575436888899456e-03 -9.243965604234205893e-03
4.966138839102173108e+01 -5.784005019885261022e-03 -9.264687272816294478e-03
4.969285046091013669e+01 -5.779504749461412613e-03 -9.304311452938774166e-03
4.970855862689138149e+01 -5.778604321203073373e-03 -9.318646032258612322e-03
4.972425290199557679e+01 -5.776652248253895915e-03 -9.325855098005580296e-03
4.975564159675493414e+01 -5.775184879652630297e-03 -9.303687851386095026e-03
4.977133878817712542e+01 -5.774477125048142062e-03 -9.273782010937326944e-03
4.978704040704342759e+01 -5.773979040176032036e-03 -9.248117571279731997e-03
4.980276106825007787e+01 -5.774956631319546480e-03 -9.219184500863116666e-03
4.983423940818912712e+01 -5.774528662799261781e-03 -9.155518308694635468e-03
4.985000443371298928e+01 -5.775031427598832992e-03 -9.125077062408028933e-03
4.986577985947154446e+01 -5.769680816729203486e-03 -9.092801198996268430e-03
4.988157353112001147e+01 -5.768169005602054485e-03 -9.057916885895788209e-03
4.991308155107566336e+01 -5.763618462722551981e-03 -8.996829604788635429e-03
4.992881623444798578e+01 -5.760190543378394465e-03 -8.969326825395987357e-03
4.994453330113826439e+01 -5.759916502812923583e-03 -8.942181760604215462e-03
4.996023610042915664e+01 -5.760961578754535822e-03 -8.910556050161756725e-03
4.999162626298148382e+01 -5.759875047581269024e-03 -8.838957491762843705e-03
5.000732510468511549e+01 -5.759940284516941109e-03 -8.802938927834775759e-03
5.002302380749043209e+01 -5.760202838080460790e-03 -8.761474534446866969e-03
5.005445376587996265e+01 -5.762719073437465658e-03 -8.674602474717244688e-03
5.007019485413935200e+01 -5.764503729326582449e-03 -8.632585789503825074e-03
5.008593695004847035e+01 -5.766617385739220003e-03 -8.595154974739239659e-03
5.010170367528844793e+01 -5.765816403762083660e-03 -8.563569822174453561e-03
5.013326868132472214e+01 -5.763934775291729325e-03 -8.513818254704708099e-03
5.014904330789903497e+01 -5.764774232543089239e-03 -8.497441058606796174e-03
5.016477536646435453e+01 -5.761628462046600174e-03 -8.486461722146811798e-03
5.018051094555333691e+01 -5.762297632590124806e-03 -8.479151566425020478e-03
5.021193116617255470e+01 -5.763531671587357463e-03 -8.475129714331607403e-03
5.022762376968797327e+01 -5.765738356353170349e-03 -8.470844064748407967e-03
5.024332333740007783e+01 -5.766823493721001496e-03 -8.468820226452277236e-03
5.027471716492097897e+01 -5.768706531186048453e-03 -8.461873595465024475e-03
5.029042089925448522e+01 -5.769981743171442336e-03 -8.453940125581609413e-03
5.030614676839018529e+01 -5.771157879270176483e-03 -8.457296090558652155e-03
5.032188569919104992e+01 -5.772087345226227344e-03 -8.466579113602070578e-03
5.035339677549973203e+01 -5.771048665670568990e-03 -8.510399409127240855e-03
5.036917444151873013e+01 -5.771384583730567418e-03 -8.540362558529034781e-03
5.038496008300274553e+01 -5.769441836183556577e-03 -8.579650353728537210e-03
5.040073600737534321e+01 -5.770127800291791065e-03 -8.623041207368000935e-03
5.043220339162377996e+01 -5.766223358884086519e-03 -8.734254416265581356e-03
5.044791824489669807e+01 -5.765428894127807777e-03 -8.792930585593035017e-03
5.046362389559376282e+01 -5.763485471684857454e-03 -8.853622184839381876e-03
5.049501512966292438e+01 -5.767400843053378627e-03 -8.954291740116568366e-03
5.051071754083275778e+01 -5.767810068342804457e-03 -8.981365871543821322e-03
5.052641389793989646e+01 -5.767655368449318802e-03 -9.005046602147117815e-03
5.054211837178755928e+01 -5.768166993126270375e-03 -9.033474195190734773e-03
5.057358131409829838e+01 -5.767169266444653608e-03 -9.084813130116562233e-03
5.058932677222682628e+01 -5.768406453398183809e-03 -9.113124054587263753e-03
5.060509683621319965e+01 -5.763990098368293631e-03 -9.142463399391467793e-03
5.062087414915800565e+01 -5.763823735283083068e-03 -9.173141735688811194e-03
5.065243548782629546e+01 -5.759226359416867030e-03 -9.229720486348546790e-03
5.066817266463829839e+01 -5.755559614763763703e-03 -9.252014322791886347e-03
5.068390371314276166e+01 -5.755188306177333110e-03 -9.273686776222814926e-03
5.071532206372104667e+01 -5.750328605766364017e-03 -9.307938041655649392e-03
5.073101381747207483e+01 -5.750773478359221848e-03 -9.312949638448322909e-03
5.074671102779549869e+01 -5.752633894597918365e-03 -9.303598931099469824e-03
5.076241049833504348e+01 -5.753796685053784790e-03 -9.278591781728537033e-03
5.079381399465574987e+01 -5.752263731280929555e-03 -9.225515146634789485e-03
5.080954271527561161e+01 -5.754062790287120359e-03 -9.194240506629104345e-03
5.082527745214655113e+01 -5.749592139555059767e-03 -9.161836958198724817e-03
5.084102844364645080e+01 -5.749181626280892507e-03 -9.129345953003156072e-03
5.087258939035989158e+01 -5.745657478898514962e-03 -9.061637348308566875e-03
5.088836430165294900e+01 -5.741821734776202807e-03 -9.029591392491058757e-03
5.090413401653611203e+01 -5.739057081061713431e-03 -8.997485927154413518e-03
5.093559143224000252e+01 -5.736933447544288571e-03 -8.938551162791382246e-03
5.095129752820812286e+01 -5.735384259518429804e-03 -8.906983664978706042e-03
5.096699739780510185e+01 -5.733181294656623274e-03 -8.873555065973360440e-03
5.098269000346819269e+01 -5.732348276661038654e-03 -8.835205368031675069e-03
5.101409084912194203e+01 -5.737097726215176566e-03 -8.760579966948057323e-03
5.102979292933400757e+01 -5.739113871847104607e-03 -8.718863479356074239e-03
5.104550537004406863e+01 -5.738731661424780785e-03 -8.672584816192633120e-03
5.106123711915449803e+01 -5.742179405616115381e-03 -8.630840336835704160e-03
5.109272932256171629e+01 -5.738912391464254768e-03 -8.555628256445780427e-03
5.110850277906642702e+01 -5.740216916867115458e-03 -8.524773793739634162e-03
5.112429562031644537e+01 -5.739405760938275439e-03 -8.498746239473706221e-03
5.114006213281020763e+01 -5.737845700665806722e-03 -8.479620499136296743e-03
5.117155848820841868e+01 -5.739736554468924390e-03 -8.454894350450209775e-03
5.118728728177841703e+01 -5.737183415981489572e-03 -8.447970843466498861e-03
5.120299231109573412e+01 -5.736515789914928797e-03 -8.445891618691652239e-03
5.123438460050534360e+01 -5.737094062682998423e-03 -8.436312428149175466e-03
5.125008405499874442e+01 -5.738999061523132779e-03 -8.433984685880774324e-03
5.126578439763152772e+01 -5.742220510331822077e-03 -8.429790750620204387e-03
5.128148416788485520e+01 -5.746050371835410495e-03 -8.422423346856973761e-03
5.131293208389934790e+01 -5.749084805820267943e-03 -8.424307607054494149e-03
5.132866267451893094e+01 -5.747566249091455755e-03 -8.436727212976596196e-03
5.134442243879571777e+01 -5.747399220644002459e-03 -8.458214690934197366e-03
5.136019421527161199e+01 -5.748638854780403935e-03 -8.484327538173389374e-03
5.139175501619968145e+01 -5.745427707504544533e-03 -8.558888166544653675e-03
5.140751764585722583e+01 -5.743396851044823594e-03 -8.604087198344531617e-03
5.142325210426827908e+01 -5.744089544132348520e-03 -8.659969480483972054e-03
5.145468718488493209e+01 -5.739771816140164414e-03 -8.778247696736784025e-03
5.147038480266199656e+01 -5.740776593918871067e-03 -8.838006894979247643e-03
5.148607793456867654e+01 -5.739839136787533609e-03 -8.889746394898447729e-03
5.150177741726910341e+01 -5.739950346863982589e-03 -8.928756468447896291e-03
5.153317848617874830e+01 -5.743561684233693468e-03 -8.978158855522569426e-03
5.154889401908422286e+01 -5.745768411021486000e-03 -9.011274187680195710e-03
5.156463020370147632e+01 -5.743999376149956301e-03 -9.037679657638344674e-03
5.158035943024790271e+01 -5.743819537971641895e-03 -9.063077095978313083e-03
5.161189180702174895e+01 -5.741510475435438431e-03 -9.125624619579870631e-03
5.162768498519597671e+01 -5.741013601137088564e-03 -9.159108643870775279e-03
5.164345626572190184e+01 -5.737289331447551280e-03 -9.189754214487311224e-03
5.167495246747382254e+01 -5.731697453812090344e-03 -9.241878710803336575e-03
5.169067991633157533e+01 -5.731881845198509573e-03 -9.266482067469926712e-03
5.170638881347927907e+01 -5.728304342383215564e-03 -9.287041030426906874e-03
5.172208379200975514e+01 -5.728451607493354088e-03 -9.298792257565623512e-03
5.175347426614445112e+01 -5.726486511015755135e-03 -9.285601852949512333e-03
5.176917283355849975e+01 -5.726071900940282559e-03 -9.256854893761249162e-03
5.178487357016961568e+01 -5.726777952940834485e-03 -9.231844518853693851e-03
5.180059042451311768e+01 -5.729309029004004197e-03 -9.204494724882671813e-03
5.183206069365945012e+01 -5.727063045268063722e-03 -9.138980435377747416e-03
5.184782510045514670e+01 -5.727666227879180984e-03 -9.107125331988107780e-03
5.186359840116084285e+01 -5.723197361647613078e-03 -9.073076191203432658e-03
5.189516274644592642e+01 -5.719885770638134977e-03 -9.003639108796491694e-03
5.191090813035265938e+01 -5.718612752059976448e-03 -8.969445233833719250e-03
5.192664276701395920e+01 -5.713033035631078990e-03 -8.938582988741653260e-03
5.194236335703730134e+01 -5.714013284954641038e-03 -8.908539129033488796e-03
5.197376062369863092e+01 -5.711415083162444881e-03 -8.836632883380697231e-03
5.198945437046464235e+01 -5.711573521826666250e-03 -8.798916353814342783e-03
5.200515402354018590e+01 -5.710930109512351791e-03 -8.762345212344523418e-03
5.202085350831071509e+01 -5.710952980801824348e-03 -8.718509650105428846e-03
5.205227978229770258e+01 -5.714542010732960933e-03 -8.631594103808917437e-03
5.206802025314019744e+01 -5.714789815949636483e-03 -8.588546775128333768e-03
5.208376043438559577e+01 -5.716501962165791186e-03 -8.550911498889229856e-03
5.211530180421724623e+01 -5.714887712373561274e-03 -8.488462059699384762e-03
5.213109390430226142e+01 -5.715347265975519349e-03 -8.465905898970414734e-03
5.214686377384516192e+01 -5.714984327181971829e-03 -8.448082145534838508e-03
5.216260021176924511e+01 -5.714718050083633996e-03 -8.434843576829390704e-03
5.219405575578673506e+01 -5.713681033611766116e-03 -8.420000305360832507e-03
5.220975966852233086e+01 -5.715992430627685889e-03 -8.416753516176477337e-03
5.222545522574359467e+01 -5.715632213350158725e-03 -8.409966173032577472e-03
5.224115001322583396e+01 -5.716943055192611270e-03 -8.406050023521497230e-03
5.227254606513561441e+01 -5.718816209682629596e-03 -8.395688804483446982e-03
5.228824920619406669e+01 -5.720252792506735039e-03 -8.387048878152000148e-03
5.230397297152634906e+01 -5.722246592383947728e-03 -8.388219364580977097e-03
5.233545207051532344e+01 -5.726225851646574161e-03 -8.409956827237484792e-03
5.235121672233135826e+01 -5.726365745132661056e-03 -8.432692326677112757e-03
5.236699100384555550e+01 -5.723853356001382987e-03 -8.460588996842167628e-03
5.238278165999962965e+01 -5.722970089672312945e-03 -8.498057004133060047e-03
5.241429387134716933e+01 -5.719759533483953669e-03 -8.587936253813143253e-03
5.243003022134315927e+01 -5.718976270353441638e-03 -8.645883701387970313e-03
5.244574922467658240e+01 -5.718572992322591177e-03 -8.703892549616971258e-03
5.246145503947020217e+01 -5.719509011174674258e-03 -8.764705422609351398e-03
5.249284713194770546e+01 -5.720570595715234428e-03 -8.869845429424816352e-03
5.250854459219886650e+01 -5.720615233292629213e-03 -8.901426377484389710e-03
5.252424072179136516e+01 -5.720920393052997266e-03 -8.926362985718427207e-03
5.255566902568541110e+01 -5.721339870830160351e-03 -8.989327428422936098e-03
5.257140709514312249e+01 -5.721741467545703348e-03 -9.013959944067744326e-03
5.258714757747998902e+01 -5.723095448783153093e-03 -9.044758137357302580e-03
5.260291444372829517e+01 -5.719065310593709345e-03 -9.077564930662725476e-03
5.263447817456491151e+01 -5.715117113043341641e-03 -9.146630349420854442e-03
5.265025752421554017e+01 -5.714813823477097286e-03 -9.179893440810825075e-03
5.266599401736870334e+01 -5.708951685254010956e-03 -9.208170371566900408e-03
5.268172898375046032e+01 -5.708997423286293546e-03 -9.234808941641413013e-03
5.271315270651123797e+01 -5.705365296730500850e-03 -9.280807106686416938e-03
5.272884509103452899e+01 -5.706971340718721385e-03 -9.291947566470016781e-03
5.274454307946550813e+01 -5.707596562749363278e-03 -9.288213063728786162e-03
5.276024355449992953e+01 -5.706935875353973120e-03 -9.267044178747848443e-03
5.279164166829684746e+01 -5.706348706366571114e-03 -9.216015915448686618e-03
5.280736784279631735e+01 -5.706350682675468897e-03 -9.186138438020649208e-03
5.282310495196654898e+01 -5.704620602509510689e-03 -9.152983416418991255e-03
5.285462108722089170e+01 -5.700943464389553704e-03 -9.087685914411447463e-03
5.287040128003823014e+01 -5.700834013529940299e-03 -9.050656092714550252e-03
5.288618374782506493e+01 -5.697490758285689814e-03 -9.014171481882072082e-03
5.290195689900743758e+01 -5.696619906463541369e-03 -8.979894502849960006e-03
5.293341775742633359e+01 -5.692279544414872300e-03 -8.914192186884769414e-03
5.294912719460290873e+01 -5.690899299787912508e-03 -8.880144507453622063e-03
5.296482956943083309e+01 -5.687658266559323175e-03 -8.842802456746731016e-03
5.298052145207699937e+01 -5.688797006477733925e-03 -8.802467721756227284e-03
5.301192220097320984e+01 -5.692250457646500818e-03 -8.723898200259712354e-03
5.302762299384640698e+01 -5.692029877524851754e-03 -8.681368270776252186e-03
5.304332906214095544e+01 -5.692796705718709133e-03 -8.632824675378174273e-03
5.307479705309513207e+01 -5.692123682159681494e-03 -8.547998831839129924e-03
5.309054956846801332e+01 -5.693429213321524358e-03 -8.512500012232686319e-03
5.310632410364973310e+01 -5.692307473897776672e-03 -8.480827127601297394e-03
5.312211100140884668e+01 -5.692748651549716168e-03 -8.453720173736842258e-03
5.315365183843780983e+01 -5.690209415852222341e-03 -8.416759024430897629e-03
5.316938343203971584e+01 -5.690967448290212144e-03 -8.405607738438257426e-03
5.318511024693504652e+01 -5.690952982646978534e-03 -8.396961625573868410e-03
5.320081759857701798e+01 -5.691228914449172199e-03 -8.393265437083189534e-03
5.323221202032141264e+01 -5.690532147131241968e-03 -8.380196706696310324e-03
5.324791133183764913e+01 -5.693832851534749197e-03 -8.375757897459871343e-03
5.326361202905883374e+01 -5.697635926924798574e-03 -8.370248766777893187e-03
5.329502303188241541e+01 -5.700136626515980333e-03 -8.355859149257606477e-03
5.331075329253291528e+01 -5.704289615061419738e-03 -8.358032483036610324e-03
5.332648624834575202e+01 -5.701067061736573953e-03 -8.367864236415733376e-03
5.334224063069483179e+01 -5.701763539370671707e-03 -8.386031113511320523e-03
5.337380159669250901e+01 -5.701640286504104302e-03 -8.440469665720880255e-03
5.338957313130224946e+01 -5.699471125060851656e-03 -8.480674526517406608e-03
5.340534299405851471e+01 -5.697242463694115154e-03 -8.522759900026733240e-03
5.342107687304203978e+01 -5.700412061423706586e-03 -8.575064617794602231e-03
5.345251496486186227e+01 -5.696278603218998121e-03 -8.692066043616287693e-03
5.346821612096206167e+01 -5.695775259380574454e-03 -8.752342303278459398e-03
5.348390874092461900e+01 -5.695000919557165198e-03 -8.806392263159089698e-03
5.351530757190069920e+01 -5.699173854314116064e-03 -8.874989466894685902e-03
5.353100652969781947e+01 -5.701389689981160164e-03 -8.901939525890080820e-03
5.354672019221369794e+01 -5.701334418928303248e-03 -8.936806389361850317e-03
5.356245065873992672e+01 -5.702999979254963839e-03 -8.967006890392804214e-03
5.359393860729745995e+01 -5.698398214971801996e-03 -9.028260378212530496e-03
5.360970961709380589e+01 -5.698672485135933274e-03 -9.062956196753105612e-03
5.362550258774729883e+01 -5.696574661987621226e-03 -9.100362274089904280e-03
5.364127200538894158e+01 -5.692845508363092270e-03 -9.136112733340891537e-03
5.367277431482606431e+01 -5.690144458017471450e-03 -9.200579238469185767e-03
5.368850518718476650e+01 -5.686612342458732990e-03 -9.230119982278012572e-03
5.370421190918911947e+01 -5.683680397916211248e-03 -9.257578964064237109e-03
5.373560373124703915e+01 -5.682064010231193188e-03 -9.283607417372821344e-03
5.375130290433511249e+01 -5.681715716244183263e-03 -9.274233879500857342e-03
5.376700272766571942e+01 -5.682396330721524967e-03 -9.248954082080146702e-03
5.378270268527668208e+01 -5.684552861161703413e-03 -9.223816611600366838e-03
5.381415231288529810e+01 -5.684117668363696668e-03 -9.169128158604378243e-03
5.382988201611172485e+01 -5.683007463018105096e-03 -9.136463051313955738e-03
5.384564414038209179e+01 -5.681867438248716998e-03 -9.104138958610102222e-03
5.386141669165659351e+01 -5.680754724102067034e-03 -9.069836056073810049e-03
5.389297796046709976e+01 -5.676284139574772937e-03 -8.996292152356966804e-03
5.390873323872830269e+01 -5.674163920627570135e-03 -8.959795033343586138e-03
5.392446665847153753e+01 -5.671276797660779710e-03 -8.924349561098592759e-03
5.394019142173278425e+01 -5.670816686443779821e-03 -8.892345078185944982e-03
5.397158848405767628e+01 -5.667996987301224081e-03 -8.813397923193017416e-03
5.398728206627245640e+01 -5.666969754269429033e-03 -8.771247220683396281e-03
5.400298175154929936e+01 -5.666485080956407128e-03 -8.733537051411999208e-03
5.403438540200459528e+01 -5.668664829821715156e-03 -8.641232925784274321e-03
5.405010368211054583e+01 -5.672130090904056038e-03 -8.594650432022206757e-03
5.406584335562270383e+01 -5.670587268615627508e-03 -8.549727446845395776e-03
5.408157829051107512e+01 -5.671920723366302187e-03 -8.509738608011770469e-03
5.411311998229867015e+01 -5.670885962027141618e-03 -8.445135866869676183e-03
5.412891387622968864e+01 -5.672232011964498111e-03 -8.421412291214992740e-03
5.414467957718235169e+01 -5.670781093586544502e-03 -8.401774384762590586e-03
5.416042401200881073e+01 -5.671120111917773640e-03 -8.387575219643401969e-03
5.419187981889021444e+01 -5.669861163402688947e-03 -8.370195587278238605e-03
5.420758526324311788e+01 -5.669506848407849554e-03 -8.366262939500743873e-03
5.422327750012044589e+01 -5.669983928520225952e-03 -8.358549536031470786e-03
5.425467133084791271e+01 -5.671470689316092557e-03 -8.347234320732489429e-03
5.427037065870148780e+01 -5.672672213269150734e-03 -8.339528267559131666e-03
5.428607370168225543e+01 -5.674668414174628521e-03 -8.329813043005486473e-03
5.430179461495897897e+01 -5.678413907102500963e-03 -8.327967237506389911e-03
5.433326995918596225e+01 -5.680828509908742580e-03 -8.344557051065494557e-03
5.434903438082498184e+01 -5.683716030657590297e-03 -8.364752391276835189e-03
5.436480625131724764e+01 -5.679880455382486926e-03 -8.390520520796158205e-03
5.438059971101990442e+01 -5.680425472291259284e-03 -8.425132225477369521e-03
5.441211580390071134e+01 -5.679108869955005155e-03 -8.510261319741991431e-03
5.442785341841313596e+01 -5.675453367992955994e-03 -8.564632498920242767e-03
5.444357653937858998e+01 -5.676916529685462759e-03 -8.622502563706365211e-03
5.447498025826168089e+01 -5.676979305611309229e-03 -8.740673153332450054e-03
5.449067348891929186e+01 -5.677726859392787095e-03 -8.790633723499760924e-03
5.450637095652843556e+01 -5.677592834908450938e-03 -8.826950186500565065e-03
5.452206797582104514e+01 -5.677797220499620351e-03 -8.852130429056711755e-03
5.455349123865105554e+01 -5.679141140220846616e-03 -8.918350075811209976e-03
5.456922880735449155e+01 -5.679356592284733399e-03 -8.946485068924977385e-03
5.458496726151917500e+01 -5.680559533912325765e-03 -8.978070489472831511e-03
5.460073066289997001e+01 -5.680290674541082878e-03 -9.013506466349963109e-03
5.463229595445054088e+01 -5.673867134486408094e-03 -9.089979644387154514e-03
5.464807419492474594e+01 -5.672140433878577158e-03 -9.128740643011284614e-03
5.466381236629904095e+01 -5.668532220393793924e-03 -9.162346120752120140e-03
5.469526979124999855e+01 -5.664916268738216451e-03 -9.226656706268420230e-03
5.471097640464650169e+01 -5.665173561660923410e-03 -9.252801631848597483e-03
5.472667105217920636e+01 -5.664793497015120464e-03 -9.270362906965560687e-03
5.474236846137841184e+01 -5.663931537453162357e-03 -9.273111443537190163e-03
5.477376248468207365e+01 -5.662995241383887365e-03 -9.231330425611292134e-03
5.478946576586970707e+01 -5.662709883551784833e-03 -9.210875920353609608e-03
5.480519005187538539e+01 -5.662481306008783008e-03 -9.184198052685261723e-03
5.482092876676007620e+01 -5.662680711136709212e-03 -9.151945095704281177e-03
5.485243623288855730e+01 -5.660392645538551634e-03 -9.088886315322010703e-03
5.486821352199439161e+01 -5.658496449436592815e-03 -9.052631242793327329e-03
5.488400150790788246e+01 -5.656078976961857914e-03 -9.013707489554491706e-03
5.491550790873609600e+01 -5.650251314085362984e-03 -8.940891544510725861e-03
5.493124080468192716e+01 -5.650127736255715696e-03 -8.906758103274658653e-03
5.494695409950281828e+01 -5.648545506505890657e-03 -8.870267177779819767e-03
5.496265724099260552e+01 -5.647534278678759817e-03 -8.830070599755339769e-03
5.499404797706106507e+01 -5.649701398575422695e-03 -8.745341913784831014e-03
5.500974892673203698e+01 -5.649456976431917708e-03 -8.701295868866856451e-03
5.502544595601489164e+01 -5.649660662015630608e-03 -8.654424096538005859e-03
5.504115109481396928e+01 -5.650507924921757165e-03 -8.604032930863338841e-03
5.507261923888887623e+01 -5.650986514503139081e-03 -8.511863640761865163e-03
5.508836600635397218e+01 -5.653093418045566573e-03 -8.473162788844164697e-03
5.510413816340570747e+01 -5.649633780591178760e-03 -8.439701499039841542e-03
5.513570091306369392e+01 -5.649153567411989429e-03 -8.388430096061353855e-03
5.515147113527144285e+01 -5.650193066548539651e-03 -8.370827565517395888e-03
5.516720049672428416e+01 -5.646571904916753912e-03 -8.358540050683382211e-03
5.518293043962453481e+01 -5.648575696320420024e-03 -8.348618080105235303e-03
5.521434213194766016e+01 -5.646768522270591284e-03 -8.338059556655643551e-03
5.523003448527739323e+01 -5.649486506567863615e-03 -8.330802075750770239e-03
5.524573294543030499e+01 -5.652366819197268862e-03 -8.324263841920401599e-03
5.526143610057886235e+01 -5.654559977227694573e-03 -8.317581610077919713e-03
5.529284030349760570e+01 -5.657126786262459822e-03 -8.299621551096607666e-03
5.530856970554616225e+01 -5.659809256449994073e-03 -8.300849985149015217e-03
5.532430610490688139e+01 -5.658281648546607291e-03 -8.307164052358817496e-03
5.534005561343529678e+01 -5.660471932782523349e-03 -8.322892215358104750e-03
5.537160921393962809e+01 -5.659669333941729288e-03 -8.373029327224430426e-03
5.538738796397651498e+01 -5.657487035948583626e-03 -8.411352339571491130e-03
5.540316146758875959e+01 -5.657235272889942455e-03 -8.451192553308723224e-03
5.543462704561380860e+01 -5.656771894143061349e-03 -8.555963862506642259e-03
5.545033944420491423e+01 -5.656646379030499244e-03 -8.614043852929206477e-03
5.546604437323329506e+01 -5.654209431718921347e-03 -8.673119168319814651e-03
5.548173738338352479e+01 -5.654860609623342527e-03 -8.729203788600458855e-03
5.551313482917466757e+01 -5.660332168441428030e-03 -8.803690739286548078e-03
5.552883460705045593e+01 -5.660646285891101671e-03 -8.829927949283550639e-03
5.554454049506101398e+01 -5.660253413838830031e-03 -8.865705553139207815e-03
5.556026878981050743e+01 -5.663245533336682021e-03 -8.899654726960222820e-03
5.559175203990717762e+01 -5.658446492809041106e-03 -8.963969734124450917e-03
5.560752321398130249e+01 -5.657536931730000780e-03 -9.000786601188347572e-03
5.562331064004305148e+01 -5.655385401913831829e-03 -9.041153999370228622e-03
5.565485792209813098e+01 -5.648323415237261474e-03 -9.120994420485556420e-03
5.567059278228421704e+01 -5.649666441548861079e-03 -9.155171061361565277e-03
5.568632174874417018e+01 -5.645887180750301486e-03 -9.189882660658765454e-03
5.570203117707485063e+01 -5.643695617842188657e-03 -9.222656861035242321e-03
5.573342549047799821e+01 -5.640125932623809082e-03 -9.262105352824732615e-03
5.574912503033544908e+01 -5.640943255689339318e-03 -9.258789381487768366e-03
5.576482544681692843e+01 -5.643111384881138379e-03 -9.238250738930789754e-03
5.578052525919526516e+01 -5.644309658694175724e-03 -9.213285712502338257e-03
5.581196919389380184e+01 -5.645120757617100131e-03 -9.165937859742295454e-03
5.582770096564357942e+01 -5.640988669754347026e-03 -9.134982014762661404e-03
5.584345837072844887e+01 -5.639740105231974901e-03 -9.105189820755314051e-03
5.587502490043016223e+01 -5.637762953928955947e-03 -9.033896031952998867e-03
5.589079174971934094e+01 -5.634433854362472585e-03 -8.997763742886709382e-03
5.590655517513797435e+01 -5.631013401751194629e-03 -8.961406403420482669e-03
5.592228638737345392e+01 -5.632614314384204630e-03 -8.923331009874467187e-03
5.595371702473008924e+01 -5.626774001417152171e-03 -8.849276764133441955e-03
5.596941372898850631e+01 -5.627084394618263492e-03 -8.806056281668198787e-03
5.598510664541721127e+01 -5.625623016274924719e-03 -8.759239525815075769e-03
5.600080635116143668e+01 -5.625952736140891336e-03 -8.719312542350697234e-03
5.603220893864020269e+01 -5.630877345459644676e-03 -8.620719134029149536e-03
5.604792464991853507e+01 -5.632239631346332674e-03 -8.570383682813875748e-03
5.606366132910214617e+01 -5.632082278368874886e-03 -8.521301571933665581e-03
5.609515748271747526e+01 -5.631167062152640963e-03 -8.438819323867061822e-03
5.611093253260555969e+01 -5.631655677417774820e-03 -8.405748503038044592e-03
5.612672778144809627e+01 -5.632157771835024328e-03 -8.379287723513022951e-03
5.614249060663567548e+01 -5.629855726853888291e-03 -8.356391006415117909e-03
5.617397624448521753e+01 -5.628179195076330604e-03 -8.329493977364207241e-03
5.618970129738286090e+01 -5.628228147712578157e-03 -8.321680826102909739e-03
5.620540306175011125e+01 -5.626293645381886047e-03 -8.317370696688137013e-03
5.622109682494162541e+01 -5.628307052916814955e-03 -8.309674852443896254e-03
5.625249070038304211e+01 -5.628937969512450012e-03 -8.295789567778965798e-03
5.626819144281338225e+01 -5.630466274636537240e-03 -8.287111907657794194e-03
5.628389390665606840e+01 -5.633864211701608213e-03 -8.277116173828407558e-03
5.631535021958320897e+01 -5.637303179245808926e-03 -8.273950739723170272e-03
5.633108251094953545e+01 -5.639095204737578672e-03 -8.284211461047852332e-03
5.634684733146662694e+01 -5.640373995970383164e-03 -8.302346895464308985e-03
5.636261905067285483e+01 -5.639246117628314743e-03 -8.326690711490421573e-03
5.639418167949225591e+01 -5.638997151915034131e-03 -8.397508556789180442e-03
5.640993396679071026e+01 -5.639055698217711535e-03 -8.440119304244339191e-03
5.642567156276434304e+01 -5.635611866924058154e-03 -8.492482620104825977e-03
5.644139770623824148e+01 -5.637573031730087197e-03 -8.548249852484215983e-03
5.647280297239696978e+01 -5.636480701276510089e-03 -8.664648461229567181e-03
5.648849641788444131e+01 -5.636806255504691471e-03 -8.716068153195229498e-03
5.650419463051670732e+01 -5.636638908536857097e-03 -8.756076967952624093e-03
5.653559335982549072e+01 -5.637991690694815761e-03 -8.811138388140796890e-03
5.655131109194088168e+01 -5.640836035064375649e-03 -8.849319484309612835e-03
5.656704628526652812e+01 -5.638902593673557687e-03 -8.880184831418067373e-03
5.658278035791983029e+01 -5.640116330344172729e-03 -8.913661856770888417e-03
5.661431450661025622e+01 -5.636329957968523770e-03 -8.990415395456688094e-03
5.663010843293868390e+01 -5.635878414724662146e-03 -9.032580715092178303e-03
5.664588213309553311e+01 -5.633003681563705789e-03 -9.074601994419105935e-03
5.666162849485816366e+01 -5.631232723592494854e-03 -9.113010555941384455e-03
5.669308890470697548e+01 -5.626222672821073328e-03 -9.186097921607285985e-03
5.670879642929997289e+01 -5.625433840521363443e-03 -9.217401497134337235e-03
5.672449100166560498e+01 -5.623134537759938260e-03 -9.241251823152598840e-03
5.674018411931609052e+01 -5.622912379186024469e-03 -9.250416520963249123e-03
5.677158127583326319e+01 -5.621035122000130405e-03 -9.217770878132271889e-03
5.678728446168894095e+01 -5.620675008020091859e-03 -9.198463893178878553e-03
5.680300672965104525e+01 -5.621605531951565267e-03 -9.176960480061812850e-03
5.683448522593382535e+01 -5.621795976032622523e-03 -9.117884785807212414e-03
5.685024971834155139e+01 -5.622151494635819861e-03 -9.088548240866842209e-03
5.686602433310689975e+01 -5.617345954750650218e-03 -9.053823821106346884e-03
5.688181699545228298e+01 -5.615941870021169853e-03 -9.015643645233445067e-03
5.691332515009837323e+01 -5.611820151953942487e-03 -8.942795636666148532e-03
5.692906016292976545e+01 -5.609061067483316933e-03 -8.906867814846253575e-03
5.694477733182363011e+01 -5.608792668449885319e-03 -8.870439594218584856e-03
5.696048012374297542e+01 -5.609964515562495743e-03 -8.828366212383642608e-03
5.699187004913247279e+01 -5.609146670256284252e-03 -8.737529605054564566e-03
5.700756834682756846e+01 -5.609292189191999838e-03 -8.692325103989864341e-03
5.702326635227503715e+01 -5.609414792036062671e-03 -8.640455490053046764e-03
5.705469531338240330e+01 -5.610962016622772323e-03 -8.537947608170589134e-03
5.707043676067525695e+01 -5.612303851901904832e-03 -8.487429381477319679e-03
5.708617909829892056e+01 -5.614216883973199325e-03 -8.443985626539706607e-03
5.710194722037704196e+01 -5.612798444673600465e-03 -8.406236271437265983e-03
5.713351376210874832e+01 -5.610551553055551956e-03 -8.348224210672447812e-03
5.714928607800378302e+01 -5.611130588499924771e-03 -8.327809410875117169e-03
5.716501445844470197e+01 -5.607551705301435860e-03 -8.312652917118457802e-03
5.718074734784377711e+01 -5.608298163220628262e-03 -8.301492698153837418e-03
5.721216210963161330e+01 -5.608655325547173137e-03 -8.288844230346491954e-03
5.722785367214590480e+01 -5.610817130495973117e-03 -8.281073032629421640e-03
5.724355350567569189e+01 -5.612008027190891826e-03 -8.273684680604027897e-03
5.727495062647705737e+01 -5.614050044124093038e-03 -8.258403458236605876e-03
5.729065555070872051e+01 -5.615858938380156179e-03 -8.246143549197766306e-03
5.730638247552600717e+01 -5.617474312579531608e-03 -8.244259176383099408e-03
5.732212262771501798e+01 -5.618633452741564338e-03 -8.248736148459164669e-03
5.735363671088876458e+01 -5.618410249234250323e-03 -8.282134425959432680e-03
5.736941491320296649e+01 -5.619633460638133286e-03 -8.308798311516782040e-03
5.738519907377855134e+01 -5.618339519216687845e-03 -8.345907627429347692e-03
5.740097414226841721e+01 -5.619697932619000143e-03 -8.384223125071891755e-03
5.743244298396226810e+01 -5.617365691583151022e-03 -8.485750353051369627e-03
5.744815882571182186e+01 -5.617162449274517959e-03 -8.541878580740158364e-03
5.746386593178202418e+01 -5.615470213524362264e-03 -8.599777871191842046e-03
5.749525743403965805e+01 -5.620249371534247716e-03 -8.702860098974527989e-03
5.751095879312908465e+01 -5.621103527630545715e-03 -8.734965078530408655e-03
5.752665425700860879e+01 -5.621094004551616119e-03 -8.760520210973061009e-03
5.754235713048516487e+01 -5.621677614259426581e-03 -8.794627382806258220e-03
5.757381790345309014e+01 -5.620763795686757776e-03 -8.862837064959385239e-03
5.758956302262586036e+01 -5.621845719349856038e-03 -8.900742286067160960e-03
5.760533374864362344e+01 -5.617935641697157333e-03 -8.938946334776563807e-03
5.762111227609420894e+01 -5.617663183774841869e-03 -8.980857850434356693e-03
5.765267093918541264e+01 -5.612542441516871553e-03 -9.067180564032498863e-03
5.766840643655233833e+01 -5.609176931534061265e-03 -9.105405981187413011e-03
5.768413606364354962e+01 -5.608275868525494819e-03 -9.143753582724484241e-03
5.771555189164201494e+01 -5.602728051841339776e-03 -9.210649484536054948e-03
5.773124364004937092e+01 -5.602633325385649940e-03 -9.231516069649474063e-03
5.774694174275728642e+01 -5.604154180915173547e-03 -9.234276590447067570e-03
5.776264239923251154e+01 -5.605410758977412942e-03 -9.218530688237455695e-03
5.779405016803637096e+01 -5.603707975107571383e-03 -9.180550281753206698e-03
5.780978023380669129e+01 -5.605558966251351569e-03 -9.155836709000992127e-03
5.782551542385299825e+01 -5.601087668039811222e-03 -9.126092225621858581e-03
5.784126801015120378e+01 -5.600793660957528036e-03 -9.099699781763524731e-03
5.787282948234926749e+01 -5.597665508326379186e-03 -9.033303085027146254e-03
5.788860309885364330e+01 -5.594354673256091669e-03 -8.996965126244897346e-03
5.790437183645698127e+01 -5.591795839568380194e-03 -8.962883440756198514e-03
5.792010385699896347e+01 -5.592916486562454249e-03 -8.924119650104256340e-03
5.795153588040362536e+01 -5.589382335810525598e-03 -8.849861030579954033e-03
5.796723535667264571e+01 -5.587701572766101514e-03 -8.806234939994798602e-03
5.798292775476921435e+01 -5.587000313145194623e-03 -8.757444437333658516e-03
5.801432804473682836e+01 -5.591768569180214678e-03 -8.664524340995584037e-03
5.803002892359821629e+01 -5.593749062682488830e-03 -8.612678951705870709e-03
5.804574173805902859e+01 -5.593278728414236185e-03 -8.557599155394585155e-03
5.806147281572606289e+01 -5.596444136482366105e-03 -8.505939871225892332e-03
5.809296486182087449e+01 -5.592912941291773056e-03 -8.413079874411841935e-03
5.810873938055184595e+01 -5.594205750205485071e-03 -8.375687038055176781e-03
5.812453362520803068e+01 -5.593064969205437283e-03 -8.344600153623586702e-03
5.814029868969098658e+01 -5.591159972952296046e-03 -8.317684262038280499e-03
5.817178968441599096e+01 -5.591885960957102518e-03 -8.284282520056907712e-03
5.818751623467522194e+01 -5.589039393074104155e-03 -8.273253336870787719e-03
5.820321846081210992e+01 -5.588002320781534915e-03 -8.267360684085961128e-03
5.823460787047640252e+01 -5.588480921673102259e-03 -8.250455044775265381e-03
5.825030783734419515e+01 -5.590000082716751334e-03 -8.243706179469734163e-03
5.826600918494740000e+01 -5.592988424951783957e-03 -8.233241632787925007e-03
5.828171046906734887e+01 -5.597131270862628315e-03 -8.225412948124207271e-03
5.831316124363726772e+01 -5.600275707167533777e-03 -8.216417734754476176e-03
5.832889356490055377e+01 -5.599570557124223386e-03 -8.223707143003090511e-03
5.834465562228179891e+01 -5.599884432125537895e-03 -8.239885527741266230e-03
5.836042808704816309e+01 -5.601254773034235537e-03 -8.262902009929427860e-03
5.839198784666020714e+01 -5.599690224698055351e-03 -8.332587239661097198e-03
5.840774834248443881e+01 -5.598476102894752414e-03 -8.373087008251952484e-03
5.842348382382697025e+01 -5.599395783809809658e-03 -8.424252980910843999e-03
5.845492102825037506e+01 -5.596438493914075891e-03 -8.536544098178512271e-03
5.847061994772165860e+01 -5.597889913346224162e-03 -8.593858048106469555e-03
5.848631374494824797e+01 -5.597499228189629222e-03 -8.645880186382692151e-03
5.850201272812171283e+01 -5.597942077558302511e-03 -8.687874182990813418e-03
5.853341201997898224e+01 -5.601659633149545098e-03 -8.742189579934524918e-03
5.854912643458057886e+01 -5.604354754405994031e-03 -8.781383519207413418e-03
5.856486151133893259e+01 -5.602554454507498519e-03 -8.815320898309835992e-03
5.858058975638467558e+01 -5.602735125529298074e-03 -8.849419771541298593e-03
5.861212137075729345e+01 -5.600422908391917975e-03 -8.929574415368003032e-03
5.862791414634132536e+01 -5.600090158820755434e-03 -8.973583842851013195e-03
5.864368555375106951e+01 -5.596301527223670677e-03 -9.017233685518585840e-03
5.867517875571614638e+01 -5.590106498414023663e-03 -9.098325403919247864e-03
5.869090459329670040e+01 -5.590084711175937957e-03 -9.138247585373149642e-03
5.870661230167432620e+01 -5.586395080377962175e-03 -9.174326645442423475e-03
5.872230534420658188e+01 -5.585925654462643199e-03 -9.202265610221733658e-03
5.875369634433742050e+01 -5.583248473388082063e-03 -9.213496431610625551e-03
5.876939575339975619e+01 -5.582562909111293305e-03 -9.194426396849367938e-03
5.878509819544866133e+01 -5.582920323013335594e-03 -9.175408520130875351e-03
5.880081719866047507e+01 -5.585195059691492464e-03 -9.159543807381475070e-03
5.883229157891328498e+01 -5.582938462636076980e-03 -9.105014228220511749e-03
5.884805718646534700e+01 -5.583751272273740525e-03 -9.078917231149095241e-03
5.886383104369602393e+01 -5.579231013789702487e-03 -9.046582465952156260e-03
5.889539539775363153e+01 -5.576494223223243257e-03 -8.977667298486266892e-03
5.891113920030142026e+01 -5.575541773494866078e-03 -8.942062465842750413e-03
5.892687408243608616e+01 -5.570625564320437657e-03 -8.906097978235723300e-03
5.894259457945394587e+01 -5.572020872548836580e-03 -8.870505164787831701e-03
5.897399159747303798e+01 -5.570407078786980722e-03 -8.782501475540192143e-03
5.898968510708694879e+01 -5.570943351275920753e-03 -8.736009715394033384e-03
5.900538459939334501e+01 -5.570498517293746149e-03 -8.691438991470228081e-03
5.902108340970218592e+01 -5.570773159943533462e-03 -8.637156577095444349e-03
5.905250849527971013e+01 -5.574084147426089549e-03 -8.530046240710940225e-03
5.906824831132543352e+01 -5.574491138917622192e-03 -8.475922337061816275e-03
5.908398826488291178e+01 -5.576144151176223342e-03 -8.427396449672591022e-03
5.911552964671206922e+01 -5.574225480200502118e-03 -8.347325620274096900e-03
5.913132205500276228e+01 -5.574326685253250951e-03 -8.317823095560226629e-03
5.914709183113151880e+01 -5.573564915210447827e-03 -8.292376588244420796e-03
5.916282569801046520e+01 -5.572714400585405438e-03 -8.273484215757133733e-03
5.919427673100098275e+01 -5.571090096439958346e-03 -8.247699569364434768e-03
5.920997838180465322e+01 -5.573112522256905114e-03 -8.238969765894678041e-03
5.922567224875754022e+01 -5.572532236698238099e-03 -8.228913929597724344e-03
5.924136708581033872e+01 -5.573427017265635691e-03 -8.221207549898695496e-03
5.927276433017194535e+01 -5.575048617506389755e-03 -8.202440028391018781e-03
5.928846857494762901e+01 -5.576519963910199322e-03 -8.191620333442142105e-03
5.930419302021497430e+01 -5.578582828770177818e-03 -8.186590474821420563e-03
5.933567653926403551e+01 -5.583046363528429944e-03 -8.199097085949123495e-03
5.935144290017188951e+01 -5.582956972666985179e-03 -8.217704502743897882e-03
5.936721929630634520e+01 -5.581353997979495753e-03 -8.242815941601509128e-03
5.938300832016691544e+01 -5.580907274613064462e-03 -8.279788654458416011e-03
5.941451692052842759e+01 -5.578781270089054091e-03 -8.363121229375188384e-03
5.943025382546294111e+01 -5.578907899474983348e-03 -8.417811737996609006e-03
5.944597293739578703e+01 -5.578739959666937157e-03 -8.473149690881498844e-03
5.946167996531444544e+01 -5.580040450964848450e-03 -8.530598547303066062e-03
5.949307436515564262e+01 -5.582330076862805981e-03 -8.634528976010878709e-03
5.950877172901046208e+01 -5.582640215165243953e-03 -8.668945627814315241e-03
5.952446740635551237e+01 -5.583336244568903699e-03 -8.694515362603580724e-03
5.954017030313050185e+01 -5.583897503622410260e-03 -8.726682221925557287e-03
5.957163101611364198e+01 -5.584743096821198280e-03 -8.798836655132794352e-03
5.958737037881096654e+01 -5.586271614129802859e-03 -8.838148914213531798e-03
5.960313661724885037e+01 -5.582224258374819149e-03 -8.878138534221771683e-03
5.963469916917749458e+01 -5.578711003285640076e-03 -8.966128004812133623e-03
5.965047883440253429e+01 -5.578363897195888141e-03 -9.011270561381347702e-03
5.966621492682148897e+01 -5.572431001522858314e-03 -9.052204593379610531e-03
5.968194833872986038e+01 -5.572138361227447177e-03 -9.092357440081104067e-03
5.971336809386686895e+01 -5.567643411971579838e-03 -9.166494241957704597e-03
5.972905891382858101e+01 -5.568877628996689658e-03 -9.191925242965586981e-03
5.974475592099408061e+01 -5.569181595233224126e-03 -9.199972361336558602e-03
5.976045719179142424e+01 -5.568290135123401229e-03 -9.188836038763473907e-03
5.979185758861776634e+01 -5.566963301274503034e-03 -9.154337388761301167e-03
5.980758544882493055e+01 -5.566825296148335961e-03 -9.135003657447075126e-03
5.982332489930934827e+01 -5.564706531444298283e-03 -9.106637808116302066e-03
5.985484536160971203e+01 -5.560967555857986369e-03 -9.055277849848688415e-03
5.987062756886705017e+01 -5.560786146075290606e-03 -9.023032371127023485e-03
5.988640881259947690e+01 -5.557616666863126817e-03 -8.988188548334562905e-03
5.990218101508451554e+01 -5.556879377828524355e-03 -8.956504956194081060e-03
5.993364134096206897e+01 -5.553679520634347000e-03 -8.886749160370121040e-03
5.994935010170912904e+01 -5.552929115974832887e-03 -8.849132844671809064e-03
5.996505185220785705e+01 -5.550015583964634618e-03 -8.806435300559594184e-03
5.998074363547116405e+01 -5.551239274205642046e-03 -8.759016804593755881e-03
6.001214435611175446e+01 -5.555503028035171237e-03 -8.665744050067173895e-03
6.002784489927172018e+01 -5.555548581071403230e-03 -8.612771987072503563e-03
6.004355067108726729e+01 -5.556343469315016582e-03 -8.554660187629004736e-03
6.007501700299829395e+01 -5.556077848466221304e-03 -8.448021342874973208e-03
6.009076916140442393e+01 -5.557335419956545286e-03 -8.401057549201923491e-03
6.010654318334182022e+01 -5.556462921497510969e-03 -8.358826851507541317e-03
6.012233012316528402e+01 -5.556528241912512406e-03 -8.322418020768714703e-03
6.015387077279726213e+01 -5.553276178480208262e-03 -8.268095139713653452e-03
6.016960098548407387e+01 -5.554142039900372696e-03 -8.248205688662463633e-03
6.018532622032469703e+01 -5.553458715476090532e-03 -8.232563616857771494e-03
6.020103172565711702e+01 -5.553061455569816007e-03 -8.222616277508565039e-03
6.023242303635187511e+01 -5.551998400249264984e-03 -8.199660746868125613e-03
6.024812198231359872e+01 -5.554788691901494171e-03 -8.191695108922765478e-03
6.026382292300395704e+01 -5.558304885344936275e-03 -8.179325817026461554e-03
6.029523604010291393e+01 -5.560878122919269383e-03 -8.158771440050583204e-03
6.031096719252115435e+01 -5.564827880386037130e-03 -8.156773443071210772e-03
6.032670227760199566e+01 -5.561770892000208674e-03 -8.162231940260097907e-03
6.034245921735551121e+01 -5.562450884272583142e-03 -8.174547666046139138e-03
6.037402437526975518e+01 -5.563090676935956644e-03 -8.224137514172958838e-03
6.038979236926983418e+01 -5.561477674618938404e-03 -8.264512923868793867e-03
6.040555867585695893e+01 -5.559679226760360152e-03 -8.303544489690990391e-03
6.042129161258760917e+01 -5.563321238744881915e-03 -8.353495190561556830e-03
6.045272964050378306e+01 -5.560023088965091245e-03 -8.465956891063443693e-03
6.046843145709837586e+01 -5.560171455536521735e-03 -8.523393683192890050e-03
6.048412568569100500e+01 -5.559675735587831999e-03 -8.576258801314393110e-03
6.051552528803397024e+01 -5.564322080773527641e-03 -8.646988217108944955e-03
6.053122465054755708e+01 -5.566930313995768938e-03 -8.674823342482318456e-03
6.054693856827847753e+01 -5.567435524523450634e-03 -8.714153576576453772e-03
6.056266859788861723e+01 -5.569053217540792695e-03 -8.750803035928874166e-03
6.059415384044455521e+01 -5.565402873665003733e-03 -8.826949116190505734e-03
6.060992371718172222e+01 -5.565742156224165807e-03 -8.869066024476337726e-03
6.062571552015033660e+01 -5.564014832755606599e-03 -8.914699781556865987e-03
6.064148581263889071e+01 -5.560252783653007840e-03 -8.960074016888064027e-03
6.067298855269503832e+01 -5.557148692648647241e-03 -9.045964263823137036e-03
6.068871849474860625e+01 -5.553964232613032778e-03 -9.087923573137908148e-03
6.070442352034037725e+01 -5.550654222474441131e-03 -9.127265574735008574e-03
6.072012011264457954e+01 -5.550430030859420348e-03 -9.158707014876159638e-03
6.075150928094522129e+01 -5.547577868383487230e-03 -9.179731042309700884e-03
6.076720888087017869e+01 -5.547713466003611690e-03 -9.163992201600983448e-03
6.078290932142092373e+01 -5.549531473754524234e-03 -9.145566266193734528e-03
6.081436225388843297e+01 -5.548395849160316085e-03 -9.109003916127069236e-03
6.083009433079602957e+01 -5.547161378329592586e-03 -9.083342206913088551e-03
6.084585895074570061e+01 -5.545950008914206190e-03 -9.060216852206048194e-03
6.086163309561231216e+01 -5.544381531909781981e-03 -9.031273940609763073e-03
6.089319506062963683e+01 -5.540289009390521671e-03 -8.966473367319656440e-03
6.090894885736058484e+01 -5.538453054047428464e-03 -8.933681560981293276e-03
6.092468240080613384e+01 -5.535444039194410346e-03 -8.898732162357276404e-03
6.094040644077082192e+01 -5.535598617415781776e-03 -8.865771661875191528e-03
6.097180258734841374e+01 -5.533424404051563369e-03 -8.782605435802648061e-03
6.098749617956323021e+01 -5.532865722801798974e-03 -8.734848358089039241e-03
6.100319625398971368e+01 -5.532593560205367050e-03 -8.691470584939488958e-03
6.103459917514212663e+01 -5.535069745505218422e-03 -8.582978819746768517e-03
6.105031751617602964e+01 -5.538772824321381953e-03 -8.529096614163546308e-03
6.106605630026582787e+01 -5.537530457259455703e-03 -8.474133361018064414e-03
6.108179105432170530e+01 -5.539170847048024114e-03 -8.422296702910231012e-03
6.111333091431654907e+01 -5.538248638134709093e-03 -8.334803795615255972e-03
6.112912491426664019e+01 -5.539419513099826803e-03 -8.300279213659018246e-03
6.114489163304916985e+01 -5.537892278996542003e-03 -8.269313633521570631e-03
6.116063531886069882e+01 -5.538028595691712498e-03 -8.245171007451227926e-03
6.119208933924828386e+01 -5.536188024732726330e-03 -8.209526120862026960e-03
6.120779354067310152e+01 -5.535911534080593249e-03 -8.196633431971018027e-03
6.122348447450090703e+01 -5.535826928464590568e-03 -8.182028024843478881e-03
6.125487692363124381e+01 -5.537036979363890721e-03 -8.161906629305571217e-03
6.127057614506049532e+01 -5.537900022875787316e-03 -8.148348313622079397e-03
6.128627988173109742e+01 -5.539449206211464680e-03 -8.138268769006471934e-03
6.130200105219829965e+01 -5.543005749430275804e-03 -8.128448207546101756e-03
6.133348098873135257e+01 -5.545631394864156648e-03 -8.135826220085547525e-03
6.134924696707599878e+01 -5.548304657223541644e-03 -8.150536228169259420e-03
6.136502154081905047e+01 -5.544712027098098323e-03 -8.173080707910224466e-03
6.138081439932810923e+01 -5.545319858385267323e-03 -8.207802063245945093e-03
6.141232360558362302e+01 -5.544689591059052611e-03 -8.289810878476444253e-03
6.142806089172181316e+01 -5.541686392876834892e-03 -8.342691419719546614e-03
6.144378268145326416e+01 -5.543123389756730857e-03 -8.399462333599221064e-03
6.147518650731488066e+01 -5.544167679654051807e-03 -8.513483773500054447e-03
6.149088145549919915e+01 -5.545258910514764238e-03 -8.562677350323202180e-03
6.150657955770694940e+01 -5.545417109527270468e-03 -8.599460779899906551e-03
6.152227722344436245e+01 -5.546064641557086825e-03 -8.625802959040617876e-03
6.155370231817934723e+01 -5.548065041695812195e-03 -8.699975282163123144e-03
6.156943865891139467e+01 -5.548731550374637680e-03 -8.734413098379351439e-03
6.158517614887766456e+01 -5.550241416743506052e-03 -8.773656111277339242e-03
6.160093852118918534e+01 -5.549980814067439691e-03 -8.816231649323174116e-03
6.163250181298011654e+01 -5.544313758719240579e-03 -8.908520608653075490e-03
6.164828210953178456e+01 -5.542980907724120998e-03 -8.956154905463484597e-03
6.166402138180047388e+01 -5.539083839746042869e-03 -8.999459586250709020e-03
6.169547795843697457e+01 -5.535716206374836044e-03 -9.084912439213565366e-03
6.171118323321983468e+01 -5.535652278892944610e-03 -9.122312845310986615e-03
6.172687593754976376e+01 -5.535366884156113672e-03 -9.151542280392369402e-03
6.174257190284323826e+01 -5.534123411373561251e-03 -9.164460012763333066e-03
6.177396366894083712e+01 -5.532527202957307835e-03 -9.141437436373770972e-03
6.178966635222102610e+01 -5.531772728528340857e-03 -9.126496225737112597e-03
6.180539063090490970e+01 -5.531090285705469491e-03 -9.111676950346399642e-03
6.182113166364021595e+01 -5.530815416846909978e-03 -9.084751367816477213e-03
6.185264360043304777e+01 -5.527613353207281796e-03 -9.038487000431753154e-03
6.186842343974628733e+01 -5.525914872875540770e-03 -9.008793098741574995e-03
6.188421098114095997e+01 -5.523191510630442655e-03 -8.975721916422759600e-03
6.191571626063607425e+01 -5.517294476206259166e-03 -8.911997802369652985e-03
6.193144867512059193e+01 -5.517477319277694359e-03 -8.879791963861481674e-03
6.194716092242023109e+01 -5.515975761757501046e-03 -8.844729666390160894e-03
6.196286361458859204e+01 -5.514801446484163608e-03 -8.804724815015240943e-03
6.199425433388164919e+01 -5.517443291578359894e-03 -8.713952236988547345e-03
6.200995628191935083e+01 -5.517374985082229566e-03 -8.666903081277934143e-03
6.202565318699041796e+01 -5.517920541450456462e-03 -8.614586660135502283e-03
6.204135814466759058e+01 -5.519153100911547080e-03 -8.556466548217456225e-03
6.207282562780676471e+01 -5.520122214278917229e-03 -8.448414313682744287e-03
6.208857228276455231e+01 -5.522362498318488314e-03 -8.398621839030239594e-03
6.210434382851366308e+01 -5.519187732507911150e-03 -8.353772027059801208e-03
6.212012511584310914e+01 -5.520489601738540024e-03 -8.312414061199778492e-03
6.215167665513313011e+01 -5.519808212030843583e-03 -8.248785047265304315e-03
6.216740642875392808e+01 -5.516482098707485397e-03 -8.224211442028703939e-03
6.218313555216554533e+01 -5.518211428494056506e-03 -8.202729109454503370e-03
6.221454540651208731e+01 -5.516132406133211243e-03 -8.170614632141874958e-03
6.223023671081420360e+01 -5.518543030340109651e-03 -8.156376559223675951e-03
6.224593406731744949e+01 -5.521325764958601341e-03 -8.145414214052841551e-03
6.226163664381274998e+01 -5.523465809629978483e-03 -8.131120318994504784e-03
6.229304184548085743e+01 -5.525594591364712399e-03 -8.105247416653122913e-03
6.230877130664548247e+01 -5.528132907298917258e-03 -8.099442174622252522e-03
6.232450972886853435e+01 -5.526320092330847325e-03 -8.101189505183070683e-03
6.234026134414229148e+01 -5.528192135491061428e-03 -8.110073343987059952e-03
6.237182070097593112e+01 -5.527887135698104221e-03 -8.151044667826599227e-03
6.238759580388113335e+01 -5.525865158257374683e-03 -8.190951101237896673e-03
6.240336551549250999e+01 -5.525622754782487378e-03 -8.229888617649427571e-03
6.243482735125295591e+01 -5.525779012141430850e-03 -8.331511009289332970e-03
6.245053739174547758e+01 -5.525968511057302406e-03 -8.389417975883713824e-03
6.246624118508367474e+01 -5.524017685596827563e-03 -8.447079607875022586e-03
6.248193540864385653e+01 -5.524724176346330722e-03 -8.501580097275533016e-03
6.251333503808188397e+01 -5.530905642569272120e-03 -8.576127170341943037e-03
6.252903619258785284e+01 -5.531756070806265885e-03 -8.604802958321057862e-03
6.254474398773408694e+01 -5.531774360010431775e-03 -8.644409674782457809e-03
6.256047277339462198e+01 -5.535136587063335840e-03 -8.684285937629501739e-03
6.259195474677875382e+01 -5.531262071430027155e-03 -8.763010260898165815e-03
6.260772435592212304e+01 -5.530649853819442560e-03 -8.807473725234559597e-03
6.262351037033727152e+01 -5.528698011433893188e-03 -8.855539655145657288e-03
6.265506057755778357e+01 -5.522296776293780449e-03 -8.952891387823014302e-03
6.267079674330601335e+01 -5.523967956375388025e-03 -8.996435857843666437e-03
6.268652668494455327e+01 -5.520114359554434413e-03 -9.041398449813683666e-03
6.270223594367671893e+01 -5.517940836215237503e-03 -9.084047141571603007e-03
6.273362784024617156e+01 -5.514556204026898993e-03 -9.144961383206636624e-03
6.274932522648082056e+01 -5.514972767320722516e-03 -9.150982868874911469e-03
6.276502391400750014e+01 -5.516613074657451300e-03 -9.139161492154202621e-03
6.278072220655288760e+01 -5.517631929351190893e-03 -9.121998800687364586e-03
6.281216532965911625e+01 -5.517504365565907738e-03 -9.091335190011609613e-03
6.282789851803043746e+01 -5.513176992319491175e-03 -9.065944018228742560e-03
6.284365768086772164e+01 -5.511190828450620617e-03 -9.046146093479930095e-03
6.287522841829738240e+01 -5.508721864568494331e-03 -8.988912532655041546e-03
6.289099403550891054e+01 -5.505053920508709391e-03 -8.958033259885055111e-03
6.290675663637328086e+01 -5.501530065873522050e-03 -8.928258485162678809e-03
6.292248715486896771e+01 -5.502455621084711285e-03 -8.894383553645881374e-03
6.295391633084415162e+01 -5.496418178626193141e-03 -8.826025021461474454e-03
6.296961270699544144e+01 -5.496885580707048385e-03 -8.784296049776055271e-03
6.298530583142382255e+01 -5.495474445734558830e-03 -8.736180584024472520e-03
6.300100615125364811e+01 -5.495784216905791157e-03 -8.693283648235365993e-03
6.303240964993884177e+01 -5.500739157837220006e-03 -8.586916353128892440e-03
6.304812552921900703e+01 -5.502652002813082470e-03 -8.533033724862523067e-03
6.306386288454486078e+01 -5.502532525102661956e-03 -8.477753424042630201e-03
6.309535835990394048e+01 -5.502629285429334015e-03 -8.376557327741901079e-03
6.311113229265916402e+01 -5.503209750580443510e-03 -8.332109400232380961e-03
6.312692678288443915e+01 -5.504007337920028761e-03 -8.293297704259955730e-03
6.314269080897771147e+01 -5.502044046955876892e-03 -8.257602247669649717e-03
6.317417685858342935e+01 -5.500498121475240823e-03 -8.203455143400690749e-03
6.318990124190969482e+01 -5.500957137025865376e-03 -8.182675788227424668e-03
6.320560300271127829e+01 -5.499044465368062469e-03 -8.165434775921017602e-03
6.322129576701935605e+01 -5.500960004899536557e-03 -8.145636004632231600e-03
6.325268769825440529e+01 -5.501492625692314987e-03 -8.118203390252907298e-03
6.326838792842817583e+01 -5.502850503230239700e-03 -8.100818924820039207e-03
6.328409051319722067e+01 -5.505857470689260423e-03 -8.090048110351133470e-03
6.331554784293216187e+01 -5.509227698516507010e-03 -8.070631429329575349e-03
6.333128205464901583e+01 -5.510960181853184932e-03 -8.074272383348898158e-03
6.334704825332127598e+01 -5.512397596680664556e-03 -8.085610552799559619e-03
6.336282255525185292e+01 -5.510968641719215730e-03 -8.103582770935811516e-03
6.339438313103791955e+01 -5.510942040795612125e-03 -8.173398869683771301e-03
6.341013091742527052e+01 -5.511218699638797437e-03 -8.213697108830592813e-03
6.342586701716915343e+01 -5.507723960179761180e-03 -8.263171395227459845e-03
6.344159098379516593e+01 -5.509970104758811320e-03 -8.320288072136965141e-03
6.347299301450651399e+01 -5.509426876273482154e-03 -8.436566217682024693e-03
6.348868771866361271e+01 -5.510149491819293401e-03 -8.487450704316812020e-03
6.350438703118975070e+01 -5.510107225613336372e-03 -8.527370275055229723e-03
6.352008615356331944e+01 -5.510795633039331648e-03 -8.554848592515745115e-03
6.355150803490474232e+01 -5.515293729941644560e-03 -8.631783107398876762e-03
6.356724325861458169e+01 -5.513980300090474962e-03 -8.669531992559837558e-03
6.358297762432366795e+01 -5.515553539181562541e-03 -8.710102827531355021e-03
6.361450941207563403e+01 -5.512699808090846219e-03 -8.802675611695015209e-03
6.363030310710622217e+01 -5.512270542717892866e-03 -8.853509527164292112e-03
6.364607934999590810e+01 -5.509973898023519737e-03 -8.904785816422273667e-03
6.366182755558477879e+01 -5.508317285117475190e-03 -8.952457779222213266e-03
6.369329055391477112e+01 -5.504056234578950241e-03 -9.045340963743141519e-03
6.370899855443848736e+01 -5.503648183674099241e-03 -9.086603656627187039e-03
6.372469370604511596e+01 -5.501615641188025915e-03 -9.121109422720798110e-03
6.374038468559587756e+01 -5.501224854129420708e-03 -9.140093093128572738e-03
6.377177735508298895e+01 -5.499212241449183414e-03 -9.125460774852605858e-03
6.378747830671081687e+01 -5.498304743974203289e-03 -9.111272924374589147e-03
6.380319865580452898e+01 -5.498525647334792307e-03 -9.099458740495260101e-03
6.383467821836852352e+01 -5.498018871025274826e-03 -9.054113663741680459e-03
6.385044392704955385e+01 -5.497562999561853535e-03 -9.033201476486930892e-03
6.386622086465225578e+01 -5.492546750746016629e-03 -9.004807845395394403e-03
6.388201369243494554e+01 -5.490626982390577060e-03 -8.973542911249774573e-03
6.391351996035822225e+01 -5.485353940774796710e-03 -8.912554271824186039e-03
6.392925429441218199e+01 -5.482391906790411509e-03 -8.881197453031482517e-03
6.394497003551886394e+01 -5.481452664505158737e-03 -8.847582220120671359e-03
6.396067285233304744e+01 -5.482162311791495893e-03 -8.809302358504716990e-03
6.399206377649186805e+01 -5.480906640745500727e-03 -8.718489741773060783e-03
6.400776268886242804e+01 -5.480876850325593769e-03 -8.672992509569767486e-03
6.402346141367256394e+01 -5.481016803474734675e-03 -8.620157718275392109e-03
6.405489190127161692e+01 -5.483220820444080316e-03 -8.509639703109202202e-03
6.407063340769202853e+01 -5.484793519846245871e-03 -8.453346553534130461e-03
6.408637589872269302e+01 -5.486818712175702169e-03 -8.402038058223657360e-03
6.410214376323357044e+01 -5.485434027621428552e-03 -8.355334153276964756e-03
6.413370914560762515e+01 -5.484324231402784577e-03 -8.273834431833101272e-03
6.414948218569436733e+01 -5.485489356695274522e-03 -8.239272287128691225e-03
6.416521129531213319e+01 -5.482099023286481944e-03 -8.209407264052968889e-03
6.418094395797201912e+01 -5.483284143575099454e-03 -8.183699435778141879e-03
6.421235797731733896e+01 -5.483786110429983776e-03 -8.141389700256728215e-03
6.422804894537550524e+01 -5.486232437733482882e-03 -8.121495985052618743e-03
6.424374747670559316e+01 -5.487689563282242486e-03 -8.106330151594965880e-03
6.427514414561350975e+01 -5.489682027438509866e-03 -8.075326668333207211e-03
6.429084886931968867e+01 -5.491416728145887168e-03 -8.056913696654883703e-03
6.430657556972012401e+01 -5.492857548576540391e-03 -8.045377740521011956e-03
6.432231701443559757e+01 -5.493742687755162959e-03 -8.042353391649272390e-03
6.435383412877706633e+01 -5.493693655170017211e-03 -8.060692411905967178e-03
6.436961534447371491e+01 -5.495021644829529289e-03 -8.078864000842527274e-03
6.438539734372636758e+01 -5.493649845947862730e-03 -8.115463293584363261e-03
6.440116960167095783e+01 -5.494927886248704776e-03 -8.155268794012588557e-03
6.443263364264663551e+01 -5.493006951452558163e-03 -8.250959304325391694e-03
6.444834637998988569e+01 -5.492907773374152043e-03 -8.309865381677744578e-03
6.446405128544667207e+01 -5.491234271938231701e-03 -8.369688446779492003e-03
6.449544356450437022e+01 -5.496254936536078620e-03 -8.473581458614282830e-03
6.451114621708900643e+01 -5.497723208437443020e-03 -8.506437941301689745e-03
6.452684341508596333e+01 -5.497919296571646998e-03 -8.537274930544198198e-03
6.454254789249303315e+01 -5.499015650747308796e-03 -8.576359903832715681e-03
6.457400992434921250e+01 -5.498716108227198751e-03 -8.659429028840493967e-03
6.458975606054787022e+01 -5.500177652947511354e-03 -8.704130108449358028e-03
6.460552617969800338e+01 -5.496763008419298241e-03 -8.750896897360898458e-03
6.462130340195402312e+01 -5.496732093007025526e-03 -8.802199442137012900e-03
6.465286484435401348e+01 -5.492285294989750905e-03 -8.908575159739355598e-03
6.466860321185829719e+01 -5.489684848346991497e-03 -8.957514952725037505e-03
6.468433432701209540e+01 -5.488776269733401311e-03 -9.006463286955321626e-03
6.470004803679101713e+01 -5.487428652767844910e-03 -9.054071824604577670e-03
6.473144466549440779e+01 -5.483952151616776696e-03 -9.126068331183678772e-03
6.474714101424898161e+01 -5.485525042693324346e-03 -9.138115001438058480e-03
6.476283897422302971e+01 -5.486560516634575967e-03 -9.130618011497015213e-03
6.479424221729362898e+01 -5.484504581739153665e-03 -9.106298107170352971e-03
6.480997033681890684e+01 -5.486171284117333583e-03 -9.090709219435362878e-03
6.482570512021287357e+01 -5.481183868208815320e-03 -9.065751144259068597e-03
6.484145767154203099e+01 -5.479906186170818878e-03 -9.048050190368582199e-03
6.487302262501513894e+01 -5.476200303666463147e-03 -8.994476601710526403e-03
6.488879486028645260e+01 -5.472225525064916725e-03 -8.963523439541010510e-03
6.490456275668677222e+01 -5.468925099495289960e-03 -8.935620170017642347e-03
6.492029355250672040e+01 -5.469532910907654900e-03 -8.901554516528437100e-03
6.495172369077755548e+01 -5.464187269326369056e-03 -8.834228443485610607e-03
6.496742319579098535e+01 -5.462265865556340146e-03 -8.793506159178534481e-03
6.498311625374581979e+01 -5.460925328803088209e-03 -8.745675348444885422e-03
6.501451771163948479e+01 -5.464824581310044442e-03 -8.652155350191351527e-03
6.503021981652774741e+01 -5.467126400817373319e-03 -8.596721639650964017e-03
6.504593410082502203e+01 -5.466882285734294029e-03 -8.540179716235468677e-03
6.506166637024954014e+01 -5.469836846468252751e-03 -8.485358300998000966e-03
6.509315938729686479e+01 -5.467008668071590000e-03 -8.380185350277723558e-03
6.510893367122396569e+01 -5.468715608315098675e-03 -8.334091329470695586e-03
6.512472799398663881e+01 -5.468233803806615313e-03 -8.292108900467548907e-03
6.514049245791494513e+01 -5.467016202495061407e-03 -8.253067328249983833e-03
6.517198388929881503e+01 -5.468623363391386140e-03 -8.189863677202801132e-03
6.518771017393929412e+01 -5.466221034648474468e-03 -8.163385131944202525e-03
6.520341197409145195e+01 -5.465486749533471182e-03 -8.141136784464601123e-03
6.523480025683821282e+01 -5.466611224702331955e-03 -8.097301380368139220e-03
6.525049935871086859e+01 -5.468159429947170094e-03 -8.080522688201287329e-03
6.526620031253261800e+01 -5.471063536635075754e-03 -8.059074658574949188e-03
6.528190135354424228e+01 -5.475275398569202749e-03 -8.046151775540414525e-03
6.531335269731327742e+01 -5.478369621310484258e-03 -8.016116002374874816e-03
6.532908570128806502e+01 -5.477941362092561724e-03 -8.015200476058826143e-03
6.534484869198372792e+01 -5.478315784142174898e-03 -8.023579766114594808e-03
6.536062305084905688e+01 -5.479641817980288911e-03 -8.036507506996524650e-03
6.539218201683385701e+01 -5.478223920011162686e-03 -8.099072544227751969e-03
6.540793932286655377e+01 -5.477113006616309530e-03 -8.139075076900219655e-03
6.542367300668833252e+01 -5.477543617762463228e-03 -8.185117856705713749e-03
6.545510539540366324e+01 -5.475122784874295566e-03 -8.301668405648056706e-03
6.547080215332405828e+01 -5.476915035061473425e-03 -8.361517623829365503e-03
6.548649639009933310e+01 -5.476688623069762840e-03 -8.414971421725319853e-03
6.550219615523094774e+01 -5.477223640674548817e-03 -8.458861298424543568e-03
6.553359793671711486e+01 -5.481379925991035351e-03 -8.524008590645455741e-03
6.554931408611049903e+01 -5.484426674942646622e-03 -8.570514182539823098e-03
6.556505013206235333e+01 -5.482921133880978327e-03 -8.612990219887125057e-03
6.558077925958701826e+01 -5.483650082747227976e-03 -8.656065244969196951e-03
6.561231074089660353e+01 -5.481999678713312535e-03 -8.754098118582895327e-03
6.562810341994315877e+01 -5.481923393333121806e-03 -8.809534065965230615e-03
6.564387642851301052e+01 -5.478746896639810626e-03 -8.865448166778545566e-03
6.567537347824654148e+01 -5.473084701205670373e-03 -8.969332486014449171e-03
6.569110149987695024e+01 -5.473721216145224083e-03 -9.020282330504546600e-03
6.570681218824931591e+01 -5.470494368930457589e-03 -9.068129772358563684e-03
6.572250690457462952e+01 -5.470253023534711080e-03 -9.107369824740982681e-03
6.575389494272690172e+01 -5.468092630101172545e-03 -9.138291562280772065e-03
6.576959190337032624e+01 -5.467262377828725414e-03 -9.127683869383895754e-03
6.578529191795495024e+01 -5.467203341660347056e-03 -9.115428764909342535e-03
6.580100845921509745e+01 -5.468956262324106525e-03 -9.105542168684361073e-03
6.583248019539523455e+01 -5.466211053193384926e-03 -9.062965930265910394e-03
6.584824536357706393e+01 -5.466669544559370209e-03 -9.044579795000506905e-03
6.586402065799697425e+01 -5.461334958155722279e-03 -9.016597586033419168e-03
6.589558416740929658e+01 -5.457474248907609286e-03 -8.957915325450914804e-03
6.591132623854660721e+01 -5.455733964508926656e-03 -8.926014146047786188e-03
6.592706046584675050e+01 -5.449953512043094993e-03 -8.893391846510272092e-03
6.594277930287468337e+01 -5.450296080135708272e-03 -8.859889882458848315e-03
6.597417682278313578e+01 -5.447211104913534004e-03 -8.776560474399765222e-03
6.598987083381878449e+01 -5.447113108876982905e-03 -8.729074099925675234e-03
6.600557054687573100e+01 -5.446345569991008391e-03 -8.683805040188985122e-03
6.602127055436092462e+01 -5.446123033429384024e-03 -8.629603464643200231e-03
6.605269880933126103e+01 -5.449309447529882347e-03 -8.517649569381877117e-03
6.606843990789988652e+01 -5.450031530360307033e-03 -8.460060066575970580e-03
6.608418103678063460e+01 -5.451844566658262808e-03 -8.406461583027711668e-03
6.611572367108480819e+01 -5.450707246322246402e-03 -8.311591598397439357e-03
6.613151476677771257e+01 -5.451331632786422451e-03 -8.271644002146430474e-03
6.614728491409282185e+01 -5.451443579955388662e-03 -8.233309241065314699e-03
6.616301845103120627e+01 -5.451061017533397578e-03 -8.199733416120961321e-03
6.619446801573300831e+01 -5.450619973132358846e-03 -8.143374043668331203e-03
6.621016937339331321e+01 -5.453163445938155780e-03 -8.117498375035527708e-03
6.622586300039500884e+01 -5.453133798590047154e-03 -8.092939483135027159e-03
6.624155752404996633e+01 -5.454246160835453730e-03 -8.073129557576165863e-03
6.627295390192459479e+01 -5.456395141846991786e-03 -8.031957163226376151e-03
6.628865775944728966e+01 -5.457990734439415771e-03 -8.012797663963623987e-03
6.630438202586665852e+01 -5.460021364079188470e-03 -7.996859505459199061e-03
6.632012401580043104e+01 -5.462200952647620900e-03 -7.989078250105250897e-03
6.635163392165163998e+01 -5.464594549776611090e-03 -8.000248453415313710e-03
6.636741236878664552e+01 -5.463390683656698353e-03 -8.014084810194924482e-03
6.638320050583325838e+01 -5.462914395919237637e-03 -8.044640373208740425e-03
6.641470541446342679e+01 -5.460732146521009127e-03 -8.126544467513594980e-03
6.643044076665837849e+01 -5.461241782826469805e-03 -8.175328062060990830e-03
6.644615726905097119e+01 -5.460939658002607854e-03 -8.233508150091928962e-03
6.646186210954918749e+01 -5.462151536148804332e-03 -8.295992449094706164e-03
6.649325559324421420e+01 -5.464827239907446566e-03 -8.406654360099900802e-03
6.650895426106063724e+01 -5.465327922889170326e-03 -8.444476734122402864e-03
6.652465063741645679e+01 -5.466292202023930770e-03 -8.478513622383995058e-03
6.654035460997886275e+01 -5.467252164704957708e-03 -8.518177871770029469e-03
6.657181737314282088e+01 -5.468666376040293153e-03 -8.610210532765252139e-03
6.658755836652731830e+01 -5.470473208173617236e-03 -8.657634123405366644e-03
6.660332529297336634e+01 -5.466566217328811157e-03 -8.706482610772108000e-03
6.663488740127387189e+01 -5.463968772808273575e-03 -8.821340613970798245e-03
6.665066789126792912e+01 -5.463938441384860734e-03 -8.878221257236244834e-03
6.666640627085764947e+01 -5.458371958281245211e-03 -8.933437337349440718e-03
6.668214173304211556e+01 -5.458551265293521380e-03 -8.986283464927488293e-03
6.671356751138297625e+01 -5.454592800299491902e-03 -9.085695635252778735e-03
6.672925960061105854e+01 -5.456053860612796944e-03 -9.123019423606092485e-03
6.674495551001558624e+01 -5.456702854757356815e-03 -9.141213928338661615e-03
6.676065493210850832e+01 -5.455949790511245741e-03 -9.138497372315503714e-03
6.679205135703266194e+01 -5.454446517316627850e-03 -9.116953030774846770e-03
6.680777716519348530e+01 -5.454111714091531768e-03 -9.105190618943666270e-03
6.682351406231194346e+01 -5.451497363285228749e-03 -9.080798678947329949e-03
6.685503333023548578e+01 -5.447100265514021218e-03 -9.040557856274304346e-03
6.687081643452172841e+01 -5.446550603514789882e-03 -9.012006224750098229e-03
6.688659662787375737e+01 -5.442579160792210616e-03 -8.980111537233869193e-03
6.690236749430488317e+01 -5.440937438441890289e-03 -8.951977688375051256e-03
6.693382514539430872e+01 -5.436200410545394962e-03 -8.885060968527752970e-03
6.694953238098433701e+01 -5.434183333426551542e-03 -8.848186704281571502e-03
6.696523431882722832e+01 -5.430484147458286212e-03 -8.806220973166644511e-03
6.698092709672229716e+01 -5.430620905303698044e-03 -8.758500694806711090e-03
6.701232787529573898e+01 -5.433599564243359395e-03 -8.662236847182454638e-03
6.702803088822285815e+01 -5.433765910384203909e-03 -8.606517486078478843e-03
6.704373837634909705e+01 -5.434313735722620491e-03 -8.546068146346723349e-03
6.707520720684436810e+01 -5.433662343144647806e-03 -8.433182125348289912e-03
6.709096112370980336e+01 -5.434886621814410609e-03 -8.381379274175386820e-03
6.710673590311218106e+01 -5.434810833441111252e-03 -8.333019638427441658e-03
6.712252503366289602e+01 -5.435434274184563347e-03 -8.288644143870925116e-03
6.715406235964070447e+01 -5.433626716892637695e-03 -8.210761958062121404e-03
6.716979230969508308e+01 -5.435568454772683918e-03 -8.177492033127941110e-03
6.718551649022515448e+01 -5.435127998067479024e-03 -8.147344296757291424e-03
6.720122100589480851e+01 -5.435276662863546340e-03 -8.120632773681264044e-03
6.723261161682860632e+01 -5.435131700945606409e-03 -8.069373994086130597e-03
6.724831031219532917e+01 -5.438171789635086809e-03 -8.048311868547462083e-03
6.726401124391631470e+01 -5.441973024511028746e-03 -8.023583966510539067e-03
6.729542410941152752e+01 -5.445229386344086278e-03 -7.982392973892412508e-03
6.731115526164981588e+01 -5.449342837356292192e-03 -7.969500345982481401e-03
6.732689032880128366e+01 -5.446631067095787648e-03 -7.964577493362030511e-03
6.734264774612289273e+01 -5.447364605950136100e-03 -7.968686236999407077e-03
6.737421531832761445e+01 -5.448510521609642790e-03 -7.996856653828472369e-03
6.738998191261815407e+01 -5.447051733169331299e-03 -8.031798409260272956e-03
6.740574668328406460e+01 -5.445240128405554915e-03 -8.072354463725188792e-03
6.742147809989297969e+01 -5.448818448983676864e-03 -8.117679013414971431e-03
6.745291281677558004e+01 -5.445545476410271028e-03 -8.230193531692540920e-03
6.746861259121828880e+01 -5.446150314057565840e-03 -8.292962222087177718e-03
6.748430623272416540e+01 -5.445717847631336740e-03 -8.350095314342078495e-03
6.750000614494794604e+01 -5.447344900672198946e-03 -8.398467166891845567e-03
6.753140691267741147e+01 -5.453346942530901825e-03 -8.470194017397843916e-03
6.754712168340368805e+01 -5.454209210164970290e-03 -8.519351053919044237e-03
6.756285312360816420e+01 -5.455636144182433173e-03 -8.566838216558642777e-03
6.759434126591702352e+01 -5.452925850161155844e-03 -8.662278112843691674e-03
6.761011099263623692e+01 -5.453425353816998729e-03 -8.715970806664080986e-03
6.762590319227228974e+01 -5.452128682918089796e-03 -8.776029743672843220e-03
6.764167363807622735e+01 -5.448746387313179763e-03 -8.837076131114915065e-03
6.767317837902400868e+01 -5.446055479136238490e-03 -8.951528796046851963e-03
6.768891079105257802e+01 -5.443440962950048603e-03 -9.006343205406216329e-03
6.770461929595259676e+01 -5.440276715938447381e-03 -9.060241905464998247e-03
6.772031854982124344e+01 -5.440375776108220991e-03 -9.104847131137620841e-03
6.775170729740983688e+01 -5.437943414246180530e-03 -9.147684409148816934e-03
6.776740518535906688e+01 -5.438000152853986538e-03 -9.139743172003337440e-03
6.778310402556371628e+01 -5.439370245905722663e-03 -9.130017257027672403e-03
6.781455304788867977e+01 -5.437981746668167117e-03 -9.102495115414492577e-03
6.783028287265641154e+01 -5.436749903268084730e-03 -9.079937490986629556e-03
6.784604562858885402e+01 -5.435175042796350220e-03 -9.062613342616800127e-03
6.786182064104494316e+01 -5.433080403492203045e-03 -9.035489598780598736e-03
6.789338122886356075e+01 -5.428152794569461766e-03 -8.974723652300290594e-03
6.790913305962722291e+01 -5.425770843629549797e-03 -8.942398773386289745e-03
6.792486555846879526e+01 -5.421458278888331359e-03 -8.907684937103813733e-03
6.794058754866368588e+01 -5.420722418248363240e-03 -8.873425062385901022e-03
6.797198406827611450e+01 -5.416767612881762985e-03 -8.787826477872216074e-03
6.798767821081449370e+01 -5.415406838867746313e-03 -8.737735680615714776e-03
6.800337797745211788e+01 -5.414481649163779657e-03 -8.691492915037464517e-03
6.803478370151995591e+01 -5.415667581499874171e-03 -8.576674977781426415e-03
6.805050391117575259e+01 -5.419146879890098835e-03 -8.519841941448624140e-03
6.806624437132312266e+01 -5.417872657112308803e-03 -8.461227510302895410e-03
6.808198104196210920e+01 -5.419490746535142629e-03 -8.405021689116736264e-03
6.811352408153211968e+01 -5.419171297508209445e-03 -8.306616560334404917e-03
6.812931759403150522e+01 -5.421037696242076223e-03 -8.264191313811806994e-03
6.814508332245969768e+01 -5.420360969397258581e-03 -8.222769899615534409e-03
6.816082548022066590e+01 -5.421238241882636415e-03 -8.186815347811163615e-03
6.819227686544016365e+01 -5.420484410914010003e-03 -8.124204507256040445e-03
6.820798033023005758e+01 -5.421117312031614559e-03 -8.095794173720971543e-03
6.822367125080099015e+01 -5.421253854040054831e-03 -8.068155904649034968e-03
6.825506361252513443e+01 -5.423244310836862134e-03 -8.021405708781577382e-03
6.827076266393319770e+01 -5.424436948422687969e-03 -7.995455636286286083e-03
6.828646598510496801e+01 -5.426258970911630383e-03 -7.975869598209058692e-03
6.830218721987745312e+01 -5.429950457823290791e-03 -7.955863847702504196e-03
6.833366758597981061e+01 -5.433321107468069670e-03 -7.943217877532196894e-03
6.834943376584384112e+01 -5.436227302159261227e-03 -7.949384790029068518e-03
6.836520935674278121e+01 -5.432968837415718191e-03 -7.961151431901004188e-03
6.838100198683036979e+01 -5.433670168387624844e-03 -7.985458573307921068e-03
6.841250928744808846e+01 -5.433241376390638387e-03 -8.065640562280023546e-03
6.842824572792804361e+01 -5.430606339021831590e-03 -8.111211678421950677e-03
6.844396616584189985e+01 -5.431995274477172120e-03 -8.166812949575571676e-03
6.847536715503906635e+01 -5.433327639767097754e-03 -8.291994558982778915e-03
6.849106192305417551e+01 -5.434431911719867989e-03 -8.347438526488865085e-03
6.850676024955154730e+01 -5.434795700055609913e-03 -8.390470734356244784e-03
6.852245818254695564e+01 -5.435610316761144666e-03 -8.427303950307414929e-03
6.855388426098262755e+01 -5.437960940501598839e-03 -8.521752799719464755e-03
6.856962201846071991e+01 -5.439028880106465402e-03 -8.568600706718124127e-03
6.858536089784328738e+01 -5.440623504650714780e-03 -8.618152263972360047e-03
6.860112432708760366e+01 -5.440161546713006245e-03 -8.669547195747220186e-03
6.863268792054182654e+01 -5.435251897162233711e-03 -8.791996019280148497e-03
6.864846845375492990e+01 -5.434285613431822336e-03 -8.853182814122959390e-03
6.866420787985724417e+01 -5.430392027374822926e-03 -8.912638734756809719e-03
6.869566844397708394e+01 -5.427413141271508236e-03 -9.027430342034634472e-03
6.871137710924799080e+01 -5.427546552602866350e-03 -9.080146396715288101e-03
6.872707134608241120e+01 -5.427746651568992990e-03 -9.122255760167891428e-03
6.874276774648294008e+01 -5.426802398849790536e-03 -9.146476343971612216e-03
6.877415764303728452e+01 -5.425261937806731376e-03 -9.140869694827987932e-03
6.878985951504417073e+01 -5.424390113948905287e-03 -9.130223683767108717e-03
6.880558267589587729e+01 -5.423402345344149889e-03 -9.120769385579997543e-03
6.882132089664452224e+01 -5.422813118373016536e-03 -9.097289438784872742e-03
6.885282997023682583e+01 -5.419116967602408651e-03 -9.057688910122837708e-03
6.886861023795435699e+01 -5.417311665993334441e-03 -9.028598988197506989e-03
6.888439664662769246e+01 -5.414294578674797367e-03 -8.995984255505049682e-03
6.890016980243343880e+01 -5.413288046366594199e-03 -8.966521516513009313e-03
6.893163014129660837e+01 -5.406599629432186707e-03 -8.896051365892112053e-03
6.894734069506741037e+01 -5.404129422259298411e-03 -8.858016735553348939e-03
6.896304340191002780e+01 -5.401786289993506206e-03 -8.815002759700816745e-03
6.899443401433696010e+01 -5.402805926412177114e-03 -8.717048375940183308e-03
6.901013654500331995e+01 -5.402250286305618036e-03 -8.666345799416502391e-03
6.902583513723764952e+01 -5.402220273237572437e-03 -8.609568782282611688e-03
6.904154161439119264e+01 -5.403198050009466735e-03 -8.547132091719521554e-03
6.907301229099317652e+01 -5.403288462877351914e-03 -8.430431753265953468e-03
6.908876100011119092e+01 -5.405374045314941152e-03 -8.375894288174418403e-03
6.910453434880498946e+01 -5.402646687006635272e-03 -8.325599015616393095e-03
6.912031869137940987e+01 -5.404496052346757957e-03 -8.278962327585666012e-03
6.915186581392437404e+01 -5.405019894969614533e-03 -8.197812442601426497e-03
6.916759458142237804e+01 -5.402508323137022658e-03 -8.162171293265444230e-03
6.918332175625559444e+01 -5.404730037099349585e-03 -8.129169823175587048e-03
6.921472927568764533e+01 -5.403541446037103506e-03 -8.070508856844876844e-03
6.923042064037146304e+01 -5.406080618689911542e-03 -8.044677284443094156e-03
6.924611817701936900e+01 -5.409283600505401454e-03 -8.020697692127830986e-03
6.926182081384443734e+01 -5.411875241262323506e-03 -7.994157675050152928e-03
6.929322630782917258e+01 -5.414700899217340935e-03 -7.947240331454538675e-03
6.930895587106164157e+01 -5.417746569826648734e-03 -7.930901847379030409e-03
6.932469389486074363e+01 -5.416092011393145063e-03 -7.922415026024053064e-03
6.934044581117609596e+01 -5.418137835231321559e-03 -7.924477097042205084e-03
6.937200662626587189e+01 -5.418641280390923236e-03 -7.946428804693860329e-03
6.938778085722330502e+01 -5.416854802888533896e-03 -7.976597555141023629e-03
6.940354983821244161e+01 -5.416640266304864788e-03 -8.015045918225202626e-03
6.943501033170163339e+01 -5.417348686198530938e-03 -8.108309033841361313e-03
6.945071939353131540e+01 -5.417512250273197327e-03 -8.167666728861232295e-03
6.946642188893922309e+01 -5.415870026775575392e-03 -8.231348579811902794e-03
6.948211520211835079e+01 -5.416539260107366797e-03 -8.291813940901601732e-03
6.951351471966663098e+01 -5.422812013248786561e-03 -8.383425911633412761e-03
6.952921587314109786e+01 -5.424045307760479162e-03 -8.420728898810783333e-03
6.954492442421556575e+01 -5.424061666806670630e-03 -8.471417878389321532e-03
6.956065364396678774e+01 -5.427547794338363762e-03 -8.523656093581410964e-03
6.959213848264315061e+01 -5.423879250312601749e-03 -8.623588392606205966e-03
6.960790861487063808e+01 -5.423703997055897251e-03 -8.678818120083442791e-03
6.962369604508990051e+01 -5.421861810962996450e-03 -8.741510055646890820e-03
6.965524419380896859e+01 -5.415839911875650926e-03 -8.868601894538070615e-03
6.967098099252474697e+01 -5.417811252209290586e-03 -8.930756911172600676e-03
6.968671279890241976e+01 -5.413898624276602956e-03 -8.989346306397255279e-03
6.970242435936475545e+01 -5.411872092457171990e-03 -9.047330237909826517e-03
6.973381930782875315e+01 -5.408796057968362318e-03 -9.134905146902792469e-03
6.974951698804477473e+01 -5.409173955512617572e-03 -9.151758511683710448e-03
6.976521509888442552e+01 -5.410794490865900898e-03 -9.147298479206953520e-03
6.978091292715654959e+01 -5.411765742907352628e-03 -9.139714004923889593e-03
6.981235466858151995e+01 -5.411442631423821897e-03 -9.115683388789949312e-03
6.982808545483334228e+01 -5.407248418871554545e-03 -9.092135610992280528e-03
6.984384273107539798e+01 -5.405034531176626522e-03 -9.075567255878514220e-03
6.987541296803783553e+01 -5.402325083984024952e-03 -9.018681081785988318e-03
6.989117769721191564e+01 -5.398300369686987593e-03 -8.986350304562552849e-03
6.990693847332563848e+01 -5.394518686474152752e-03 -8.953708756653305442e-03
6.992266812873263859e+01 -5.394388596489150568e-03 -8.916750329367711253e-03
6.995409494245669180e+01 -5.386875750349092926e-03 -8.839893217770684875e-03
6.996979129468395797e+01 -5.386605147769576128e-03 -8.793675690612770893e-03
6.998548480121634441e+01 -5.384445405491189093e-03 -8.740901692928872840e-03
7.000118433238041860e+01 -5.383873818365397974e-03 -8.693400928329604593e-03
7.003258972626234424e+01 -5.387486694304545638e-03 -8.577101372713689942e-03
7.004830703125092839e+01 -5.389197607535818613e-03 -8.517639798985584751e-03
7.006404675734016507e+01 -5.388451909912749145e-03 -8.457417155611782200e-03
7.009554544998364634e+01 -5.388608279891721371e-03 -8.346043626268558752e-03
7.011132161876750502e+01 -5.389190021296265398e-03 -8.296752722903300709e-03
7.012711651057982465e+01 -5.390760166652510885e-03 -8.252372321900194874e-03
7.014287908259679227e+01 -5.389349979633385572e-03 -8.208358689947924114e-03
7.017436153585353509e+01 -5.388381136168686816e-03 -8.137124641879841733e-03
7.019008348280785015e+01 -5.389428408382774573e-03 -8.105682389815505734e-03
7.020578460383802621e+01 -5.388052081244193610e-03 -8.076093443270452796e-03
7.022147669183632956e+01 -5.390257653972351827e-03 -8.046486736111866170e-03
7.025286920759013753e+01 -5.391326745367357350e-03 -7.995592774619333237e-03
7.026856961497909992e+01 -5.392923051992590776e-03 -7.966562038839457641e-03
7.028427209387115226e+01 -5.396051390955908938e-03 -7.946866659673387442e-03
7.031572956090229809e+01 -5.400218244084722084e-03 -7.907965243437351313e-03
7.033146413233482974e+01 -5.402400280754300795e-03 -7.903482867503624359e-03
7.034723056049645606e+01 -5.404294149886273123e-03 -7.907647062364082935e-03
7.036300530607663006e+01 -5.403008605451691329e-03 -7.917489124651575297e-03
7.039456567213083815e+01 -5.403636929028374052e-03 -7.969468095068351146e-03
7.041031230156119136e+01 -5.404210502988481164e-03 -8.011986909419118591e-03
7.042604821540342641e+01 -5.400771583456849198e-03 -8.057214413864553781e-03
7.044177163822291732e+01 -5.403199889910667748e-03 -8.108100951542877508e-03
7.047317229745448230e+01 -5.402975757962608441e-03 -8.232712053879466529e-03
7.048886634663274720e+01 -5.403902249581447013e-03 -8.290724501201161487e-03
7.050456536127086338e+01 -5.404000824534239446e-03 -8.338137441757206142e-03
7.052026433302853548e+01 -5.404796164812137801e-03 -8.376687010686794180e-03
7.055168635590898418e+01 -5.409289124156487459e-03 -8.473566799350351619e-03
7.056742280518591315e+01 -5.408508362357904338e-03 -8.524062058671481520e-03
7.058315856109625486e+01 -5.410023481173221842e-03 -8.575606913483363111e-03
7.061469193158278301e+01 -5.407356527376908084e-03 -8.688286908449268861e-03
7.063048561678048998e+01 -5.406907205905207674e-03 -8.756243039838603262e-03
7.064626145714889560e+01 -5.404865386682550579e-03 -8.820806898210071037e-03
7.066200844280409399e+01 -5.403294338632750639e-03 -8.884071344552380012e-03
7.069347337648515861e+01 -5.399090117386067499e-03 -9.007162019818151441e-03
7.070918319803197960e+01 -5.398966541304414321e-03 -9.064676878678424102e-03
7.072488011442354150e+01 -5.397109652875813068e-03 -9.111927768326057858e-03
7.074057180464018302e+01 -5.396801408222701851e-03 -9.142421958584128275e-03
7.077196451195318616e+01 -5.394792776949451640e-03 -9.144667632114772404e-03
7.078766561310355598e+01 -5.393888493636176534e-03 -9.135939218482982613e-03
7.080338601847560653e+01 -5.393855850013820098e-03 -9.127688721701580563e-03
7.083486227735222940e+01 -5.393432298796831115e-03 -9.087466113161173781e-03
7.085062671601342288e+01 -5.392633396251144719e-03 -9.068071013181629864e-03
7.086640343379960427e+01 -5.387478830443380093e-03 -9.038431376809905743e-03
7.088219540746389669e+01 -5.385605693575459124e-03 -9.006034339761657612e-03
7.091369960529881666e+01 -5.379443538113085586e-03 -8.938022989811389429e-03
7.092943284762664291e+01 -5.376257980592285927e-03 -8.902527748858992535e-03
7.094514709362572091e+01 -5.374584602042185161e-03 -8.863379624280156438e-03
7.096084937089221967e+01 -5.374471452126182436e-03 -8.819534853801026808e-03
7.099224017104330642e+01 -5.371997910003875089e-03 -8.718200603766105422e-03
7.100793872739083668e+01 -5.371604277747294223e-03 -8.667056737575437597e-03
7.102363834118932573e+01 -5.371139319081204636e-03 -8.608216475877188481e-03
7.105507119692079243e+01 -5.372300179354801836e-03 -8.486581414067542392e-03
7.107081438064732026e+01 -5.373463561283726292e-03 -8.424935360964516673e-03
7.108655847337459477e+01 -5.375386782851125297e-03 -8.368521449081633284e-03
7.110232819326662934e+01 -5.373696664761252843e-03 -8.316410479791274193e-03
7.113389483105558497e+01 -5.373494298864975663e-03 -8.224248848971013257e-03
7.114966604199405253e+01 -5.375092866096816378e-03 -8.184221561895762762e-03
7.116539352917621386e+01 -5.371859253840358984e-03 -8.147032501935576668e-03
7.118112408328477159e+01 -5.373555770543872977e-03 -8.112969236241131948e-03
7.121253514862560507e+01 -5.374258462130045849e-03 -8.051858644050296013e-03
7.122822604889636011e+01 -5.376935421395797818e-03 -8.023448676417539033e-03
7.124392461392805842e+01 -5.378689104588906846e-03 -7.997738350214040823e-03
7.127532242139226071e+01 -5.381163130760653612e-03 -7.944790210613141695e-03
7.129102718640380942e+01 -5.383264915569768022e-03 -7.919377580410062040e-03
7.130675409269639431e+01 -5.385071410313756884e-03 -7.898543080992114981e-03
7.132249536351251606e+01 -5.386090335987864762e-03 -7.887438462789509927e-03
7.135401363422226950e+01 -5.386755217131083961e-03 -7.892218741655876793e-03
7.136979528572000220e+01 -5.388553261625543198e-03 -7.903457184132375163e-03
7.138557647565134801e+01 -5.387448091314598654e-03 -7.929125479783551839e-03
7.140134820662512993e+01 -5.388952602164273978e-03 -7.963708267241543029e-03
7.143281167892429551e+01 -5.387730886698104994e-03 -8.053831783468851438e-03
7.144852393105711030e+01 -5.387856262783826712e-03 -8.108829889334057475e-03
7.146422838167005409e+01 -5.386211912868859621e-03 -8.171568796350118374e-03
7.149561949008943884e+01 -5.391485101802429014e-03 -8.287303926299194670e-03
7.151132181331593074e+01 -5.393253551458470664e-03 -8.329846288178300792e-03
7.152701927917109970e+01 -5.393490185263580435e-03 -8.367706301267516938e-03
7.154272357177984532e+01 -5.394643828920517477e-03 -8.416265788339817935e-03
7.157418650562829043e+01 -5.394572976436033847e-03 -8.523052574301455062e-03
7.158993391856039068e+01 -5.395968516340204219e-03 -8.577424050396175240e-03
7.160570486557965353e+01 -5.393025645369087240e-03 -8.633404373689543623e-03
7.162148362688014913e+01 -5.392963352726076395e-03 -8.697478989090720591e-03
7.165304241966109089e+01 -5.388510725981244739e-03 -8.831766352028719985e-03
7.166878075002671267e+01 -5.386380543699759334e-03 -8.897798151198446290e-03
7.168451226373402108e+01 -5.385359481632833595e-03 -8.961578314755649921e-03
7.170022696502377357e+01 -5.384076845762584759e-03 -9.022627469589983296e-03
7.173162563050129847e+01 -5.380491566039721438e-03 -9.121543315730647541e-03
7.174732270361539577e+01 -5.382090622847154893e-03 -9.144315225505220482e-03
7.176302091689031215e+01 -5.383303620022436044e-03 -9.144344504734770035e-03
7.179442547241033878e+01 -5.381138892363181332e-03 -9.131838323100197399e-03
7.181015329312486983e+01 -5.382904417718317389e-03 -9.120250009731498478e-03
7.182588632608148771e+01 -5.377891620810291290e-03 -9.097180880378996984e-03
7.184163780506001729e+01 -5.376557152414520799e-03 -9.081480848875757295e-03
7.187320151159759973e+01 -5.372729523800349148e-03 -9.027103426499320099e-03
7.188897322317768612e+01 -5.368658983771337073e-03 -8.993474212521165162e-03
7.190473997274499141e+01 -5.365074031556867420e-03 -8.961674855716949759e-03
7.192046951761301443e+01 -5.365557881726725452e-03 -8.923057640822504299e-03
7.195189772233186432e+01 -5.358910453071525325e-03 -8.844417504876932179e-03
7.196759672597879387e+01 -5.356696509415026855e-03 -8.797707011464440605e-03
7.198328982645301721e+01 -5.354816014408710426e-03 -8.744057917494368198e-03
7.201469047782978805e+01 -5.357462739242384656e-03 -8.638872315167167235e-03
7.203039337165959921e+01 -5.359463372571928244e-03 -8.578130604676499626e-03
7.204610892425081659e+01 -5.358766333483163009e-03 -8.515518957218045845e-03
7.206184264794961791e+01 -5.361035231922996538e-03 -8.454764244780079915e-03
7.209333848885543716e+01 -5.357842372135485434e-03 -8.339150143139673760e-03
7.210911469468538826e+01 -5.359647651300924152e-03 -8.288432927164074773e-03
7.212491046188503674e+01 -5.359520998525469336e-03 -8.242317019425486266e-03
7.214067299394478994e+01 -5.358509126550388239e-03 -8.196358762442942925e-03
7.217216057929184103e+01 -5.360101263517264361e-03 -8.122940339196626017e-03
7.218788470584954098e+01 -5.357870202992367527e-03 -8.089609377952318089e-03
7.220358491072551033e+01 -5.357381795908772518e-03 -8.058884430843656424e-03
7.223497256646039943e+01 -5.358859955737785459e-03 -8.000569140838180437e-03
7.225067198659124301e+01 -5.360445175353311005e-03 -7.974760960777448060e-03
7.226637341994357655e+01 -5.363402191792918106e-03 -7.944070154528101377e-03
7.228207469275557173e+01 -5.367798832505324240e-03 -7.922494249367749083e-03
7.231352686724358136e+01 -5.371415205223654954e-03 -7.876494799255718410e-03
7.232925992170123664e+01 -5.371623228383075321e-03 -7.869027542072604478e-03
7.234502360647394426e+01 -5.372347320932127634e-03 -7.870740177429788945e-03
7.236079831270875218e+01 -5.373891199460855382e-03 -7.878023670602059617e-03
7.239235679783078581e+01 -5.373397047386504685e-03 -7.921175772504736312e-03
7.240811291657277593e+01 -5.372758357531354396e-03 -7.960773490978526046e-03
7.242384674470447692e+01 -5.373090646966929319e-03 -8.005344113797968619e-03
7.245527895813927444e+01 -5.371390529674256037e-03 -8.109787046084900031e-03
7.247097518506997460e+01 -5.373357810948623837e-03 -8.171670882575197623e-03
7.248666904881024209e+01 -5.373363168892416469e-03 -8.229796370224008728e-03
7.250236826491509134e+01 -5.374001831827357641e-03 -8.280403988096408929e-03
7.253376956351611682e+01 -5.378152713165083171e-03 -8.358645523853611148e-03
7.254948559889884052e+01 -5.381431086809483968e-03 -8.415136947858349245e-03
7.256522214746588872e+01 -5.380050125643564066e-03 -8.469332570694911022e-03
7.258095224382330457e+01 -5.380962972417687590e-03 -8.522346326449570589e-03
7.261248521359370045e+01 -5.379376911518263596e-03 -8.637941950568998190e-03
7.262827813246552466e+01 -5.379407740708345466e-03 -8.708029847875047025e-03
7.264405040316341911e+01 -5.376432493148466073e-03 -8.776042669050958256e-03
7.267554603762997090e+01 -5.370745854383750933e-03 -8.910278534549405383e-03
7.269127426419716187e+01 -5.371449808792503819e-03 -8.974133622205364078e-03
7.270698602923758358e+01 -5.368435585174954026e-03 -9.036289900406580325e-03
7.272268142204981700e+01 -5.368081596139419320e-03 -9.089495242408322101e-03
7.275407074050386314e+01 -5.366010898892176022e-03 -9.141198736908434999e-03
7.276976838262113745e+01 -5.365155913781866938e-03 -9.137911006658252372e-03
7.278546891458613288e+01 -5.364964618599575054e-03 -9.133439415588088389e-03
7.280118588533717627e+01 -5.366608423873616036e-03 -9.126613626001910465e-03
7.283265642522641770e+01 -5.363946217766668058e-03 -9.089873775048613880e-03
7.284842046152022021e+01 -5.364434708003844310e-03 -9.073101238576861474e-03
7.286419480808677918e+01 -5.358844973148902367e-03 -9.044671647412422938e-03
7.289575837041171269e+01 -5.354760679611306542e-03 -8.982529867902946941e-03
7.291149912409214551e+01 -5.352731064535135377e-03 -8.946263193817815401e-03
7.292723233252979753e+01 -5.346971366312175747e-03 -8.908975185790786802e-03
7.294295009830064203e+01 -5.346897403661753957e-03 -8.870088421374714566e-03
7.297434663788341425e+01 -5.343181965959607239e-03 -8.774978038327442900e-03
7.299004020236165502e+01 -5.342730244094371847e-03 -8.722156818572688805e-03
7.300573940813075069e+01 -5.341642418919624428e-03 -8.671311715386461130e-03
7.302143964029824019e+01 -5.341030950399064219e-03 -8.610858510058203019e-03
7.305286922921908399e+01 -5.343077448478440912e-03 -8.487563726936835432e-03
7.306861176349666209e+01 -5.343646444291878100e-03 -8.424537605614082492e-03
7.308435427179892940e+01 -5.345156698643299675e-03 -8.365655937281221005e-03
7.310012121692889764e+01 -5.346662043538600965e-03 -8.311721885826052481e-03
7.313169069782126996e+01 -5.344271558788164442e-03 -8.216796789454011013e-03
7.314745940170755034e+01 -5.344462096272270882e-03 -8.173749063579283450e-03
7.316319060808581298e+01 -5.343955729491351933e-03 -8.136344561567532274e-03
7.319463617184310067e+01 -5.343717981519264734e-03 -8.068214107563800516e-03
7.321033671103522522e+01 -5.346337219161214835e-03 -8.036486836121695121e-03
7.322603003777099673e+01 -5.346447678728801292e-03 -8.006351714779796208e-03
7.324172487766797701e+01 -5.347460241684734786e-03 -7.979064412885176691e-03
7.327312195742688061e+01 -5.349866354088994233e-03 -7.921158892942006119e-03
7.328882599414721710e+01 -5.351737275230838628e-03 -7.895466525972385727e-03
7.330455053527818166e+01 -5.353928442540437441e-03 -7.871221552960975046e-03
7.332029290607356131e+01 -5.356396019722574516e-03 -7.856403399075548299e-03
7.335180406342091430e+01 -5.359114237661159741e-03 -7.855740778763681958e-03
7.336758314220648458e+01 -5.358591718426571060e-03 -7.864070376792009834e-03
7.338337031324246595e+01 -5.358454903648904311e-03 -7.884983508080097014e-03
7.341487413682354202e+01 -5.356969828425092034e-03 -7.958169470217683547e-03
7.343060949529856885e+01 -5.357978600918630180e-03 -8.001343927670550790e-03
7.344632570114816872e+01 -5.357861397404177495e-03 -8.050790987102714180e-03
7.346203055845857932e+01 -5.359070298533151824e-03 -8.109815815114317442e-03
7.349342347485038829e+01 -5.362408320698748738e-03 -8.225193677043810339e-03
7.350912204907045577e+01 -5.363062852875641676e-03 -8.270007166036576207e-03
7.352481805924539060e+01 -5.364159588311289729e-03 -8.307823739132269916e-03
7.354052177059031692e+01 -5.365237893737029827e-03 -8.352511827569381042e-03
7.357198477409853865e+01 -5.366764016847616614e-03 -8.464776057407990065e-03
7.358772662744938486e+01 -5.368698160437349910e-03 -8.520771174315112592e-03
7.360349430809550597e+01 -5.364880993635252025e-03 -8.577666885988859818e-03
7.363505637975043783e+01 -5.362529198602810840e-03 -8.715715117709467788e-03
7.365083572652962118e+01 -5.362500864200034530e-03 -8.783850965409178979e-03
7.366657370112653780e+01 -5.357139228058275734e-03 -8.853255032698337940e-03
7.368230913409830407e+01 -5.357365794206269544e-03 -8.921900090281846205e-03
7.371373550797943608e+01 -5.353223994825372090e-03 -9.048306705870768837e-03
7.372942804191283983e+01 -5.354599699137035408e-03 -9.098258581243030829e-03
7.374512451704536886e+01 -5.355360736686889424e-03 -9.126871452283297562e-03
7.376082489605717285e+01 -5.354799086738487417e-03 -9.133199105712482002e-03
7.379222264164955902e+01 -5.353094732821723524e-03 -9.126626363046910773e-03
7.380794866548809807e+01 -5.352848842773267300e-03 -9.118974169368642552e-03
7.382368458352993912e+01 -5.350096929719225583e-03 -9.098033752468037694e-03
7.385520292352889271e+01 -5.345714641147414348e-03 -9.062775748149905219e-03
7.387098504551066469e+01 -5.345012853826337437e-03 -9.034796795619115181e-03
7.388676548450726500e+01 -5.341031225433535978e-03 -9.001746745655516205e-03
7.390253625265810911e+01 -5.339158210766930049e-03 -8.970989175703323812e-03
7.393399231862338183e+01 -5.334100247907706122e-03 -8.896241071685935878e-03
7.394969871948234186e+01 -5.331890151911716433e-03 -8.854387751989867966e-03
7.396539987056718246e+01 -5.328109541567405648e-03 -8.807363351798571521e-03
7.398109225794446786e+01 -5.327823263817857077e-03 -8.753989847441414132e-03
7.401249204372044233e+01 -5.330336178541865075e-03 -8.647491456805479065e-03
7.402819577569556486e+01 -5.330215059445228380e-03 -8.586218327144784848e-03
7.404390385989420054e+01 -5.330130859557493522e-03 -8.520445990864841321e-03
7.407537414936899722e+01 -5.328817457349852883e-03 -8.396682521210483557e-03
7.409112921382065053e+01 -5.329630457733242933e-03 -8.339860620662213619e-03
7.410690513662187584e+01 -5.329698093712659061e-03 -8.286789537114733900e-03
7.412269608679130783e+01 -5.330028200449051130e-03 -8.238679589573923157e-03
7.415423000733331094e+01 -5.327958092163976797e-03 -8.152132633679799040e-03
7.416995821281606993e+01 -5.330084398738873207e-03 -8.114125883200302633e-03
7.418568058611657534e+01 -5.329354533829877560e-03 -8.079115559342269978e-03
7.420138337691457764e+01 -5.329469327249438358e-03 -8.046568243953718808e-03
7.423277331258657341e+01 -5.329304999098153153e-03 -7.985707939849871415e-03
7.424847194229029412e+01 -5.332205296839115372e-03 -7.958153760883508038e-03
7.426417327610538166e+01 -5.336015600621604044e-03 -7.926745182357416292e-03
7.429558715329251584e+01 -5.339849853682502971e-03 -7.870605355364568637e-03
7.431131884950872291e+01 -5.343989615479089079e-03 -7.849631226367580206e-03
7.432705425598626903e+01 -5.341655772982393212e-03 -7.838282550360443218e-03
7.434281276390943560e+01 -5.342583554115101600e-03 -7.836944245922286209e-03
7.437438130755866439e+01 -5.344584273205759545e-03 -7.852984436577043967e-03
7.439014675204271043e+01 -5.343581893668024156e-03 -7.876011956159107222e-03
7.440591026330629632e+01 -5.342154438508581876e-03 -7.911361480019536707e-03
7.442164153199266252e+01 -5.345964947766804198e-03 -7.954504048165885605e-03
7.445307611996078379e+01 -5.343223899960455360e-03 -8.049460423369330514e-03
7.446877577102056023e+01 -5.344259983379956100e-03 -8.108649478871613261e-03
7.448446939781955223e+01 -5.344018089631243258e-03 -8.165851282882989615e-03
7.450016895691565821e+01 -5.345736146720517050e-03 -8.217495274283290532e-03
7.453156925626201712e+01 -5.351999212429434799e-03 -8.294155083445955978e-03
7.454728374289533122e+01 -5.353161292267013052e-03 -8.348933540602348699e-03
7.456301564335913667e+01 -5.354464332545950597e-03 -8.406057373784085046e-03
7.459450462608832311e+01 -5.352255220161293049e-03 -8.517753831708038681e-03
7.461027481821413687e+01 -5.352844069232025326e-03 -8.579385568822513533e-03
7.462606734417826715e+01 -5.351806591900679262e-03 -8.650628033069726261e-03
7.464183703115834589e+01 -5.348521994733049581e-03 -8.722510122254655343e-03
7.467334048190529927e+01 -5.345691693031183293e-03 -8.863934119922744007e-03
7.468907277815945633e+01 -5.343362991679368769e-03 -8.933514712452270828e-03
7.470478153002251531e+01 -5.340146971799590928e-03 -8.999976335830679047e-03
7.472048083651459649e+01 -5.340269532163500685e-03 -9.059661950249153772e-03
7.475187058146067898e+01 -5.337843224455254831e-03 -9.124453805958674182e-03
7.476756933021616192e+01 -5.337790751788422557e-03 -9.126132943192226052e-03
7.478326879487222811e+01 -5.338997656587953118e-03 -9.126991712944130045e-03
7.481471803230621731e+01 -5.337572115887733067e-03 -9.109241795504223818e-03
7.483044772281226642e+01 -5.336478776100396157e-03 -9.091653732935311288e-03
7.484621021147984266e+01 -5.334975911941755231e-03 -9.077948493781816397e-03
7.486198389831295685e+01 -5.332622843049726787e-03 -9.053041642607173589e-03
7.489354530760796536e+01 -5.327568342326880792e-03 -8.993474794011859300e-03
7.490929673511568865e+01 -5.325190116707147897e-03 -8.959816347262212696e-03
7.492502871986093282e+01 -5.320586786780487527e-03 -8.922005273640272113e-03
7.494074974682804680e+01 -5.319874184933594957e-03 -8.884096400700054047e-03
7.497214493220589304e+01 -5.315674083427363375e-03 -8.790205117671678545e-03
7.498783870939665519e+01 -5.314206111684360682e-03 -8.735207767047873176e-03
7.500353812936330655e+01 -5.312972422740151919e-03 -8.684529486149426131e-03
7.503494381466065022e+01 -5.313466855259162298e-03 -8.559574799142774873e-03
7.505066439319759297e+01 -5.316529828863472175e-03 -8.497498088259149152e-03
7.506640544910766266e+01 -5.315131348577067233e-03 -8.433453031417429899e-03
7.508214333105276239e+01 -5.316438148548571600e-03 -8.372217062550356761e-03
7.511368810649621253e+01 -5.315613384616175129e-03 -8.264511896305186747e-03
7.512948199669428107e+01 -5.317266110887591823e-03 -8.217322318197125761e-03
7.514524657872340185e+01 -5.316484069254471742e-03 -8.170548847829627384e-03
7.516098648057398179e+01 -5.317180360173838147e-03 -8.131531172349361347e-03
7.519243450814815333e+01 -5.316146277979480472e-03 -8.059141717902845378e-03
7.520813683959991636e+01 -5.316972083018692286e-03 -8.026066883396340557e-03
7.522382782985229710e+01 -5.316843507374538133e-03 -7.994269964843696286e-03
7.525521982798635179e+01 -5.318820628835324235e-03 -7.936154853404937815e-03
7.527091928549319277e+01 -5.319961064542043372e-03 -7.902700339224017281e-03
7.528662300530439211e+01 -5.321799458849503853e-03 -7.876874944232659798e-03
7.530234462444927601e+01 -5.325518861265132568e-03 -7.848160162130321180e-03
7.533382693741700109e+01 -5.329546017317750642e-03 -7.821960722295590723e-03
7.534959375712563201e+01 -5.332531633191410492e-03 -7.821822695971245021e-03
7.536537015511017046e+01 -5.329769049321654226e-03 -7.827689607222977283e-03
7.538116200785459853e+01 -5.330755398709613457e-03 -7.843715873317998882e-03
7.541266734319329146e+01 -5.331117782754826034e-03 -7.908323214764879580e-03
7.542840381022017482e+01 -5.329061208877242280e-03 -7.949738786367930438e-03
7.544412381022084446e+01 -5.330601886134910157e-03 -7.995168220587536498e-03
7.547552483488233577e+01 -5.332647266393235851e-03 -8.106249988726114269e-03
7.549121982944707554e+01 -5.333900855580307916e-03 -8.160526301628707666e-03
7.550691786507675829e+01 -5.334564581852781207e-03 -8.206798599523517160e-03
7.552261552468054617e+01 -5.335588206359580081e-03 -8.244169944842068276e-03
7.555404123438498232e+01 -5.338254086862075434e-03 -8.344917241929938195e-03
7.556977918269988947e+01 -5.339550304812072483e-03 -8.400024266488738053e-03
7.558551833689469390e+01 -5.341303292367247969e-03 -8.458045316155599069e-03
7.560128215629683268e+01 -5.340765254953357827e-03 -8.516126297171001946e-03
7.563284581849350729e+01 -5.336352380847480224e-03 -8.658558895223265536e-03
7.564862595371359077e+01 -5.335561488740946101e-03 -8.729920670800885713e-03
7.566436461586381768e+01 -5.331593578557006045e-03 -8.802414624537766713e-03
7.568010273258303755e+01 -5.330110597329016861e-03 -8.876162319349489502e-03
7.571153346779610160e+01 -5.328758860530299207e-03 -9.013050286797602909e-03
7.572722750144791348e+01 -5.329098973231316712e-03 -9.069969778026158030e-03
7.574292469644153414e+01 -5.328244761080698673e-03 -9.105958081664941237e-03
7.577431598558490577e+01 -5.326635102474623108e-03 -9.122905704662417556e-03
7.579001817253929119e+01 -5.325752871816365197e-03 -9.121071511790404887e-03
7.580574160498646563e+01 -5.324744237499312062e-03 -9.117491947443434608e-03
7.582147957903421798e+01 -5.324073444376261829e-03 -9.100431552281754155e-03
7.585298830524422442e+01 -5.320058911051970749e-03 -9.071322280499049054e-03
7.586876750414084825e+01 -5.318378781769298076e-03 -9.046355173315437370e-03
7.588455439243712419e+01 -5.315258091667478951e-03 -9.016359524319398494e-03
7.590032823901088932e+01 -5.314174758635433621e-03 -8.986926954802323259e-03
7.593178795601252773e+01 -5.307349223001760555e-03 -8.913801995924459931e-03
7.594749771325690801e+01 -5.304828758641970572e-03 -8.873373766985364480e-03
7.596319965018622611e+01 -5.302260085753448225e-03 -8.827478276215538003e-03
7.599458910244325693e+01 -5.303168750194463439e-03 -8.721188904492745836e-03
7.601029180007890318e+01 -5.302572628249461323e-03 -8.666843429060728382e-03
7.602599045796711152e+01 -5.302201867700579233e-03 -8.605047652450107179e-03
7.604169701302832607e+01 -5.302807994188281707e-03 -8.537878082174385833e-03
7.607316826315535252e+01 -5.302239101521055709e-03 -8.410851385646976597e-03
7.608891773676538151e+01 -5.304046946102014201e-03 -8.351125661306206885e-03
7.610469200345714569e+01 -5.301271002472683277e-03 -8.295578929927171358e-03
7.612047747376843176e+01 -5.302857441658284827e-03 -8.244556745034612236e-03
7.615202228317194511e+01 -5.302806642965982725e-03 -8.152920092552607204e-03
7.616774953067145759e+01 -5.300419356113370353e-03 -8.112550207798552293e-03
7.618347498905330895e+01 -5.302398492169005037e-03 -8.074425394944111795e-03
7.621488003329190519e+01 -5.300865942609624126e-03 -8.006480568519052862e-03
7.623057149164939972e+01 -5.303127538380224444e-03 -7.975748598559123659e-03
7.624626862687219386e+01 -5.306216237451159314e-03 -7.945943921923572656e-03
7.626197104277780170e+01 -5.308861779334806547e-03 -7.913996253888416765e-03
7.629337796778219172e+01 -5.311994471743540502e-03 -7.852560724577828041e-03
7.630910805229872551e+01 -5.315211355881649044e-03 -7.826902990604360857e-03
7.632484674892936027e+01 -5.313564498263610714e-03 -7.810983249352598974e-03
7.634060003875012512e+01 -5.315640664888756847e-03 -7.806529897055540512e-03
7.637216292961427655e+01 -5.317035461333626152e-03 -7.815832996968261406e-03
7.638793542740647524e+01 -5.315686997144699298e-03 -7.834106884545024435e-03
7.640370298161019491e+01 -5.315754546102137261e-03 -7.863616328049346724e-03
7.643516247526113716e+01 -5.317275552031528775e-03 -7.946000093012219392e-03
7.645087104518003684e+01 -5.317730647931322857e-03 -7.992179370825211113e-03
7.646657339882129634e+01 -5.316550085517263158e-03 -8.046669389383165685e-03
7.648226694232823775e+01 -5.317312484477104521e-03 -8.102651109145354857e-03
7.651366647142266686e+01 -5.324027329257802719e-03 -8.193574812885196998e-03
7.652936735154256098e+01 -5.325660965490292172e-03 -8.229639265272854429e-03
7.654507627006071857e+01 -5.325860239930115675e-03 -8.280091382054400109e-03
7.656080537489552285e+01 -5.329550635518991338e-03 -8.339239677429777231e-03
7.659229055042479217e+01 -5.326275463717127304e-03 -8.455223972144996006e-03
7.660806085702124335e+01 -5.326489170804200000e-03 -8.517189285704896903e-03
7.662384889565247192e+01 -5.324780045374113632e-03 -8.589549933962612252e-03
7.665539542856521393e+01 -5.319021167990965054e-03 -8.738747893132241609e-03
7.667113186806015790e+01 -5.321090619805940621e-03 -8.814331856961107881e-03
7.668686379916121609e+01 -5.317204370711509955e-03 -8.889190784493994010e-03
7.670257508659955192e+01 -5.315145835198078518e-03 -8.960366607292234720e-03
7.673396987504102640e+01 -5.312207486162007566e-03 -9.078194930811453456e-03
7.674966793590128589e+01 -5.312480562700451839e-03 -9.106218740191797736e-03
7.676536672774814463e+01 -5.314017360945534618e-03 -9.114053488682844623e-03
7.678106497869981695e+01 -5.315007862755474766e-03 -9.120568626201018894e-03
7.681250737565545705e+01 -5.314507826889938030e-03 -9.111078507754761732e-03
7.682823795706532621e+01 -5.310482945187648685e-03 -9.096473183726768927e-03
7.684399543642689423e+01 -5.308260175924506274e-03 -9.085925279887774320e-03
7.687556447179606778e+01 -5.305420612699180381e-03 -9.041839917485298972e-03
7.689133020918124828e+01 -5.301254234540040203e-03 -9.011387256447608851e-03
7.690709130835840313e+01 -5.297477938397655677e-03 -8.980972953220632896e-03
7.692282094290359851e+01 -5.296900379656554678e-03 -8.943253489180335095e-03
7.695424658180617428e+01 -5.289453797426220058e-03 -8.864517847166568376e-03
7.696994175812179151e+01 -5.289136586703745320e-03 -8.816273813353410135e-03
7.698563488857291759e+01 -5.286904159792070457e-03 -8.759953885170338947e-03
7.700133428377921518e+01 -5.286107348897802101e-03 -8.708624737451941406e-03
7.703273943180221295e+01 -5.289132088513682703e-03 -8.583801816690328490e-03
7.704845677723760389e+01 -5.290732967469994122e-03 -8.520165341063819231e-03
7.706419712289959989e+01 -5.289659495086262292e-03 -8.454714536054312377e-03
7.709569664683468204e+01 -5.289574832930079955e-03 -8.332219272061059528e-03
7.711147353591046283e+01 -5.289770888440164381e-03 -8.277487994273269659e-03
7.712726879586553252e+01 -5.291206238938626384e-03 -8.227549732585357628e-03
7.714303067889163401e+01 -5.289613769845266829e-03 -8.177147680259686316e-03
7.717451007154930664e+01 -5.288068871004919166e-03 -8.094609665108111821e-03
7.719023018802201364e+01 -5.289098720128895641e-03 -8.057444646037891997e-03
7.720593053277299589e+01 -5.287653391117520113e-03 -8.022149915008124077e-03
7.722162206755936609e+01 -5.289631977293789665e-03 -7.988241099049702559e-03
7.725301401460760076e+01 -5.290562503997881146e-03 -7.925801849981690614e-03
7.726871456273784133e+01 -5.292075989929295905e-03 -7.890173239782994133e-03
7.728441755316866590e+01 -5.294967283002489748e-03 -7.863515242457725513e-03
7.730013551635249769e+01 -5.299611684145080943e-03 -7.829712577961740055e-03
7.733161216107895086e+01 -5.301924787520211763e-03 -7.794383745483219640e-03
7.734737958214627440e+01 -5.304125597068342496e-03 -7.791528666920509091e-03
7.736315548122979635e+01 -5.302978451874250550e-03 -7.794795975719495847e-03
7.739471448748449234e+01 -5.304474692768098958e-03 -7.825922691233746370e-03
7.741045900918369682e+01 -5.305441140238786012e-03 -7.859583478253020367e-03
7.742619461706188133e+01 -5.302263882394856603e-03 -7.900843215311878845e-03
7.744191731623303099e+01 -5.305053930200779796e-03 -7.942434874208792114e-03
7.747331777029305044e+01 -5.305531896774985483e-03 -8.044288178983774115e-03
7.748901203121228320e+01 -5.306797300490493849e-03 -8.097310145794518743e-03
7.750471117139812804e+01 -5.307151556959204854e-03 -8.143997041531226416e-03
7.752041012729820579e+01 -5.308211953824198623e-03 -8.181084729052851001e-03
7.755183222206933635e+01 -5.313088109353201506e-03 -8.276807413266423427e-03
7.756756876798614542e+01 -5.312763627082758844e-03 -8.333949294756073933e-03
7.758330480761985370e+01 -5.314483395979677921e-03 -8.394474310683705184e-03
7.761483823929746961e+01 -5.312281396646601275e-03 -8.520646802641522466e-03
7.763063171084247927e+01 -5.311963000284736051e-03 -8.599361746623566602e-03
7.764640763119369637e+01 -5.310154816095088298e-03 -8.674411487369399973e-03
7.766215378489097532e+01 -5.308616084167235190e-03 -8.750475701302736983e-03
7.769361837221464384e+01 -5.304649205781140214e-03 -8.903971902862449841e-03
7.770932792766053865e+01 -5.304662909095493248e-03 -8.975691484054968902e-03
7.772502492378153249e+01 -5.302862161182166773e-03 -9.039717479054652782e-03
7.774071679590223027e+01 -5.302490888241850713e-03 -9.084217879759878128e-03
7.777211008303098083e+01 -5.300501504614472600e-03 -9.113399319834078818e-03
7.778781131229700918e+01 -5.299542091671654610e-03 -9.117804967532070273e-03
7.780353201374440175e+01 -5.299355562005961251e-03 -9.116793851975479521e-03
7.783500844191421209e+01 -5.298874272445058993e-03 -9.095861417885214503e-03
7.785077254375165978e+01 -5.297683100655584641e-03 -9.083261101928578884e-03
7.786654868655088535e+01 -5.292691826165015281e-03 -9.062049276191913930e-03
7.788234107516730376e+01 -5.290576060382773393e-03 -9.036817165534529600e-03
7.791384679266403168e+01 -5.284084694222938340e-03 -8.975075809386584558e-03
7.792957952289739865e+01 -5.281015994592304363e-03 -8.939863586658875275e-03
7.794529312845176605e+01 -5.279154206672622904e-03 -8.900988703962491033e-03
7.796099464656944633e+01 -5.278845241604768201e-03 -8.856894220670725321e-03
7.799238460478670731e+01 -5.276352089085564225e-03 -8.750033516578156062e-03
7.800808304294932327e+01 -5.275842214227837064e-03 -8.696573934528231686e-03
7.802378236034513748e+01 -5.275218576152484150e-03 -8.634241824203872651e-03
7.805521531365832288e+01 -5.275815549512119507e-03 -8.503152168761024185e-03
7.807095884908024175e+01 -5.276716418686786501e-03 -8.435921366002444369e-03
7.808670338763614893e+01 -5.278487300000934794e-03 -8.373531370777649932e-03
7.810247369734051404e+01 -5.276456926770186316e-03 -8.315363038672004062e-03
7.813404077353276023e+01 -5.276084474057786411e-03 -8.210349890418942170e-03
7.814981075466172911e+01 -5.277451185331208557e-03 -8.163202419397564899e-03
7.816553688462877858e+01 -5.274049944155166647e-03 -8.119405652967148779e-03
7.818126618840938136e+01 -5.275649391656235532e-03 -8.078286020056148209e-03
7.821267475935528068e+01 -5.275767175598376768e-03 -8.004664153648111471e-03
7.822836565150858235e+01 -5.278372056672263161e-03 -7.970625745634538767e-03
7.824406353552046767e+01 -5.280042651793328060e-03 -7.938088137230682809e-03
7.827546196524984623e+01 -5.282490209268924167e-03 -7.870607543285321195e-03
7.829116688684355552e+01 -5.284729765057794189e-03 -7.839418349864867019e-03
7.830689414150299399e+01 -5.286599608356931136e-03 -7.808174976866185356e-03
7.832263640490509715e+01 -5.287541744960451602e-03 -7.788186807339806880e-03
7.835415743432926661e+01 -5.288672324645695214e-03 -7.777922470975008606e-03
7.836994085274717747e+01 -5.290841796027761189e-03 -7.782063201941747700e-03
7.838572007012962217e+01 -5.290067664073516522e-03 -7.795247964099087830e-03
7.840149011021819092e+01 -5.291879051395292737e-03 -7.818906076331465921e-03
7.843295144157724508e+01 -5.291631125789854860e-03 -7.896318650696697306e-03
7.844866273433116532e+01 -5.292067394324994657e-03 -7.938388974799790582e-03
7.846436685074122863e+01 -5.290623740399672502e-03 -7.987508076357537415e-03
7.848005991492320277e+01 -5.293464678304250770e-03 -8.040994734085654336e-03
7.851146095233013966e+01 -5.298553896335866757e-03 -8.131436343714756876e-03
7.852715894759933235e+01 -5.299082198591416847e-03 -8.167495856574653532e-03
7.854286332280167926e+01 -5.300550602549138415e-03 -8.211427314831119817e-03
7.857432614160116202e+01 -5.301037483087593129e-03 -8.330146378486951927e-03
7.859007385417076819e+01 -5.302639322335418390e-03 -8.392889171952291547e-03
7.860584482889369440e+01 -5.300192685501271643e-03 -8.454585594759873868e-03
7.862162393510915592e+01 -5.300282557877825443e-03 -8.527775616181402368e-03
7.865318192519011120e+01 -5.296120703703036461e-03 -8.684740028578510906e-03
7.866892021257028489e+01 -5.294458212414560917e-03 -8.763683389156944059e-03
7.868465148606594539e+01 -5.293344334445516594e-03 -8.843430490616669901e-03
7.870036608569107273e+01 -5.292072150625291849e-03 -8.920151226598539707e-03
7.873176425784505739e+01 -5.288539778097215219e-03 -9.052010843240865245e-03
7.874746146896434595e+01 -5.290069336870551961e-03 -9.087814429474601330e-03
7.876315993057137632e+01 -5.291305648437494291e-03 -9.101908186413924795e-03
7.879456495945677830e+01 -5.289083225160361688e-03 -9.117690673545422037e-03
7.881029294245075789e+01 -5.290823918133870200e-03 -9.114122626547286818e-03
7.882602571372251532e+01 -5.285702628966404762e-03 -9.103943936806720497e-03
7.884177731004845668e+01 -5.284176684242094212e-03 -9.096548784203396104e-03
7.887334082625291387e+01 -5.280082408763589127e-03 -9.062062280242097825e-03
7.888911305410523767e+01 -5.275956312492426949e-03 -9.034424392226037340e-03
7.890488051003350733e+01 -5.272154991735765808e-03 -9.007363225951648886e-03
7.892060998532261351e+01 -5.272534132366095243e-03 -8.972159196550619914e-03
7.895203722856190609e+01 -5.265454367527135603e-03 -8.896599445771834203e-03
7.896773513289471680e+01 -5.263278210300072202e-03 -8.850094060209713273e-03
7.898342776999780313e+01 -5.261228901639016658e-03 -8.794876795155840560e-03
7.901482825270065291e+01 -5.263331210016517631e-03 -8.684447092896712544e-03
7.903053098753039762e+01 -5.265210438029588498e-03 -8.618365814943761138e-03
7.904624689483239308e+01 -5.264392208855274771e-03 -8.552464220369006970e-03
7.906198103958908519e+01 -5.266295431236765745e-03 -8.486497510850267434e-03
7.909347755776151701e+01 -5.262927506999688469e-03 -8.358285115477415844e-03
7.910925438380193953e+01 -5.264580770725294824e-03 -8.300940473212359630e-03
7.912505077084357197e+01 -5.264371706288853252e-03 -8.247625803419401935e-03
7.914081228773525822e+01 -5.263160864444995854e-03 -8.194205695770114678e-03
7.917229738749736612e+01 -5.264258734041325945e-03 -8.104088880718573334e-03
7.918802030658552837e+01 -5.262013345822031014e-03 -8.062866744308581912e-03
7.920371918610845796e+01 -5.261311336418477563e-03 -8.024066795729816945e-03
7.923510600275137961e+01 -5.262673982773894213e-03 -7.952590956459901564e-03
7.925080502920467040e+01 -5.264079444044907248e-03 -7.919858005252567584e-03
7.926650631091348487e+01 -5.266896079502463718e-03 -7.882723898692154882e-03
7.928220795262872400e+01 -5.271171938504832719e-03 -7.852426589674259966e-03
7.931366127937977240e+01 -5.274930212665263594e-03 -7.788038102298690951e-03
7.932939536384576229e+01 -5.275487682373964336e-03 -7.770702243957007364e-03
7.934516031760281862e+01 -5.276441794220687251e-03 -7.764394196253429289e-03
7.936093664529971647e+01 -5.278135777688107259e-03 -7.764980933993714286e-03
7.939249379820594754e+01 -5.278526178563129091e-03 -7.785250037040452806e-03
7.940824734396333895e+01 -5.278248881821080707e-03 -7.813405487579038605e-03
7.942398034815985852e+01 -5.278576686352945933e-03 -7.852167496310536246e-03
7.945541075627316729e+01 -5.277848610933248349e-03 -7.935104731713542303e-03
7.947110637616505358e+01 -5.280108060024659225e-03 -7.984729209126274763e-03
7.948680059472400217e+01 -5.280405232133491417e-03 -8.035563813955596407e-03
7.950250023232304386e+01 -5.281279635752548531e-03 -8.082389300163970655e-03
7.953390216231812815e+01 -5.285915637882916164e-03 -8.153135830398380857e-03
7.954961868219479015e+01 -5.289566033211358029e-03 -8.209332483569104638e-03
7.956535534256401831e+01 -5.288526611045652435e-03 -8.267967881050828846e-03
7.958108559276818994e+01 -5.289848670610819252e-03 -8.330512365442957132e-03
7.961261854925176351e+01 -5.288822300533361533e-03 -8.459566876926696150e-03
7.962841139037735161e+01 -5.289130860115045553e-03 -8.539728264063368296e-03
7.964418382768084825e+01 -5.286479961734095318e-03 -8.618692642444686705e-03
7.967567897055917570e+01 -5.281088620560861133e-03 -8.779519673380184464e-03
7.969140710720002119e+01 -5.281970789899906316e-03 -8.860499178919099134e-03
7.970711910210276585e+01 -5.279216525724441181e-03 -8.937959440739905170e-03
7.972281426845724184e+01 -5.278735279534071782e-03 -9.008751672316388931e-03
7.975420342563432996e+01 -5.276733592241110785e-03 -9.089322142233719967e-03
7.976990097563498239e+01 -5.275839574268988315e-03 -9.103635744512263150e-03
7.978560128092343007e+01 -5.275495575146013118e-03 -9.115995067072727581e-03
7.980131845212476094e+01 -5.276932579993523498e-03 -9.117945098975292068e-03
7.983278908046649747e+01 -5.274132006130483226e-03 -9.105910315977135128e-03
7.984855282681964184e+01 -5.274500930054465409e-03 -9.097608957980904756e-03
7.986432706928141556e+01 -5.268684776152885926e-03 -9.081132851021416971e-03
7.988012217177849550e+01 -5.267833106236326571e-03 -9.061539313383295408e-03
7.991163281216933001e+01 -5.261928113645498312e-03 -9.005730518967323961e-03
7.992736573016050272e+01 -5.256119046158528457e-03 -8.971192051857273045e-03
7.994308291984987136e+01 -5.255742382286549517e-03 -8.935430527605458736e-03
7.997447806257333980e+01 -5.251728613096627932e-03 -8.843433624584277897e-03
7.999017142915924694e+01 -5.251076795123502984e-03 -8.787565991736497398e-03
8.000587051085319956e+01 -5.249825394360780641e-03 -8.734307987487472183e-03
8.002157052304683305e+01 -5.249000216545810990e-03 -8.672500954837222831e-03
8.005300048031935489e+01 -5.250462564529678224e-03 -8.540118365815078938e-03
8.006874350785352590e+01 -5.250965068343518144e-03 -8.471544286980242644e-03
8.008448654251958487e+01 -5.252327387811734326e-03 -8.405924653419464751e-03
8.010025385628246397e+01 -5.253521494381167660e-03 -8.345001573791716726e-03
8.013182389080360224e+01 -5.251027357964382219e-03 -8.234445967389656187e-03
8.014759182773524060e+01 -5.251134780070933379e-03 -8.182459559483462597e-03
8.016332150771043530e+01 -5.250394386752816646e-03 -8.135410225722882263e-03
8.019476461385700361e+01 -5.249995313057266230e-03 -8.048419217112457585e-03
8.021046416483009978e+01 -5.252440310546579484e-03 -8.008706083424289163e-03
8.022615708812007540e+01 -5.252576439000554778e-03 -7.971407788454235727e-03
8.024185187434683542e+01 -5.253381676225520568e-03 -7.935266364125522984e-03
8.027324869157503429e+01 -5.255730105072865463e-03 -7.861354539372960443e-03
8.028895263047093067e+01 -5.257687932403914965e-03 -7.829148200078999559e-03
8.030467729609743799e+01 -5.259848915100765257e-03 -7.793556643371335468e-03
8.032042079974957005e+01 -5.262379456656520078e-03 -7.768649899250185467e-03
8.035193451911695206e+01 -5.265287419318573359e-03 -7.750758604471962021e-03
8.036771595979483607e+01 -5.265290886787346407e-03 -7.751564440165258259e-03
8.038350142535473708e+01 -5.265413658951277262e-03 -7.759723445165065021e-03
8.041500128573174777e+01 -5.264596574342123199e-03 -7.809239330412073507e-03
8.043073551273377575e+01 -5.266104719052272336e-03 -7.847941531997776332e-03
8.044645018289641314e+01 -5.266229657798182986e-03 -7.887485571838510207e-03
8.046215421059373796e+01 -5.267489910420732058e-03 -7.931858155724245962e-03
8.049354717683792160e+01 -5.271492106008226521e-03 -8.029479683470994167e-03
8.050924665061509700e+01 -5.272407336393549956e-03 -8.071106304747303548e-03
8.052494307102773519e+01 -5.273841196383050045e-03 -8.107287777840142470e-03
8.054064718755162744e+01 -5.275372496522331457e-03 -8.145510443036459852e-03
8.057211067897098644e+01 -5.277551409232321758e-03 -8.266688870888964577e-03
8.058785290851751881e+01 -5.279807520457108910e-03 -8.331372270136324851e-03
8.060362079468438878e+01 -5.276295891855746663e-03 -8.393799866287098010e-03
8.063518251118941293e+01 -5.274682271865211054e-03 -8.551324199022193595e-03
8.065096179424413947e+01 -5.274862127709616273e-03 -8.631500751833847199e-03
8.066669992284492707e+01 -5.269834974136870277e-03 -8.713991358693851455e-03
8.068243528619862559e+01 -5.270210516130116075e-03 -8.797611508333641125e-03
8.071386189101167474e+01 -5.266234753919770209e-03 -8.957578566014154711e-03
8.072955428662288568e+01 -5.267607795582596869e-03 -9.025510401567043983e-03
8.074525062580009660e+01 -5.268429523822545923e-03 -9.069515056186592053e-03
8.076095099425224078e+01 -5.267908501505781313e-03 -9.090370106385182308e-03
8.079234823434336477e+01 -5.266019393138400562e-03 -9.117676029138164009e-03
8.080807424707457187e+01 -5.265742720975243388e-03 -9.118208209277185033e-03
8.082380967934260241e+01 -5.262754377157058752e-03 -9.113322981486891849e-03
8.085532803793959999e+01 -5.258083031182236682e-03 -9.099717761458479826e-03
8.087111038517208783e+01 -5.257140857345818027e-03 -9.084622622336930783e-03
8.088689105417043379e+01 -5.252943191298192933e-03 -9.061571103317693845e-03
8.090266229294535094e+01 -5.250760055153039403e-03 -9.037256197004586711e-03
8.093411787081952014e+01 -5.245280939372144909e-03 -8.972648264783509089e-03
8.094982338535358224e+01 -5.242746827887500259e-03 -8.934581518110319004e-03
8.096552366673374479e+01 -5.238797011524382041e-03 -8.889705044594990377e-03
8.098121562829190623e+01 -5.238078408804159973e-03 -8.837437695926736447e-03
8.101261508541466583e+01 -5.240070825300089871e-03 -8.726286762926296556e-03
8.102831912014903537e+01 -5.239869828303017618e-03 -8.660996087609198341e-03
8.104402764485365651e+01 -5.239436507932756712e-03 -8.591997660616402382e-03
8.107549871406062891e+01 -5.237743427308060896e-03 -8.457562257859691998e-03
8.109125443057664029e+01 -5.238369839774544706e-03 -8.393433355186425901e-03
8.110703092681386295e+01 -5.238542595871515870e-03 -8.332899852313295844e-03
8.112282291330870976e+01 -5.238728129558026421e-03 -8.276167990892393383e-03
8.115435440192752026e+01 -5.236496513700217119e-03 -8.170492795164579700e-03
8.117008170808726675e+01 -5.238694552605996022e-03 -8.121767558607004625e-03
8.118580309771435566e+01 -5.237697603867534461e-03 -8.076485832808254217e-03
8.120150445046617449e+01 -5.237607664359904790e-03 -8.033262717038813089e-03
8.123289318952957672e+01 -5.237388677380825849e-03 -7.955132634255530216e-03
8.124859154539136341e+01 -5.240101686069879340e-03 -7.918320111301658387e-03
8.126429265359335830e+01 -5.243814658816159033e-03 -7.879331818715780769e-03
8.129570647677793716e+01 -5.247876540050936539e-03 -7.805089372152240745e-03
8.131143861633283620e+01 -5.251979300395533470e-03 -7.772191628503225501e-03
8.132717510920572579e+01 -5.249824900203683455e-03 -7.750220217944214264e-03
8.134293491468275761e+01 -5.250808579541815617e-03 -7.739273360965342324e-03
8.137450685640187942e+01 -5.253598511574759933e-03 -7.740780672381380664e-03
8.139026987686894188e+01 -5.252899718534284265e-03 -7.748302517323411853e-03
8.140603077725151593e+01 -5.251662991924016706e-03 -7.771884729868277532e-03
8.142176032858654366e+01 -5.255625544351692074e-03 -7.805081701792945109e-03
8.145319200353779365e+01 -5.253468777354156592e-03 -7.883751928323329272e-03
8.146889053621690380e+01 -5.254943077300464407e-03 -7.928099801992962575e-03
8.148458428791740005e+01 -5.254845414680263394e-03 -7.975684921751331757e-03
8.150028430171204263e+01 -5.256733568004788582e-03 -8.022486490284695335e-03
8.153168591764512030e+01 -5.263688380579853096e-03 -8.092377600185822473e-03
8.154740110180246404e+01 -5.265296744188107878e-03 -8.143873566067709457e-03
8.156313380853265471e+01 -5.266725700969127240e-03 -8.204459609148026175e-03
8.159462331439701188e+01 -5.265523601405348517e-03 -8.332124592949638822e-03
8.161039344675629081e+01 -5.266372423863353337e-03 -8.400435011438273439e-03
8.162618595646826236e+01 -5.265784321392534030e-03 -8.481412542828999437e-03
8.164195560844102317e+01 -5.262853674559395817e-03 -8.564202115256941070e-03
8.167345909502758161e+01 -5.260362450422663774e-03 -8.731829833509988439e-03
8.168919160350381503e+01 -5.258452551194524316e-03 -8.818181946269661176e-03
8.170490092621935219e+01 -5.255303837009044771e-03 -8.901158596433231956e-03
8.172060024205708828e+01 -5.255492435163451777e-03 -8.978236095965047223e-03
8.175198989847315545e+01 -5.253171944131752001e-03 -9.075178138829770313e-03
8.176768815018638747e+01 -5.253020748975625182e-03 -9.094953742198132185e-03
8.178338694784848428e+01 -5.254026017811841594e-03 -9.114144627925478345e-03
8.181483563777841539e+01 -5.252341123652984334e-03 -9.120045558663626012e-03
8.183056490991647536e+01 -5.251195736758584864e-03 -9.117669415465750465e-03
8.184632704041963791e+01 -5.249589871757677148e-03 -9.114130996354462277e-03
8.186210100137577683e+01 -5.246829412000002420e-03 -9.102700912047841791e-03
8.189366292867933339e+01 -5.241445980761471994e-03 -9.065444692124195389e-03
8.190941447832273070e+01 -5.238837667407619282e-03 -9.039120803882014221e-03
8.192514609827360061e+01 -5.233786450406054287e-03 -9.007752917761676498e-03
8.194086622086835803e+01 -5.232802363363369715e-03 -8.973760450002199462e-03
8.197225993287123913e+01 -5.227838911079032806e-03 -8.886658597211280833e-03
8.198795346207776902e+01 -5.226087004298871075e-03 -8.831157603386737345e-03
8.200365277024201305e+01 -5.224460155200726617e-03 -8.776962165509308647e-03
8.203505872881021332e+01 -5.224232413195131416e-03 -8.647284332513762925e-03
8.205077988168410741e+01 -5.226988474885427977e-03 -8.582308769120066544e-03
8.206652160100303206e+01 -5.225510329341356321e-03 -8.513228737180481009e-03
8.208226041819786190e+01 -5.226627070763603493e-03 -8.445315732108637716e-03
8.211380658775831876e+01 -5.225696667571053285e-03 -8.321583949388497090e-03
8.212960047421441345e+01 -5.227280988479871687e-03 -8.265516304809370982e-03
8.214536423232313211e+01 -5.226561853750921749e-03 -8.209302079553662188e-03
8.216110271715788826e+01 -5.227199257769620834e-03 -8.158061546927835792e-03
8.219254851335917067e+01 -5.226051061274755889e-03 -8.062851167343286149e-03
8.220824955923627897e+01 -5.226968586200612596e-03 -8.019014918269425432e-03
8.222394009060523956e+01 -5.226635162727481972e-03 -7.978391860002738770e-03
8.225533159924060556e+01 -5.228563215189723119e-03 -7.901179950598675658e-03
8.227103084680791767e+01 -5.229627726223370215e-03 -7.856583648152823396e-03
8.228673424426271765e+01 -5.231475326748617066e-03 -7.822112095224478465e-03
8.230245563234254291e+01 -5.235107285992614268e-03 -7.781878206790384181e-03
8.233394014541492822e+01 -5.239537285497552523e-03 -7.732999578352090127e-03
8.234970812138983831e+01 -5.242589078257091535e-03 -7.725323380566280831e-03
8.236548714856841968e+01 -5.240198073045309116e-03 -7.724260297269032460e-03
8.238127801034463005e+01 -5.241317372966928720e-03 -7.728531631465597983e-03
8.241277877263932794e+01 -5.242184123021929008e-03 -7.766698584953937549e-03
8.242851376653661077e+01 -5.240512366740877372e-03 -7.799800640363631007e-03
8.244423161813980983e+01 -5.242210043456227951e-03 -7.839449231309107355e-03
8.247563040173338322e+01 -5.244743358606467933e-03 -7.923447808639145357e-03
8.249132578939625660e+01 -5.246146757637001022e-03 -7.970240229408278795e-03
8.250702451600363929e+01 -5.247126662782102165e-03 -8.012823910461241636e-03
8.252272277754525476e+01 -5.248392732453677732e-03 -8.048570037546790013e-03
8.255415007218812207e+01 -5.251894200174958213e-03 -8.143595628668771555e-03
8.256988849870609215e+01 -5.253680094920974014e-03 -8.204719459251006222e-03
8.258562807274037709e+01 -5.255729139178665771e-03 -8.272397073643140974e-03
8.260139233561747574e+01 -5.255360289302673550e-03 -8.335932213665410775e-03
8.263295586192623432e+01 -5.251895439956855149e-03 -8.496507024198376307e-03
8.264873602210944625e+01 -5.251506568975482583e-03 -8.579918855005853190e-03
8.266447472577401356e+01 -5.247696350816186475e-03 -8.665565633426979344e-03
8.268021319943400727e+01 -5.246606578375742277e-03 -8.753100561223425141e-03
8.271164502617924086e+01 -5.245412162106295045e-03 -8.923913098033756791e-03
8.272733926239216373e+01 -5.245979416872946326e-03 -8.998784013676184440e-03
8.274303673184196839e+01 -5.245224196563971417e-03 -9.051645184804611374e-03
8.277442696046976778e+01 -5.243488597727731168e-03 -9.103298558097551799e-03
8.279012844896271872e+01 -5.242487941631494668e-03 -9.118843137555359205e-03
8.280585148552410146e+01 -5.241308178615902529e-03 -9.123828594226855715e-03
8.282158866702030764e+01 -5.240445356973218172e-03 -9.123996546938897487e-03
8.285309674536607361e+01 -5.235937155501214739e-03 -9.119183481693420718e-03
8.286887614908005162e+01 -5.234278795543452489e-03 -9.108824779539585401e-03
8.288466303803495805e+01 -5.230812465569280659e-03 -9.091827898834666660e-03
8.290043704227529986e+01 -5.229460026563395592e-03 -9.070037046170726508e-03
8.293189586735218199e+01 -5.221934930603857120e-03 -9.011021131154720032e-03
8.294760438124991708e+01 -5.218977580540452160e-03 -8.975719073926677338e-03
8.296330540609868365e+01 -5.215850766103725770e-03 -8.933114096968969992e-03
8.299469399208572895e+01 -5.215773577009009954e-03 -8.826756045853650576e-03
8.301039691441775403e+01 -5.214877121235948938e-03 -8.771672857109677826e-03
8.302609608981838107e+01 -5.214201280373039794e-03 -8.708383789810369979e-03
8.304180309125652570e+01 -5.214482297319816655e-03 -8.637640569659783135e-03
8.307327575277432175e+01 -5.213256274033198356e-03 -8.501283628852119786e-03
8.308902620650378879e+01 -5.214857398603519809e-03 -8.434299039091817593e-03
8.310480149028333585e+01 -5.212201509992525281e-03 -8.371141347786593273e-03
8.312058829967504892e+01 -5.213806028103222523e-03 -8.310868015130149639e-03
8.315213066322041868e+01 -5.213785914218183222e-03 -8.198960944312837923e-03
8.316785716537916073e+01 -5.211610700230261128e-03 -8.145949716722214115e-03
8.318358136403543313e+01 -5.213452983955603123e-03 -8.096275195203709099e-03
8.321498370230639807e+01 -5.211825795391958685e-03 -8.005658315331610347e-03
8.323067465472564663e+01 -5.213902299273925380e-03 -7.963641967241783665e-03
8.324637160778972600e+01 -5.216944641033027276e-03 -7.921890658987691680e-03
8.326207376319460707e+01 -5.219617118578961067e-03 -7.881032437036824753e-03
8.329348025126719790e+01 -5.222869792918443353e-03 -7.799163504118043766e-03
8.330921032871356147e+01 -5.226252547225244960e-03 -7.760706323045088104e-03
8.332494998069330450e+01 -5.224606062790023743e-03 -7.733980168347307123e-03
8.334070448756398264e+01 -5.226611068689418667e-03 -7.717381297330797724e-03
8.337227179503386765e+01 -5.228750311419625221e-03 -7.713340937205980311e-03
8.338804181236540103e+01 -5.227692137300807805e-03 -7.716627018337962433e-03
8.340380698714058383e+01 -5.227840710743775557e-03 -7.734980103715856023e-03
8.343526231968586160e+01 -5.229913702226412532e-03 -7.796265880641465272e-03
8.345096884476485855e+01 -5.230459826616815598e-03 -7.835700965737995780e-03
8.346666959677558850e+01 -5.229640951968715472e-03 -7.875433882329930732e-03
8.348236292831334993e+01 -5.230406688562571488e-03 -7.919338322697574983e-03
8.351376355100197202e+01 -5.237444911860933937e-03 -8.002099048996175537e-03
8.352946511570745258e+01 -5.239728712281141974e-03 -8.036108047382833908e-03
8.354517533724691702e+01 -5.240245226915209859e-03 -8.082034791697135026e-03
8.356090515737648161e+01 -5.244177905494003603e-03 -8.143070042186008675e-03
8.359239164456387527e+01 -5.241729650698163413e-03 -8.276302617321422417e-03
8.360816216128962708e+01 -5.242388536996036782e-03 -8.343820278072813096e-03
8.362395072916024219e+01 -5.241082717423930365e-03 -8.425607155346993837e-03
8.365549609934109299e+01 -5.236116215036118113e-03 -8.598317032497880541e-03
8.367123301935248492e+01 -5.238458797160261936e-03 -8.686392100461119703e-03
8.368696563483824491e+01 -5.234736665223931745e-03 -8.776915711026300054e-03
8.370267770322230660e+01 -5.232876324205908668e-03 -8.864795131426799965e-03
8.373407359735661259e+01 -5.230284280395528819e-03 -9.017670533302690403e-03
8.374977186441046229e+01 -5.230531499695986915e-03 -9.061819397396824252e-03
8.376546990827273476e+01 -5.231972880489505623e-03 -9.086984490025052860e-03
8.378116720820901264e+01 -5.232875312075983658e-03 -9.112555953889128757e-03
8.381260846940917020e+01 -5.232077699236911336e-03 -9.129249307282418999e-03
8.382833797007116061e+01 -5.228019992842235925e-03 -9.131136347961714764e-03
8.384409448921358887e+01 -5.225629349327278773e-03 -9.132071063099810385e-03
8.387566381891780054e+01 -5.222347157339892430e-03 -9.117358601085725350e-03
8.389142960674585936e+01 -5.217939413869662063e-03 -9.097917950296076708e-03
8.390719062058269628e+01 -5.213948935913368873e-03 -9.075067908863754251e-03
8.392291944452412622e+01 -5.212759780819540070e-03 -9.046480599941888676e-03
8.395434260026698325e+01 -5.204432644933460958e-03 -8.977734602492621133e-03
8.397003673444156391e+01 -5.203465942075307521e-03 -8.932995476199835638e-03
8.398572941514190404e+01 -5.200814721330210624e-03 -8.878941803693298981e-03
8.400142882016776014e+01 -5.199421932897109466e-03 -8.823141341338608043e-03
8.403283478678038421e+01 -5.201369000648589647e-03 -8.695506209239044909e-03
8.404855273541467398e+01 -5.202796884490862479e-03 -8.629491899881302705e-03
8.406429439397609826e+01 -5.201381554904978451e-03 -8.559782384130987590e-03
8.408002930496715521e+01 -5.201029028117511166e-03 -8.489669839025609441e-03
8.411157399618326735e+01 -5.201323280706342603e-03 -8.360836163755769324e-03
8.412736949485825733e+01 -5.202913196255038245e-03 -8.301656522824166912e-03
8.414313040267003885e+01 -5.201488873116557991e-03 -8.242509986607502587e-03
8.417460762852419975e+01 -5.199949885415109004e-03 -8.134248337765192724e-03
8.419032596450630024e+01 -5.201106710549426200e-03 -8.084709958466699056e-03
8.420602518831245220e+01 -5.199678164145615615e-03 -8.036602448764871079e-03
8.422171564721801928e+01 -5.201532543719929354e-03 -7.992433692515748048e-03
8.425310710916089363e+01 -5.202527889248157074e-03 -7.906569878116873062e-03
8.426880742475731267e+01 -5.204009888550427572e-03 -7.858203666859471526e-03
8.428450996254311178e+01 -5.206858252242499430e-03 -7.820269876332755846e-03
8.430022745085067015e+01 -5.211564857276057561e-03 -7.775933226797103297e-03
8.433170588603000795e+01 -5.214246144072550403e-03 -7.716389729401234437e-03
8.434747441616515573e+01 -5.216763027652662407e-03 -7.703628519752348490e-03
8.436325287643600745e+01 -5.215734684592202020e-03 -7.700776272867464189e-03
8.439481009704563519e+01 -5.217716443220991873e-03 -7.709094349169457773e-03
8.441055189395389391e+01 -5.218858119459029304e-03 -7.728961746195825086e-03
8.442628552600137937e+01 -5.215825917567963772e-03 -7.756647364012014302e-03
8.444200594481367261e+01 -5.218699986698891249e-03 -7.793425998044293569e-03
8.447340336482481860e+01 -5.219649711056220664e-03 -7.871255629388139441e-03
8.448909765958286755e+01 -5.221068918751575402e-03 -7.914472568835003927e-03
8.450479739688685754e+01 -5.221680467426877831e-03 -7.956521522252188797e-03
8.452049692848611073e+01 -5.222960490040260556e-03 -7.992388901280959163e-03
8.455192089545758449e+01 -5.228450773664443212e-03 -8.082898400720801846e-03
8.456765842082073448e+01 -5.228763808607486512e-03 -8.145841306023597975e-03
8.458339536278209891e+01 -5.230748740722268586e-03 -8.216287274277596364e-03
8.461492984452213761e+01 -5.229345315241335466e-03 -8.355730963516190893e-03
8.463072312593601509e+01 -5.229334714469891648e-03 -8.444092966572627756e-03
8.464649873458112950e+01 -5.227993580144476952e-03 -8.531142013382831540e-03
8.466224445324637315e+01 -5.226759152100309870e-03 -8.620020297042903235e-03
8.469371031485016488e+01 -5.223275551531048576e-03 -8.802904202587261487e-03
8.470942101145843139e+01 -5.223561587278915432e-03 -8.890737980720146705e-03
8.472511911812574681e+01 -5.222038904133573592e-03 -8.972364430121991877e-03
8.474081155549519906e+01 -5.221693023279220906e-03 -9.034273984323852244e-03
8.477220364501548033e+01 -5.219627632736787565e-03 -9.098156435224961577e-03
8.478790398991272070e+01 -5.218578775197903891e-03 -9.121624713669587020e-03
8.480362400437691406e+01 -5.218138135975099873e-03 -9.130611676064624704e-03
8.483509817384030782e+01 -5.217423054320359521e-03 -9.140282765488607838e-03
8.485086159944205519e+01 -5.215858850274359901e-03 -9.140237181321878360e-03
8.486663794854503351e+01 -5.210841346993637727e-03 -9.134429601169931009e-03
8.488243015223694954e+01 -5.208528944582520304e-03 -9.124329414585791512e-03
8.491393539941239510e+01 -5.201407439164341083e-03 -9.080282639261194610e-03
8.492966652039294218e+01 -5.197889647775270731e-03 -9.051963168826697090e-03
8.494537842496660573e+01 -5.195608522393277938e-03 -9.018943445212528054e-03
8.496107866560102195e+01 -5.194389167253891937e-03 -8.979120743814744329e-03
8.499246741192320087e+01 -5.190693931553073091e-03 -8.875520023232235170e-03
8.500816620901592557e+01 -5.189705747175458843e-03 -8.819405923781281284e-03
8.502386626764672428e+01 -5.188666363876656001e-03 -8.758155494785304848e-03
8.505530052442581734e+01 -5.188380301137878771e-03 -8.619597872336692140e-03
8.507104544389844136e+01 -5.188936713857285679e-03 -8.547768962235332071e-03
8.508679118540753450e+01 -5.190541841822107587e-03 -8.478854929070311214e-03
8.510256262465908605e+01 -5.188439373721089216e-03 -8.413194425147974692e-03
8.513413053140217812e+01 -5.188572964695235823e-03 -8.290850061126528101e-03
8.514989912017549045e+01 -5.190082711338137207e-03 -8.232995835787640382e-03
8.516562430301111419e+01 -5.186839834519766171e-03 -8.175930440589684184e-03
8.518135232708955584e+01 -5.188537578558194419e-03 -8.122903039280388732e-03
8.521275780641084907e+01 -5.188585239521183168e-03 -8.024261671468878310e-03
8.522844790124101166e+01 -5.191158593757010109e-03 -7.977871187249152909e-03
8.524414525312008095e+01 -5.192827493258875271e-03 -7.931721726586774338e-03
8.527554373133108356e+01 -5.195417195466916008e-03 -7.839170885238732484e-03
8.529124792589473714e+01 -5.197786291817781991e-03 -7.798166362206941128e-03
8.530697495170166178e+01 -5.199769327025660810e-03 -7.754369876551686809e-03
8.532271800938144679e+01 -5.200735240463120503e-03 -7.722491888624177445e-03
8.535424197087704101e+01 -5.202409447954438153e-03 -7.691322331628442158e-03
8.537002828875618832e+01 -5.204823400884344732e-03 -7.689865096844667423e-03
8.538580544177807496e+01 -5.204258214661276402e-03 -7.690381386109773100e-03
8.540157353677616925e+01 -5.206156618082990149e-03 -7.703473703886367339e-03
8.543303035219824437e+01 -5.206577204922184683e-03 -7.753135234831916474e-03
8.544873927810543535e+01 -5.207014110554569232e-03 -7.789789595365384685e-03
8.546444154667736370e+01 -5.205646494892231767e-03 -7.826921024610172112e-03
8.548013415023345374e+01 -5.208477879974971782e-03 -7.867305072585404485e-03
8.551153573471894731e+01 -5.213935202838946431e-03 -7.947010604364675504e-03
8.552723488313708344e+01 -5.214858401941819405e-03 -7.982197829125608352e-03
8.554294015688641650e+01 -5.216704006707002968e-03 -8.023526048797658197e-03
8.557440459391681031e+01 -5.217845699705730457e-03 -8.150982481670071209e-03
8.559015357383424316e+01 -5.219754925698334887e-03 -8.223020286977059459e-03
8.560592506479919450e+01 -5.217849863130146447e-03 -8.289869734139219959e-03
8.562170517061480268e+01 -5.218303290889355663e-03 -8.372187589810117098e-03
8.565326119868616672e+01 -5.214890419237728537e-03 -8.552056914451463057e-03
8.566899992068493930e+01 -5.213705636323681149e-03 -8.643453805045941962e-03
8.568473171125745580e+01 -5.212710654308731067e-03 -8.736825457320370955e-03
8.570044731037238250e+01 -5.211716515343971408e-03 -8.829721487424276732e-03
8.573184783430899358e+01 -5.208509222335344635e-03 -8.996161883919216382e-03
8.574754549945842541e+01 -5.210108714389380738e-03 -9.048387640668439924e-03
8.576324328774235539e+01 -5.211326956723595812e-03 -9.078494331690684788e-03
8.579464701091941947e+01 -5.208887894922916741e-03 -9.130095852524125477e-03
8.581037404269876845e+01 -5.210565467599338925e-03 -9.138124092672308268e-03
8.582610531616697358e+01 -5.205202636331888143e-03 -9.145287498949352528e-03
8.584185551049228025e+01 -5.203527297952029694e-03 -9.150661402069514005e-03
8.587341852229016581e+01 -5.198972805672598570e-03 -9.145607949306142417e-03
8.588919077976153460e+01 -5.194723124056441384e-03 -9.131427032130250837e-03
8.590495809698840901e+01 -5.190692717312810935e-03 -9.111916421918466596e-03
8.592068610799110218e+01 -5.190653437858501994e-03 -9.086565845737772790e-03
8.595210992871487576e+01 -5.182272590319760008e-03 -9.022883037700884720e-03
8.596780643688035184e+01 -5.179458661696527064e-03 -8.980162099710038703e-03
8.598349814775551181e+01 -5.176848473900666492e-03 -8.928791750072778352e-03
8.601489892125198367e+01 -5.177398896311395486e-03 -8.814910051225720300e-03
8.603060246912731657e+01 -5.178825712009559566e-03 -8.746370701058993682e-03
8.604631921671962402e+01 -5.177692997410178986e-03 -8.678131669345097096e-03
8.606205502036341670e+01 -5.179087157282615504e-03 -8.608239286147385469e-03
8.609355399308935830e+01 -5.175382627678280084e-03 -8.467489156417975713e-03
8.610933252518809411e+01 -5.177188542663962480e-03 -8.402714528123697915e-03
8.612512995195908161e+01 -5.177264130122299218e-03 -8.340627877637164095e-03
8.614088996738789206e+01 -5.176234736142410961e-03 -8.279110511767544256e-03
8.617237259632868529e+01 -5.177430372108460591e-03 -8.164000699011663906e-03
8.618809386223982472e+01 -5.175347297727640565e-03 -8.110575979966335586e-03
8.620379112119951515e+01 -5.174651656954564263e-03 -8.058381269141944719e-03
8.623517585522142781e+01 -5.176132998625715062e-03 -7.962445646727898951e-03
8.625087480621192526e+01 -5.177556685043846994e-03 -7.916702469908762363e-03
8.626657607908327918e+01 -5.180357089723057126e-03 -7.866087907854301189e-03
8.628227719622471170e+01 -5.184610561322511128e-03 -7.822766527225874164e-03
8.631373040901502236e+01 -5.188779181978748177e-03 -7.734801132398040797e-03
8.632946551423962944e+01 -5.189599973308371000e-03 -7.704419829136951482e-03
8.634523148032231177e+01 -5.190786841963958807e-03 -7.686015511849705016e-03
8.636101011032997121e+01 -5.192710190140318108e-03 -7.680766778176152318e-03
8.639256628456617193e+01 -5.193626285331909807e-03 -7.681145695580871013e-03
8.640831758229641935e+01 -5.193586338030378030e-03 -7.697340566544571237e-03
8.642404837511153914e+01 -5.193864646435670911e-03 -7.718540956238203500e-03
8.645547454927623221e+01 -5.193577144232822303e-03 -7.785355726155353609e-03
8.647116863435846312e+01 -5.195910765420317171e-03 -7.822828582159248312e-03
8.648686274779554140e+01 -5.196272408155798266e-03 -7.861527713796404027e-03
8.650256260138435493e+01 -5.197258506865724478e-03 -7.901680089361883680e-03
8.653396605159937849e+01 -5.202272275887492511e-03 -7.971550528837457322e-03
8.654968335148910796e+01 -5.206307353061988795e-03 -8.024003902243604519e-03
8.656542117188281793e+01 -5.205691344501640894e-03 -8.086552417968656536e-03
8.658115266386010944e+01 -5.207370411064582774e-03 -8.160423559122035111e-03
8.661268719571381780e+01 -5.207041589708405298e-03 -8.303397652309349453e-03
8.662848014687882880e+01 -5.207704091973939381e-03 -8.392921786027279091e-03
8.664425170031026369e+01 -5.205602356121202118e-03 -8.483669139981185603e-03
8.666000689929038003e+01 -5.204932344628622302e-03 -8.575602036631605612e-03
8.669147527711970724e+01 -5.201946132861743136e-03 -8.764920655309716910e-03
8.670718859484871643e+01 -5.199456991088676275e-03 -8.857883009705136423e-03
8.672288521478670020e+01 -5.199081629188818596e-03 -8.945776609263413059e-03
8.675427534068977309e+01 -5.197353035997473274e-03 -9.059611930354464007e-03
8.676997234869180886e+01 -5.196348102991879721e-03 -9.092220465356543047e-03
8.678567187512241787e+01 -5.195873960198908389e-03 -9.123871690228031392e-03
8.680138829351611207e+01 -5.197131514025425322e-03 -9.138221253081495188e-03
8.683285643048081681e+01 -5.194065014317528380e-03 -9.156945793411950391e-03
8.684861883361415380e+01 -5.194207060639754667e-03 -9.161504408510007941e-03
8.686439275954677441e+01 -5.188147647871830560e-03 -9.160054764254578832e-03
8.688018747531259578e+01 -5.187212067426755224e-03 -9.156286032575807962e-03
8.691169803583885312e+01 -5.180695856502022002e-03 -9.118748295090657943e-03
8.692742882905506008e+01 -5.174543977090309901e-03 -9.093053141066193695e-03
8.694314397060088595e+01 -5.173701997362072438e-03 -9.063256160029058150e-03
8.697453588375788058e+01 -5.168207407896556124e-03 -8.980447846375571100e-03
8.699022813182254765e+01 -5.166712462905387153e-03 -8.925475638408382137e-03
8.700592755124937128e+01 -5.164788824191707955e-03 -8.868104994918508607e-03
8.702162866098537108e+01 -5.163304673104737383e-03 -8.808522877907620785e-03
8.705306032458236132e+01 -5.163637687984474513e-03 -8.669406137057151379e-03
8.706880517520353635e+01 -5.163924114903433414e-03 -8.596591056857574853e-03
8.708454972318156706e+01 -5.165014229401276510e-03 -8.525126086675095111e-03
8.710031823910333060e+01 -5.166052120887917702e-03 -8.456834674167527238e-03
8.713189012644733111e+01 -5.164014535310929889e-03 -8.330165212968377794e-03
8.714765658731296583e+01 -5.164360349584240679e-03 -8.268834168723728645e-03
8.716338486311026656e+01 -5.163758046607876476e-03 -8.208923478616316632e-03
8.719482452442431963e+01 -5.163561053456198341e-03 -8.097801252291146265e-03
8.721052272662096527e+01 -5.166083184332339456e-03 -8.046439543819875265e-03
8.722621461200429849e+01 -5.166244394319527075e-03 -7.997173861071002476e-03
8.724190881167692169e+01 -5.166944047544386534e-03 -7.946728672625549134e-03
8.727330556085529167e+01 -5.169495153998224408e-03 -7.846403496858092921e-03
8.728900871715852361e+01 -5.171611490782459380e-03 -7.801188728023549998e-03
8.730473307193840071e+01 -5.173814637909681345e-03 -7.753133983735329034e-03
8.732047742866902240e+01 -5.176564368053329819e-03 -7.715798942546820381e-03
8.735199357894113348e+01 -5.179977675752354786e-03 -7.673681368461487788e-03
8.736777774896681592e+01 -5.180368657114742259e-03 -7.669664658320578254e-03
8.738356184611238575e+01 -5.180742385363768139e-03 -7.668408026936452890e-03
8.741505796983349796e+01 -5.180382558524577151e-03 -7.691405280140765736e-03
8.743079013463017191e+01 -5.182131416619505798e-03 -7.715248926182687907e-03
8.744650230103285082e+01 -5.182395939233005837e-03 -7.746210834770463592e-03
8.746220442442894694e+01 -5.183573383517412619e-03 -7.781888843505189134e-03
8.749359641699450663e+01 -5.187725125692613237e-03 -7.856935257274180046e-03
8.750929654658662571e+01 -5.188810840091282427e-03 -7.893832543453983136e-03
8.752499388445814077e+01 -5.190362472893818302e-03 -7.929197906412872518e-03
8.754069872075343994e+01 -5.192327121477879025e-03 -7.966951243330683621e-03
8.757216412321480448e+01 -5.195140232272953476e-03 -8.094227938586884274e-03
8.758790769584824432e+01 -5.197663734448256488e-03 -8.170054194495001212e-03
8.760367631749396367e+01 -5.194577382489436526e-03 -8.238463693622580936e-03
8.763523796800060950e+01 -5.193704018368374038e-03 -8.414133106112503188e-03
8.765101603876591696e+01 -5.194237488297801485e-03 -8.506735893869219606e-03
8.766675407610489401e+01 -5.189610023566834998e-03 -8.601312284539737105e-03
8.768248993432757743e+01 -5.190256985417208632e-03 -8.696912731083378950e-03
8.771391860439878485e+01 -5.186672356988127237e-03 -8.887540559660997430e-03
8.772961243298006195e+01 -5.188188227128054907e-03 -8.972669138751394879e-03
8.774530953707882475e+01 -5.189127855505269032e-03 -9.033577221462215853e-03
8.776100971591121436e+01 -5.188584226517663558e-03 -9.069844333859509999e-03
8.779240608196533913e+01 -5.186419734033020403e-03 -9.134893225794712621e-03
8.780813146288021187e+01 -5.186036720328160605e-03 -9.147053728735386746e-03
8.782386516272927679e+01 -5.182883764805272173e-03 -9.159309390453181099e-03
8.785538138738282044e+01 -5.177873521100401048e-03 -9.173020855715443428e-03
8.787116248314875122e+01 -5.176679075871540824e-03 -9.173401306524693946e-03
8.788694368351900721e+01 -5.172291389360008512e-03 -9.165520866100904454e-03
8.790271514794588370e+01 -5.169990377968772775e-03 -9.149075462159600089e-03
8.793416743161353111e+01 -5.163662317409884253e-03 -9.100506085137492068e-03
8.794987064744900351e+01 -5.160397124199214008e-03 -9.068575273519150631e-03
8.796556866404364428e+01 -5.155865775576420722e-03 -9.027645705681703117e-03
8.798125892201301212e+01 -5.154380152313939312e-03 -8.979985720070799218e-03
8.801265816073771475e+01 -5.154778174569288329e-03 -8.864562532217784910e-03
8.802836331108954937e+01 -5.154091999280817349e-03 -8.799001256957858508e-03
8.804407269736209685e+01 -5.153080471347431558e-03 -8.727390416290206968e-03
8.807554735817127778e+01 -5.150386529710459377e-03 -8.584674956781951013e-03
8.809130449761872228e+01 -5.150788797432209569e-03 -8.513626672149698579e-03
8.810708299988328918e+01 -5.151176804431810592e-03 -8.446109211775484557e-03
8.812287683804107985e+01 -5.151539677911481409e-03 -8.381355413157848266e-03
8.815440515761197560e+01 -5.149659629764329234e-03 -8.256593774186856555e-03
8.817013095260173827e+01 -5.152025602180127992e-03 -8.196571190516531089e-03
8.818585062559624532e+01 -5.151071583933214404e-03 -8.140105146836246197e-03
8.820155008259719409e+01 -5.151075710331492162e-03 -8.084229447022682827e-03
8.823293659624866336e+01 -5.150923626993302723e-03 -7.982287398629299077e-03
8.824863455350487129e+01 -5.153646276953027794e-03 -7.931467132582189355e-03
8.826433576916369361e+01 -5.157401221346756721e-03 -7.879316856703597743e-03
8.828003677661239124e+01 -5.160892384935277487e-03 -7.829095847583351919e-03
8.831148106854698199e+01 -5.166178367270114931e-03 -7.733590461227715131e-03
8.832721860159314531e+01 -5.164231016499246443e-03 -7.697434878789571021e-03
8.834297929339754774e+01 -5.165378689971667457e-03 -7.672524660240436119e-03
8.837455452068812178e+01 -5.169024680791911054e-03 -7.661130406885049461e-03
8.839031591124266640e+01 -5.168514580631104749e-03 -7.657948959545010648e-03
8.840607510704442973e+01 -5.167552797894063056e-03 -7.671428790389325271e-03
8.842180228893609240e+01 -5.171547340609906028e-03 -7.686997932814625990e-03
8.845322969422646509e+01 -5.169682628514305801e-03 -7.743885006165370996e-03
8.846892685252178978e+01 -5.171275149527955473e-03 -7.777873437000847219e-03
8.848462034179985380e+01 -5.171249995418229772e-03 -7.813083914614160630e-03
8.850032014628443733e+01 -5.173168666540405893e-03 -7.851453022965151907e-03
8.853172328401748814e+01 -5.180647627325905662e-03 -7.919597698300095273e-03
8.854743903855076326e+01 -5.182543158045936106e-03 -7.968080370749650379e-03
8.856317291358762134e+01 -5.184140097691788095e-03 -8.030047648851139711e-03
8.859466481402604643e+01 -5.183752691830247408e-03 -8.179403227940485951e-03
8.861043564092410918e+01 -5.184874477738092048e-03 -8.252864736804303714e-03
8.862622862337944696e+01 -5.184682384850967420e-03 -8.342506699449874288e-03
8.864199687753006174e+01 -5.182243564757264831e-03 -8.437377763211949613e-03
8.867349932976063087e+01 -5.180338632925723594e-03 -8.628959285529879536e-03
8.868923218649653961e+01 -5.178689303610092137e-03 -8.727527409645691181e-03
8.870494248502706114e+01 -5.175737703961790469e-03 -8.825151717820348130e-03
8.872064318873772493e+01 -5.176017918522636194e-03 -8.918142587869749838e-03
8.875203446778735383e+01 -5.173963658525218903e-03 -9.048196980932931774e-03
8.876773276414593283e+01 -5.173800266526708790e-03 -9.084743982333014570e-03
8.878343119292691199e+01 -5.174561943954092240e-03 -9.124158735441234222e-03
8.881487813060201120e+01 -5.172559455559500897e-03 -9.157927305432739598e-03
8.883060620747403391e+01 -5.171368075483554275e-03 -9.172896147456919766e-03
8.884636687123243348e+01 -5.169513295421371106e-03 -9.181933471143250911e-03
8.886213983108933689e+01 -5.166568606683545270e-03 -9.185666527167703904e-03
8.889370159065009602e+01 -5.160764331598695527e-03 -9.176990753747447591e-03
8.890945390841214646e+01 -5.158024829497826966e-03 -9.157432123737397137e-03
8.892518338694051749e+01 -5.152492078473471480e-03 -9.135474248529052571e-03
8.894090123652929947e+01 -5.151112309238674823e-03 -9.107761498273846471e-03
8.897228996334725082e+01 -5.144718610127220829e-03 -9.029818145676752131e-03
8.898798141379829474e+01 -5.142314465892295489e-03 -8.976826156765765549e-03
8.900368064969356396e+01 -5.139768253263557983e-03 -8.918174051300204602e-03
8.903508826294037704e+01 -5.138044563518233410e-03 -8.787900090196715946e-03
8.905081053662881629e+01 -5.140213767210445595e-03 -8.719403098031076882e-03
8.906655441623398417e+01 -5.138524046711983456e-03 -8.646635219793256250e-03
8.908229525817057493e+01 -5.139237205811845489e-03 -8.573441699667738031e-03
8.911384535199893264e+01 -5.138145330897581249e-03 -8.435287258281990927e-03
8.912963967341912053e+01 -5.139894208919498775e-03 -8.371285515877738975e-03
8.914540154076986767e+01 -5.139468987949649507e-03 -8.306782556252492386e-03
8.916113841010299268e+01 -5.140297716285196356e-03 -8.243930818948861858e-03
8.919258036568496095e+01 -5.139324563271246288e-03 -8.126766835721823887e-03
8.920827977438544565e+01 -5.140310352079738125e-03 -8.072016312244941275e-03
8.922396942410148313e+01 -5.139963210880314944e-03 -8.020464358889813419e-03
8.925535978117363811e+01 -5.141994633511605579e-03 -7.916834029189459207e-03
8.927105908992407990e+01 -5.143100277152197301e-03 -7.859335463847904810e-03
8.928676180213214764e+01 -5.145091651703491593e-03 -7.810153561514847007e-03
8.930248283010129740e+01 -5.148855592166544023e-03 -7.757281337087610848e-03
8.933396923039437354e+01 -5.153947833663039511e-03 -7.680177075664335745e-03
8.934973829227322994e+01 -5.157261233624124176e-03 -7.660686151651720580e-03
8.936551969384633765e+01 -5.155257685391282686e-03 -7.653908791072723886e-03
8.938130991448652196e+01 -5.156713076261819177e-03 -7.651349380488036908e-03
8.941280739479000772e+01 -5.158076102709366340e-03 -7.666173082952499121e-03
8.942854032611975867e+01 -5.156798881331126766e-03 -7.683074635310450755e-03
8.944425568907524848e+01 -5.158647939948251757e-03 -7.709717529704554137e-03
8.947565203851736726e+01 -5.161288896440353359e-03 -7.773248654056048000e-03
8.949134704392290018e+01 -5.162697599503998473e-03 -7.810076055180303900e-03
8.950704603062044384e+01 -5.163915964900705168e-03 -7.845129979048294858e-03
8.952274501404153284e+01 -5.165182865367791247e-03 -7.879030199330207263e-03
8.955417344596604323e+01 -5.169368676946768312e-03 -7.970734769254379098e-03
8.956991329718593420e+01 -5.171536091797782064e-03 -8.037795555693802094e-03
8.958565410853398703e+01 -5.173805473181929473e-03 -8.118617686011018672e-03
8.960141914954961351e+01 -5.173729761952855152e-03 -8.190304146135932162e-03
8.963298298145416254e+01 -5.171024864932600128e-03 -8.366611126649161137e-03
8.964876164878540976e+01 -5.170965515570181623e-03 -8.462983005116478732e-03
8.966449953717408050e+01 -5.167517805685510439e-03 -8.560446553966070266e-03
8.968023835379104014e+01 -5.166713199164653381e-03 -8.658878848534055581e-03
8.971167149179862577e+01 -5.165829246803650687e-03 -8.857180870800325165e-03
8.972736691257063057e+01 -5.166601719565333366e-03 -8.948016465895521424e-03
8.974306532964540395e+01 -5.165909221756329224e-03 -9.017053511344234884e-03
8.977445615031403747e+01 -5.163937545713363775e-03 -9.102615312618732649e-03
8.979015729203176477e+01 -5.162881152520513821e-03 -9.137921261500951339e-03
8.980587996290925901e+01 -5.161519087808206716e-03 -9.155921153871227416e-03
8.982161578675660962e+01 -5.160632626392915902e-03 -9.171744072417517199e-03
8.985312157192464610e+01 -5.155600074717082114e-03 -9.195727509228170810e-03
8.986889911639764250e+01 -5.153758134808399290e-03 -9.201042543133985258e-03
8.988468656901129350e+01 -5.150086623826446997e-03 -9.199812015248930511e-03
8.990046169475563431e+01 -5.148674950547108692e-03 -9.186949027716809560e-03
8.993191818527806447e+01 -5.140341688046309691e-03 -9.144375065233158878e-03
8.994762415626510688e+01 -5.137056305289465670e-03 -9.115492277982124511e-03
8.996332221206164093e+01 -5.133265986202943665e-03 -9.076904437380680507e-03
8.999470640245318975e+01 -5.131476984002690360e-03 -8.974164613922806441e-03
9.001040965791482051e+01 -5.129860844518395295e-03 -8.915981874736741281e-03
9.002610998206010606e+01 -5.128695820453962537e-03 -8.853738743753758120e-03
9.004181758697620808e+01 -5.128319953583557710e-03 -8.780230955762614864e-03
9.007329377101713419e+01 -5.125810023062719011e-03 -8.636049773546048205e-03
9.008904615577191066e+01 -5.127058755960237427e-03 -8.562365977838076736e-03
9.010482365340070032e+01 -5.124414341022036877e-03 -8.492190489645978432e-03
9.012061288030916728e+01 -5.126108429182691002e-03 -8.424686264821233325e-03
9.015215204653360104e+01 -5.126273996194281347e-03 -8.295211461839986644e-03
9.016787675896077303e+01 -5.124416846937710629e-03 -8.231546637757391344e-03
9.018359901901405351e+01 -5.126273983181743252e-03 -8.171846052504039282e-03
9.021499780055269468e+01 -5.124755330717650249e-03 -8.060139369214024824e-03
9.023068788971860954e+01 -5.126773378793517653e-03 -8.006109286994893964e-03
9.024638413321014241e+01 -5.129754930678614294e-03 -7.951059136246772449e-03
9.026208609113552939e+01 -5.132504308193095582e-03 -7.897410507085622297e-03
9.029349199175099727e+01 -5.136255596413868973e-03 -7.789132904221549025e-03
9.030922218465732954e+01 -5.139908671604302010e-03 -7.738704459463055171e-03
9.032496294815840088e+01 -5.138510578955582907e-03 -7.697060662000547622e-03
9.034071824592750488e+01 -5.140701951364669460e-03 -7.665593334367296063e-03
9.037228892691474869e+01 -5.143808835891158955e-03 -7.646327578964736034e-03
9.038805741910240954e+01 -5.143121525951321188e-03 -7.641570718228225464e-03
9.040382104530952745e+01 -5.143525203926438590e-03 -7.649695717601039981e-03
9.043527200723049475e+01 -5.146170487027749117e-03 -7.680990844841497495e-03
9.045097627699998100e+01 -5.146728860865383039e-03 -7.708384834927980468e-03
9.046667572594151352e+01 -5.146008252908407417e-03 -7.737551635233630952e-03
9.048236886142194635e+01 -5.146883576658558244e-03 -7.770157097582594541e-03
9.051376952495026273e+01 -5.154082007014807940e-03 -7.838079370427776527e-03
9.052947203591185144e+01 -5.156868307268499055e-03 -7.872601387134756448e-03
9.054518273548899288e+01 -5.157593870562602288e-03 -7.915433318358276737e-03
9.056091323754920097e+01 -5.161719842730084877e-03 -7.974585463874339294e-03
9.059240225768678556e+01 -5.159931144144011377e-03 -8.131076153799323206e-03
9.060817346126982841e+01 -5.160930282198115775e-03 -8.204375702885846611e-03
9.062396305209142611e+01 -5.159995778153618484e-03 -8.293097255039939830e-03
9.065550516749271992e+01 -5.155737127579955795e-03 -8.490635351658091384e-03
9.067124180430079150e+01 -5.158308622864458265e-03 -8.589881014176689936e-03
9.068697450324290799e+01 -5.154796970277391102e-03 -8.690650033998909008e-03
9.070268698344477798e+01 -5.153159228534228906e-03 -8.791899471595726601e-03
9.073408471877978343e+01 -5.150768409347901942e-03 -8.975505387868634721e-03
9.074978378275392288e+01 -5.151054890550888637e-03 -9.035316435700081750e-03
9.076548244013557110e+01 -5.152500973529964938e-03 -9.075763162358627123e-03
9.078117989494224105e+01 -5.153181254714140139e-03 -9.122066683894116540e-03
9.081262025645362712e+01 -5.152291773238599701e-03 -9.168082382944350850e-03
9.082834860417705158e+01 -5.147992736941743412e-03 -9.188007128110317265e-03
9.084410409018390453e+01 -5.145465055441970567e-03 -9.202202004950737341e-03
9.087567013567688434e+01 -5.141648237511121412e-03 -9.217537505371681608e-03
9.089143762320259157e+01 -5.137091407959102143e-03 -9.213146985009487352e-03
9.090720051313000738e+01 -5.133103767277101201e-03 -9.197279382170438569e-03
9.092292808228913259e+01 -5.131397338796987208e-03 -9.178655377348562960e-03
9.095434667768414272e+01 -5.122167052397846865e-03 -9.122133728096276997e-03
9.097003751280395534e+01 -5.120431375115309415e-03 -9.081229461714366083e-03
9.098572732999305401e+01 -5.117359204632644307e-03 -9.030722048584783473e-03
9.100142561020595622e+01 -5.115037355495476168e-03 -8.971408839790926196e-03
9.103283258323260441e+01 -5.115176312757429254e-03 -8.842717373023896432e-03
9.104855119471254454e+01 -5.115998081785339859e-03 -8.773260639658211554e-03
9.106429499108692482e+01 -5.114186886898253355e-03 -8.700222910670914189e-03
9.108003218448357075e+01 -5.113323767877838918e-03 -8.625169413923024567e-03
9.111158134649163287e+01 -5.113133528759963506e-03 -8.481980009693589756e-03
9.112737801086282730e+01 -5.114646150160167756e-03 -8.415261825716783411e-03
9.114313684443702357e+01 -5.113357123204736142e-03 -8.348122976532165382e-03
9.117461046796530866e+01 -5.111906517757232316e-03 -8.219538477139080174e-03
9.119032633768104290e+01 -5.113088405501225488e-03 -8.159637901835246204e-03
9.120602371710533873e+01 -5.111551328852396471e-03 -8.101534872946011129e-03
9.122171328593024953e+01 -5.113430906024837158e-03 -8.047605044068680338e-03
9.125310324790184779e+01 -5.114554904907089687e-03 -7.937029197116262508e-03
9.126880343370307003e+01 -5.116099069099227029e-03 -7.876941624666254638e-03
9.128450572547514241e+01 -5.119025584307283251e-03 -7.824923764991900677e-03
9.130022288589455570e+01 -5.124013777771156686e-03 -7.768342440475041119e-03
9.133170309931732334e+01 -5.127429948413409627e-03 -7.680073620303560188e-03
9.134747249375529066e+01 -5.130226142827744307e-03 -7.653622831215665424e-03
9.136325299195323169e+01 -5.129628625597178020e-03 -7.642508262654785188e-03
9.139480874609739658e+01 -5.132472693129632585e-03 -7.636282756752597531e-03
9.141054876960174624e+01 -5.133890677494971910e-03 -7.645259256926235231e-03
9.142628018573783777e+01 -5.131236611416244847e-03 -7.658949192521180387e-03
9.144199814684664318e+01 -5.134314725250692900e-03 -7.679935709994375505e-03
9.147339326752317845e+01 -5.135576268019709061e-03 -7.734720512503426466e-03
9.148908712984531633e+01 -5.136995746867069161e-03 -7.768392197451132533e-03
9.150478692844238537e+01 -5.137802975434141786e-03 -7.801495218996746389e-03
9.152048703485576198e+01 -5.139184313577153593e-03 -7.833564449618052317e-03
9.155191199017801296e+01 -5.145208266368043147e-03 -7.918834014436899188e-03
9.156765089872662600e+01 -5.145982517084139729e-03 -7.983862762548818784e-03
9.158338904035672101e+01 -5.148211075402627478e-03 -8.066065187681232401e-03
9.161492542691917151e+01 -5.147416805856986320e-03 -8.222796165969487384e-03
9.163071840417943292e+01 -5.147716371090503042e-03 -8.318921541293248026e-03
9.164649231648361649e+01 -5.146715092268543124e-03 -8.420321371519186651e-03
9.166223679560256699e+01 -5.145834936740698203e-03 -8.520527837122196177e-03
9.169370256692546661e+01 -5.142731999281596050e-03 -8.724533355704028326e-03
9.170941363747756725e+01 -5.143180691361202463e-03 -8.826608532473653387e-03
9.172511243133980940e+01 -5.141790497820155140e-03 -8.922863227863377100e-03
9.174080568303853056e+01 -5.141472698344399031e-03 -8.999489276547388561e-03
9.177219917931233795e+01 -5.139249267464908975e-03 -9.096643276451711960e-03
9.178789956579161924e+01 -5.138239178701858173e-03 -9.139825912157997431e-03
9.180361955108764960e+01 -5.137667209125621609e-03 -9.164190172743317056e-03
9.183509196390497209e+01 -5.136701227511946376e-03 -9.205174301869987336e-03
9.185085427976619599e+01 -5.134840998870920763e-03 -9.218285914694542005e-03
9.186662829339041991e+01 -5.129546236987182935e-03 -9.228736771335900937e-03
9.188242068176150212e+01 -5.127092381447978867e-03 -9.233476985191342579e-03
9.191392970063292012e+01 -5.119707521009320139e-03 -9.209106222229056227e-03
9.192965924116359133e+01 -5.115762281225767760e-03 -9.189850775030254659e-03
9.194536942889249076e+01 -5.113125359810191672e-03 -9.163736691310165813e-03
9.196106648602335554e+01 -5.111228503238892176e-03 -9.128510396901622082e-03
9.199244908359571582e+01 -5.105944711372806429e-03 -9.029662331956908941e-03
9.200814703963362717e+01 -5.104190871397974380e-03 -8.970086803657120397e-03
9.202384791695521926e+01 -5.102593585740993788e-03 -8.910759649620644471e-03
9.205528336467823181e+01 -5.100660551364723759e-03 -8.765599870427966470e-03
9.207103052012216438e+01 -5.100573634878540971e-03 -8.690138051655679763e-03
9.208677852653586626e+01 -5.101759892832019236e-03 -8.614910299392748369e-03
9.210255234582905359e+01 -5.099365317931233224e-03 -8.541861973682628867e-03
9.213412232112909805e+01 -5.099306313199204917e-03 -8.404821508110059056e-03
9.214988902950888416e+01 -5.100621020283096010e-03 -8.337809046477611535e-03
9.216561236376477950e+01 -5.097582863876340929e-03 -8.270734997804616781e-03
9.218133841806464090e+01 -5.099223106287732038e-03 -8.207927729329992511e-03
9.221273975811436685e+01 -5.099153570789882739e-03 -8.090155940321737058e-03
9.222842906713977129e+01 -5.101631545261472826e-03 -8.033032729396059890e-03
9.224412564819462546e+01 -5.102995948321342387e-03 -7.975054103191943355e-03
9.227552371519847441e+01 -5.105830719191400448e-03 -7.858886598084093358e-03
9.229122759607601267e+01 -5.108466953928235757e-03 -7.804702046293911580e-03
9.230695451505003746e+01 -5.110703793063713953e-03 -7.749711407398544860e-03
9.232269869809761076e+01 -5.111939451685119234e-03 -7.703269865042413136e-03
9.235422472887074719e+01 -5.114477668671979851e-03 -7.643751116667335359e-03
9.237001327779361759e+01 -5.117301502862016231e-03 -7.635379966238355250e-03
9.238578876614838009e+01 -5.117214446219403579e-03 -7.630625617836665764e-03
9.240155535564828426e+01 -5.119422941147981805e-03 -7.633424033731879034e-03
9.243300780612237588e+01 -5.120744161846341874e-03 -7.657169001051682307e-03
9.244871440970153742e+01 -5.121275837051177289e-03 -7.679694892250265789e-03
9.246441530241082774e+01 -5.120015425883943025e-03 -7.703974672563669406e-03
9.248010771437340338e+01 -5.122927156967518186e-03 -7.734033705926592756e-03
9.251150921653601245e+01 -5.128591485119888757e-03 -7.796166307831350895e-03
9.252720921363548712e+01 -5.129900168261206789e-03 -7.830843176587082288e-03
9.254291486494449259e+01 -5.132056173329648668e-03 -7.867670941906101945e-03
9.257438133904527433e+01 -5.133782894731699249e-03 -7.995883345687028118e-03
9.259013131349243508e+01 -5.135937155464991716e-03 -8.082048487547564483e-03
9.260590347653878496e+01 -5.134477676499235241e-03 -8.158572449381458480e-03
9.262168507566919118e+01 -5.135253610836906443e-03 -8.244967973950032350e-03
9.265323788046264042e+01 -5.132489282143737688e-03 -8.450015134873971323e-03
9.266897579483827485e+01 -5.131518208189476786e-03 -8.552143804604546082e-03
9.268470740558180410e+01 -5.130823217668598925e-03 -8.655400847168537304e-03
9.270042293971641811e+01 -5.130030083796678630e-03 -8.759858149882299855e-03
9.273182419797264231e+01 -5.127057252815587010e-03 -8.954468818958935539e-03
9.274752282020895677e+01 -5.128699817815694090e-03 -9.021746951074926038e-03
9.276322160086895963e+01 -5.129856790002294831e-03 -9.067249501975883919e-03
9.279462572159211220e+01 -5.127249530452760232e-03 -9.157549533255529214e-03
9.281035272426909444e+01 -5.128833983513442739e-03 -9.177905544216649267e-03
9.282608301082333924e+01 -5.123380261472097741e-03 -9.202491475981559865e-03
9.284183239738381133e+01 -5.121670520966240675e-03 -9.222265222458765274e-03
9.287339123665741170e+01 -5.116438413040849849e-03 -9.247416351411907876e-03
9.288916578101546406e+01 -5.112093605333486307e-03 -9.249304503688755494e-03
9.290493579269563895e+01 -5.108126646920129604e-03 -9.238285267749809029e-03
9.292066415143744962e+01 -5.107607766448481190e-03 -9.222610120340124160e-03
9.295208509408806208e+01 -5.098518701913763891e-03 -9.173273936500518644e-03
9.296777780329459517e+01 -5.095006437835947199e-03 -9.135141619446222883e-03
9.298346603726236026e+01 -5.091956179953040229e-03 -9.087629673440211428e-03
9.301486405048484585e+01 -5.090798482253086100e-03 -8.970864773060718139e-03
9.303056795000398438e+01 -5.091245718286500042e-03 -8.902187064513358838e-03
9.304628492212619051e+01 -5.089351914607988074e-03 -8.830548366971675833e-03
9.306202247252663540e+01 -5.090286934704766134e-03 -8.757734589104134923e-03
9.309352582510842922e+01 -5.085395976020896415e-03 -8.604876612357564847e-03
9.310930718914302417e+01 -5.086893568501235988e-03 -8.533084488245610416e-03
9.312510644658766523e+01 -5.086634568735212171e-03 -8.463604541986715496e-03
9.314086446035678080e+01 -5.085379245300957612e-03 -8.394087814395892466e-03
9.317234355030876713e+01 -5.086321573427257485e-03 -8.259279652473913019e-03
9.318806234122691023e+01 -5.084213697885484398e-03 -8.195842158600762789e-03
9.320375733648931771e+01 -5.083327001606642234e-03 -8.134260717300990234e-03
9.323514032234776039e+01 -5.084677172749530946e-03 -8.019196922951324011e-03
9.325083855278354861e+01 -5.086054940536380992e-03 -7.961256269256984652e-03
9.326653933630500148e+01 -5.088889123513939614e-03 -7.899944202024297354e-03
9.328224056890586269e+01 -5.093197607468659405e-03 -7.843955157977840556e-03
9.331369383557499475e+01 -5.098032948567098738e-03 -7.732983718666488863e-03
9.332943027764271449e+01 -5.099127673526313020e-03 -7.687043771508398141e-03
9.334519689823724775e+01 -5.100618020659577687e-03 -7.653340577172281986e-03
9.336097733140907451e+01 -5.103036193649745575e-03 -7.635815294028551296e-03
9.339253227563398241e+01 -5.104916867085612653e-03 -7.625085300039378955e-03
9.340828205680003293e+01 -5.105324683911146091e-03 -7.629755570462814357e-03
9.342401036359945010e+01 -5.105960275224558087e-03 -7.640093906002587767e-03
9.345543231998567535e+01 -5.106189243756071444e-03 -7.678556390859313241e-03
9.347112575936937162e+01 -5.108681488931645504e-03 -7.703359679502187057e-03
9.348681932246024928e+01 -5.109173400793831990e-03 -7.732283794240976324e-03
9.350251919855342919e+01 -5.110325296264152731e-03 -7.762458737922629110e-03
9.353392375992201835e+01 -5.115789894249474744e-03 -7.826707352579669041e-03
9.354964124355157651e+01 -5.120163668394903285e-03 -7.871435861252190636e-03
9.356538044630956108e+01 -5.119997621193867442e-03 -7.932068066515130661e-03
9.358111311543866861e+01 -5.121949378887814992e-03 -8.012991038399735338e-03
9.361264949234541177e+01 -5.122277656535671048e-03 -8.178113959195593488e-03
9.362844263275789558e+01 -5.123247445494511984e-03 -8.271863250426633382e-03
9.364421259158777389e+01 -5.121543656838273978e-03 -8.377912125616407413e-03
9.367570574864788568e+01 -5.117354019796935098e-03 -8.586314451349488439e-03
9.369143406307888711e+01 -5.118615196553211177e-03 -8.691574714283856543e-03
9.370714709814070886e+01 -5.116308001050875499e-03 -8.797540073771125888e-03
9.372284382588163965e+01 -5.116075613689930780e-03 -8.898978453160679217e-03
9.375423558225298848e+01 -5.114404998081331470e-03 -9.040917611872827456e-03
9.376993337691656905e+01 -5.113393566916594329e-03 -9.090394920710604884e-03
9.378563324501008935e+01 -5.112949552021197296e-03 -9.141463786038006231e-03
9.380134990820172902e+01 -5.114129943670538657e-03 -9.173454364503392036e-03
9.383281657722859848e+01 -5.110829151014186292e-03 -9.222722081479919204e-03
9.384857822351574441e+01 -5.110666578715723600e-03 -9.241082731061686303e-03
9.386434992006306288e+01 -5.104495464889742713e-03 -9.256750903439166581e-03
9.388014425266807450e+01 -5.103328632233649839e-03 -9.266995607487692188e-03
9.391166018058790144e+01 -5.096455502085699141e-03 -9.252401453165998158e-03
9.392739074517598397e+01 -5.090051198040052190e-03 -9.236838654601529919e-03
9.394310554989588979e+01 -5.088775250507607088e-03 -9.214786106814981323e-03
9.397449046917039084e+01 -5.082250649630572388e-03 -9.142071400182184143e-03
9.399017929001175276e+01 -5.080056932529277217e-03 -9.088935314431726559e-03
9.400587672132340344e+01 -5.077416006004627745e-03 -9.028558915861965156e-03
9.402157811670616638e+01 -5.075105170810141099e-03 -8.970979092176614017e-03
9.405300989924786847e+01 -5.073824986713203547e-03 -8.825991668724397082e-03
9.406875677696699256e+01 -5.073469214481040289e-03 -8.750026935704964190e-03
9.408450353051448189e+01 -5.073984017253281402e-03 -8.672673227572591514e-03
9.410027438995891202e+01 -5.074516359971827789e-03 -8.596695692278711470e-03
9.413184941991406163e+01 -5.071765797533510367e-03 -8.455319644276005145e-03
9.414761372044684151e+01 -5.071765839381119079e-03 -8.385200117767027672e-03
9.416334046091131427e+01 -5.071106106787427563e-03 -8.315448757508978744e-03
9.419477521972484624e+01 -5.070497426494647956e-03 -8.184338541860777805e-03
9.421047168180972164e+01 -5.072740349551698412e-03 -8.124463634654507938e-03
9.422616277675676599e+01 -5.072749783197357323e-03 -8.065574295352278059e-03
9.424185594080319106e+01 -5.073227640874432981e-03 -8.004428991988074213e-03
9.427325220709337827e+01 -5.075773549875515350e-03 -7.883266564170010940e-03
9.428895527308232261e+01 -5.078034079186599485e-03 -7.825599671035314911e-03
9.430467939770622365e+01 -5.080535244104980759e-03 -7.767326190409457910e-03
9.432042492660339406e+01 -5.083585471913022388e-03 -7.716801334654787084e-03
9.435194299742904889e+01 -5.087895846510644832e-03 -7.643483958247179917e-03
9.436772938649080800e+01 -5.088675522985250561e-03 -7.629468071048430521e-03
9.438351205703449409e+01 -5.089673489906509744e-03 -7.623518513061615029e-03
9.441500425670821528e+01 -5.090397772922855904e-03 -7.626548155497570036e-03
9.443073405297707268e+01 -5.092642029749965167e-03 -7.639409125401909126e-03
9.444644388826448278e+01 -5.093122218667985902e-03 -7.656494742618090953e-03
9.446214458054400609e+01 -5.094696492310712282e-03 -7.677979478812082571e-03
9.449353527409660103e+01 -5.098919524878276627e-03 -7.731770193715297931e-03
9.450923598712053320e+01 -5.100243835577377219e-03 -7.759531592488437719e-03
9.452493414091060231e+01 -5.101965750263954234e-03 -7.792810502987946274e-03
9.454063928824591301e+01 -5.104370669545808988e-03 -7.825977408641193386e-03
9.457210673421694480e+01 -5.107880522312698707e-03 -7.944791773216573760e-03
9.458785114863215426e+01 -5.110659684362518947e-03 -8.032060700191712491e-03
9.460362039466203044e+01 -5.108114374483308483e-03 -8.115991476763298462e-03
9.463518258592823429e+01 -5.107815188666905808e-03 -8.301982419839547961e-03
9.465095923033518943e+01 -5.108688159233487625e-03 -8.409952882407010361e-03
9.466669616930965958e+01 -5.104374279146438667e-03 -8.516140748514573408e-03
9.468243177629663876e+01 -5.105278288472169315e-03 -8.622315275897015491e-03
9.471385954301510424e+01 -5.102090737546706098e-03 -8.836442613999521273e-03
9.472955340850894856e+01 -5.103711911289706381e-03 -8.934402462360350669e-03
9.474525140521775768e+01 -5.104668130319882195e-03 -9.008804291176770659e-03
9.476095258688391709e+01 -5.104030201939288927e-03 -9.059660670899635088e-03
9.479234975123395657e+01 -5.101845894912300332e-03 -9.162235262812561121e-03
9.480807546621481663e+01 -5.101298258372870612e-03 -9.188643050737499082e-03
9.482380835563090216e+01 -5.098250442603726590e-03 -9.216493976566809271e-03
9.485532257675590984e+01 -5.092709464346671308e-03 -9.261750206965299950e-03
9.487110107942994830e+01 -5.091170997848829503e-03 -9.278239105076174081e-03
9.488688413447658832e+01 -5.086742026505147035e-03 -9.286205912908844506e-03
9.490265883964070781e+01 -5.084544790026008891e-03 -9.281212393034726782e-03
9.493411368264362693e+01 -5.077410806954805143e-03 -9.251930902816077329e-03
9.494981584037221012e+01 -5.073864901423560773e-03 -9.226969834134228499e-03
9.496551042106145246e+01 -5.068811708057918176e-03 -9.191948311116733203e-03
9.498119664952557173e+01 -5.066825037576827562e-03 -9.148345419977816848e-03
9.501259138772260826e+01 -5.065909996634265951e-03 -9.030864369755496612e-03
9.502829645250440649e+01 -5.064174741934070016e-03 -8.966903900450847592e-03
9.504400540370374983e+01 -5.062368984141051020e-03 -8.892078671726966893e-03
9.507548325652894050e+01 -5.058305205780933879e-03 -8.742527246790376266e-03
9.509124234818254706e+01 -5.057983175990672826e-03 -8.664267557616525672e-03
9.510702373565415257e+01 -5.057801697051169179e-03 -8.589713866941184328e-03
9.512281996161024722e+01 -5.057686827834484596e-03 -8.517635350271038699e-03
9.515434487279370046e+01 -5.055153250136112074e-03 -8.375073377557572252e-03
9.517006873741746631e+01 -5.057087534667019033e-03 -8.305272410849448908e-03
9.518578614624630063e+01 -5.055937951848237313e-03 -8.238703194853013931e-03
9.520148294868887717e+01 -5.055822548534505759e-03 -8.173173187387252139e-03
9.523286733634897416e+01 -5.055224101857678197e-03 -8.052563090508085830e-03
9.524856460916612377e+01 -5.057756445119954841e-03 -7.990829422020156309e-03
9.526426514391151557e+01 -5.061426612680005634e-03 -7.928491465032211707e-03
9.529567787872471740e+01 -5.066268690979586556e-03 -7.806855743099220743e-03
9.531141076273364376e+01 -5.070870429832652869e-03 -7.751331564135253462e-03
9.532714987165797993e+01 -5.069103554139922467e-03 -7.701219275332565374e-03
9.534291105222284557e+01 -5.070617368505543274e-03 -7.660679084643860597e-03
9.537448884014354178e+01 -5.075481728547219691e-03 -7.623537777639120307e-03
9.539024811857238717e+01 -5.075543252872397569e-03 -7.619527242979001573e-03
9.540600567066535120e+01 -5.075199650433090057e-03 -7.619107591140087364e-03
9.542173014208742643e+01 -5.079609142488302961e-03 -7.625542675643631231e-03
9.545315334787598260e+01 -5.078570734672312702e-03 -7.656806903718547420e-03
9.546884943889313035e+01 -5.080203622854885005e-03 -7.677675315248385680e-03
9.548454226042730397e+01 -5.080511152777415947e-03 -7.701580022072818804e-03
9.550024194755781082e+01 -5.082644436598329415e-03 -7.730077692790960145e-03
9.553164615361444589e+01 -5.090752694269918069e-03 -7.790064546929628513e-03
9.554736233473889229e+01 -5.092902819648908487e-03 -7.830130426336507146e-03
9.556309720161235077e+01 -5.094908435883629093e-03 -7.886982432945005214e-03
9.559459106799648964e+01 -5.095180243299766987e-03 -8.051055763239955282e-03
9.561036298667160338e+01 -5.096679607915247448e-03 -8.136412038638619199e-03
9.562615669892224446e+01 -5.096780301144579299e-03 -8.226108692862860172e-03
9.564192353267519309e+01 -5.094790434508931522e-03 -8.333834857256472439e-03
9.567342415454638171e+01 -5.093572321450823628e-03 -8.552049729402048245e-03
9.568915650890055247e+01 -5.091997316414350466e-03 -8.661051914160920046e-03
9.570486606127664686e+01 -5.089342331528379573e-03 -8.769836440259595745e-03
9.572056639191812621e+01 -5.089751462292534112e-03 -8.875970481678072815e-03
9.575195880080576671e+01 -5.087820337775055164e-03 -9.030922694979692106e-03
9.576765796477022263e+01 -5.087736792479122076e-03 -9.083430518938997653e-03
9.578335695086637713e+01 -5.088511523334470800e-03 -9.141102148222677096e-03
9.581480388677736926e+01 -5.086374840792939021e-03 -9.206434836425265306e-03
9.583053110152184217e+01 -5.084966931280764102e-03 -9.239129896105237327e-03
9.584629122933996825e+01 -5.082902157952704988e-03 -9.262730348612198406e-03
9.586206238532041368e+01 -5.079877856538903176e-03 -9.283534925259155288e-03
9.589362560951181536e+01 -5.073535999727570370e-03 -9.305959269370132902e-03
9.590938140608683682e+01 -5.070651411169533121e-03 -9.296525763932177860e-03
9.592511222746558985e+01 -5.064884263418483606e-03 -9.284881360539148920e-03
9.594083162720637858e+01 -5.063383324129974022e-03 -9.266835179580011628e-03
9.597221452960820898e+01 -5.055832226007360083e-03 -9.201033231185306097e-03
9.598790224245291824e+01 -5.052938478664658999e-03 -9.151612330984102914e-03
9.600359849316832594e+01 -5.049814262792769008e-03 -9.091450997881122403e-03
9.603500452224585615e+01 -5.046359488816044327e-03 -8.961707478062614848e-03
9.605072629071970880e+01 -5.047768560492138165e-03 -8.888870682801487330e-03
9.606647174949002022e+01 -5.045471021506537160e-03 -8.813978717806833160e-03
9.608221449488223698e+01 -5.045394047568851556e-03 -8.735183784891525569e-03
9.611377015620992381e+01 -5.042963573668303098e-03 -8.582708401478069196e-03
9.612956532205690507e+01 -5.044172664257004848e-03 -8.510528910598450653e-03
9.614532488534287324e+01 -5.043248213793576767e-03 -8.437380428429522294e-03
9.616106042479310645e+01 -5.043754609796104356e-03 -8.364766032604331603e-03
9.619249761362583229e+01 -5.042157913216494848e-03 -8.227153214941910694e-03
9.620819486140840127e+01 -5.042543395512682526e-03 -8.163557321842429548e-03
9.622388332831089031e+01 -5.042060983381533440e-03 -8.102675564496057692e-03
9.625527215310407314e+01 -5.043902274899216519e-03 -7.977806123631900337e-03
9.627097167690270396e+01 -5.044915527534015245e-03 -7.911713177548287609e-03
9.628667440362355023e+01 -5.046939648928420834e-03 -7.851383118919674428e-03
9.630239515382272941e+01 -5.051023506233779693e-03 -7.789257230625947111e-03
9.633388372159598134e+01 -5.056810140947937474e-03 -7.686511677538547874e-03
9.634965366364893669e+01 -5.060584978000346422e-03 -7.650017639715915932e-03
9.636543699654605177e+01 -5.059139228827095117e-03 -7.628217023721141007e-03
9.638122615384291691e+01 -5.061333863581604989e-03 -7.619108937436759599e-03
9.641271974211315410e+01 -5.063896540897176030e-03 -7.615938846954922042e-03
9.642845004697302613e+01 -5.063335375847817683e-03 -7.624620735982146243e-03
9.644416296696383029e+01 -5.065527713317870273e-03 -7.639013267430290639e-03
9.647555697457767110e+01 -5.068675925555968589e-03 -7.676728280988602028e-03
9.649125099889516832e+01 -5.070299961128419373e-03 -7.702352930577339996e-03
9.650695057311583014e+01 -5.071773095224786296e-03 -7.729206775322901984e-03
9.652265013187614784e+01 -5.073120252878447756e-03 -7.757704300011897952e-03
9.655407947347188724e+01 -5.078165483930141555e-03 -7.837101642586410261e-03
9.656982088718416435e+01 -5.080739005148604548e-03 -7.897518240040824963e-03
9.658556263397012742e+01 -5.083335145257119290e-03 -7.979086911194210180e-03
9.660132830443953367e+01 -5.083742751664721386e-03 -8.070835091466711103e-03
9.663289318215078083e+01 -5.081754512310472649e-03 -8.255010997240776194e-03
9.664867049949282318e+01 -5.081976234986240737e-03 -8.366988180536175101e-03
9.666440742708833511e+01 -5.079069083558458188e-03 -8.479045482691981162e-03
9.668014587320068642e+01 -5.078420028396639363e-03 -8.589369058582442193e-03
9.671157742775662314e+01 -5.078068648139207920e-03 -8.810221666244627201e-03
9.672727262375647683e+01 -5.078836666218970383e-03 -8.913797831416193918e-03
9.674297144204635401e+01 -5.078189918395462424e-03 -8.994419014761934755e-03
9.677436378458970978e+01 -5.076250131492539112e-03 -9.110797575664183329e-03
9.679006531997207219e+01 -5.075206144287440144e-03 -9.163444696156625158e-03
9.680578835942738181e+01 -5.073792187397972719e-03 -9.197757279654571183e-03
9.682152359488205207e+01 -5.072937325758209923e-03 -9.227964547742240412e-03
9.685302760527092403e+01 -5.067507660017916797e-03 -9.283900737470133016e-03
9.686880331140829981e+01 -5.065156822428177989e-03 -9.306652191138591393e-03
9.688459167771054581e+01 -5.061384019876468895e-03 -9.320779841984561456e-03
9.690036986925112217e+01 -5.059945851536976937e-03 -9.322034730985841178e-03
9.693183081266788292e+01 -5.050955351936339648e-03 -9.301410825503056076e-03
9.694753791491375239e+01 -5.047472675677235412e-03 -9.280789344316671755e-03
9.696323361937822938e+01 -5.043153093348564861e-03 -9.249788804446113996e-03
9.699461051817083046e+01 -5.040163037983221017e-03 -9.154298027239883909e-03
9.701031095963863038e+01 -5.037922276543658866e-03 -9.093013879796251961e-03
9.702601006909624459e+01 -5.035960692799964881e-03 -9.033291243714399940e-03
9.704171668434639741e+01 -5.034757622399715048e-03 -8.957662662401418355e-03
9.707319491996227612e+01 -5.030767292658194778e-03 -8.807737463768275030e-03
9.708894913649740488e+01 -5.031356202210265742e-03 -8.727069857619994611e-03
9.710472930983404183e+01 -5.027970884821305296e-03 -8.650052756389182279e-03
9.712052155810060583e+01 -5.028959175411728058e-03 -8.575697053238538758e-03
9.715205790002816855e+01 -5.028110465011095299e-03 -8.427928371440710983e-03
9.716778093765314850e+01 -5.025904379336799260e-03 -8.354533810776568203e-03
9.718350167693886021e+01 -5.027307458547656399e-03 -8.284671938526900689e-03
9.721489550401828694e+01 -5.025300224147054122e-03 -8.153840285336977009e-03
9.723058431282764502e+01 -5.027133499947112824e-03 -8.089417846574280951e-03
9.724627979271355116e+01 -5.029644465972878120e-03 -8.024119996390582585e-03
9.726198177391006539e+01 -5.032182868582063540e-03 -7.960227413500471985e-03
9.729338738238011786e+01 -5.036294373319158760e-03 -7.833081990640960307e-03
9.730911784371231477e+01 -5.040083673763923015e-03 -7.773146346516972977e-03
9.732486040150148199e+01 -5.039027665840749466e-03 -7.719785672586674564e-03
9.734061612706780409e+01 -5.041569116784206522e-03 -7.673569446965250278e-03
9.737218951154778779e+01 -5.045935050536905046e-03 -7.621169026552165535e-03
9.738795566632029477e+01 -5.045942957763566682e-03 -7.616067260328626513e-03
9.740371744879217886e+01 -5.047130040624845000e-03 -7.611434967889563891e-03
9.743516317681635996e+01 -5.050834121599433353e-03 -7.623873488332945023e-03
9.745086561645962320e+01 -5.051857610036523775e-03 -7.638745525164919101e-03
9.746656361902867616e+01 -5.051320722608868344e-03 -7.655596634899675124e-03
9.748225589367072530e+01 -5.052573830539689413e-03 -7.676090697698700893e-03
9.751365671106732691e+01 -5.060074615539688139e-03 -7.727639879826844749e-03
9.752935991269178828e+01 -5.063361832002347823e-03 -7.757361287265742388e-03
9.754507072738552154e+01 -5.064461408728732419e-03 -7.791864861603352808e-03
9.756080223884050895e+01 -5.068848631359431679e-03 -7.844858247788372846e-03
9.759229330132539815e+01 -5.067893503056418100e-03 -7.998416639716820695e-03
9.760806548629457779e+01 -5.069268379619919739e-03 -8.091537814171692947e-03
9.762385602820016572e+01 -5.068803238019415139e-03 -8.181239150268205737e-03
9.765539648857075861e+01 -5.065274771222046980e-03 -8.401350482003041784e-03
9.767113233259892979e+01 -5.068150177737356515e-03 -8.514980908953051833e-03
9.768686426696767455e+01 -5.065092838937787501e-03 -8.628242893501999328e-03
9.770257591999535407e+01 -5.063689650336940240e-03 -8.739976624723319945e-03
9.773397279677946869e+01 -5.061525975410941132e-03 -8.947976207742592072e-03
9.774967238409313097e+01 -5.061991075911609524e-03 -9.018141188608707129e-03
9.776537189439621045e+01 -5.063515776533565084e-03 -9.074237047967059766e-03
9.778106995211399521e+01 -5.064079469286279084e-03 -9.136521133014049306e-03
9.781251039120512303e+01 -5.063192036507687711e-03 -9.214541231729225790e-03
9.782823801183552348e+01 -5.058602765343100244e-03 -9.250266114180439453e-03
9.784399282184155311e+01 -5.056060714237702210e-03 -9.280388288339477820e-03
9.787555662956644653e+01 -5.051480886244928692e-03 -9.329030624842020447e-03
9.789132607789446183e+01 -5.046706721990661462e-03 -9.341402368221000951e-03
9.790709197176018108e+01 -5.042626417098401530e-03 -9.338097542953184213e-03
9.792282198708811336e+01 -5.040640387404969960e-03 -9.330234742283451468e-03
9.795424374860876071e+01 -5.030901249916779928e-03 -9.293875628673101477e-03
9.796993152081128642e+01 -5.028528370416931494e-03 -9.259939927536141660e-03
9.798561721784774647e+01 -5.025040538610427675e-03 -9.213920000462134247e-03
9.800131227247533161e+01 -5.022406179424758130e-03 -9.155844249176078864e-03
9.803271547134983166e+01 -5.020758924277177529e-03 -9.027661673491492803e-03
9.804843258043530341e+01 -5.020813582119370774e-03 -8.954156350015975846e-03
9.806417694951311148e+01 -5.018579547635026311e-03 -8.879649315625152625e-03
9.809568688762766442e+01 -5.015693438526363547e-03 -8.719340096519551803e-03
9.811147079656973347e+01 -5.015077628215416049e-03 -8.643118089958375799e-03
9.812726933146308284e+01 -5.015741443839737308e-03 -8.568252238388654463e-03
9.814302568892576062e+01 -5.013791669103460219e-03 -8.492308214505521480e-03
9.817449705988775577e+01 -5.011551656496283057e-03 -8.344216468844194157e-03
9.819021075847800262e+01 -5.012220335047379988e-03 -8.273573646390128267e-03
9.820590513142838063e+01 -5.010159981673948000e-03 -8.205726054521793322e-03
9.822159319826842250e+01 -5.011656144134121922e-03 -8.142191449465112710e-03
9.825298165635183523e+01 -5.012514951011649671e-03 -8.010709451803566319e-03
9.826868221561088035e+01 -5.014019539915973676e-03 -7.942143754398592673e-03
9.828438442327878022e+01 -5.016976312501395668e-03 -7.879312840080464689e-03
9.830010112307499526e+01 -5.022094066598128438e-03 -7.814340533651582474e-03
9.833158344456029454e+01 -5.026141628958034555e-03 -7.704298049547918768e-03
9.834735352772025863e+01 -5.029295264528535828e-03 -7.661670656362785069e-03
9.836313567179793438e+01 -5.029425161047452845e-03 -7.631729767494798040e-03
9.839468838091772795e+01 -5.033590379819903940e-03 -7.611561151968044246e-03
9.841042672776681854e+01 -5.035567743996577361e-03 -7.607068435943969975e-03
9.842615511969123077e+01 -5.033753758780837827e-03 -7.612033454063239953e-03
9.844187048828250397e+01 -5.037300898437163839e-03 -7.622886945132479816e-03
9.847326265543145496e+01 -5.039240998193657457e-03 -7.654343209897615866e-03
9.848895571651947023e+01 -5.040924582186916310e-03 -7.676716465956310090e-03
9.850465592530845527e+01 -5.041970925520157694e-03 -7.701596049986180782e-03
9.852035635064039809e+01 -5.043579227453823428e-03 -7.726488467861170051e-03
9.855178221954773221e+01 -5.050466437626102874e-03 -7.798033715752579823e-03
9.856752254850876227e+01 -5.051708323208553043e-03 -7.855138560564448383e-03
9.858326144301001648e+01 -5.054317404793716786e-03 -7.927960557703719532e-03
9.861479998999124064e+01 -5.054336474610515370e-03 -8.114665449028187968e-03
9.863059305848230451e+01 -5.055146500769804041e-03 -8.208152032265008183e-03
9.864636570198489096e+01 -5.054524217111014406e-03 -8.318662279758038888e-03
9.866210975787117832e+01 -5.054138591126181544e-03 -8.436760300460074968e-03
9.869357430864189951e+01 -5.051583399933621925e-03 -8.668067109458192296e-03
9.870928415377393605e+01 -5.052118838056731190e-03 -8.781760719984236727e-03
9.872498210951566477e+01 -5.050804714399600992e-03 -8.890349788415302310e-03
9.874067551233763140e+01 -5.050647055335440345e-03 -8.977194966198259393e-03
9.877207038746641388e+01 -5.048516422557264641e-03 -9.101960226638169255e-03
9.878777126566478728e+01 -5.047579706043166595e-03 -9.160188656097420848e-03
9.880349170026255479e+01 -5.047029639319732322e-03 -9.202602016824290923e-03
9.883496247033852455e+01 -5.045643163828065526e-03 -9.271651229547765022e-03
9.885072413360423127e+01 -5.043747916065107785e-03 -9.301541426309293398e-03
9.886649685852259495e+01 -5.038024839656263243e-03 -9.330076965415576989e-03
9.888228991277148339e+01 -5.035270403180206779e-03 -9.350589398117958168e-03
9.891380429447296763e+01 -5.027564030852697992e-03 -9.355112808426359339e-03
9.892953583608405665e+01 -5.023250339083788762e-03 -9.347969688373073197e-03
9.894524929080085940e+01 -5.020541520218963286e-03 -9.332372537221621592e-03
9.896094557048756712e+01 -5.018049819696606718e-03 -9.305928412961071358e-03
9.899232092630010982e+01 -5.011738458047411589e-03 -9.217321750309048073e-03
9.900801572607846879e+01 -5.009378788533537172e-03 -9.156103130691631634e-03
9.902371430760813098e+01 -5.006959665555059912e-03 -9.098253988699945422e-03
9.905514597450469694e+01 -5.003300997152022866e-03 -8.950448314313748377e-03
9.907089476024862051e+01 -5.002484656572470621e-03 -8.873065264365462973e-03
9.908664491018910780e+01 -5.003143431891962992e-03 -8.791858521207422325e-03
9.910242127870660056e+01 -5.000238624158007995e-03 -8.712116032796552584e-03
9.913399394931894903e+01 -4.998575740835502212e-03 -8.559465034128684729e-03
9.914975904157815023e+01 -4.999079338417789474e-03 -8.483347436625382140e-03
9.916548064592026890e+01 -4.995867861588744116e-03 -8.406692821625739998e-03
9.918120551179612221e+01 -4.996993934718127472e-03 -8.333609178452690627e-03
9.921260179359418885e+01 -4.996306866519206920e-03 -8.195649395740038992e-03
9.922828947697705360e+01 -4.998489318035632609e-03 -8.128139806365990844e-03
9.924398515676423926e+01 -4.999294783669031191e-03 -8.060101448501616125e-03
9.927538367348888926e+01 -5.001981715487150391e-03 -7.924414499453852692e-03
9.929108729173033510e+01 -5.004747364322720792e-03 -7.860674901357339248e-03
9.930681410955541821e+01 -5.007239890221793985e-03 -7.797323055459849488e-03
9.932255980006274854e+01 -5.008896863915233283e-03 -7.741084590055118120e-03
9.935408749632910030e+01 -5.012456719123131905e-03 -7.650712119396786345e-03
9.936987769818875904e+01 -5.015766885295458964e-03 -7.623233473649081854e-03
9.938565053039444308e+01 -5.016473946739029646e-03 -7.612795398929083669e-03
9.940141509589123814e+01 -5.019473830749714670e-03 -7.607285408227574229e-03
9.943286206591665177e+01 -5.022027813949830367e-03 -7.610290095689382223e-03
9.944856665830155862e+01 -5.023083685185134560e-03 -7.621738277612075986e-03
9.946426580387132788e+01 -5.022474466600983407e-03 -7.635990075119159642e-03
9.949565406507392140e+01 -5.028860960571123091e-03 -7.676507637280486143e-03
9.951135857675708962e+01 -5.031445619401553326e-03 -7.699757856046423633e-03
9.952705864938569391e+01 -5.033300250492407299e-03 -7.728253419054647785e-03
9.954276484518061352e+01 -5.035965495979016424e-03 -7.756487359707930386e-03
9.957423367378268608e+01 -5.038504143219461537e-03 -7.867585002818231615e-03
9.958998425333857085e+01 -5.041050143389857324e-03 -7.944675589595658755e-03
9.960575728614337265e+01 -5.040031197198225135e-03 -8.038938744473802731e-03
9.962153998294121493e+01 -5.041376987530371903e-03 -8.137856491629324659e-03
9.965309165912684364e+01 -5.039519495536495634e-03 -8.352127617955767275e-03
9.966882863929889425e+01 -5.038639178273518482e-03 -8.473374483984295880e-03
9.968455996008567865e+01 -5.038585414686331219e-03 -8.592608507889985120e-03
9.970027447699342815e+01 -5.038035454337712153e-03 -8.708728831334758627e-03
9.973167421925765552e+01 -5.035443497459832565e-03 -8.927021456770546995e-03
9.974737302578884623e+01 -5.037197112877759425e-03 -9.003463364623560256e-03
9.976307251419663658e+01 -5.038332089267351724e-03 -9.062221411860233930e-03
9.979447723259154657e+01 -5.035730995590263423e-03 -9.184157432785304206e-03
9.981020466346541298e+01 -5.037061773651750098e-03 -9.218960818898501094e-03
9.982593429073459390e+01 -5.031587460876055760e-03 -9.257224926272119431e-03
9.984168249887872548e+01 -5.029934738995351685e-03 -9.292797086789801250e-03
9.987323918936868949e+01 -5.023743324746351123e-03 -9.353481694272759370e-03
9.988901607358194212e+01 -5.019138710119942261e-03 -9.372055492566290502e-03
9.990478877773747968e+01 -5.015090303054994120e-03 -9.376135230690241934e-03
9.992052013394366838e+01 -5.014062386304408286e-03 -9.372786756937492858e-03
9.995194602048690058e+01 -5.004600889323981318e-03 -9.346614451868021783e-03
9.996763715291612584e+01 -5.000490199707627835e-03 -9.316992350894328853e-03
9.998332152933444661e+01 -4.997187560915512111e-03 -9.275177484819879456e-03
