1.700008078480786708e+03 -3.272341036129944314e-03 -9.152451218401474672e-03
1.700023689069859529e+03 -3.270047862682569362e-03 -9.028850130272573701e-03
1.700054958340776466e+03 -3.264259961185106158e-03 -8.796232166017135118e-03
1.700070649111118883e+03 -3.259646083489091233e-03 -8.685105146781632243e-03
1.700086396003337768e+03 -3.259522731698469983e-03 -8.577515577291560875e-03
1.700102182556412345e+03 -3.257020180471917152e-03 -8.476264908211647228e-03
1.700133704646133765e+03 -3.255096377723376306e-03 -8.286228891414814876e-03
1.700149419776989816e+03 -3.256054820231090059e-03 -8.188102957378333782e-03
1.700165088232057542e+03 -3.256065480947082768e-03 -8.096429342173706509e-03
1.700180754175738230e+03 -3.259152122269346093e-03 -8.004115480273648123e-03
1.700212031033486937e+03 -3.269425396631776750e-03 -7.841593043075193586e-03
1.700227682010156968e+03 -3.276551783311788639e-03 -7.784589927935956118e-03
1.700243358118969581e+03 -3.283597610904836345e-03 -7.717564278066063772e-03
1.700274761072869978e+03 -3.298328184114253034e-03 -7.552992083857900350e-03
1.700290476622092001e+03 -3.306850494201888681e-03 -7.471736682051003005e-03
1.700306216719488702e+03 -3.316227766682804199e-03 -7.387113188468186209e-03
1.700321980192404681e+03 -3.325026310299194782e-03 -7.300203943389044735e-03
1.700353530993591676e+03 -3.341731739394765595e-03 -7.124314169295492202e-03
1.700369313753124970e+03 -3.350388634243335519e-03 -7.039132441473108966e-03
1.700385081742077091e+03 -3.357388097481977998e-03 -6.954700366710986521e-03
1.700400843859144061e+03 -3.365277391786132468e-03 -6.869114434195586552e-03
1.700432308114751550e+03 -3.374901198554903451e-03 -6.816462269899490473e-03
1.700448026183594038e+03 -3.378980468519157676e-03 -6.690503845693199052e-03
1.700463737859616231e+03 -3.381705583985258629e-03 -6.627237221866568752e-03
1.700495134275169676e+03 -3.390310996219288164e-03 -6.800942811398765810e-03
1.700510835622815648e+03 -3.392525571775560026e-03 -7.028879196210599013e-03
1.700526529595774264e+03 -3.394215507950965483e-03 -7.360568591162004390e-03
1.700542228832028059e+03 -3.395692984683494099e-03 -7.402932530592091186e-03
1.700573673966750448e+03 -3.395805261039803059e-03 -7.844619426687012703e-03
1.700589406548652732e+03 -3.396374471794391062e-03 -8.037625552509261931e-03
1.700605164709646715e+03 -3.392795493642414371e-03 -8.070279897565656863e-03
1.700620926759211898e+03 -3.391978745976951138e-03 -8.073760543409965601e-03
1.700652512364964196e+03 -3.385974442555637464e-03 -8.237887256848845305e-03
1.700668264435569881e+03 -3.381816643507692174e-03 -8.359396802737860399e-03
1.700684005941204987e+03 -3.378859057335401733e-03 -8.523177845603868014e-03
1.700715446496133154e+03 -3.370221939300648180e-03 -8.924557263325394105e-03
1.700731139411037248e+03 -3.366956845318171306e-03 -9.114785582462510763e-03
1.700746831640030450e+03 -3.363986767349223458e-03 -9.292838561095620800e-03
1.700762523758345424e+03 -3.360022838646484558e-03 -9.458032072534948431e-03
1.700793912327471162e+03 -3.349920673142889240e-03 -9.670082155533294560e-03
1.700809632374242710e+03 -3.345631679029052990e-03 -9.737759194379304664e-03
1.700825354579832265e+03 -3.337744877011526029e-03 -9.804070815109651449e-03
1.700841091827770697e+03 -3.332650173226410582e-03 -9.836333076235277695e-03
1.700872624719710529e+03 -3.319300242518735851e-03 -9.845011239784954779e-03
1.700888416628286222e+03 -3.311852381534832919e-03 -9.815830575245354170e-03
1.700904206171924898e+03 -3.304845311671471882e-03 -9.762940407432418866e-03
1.700935705466402169e+03 -3.293454765321175270e-03 -9.624289338806471875e-03
1.700951454002437913e+03 -3.288299023401967600e-03 -9.538530246093746001e-03
1.700967195375757228e+03 -3.282677311446006042e-03 -9.438979983838746701e-03
1.700982879208861277e+03 -3.278784994033865936e-03 -9.340915059082360514e-03
1.701014123206281056e+03 -3.273253461885028762e-03 -9.109591388511539128e-03
1.701029736839752331e+03 -3.271019457954170689e-03 -8.992333258803435203e-03
1.701045365421666247e+03 -3.268147969915226585e-03 -8.872387211679697017e-03
1.701061020554988318e+03 -3.266749331766930550e-03 -8.759290673940366492e-03
1.701092490029788223e+03 -3.257483402920547007e-03 -8.543769613697451901e-03
1.701108290513724796e+03 -3.257364188581572673e-03 -8.444118187657974686e-03
1.701124051721090154e+03 -3.256514857728160482e-03 -8.348405935127695479e-03
1.701155482839679962e+03 -3.257508208415622105e-03 -8.159397995441176193e-03
1.701171145164543532e+03 -3.260943844650267352e-03 -8.066060474335182140e-03
1.701186803507716377e+03 -3.262646031860834839e-03 -7.975595619951987569e-03
1.701202430264444047e+03 -3.266647707671310134e-03 -7.890543463546572517e-03
1.701233732416048269e+03 -3.279717898737296092e-03 -7.764635888984804807e-03
1.701249415139121766e+03 -3.286594892583063771e-03 -7.690000530525371684e-03
1.701265118750719012e+03 -3.294992433837792140e-03 -7.608642428973895998e-03
1.701280828423050252e+03 -3.304429969506219450e-03 -7.528448044385934249e-03
1.701312305158566915e+03 -3.323249036137043786e-03 -7.360507243690250778e-03
1.701328062438010875e+03 -3.331017377310893819e-03 -7.273114856987793024e-03
1.701343843237353667e+03 -3.338919452149563538e-03 -7.184732113352927836e-03
1.701375413595604186e+03 -3.356207572729277139e-03 -7.013109802201530039e-03
1.701391166971798384e+03 -3.362493095287924939e-03 -6.926896692721341321e-03
1.701406916720612344e+03 -3.367883257380977109e-03 -6.846422012909783063e-03
1.701422650143758119e+03 -3.375397065668098596e-03 -6.818873823390921886e-03
1.701454091479967019e+03 -3.382055020586240308e-03 -6.656022390131883550e-03
1.701469795923752599e+03 -3.386055708185123619e-03 -6.630193167695389196e-03
1.701485491999494570e+03 -3.388673447810560367e-03 -6.702759982014487063e-03
1.701501192476463984e+03 -3.391467149601502633e-03 -6.847062052882777264e-03
1.701532588798392908e+03 -3.397877886707045998e-03 -7.388491895361181533e-03
1.701548297422449650e+03 -3.399966003926193497e-03 -7.448054470234945559e-03
1.701564024591045154e+03 -3.399901453303499649e-03 -7.620554567413196159e-03
1.701595489168477570e+03 -3.398348159450921037e-03 -8.063645930202093665e-03
1.701611246544368896e+03 -3.396823744004129342e-03 -8.061822310795345795e-03
1.701627031599141674e+03 -3.395189178201399663e-03 -8.085481274792739176e-03
1.701642814739619098e+03 -3.391069652705379790e-03 -8.166081665775985071e-03
1.701674342716077263e+03 -3.384278364082541138e-03 -8.398218828296529284e-03
1.701690084944499176e+03 -3.381569463784707321e-03 -8.573426896718683993e-03
1.701705805102831391e+03 -3.376718248192233599e-03 -8.774394444094512496e-03
1.701721505192227141e+03 -3.373392276810324459e-03 -8.975553057492041339e-03
1.701752887126692940e+03 -3.364095593350267029e-03 -9.334491351222632891e-03
1.701768578738158340e+03 -3.359511893307198099e-03 -9.486977303124055974e-03
1.701784271713457656e+03 -3.355459792488502645e-03 -9.596788348007923020e-03
1.701815705369179568e+03 -3.344686532848314877e-03 -9.751104782817463651e-03
1.701831425036627479e+03 -3.339988739126789185e-03 -9.810131584191276663e-03
1.701847176116865285e+03 -3.333992603918452605e-03 -9.835917334693683803e-03
1.701862936755129567e+03 -3.326446033958054514e-03 -9.848158593668309910e-03
1.701894513641508183e+03 -3.313793366093391052e-03 -9.799909919481663428e-03
1.701910284968198539e+03 -3.307627475092451974e-03 -9.747306722020879569e-03
1.701926036258814747e+03 -3.299670073478801376e-03 -9.679621805558789177e-03
1.701941784314206416e+03 -3.295332158964586929e-03 -9.602866339352105277e-03
1.701973257773137902e+03 -3.285534271405054357e-03 -9.412436927773710008e-03
1.701988922072918513e+03 -3.281027383080592150e-03 -9.311000190076280936e-03
1.702004544904648355e+03 -3.276857590055366753e-03 -9.197713748102135517e-03
1.702020154631084552e+03 -3.273902642091241263e-03 -9.075273307074539428e-03
1.702051406176374940e+03 -3.269926642086925118e-03 -8.840209259950933957e-03
1.702067076321553486e+03 -3.266798195035283941e-03 -8.729101782137855745e-03
1.702082807707790835e+03 -3.263253583586288916e-03 -8.620214223345103871e-03
1.702114365600160909e+03 -3.258391263279082802e-03 -8.419144844091262098e-03
1.702130125013590487e+03 -3.260981585442298408e-03 -8.324998213384286055e-03
1.702145832927792526e+03 -3.259714867598470858e-03 -8.227342765634205676e-03
1.702161521472900631e+03 -3.261338028650409646e-03 -8.135093279811050557e-03
1.702192833176798104e+03 -3.266633879828360464e-03 -7.953068276567056352e-03
1.702208466545140482e+03 -3.272242540112335358e-03 -7.869759047926522602e-03
1.702224109601731698e+03 -3.277935284413929957e-03 -7.805969852833525430e-03
1.702255463696860943e+03 -3.292391397459419958e-03 -7.669283410245285489e-03
1.702271169297264123e+03 -3.299531299828673686e-03 -7.586151636280698447e-03
1.702286883246039451e+03 -3.307448370294933330e-03 -7.506709147185354480e-03
1.702302618168194385e+03 -3.317482603365979211e-03 -7.423712279011169916e-03
1.702334143957046763e+03 -3.337322350614547149e-03 -7.251799463530473298e-03
1.702349927098631497e+03 -3.346506644710769540e-03 -7.163576479529463505e-03
1.702365705924353733e+03 -3.352280535323331253e-03 -7.077302073991765564e-03
1.702381484734976539e+03 -3.360199733428432048e-03 -6.992341998309735233e-03
1.702412973648471734e+03 -3.374212542357746519e-03 -6.830437450320340879e-03
1.702428712669420975e+03 -3.378132128340050229e-03 -6.812950297704213620e-03
1.702444433975328820e+03 -3.382967150644126692e-03 -6.761805007784000079e-03
1.702460145240674137e+03 -3.388469887810752288e-03 -6.636620635701692000e-03
1.702491543513178385e+03 -3.394473709279360353e-03 -6.730435454064894948e-03
1.702507241390530680e+03 -3.397087537294471091e-03 -6.899706285410002297e-03
1.702522937267713587e+03 -3.398951765196690181e-03 -7.190326812238072296e-03
1.702554354192518986e+03 -3.401589914171294655e-03 -7.456277315393397900e-03
1.702570080752373315e+03 -3.402501853843816881e-03 -7.716780245950773977e-03
1.702585806814340231e+03 -3.403040053357090852e-03 -7.987236504442466953e-03
1.702601559029329792e+03 -3.401536283231046832e-03 -8.071483337204667791e-03
1.702633112216217114e+03 -3.396264537433223325e-03 -8.104909666674330743e-03
1.702648905995386031e+03 -3.394431077816291008e-03 -8.189548348167936809e-03
1.702664660410044007e+03 -3.389419449641960236e-03 -8.294959150546062782e-03
1.702680406332444363e+03 -3.385696739463372150e-03 -8.438399275795609514e-03
1.702711857273812711e+03 -3.379408017277159716e-03 -8.829197552247768782e-03
1.702727552691444544e+03 -3.376284197717355304e-03 -9.028558164775093639e-03
1.702743246197516328e+03 -3.371710264701293855e-03 -9.205254608613119491e-03
1.702774624684455830e+03 -3.362186720995672101e-03 -9.518079276784711940e-03
1.702790318568101611e+03 -3.357260583947174835e-03 -9.623433384089594145e-03
1.702806034787978888e+03 -3.351800650019513741e-03 -9.702905483977805265e-03
1.702821761935008908e+03 -3.346424844559532739e-03 -9.776919518119731381e-03
1.702853247600644863e+03 -3.333370885520887082e-03 -9.849810082194270996e-03
1.702869012076604577e+03 -3.327833447362904627e-03 -9.857815655452226156e-03
1.702884807644296416e+03 -3.320570366524080736e-03 -9.842426138534915783e-03
1.702900600847029636e+03 -3.315190119634700561e-03 -9.795957946511729339e-03
1.702932101490905325e+03 -3.301122032523536032e-03 -9.668958980232273889e-03
1.702947845521193130e+03 -3.295576306100664928e-03 -9.589473681497847138e-03
1.702963592524417891e+03 -3.290455439012853270e-03 -9.491307957998408942e-03
1.702994954415029497e+03 -3.282389195210496779e-03 -9.285454063089899901e-03
1.703010571710552085e+03 -3.278529235265104352e-03 -9.169233672951098216e-03
1.703026177797447644e+03 -3.276576123032794250e-03 -9.048265337355955451e-03
1.703041794297319939e+03 -3.273869307969804170e-03 -8.931617771842701933e-03
1.703073127849705315e+03 -3.267191954940447483e-03 -8.703826866411180224e-03
1.703088874360163118e+03 -3.264759551709072848e-03 -8.596537200690151578e-03
1.703104665270752321e+03 -3.263294069212243926e-03 -8.495648415294097464e-03
1.703120429712076202e+03 -3.261782465715406740e-03 -8.397153668235577198e-03
1.703151886833985373e+03 -3.262199441901658843e-03 -8.207121405792321134e-03
1.703167555151219176e+03 -3.262508845423822430e-03 -8.113728480782131727e-03
1.703183217771766294e+03 -3.265633807905021085e-03 -8.021584877279545889e-03
1.703214486170207010e+03 -3.274401108204841922e-03 -7.854228975945934735e-03
1.703230137452010240e+03 -3.281335852460043334e-03 -7.793563174652302049e-03
1.703245812006877486e+03 -3.289696262197879667e-03 -7.730499518475480482e-03
1.703261510034463299e+03 -3.297421082193946126e-03 -7.650758007860908663e-03
1.703292935714069472e+03 -3.313697819768993569e-03 -7.488371940516194182e-03
1.703308678625452785e+03 -3.323589678031424466e-03 -7.406137729501137586e-03
1.703324441736552444e+03 -3.331508542243162216e-03 -7.320749630317452405e-03
1.703340216059070826e+03 -3.340768759041365821e-03 -7.233308586519453590e-03
1.703371786143391546e+03 -3.357364906039408264e-03 -7.059044451052117093e-03
1.703387545776957950e+03 -3.363992252349856400e-03 -6.973572028172230972e-03
1.703403302780182003e+03 -3.370772230385305629e-03 -6.887223693646382129e-03
1.703434762441146404e+03 -3.382174707081844842e-03 -6.809513987075830471e-03
1.703450475965105625e+03 -3.387088622801584514e-03 -6.734699603409492752e-03
1.703466185058005976e+03 -3.389166223549993934e-03 -6.630475044420498787e-03
1.703481881925093148e+03 -3.392643665404034697e-03 -6.664347728607887718e-03
1.703513282129134268e+03 -3.401072743792029479e-03 -6.960910721459623654e-03
1.703528980827977421e+03 -3.402873850694168589e-03 -7.279788265977117645e-03
1.703544683113208976e+03 -3.404178345133900083e-03 -7.443099837450816922e-03
1.703560406587826719e+03 -3.406672066344243379e-03 -7.525262732835587796e-03
1.703591865095297635e+03 -3.404152965985778045e-03 -8.034193688893779065e-03
1.703607623207926054e+03 -3.402399308522803187e-03 -8.078169947551156957e-03
1.703623394743564177e+03 -3.400177292077304503e-03 -8.071651399812572805e-03
1.703654972980983530e+03 -3.392906768725419044e-03 -8.215116710536662231e-03
1.703670723171712780e+03 -3.391692281598452860e-03 -8.331215460111455334e-03
1.703686464836551067e+03 -3.387391247558350568e-03 -8.485753481958496075e-03
1.703702188643354930e+03 -3.383256857477207578e-03 -8.678276886801856299e-03
1.703733588170935718e+03 -3.374727476298261357e-03 -9.079088399166108936e-03
1.703749280707595290e+03 -3.371303068686383377e-03 -9.254688204379767080e-03
1.703764972570280406e+03 -3.367972688970425742e-03 -9.420048989860036262e-03
1.703780664331214894e+03 -3.363804590512524915e-03 -9.547558771925474322e-03
1.703812088291196233e+03 -3.354145116944747939e-03 -9.722495413890896651e-03
1.703827807858773440e+03 -3.346486162419279927e-03 -9.794341968012789529e-03
1.703843551360399260e+03 -3.340384545693764109e-03 -9.833823569845492191e-03
1.703875095799735391e+03 -3.327613250312526447e-03 -9.857553050482270943e-03
1.703890880363296901e+03 -3.320017502049707123e-03 -9.831919917653914390e-03
1.703906664813588350e+03 -3.312798098848960746e-03 -9.783528789801565831e-03
1.703922415162575817e+03 -3.308362895978396098e-03 -9.722555505354824740e-03
1.703953901932642793e+03 -3.295523848046948926e-03 -9.562518721006840056e-03
1.703969637535500624e+03 -3.291066255669570628e-03 -9.463407826156972763e-03
1.703985327204635041e+03 -3.285916236886025389e-03 -9.364953140480752544e-03
1.704000968281995483e+03 -3.281996148824784226e-03 -9.252740578092499835e-03
1.704032189554552815e+03 -3.277822419298144063e-03 -9.017060309589175829e-03
1.704047815255260502e+03 -3.275153056384361855e-03 -8.894688488157199979e-03
1.704063470356467633e+03 -3.273011308413541383e-03 -8.781983034593484477e-03
1.704094935827782137e+03 -3.265048695152255199e-03 -8.566636819923855242e-03
1.704110732859189284e+03 -3.262517577216215298e-03 -8.466907906972333253e-03
1.704126497825389379e+03 -3.262988340721289376e-03 -8.370943572944565536e-03
1.704142208336082376e+03 -3.263002734743891253e-03 -8.275351018362341396e-03
1.704173579644408846e+03 -3.265808364598765494e-03 -8.086436619996736908e-03
1.704189237272649507e+03 -3.268062649738063229e-03 -7.996487955386861676e-03
1.704204862065847465e+03 -3.271589882088599740e-03 -7.908935356379327708e-03
1.704220499068543404e+03 -3.278980838675702586e-03 -7.833501630133448551e-03
1.704251840288443191e+03 -3.292242129891053554e-03 -7.707565247455932037e-03
1.704267542760301239e+03 -3.298826161542229175e-03 -7.624997705773175691e-03
1.704283255011332585e+03 -3.308205540663649528e-03 -7.546536514888288645e-03
1.704314741618344442e+03 -3.328575932699931461e-03 -7.381799761251363681e-03
1.704330499194298454e+03 -3.336746024424943214e-03 -7.295987386618452836e-03
1.704346285386700629e+03 -3.345414997586682645e-03 -7.208295090989602985e-03
1.704362063781308507e+03 -3.353451648234155938e-03 -7.120942611731622719e-03
1.704393602739605058e+03 -3.368978359189564713e-03 -6.948212571557960300e-03
1.704409342523661962e+03 -3.375688765453642264e-03 -6.864945048106351269e-03
1.704425078722256785e+03 -3.379782982717120798e-03 -6.806410175368312471e-03
1.704440803566146087e+03 -3.386056711535192880e-03 -6.798828540878427799e-03
1.704472215580976354e+03 -3.392938725358099396e-03 -6.627337523601502939e-03
1.704487911695572166e+03 -3.395947088330967829e-03 -6.683911721620749979e-03
1.704503611775827039e+03 -3.398553540507342780e-03 -6.812166643348770666e-03
1.704535008851404882e+03 -3.403599132435000240e-03 -7.355428931114815251e-03
1.704550721071021371e+03 -3.406521787411863171e-03 -7.466388756365191851e-03
1.704566447936998202e+03 -3.405392512834077429e-03 -7.582886131124508440e-03
1.704582169177523156e+03 -3.406638279125123649e-03 -7.893110872662683491e-03
1.704613676491988372e+03 -3.402928252662120335e-03 -8.072457583128973824e-03
1.704629467904626381e+03 -3.402070529124409312e-03 -8.081766099256711133e-03
1.704645253508234191e+03 -3.398741397550500160e-03 -8.150544440390348339e-03
1.704661022153503154e+03 -3.395917033007316531e-03 -8.242047753257019868e-03
1.704692510218800408e+03 -3.388510419286703407e-03 -8.532943995759734515e-03
1.704708231114357659e+03 -3.385016647474408096e-03 -8.734766682495877232e-03
1.704723928744271689e+03 -3.380727762128507043e-03 -8.941710057632428627e-03
1.704755308364554139e+03 -3.371726320555608336e-03 -9.294791271988187345e-03
1.704770998679319291e+03 -3.366712315450834728e-03 -9.450196201518995184e-03
1.704786691947234431e+03 -3.362005661106427356e-03 -9.568884661448555373e-03
1.704802402608793727e+03 -3.357899094118067199e-03 -9.659219148252870188e-03
1.704833855267135505e+03 -3.346770836729463707e-03 -9.801394651333819943e-03
1.704849607000639708e+03 -3.341721306913677386e-03 -9.836218924598599811e-03
1.704865367997331759e+03 -3.332937128876650463e-03 -9.855446495810811156e-03
1.704881163189308836e+03 -3.327281952715652972e-03 -9.851210653758752864e-03
1.704912713877206897e+03 -3.313714102559660573e-03 -9.765854531085279081e-03
1.704928463918483885e+03 -3.305940051853172631e-03 -9.699759689869556084e-03
1.704944207253735613e+03 -3.301037387227653309e-03 -9.624165682092374399e-03
1.704975674574001914e+03 -3.292094375435260754e-03 -9.433877504448269849e-03
1.704991347404513363e+03 -3.287221486539328250e-03 -9.331221581089309269e-03
1.705006974654838814e+03 -3.282912423961283858e-03 -9.217185310686609387e-03
1.705022581898614817e+03 -3.279776000335382202e-03 -9.095373000885528109e-03
1.705053826605322683e+03 -3.274906685057317902e-03 -8.860484859971231447e-03
1.705069498042915257e+03 -3.271080934595043278e-03 -8.748653081145031998e-03
1.705085229548523557e+03 -3.270100693033961992e-03 -8.640118122314941612e-03
1.705100997538118690e+03 -3.267583880275605566e-03 -8.537043054852953144e-03
1.705132536334106817e+03 -3.265079219853785075e-03 -8.344183410663123107e-03
1.705148249270404222e+03 -3.264385860980657285e-03 -8.245275609229446231e-03
1.705163926743887032e+03 -3.264554361971829920e-03 -8.152549213876095907e-03
1.705195235889016203e+03 -3.271412687828777893e-03 -7.970587182917932001e-03
1.705210866847507759e+03 -3.276530762416961749e-03 -7.883792788563156323e-03
1.705226510043318967e+03 -3.282476126228310673e-03 -7.814542612871821711e-03
1.705242177097102513e+03 -3.288805347782624861e-03 -7.758536545175353551e-03
1.705273568493931634e+03 -3.303965748289341801e-03 -7.599066038326061749e-03
1.705289284814636858e+03 -3.312340025087822867e-03 -7.521282783433838430e-03
1.705305021771403290e+03 -3.321548393437301523e-03 -7.440736136602423695e-03
1.705320786452590482e+03 -3.331117465246105722e-03 -7.357499644239942627e-03
1.705352341800773502e+03 -3.348778393674691541e-03 -7.183516164213591543e-03
1.705368121980921387e+03 -3.356736375103632104e-03 -7.096503605732461251e-03
1.705383890188140185e+03 -3.364539610172430535e-03 -7.010824415403202857e-03
1.705415375284821721e+03 -3.377200871055797710e-03 -6.842180749492894620e-03
1.705431111082649750e+03 -3.383759171291719162e-03 -6.793892412815119922e-03
1.705446827585946039e+03 -3.387733234782293844e-03 -6.782580395079148075e-03
1.705462538017328143e+03 -3.392114063980433691e-03 -6.668910648452270294e-03
1.705493936773613314e+03 -3.400518915833733880e-03 -6.706991365505616046e-03
1.705509636798827387e+03 -3.402774049312060414e-03 -6.854472886226491840e-03
1.705525331288036568e+03 -3.405173504417830042e-03 -7.104120849023193122e-03
1.705541030687817283e+03 -3.406799959344746290e-03 -7.415202652342242802e-03
1.705572477331629216e+03 -3.408216389671576627e-03 -7.666952150555323732e-03
1.705588207311438055e+03 -3.409018757920884678e-03 -7.964595685500395691e-03
1.705603963539183269e+03 -3.405581753194414363e-03 -8.080803495902236927e-03
1.705635518678855760e+03 -3.401776044015405055e-03 -8.096322091890763642e-03
1.705651311805915839e+03 -3.400130519752164824e-03 -8.170077355485185974e-03
1.705667064499131811e+03 -3.395056500949046163e-03 -8.272716497976180527e-03
1.705682807589000504e+03 -3.392274198120793453e-03 -8.408646212028665981e-03
1.705714252477088166e+03 -3.384270989955715046e-03 -8.790957896199384086e-03
1.705729945917353689e+03 -3.381614679257044509e-03 -8.990592127287160354e-03
1.705745637763144941e+03 -3.378184827015870504e-03 -9.164512944697032065e-03
1.705761331130180679e+03 -3.373781609735820603e-03 -9.334286115022832203e-03
1.705792715189604678e+03 -3.363971332252917775e-03 -9.588849614772874952e-03
1.705808434515080762e+03 -3.358941876274914879e-03 -9.673709971738898503e-03
1.705824158300794807e+03 -3.351897316984571787e-03 -9.755013822899663220e-03
1.705855653772023516e+03 -3.339111111405214556e-03 -9.840331357186106118e-03
1.705871421144280475e+03 -3.333549945624396816e-03 -9.854046769767105945e-03
1.705887215352924841e+03 -3.325949899686265511e-03 -9.843070499185948424e-03
1.705903006223900093e+03 -3.319482503896576276e-03 -9.800896348811483083e-03
1.705934502986824555e+03 -3.306853685368369919e-03 -9.678160212586621805e-03
1.705950238970854343e+03 -3.301180339354376110e-03 -9.598995884997109374e-03
1.705965977931567295e+03 -3.295352801178097479e-03 -9.501377413937233535e-03
1.705981687460549438e+03 -3.291227318399135484e-03 -9.406362360553498225e-03
1.706012971098963362e+03 -3.284213280623279191e-03 -9.179318824133876273e-03
1.706028578719304278e+03 -3.281262632420398236e-03 -9.062674734297341411e-03
1.706044191802194291e+03 -3.279119016977472423e-03 -8.941933307927899324e-03
1.706075521915559193e+03 -3.273152565382196448e-03 -8.715868875582446704e-03
1.706091266411130391e+03 -3.268364856117158667e-03 -8.609829511079872266e-03
1.706107058460719600e+03 -3.267954570342920025e-03 -8.508109559927631849e-03
1.706122822559121460e+03 -3.266195866007817923e-03 -8.409871607728307968e-03
1.706154267616084326e+03 -3.265955003410167187e-03 -8.219294001368157576e-03
1.706169935087945305e+03 -3.268189625396408608e-03 -8.124981136518988692e-03
1.706185595633608500e+03 -3.270018906216351062e-03 -8.033197314405394682e-03
1.706201222503499594e+03 -3.273633114938107394e-03 -7.945168515106968213e-03
1.706232508336515366e+03 -3.284694925889006419e-03 -7.797214853042335782e-03
1.706248182470481652e+03 -3.292221820818413362e-03 -7.736832107374590900e-03
1.706263878719224522e+03 -3.300652168703707961e-03 -7.658708475504334007e-03
1.706295312438771134e+03 -3.317874580272460894e-03 -7.496995310031125126e-03
1.706311057638370130e+03 -3.328031917614683415e-03 -7.417610690050140121e-03
1.706326820192914738e+03 -3.335506454720220480e-03 -7.333866204136288251e-03
1.706342601715966566e+03 -3.343452248451068108e-03 -7.247396963637614715e-03
1.706374171517553805e+03 -3.361423406228095101e-03 -7.072354828454821551e-03
1.706389922706057405e+03 -3.368239669098699925e-03 -6.985854163333128815e-03
1.706405673309763415e+03 -3.374079791707527108e-03 -6.899994725891976308e-03
1.706421402971303905e+03 -3.383018704394836519e-03 -6.820476450566613329e-03
1.706452840826465263e+03 -3.390673052122386566e-03 -6.761055849064753591e-03
1.706468546424988972e+03 -3.394420520809361339e-03 -6.644336244630177912e-03
1.706484243040496722e+03 -3.397291248992428438e-03 -6.641914053346676533e-03
1.706515644604991621e+03 -3.405129704330482187e-03 -6.901579662532296953e-03
1.706531342046656846e+03 -3.408255726607316207e-03 -7.186818122153178397e-03
1.706547050932311095e+03 -3.410104309213576792e-03 -7.450175051885890402e-03
1.706562775577578805e+03 -3.411717404047310241e-03 -7.512754585110817396e-03
1.706594238665106104e+03 -3.409534578084731215e-03 -8.019633982505929015e-03
1.706609996521706307e+03 -3.408737869057247398e-03 -8.083372807967210624e-03
1.706625778455326781e+03 -3.406636220540902159e-03 -8.069164928657867816e-03
1.706641561737790425e+03 -3.402710927791092414e-03 -8.114331322936228774e-03
1.706673094189214680e+03 -3.397340364981835115e-03 -8.305740122397596223e-03
1.706688837894957487e+03 -3.393625475803178047e-03 -8.450775276424748322e-03
1.706704557789162436e+03 -3.389164197896155258e-03 -8.636535207634745206e-03
1.706720260899779987e+03 -3.385870005571469960e-03 -8.846907441463471022e-03
1.706751643429029627e+03 -3.376878528053212092e-03 -9.206412932059256787e-03
1.706767335213555725e+03 -3.372787121751550602e-03 -9.370219828286258101e-03
1.706783027372684046e+03 -3.369072188938497091e-03 -9.501752505982589622e-03
1.706814458613614079e+03 -3.358310180612724630e-03 -9.688134057974777044e-03
1.706830176403588894e+03 -3.352937318665289747e-03 -9.763636367672790667e-03
1.706845925660399416e+03 -3.346447159059288967e-03 -9.809633603918279862e-03
1.706861686826890946e+03 -3.339872354217759531e-03 -9.840097472154722344e-03
1.706893259594518895e+03 -3.326391438340819962e-03 -9.825263299429773389e-03
1.706909035846456391e+03 -3.319982444623888022e-03 -9.781151589912639652e-03
1.706924786799907224e+03 -3.312618655389634736e-03 -9.722809638813268568e-03
1.706940531519561773e+03 -3.307537659686249354e-03 -9.651327621285012495e-03
1.706971993254839390e+03 -3.296846924801251182e-03 -9.468373899568078428e-03
1.706987688495947395e+03 -3.291751455425335343e-03 -9.371508057998212751e-03
1.707003336465701295e+03 -3.287032144227927839e-03 -9.260006501370956350e-03
1.707034557981324951e+03 -3.282298374781911134e-03 -9.024730291991165526e-03
1.707050180425699182e+03 -3.279969020317140098e-03 -8.903419131063705985e-03
1.707065834441302968e+03 -3.277059235180054819e-03 -8.791073076064904318e-03
1.707081544679831950e+03 -3.272984852981272036e-03 -8.680971024861755883e-03
1.707113091043758232e+03 -3.266991424978040511e-03 -8.476793915680454899e-03
1.707128853500918012e+03 -3.268688625717779302e-03 -8.380922019190240393e-03
1.707144560930575608e+03 -3.267695595104926857e-03 -8.283769221413274722e-03
1.707160259584003370e+03 -3.269505186837257278e-03 -8.189547032727360898e-03
1.707191579017038293e+03 -3.272776479654198982e-03 -8.005237538587537532e-03
1.707207208032430117e+03 -3.276976919170134991e-03 -7.916811345979142198e-03
1.707222841116632708e+03 -3.283034211561541068e-03 -7.836911919054740522e-03
1.707254178725312840e+03 -3.296712478906526668e-03 -7.713349122414875532e-03
1.707269880437965412e+03 -3.303159587375128527e-03 -7.629657396248237106e-03
1.707285594668873273e+03 -3.311494584199408796e-03 -7.551852069807967090e-03
1.707301325223809044e+03 -3.321802496899809061e-03 -7.471645419495934366e-03
1.707332850775538418e+03 -3.340799735329545283e-03 -7.307444870463709538e-03
1.707348638234848295e+03 -3.350479253571906485e-03 -7.220317447044957010e-03
1.707364415546227747e+03 -3.356447172759490991e-03 -7.132615725561932719e-03
1.707380193765297918e+03 -3.365214199040755718e-03 -7.045944114386530795e-03
1.707411678793751889e+03 -3.380606088345434676e-03 -6.873525896989785521e-03
1.707427415790421719e+03 -3.383997109104863298e-03 -6.796612243239579139e-03
1.707443135938073965e+03 -3.390286177788234389e-03 -6.775784329970494478e-03
1.707474547160406473e+03 -3.398350877291690750e-03 -6.625486585073183353e-03
1.707490242721894219e+03 -3.401894825544201934e-03 -6.653708627671366636e-03
1.707505942355692923e+03 -3.404719018380603958e-03 -6.766889892216703187e-03
1.707521640297856266e+03 -3.406875695425393667e-03 -6.953293963259428098e-03
1.707553056025640672e+03 -3.411064190624198827e-03 -7.483612143699635254e-03
1.707568783335684657e+03 -3.411599094771250711e-03 -7.539863994968186781e-03
1.707584509092245298e+03 -3.412657524394866002e-03 -7.841449394213587457e-03
1.707600259775602808e+03 -3.412707996790620597e-03 -8.055842845586897935e-03
1.707631811002195946e+03 -3.407288679063690331e-03 -8.071196526082059092e-03
1.707647602840233958e+03 -3.405028255453736771e-03 -8.129013932018471986e-03
1.707663361189876468e+03 -3.401139746739769484e-03 -8.217521876805890246e-03
1.707694845500434894e+03 -3.394281300466850480e-03 -8.493802780473649200e-03
1.707710562559478603e+03 -3.391543718766734401e-03 -8.689520220874559150e-03
1.707726261027258033e+03 -3.387747985430815921e-03 -8.894698281552756297e-03
1.707741951518479937e+03 -3.383161228588118033e-03 -9.073755509194866148e-03
1.707773329852302368e+03 -3.373682392993510807e-03 -9.398424076818682332e-03
1.707789023125393442e+03 -3.368718150405970811e-03 -9.521843446740138259e-03
1.707804737420144193e+03 -3.363609183354758503e-03 -9.618310431005205191e-03
1.707820465429494789e+03 -3.358437371642548474e-03 -9.705311454586782599e-03
1.707851946636773846e+03 -3.346384963168790808e-03 -9.816200631128056686e-03
1.707867710223014001e+03 -3.339545150559852533e-03 -9.841801788345254376e-03
1.707883506111833412e+03 -3.332707666417994430e-03 -9.843655689237451600e-03
1.707915053575264665e+03 -3.318608282385722245e-03 -9.766888543167769055e-03
1.707930801474598638e+03 -3.312198227019420328e-03 -9.704307350374819993e-03
1.707946539810301147e+03 -3.306362675681354807e-03 -9.631006842303335702e-03
1.707962273415182608e+03 -3.301575890531751808e-03 -9.539759075306528460e-03
1.707993681831470440e+03 -3.292440059045643151e-03 -9.340976399556420035e-03
1.708009317195566837e+03 -3.287616077821511537e-03 -9.226779231780366658e-03
1.708024924636674086e+03 -3.284671350298467175e-03 -9.107127333666378832e-03
1.708040530565890322e+03 -3.281938586654007360e-03 -8.989769054366020251e-03
1.708071831582486539e+03 -3.275959629660442872e-03 -8.760303294131709106e-03
1.708087558986882414e+03 -3.274655198230323229e-03 -8.652605948871527203e-03
1.708103328691324805e+03 -3.272042495105559161e-03 -8.550279460306205517e-03
1.708134854929027824e+03 -3.266955045011848621e-03 -8.355862688753833839e-03
1.708150568237517291e+03 -3.269211483922088764e-03 -8.257488769426644254e-03
1.708166241344769560e+03 -3.268683834243123892e-03 -8.163730024564051432e-03
1.708181909185040695e+03 -3.271433170440949788e-03 -8.070009074357694864e-03
1.708213176456745259e+03 -3.279461991448971540e-03 -7.893201893719148030e-03
1.708228818612926034e+03 -3.286007440297135200e-03 -7.817059066475891965e-03
1.708244484936208437e+03 -3.293270392828655940e-03 -7.760523950089685818e-03
1.708260173909981631e+03 -3.300009300434279032e-03 -7.691828142663280875e-03
1.708291594640807261e+03 -3.316261698009621926e-03 -7.530111819584999616e-03
1.708307333031712687e+03 -3.325548413794598632e-03 -7.451316169504738733e-03
1.708323098543957258e+03 -3.333874576434247682e-03 -7.370496931879486589e-03
1.708354663409146497e+03 -3.351076585280502590e-03 -7.197911595335674401e-03
1.708370442815481965e+03 -3.360577626503169664e-03 -7.109977769279362397e-03
1.708386201632959683e+03 -3.368030794777009986e-03 -7.023577738928439736e-03
1.708401957671919718e+03 -3.376078760753816951e-03 -6.934683814872824245e-03
1.708433414145609504e+03 -3.388042746479615931e-03 -6.778749713843561231e-03
1.708449126608390088e+03 -3.393018746985269896e-03 -6.768339135082411355e-03
1.708464835979934833e+03 -3.395525401005875573e-03 -6.702858495705619687e-03
1.708480533007053054e+03 -3.400172536698660691e-03 -6.620787167283760134e-03
1.708511935255262870e+03 -3.408511488729887209e-03 -6.803849067767190131e-03
1.708527633090576046e+03 -3.410345980870886206e-03 -7.018274663148347560e-03
1.708543333217249256e+03 -3.412357837233164284e-03 -7.351598605917621619e-03
1.708574779029097499e+03 -3.412971821943186577e-03 -7.613840140356416784e-03
1.708590514779776868e+03 -3.413802031485457539e-03 -7.924344714866115788e-03
1.708606273465062714e+03 -3.411260486893843546e-03 -8.072868512516363088e-03
1.708622038774909470e+03 -3.410200868551347547e-03 -8.067414495275145730e-03
1.708653622260791963e+03 -3.403932958566128521e-03 -8.150233686519967394e-03
1.708669374176240353e+03 -3.401410178402316468e-03 -8.247319704241315788e-03
1.708685114705296883e+03 -3.398095518378538293e-03 -8.376072387301258804e-03
1.708700841225519525e+03 -3.394173393619900891e-03 -8.542561799347158508e-03
1.708732244345679192e+03 -3.386010912712353674e-03 -8.942858601225985374e-03
1.708747936692898293e+03 -3.383151498118598492e-03 -9.118496752254668519e-03
1.708763628111507387e+03 -3.379673333790454183e-03 -9.286783310365811020e-03
1.708795019027152648e+03 -3.369496415438945434e-03 -9.545749160817866910e-03
1.708810739128349041e+03 -3.365726634498804500e-03 -9.640207751965850294e-03
1.708826459976076421e+03 -3.357490206723299370e-03 -9.724604648422806308e-03
1.708842199675043048e+03 -3.351939430421326579e-03 -9.785856279695763840e-03
1.708873737969029207e+03 -3.338584281570231883e-03 -9.845983030696755026e-03
1.708889526659092553e+03 -3.331180543703171886e-03 -9.840822445736349677e-03
1.708905313998863221e+03 -3.323642198066524469e-03 -9.804459363385234841e-03
1.708921064520435948e+03 -3.319427656469268930e-03 -9.753837842732138858e-03
1.708952538441146316e+03 -3.305811603446926622e-03 -9.610361115757639142e-03
1.708968268348016409e+03 -3.300225972099404825e-03 -9.514688322808252663e-03
1.708983980131978342e+03 -3.294763733086588427e-03 -9.419783879629819653e-03
1.709015281574335631e+03 -3.287932000960529753e-03 -9.193119278049874388e-03
1.709030887973776998e+03 -3.285079393328135464e-03 -9.079168719182099598e-03
1.709046502209466553e+03 -3.282572223479014902e-03 -8.956383677343039348e-03
1.709062138329328491e+03 -3.281619548783973501e-03 -8.843312886064253961e-03
1.709093565394099869e+03 -3.272253280178129102e-03 -8.625886040964843640e-03
1.709109356047438951e+03 -3.270451294236761432e-03 -8.523800430848511162e-03
1.709125123139700008e+03 -3.269271449307702831e-03 -8.425491132629569016e-03
1.709140841394706740e+03 -3.268960117934315967e-03 -8.330136581224695247e-03
1.709172217062319078e+03 -3.271975299010736627e-03 -8.138847759313382405e-03
1.709187881550206384e+03 -3.272904639109954720e-03 -8.047165015228058618e-03
1.709203505596595505e+03 -3.275795740630250454e-03 -7.957848600227660982e-03
1.709234788076749055e+03 -3.288232776613328641e-03 -7.802024140161664678e-03
1.709250461412566210e+03 -3.294620164795081501e-03 -7.743533774930921876e-03
1.709266156791235971e+03 -3.301607140049527770e-03 -7.668454192032879077e-03
1.709281867066782524e+03 -3.311269607481021580e-03 -7.587912334692922291e-03
1.709313344013825599e+03 -3.330645811158525899e-03 -7.431039482877864824e-03
1.709329106426841008e+03 -3.338331668838527468e-03 -7.349521466385565069e-03
1.709344894533516936e+03 -3.346511597147784275e-03 -7.263442628323234750e-03
1.709360674100662891e+03 -3.356278657997193056e-03 -7.175065291744911651e-03
1.709392206095106076e+03 -3.371721384656501796e-03 -6.999836470343256262e-03
1.709407948174942021e+03 -3.378258918611275457e-03 -6.913172345900064214e-03
1.709423680622446682e+03 -3.384980630411856071e-03 -6.827707188123945808e-03
1.709455113918335655e+03 -3.393598644131478465e-03 -6.758868532687659948e-03
1.709470815955034141e+03 -3.398281804490857136e-03 -6.675986007083883032e-03
1.709486512147211670e+03 -3.401370101229747589e-03 -6.625114074790534532e-03
1.709502212810329866e+03 -3.404402741764337836e-03 -6.700278314874867983e-03
1.709533612276622989e+03 -3.411132753641086483e-03 -7.093035771188530708e-03
1.709549322749672001e+03 -3.414264574788181648e-03 -7.420605628307942389e-03
1.709565051492476869e+03 -3.413772769907432759e-03 -7.517161499055035646e-03
1.709580769318436523e+03 -3.414682008201750090e-03 -7.690127955843147414e-03
1.709612275757100633e+03 -3.412213742079023109e-03 -8.080671725698884006e-03
1.709628063461355396e+03 -3.411272460414590483e-03 -8.065487331915390662e-03
1.709643847682931664e+03 -3.407702114948468145e-03 -8.103343647152209256e-03
1.709675371955768696e+03 -3.400449872036782895e-03 -8.278695292888155546e-03
1.709691112478621790e+03 -3.398486888523065495e-03 -8.418542659235975917e-03
1.709706834543800824e+03 -3.394090096733968706e-03 -8.598589707750261407e-03
1.709722532881317420e+03 -3.390704236065799314e-03 -8.802712894681570879e-03
1.709753913798788290e+03 -3.381598860006830923e-03 -9.161633795180973774e-03
1.709769604370667594e+03 -3.376817306914101612e-03 -9.324168209106172348e-03
1.709785296979504892e+03 -3.372492299042133442e-03 -9.459178487378887626e-03
1.709801004899132067e+03 -3.368828544560721529e-03 -9.565362696009046400e-03
1.709832453696187713e+03 -3.357192164166106652e-03 -9.738620409287050347e-03
1.709848205050128854e+03 -3.351810779034191529e-03 -9.795740251245764474e-03
1.709863965785039227e+03 -3.343344999792737578e-03 -9.832551124876845114e-03
1.709895546206369545e+03 -3.330789889338619473e-03 -9.830403233110089969e-03
1.709911312531716476e+03 -3.324315555433397622e-03 -9.790741281943722216e-03
1.709927063030655518e+03 -3.315785085016021046e-03 -9.736016758650231293e-03
1.709942804664976165e+03 -3.310887550041056310e-03 -9.667847007362286374e-03
1.709974258146532520e+03 -3.299772664647466266e-03 -9.487218716676515395e-03
1.709989959244102010e+03 -3.294883313714916644e-03 -9.391299659849543582e-03
1.710005616782884317e+03 -3.289904910861857039e-03 -9.280149009708145436e-03
1.710021237236271872e+03 -3.285828333599006244e-03 -9.159918755311689462e-03
1.710052463223433506e+03 -3.281343052351869734e-03 -8.924917674322730560e-03
1.710068114749075903e+03 -3.277815197998502905e-03 -8.811616227322757386e-03
1.710083825097163299e+03 -3.274886633584083925e-03 -8.701470081511605836e-03
1.710115360502060867e+03 -3.269237632395837010e-03 -8.497195266815766451e-03
1.710131122430555934e+03 -3.270970914218851878e-03 -8.401258601263067102e-03
1.710146830498702911e+03 -3.269097019293939598e-03 -8.302101792664908636e-03
1.710162516833435120e+03 -3.269860638513409981e-03 -8.208099015319875527e-03
1.710193837122769082e+03 -3.274498511011280852e-03 -8.023003502982082105e-03
1.710209464982244072e+03 -3.279623969618075674e-03 -7.933687092959886347e-03
1.710225101398030574e+03 -3.284060915914210031e-03 -7.849593238475569348e-03
1.710240756556099086e+03 -3.290264729609357949e-03 -7.784692608889433839e-03
1.710272134083386391e+03 -3.304646237913724804e-03 -7.643873920693336488e-03
1.710287848889270663e+03 -3.312732018357115397e-03 -7.565092346107082054e-03
1.710303581273174359e+03 -3.321256977069017569e-03 -7.487795028188706792e-03
1.710335116676256348e+03 -3.342263841094541936e-03 -7.327780993598910497e-03
1.710350905754212590e+03 -3.350336727074433411e-03 -7.240428995183640498e-03
1.710366680883798608e+03 -3.357206434479036248e-03 -7.152481744681202583e-03
1.710382450168476453e+03 -3.365676234525552361e-03 -7.065060944119824597e-03
1.710413930773721404e+03 -3.380469331843248722e-03 -6.889725476515194680e-03
1.710429666479369416e+03 -3.386299609278062631e-03 -6.803153011911602932e-03
1.710445382658666631e+03 -3.391036005021960328e-03 -6.750182213647883643e-03
1.710461091853244170e+03 -3.396951404138683940e-03 -6.745159416716476133e-03
1.710492490685420989e+03 -3.404406506653811799e-03 -6.632377619371948758e-03
1.710508189617348535e+03 -3.407394845361174512e-03 -6.728296753857054835e-03
1.710523886305016958e+03 -3.410007609804554130e-03 -6.894002770268557040e-03
1.710555306659300186e+03 -3.413236245105184894e-03 -7.481312318556180944e-03
1.710571033257169120e+03 -3.414653015214725879e-03 -7.530767358196647533e-03
1.710586760292856525e+03 -3.415613114200629491e-03 -7.782154929289599593e-03
1.710602513967407504e+03 -3.413452888321959807e-03 -8.037930990456888802e-03
1.710634068136956103e+03 -3.409524684189613533e-03 -8.069042597159433242e-03
1.710649862459009455e+03 -3.408352440402748033e-03 -8.118769764937812383e-03
1.710665615861693823e+03 -3.403069748423988902e-03 -8.196636717457199753e-03
1.710681360797454545e+03 -3.400038704783744578e-03 -8.309799574860506077e-03
1.710712810352756605e+03 -3.393323040774371031e-03 -8.650423010822158240e-03
1.710728504859868281e+03 -3.390773287796454340e-03 -8.848097505094658019e-03
1.710744197951040633e+03 -3.386724932341762632e-03 -9.029022253666522946e-03
1.710775577039054724e+03 -3.377265562611145994e-03 -9.352643951172816619e-03
1.710791270511981793e+03 -3.372430576628639414e-03 -9.480471313376500828e-03
1.710806987909896179e+03 -3.366924166833117071e-03 -9.584254281477182225e-03
1.710822713625408142e+03 -3.361006668617720801e-03 -9.678731865837992762e-03
1.710854202757649773e+03 -3.347672841173053408e-03 -9.805878259375462591e-03
1.710869967864943419e+03 -3.342534100105125881e-03 -9.838607225123389630e-03
1.710885763232110776e+03 -3.334962942265200236e-03 -9.846943053643057372e-03
1.710901555432258192e+03 -3.329175837028703483e-03 -9.823467592012941063e-03
1.710933053409636386e+03 -3.315050668801659828e-03 -9.723051981186600634e-03
1.710948786348625617e+03 -3.308957965248277532e-03 -9.651516671211978968e-03
1.710964512363586891e+03 -3.302216207981970367e-03 -9.561749280304209994e-03
1.710980232962106811e+03 -3.298323016139158292e-03 -9.467753097059765366e-03
1.711011578181838786e+03 -3.288721156934820266e-03 -9.249688047040681080e-03
1.711027190389106408e+03 -3.284989855517389448e-03 -9.132197474806732010e-03
1.711042794905843493e+03 -3.282517914452453417e-03 -9.013313256305392068e-03
1.711074088703409871e+03 -3.276822132521689350e-03 -8.783901920945243885e-03
1.711089813581057570e+03 -3.272708688577889626e-03 -8.676395581735194679e-03
1.711105583990093010e+03 -3.271299520151904269e-03 -8.574053651594366887e-03
1.711121355842351932e+03 -3.268952457519702995e-03 -8.472843013633504783e-03
1.711152811009122615e+03 -3.268956545939102898e-03 -8.279643787691633866e-03
1.711168481277135925e+03 -3.269495181400844733e-03 -8.183820724271108002e-03
1.711184147546573513e+03 -3.271927409966199005e-03 -8.090654570170986021e-03
1.711215411631929101e+03 -3.278937692141198519e-03 -7.912484445591835142e-03
1.711231054570007700e+03 -3.284789612660439940e-03 -7.829375581277447579e-03
1.711246718537994639e+03 -3.292281283818624185e-03 -7.767843161591711336e-03
1.711262404439433794e+03 -3.300236234004515212e-03 -7.706168553195491371e-03
1.711293829458551272e+03 -3.315804179894753061e-03 -7.544870777645098885e-03
1.711309570460907025e+03 -3.325680389473928064e-03 -7.469233032274616609e-03
1.711325336503985682e+03 -3.333257206699887301e-03 -7.390926240678417219e-03
1.711341118687869994e+03 -3.342025425569741543e-03 -7.307268150840315508e-03
1.711372685520378809e+03 -3.360413205317869072e-03 -7.130490155052107183e-03
1.711388437007820585e+03 -3.367618094447240133e-03 -7.043533799189026848e-03
1.711404188765736080e+03 -3.374432162734557292e-03 -6.953667777766963862e-03
1.711435641972501116e+03 -3.387929330562949003e-03 -6.781657611436503821e-03
1.711451351323479912e+03 -3.393011061935380466e-03 -6.740026485864067385e-03
1.711467058270865664e+03 -3.396231669919208204e-03 -6.729425001939250660e-03
1.711482755181373250e+03 -3.399751924404206729e-03 -6.639659402992389471e-03
1.711514157534324340e+03 -3.409194385332577418e-03 -6.760930478811008268e-03
1.711529856306351348e+03 -3.411871464329067297e-03 -6.950628543491555941e-03
1.711545562633422378e+03 -3.413575578976944802e-03 -7.261100318929337299e-03
1.711561286771327332e+03 -3.416589130303179529e-03 -7.514443579897871900e-03
1.711592747011932488e+03 -3.414559827281588890e-03 -7.872106400302114615e-03
1.711608504798916101e+03 -3.413746719167510754e-03 -8.063367961329717323e-03
1.711624280505158367e+03 -3.411562324869027874e-03 -8.070945537084711283e-03
1.711640067159545197e+03 -3.408109301874518750e-03 -8.085022498829613768e-03
1.711671603844095216e+03 -3.403902998193095338e-03 -8.226270662818307988e-03
1.711687347111785584e+03 -3.399633645899533940e-03 -8.347943068573579137e-03
1.711703069651853866e+03 -3.395628458811369033e-03 -8.509734789652147191e-03
1.711734467583050900e+03 -3.387567343770499662e-03 -8.895155962298288005e-03
1.711750159874073006e+03 -3.383848561436560501e-03 -9.071869433047559383e-03
1.711765851382713208e+03 -3.380376679053780694e-03 -9.239603258901369839e-03
1.711781542405694154e+03 -3.376590582924542030e-03 -9.383521637343657587e-03
1.711812968523020800e+03 -3.366451435033649634e-03 -9.605224317746515611e-03
1.711828686807719123e+03 -3.359586927041917533e-03 -9.696559190623017799e-03
1.711844432129619463e+03 -3.353169563359321894e-03 -9.764742628798046484e-03
1.711860193812236275e+03 -3.347259407354529013e-03 -9.814610192746283865e-03
1.711891762684018886e+03 -3.332913948404413445e-03 -9.840730695719729013e-03
1.711907544050289061e+03 -3.325812658549128463e-03 -9.810526458721092330e-03
1.711923294335322680e+03 -3.320092083498279653e-03 -9.764850756215798580e-03
1.711954764353303972e+03 -3.306601088382011503e-03 -9.627733299338485720e-03
1.711970484303461717e+03 -3.301416346687429358e-03 -9.533610741078538467e-03
1.711986199082619351e+03 -3.295300647015970887e-03 -9.439615391212302295e-03
1.712001880860795382e+03 -3.290397823313635176e-03 -9.332763123692916149e-03
1.712033128248956928e+03 -3.284375652186699579e-03 -9.100108416670114192e-03
1.712048739981815061e+03 -3.281576455885201141e-03 -8.979140122861403381e-03
1.712064375559607925e+03 -3.279029319815574776e-03 -8.864837529419430581e-03
1.712080061325318411e+03 -3.275313632067158778e-03 -8.751757695892996639e-03
1.712111582371848726e+03 -3.268037455830168862e-03 -8.545116622783403143e-03
1.712127350829175612e+03 -3.268232823686394520e-03 -8.445905561610156029e-03
1.712143062535792296e+03 -3.267736504948231917e-03 -8.348473644051638762e-03
1.712174432348580012e+03 -3.269650483573545603e-03 -8.155897979169266995e-03
1.712190096451935688e+03 -3.271995730679273795e-03 -8.064383642811605649e-03
1.712205722982200768e+03 -3.274846135576916107e-03 -7.974011129167801054e-03
1.712221351536355769e+03 -3.281011435455805439e-03 -7.885993834902831762e-03
1.712252671187180567e+03 -3.293677195309511248e-03 -7.750364975326082088e-03
1.712268364548795944e+03 -3.299649220794863714e-03 -7.680571259634226197e-03
1.712284075727929576e+03 -3.308264664670437175e-03 -7.600285469044548020e-03
1.712315558630624992e+03 -3.329292370685094354e-03 -7.446011062098408656e-03
1.712331324764089914e+03 -3.337217707943283818e-03 -7.366812204248495213e-03
1.712347116461743099e+03 -3.346427391663618980e-03 -7.281397583335597057e-03
1.712362892085943486e+03 -3.354050268051354030e-03 -7.192776320720631160e-03
1.712394419553597345e+03 -3.371378967262058171e-03 -7.015655827737194740e-03
1.712410153175168716e+03 -3.379275510662513738e-03 -6.927656727581760383e-03
1.712425887320057882e+03 -3.383258038646310209e-03 -6.839285754649230761e-03
1.712441607045783030e+03 -3.390570152129544074e-03 -6.758449322902863009e-03
1.712473016403515885e+03 -3.398727979920540369e-03 -6.708100837753346556e-03
1.712488712380551533e+03 -3.402407699621965050e-03 -6.627821431622857133e-03
1.712504412950888764e+03 -3.405424115231480385e-03 -6.665756241678750041e-03
1.712520112857626827e+03 -3.408093541211349234e-03 -6.796479287386839388e-03
1.712551526921326740e+03 -3.414224080100447967e-03 -7.352677366178838290e-03
1.712567254195527767e+03 -3.413917809111360196e-03 -7.539413890997999357e-03
1.712582977330503127e+03 -3.415604786906744662e-03 -7.635421934594100769e-03
1.712614484058903827e+03 -3.412582417047481560e-03 -8.075943714729375000e-03
1.712630276830771209e+03 -3.411958373233166253e-03 -8.065081280976653388e-03
1.712646064434126629e+03 -3.409251905372520739e-03 -8.097817101114620358e-03
1.712661829508626624e+03 -3.406408197517280835e-03 -8.162942419174491412e-03
1.712693316931907475e+03 -3.399430086525162629e-03 -8.389471678734621365e-03
1.712709036648288020e+03 -3.396617623689385940e-03 -8.563791653977605861e-03
1.712724735720271838e+03 -3.392321373027076033e-03 -8.757351878266409276e-03
1.712740424311708693e+03 -3.388335474079607300e-03 -8.940110154707537823e-03
1.712771803821871572e+03 -3.378586938897878110e-03 -9.274983556819682909e-03
1.712787496362294405e+03 -3.373774599345796474e-03 -9.410470453532458757e-03
1.712803208041977314e+03 -3.369312080024686705e-03 -9.520279631629588457e-03
1.712834661459701692e+03 -3.358520221021705100e-03 -9.709684128788047611e-03
1.712850413164223482e+03 -3.353038506019726146e-03 -9.772870933956942507e-03
1.712866174974941032e+03 -3.344610300885291106e-03 -9.817736687108329086e-03
1.712881970690135404e+03 -3.338502137298604913e-03 -9.837471073649810618e-03
1.712913519291835883e+03 -3.324479789653087252e-03 -9.795008590252767683e-03
1.712929268349752419e+03 -3.316904570728277865e-03 -9.745651559294785105e-03
1.712945007431694421e+03 -3.311272504574919694e-03 -9.680640468180692904e-03
1.712960730129808098e+03 -3.306534510680052361e-03 -9.599759957877918720e-03
1.712992159272820118e+03 -3.295383994343331017e-03 -9.408949435982897139e-03
1.713007826575375702e+03 -3.290218458888781276e-03 -9.298272123560182706e-03
1.713023451621610548e+03 -3.285717265516706342e-03 -9.178972702806043049e-03
1.713054675021878438e+03 -3.280332316869112932e-03 -8.946100254777451105e-03
1.713070324182585409e+03 -3.276833251251296507e-03 -8.831307387503154610e-03
1.713086030597576155e+03 -3.274462275269066774e-03 -8.720895706564877128e-03
1.713101776940382479e+03 -3.271804362334276850e-03 -8.617994065324168299e-03
1.713133319891918291e+03 -3.267057584668061655e-03 -8.419325192116699358e-03
1.713149029469160723e+03 -3.267792992074898192e-03 -8.318782048696278172e-03
1.713164706948857429e+03 -3.267535082023029225e-03 -8.223587491671294908e-03
1.713180376141642000e+03 -3.269711051762600081e-03 -8.128680817333977515e-03
1.713211652592866585e+03 -3.278097845894387737e-03 -7.947383094135484702e-03
1.713227287994222024e+03 -3.283465592134800996e-03 -7.860210055403419119e-03
1.713242945421420472e+03 -3.289215871544891659e-03 -7.787359563052091704e-03
1.713274318177497207e+03 -3.303299429558990367e-03 -7.655171913245357486e-03
1.713290032460132579e+03 -3.311841849912007790e-03 -7.575328428327410095e-03
1.713305766726175079e+03 -3.320226670897419990e-03 -7.498961611296812817e-03
1.713321532576690970e+03 -3.329488549309970579e-03 -7.423721407650621038e-03
1.713353101658274682e+03 -3.348021542420516992e-03 -7.256269165803286118e-03
1.713368875274223456e+03 -3.357168386839663385e-03 -7.167899916621414333e-03
1.713384634949554993e+03 -3.365431511782561100e-03 -7.080426031084451760e-03
1.713400390646707365e+03 -3.374609769499084446e-03 -6.988970802781304704e-03
1.713431844709768939e+03 -3.387184430147113789e-03 -6.812276278963014936e-03
1.713447556968247909e+03 -3.391959664788065255e-03 -6.738296977546699359e-03
1.713463266094567871e+03 -3.395971805278413629e-03 -6.722275711415335274e-03
1.713494663648730921e+03 -3.405987909401540260e-03 -6.621209666004789808e-03
1.713510366984605071e+03 -3.408848452678773285e-03 -6.687104878314001528e-03
1.713526062525583711e+03 -3.411582866482277231e-03 -6.840055355967567322e-03
1.713541762772630364e+03 -3.413790203034278072e-03 -7.083849959128349361e-03
1.713573210262083876e+03 -3.415639983008869011e-03 -7.539648249782638506e-03
1.713588942039455787e+03 -3.416965138897885921e-03 -7.714802495090541251e-03
1.713604699134445355e+03 -3.413855590607970877e-03 -8.010380610796768303e-03
1.713620460409599445e+03 -3.413658887404994510e-03 -8.069701815231917000e-03
1.713652047202449467e+03 -3.409009285570484098e-03 -8.113966713159618399e-03
1.713667799687384104e+03 -3.404733317934534667e-03 -8.184499660896162043e-03
1.713683541910347685e+03 -3.402156203224201720e-03 -8.288987699796574252e-03
1.713714985430059187e+03 -3.394191083051907760e-03 -8.615276156137325128e-03
1.713730678703532931e+03 -3.391367354841117593e-03 -8.801535552032679205e-03
1.713746370650025938e+03 -3.388402028187006108e-03 -8.981013985577985040e-03
1.713762062737225733e+03 -3.384373878090965373e-03 -9.151995317279604941e-03
1.713793447813218336e+03 -3.374416601708043074e-03 -9.431154859069937335e-03
1.713809167414473677e+03 -3.369794707258247368e-03 -9.538989196003308524e-03
1.713824889905353757e+03 -3.362135829419126299e-03 -9.642709580885694756e-03
1.713840625349899483e+03 -3.357078118766123557e-03 -9.722811141370324775e-03
1.713872156561096517e+03 -3.343598726469398669e-03 -9.821086011442190650e-03
1.713887949614796298e+03 -3.335968539898452687e-03 -9.835685781326018035e-03
1.713903739174627162e+03 -3.328922308830736809e-03 -9.818677770783905065e-03
1.713935234278133294e+03 -3.316201511922218983e-03 -9.728350394688159083e-03
1.713950963042626881e+03 -3.309893051773175974e-03 -9.660976053344516243e-03
1.713966681972918195e+03 -3.303022109775860787e-03 -9.574135506379557320e-03
1.713982397621058681e+03 -3.297985111890012252e-03 -9.480935155801135245e-03
1.714013759661942004e+03 -3.289598391669061248e-03 -9.264648917044085094e-03
1.714029377688465729e+03 -3.285386702979668349e-03 -9.150427089303712902e-03
1.714044984365566961e+03 -3.282456914188663574e-03 -9.029578077467183619e-03
1.714060605473954865e+03 -3.282093810051995349e-03 -8.915934927984398017e-03
1.714091991253118067e+03 -3.271800269518764567e-03 -8.693588128026346826e-03
1.714107762354278293e+03 -3.270329496145751857e-03 -8.590735417187340614e-03
1.714123535666434464e+03 -3.267998158406987437e-03 -8.489455779222530168e-03
1.714154978671423123e+03 -3.268267176515733067e-03 -8.293752161250665320e-03
1.714170645506557776e+03 -3.270083996339987528e-03 -8.197317152651621350e-03
1.714186312751079868e+03 -3.271143632370405833e-03 -8.103782311142357017e-03
1.714201942784797438e+03 -3.274039440696126149e-03 -8.013279982795913983e-03
1.714233215483122649e+03 -3.284175394768769612e-03 -7.837538511136990169e-03
1.714248878066163797e+03 -3.290424255387379340e-03 -7.769102512690597394e-03
1.714264561869582622e+03 -3.298407554628185988e-03 -7.711777322014764201e-03
1.714280268168534121e+03 -3.307452672436091839e-03 -7.633405327663832923e-03
1.714311733671793945e+03 -3.325822197945344123e-03 -7.478523962815808793e-03
1.714327500970052142e+03 -3.333293948244349554e-03 -7.402801475972434729e-03
1.714343288612522883e+03 -3.341578318141900841e-03 -7.320071302054401499e-03
1.714374851344529134e+03 -3.360794668176503557e-03 -7.143258125806923459e-03
1.714390596597213744e+03 -3.368294816998094153e-03 -7.055615821360249236e-03
1.714406341960798272e+03 -3.374741933149330488e-03 -6.964759392165552690e-03
1.714422069559642750e+03 -3.384116793226915956e-03 -6.876094225163052395e-03
1.714453500671082566e+03 -3.392892716533584419e-03 -6.722413674669484342e-03
1.714469204937153336e+03 -3.397726989352748816e-03 -6.715360851568272574e-03
1.714484901639487362e+03 -3.400995570054575999e-03 -6.663958596038585015e-03
1.714500602691918402e+03 -3.404742357614510152e-03 -6.625462868961208042e-03
1.714532003388873363e+03 -3.413055101383926770e-03 -6.889372364688345005e-03
1.714547713104112518e+03 -3.415653749910822073e-03 -7.167627434954267247e-03
1.714563439981843430e+03 -3.416948886524946282e-03 -7.504596038190725418e-03
1.714594904060031922e+03 -3.416256792540399954e-03 -7.804777943111944165e-03
1.714610661189957455e+03 -3.415676281923978388e-03 -8.050531226164614473e-03
1.714626445007862912e+03 -3.414334074427213730e-03 -8.066610266690582912e-03
1.714642227954593181e+03 -3.410593427308632880e-03 -8.077009133857959017e-03
1.714673758495252287e+03 -3.405125895032571227e-03 -8.211579644970818173e-03
1.714689501897051287e+03 -3.402204595967438846e-03 -8.326222342496652010e-03
1.714705222364355905e+03 -3.397729273458283301e-03 -8.483533011003413157e-03
1.714720924359452965e+03 -3.394667617839090303e-03 -8.667149250412399877e-03
1.714752306496961410e+03 -3.385731913696943089e-03 -9.025180035068173026e-03
1.714767997638119596e+03 -3.381425938265255390e-03 -9.191449536784605454e-03
1.714783689278063321e+03 -3.377611471156495744e-03 -9.337480573198306960e-03
1.714815121318355295e+03 -3.366783317226511481e-03 -9.563523799796240510e-03
1.714830839254004786e+03 -3.361808852089800612e-03 -9.663604593061128969e-03
1.714846589000351059e+03 -3.355487970636011983e-03 -9.739009258377669814e-03
1.714862350099934929e+03 -3.348402151019373111e-03 -9.795094343083704524e-03
1.714893924606144992e+03 -3.335166658384084749e-03 -9.833492961458108542e-03
1.714909697860349979e+03 -3.328684939364305248e-03 -9.810930559872959450e-03
1.714925448393665874e+03 -3.320477822652284031e-03 -9.770041071336516697e-03
1.714941190978190207e+03 -3.315321768301292792e-03 -9.712914053397012082e-03
1.714972627339072233e+03 -3.303024941426598894e-03 -9.548632763398899256e-03
1.714988339519924921e+03 -3.297262071990497354e-03 -9.456421632431485230e-03
1.715004030458891975e+03 -3.291911009987485027e-03 -9.350912867470317219e-03
1.715035289262294327e+03 -3.284653965544793650e-03 -9.118034178508234791e-03
1.715050901101203635e+03 -3.282715682318419065e-03 -8.999250890040819129e-03
1.715066534544122078e+03 -3.278140143946117746e-03 -8.884788680861144608e-03
1.715082220646005680e+03 -3.275304441353882410e-03 -8.771187917704953430e-03
1.715113734259796502e+03 -3.268761017781186481e-03 -8.564640223622200718e-03
1.715129503037168433e+03 -3.269929796317066085e-03 -8.464661417947235908e-03
1.715145211224126342e+03 -3.267742043204588040e-03 -8.365073858981083091e-03
1.715160905940088242e+03 -3.269478899492988047e-03 -8.268049586854991223e-03
1.715192233592788170e+03 -3.272685881596079129e-03 -8.079597479191659437e-03
1.715207864286895528e+03 -3.276442167702066713e-03 -7.988478372694573365e-03
1.715223492587175542e+03 -3.280872071855732517e-03 -7.899313804364935590e-03
1.715254805852369827e+03 -3.293813386573070032e-03 -7.753976390327308767e-03
1.715270498225935853e+03 -3.299974401779194773e-03 -7.689877950684307663e-03
1.715286209371231507e+03 -3.307625024766003719e-03 -7.610018392114796006e-03
1.715301937499468295e+03 -3.316734495052666831e-03 -7.530623719689541647e-03
1.715333469875592073e+03 -3.337301393165430750e-03 -7.380988387010693243e-03
1.715349262013215593e+03 -3.347145569555900427e-03 -7.296142241815613792e-03
1.715365034246805408e+03 -3.353554024265085511e-03 -7.208370572095296885e-03
1.715380804710653365e+03 -3.362885248355870944e-03 -7.119718198852172282e-03
1.715412281818637894e+03 -3.379538812909202699e-03 -6.939736422187675613e-03
1.715428016084491674e+03 -3.384164607718080555e-03 -6.849815949694448500e-03
1.715443732105019080e+03 -3.390744385526500270e-03 -6.763841538322012438e-03
1.715475141695787443e+03 -3.400238676815326745e-03 -6.707816717666222582e-03
1.715490837641357984e+03 -3.404197912549690192e-03 -6.643188261321149139e-03
1.715506537573876585e+03 -3.407455312074653218e-03 -6.637467062092289836e-03
1.715522236316210865e+03 -3.410163495965895866e-03 -6.748976264366183739e-03
1.715553654708895237e+03 -3.414828847662516528e-03 -7.265201672648055956e-03
1.715569382250099807e+03 -3.416185030329745628e-03 -7.551180345367467482e-03
1.715585108557204194e+03 -3.417582683880238635e-03 -7.591363071123422533e-03
1.715600859358879234e+03 -3.417525591531089552e-03 -7.893733700026250508e-03
1.715632411241166665e+03 -3.413018152459913919e-03 -8.062493138833311604e-03
1.715648204199422025e+03 -3.411352693480157721e-03 -8.089351070359759519e-03
1.715663960466987874e+03 -3.407248878696759759e-03 -8.155696877077704340e-03
1.715695443910061385e+03 -3.400971083281587818e-03 -8.366139435414740588e-03
1.715711161180358886e+03 -3.398285999163958623e-03 -8.536012654579164249e-03
1.715726858482815260e+03 -3.395008251763963984e-03 -8.717347362554165799e-03
1.715742550736821158e+03 -3.390437798923085291e-03 -8.895865404512742075e-03
1.715773927876860398e+03 -3.381183465407519226e-03 -9.228326946838427344e-03
1.715789620570121997e+03 -3.376264281007873135e-03 -9.365634959929494685e-03
1.715805335427335649e+03 -3.370947875430335434e-03 -9.478659562459848184e-03
1.715821062895092155e+03 -3.365746042451407162e-03 -9.587678114357374784e-03
1.715852545011547818e+03 -3.353095485937169790e-03 -9.752463015199792223e-03
1.715868309128795545e+03 -3.346904409626654583e-03 -9.803409526864897972e-03
1.715884104952414418e+03 -3.339741496056097478e-03 -9.830243969334708648e-03
1.715915651070478816e+03 -3.325310350210840520e-03 -9.800814058523545091e-03
1.715931398036503424e+03 -3.319014840872771058e-03 -9.755268141363153053e-03
1.715947133598417395e+03 -3.312588959553998316e-03 -9.695120402063205425e-03
1.715962853663817896e+03 -3.306619111475894712e-03 -9.616546140480125918e-03
1.715994278340775054e+03 -3.297169639194438666e-03 -9.429232620618305943e-03
1.716009958680795307e+03 -3.291232628793757786e-03 -9.318784205281881866e-03
1.716025588694774115e+03 -3.286505122381091701e-03 -9.201005065434716620e-03
1.716041196423929023e+03 -3.283197148531877621e-03 -9.084723604728353608e-03
1.716072462462397425e+03 -3.277924208648769905e-03 -8.853210552477581291e-03
1.716088165397328339e+03 -3.274481034051060675e-03 -8.742840067544190713e-03
1.716103911623746171e+03 -3.271700343531479521e-03 -8.639947228663543213e-03
1.716135446059290416e+03 -3.265253341358205670e-03 -8.439297367775728392e-03
1.716151156061460370e+03 -3.268103403970680325e-03 -8.338681176712058746e-03
1.716166829393732087e+03 -3.267774472973002543e-03 -8.241506573585457782e-03
1.716182497653877135e+03 -3.270391691544357899e-03 -8.146064503409558566e-03
1.716213771306285253e+03 -3.277160247619711943e-03 -7.963700851382749663e-03
1.716229407532482128e+03 -3.282724318242469588e-03 -7.873700315807505984e-03
1.716245061811527648e+03 -3.289574405770351317e-03 -7.794062763795585845e-03
1.716260736316920656e+03 -3.296091329260215138e-03 -7.737566792430505304e-03
1.716292148462563091e+03 -3.311563041574898912e-03 -7.586621829954422885e-03
1.716307884788725005e+03 -3.320620533819311493e-03 -7.510627150262759455e-03
1.716323652448243138e+03 -3.328862203046692014e-03 -7.437908306366594439e-03
1.716355225152616185e+03 -3.347543688788906686e-03 -7.272518123328635016e-03
1.716370998524687820e+03 -3.357501413334024708e-03 -7.183658398879548199e-03
1.716386750866565308e+03 -3.365238514052412613e-03 -7.096124028995706538e-03
1.716402502721963174e+03 -3.373586220610140431e-03 -7.003852907430728296e-03
1.716433952154627605e+03 -3.387498516096202738e-03 -6.824064874456435559e-03
1.716449661114284027e+03 -3.393167847179444970e-03 -6.742135960251758979e-03
1.716465369170282884e+03 -3.396059555051129508e-03 -6.699661265134833343e-03
1.716481066736404273e+03 -3.400916153733371441e-03 -6.697571967708833458e-03
1.716512469374259354e+03 -3.410595106450451091e-03 -6.653006137644978252e-03
1.716528169415445291e+03 -3.412908606396221952e-03 -6.793921832178468137e-03
1.716543870835083681e+03 -3.415233016179934286e-03 -7.010775871324580535e-03
1.716575316803051237e+03 -3.416618422970685992e-03 -7.560568547896323079e-03
1.716591053952991388e+03 -3.417739060971072742e-03 -7.655012205240376878e-03
1.716606812130712342e+03 -3.415967288371128847e-03 -7.973862256489676684e-03
1.716622579646245640e+03 -3.414919667626657284e-03 -8.072249900424066996e-03
1.716654161039156406e+03 -3.408938311992449916e-03 -8.108529914955175597e-03
1.716669912542388374e+03 -3.407340818748435390e-03 -8.180220973858716091e-03
1.716685653326418105e+03 -3.403838280658343096e-03 -8.274035327815138646e-03
1.716701379468675896e+03 -3.400051424363400177e-03 -8.414510069265019113e-03
1.716732781974084901e+03 -3.392061043090697711e-03 -8.766508895617971392e-03
1.716748474447265608e+03 -3.389142473591397371e-03 -8.943664217713094555e-03
1.716764165681833447e+03 -3.385869677536275900e-03 -9.111346711902867587e-03
1.716795556835427533e+03 -3.375854554813261920e-03 -9.391853266143661283e-03
1.716811276851763523e+03 -3.372111270959020964e-03 -9.503497294784181079e-03
1.716826996842377184e+03 -3.363945799697298962e-03 -9.611702576540804427e-03
1.716842737382639370e+03 -3.358151650702183300e-03 -9.700311175442942815e-03
1.716874278273615801e+03 -3.344922361674691671e-03 -9.810155909457845061e-03
1.716890065130978883e+03 -3.337505921315570435e-03 -9.829926123289920922e-03
1.716905851058140343e+03 -3.329769698585286625e-03 -9.819399841375522561e-03
1.716921600598959003e+03 -3.325318383505740903e-03 -9.787801731299793778e-03
1.716953070942281329e+03 -3.310915213126752136e-03 -9.674493314915095024e-03
1.716968783658197026e+03 -3.304887967648276453e-03 -9.589931395598648781e-03
1.716984494863911095e+03 -3.298877621809975878e-03 -9.498049009524308153e-03
1.717000201170598530e+03 -3.293918271629983543e-03 -9.398819061227463301e-03
1.717031495284711355e+03 -3.286181370799935459e-03 -9.171720399399209411e-03
1.717047105704443084e+03 -3.282694052230315622e-03 -9.051793531765797013e-03
1.717062727853866591e+03 -3.281627255823488763e-03 -8.937714789969644635e-03
1.717094107377000000e+03 -3.272525745037652752e-03 -8.714993273056727274e-03
1.717109879274209561e+03 -3.269437155172278276e-03 -8.612002556017440968e-03
1.717125654390560157e+03 -3.268178677387590086e-03 -8.510566131038189638e-03
1.717141376696257794e+03 -3.267587473923814004e-03 -8.412209932463474843e-03
1.717172748554510008e+03 -3.270079884866155563e-03 -8.215008074388635215e-03
1.717188418183927524e+03 -3.270877604584688896e-03 -8.121349277026507565e-03
1.717204047230404967e+03 -3.273333871963835569e-03 -8.028938899371198396e-03
1.717235318046135490e+03 -3.284224224474320726e-03 -7.851164090442473709e-03
1.717250977127884425e+03 -3.289981144142114459e-03 -7.775249774593080351e-03
1.717266660293091945e+03 -3.296623163795769310e-03 -7.719712048158655984e-03
1.717282366649986898e+03 -3.305900363728945038e-03 -7.646393149305374948e-03
1.717313838732493195e+03 -3.325364706150366403e-03 -7.490828045704484191e-03
1.717329606514462284e+03 -3.333464765146287000e-03 -7.417384863383783694e-03
1.717345398756530358e+03 -3.342194210014185016e-03 -7.335580383645737106e-03
1.717361175479476969e+03 -3.352052593928255865e-03 -7.248119447707047566e-03
1.717392697109795790e+03 -3.369018550183683867e-03 -7.070109720786939451e-03
1.717408433879726317e+03 -3.376445536436564494e-03 -6.978434143940728633e-03
1.717424163702461101e+03 -3.383056926479532586e-03 -6.887739821908565006e-03
1.717455591106236170e+03 -3.393639017827496367e-03 -6.720841036835218003e-03
1.717471291992121223e+03 -3.398853204804132278e-03 -6.692901763293557064e-03
1.717486988617632960e+03 -3.402429316317485443e-03 -6.683446994065947618e-03
1.717502689423966785e+03 -3.405766739318913123e-03 -6.621991872672871281e-03
1.717534090634812173e+03 -3.413060997669833778e-03 -6.840233131500833910e-03
1.717549802677351408e+03 -3.416786677850308217e-03 -7.088429398965524937e-03
1.717565531507669220e+03 -3.416507781969719930e-03 -7.468354087039955937e-03
1.717581250330948933e+03 -3.418122157836999547e-03 -7.566282335851733272e-03
1.717612756773839010e+03 -3.416251048151868700e-03 -8.031842159385318286e-03
1.717628545812371385e+03 -3.415806764773708735e-03 -8.069722811799082476e-03
1.717644330151689928e+03 -3.412694076879589037e-03 -8.072228583241004840e-03
1.717660102886175537e+03 -3.410475800763675472e-03 -8.129538107552809062e-03
1.717691592482776514e+03 -3.403916965867527771e-03 -8.313707195899385297e-03
1.717707315205661416e+03 -3.400002579856561697e-03 -8.466375882577367035e-03
1.717723013286507694e+03 -3.396544024516591053e-03 -8.639943433594053646e-03
1.717754393924408078e+03 -3.387659965475853241e-03 -8.987104599003032171e-03
1.717770083946844352e+03 -3.382867847445641344e-03 -9.150291135124263842e-03
1.717785775984070369e+03 -3.378462748269464664e-03 -9.297159114647766259e-03
1.717801484405482370e+03 -3.374719784536343858e-03 -9.417247498490141644e-03
1.717832933959026832e+03 -3.363198354445377531e-03 -9.634591243329299060e-03
1.717848685051449138e+03 -3.358069305198301945e-03 -9.716357156299171641e-03
1.717864445909278857e+03 -3.349334953297279475e-03 -9.777870048845185846e-03
1.717880240620636869e+03 -3.344068591209247744e-03 -9.816890796134417063e-03
1.717911791578298562e+03 -3.329989846514928679e-03 -9.813156675756390043e-03
1.717927541428581435e+03 -3.321352971140622418e-03 -9.776033474498251399e-03
1.717943282087425814e+03 -3.316104524558552251e-03 -9.724014884174051257e-03
1.717974713020682884e+03 -3.304159359732121350e-03 -9.565935403644452301e-03
1.717990422282059399e+03 -3.298549148077842968e-03 -9.475913245123928838e-03
1.718006119402471086e+03 -3.293122001472733283e-03 -9.371512292914416925e-03
1.718021773774181838e+03 -3.288124235794643701e-03 -9.253872657866998516e-03
1.718053007013500974e+03 -3.282196433519366918e-03 -9.023605415665145180e-03
1.718068642815669818e+03 -3.277839966145737905e-03 -8.908015801404468859e-03
1.718084330820781133e+03 -3.275941604357820829e-03 -8.794625517098860618e-03
1.718100052801709126e+03 -3.273368652698014584e-03 -8.690040126944215126e-03
1.718131604048280678e+03 -3.269935361355519581e-03 -8.487329298250060119e-03
1.718147313051281799e+03 -3.267533802276290957e-03 -8.385746801495312305e-03
1.718162998113757567e+03 -3.267984762034193379e-03 -8.287626236249573050e-03
1.718194322207313917e+03 -3.272845237958316167e-03 -8.098096034242649455e-03
1.718209953553289779e+03 -3.277195103717619670e-03 -8.005557648591378472e-03
1.718225586747830448e+03 -3.280826599547897147e-03 -7.915837627148465325e-03
1.718241231723373403e+03 -3.286212931983021734e-03 -7.828541410581865007e-03
1.718272585259310972e+03 -3.299763178822402894e-03 -7.701688728532799996e-03
1.718288294881815773e+03 -3.307705433355784611e-03 -7.623525693761760633e-03
1.718304025353449560e+03 -3.315724187054563607e-03 -7.544188854496597027e-03
1.718335565448599255e+03 -3.337815984932959463e-03 -7.398130572944242554e-03
1.718351358786792844e+03 -3.346026913632322783e-03 -7.313553523495083634e-03
1.718367127489100312e+03 -3.353773055913245819e-03 -7.226140836933186637e-03
1.718382890016284364e+03 -3.362787995869323532e-03 -7.137288460594675560e-03
1.718414363137659393e+03 -3.378448019249252407e-03 -6.954644947564592172e-03
1.718430094838429568e+03 -3.385596416250252413e-03 -6.863119125707777511e-03
1.718445807570755960e+03 -3.390860505737669939e-03 -6.775755654325820582e-03
1.718461515387203463e+03 -3.397078368863573790e-03 -6.703585564827665294e-03
1.718492914974411860e+03 -3.405746234276279226e-03 -6.666544167519166016e-03
1.718508614858932560e+03 -3.409047680053709211e-03 -6.624250856272898870e-03
1.718524311812768929e+03 -3.412220372610434791e-03 -6.713082204360899287e-03
1.718540012140538010e+03 -3.414554648564253718e-03 -6.891033358635616397e-03
1.718571460599372131e+03 -3.417928257183560671e-03 -7.543663258866900069e-03
1.718587188615043260e+03 -3.419391333544044304e-03 -7.572646781151840846e-03
1.718602942811179673e+03 -3.417202270396063873e-03 -7.828027775704102936e-03
1.718634497003092974e+03 -3.414248283596511228e-03 -8.066440673849050585e-03
1.718650290669076639e+03 -3.413382466229030170e-03 -8.085225866656742602e-03
1.718666043801041269e+03 -3.408270338731237206e-03 -8.151913409459103990e-03
1.718681788436292209e+03 -3.405599696922423456e-03 -8.236621654411545312e-03
1.718713237701293338e+03 -3.398870907891019758e-03 -8.518257375758384042e-03
1.718728932164818161e+03 -3.396555503168640754e-03 -8.688497927518487249e-03
1.718744624779897094e+03 -3.392807722738117471e-03 -8.862388433053125167e-03
1.718760317202390297e+03 -3.388107122148637570e-03 -9.030623911970037457e-03
1.718791697534021523e+03 -3.378721171747452959e-03 -9.326829903509827741e-03
1.718807415318290623e+03 -3.373296559894196998e-03 -9.444721350650622793e-03
1.718823140201216574e+03 -3.367068614475820024e-03 -9.555096363949402635e-03
1.718854630750598062e+03 -3.353775813638377404e-03 -9.734849398383083746e-03
1.718870396216610061e+03 -3.348649473945615809e-03 -9.791900508926117477e-03
1.718886191459726888e+03 -3.340972285390072464e-03 -9.823795660134958599e-03
1.718901982950713773e+03 -3.334914195509010044e-03 -9.826774664366899961e-03
1.718933479460414901e+03 -3.320728916160003118e-03 -9.765478484174052592e-03
1.718949210823847352e+03 -3.314165111030938343e-03 -9.709056994908212002e-03
1.718964928346912757e+03 -3.306963794833749602e-03 -9.634197154871055810e-03
1.718980633663880553e+03 -3.302302413365952594e-03 -9.544462974731096269e-03
1.719012037325951951e+03 -3.292538014097301253e-03 -9.341413810094990888e-03
1.719027680247919079e+03 -3.286951023780165099e-03 -9.226878911876066833e-03
1.719043292607935882e+03 -3.283555917630789130e-03 -9.109858395649993862e-03
1.719074563496320934e+03 -3.277912479637346780e-03 -8.879125651551016130e-03
1.719090263213737671e+03 -3.273714251767971106e-03 -8.768531369134018039e-03
1.719106008398735867e+03 -3.271500741207833060e-03 -8.665267278399472681e-03
1.719121786545609666e+03 -3.268768371803441354e-03 -8.561891515094404922e-03
1.719153245716523998e+03 -3.268142822104357602e-03 -8.362131069213867354e-03
1.719168915514244190e+03 -3.268650083508905201e-03 -8.262684695147562083e-03
1.719184581442278159e+03 -3.270489583327053015e-03 -8.167711057537822839e-03
1.719200221056531518e+03 -3.273814789670580552e-03 -8.074794142422136306e-03
1.719231489839093001e+03 -3.281577006198703808e-03 -7.892141285740138235e-03
1.719247141851979904e+03 -3.288096092878388041e-03 -7.806415512252243803e-03
1.719262814019898542e+03 -3.295782014525192385e-03 -7.746239720422814536e-03
1.719294227908648736e+03 -3.310650279944867252e-03 -7.601572357771428819e-03
1.719309967311450237e+03 -3.320674347207692306e-03 -7.525985242369151451e-03
1.719325736491664202e+03 -3.328515001173630843e-03 -7.455028844313042920e-03
1.719341521864352671e+03 -3.337594759893222282e-03 -7.377797969413726550e-03
1.719373082375963349e+03 -3.357170822734918420e-03 -7.202473759711247939e-03
1.719388828160166668e+03 -3.364858853681755146e-03 -7.114868202471999123e-03
1.719404575431572312e+03 -3.372095576681965936e-03 -7.021890663078836012e-03
1.719420299212429427e+03 -3.381870226645349552e-03 -6.930118218184110404e-03
1.719451727798220645e+03 -3.392835946775581840e-03 -6.754135497139879263e-03
1.719467433699182266e+03 -3.396779075168770458e-03 -6.689988171120189210e-03
1.719483131098759941e+03 -3.400624426879559140e-03 -6.691609846663080195e-03
1.719514534574340814e+03 -3.410844068656091778e-03 -6.633362885823303016e-03
1.719530233604393970e+03 -3.414171869559933740e-03 -6.754739667327763417e-03
1.719545941814005573e+03 -3.416338006341564527e-03 -6.951790692590678611e-03
1.719561666463136135e+03 -3.419564969620084681e-03 -7.288338865524106487e-03
1.719593127898470129e+03 -3.418435562536117130e-03 -7.610442482209613634e-03
1.719608885581494860e+03 -3.418171261316595762e-03 -7.921966257497744385e-03
1.719624663078778212e+03 -3.416347177250642683e-03 -8.076546194424941844e-03
1.719640448184833303e+03 -3.413127535869678666e-03 -8.067860217889683341e-03
1.719671983619610728e+03 -3.409289420374461612e-03 -8.177208307610667887e-03
1.719687727397735898e+03 -3.405250415112135495e-03 -8.267840909976191879e-03
1.719703449660134538e+03 -3.401382432617136228e-03 -8.403782926144536328e-03
1.719734847228268336e+03 -3.393711327339937051e-03 -8.736593731566049889e-03
1.719750539521577139e+03 -3.389920455458029624e-03 -8.910030973686478006e-03
1.719766230952249998e+03 -3.386369739603948582e-03 -9.076592188502390426e-03
1.719781921596451411e+03 -3.382746253393657029e-03 -9.230461062909764772e-03
1.719813348325001243e+03 -3.372434183940217333e-03 -9.475886302095389707e-03
1.719829066003189610e+03 -3.365981301003427139e-03 -9.587301074468800380e-03
1.719844811980576424e+03 -3.359497565581633094e-03 -9.683879645306392794e-03
1.719860573611583732e+03 -3.353497400172798966e-03 -9.756507943433294361e-03
1.719892143151741720e+03 -3.339307836089361065e-03 -9.830411120595067623e-03
1.719907922996637353e+03 -3.332229422318074095e-03 -9.827521410800361262e-03
1.719923672929829308e+03 -3.325840096541529158e-03 -9.799836191593058396e-03
1.719955141011693740e+03 -3.312105355558333294e-03 -9.693754124829357527e-03
1.719970848312246972e+03 -3.306729072529735695e-03 -9.611772677593661066e-03
1.719986554044777904e+03 -3.300201541018650889e-03 -9.522226492528144959e-03
1.720002263434955694e+03 -3.294298621355435611e-03 -9.424813112632473427e-03
1.720033576887364234e+03 -3.286328690420590743e-03 -9.198203452136408456e-03
1.720049191589779412e+03 -3.282933231613778102e-03 -9.080960930124670760e-03
1.720064820092696436e+03 -3.278839696160289977e-03 -8.965782311201934279e-03
1.720080486854713399e+03 -3.276734635634129429e-03 -8.850142430230812859e-03
1.720111967353422870e+03 -3.268984711245073640e-03 -8.639933817831756124e-03
1.720127740917198025e+03 -3.268830191313098522e-03 -8.537752881521393222e-03
1.720143459045983491e+03 -3.267758084646075686e-03 -8.437537598129055127e-03
1.720174824788564138e+03 -3.269361993257772180e-03 -8.238383604659111140e-03
1.720190491329966335e+03 -3.271496265972556085e-03 -8.144947555474900056e-03
1.720206125213063842e+03 -3.273654473871414738e-03 -8.051301821799885378e-03
1.720221753553399367e+03 -3.278421179852819382e-03 -7.960325358573130256e-03
1.720253050657849599e+03 -3.290157598155457174e-03 -7.788920034636524943e-03
1.720268733532564738e+03 -3.296147060282601533e-03 -7.732142205167308498e-03
1.720284438033058905e+03 -3.303541365127731985e-03 -7.664926970022759890e-03
1.720300161267286967e+03 -3.313514039782717528e-03 -7.580814654870707096e-03
1.720331687251640005e+03 -3.332791612617630114e-03 -7.436966794918814516e-03
1.720347481764641998e+03 -3.342608032947646298e-03 -7.356380936073068054e-03
1.720363253145481622e+03 -3.350316009528427411e-03 -7.269247009187893883e-03
1.720394770711472802e+03 -3.368634494792320522e-03 -7.090354476419822097e-03
1.720410498753082948e+03 -3.377180816508452890e-03 -6.997974045281176066e-03
1.720426229677825859e+03 -3.381735481145112764e-03 -6.905277405669165390e-03
1.720441945769239737e+03 -3.389661950786973001e-03 -6.815223688606422345e-03
1.720473353417639373e+03 -3.399070597413620439e-03 -6.682149368502695447e-03
1.720489049742206589e+03 -3.403227008402281463e-03 -6.691578807674753576e-03
1.720504750527006308e+03 -3.406497067252088097e-03 -6.636222974991790209e-03
1.720520450934497148e+03 -3.409539438631023923e-03 -6.656360315463249328e-03
1.720551866944381345e+03 -3.416241155730730811e-03 -7.025750611130253918e-03
1.720567594832529267e+03 -3.416619467154235947e-03 -7.407147967991474513e-03
1.720583318953735215e+03 -3.418617677175232218e-03 -7.588867776827407964e-03
1.720614825729206814e+03 -3.416360202748834445e-03 -7.998783324403265296e-03
1.720630618695216072e+03 -3.415924409124576969e-03 -8.080521324278099396e-03
1.720646406982790722e+03 -3.413697321542099629e-03 -8.073926741448774272e-03
1.720662170268238697e+03 -3.410929021612844371e-03 -8.126806639313650937e-03
1.720693657603006159e+03 -3.404393714112171655e-03 -8.306384633210209950e-03
1.720709376989017301e+03 -3.401886803825999919e-03 -8.453514083340636989e-03
1.720725076832218065e+03 -3.397812912067559987e-03 -8.617372420604185040e-03
1.720740765716646592e+03 -3.393849756342167713e-03 -8.786131535124364067e-03
1.720772144757505885e+03 -3.384348489479109719e-03 -9.119724155957709480e-03
1.720787836746550738e+03 -3.379552808562747649e-03 -9.264997681613198685e-03
1.720803548582705616e+03 -3.374972088004159470e-03 -9.389614322785995101e-03
1.720835001774225020e+03 -3.364357255903653848e-03 -9.615070815648989189e-03
1.720850753608891409e+03 -3.358611247398403908e-03 -9.704341271350251305e-03
1.720866515772936282e+03 -3.350471564862739747e-03 -9.770540289104441209e-03
1.720882311640128592e+03 -3.344202385956054988e-03 -9.815152400463839771e-03
1.720913859246620177e+03 -3.329938396590201820e-03 -9.822264511957582919e-03
1.720929607611121810e+03 -3.322397658373596463e-03 -9.788162967339943815e-03
1.720945345838592175e+03 -3.316441325498666916e-03 -9.739743427424830263e-03
1.720961065928891003e+03 -3.311179239249035979e-03 -9.673487271147054173e-03
1.720992481091939680e+03 -3.299149676005154116e-03 -9.498854168403375597e-03
1.721008182484838244e+03 -3.293574001661394180e-03 -9.394594401254710916e-03
1.721023843629233170e+03 -3.288505363697916128e-03 -9.278540233032607151e-03
1.721055088593883511e+03 -3.280543403330261898e-03 -9.050122658581146937e-03
1.721070729455823539e+03 -3.278170430419260952e-03 -8.933869457854570761e-03
1.721086413211033687e+03 -3.276313525444131229e-03 -8.820576759856750548e-03
1.721102134970608631e+03 -3.273222156521065750e-03 -8.715758023401137464e-03
1.721133679759388315e+03 -3.267091507567021144e-03 -8.512234845915211609e-03
1.721149390693803525e+03 -3.267813034387412677e-03 -8.409590855435918055e-03
1.721165069503043014e+03 -3.267414060412948684e-03 -8.309862513766325814e-03
1.721180733755074471e+03 -3.269328021861949481e-03 -8.213184494724747389e-03
1.721212021107230157e+03 -3.276375098589991847e-03 -8.026062305858391172e-03
1.721227654428029382e+03 -3.281106874708407482e-03 -7.935230707946929959e-03
1.721243302686508287e+03 -3.286215000608311461e-03 -7.845103145767287969e-03
1.721274653268315205e+03 -3.299214061728847694e-03 -7.715256500593258883e-03
1.721290360791583680e+03 -3.307637835246541192e-03 -7.641007328135990609e-03
1.721306093393506217e+03 -3.315699189085620502e-03 -7.559769306925919613e-03
1.721321860558566186e+03 -3.324388255304261842e-03 -7.488862251034912251e-03
1.721353434291043186e+03 -3.344147351172027660e-03 -7.332560513920114917e-03
1.721369201503541944e+03 -3.353774842694930668e-03 -7.244731394576471237e-03
1.721384955151147096e+03 -3.362300736466363512e-03 -7.156351626315430106e-03
1.721400707029358500e+03 -3.371810009103901485e-03 -7.064131147020981730e-03
1.721432153252751959e+03 -3.385852410483378584e-03 -6.878813400136987027e-03
1.721447862630770715e+03 -3.391419123824199276e-03 -6.791163645636658086e-03
1.721463570413994603e+03 -3.395386178733532986e-03 -6.711798261473163156e-03
1.721494968451223713e+03 -3.406349012614094153e-03 -6.682804443027338427e-03
1.721510672960045895e+03 -3.409824316301650771e-03 -6.625644175494132225e-03
1.721526369386426040e+03 -3.412817889045859348e-03 -6.687004451766377644e-03
1.721542070184718341e+03 -3.415442831283866266e-03 -6.850374200494138872e-03
1.721573518564254982e+03 -3.417861535030236163e-03 -7.509351275839108546e-03
1.721589251639956046e+03 -3.419640743877857148e-03 -7.576056206977117152e-03
1.721605009219412523e+03 -3.416937056904153364e-03 -7.757596106020304798e-03
1.721620770918916151e+03 -3.417058070638415851e-03 -8.049027913999137057e-03
1.721652356588694147e+03 -3.412774429412780437e-03 -8.084368089923783460e-03
1.721668108986147672e+03 -3.409016356665225088e-03 -8.149453052253008423e-03
1.721683851028479239e+03 -3.406595834395240510e-03 -8.231829165278450183e-03
1.721715294133946600e+03 -3.398888438503049059e-03 -8.499997777186326167e-03
1.721730987645843470e+03 -3.396062595010405569e-03 -8.661894425967306410e-03
1.721746679860503718e+03 -3.393329208873535705e-03 -8.831509832392062803e-03
1.721762371550662692e+03 -3.389509265162817669e-03 -8.998044095091372457e-03
1.721793756796735579e+03 -3.379611380809575526e-03 -9.292863906793307274e-03
1.721809476189453335e+03 -3.375226806139333940e-03 -9.417808368451298720e-03
1.721825198005212997e+03 -3.367374681437830444e-03 -9.530069927813364719e-03
1.721840933908333000e+03 -3.362244224457397023e-03 -9.639030251908039387e-03
1.721872466307891273e+03 -3.348853174764775727e-03 -9.784936839723090696e-03
1.721888258706954048e+03 -3.341250540181050967e-03 -9.821105802021725187e-03
1.721904047575099639e+03 -3.333933156858338246e-03 -9.830018899145144887e-03
1.721935541663279309e+03 -3.321090939234021353e-03 -9.776876892686319279e-03
1.721951269353771977e+03 -3.314434548866526230e-03 -9.724273680334879003e-03
1.721966983327528396e+03 -3.307318784067521042e-03 -9.652247298523023225e-03
1.721982685037157580e+03 -3.301582260843178608e-03 -9.563099135009500359e-03
1.722014094223494112e+03 -3.292426598998958714e-03 -9.362621307700071810e-03
1.722029746739780649e+03 -3.287081009549214141e-03 -9.251705969311125113e-03
1.722045369118680128e+03 -3.282787137353864945e-03 -9.133924113819507501e-03
1.722060989554342314e+03 -3.282333792167700919e-03 -9.020048617585239153e-03
1.722092337475288787e+03 -3.273287431155868978e-03 -8.793186713072304039e-03
1.722108083946530314e+03 -3.270858625867054982e-03 -8.689226863383315777e-03
1.722123863874922563e+03 -3.268431102560954548e-03 -8.586188419954164999e-03
1.722155314190908712e+03 -3.268176712139880726e-03 -8.383755292562404537e-03
1.722170977221567455e+03 -3.269749008869414063e-03 -8.284106012529665955e-03
1.722186644055336728e+03 -3.270559064820785598e-03 -8.188872143867055239e-03
1.722202280749214424e+03 -3.272683968325462538e-03 -8.095334701546963788e-03
1.722233550921769165e+03 -3.281490007206980426e-03 -7.911650768832764052e-03
1.722249203671630767e+03 -3.287181927036529269e-03 -7.821580978919266680e-03
1.722264875840220839e+03 -3.294868963806058676e-03 -7.756671092869834791e-03
1.722280573443607409e+03 -3.303661673492734943e-03 -7.698633109195873563e-03
1.722312032890235514e+03 -3.321233569422437845e-03 -7.540334304339421818e-03
1.722327802973924918e+03 -3.329168501743764563e-03 -7.471120406902872872e-03
1.722343592862386686e+03 -3.337903425152095090e-03 -7.395339964740284960e-03
1.722375147198668628e+03 -3.357645257094341289e-03 -7.220274704692350963e-03
1.722390888092993691e+03 -3.365579336672495057e-03 -7.132433378454249365e-03
1.722406628863670221e+03 -3.372615469516743007e-03 -7.039304012208146520e-03
1.722422352975627291e+03 -3.382418722056824371e-03 -6.946077762135354980e-03
1.722453778723225469e+03 -3.392410504355271739e-03 -6.767915588931166203e-03
1.722469482290917540e+03 -3.397859550327434267e-03 -6.692885219260128263e-03
1.722485179444558298e+03 -3.401445612746050850e-03 -6.680210977999048727e-03
1.722500880795008015e+03 -3.405494889697401918e-03 -6.668439514822984554e-03
1.722532282776900502e+03 -3.414420287044020539e-03 -6.720178565109621686e-03
1.722547993094779486e+03 -3.417490239624821746e-03 -6.905325018934380457e-03
1.722563721332990553e+03 -3.418862701592445541e-03 -7.208625720655968683e-03
1.722595186572786588e+03 -3.419234098457055171e-03 -7.582953595389405228e-03
1.722610943579401237e+03 -3.418894773104584270e-03 -7.856291921443839255e-03
1.722626728027724994e+03 -3.418038964419611424e-03 -8.074790762837730576e-03
1.722642510691882990e+03 -3.414546616985531316e-03 -8.072202950755044681e-03
1.722674040209947179e+03 -3.409247061550553515e-03 -8.174401011917357268e-03
1.722689783460344643e+03 -3.406767995452883099e-03 -8.265665806379211833e-03
1.722705504450227863e+03 -3.402401504669242804e-03 -8.394136562385936390e-03
1.722721206172935581e+03 -3.399505587464278326e-03 -8.547300596982962059e-03
1.722752588547182768e+03 -3.390745574841895569e-03 -8.876056718366333656e-03
1.722768279512523350e+03 -3.386421084542239231e-03 -9.040800038344176670e-03
1.722783970798488326e+03 -3.382592286442926040e-03 -9.192493208527491647e-03
1.722815402448411760e+03 -3.371804169079988672e-03 -9.443665900085650503e-03
1.722831120553170649e+03 -3.366978487326024224e-03 -9.556107095357074116e-03
1.722846870406778407e+03 -3.360795590101051979e-03 -9.659441906415995593e-03
1.722862631525185634e+03 -3.353501330398032769e-03 -9.736708748243935729e-03
1.722894206675983696e+03 -3.340397237676991093e-03 -9.821214233177262207e-03
1.722909978547176024e+03 -3.333857447660895732e-03 -9.825382819034809284e-03
1.722925728602929894e+03 -3.325301601669388481e-03 -9.801666994683424713e-03
1.722941470417849359e+03 -3.320032339637397738e-03 -9.761081311392224083e-03
1.722972898145330873e+03 -3.307266761185337096e-03 -9.624809986593974714e-03
1.722988600284209497e+03 -3.300900550896000967e-03 -9.538578015038570029e-03
1.723004311425063406e+03 -3.294483017571421275e-03 -9.442578359063130006e-03
1.723035638717926759e+03 -3.285325131158131195e-03 -9.216871419143592842e-03
1.723051260456856880e+03 -3.282536828673975320e-03 -9.102011974261834532e-03
1.723066893433679525e+03 -3.276716356713762525e-03 -8.987309696623412350e-03
1.723082562461319185e+03 -3.276240439231589609e-03 -8.871993491283531111e-03
1.723114035750656285e+03 -3.269754277748501432e-03 -8.662097916269423728e-03
1.723129808635286736e+03 -3.270694851869555570e-03 -8.559306288402582230e-03
1.723145523986229364e+03 -3.267990299637279095e-03 -8.457508336661527515e-03
1.723161218905703436e+03 -3.269172634192680452e-03 -8.356061512119957249e-03
1.723192541754469858e+03 -3.272146291267494581e-03 -8.163513642931085820e-03
1.723208179046008354e+03 -3.275549909199621402e-03 -8.069291736212156479e-03
1.723223809251633384e+03 -3.278766052103199158e-03 -7.977603491063996535e-03
1.723255104711517561e+03 -3.291030967387980830e-03 -7.800541425520520974e-03
1.723270786411957943e+03 -3.297132847845985620e-03 -7.740712997874548904e-03
1.723286488391377588e+03 -3.303722890235884831e-03 -7.678053608868527433e-03
1.723302214292827330e+03 -3.312546646505912153e-03 -7.594466117029901632e-03
1.723333749519250887e+03 -3.333464230516053686e-03 -7.451659468112927995e-03
1.723349544728520186e+03 -3.343827981776668380e-03 -7.372286687488658480e-03
1.723365310334637797e+03 -3.350733432819857482e-03 -7.285697978072934976e-03
1.723381074129316630e+03 -3.360591928791231437e-03 -7.196388140633183661e-03
1.723412543126143873e+03 -3.377936604749530187e-03 -7.012917485427043636e-03
1.723428273787456192e+03 -3.383523840088829490e-03 -6.918654220400802420e-03
1.723443987128785238e+03 -3.390424618180256505e-03 -6.827907877748130502e-03
1.723475395531713275e+03 -3.401162733089507610e-03 -6.677218160213668242e-03
1.723491092277565031e+03 -3.405427575025815959e-03 -6.682744352582385174e-03
1.723506792818569238e+03 -3.408939466101607984e-03 -6.649835075643247516e-03
1.723522491790570029e+03 -3.412092941269667060e-03 -6.639533033067530031e-03
1.723553911716799803e+03 -3.417348410973180574e-03 -6.966235362330768129e-03
1.723569639677562463e+03 -3.419171896279141545e-03 -7.322635936863779345e-03
1.723585366443962812e+03 -3.420907729211572577e-03 -7.603341922321963167e-03
1.723601117757392785e+03 -3.420946297189377070e-03 -7.616394445910566573e-03
1.723632669726732047e+03 -3.417185578848967991e-03 -8.084171589243622016e-03
1.723648462796769763e+03 -3.415946090959603131e-03 -8.072970781102237203e-03
1.723664218275757776e+03 -3.411827177275739750e-03 -8.120884833377309958e-03
1.723695701653472497e+03 -3.405971074874808869e-03 -8.302432103012777342e-03
1.723711419063663243e+03 -3.403356652017342637e-03 -8.440154809462923832e-03
1.723727116136417408e+03 -3.400377839305173538e-03 -8.592662102199390486e-03
1.723742809212743850e+03 -3.395929346675896545e-03 -8.755316044237614406e-03
1.723774186096937001e+03 -3.386816061783629820e-03 -9.081328296915382528e-03
1.723789878308382185e+03 -3.381961444880762172e-03 -9.221914874559400052e-03
1.723805593037774088e+03 -3.376586427244643741e-03 -9.350552483185541747e-03
1.723821319981747365e+03 -3.371329265316247870e-03 -9.467805394027474855e-03
1.723852802646048531e+03 -3.358489027691919163e-03 -9.676413223079567000e-03
1.723868566973630777e+03 -3.352558072743639945e-03 -9.748741243983834875e-03
1.723884362833481191e+03 -3.345283910631729855e-03 -9.798354449105690575e-03
1.723900155557212202e+03 -3.339657798143434372e-03 -9.818642312170800315e-03
1.723931654238766441e+03 -3.324284864140086143e-03 -9.786423705797527017e-03
1.723947388705574213e+03 -3.317654214495008302e-03 -9.742609150561744660e-03
1.723963107400819581e+03 -3.311104052567118237e-03 -9.680281175845399655e-03
1.723994517537429374e+03 -3.300582820054135964e-03 -9.512277269805330393e-03
1.724010226439960434e+03 -3.294447282414358219e-03 -9.409091533187483383e-03
1.724025894854812350e+03 -3.289221895617685642e-03 -9.297211588273492089e-03
1.724041528741058755e+03 -3.284432854110282823e-03 -9.183312618151981757e-03
1.724072800711967375e+03 -3.278489197033326603e-03 -8.953963621077042773e-03
1.724088478532284853e+03 -3.275999541092214796e-03 -8.840848485635065257e-03
1.724104198667881519e+03 -3.273104877915692171e-03 -8.735949948803509515e-03
1.724135734272630998e+03 -3.266077535483833533e-03 -8.532165778337421833e-03
1.724151446504213027e+03 -3.268974380184454243e-03 -8.429057477970977250e-03
1.724167120657843952e+03 -3.269011000966085771e-03 -8.327715152666831724e-03
1.724182781986462714e+03 -3.270745406334616377e-03 -8.230842548447017334e-03
1.724214065738426825e+03 -3.276420475003446672e-03 -8.043041612299120166e-03
1.724229700625355918e+03 -3.281352748067546243e-03 -7.950391567034391024e-03
1.724245348004426887e+03 -3.287605063892679209e-03 -7.858265564481896684e-03
1.724261012028574896e+03 -3.293743808679923391e-03 -7.780157790663913900e-03
1.724292405333231955e+03 -3.308147880167393393e-03 -7.654754720271660616e-03
1.724308140400589309e+03 -3.316973717415671111e-03 -7.572444722255037251e-03
1.724323910272421472e+03 -3.325324048139048031e-03 -7.501797939080453309e-03
1.724355484796420342e+03 -3.345069084608282180e-03 -7.348870275516119002e-03
1.724371250794310527e+03 -3.355308205998565850e-03 -7.260292114859626805e-03
1.724386997261962506e+03 -3.363273991364581529e-03 -7.172591978952641903e-03
1.724402745202680762e+03 -3.371993821981497837e-03 -7.080223955000881399e-03
1.724434187077115894e+03 -3.387349050232671323e-03 -6.891297158166075944e-03
1.724449894352436559e+03 -3.393834357387905381e-03 -6.802913358941515241e-03
1.724465601319796178e+03 -3.396937245742363137e-03 -6.719303819242390327e-03
1.724481299465091524e+03 -3.402133637573166464e-03 -6.665115287507340953e-03
1.724512703239416396e+03 -3.412827925393430509e-03 -6.632078696190492860e-03
1.724528403995409917e+03 -3.415562962577603154e-03 -6.656164514449172502e-03
1.724544106329423585e+03 -3.418153121145626680e-03 -6.804163857054979295e-03
1.724575552802776429e+03 -3.420226319965762388e-03 -7.442560631862006268e-03
1.724591290926685588e+03 -3.421648472721037452e-03 -7.592253623068714874e-03
1.724607049017489999e+03 -3.420371941689267538e-03 -7.681133817902870142e-03
1.724622817555054780e+03 -3.419495067175839370e-03 -8.013617371873804976e-03
1.724654397479811223e+03 -3.413896736676849761e-03 -8.081691469345005790e-03
1.724670148972503512e+03 -3.412776981003715938e-03 -8.142270944456650103e-03
1.724685890224968944e+03 -3.409280070168844903e-03 -8.229286224032057381e-03
1.724701616201107981e+03 -3.405651811144516129e-03 -8.343819341466669759e-03
1.724733018787527499e+03 -3.397877506380932947e-03 -8.636067273280209969e-03
1.724748711394733846e+03 -3.394955483342016866e-03 -8.800400382440528788e-03
1.724764402616985990e+03 -3.391786340472408880e-03 -8.963009068029065968e-03
1.724780093236486664e+03 -3.387509100795997336e-03 -9.117405625093508506e-03
1.724811513029742855e+03 -3.378119096325815553e-03 -9.378682897515021669e-03
1.724827232426891896e+03 -3.370042506976719462e-03 -9.493417481610602615e-03
1.724842973321833824e+03 -3.364143338882916515e-03 -9.604747145399050723e-03
1.724874515520878504e+03 -3.351047894485673691e-03 -9.761715636872961288e-03
1.724890301543685155e+03 -3.343573748287385471e-03 -9.801179176169043036e-03
1.724906086698146282e+03 -3.335742515949164950e-03 -9.816693379633846528e-03
1.724921835751659728e+03 -3.331035290970078312e-03 -9.805011230223318469e-03
1.724953304598936029e+03 -3.316177481495135877e-03 -9.723717778169384610e-03
1.724969014663830194e+03 -3.309962530124837318e-03 -9.656094908372733418e-03
1.724984713528063139e+03 -3.303287276347301182e-03 -9.569534605769643848e-03
1.725000425278967441e+03 -3.297680823266307005e-03 -9.483223299476879753e-03
1.725031789181276281e+03 -3.288662145867578355e-03 -9.265974672723826036e-03
1.725047421535062767e+03 -3.283681548281306740e-03 -9.150704876062074403e-03
1.725063050739642676e+03 -3.281727474327708529e-03 -9.036733458076451689e-03
1.725094392652400529e+03 -3.274895078536016121e-03 -8.811576667924474193e-03
1.725110139680898556e+03 -3.271436090531616454e-03 -8.707504852051704825e-03
1.725125918089888501e+03 -3.270022003934345070e-03 -8.605111912337688393e-03
1.725141649419533451e+03 -3.269314287325688143e-03 -8.504618515530712117e-03
1.725173017932243511e+03 -3.271118345572861068e-03 -8.300965442477789211e-03
1.725188684035204915e+03 -3.271960102768884954e-03 -8.205750117052478323e-03
1.725204318995433823e+03 -3.273640796216424360e-03 -8.110532911415613277e-03
1.725235589620661358e+03 -3.283254777786028498e-03 -7.926961554990947026e-03
1.725251241693299335e+03 -3.288577939261148452e-03 -7.833766875209962482e-03
1.725266913809799917e+03 -3.295015160009462808e-03 -7.763351904668276855e-03
1.725282609480467045e+03 -3.303108511683862727e-03 -7.709112808578706330e-03
1.725314075479413532e+03 -3.322238862806413916e-03 -7.552118337319247213e-03
1.725329846008664845e+03 -3.330459877225537459e-03 -7.483863651504057621e-03
1.725345640114918069e+03 -3.339802294511422850e-03 -7.410270272186051527e-03
1.725361413720787368e+03 -3.349713606331117515e-03 -7.325052923386042407e-03
1.725392923754634921e+03 -3.367679885478303253e-03 -7.147620093092901805e-03
1.725408655056046427e+03 -3.375782812281653746e-03 -7.053610232879608047e-03
1.725424381811660851e+03 -3.382819523508012998e-03 -6.958524039941778837e-03
1.725440100322804483e+03 -3.390276906109363116e-03 -6.865206924810073573e-03
1.725471506018176115e+03 -3.400619627575569327e-03 -6.697565281494161256e-03
1.725487203338692325e+03 -3.404530687490741215e-03 -6.664507931074308868e-03
1.725502904858881720e+03 -3.408121849699296234e-03 -6.676303687009147239e-03
1.725534306907903101e+03 -3.415986347930016591e-03 -6.686635772208905128e-03
1.725550020039130004e+03 -3.420118780928401575e-03 -6.854642268732149581e-03
1.725565749044780887e+03 -3.420205670656862023e-03 -7.124963718029968598e-03
1.725581468466928754e+03 -3.422242561288192392e-03 -7.546681584018052197e-03
1.725612975267952379e+03 -3.420996743761995935e-03 -7.775435229169989221e-03
1.725628764620704487e+03 -3.420896318716222777e-03 -8.057214854048505570e-03
1.725644548912114487e+03 -3.418119053577444843e-03 -8.074711972074920599e-03
1.725660320676532592e+03 -3.416102484441585659e-03 -8.095182937804781126e-03
1.725691810646278100e+03 -3.409822736068374507e-03 -8.261747478701291988e-03
1.725707533452170082e+03 -3.406220204992878742e-03 -8.386254985988507091e-03
1.725723231778789113e+03 -3.402774303854202119e-03 -8.528587261907928305e-03
1.725754612466529125e+03 -3.394071447562346799e-03 -8.844618042540811423e-03
1.725770302318617041e+03 -3.389317975286602110e-03 -9.008294664579422767e-03
1.725785993921050022e+03 -3.384890751360972779e-03 -9.156697140095969648e-03
1.725801702157435102e+03 -3.381097328523961516e-03 -9.285459427700339802e-03
1.725833151492931393e+03 -3.369614834330299669e-03 -9.527668135253717502e-03
1.725848902505932529e+03 -3.364563170990142286e-03 -9.633847588025719333e-03
1.725864663560099643e+03 -3.355759800248927279e-03 -9.716339032990671878e-03
1.725880458449357320e+03 -3.350412829441715926e-03 -9.778729068370494923e-03
1.725912008546368043e+03 -3.336222191449733469e-03 -9.819738022751158327e-03
1.725927757840048571e+03 -3.327483420591515612e-03 -9.800203481693400831e-03
1.725943497629821877e+03 -3.321986456365143021e-03 -9.763521606614098194e-03
1.725974923590298431e+03 -3.309585204454863067e-03 -9.634394873535328391e-03
1.725990622104413205e+03 -3.303387810568612307e-03 -9.551202263644049256e-03
1.726006332738307719e+03 -3.297132131142177774e-03 -9.456806674073434116e-03
1.726022023117477829e+03 -3.291487747591209916e-03 -9.346197702199228116e-03
1.726053305991908928e+03 -3.283182877766363441e-03 -9.121160495944248894e-03
1.726068947406247389e+03 -3.278572308029203703e-03 -9.006915821421438567e-03
1.726084614716638043e+03 -3.277766852590593277e-03 -8.892383889132535191e-03
1.726100310844528622e+03 -3.276016322296056681e-03 -8.784917484887430281e-03
1.726131852043954495e+03 -3.272109952763003083e-03 -8.580187922030111519e-03
1.726147567335386611e+03 -3.269546908510775635e-03 -8.476939307259687487e-03
1.726163253749056821e+03 -3.269640470761131772e-03 -8.374557794646513009e-03
1.726194569794033669e+03 -3.274089520503774622e-03 -8.181688322941671129e-03
1.726210206177552891e+03 -3.277742985853688337e-03 -8.086288898744419668e-03
1.726225841208178736e+03 -3.280949308518233982e-03 -7.994443347572714048e-03
1.726241483665929309e+03 -3.285482624038521104e-03 -7.901928132961699713e-03
1.726272817053514473e+03 -3.298280655538384648e-03 -7.749109298727744483e-03
1.726288517357660567e+03 -3.305406048927389366e-03 -7.690833470404902748e-03
1.726304244796600869e+03 -3.313367489981559021e-03 -7.609865222019407578e-03
1.726320008955429557e+03 -3.322886405063072215e-03 -7.534064541399310838e-03
1.726351583235958742e+03 -3.344099825245191310e-03 -7.388607059402562890e-03
1.726367345145602712e+03 -3.352460085495632090e-03 -7.302155651273642932e-03
1.726383101029610771e+03 -3.361939635471759402e-03 -7.213176966255179130e-03
1.726414565753643956e+03 -3.378228160310380469e-03 -7.027614419492129137e-03
1.726430294382609418e+03 -3.386163968048542128e-03 -6.932640502301400456e-03
1.726446005342364060e+03 -3.391926252576130119e-03 -6.841721975033890693e-03
1.726461712187083094e+03 -3.398601653244215891e-03 -6.755426403686926040e-03
1.726493112750536511e+03 -3.408233118942983163e-03 -6.671544489812942548e-03
1.726508813759746317e+03 -3.411794296274687621e-03 -6.661114650286938978e-03
1.726524510862008810e+03 -3.415385291840229449e-03 -6.622291004924463383e-03
1.726540211780708887e+03 -3.418086584757898654e-03 -6.724187046613492973e-03
1.726571661127877405e+03 -3.422034172710213765e-03 -7.235545633623931445e-03
1.726587389864122542e+03 -3.423908803024497405e-03 -7.599995163592754809e-03
1.726603144573659620e+03 -3.421873266564390108e-03 -7.580612692815072266e-03
1.726634698350524104e+03 -3.419624649431470854e-03 -8.081165067581181499e-03
1.726650491602684497e+03 -3.418991155763693307e-03 -8.073979934921619514e-03
1.726666244837923841e+03 -3.414094759730306773e-03 -8.113312321036588934e-03
1.726681989548950469e+03 -3.411671240795773746e-03 -8.194500313947304312e-03
1.726713438619337694e+03 -3.405087374413070644e-03 -8.430313779710835870e-03
1.726729133337802068e+03 -3.402915814001220007e-03 -8.572506260389127497e-03
1.726744825867534473e+03 -3.399358816915723763e-03 -8.728558078214997823e-03
1.726760518675827598e+03 -3.394794328396464993e-03 -8.891114270785970344e-03
1.726791898505063727e+03 -3.385464597050874807e-03 -9.193964430714416172e-03
1.726807615981155323e+03 -3.380101229213571673e-03 -9.324849211754880629e-03
1.726823340169565654e+03 -3.373716330662573839e-03 -9.445827323903007236e-03
1.726854831408896189e+03 -3.360490117540378303e-03 -9.664800198038132201e-03
1.726870597115510236e+03 -3.355344107461061872e-03 -9.742813180554917712e-03
1.726886392337284406e+03 -3.347632206382246487e-03 -9.795343818070744585e-03
1.726902183308489612e+03 -3.341409171821088653e-03 -9.820745866055843876e-03
1.726933678719547970e+03 -3.327094705955960414e-03 -9.795525395899194743e-03
1.726949408855224874e+03 -3.320323335921990769e-03 -9.754811115805306701e-03
1.726965125427205749e+03 -3.312904431574767005e-03 -9.695558013363350311e-03
1.726980824363547526e+03 -3.307783639895092113e-03 -9.612568576361227995e-03
1.727012241973055552e+03 -3.297382638670504247e-03 -9.428033449748837724e-03
1.727027923429189741e+03 -3.291619855422637641e-03 -9.318647522998681904e-03
1.727043564803090476e+03 -3.286431645716721660e-03 -9.204435272596584589e-03
1.727074846579236919e+03 -3.279403597850033547e-03 -8.976603124651675800e-03
1.727090520513029333e+03 -3.276994453831397897e-03 -8.864237062471752235e-03
1.727106240306741483e+03 -3.274642812984905876e-03 -8.758724212269069359e-03
1.727122015993317518e+03 -3.271676989062406032e-03 -8.655485761065251707e-03
1.727153482796336448e+03 -3.271055314672520389e-03 -8.451141420513180388e-03
1.727169151763918080e+03 -3.271483848135134549e-03 -8.348782788809874095e-03
1.727184810692472865e+03 -3.272726008410691088e-03 -8.252506029811037050e-03
1.727200452704183363e+03 -3.275417913332455758e-03 -8.157419277116452136e-03
1.727231725747064957e+03 -3.281939092619703350e-03 -7.970259115460251106e-03
1.727247374790436879e+03 -3.288008911840967999e-03 -7.876418424529402565e-03
1.727263037407944012e+03 -3.295298294562741277e-03 -7.794197912997022706e-03
1.727294433604831283e+03 -3.308922885371148523e-03 -7.670910581624733153e-03
1.727310170601929485e+03 -3.318837995295021576e-03 -7.588986540294039365e-03
1.727325941682059920e+03 -3.326908327190281761e-03 -7.517015841786346513e-03
1.727341728669598069e+03 -3.336079386009396363e-03 -7.448164678538330731e-03
1.727373282159739574e+03 -3.356409675397184229e-03 -7.277398238934370579e-03
1.727389022206809159e+03 -3.364433900330626465e-03 -7.190249800284243507e-03
1.727404765229572604e+03 -3.372113728989047880e-03 -7.097120524654269846e-03
1.727420485567344940e+03 -3.382611267141281530e-03 -7.001890114465445132e-03
1.727451910715919894e+03 -3.394553169388400248e-03 -6.818785177210032189e-03
1.727467615512446400e+03 -3.398947516052490056e-03 -6.733445168324568922e-03
1.727483313387226190e+03 -3.403044802918717658e-03 -6.670599423219603606e-03
1.727514718415498464e+03 -3.413877863769179503e-03 -6.640241899650982903e-03
1.727530417738921869e+03 -3.417704308736490074e-03 -6.637579891059067899e-03
1.727546127162237781e+03 -3.420184445927113102e-03 -6.768824726843651780e-03
1.727561852485302097e+03 -3.423601107154015770e-03 -6.982996810617851484e-03
1.727593314785526445e+03 -3.423197942688140875e-03 -7.603616721236238808e-03
1.727609072537318070e+03 -3.423317746349386313e-03 -7.622791648182861840e-03
1.727624850695794748e+03 -3.421818679790845225e-03 -7.965688416796875074e-03
1.727640634897748214e+03 -3.418785482353854481e-03 -8.085544244435777239e-03
1.727672169983092090e+03 -3.415259849410647204e-03 -8.137829566572956155e-03
1.727687914058647266e+03 -3.411433268076124407e-03 -8.223641665184572638e-03
1.727703636078659429e+03 -3.407686751191648430e-03 -8.335317692562523029e-03
1.727735033844570580e+03 -3.400306131707559430e-03 -8.615722587627982001e-03
1.727750726182063772e+03 -3.396522618389350053e-03 -8.773570598552660194e-03
1.727766417636018559e+03 -3.392974854416051355e-03 -8.937430738635341806e-03
1.727782108070872482e+03 -3.389434443149061046e-03 -9.095766092349615722e-03
1.727813534345777271e+03 -3.379060640094200003e-03 -9.362071111190263181e-03
1.727829251496557617e+03 -3.372821534293993402e-03 -9.481531359894544361e-03
1.727844997663825325e+03 -3.366320321344846468e-03 -9.599622990080547424e-03
1.727860759362834870e+03 -3.360276806206916045e-03 -9.693947341170591411e-03
1.727892329235283796e+03 -3.346200527229946462e-03 -9.809742415888406813e-03
1.727908108314436731e+03 -3.339125912451629090e-03 -9.830989148536334321e-03
1.727923857937341154e+03 -3.332365389506106515e-03 -9.822105996924450355e-03
1.727955324330911253e+03 -3.318409803671523457e-03 -9.746059855451670931e-03
1.727971030246089640e+03 -3.312706009024717069e-03 -9.679108007829105922e-03
1.727986727152816002e+03 -3.305877643859202100e-03 -9.594686357954271966e-03
1.728002436379617620e+03 -3.299407121253316710e-03 -9.508522654452004896e-03
1.728033813506021033e+03 -3.290275950943531442e-03 -9.289874694540029704e-03
1.728049454470071396e+03 -3.285990214010558325e-03 -9.177467158352268714e-03
1.728065095270526172e+03 -3.280736190990750801e-03 -9.063509047169187802e-03
1.728080749351435770e+03 -3.279189387223562738e-03 -8.948570657483568766e-03
1.728112180007831739e+03 -3.272938457538880023e-03 -8.734636927383411867e-03
1.728127958517282877e+03 -3.272691459240887821e-03 -8.631993831547161988e-03
1.728143685143330686e+03 -3.270904105913869080e-03 -8.530283614588260108e-03
1.728175046274231136e+03 -3.271777841200445690e-03 -8.325675632617038011e-03
1.728190708000305449e+03 -3.273528171853074247e-03 -8.230608995186386792e-03
1.728206344981626899e+03 -3.275310116637975347e-03 -8.134817625146908981e-03
1.728221976268626349e+03 -3.279229283106104790e-03 -8.041540550885215716e-03
1.728253269200972909e+03 -3.289864678302387331e-03 -7.855426713419804557e-03
1.728268941084211065e+03 -3.295627351544477748e-03 -7.779649271474896842e-03
1.728284635602351500e+03 -3.301794713559452667e-03 -7.725953162914915746e-03
1.728300353906570990e+03 -3.311609424759681935e-03 -7.651724238635694043e-03
1.728331881698298048e+03 -3.330838556681318691e-03 -7.502307687314540077e-03
1.728347678460466113e+03 -3.341177423757454336e-03 -7.429900488938318351e-03
1.728363445472393096e+03 -3.349057455110917604e-03 -7.345345519208604582e-03
1.728394952186341470e+03 -3.368153962257104759e-03 -7.167633468607988861e-03
1.728410675335901942e+03 -3.377210533910522412e-03 -7.072914393352698961e-03
1.728426403859576567e+03 -3.382498250817609145e-03 -6.977747711425326058e-03
1.728442117885064135e+03 -3.390849854370970706e-03 -6.884496251010098489e-03
1.728473524017658065e+03 -3.401289337406287853e-03 -6.714910093417483967e-03
1.728489220942729162e+03 -3.405845908307811570e-03 -6.668285282024931544e-03
1.728504922728151769e+03 -3.409284667744769039e-03 -6.683452383847455873e-03
1.728520623265346103e+03 -3.412592370487549810e-03 -6.623752006305385145e-03
1.728552041171681594e+03 -3.419858242952623310e-03 -6.819757220578518200e-03
1.728567769464102867e+03 -3.420729802005887873e-03 -7.065981697720115015e-03
1.728583494148739874e+03 -3.422997269043353673e-03 -7.486293393715781098e-03
1.728615001208115473e+03 -3.421384361394437783e-03 -7.707863793889369736e-03
1.728630793962051257e+03 -3.421102295753590972e-03 -8.032963216817415320e-03
1.728646582547086155e+03 -3.419232011883961177e-03 -8.081253829808596884e-03
1.728662345003100882e+03 -3.416570841626866573e-03 -8.093647173713509543e-03
1.728693832421014577e+03 -3.410419529146104141e-03 -8.260238669039668760e-03
1.728709551598718463e+03 -3.408110145353428731e-03 -8.378769718098342395e-03
1.728725251987668116e+03 -3.404234795022837833e-03 -8.514019139986834031e-03
1.728740941209822495e+03 -3.400309382873467970e-03 -8.660443023583683925e-03
1.728772320101793412e+03 -3.391015203763069613e-03 -8.981969369509606310e-03
1.728788011736432281e+03 -3.386258717040558502e-03 -9.131073853606784183e-03
1.728803723328587012e+03 -3.381636607756660032e-03 -9.265173453293121600e-03
1.728835175857773947e+03 -3.371115211113180372e-03 -9.514357404346569444e-03
1.728850927815203704e+03 -3.365246102202386434e-03 -9.627395508859569462e-03
1.728866690242791947e+03 -3.357292074446461150e-03 -9.714991738057400864e-03
1.728882486232025485e+03 -3.350951204191245092e-03 -9.782561523908581830e-03
1.728914033214941355e+03 -3.336564598758236331e-03 -9.831267479953866018e-03
1.728929780953616500e+03 -3.329005287684469894e-03 -9.814969938020915927e-03
1.728945518043852417e+03 -3.322841975218506199e-03 -9.781474706896338411e-03
1.728961237344709161e+03 -3.317303093414847217e-03 -9.730765173972666729e-03
1.728992639994103911e+03 -3.304691868372501302e-03 -9.574944146072229129e-03
1.729008349129391036e+03 -3.298494806789832329e-03 -9.480882822028189813e-03
1.729024043626284538e+03 -3.293081716924388131e-03 -9.371697052482525284e-03
1.729055345216527030e+03 -3.283393705638619920e-03 -9.146947695585072938e-03
1.729070996363572249e+03 -3.280321919951242893e-03 -9.032819342548721250e-03
1.729086656485904314e+03 -3.278643055132120579e-03 -8.919157976823220008e-03
1.729102351734184367e+03 -3.276113254719271051e-03 -8.811378645911558533e-03
1.729133891773770074e+03 -3.269956263063803457e-03 -8.606565998972692810e-03
1.729149606587536027e+03 -3.270543592983286060e-03 -8.502195439893037512e-03
1.729165287119732966e+03 -3.269875270146937584e-03 -8.399049318668827882e-03
1.729180943422607243e+03 -3.271237524663295204e-03 -8.300712344679312890e-03
1.729212232096484058e+03 -3.277144489795225275e-03 -8.109538790584014389e-03
1.729227867627095293e+03 -3.281381927182596640e-03 -8.016593878091405820e-03
1.729243516240686404e+03 -3.285859054920149507e-03 -7.922979989166642825e-03
1.729274848388239661e+03 -3.297406050673392687e-03 -7.763674363673955456e-03
1.729290547758118464e+03 -3.305097431407256169e-03 -7.708297513790261443e-03
1.729306276941149008e+03 -3.313274949043502806e-03 -7.629360035285640690e-03
1.729322044821877626e+03 -3.321736418023167776e-03 -7.551497615264407028e-03
1.729353621396999415e+03 -3.342118097480774146e-03 -7.407968030295084168e-03
1.729369382238960497e+03 -3.352349801233636423e-03 -7.321194919586037145e-03
1.729385129549396197e+03 -3.361111337938152248e-03 -7.232855560838043381e-03
1.729400877240367208e+03 -3.370883279898918145e-03 -7.141836898977388555e-03
1.729432317031459206e+03 -3.386016323704823302e-03 -6.951038771312033869e-03
1.729448024928526365e+03 -3.392264202599010788e-03 -6.859996387959891792e-03
1.729463731688186726e+03 -3.396658354389156791e-03 -6.773217705601118112e-03
1.729495130381630361e+03 -3.408285083971386315e-03 -6.667073420011189813e-03
1.729510835796155789e+03 -3.412267522266228172e-03 -6.673656800506387772e-03
1.729526532801547546e+03 -3.415540707032265529e-03 -6.614431609192829471e-03
1.729542234456117285e+03 -3.418536668937015820e-03 -6.701811237557234527e-03
1.729573683717411768e+03 -3.421527791824901816e-03 -7.164156330397008880e-03
1.729589417711372789e+03 -3.423679625008274954e-03 -7.571426699035874348e-03
1.729605175698421363e+03 -3.421326850197416950e-03 -7.571065954492241408e-03
1.729620937530092306e+03 -3.421720433055898056e-03 -7.800142447774866157e-03
1.729652522320121534e+03 -3.417821027549389559e-03 -8.082452090193934305e-03
1.729668274858654286e+03 -3.414455020644378402e-03 -8.112071461339893583e-03
1.729684016878837610e+03 -3.412189505862261302e-03 -8.196969078111045540e-03
1.729715459662242893e+03 -3.404774242332244717e-03 -8.418890701884127262e-03
1.729731153469713945e+03 -3.402000333729297745e-03 -8.552055949190980402e-03
1.729746845868863375e+03 -3.399429619491437134e-03 -8.701995197534019219e-03
1.729762537457057078e+03 -3.395763777573133045e-03 -8.858580329449161975e-03
1.729793922703024919e+03 -3.385966377975402949e-03 -9.158805250403819972e-03
1.729809641671755799e+03 -3.381730434243192512e-03 -9.295257265530230961e-03
1.729825362849116800e+03 -3.373806501573007981e-03 -9.418419649497951004e-03
1.729841098817948478e+03 -3.368650703182546422e-03 -9.542312734159438814e-03
1.729872631953505788e+03 -3.355364202527918484e-03 -9.732978083855573295e-03
1.729888424059719682e+03 -3.347785555478577889e-03 -9.790214818928826002e-03
1.729904212505431587e+03 -3.340325907552549930e-03 -9.821271940525488561e-03
1.729935705683896686e+03 -3.327375232418207113e-03 -9.804739878372499551e-03
1.729951432191871618e+03 -3.320503552737206088e-03 -9.767889192129045398e-03
1.729967145387993924e+03 -3.313277727449450392e-03 -9.711190484449190585e-03
1.729982843176863526e+03 -3.307049840040451969e-03 -9.630723323441612790e-03
1.730014258652933449e+03 -3.297140315214336891e-03 -9.449959517475757520e-03
1.730029948007499797e+03 -3.292074952993214159e-03 -9.341525134954080725e-03
1.730045602647934857e+03 -3.286198772937459853e-03 -9.228636150400851626e-03
1.730061243335689369e+03 -3.284157036415626812e-03 -9.116069847924479844e-03
1.730092563341778487e+03 -3.276828081776795264e-03 -8.890497189625944097e-03
1.730108284320320536e+03 -3.274544197307512668e-03 -8.783789323034767518e-03
1.730124064122641585e+03 -3.271507635097331383e-03 -8.680839656743375918e-03
1.730155521979030482e+03 -3.270569307221577252e-03 -8.474300371906278925e-03
1.730171183741811319e+03 -3.271370194296110891e-03 -8.372315187745215173e-03
1.730186844082493963e+03 -3.272192330734279963e-03 -8.275513493785004171e-03
1.730202480866945507e+03 -3.273546720186894937e-03 -8.180077412379071003e-03
1.730233755050147010e+03 -3.281136570579624382e-03 -7.992152567972766672e-03
1.730249406368409154e+03 -3.286243181096622397e-03 -7.896471859399498139e-03
1.730265069602771064e+03 -3.293121448951357843e-03 -7.810680868839912742e-03
1.730280756231087480e+03 -3.301124115932636219e-03 -7.749776534311312096e-03
1.730312207322666154e+03 -3.318164215540756867e-03 -7.606943333230685791e-03
1.730327979050283602e+03 -3.326214771694520865e-03 -7.533852791524142840e-03
1.730343770752979026e+03 -3.335202880836715851e-03 -7.465932716614997154e-03
1.730375317422845455e+03 -3.355485488857088989e-03 -7.296292242206118238e-03
1.730391052912305213e+03 -3.363874362907567916e-03 -7.209152712622452289e-03
1.730406788826797083e+03 -3.371495071197624580e-03 -7.115316094857928805e-03
1.730422510393444099e+03 -3.381645275446694496e-03 -7.020349495542910906e-03
1.730453932966723869e+03 -3.392786618033555822e-03 -6.835920483323181494e-03
1.730469635059986786e+03 -3.398789354693210283e-03 -6.749830542620747012e-03
1.730485332673973971e+03 -3.402620754326682144e-03 -6.680201980418008258e-03
1.730501035120877532e+03 -3.406952883783424899e-03 -6.673815777974596679e-03
1.730532438051583995e+03 -3.416533394675746755e-03 -6.625507740525930604e-03
1.730548149471194847e+03 -3.419989289276922743e-03 -6.742419794286831983e-03
1.730563878586497594e+03 -3.421571804938172093e-03 -6.936295658472735846e-03
1.730595344837998255e+03 -3.422810968391630862e-03 -7.605558053625620547e-03
1.730611101777851218e+03 -3.422744455031570283e-03 -7.584691626494706983e-03
1.730626886352466727e+03 -3.422270029453854980e-03 -7.908529531547763350e-03
1.730642668805256108e+03 -3.419020228659231785e-03 -8.088886431387498632e-03
1.730674197846174593e+03 -3.414003660921037173e-03 -8.138158341419158073e-03
1.730689940888636556e+03 -3.411861740121219060e-03 -8.232463926055959974e-03
1.730705662079720469e+03 -3.407647935267451352e-03 -8.337464980782256785e-03
1.730721363803833583e+03 -3.404912347796434403e-03 -8.459791199403175754e-03
1.730752746423714825e+03 -3.396390449959294216e-03 -8.745389218590493910e-03
1.730768437389133851e+03 -3.392123216069047997e-03 -8.904309345320210803e-03
1.730784128500514726e+03 -3.388325331150109695e-03 -9.057868304235796447e-03
1.730815559453778178e+03 -3.377639868628518494e-03 -9.328288670706173444e-03
1.730831277495811946e+03 -3.372922314860862629e-03 -9.451270014258543462e-03
1.730847027252029875e+03 -3.366857950807140495e-03 -9.573889421611964448e-03
1.730862788429672491e+03 -3.359471991176500409e-03 -9.671910303352782706e-03
1.730894364021779438e+03 -3.346502680732129417e-03 -9.799526445417254539e-03
1.730910135202194851e+03 -3.339954307962606384e-03 -9.825454413811789481e-03
1.730925884888289602e+03 -3.331211804107584492e-03 -9.820755415279052922e-03
1.730941625790782837e+03 -3.325826322096281113e-03 -9.795767866580424102e-03
1.730973051968479467e+03 -3.312542902219678658e-03 -9.689209715404023190e-03
1.730988747242126919e+03 -3.306141469585947672e-03 -9.609756485149396898e-03
1.731004453790178331e+03 -3.299269826186284390e-03 -9.525185174671713106e-03
1.731020161561374380e+03 -3.293455310639311403e-03 -9.419175594485365566e-03
1.731051492524795776e+03 -3.285716014177143124e-03 -9.198104661433587070e-03
1.731067142707900985e+03 -3.278993923382035776e-03 -9.085226474218928081e-03
1.731082796559727058e+03 -3.278689827909750734e-03 -8.971477611942235003e-03
1.731114220708037692e+03 -3.273826028627355340e-03 -8.757654858759124708e-03
1.731130002117331287e+03 -3.274210893882416925e-03 -8.654750398334010858e-03
1.731145723241045062e+03 -3.270513181230709759e-03 -8.551557906381988122e-03
1.731161419197185069e+03 -3.270378076320936550e-03 -8.446738552627564012e-03
1.731192732573669673e+03 -3.273171885997719268e-03 -8.250663617036557360e-03
1.731208369273017979e+03 -3.276128316843814753e-03 -8.154469236609090954e-03
1.731224002241732251e+03 -3.278690849249571177e-03 -8.060410282292384404e-03
1.731255296007097286e+03 -3.289433324527635261e-03 -7.871800652006506055e-03
1.731270967170835320e+03 -3.295335120009872630e-03 -7.791389621680301115e-03
1.731286660252638967e+03 -3.301069090523980464e-03 -7.736267889060620927e-03
1.731302381828627858e+03 -3.309671595355399669e-03 -7.667130661932323489e-03
1.731333918298456183e+03 -3.330496362635433031e-03 -7.516407181509395311e-03
1.731349715792343432e+03 -3.341127554262406964e-03 -7.445359513858148225e-03
1.731365476198314809e+03 -3.348331982189328964e-03 -7.361928279918234647e-03
1.731381234637455691e+03 -3.358566556979385685e-03 -7.272237367836928423e-03
1.731412694921712500e+03 -3.376343343605282214e-03 -7.088405998777077416e-03
1.731428423477380193e+03 -3.382726331131343227e-03 -6.992949249634437293e-03
1.731444135000778942e+03 -3.389891858342991213e-03 -6.899439851807341074e-03
1.731475541434425168e+03 -3.401712974501155430e-03 -6.727995919114008495e-03
1.731491239167266258e+03 -3.406270089487761690e-03 -6.669703672782411295e-03
1.731506940384563904e+03 -3.409984638184328752e-03 -6.682524622265146111e-03
1.731522639476109134e+03 -3.413448156477112434e-03 -6.624387068476783082e-03
1.731554061602410002e+03 -3.419332895635281838e-03 -6.785941826814084407e-03
1.731569789791725725e+03 -3.421552718771403954e-03 -7.009310152017596794e-03
1.731585517202095389e+03 -3.423617565811104459e-03 -7.404846745936217826e-03
1.731601269168969566e+03 -3.423841639427382087e-03 -7.589730106393405631e-03
1.731632821007933217e+03 -3.420737355297173276e-03 -7.990096773324656398e-03
1.731648613979979700e+03 -3.419871975194706346e-03 -8.092912749478370707e-03
1.731664369026480927e+03 -3.415838846112407168e-03 -8.090798639118173055e-03
1.731680115919379432e+03 -3.412626423455647484e-03 -8.164248046159268066e-03
1.731711569536989828e+03 -3.407961250195135593e-03 -8.375227256523669339e-03
1.731727266683998096e+03 -3.405256759327362874e-03 -8.497597098560174741e-03
1.731742960244231654e+03 -3.400984514414249604e-03 -8.636577425100402244e-03
1.731774337266958355e+03 -3.392118144867243591e-03 -8.948414455913778973e-03
1.731790029262480630e+03 -3.387379804680449701e-03 -9.093150387669777721e-03
1.731805743758307926e+03 -3.382039367660874714e-03 -9.228462130383696671e-03
1.731821470117836952e+03 -3.376810112989514501e-03 -9.357832983903432642e-03
1.731852952776118400e+03 -3.363991543993368784e-03 -9.599593150698393015e-03
1.731868717167740897e+03 -3.358253837856620735e-03 -9.691999277675054578e-03
1.731884513171218714e+03 -3.350974986644109782e-03 -9.763441683222708750e-03
1.731900305486741217e+03 -3.345375811321630363e-03 -9.803965075865242462e-03
1.731931803406693462e+03 -3.329927718698147323e-03 -9.808487510739977502e-03
1.731947536729611102e+03 -3.323184816474354566e-03 -9.778818313713993904e-03
1.731963254760823929e+03 -3.316409412251533888e-03 -9.731259635780085612e-03
1.731994653411132049e+03 -3.305533395562404268e-03 -9.581675094951206187e-03
1.732010366561059527e+03 -3.299111455214857533e-03 -9.489862222282159643e-03
1.732026065577691952e+03 -3.293467617142702402e-03 -9.382722168071679428e-03
1.732041731745420293e+03 -3.288670837464861395e-03 -9.272611470038829087e-03
1.732073035494479882e+03 -3.280423548137660888e-03 -9.047703077809837388e-03
1.732088692053478781e+03 -3.278670513250077443e-03 -8.936082502957394189e-03
1.732104387367196978e+03 -3.275845974461644074e-03 -8.828075797522240420e-03
1.732120153615607251e+03 -3.273990661353542737e-03 -8.724364742701379641e-03
1.732151633337516159e+03 -3.271693374388272117e-03 -8.518713141657861462e-03
1.732167308700615649e+03 -3.271027712765990896e-03 -8.414417380576421496e-03
1.732182963287295706e+03 -3.272475698528128953e-03 -8.315963495091676858e-03
1.732214244739441028e+03 -3.277189643547203171e-03 -8.124521135193369520e-03
1.732229882349478885e+03 -3.281415348670860613e-03 -8.029788905558882597e-03
1.732245530765270814e+03 -3.287205049582094581e-03 -7.935121990919526830e-03
1.732261189034666813e+03 -3.292847122407944679e-03 -7.843069774780503031e-03
1.732292565249721520e+03 -3.306202876426447747e-03 -7.716871666985338635e-03
1.732308297112219407e+03 -3.315068287670483796e-03 -7.640571812465746238e-03
1.732324066691517601e+03 -3.323402971791117235e-03 -7.561652472056221673e-03
1.732355643666389597e+03 -3.343421642457978377e-03 -7.419688857801099054e-03
1.732371404916741312e+03 -3.353782711961491095e-03 -7.332522063822435356e-03
1.732387145931293162e+03 -3.361752689170883525e-03 -7.244379382041982694e-03
1.732402889958258584e+03 -3.370799843718223603e-03 -7.152862680788540407e-03
1.732434327029978931e+03 -3.386991487908026267e-03 -6.961782593183168076e-03
1.732450032672921907e+03 -3.394037021708730655e-03 -6.870746772235091469e-03
1.732465738132095794e+03 -3.397620805692472008e-03 -6.783591558777737895e-03
1.732481436098853237e+03 -3.402856012163041517e-03 -6.703425084126641252e-03
1.732512841105785355e+03 -3.414204187610688813e-03 -6.674719715904720886e-03
1.732528542529578999e+03 -3.417348075092171370e-03 -6.605093412543904668e-03
1.732544246188268517e+03 -3.420164644862901636e-03 -6.676091191463737542e-03
1.732575693640909094e+03 -3.422882557382313836e-03 -7.098039071627988694e-03
1.732591432977026443e+03 -3.424591625727250663e-03 -7.510669256651559579e-03
1.732607191248979461e+03 -3.423736481525431214e-03 -7.564593585019267936e-03
1.732622960674564411e+03 -3.423044477723888313e-03 -7.725874454172210887e-03
1.732654539257053784e+03 -3.417880489869521560e-03 -8.087199290882446379e-03
1.732670290581796962e+03 -3.417140613683032277e-03 -8.102753866178738842e-03
1.732686031956352508e+03 -3.413740980745263390e-03 -8.191865242658479679e-03
1.732701757550805723e+03 -3.410330008492845795e-03 -8.295260654635743663e-03
1.732733160433416742e+03 -3.402885352448626732e-03 -8.534960836936273179e-03
1.732748853219677585e+03 -3.400072236509443617e-03 -8.677746437352093847e-03
1.732764544628197200e+03 -3.397054930252091116e-03 -8.832169322245786436e-03
1.732780235099795618e+03 -3.392958282017317657e-03 -8.989706648997872890e-03
1.732811654739684627e+03 -3.383715509784343024e-03 -9.264086455051981708e-03
1.732827373521854497e+03 -3.375785180768293633e-03 -9.389720983964235448e-03
1.732843114314853665e+03 -3.369903579615521859e-03 -9.518210412959662164e-03
1.732874657237412293e+03 -3.357038585223501292e-03 -9.714409444191855411e-03
1.732890442908764498e+03 -3.349580869157645167e-03 -9.773841963429223678e-03
1.732906227531803779e+03 -3.341783738585501866e-03 -9.809108247709861714e-03
1.732921976211626543e+03 -3.336960208650903339e-03 -9.815204732136090585e-03
1.732953443457842468e+03 -3.321879652636320224e-03 -9.763729102546601923e-03
1.732969152796195203e+03 -3.315600216283824328e-03 -9.708363770065406642e-03
1.732984849476518775e+03 -3.308571527118299264e-03 -9.631226513665124001e-03
1.733000551525505216e+03 -3.302678047199832882e-03 -9.553445005774759829e-03
1.733031959806156692e+03 -3.293274951431640618e-03 -9.346539662345035651e-03
1.733047622327648241e+03 -3.288030341162720416e-03 -9.237796073927165980e-03
1.733063273870696321e+03 -3.284340227438221644e-03 -9.125376777824023219e-03
1.733094586378446138e+03 -3.278456643270140618e-03 -8.903115743561026627e-03
1.733110309352333616e+03 -3.275720559676087787e-03 -8.796198417709859621e-03
1.733126088934004883e+03 -3.274189742275980530e-03 -8.693675632121627278e-03
1.733141826669387001e+03 -3.273164813236520074e-03 -8.593061979787076921e-03
1.733173193105807059e+03 -3.273284363981371087e-03 -8.384632980655394932e-03
1.733188853593803969e+03 -3.274286523492815452e-03 -8.288039957994486340e-03
1.733204486142897395e+03 -3.275528416480448859e-03 -8.191404214212105739e-03
1.733220118915721969e+03 -3.279436434610766369e-03 -8.096056330697811929e-03
1.733251412606588246e+03 -3.288807475872654144e-03 -7.906768200407065725e-03
1.733267076572370343e+03 -3.294601304299129597e-03 -7.818685751068770243e-03
1.733282762255485522e+03 -3.302112541551945057e-03 -7.755582974368403250e-03
1.733314220785181305e+03 -3.320799910297734039e-03 -7.615789280642829701e-03
1.733329992694510565e+03 -3.329187683355218277e-03 -7.541528561410040452e-03
1.733345789339233761e+03 -3.338684790363645807e-03 -7.474183737627908101e-03
1.733361560334582691e+03 -3.348405516703512486e-03 -7.394520011721724198e-03
1.733393061523827555e+03 -3.367084506479270205e-03 -7.217556102435972870e-03
1.733408788853630540e+03 -3.375518249676983610e-03 -7.123474351717122739e-03
1.733424513670025135e+03 -3.382758737950655476e-03 -7.028469325337782618e-03
1.733440229878076707e+03 -3.390737446075174199e-03 -6.933507290144171054e-03
1.733471632717696366e+03 -3.401759666244449660e-03 -6.758136098682316316e-03
1.733487330498017400e+03 -3.405922850109869681e-03 -6.685777905794180499e-03
1.733503032846790802e+03 -3.409727318072779904e-03 -6.672451638333212059e-03
1.733534435783413301e+03 -3.417996329944518723e-03 -6.603389478914118739e-03
1.733550150317732232e+03 -3.422448628679568283e-03 -6.713345957815235882e-03
1.733565879739427601e+03 -3.422852190493078876e-03 -6.888634060948732422e-03
1.733581600296393617e+03 -3.425222484609254537e-03 -7.207252111343542822e-03
1.733613108232266995e+03 -3.424598253862406409e-03 -7.553155323280325018e-03
1.733628897949851762e+03 -3.424783132428992072e-03 -7.835646834299530433e-03
1.733644682038182964e+03 -3.422268003023433078e-03 -8.083731482734628562e-03
1.733660452932364933e+03 -3.420476035058679035e-03 -8.081505878730618764e-03
1.733691942652561238e+03 -3.414577557725940321e-03 -8.223611658217647516e-03
1.733707665389153590e+03 -3.411271652533418800e-03 -8.328678552457807749e-03
1.733723364098009370e+03 -3.407942150127819207e-03 -8.444211749997215452e-03
1.733754745076447080e+03 -3.399609484620664829e-03 -8.718161421813308554e-03
1.733770435075872228e+03 -3.394996304331105840e-03 -8.876987992539124919e-03
1.733786126598537976e+03 -3.390658354899188983e-03 -9.029564636635643848e-03
1.733801834760107795e+03 -3.386930605123800696e-03 -9.166385205624693472e-03
1.733833283402728284e+03 -3.375673293822334560e-03 -9.426160382458158293e-03
1.733849034057851895e+03 -3.370744479607404309e-03 -9.552924046844074590e-03
1.733864795177202950e+03 -3.361993674979772348e-03 -9.653056978733247362e-03
1.733880590273614189e+03 -3.356666632807789579e-03 -9.736567101369882765e-03
1.733912139870728424e+03 -3.342564874595673786e-03 -9.813893444145807554e-03
1.733927888673698362e+03 -3.333824279480458730e-03 -9.812461032460027474e-03
1.733943627688458946e+03 -3.328249936919557700e-03 -9.790281792831015753e-03
1.733975052376323447e+03 -3.315484065714299940e-03 -9.686754973742257510e-03
1.733990746500809564e+03 -3.309302003763655697e-03 -9.609279679990777312e-03
1.734006450822679653e+03 -3.302660932561803618e-03 -9.526184952530693251e-03
1.734022161142576806e+03 -3.296583941657473850e-03 -9.422522014538912624e-03
1.734053504749632111e+03 -3.287775426758795562e-03 -9.204890397338075930e-03
1.734069161153231107e+03 -3.282598854156145406e-03 -9.092385990799364132e-03
1.734084812691060733e+03 -3.281506047336586480e-03 -8.980816830062354761e-03
1.734100486088841535e+03 -3.280754106458485565e-03 -8.871883632371168130e-03
1.734132014873945309e+03 -3.276426837755584340e-03 -8.665385350907496911e-03
1.734147733305111160e+03 -3.273158853973149110e-03 -8.561827804644994017e-03
1.734163420460942234e+03 -3.272196648019446048e-03 -8.456544992145402159e-03
1.734194728052516894e+03 -3.276721894498439529e-03 -8.260623887002001287e-03
1.734210362522336936e+03 -3.279547903342048577e-03 -8.163633569022273745e-03
1.734225999678114704e+03 -3.282532974409186049e-03 -8.069648676845687582e-03
1.734241645400757989e+03 -3.286281299418070036e-03 -7.975454245978836135e-03
1.734272966865660692e+03 -3.298380148378825781e-03 -7.797066979783443680e-03
1.734288658602433770e+03 -3.304833494656775686e-03 -7.740168683403721162e-03
1.734304382358126531e+03 -3.312631202038046358e-03 -7.674712791575496323e-03
1.734320144757236676e+03 -3.321682135377661618e-03 -7.592216665750058970e-03
1.734351723256116429e+03 -3.343188012979851111e-03 -7.451744997240839982e-03
1.734367480374065735e+03 -3.351906657442879200e-03 -7.368927595527399906e-03
1.734383231952932874e+03 -3.361561732024793536e-03 -7.279157772213815970e-03
1.734414689493599553e+03 -3.378013651271734481e-03 -7.094217086391125041e-03
1.734430415955201624e+03 -3.386483997741166624e-03 -6.999148948137510519e-03
1.734446124763325315e+03 -3.392509467568939445e-03 -6.906214874612119636e-03
1.734461830076847946e+03 -3.399539042725649874e-03 -6.817255969868729962e-03
1.734493230526759135e+03 -3.409739370437594834e-03 -6.671427578074727582e-03
1.734508932071868912e+03 -3.413432917583193119e-03 -6.680860261114162681e-03
1.734524629470580749e+03 -3.417290802759164175e-03 -6.616549241532421015e-03
1.734540331589005746e+03 -3.420314616815853422e-03 -6.620786993018163390e-03
1.734571782572974826e+03 -3.424831976637799855e-03 -6.956985175068206191e-03
1.734587512719628876e+03 -3.427064868035790881e-03 -7.334230221104586639e-03
1.734603268233066501e+03 -3.425242056778612845e-03 -7.575252766707367934e-03
1.734634822059957969e+03 -3.423599809138363776e-03 -7.934994484569444367e-03
1.734650614874266466e+03 -3.423189113481088768e-03 -8.096775983405028049e-03
1.734666367963836819e+03 -3.418527185998395702e-03 -8.084158505070295625e-03
1.734682112557439723e+03 -3.416382421018261412e-03 -8.153998538863168472e-03
1.734713561323545264e+03 -3.410144771688339467e-03 -8.361193197630453072e-03
1.734729256375760315e+03 -3.408184980020275735e-03 -8.477369902492513237e-03
1.734744949021893717e+03 -3.404882835891468590e-03 -8.611783050135674716e-03
1.734760642174347595e+03 -3.400534688221247114e-03 -8.758242403506373563e-03
1.734792022069382028e+03 -3.391480614531600189e-03 -9.064527055030675504e-03
1.734807739301545098e+03 -3.386265822616682519e-03 -9.203950265005651776e-03
1.734823462776467295e+03 -3.379894829853072585e-03 -9.333020622550505102e-03
1.734854953831639023e+03 -3.366893152644929391e-03 -9.584401317895655317e-03
1.734870719681797709e+03 -3.361814839571488581e-03 -9.680444815659432212e-03
1.734886515035233970e+03 -3.354171627990212758e-03 -9.754080104736523316e-03
1.734902305638699318e+03 -3.347913446780492915e-03 -9.798215847504430226e-03
1.734933800102244959e+03 -3.333656454673363575e-03 -9.808724364460199435e-03
1.734949529312871164e+03 -3.326772098919261213e-03 -9.781641127447397027e-03
1.734965245231419203e+03 -3.319227696149061255e-03 -9.734814168435279233e-03
1.734980943577296330e+03 -3.313682702262784469e-03 -9.663562636633522482e-03
1.735012353449285456e+03 -3.303103578769035677e-03 -9.497464634679764206e-03
1.735028061385019782e+03 -3.297079741454492924e-03 -9.390691815592197567e-03
1.735043733241304608e+03 -3.291897840588174813e-03 -9.282563756651549328e-03
1.735075042138700383e+03 -3.282862389212749810e-03 -9.059995258284832265e-03
1.735090697732249282e+03 -3.281579793160486255e-03 -8.949705566968738091e-03
1.735106396961388555e+03 -3.279037795171496194e-03 -8.841908285634293013e-03
1.735122161702310223e+03 -3.276631972874028634e-03 -8.737547612843635236e-03
1.735153636118311397e+03 -3.274509376348840213e-03 -8.532052130009430344e-03
1.735169306632850748e+03 -3.274239494426945101e-03 -8.427201267658990941e-03
1.735184959225572129e+03 -3.275514972367244652e-03 -8.329313323962247301e-03
1.735200598059703225e+03 -3.277562338499024307e-03 -8.233141895010660447e-03
1.735231873308157219e+03 -3.283419190879139846e-03 -8.042183644612945978e-03
1.735247524660707313e+03 -3.288955324825797860e-03 -7.946442498386054390e-03
1.735263183143328433e+03 -3.295783572745871609e-03 -7.853714361804202404e-03
1.735294562287553163e+03 -3.309176235780219178e-03 -7.724008875819638256e-03
1.735310295857748315e+03 -3.318573837329808797e-03 -7.650921691627283854e-03
1.735326066358414437e+03 -3.326794343052419476e-03 -7.570599462374798944e-03
1.735341855510579762e+03 -3.335547877693016260e-03 -7.503575445900785221e-03
1.735373404482409114e+03 -3.356178118641603512e-03 -7.341584202722893984e-03
1.735389139748333037e+03 -3.364231885783863438e-03 -7.253401742608847277e-03
1.735404878907889270e+03 -3.372278367399017280e-03 -7.160766938182280827e-03
1.735420596562083119e+03 -3.383184686315976290e-03 -7.065887029107881766e-03
1.735452018007924153e+03 -3.395705333745878320e-03 -6.879766359170176940e-03
1.735467721157545611e+03 -3.400546014228467747e-03 -6.791849536918999689e-03
1.735483419076541850e+03 -3.404686428849908793e-03 -6.712552301267858852e-03
1.735514824901477823e+03 -3.415921651022555457e-03 -6.675267719006440677e-03
1.735530524938949156e+03 -3.420219730438017747e-03 -6.594873375950881765e-03
1.735546235752285838e+03 -3.422941392987229655e-03 -6.652001564413654970e-03
1.735561961876064288e+03 -3.426572864995108218e-03 -6.802324077865387099e-03
1.735593426456535781e+03 -3.426849245268742856e-03 -7.450289543110048818e-03
1.735609184627847981e+03 -3.427347527060249904e-03 -7.556100112032546057e-03
1.735624963714864407e+03 -3.426149214418377879e-03 -7.658808792108809556e-03
1.735640746999194107e+03 -3.423343914489495547e-03 -8.017352499985920880e-03
1.735672281460704426e+03 -3.420195596403787473e-03 -8.095869393205192693e-03
1.735688025510864918e+03 -3.416609950252721267e-03 -8.187800509838610852e-03
1.735703747274226089e+03 -3.413087983473588136e-03 -8.291578364106391708e-03
1.735735145423669337e+03 -3.406155205600238343e-03 -8.513364561437372982e-03
1.735750837887180296e+03 -3.402516626701665783e-03 -8.652094217839748774e-03
1.735766529562784854e+03 -3.399100797505222836e-03 -8.802713196403409365e-03
1.735782220064750391e+03 -3.395733260797510495e-03 -8.959329970856176953e-03
1.735813646080736362e+03 -3.385543716689438671e-03 -9.241487760863592235e-03
1.735829362596045712e+03 -3.379533922580449205e-03 -9.367732804883005873e-03
1.735845108496652756e+03 -3.373125524520000605e-03 -9.501491629427399888e-03
1.735860870242182045e+03 -3.367139898947552144e-03 -9.612693981804792259e-03
1.735892440490504441e+03 -3.353285518641592900e-03 -9.768302898161239367e-03
1.735908218943359088e+03 -3.346306207166257086e-03 -9.806458121227785291e-03
1.735923968111658496e+03 -3.339392315713993198e-03 -9.816477138713568945e-03
1.735955433264222393e+03 -3.325324710660832860e-03 -9.770491742312934283e-03
1.735971138470981714e+03 -3.319512396515307290e-03 -9.716396119155019592e-03
1.735986834333677734e+03 -3.312539174620097657e-03 -9.641209043335843137e-03
1.736002534722407745e+03 -3.305999988320283689e-03 -9.563998439007861951e-03
1.736033949057501331e+03 -3.295726991127235529e-03 -9.357836506083719655e-03
1.736049618828886878e+03 -3.291756299543068150e-03 -9.252394298285861879e-03
1.736065278474005254e+03 -3.285260644161369561e-03 -9.139804624416950074e-03
1.736080923044895826e+03 -3.283755737908928586e-03 -9.028805057356498881e-03
1.736112313705876659e+03 -3.278151582242244417e-03 -8.812551496250939712e-03
1.736128089743523560e+03 -3.277767960091107317e-03 -8.709597654073988893e-03
1.736143823559965085e+03 -3.275374372799639416e-03 -8.608370840487513526e-03
1.736175183622199256e+03 -3.275158453576891560e-03 -8.399168380822920332e-03
1.736190839287174867e+03 -3.276882215815951106e-03 -8.302623016461004729e-03
1.736206473261483552e+03 -3.278530829795185241e-03 -8.205662855016129797e-03
1.736222104654180612e+03 -3.281966455813194791e-03 -8.110108629145983128e-03
1.736253401674220868e+03 -3.291751122028191250e-03 -7.919461481916991591e-03
1.736269066520731712e+03 -3.297351165176034323e-03 -7.829194494517275477e-03
1.736284750787801840e+03 -3.303574202303370764e-03 -7.763349519126743446e-03
1.736300464161347918e+03 -3.313001880544206440e-03 -7.706047879401591201e-03
1.736331990277942168e+03 -3.331794508684074799e-03 -7.551046269736234710e-03
1.736347789898358542e+03 -3.342402708880841573e-03 -7.483475587581232651e-03
1.736363552981964631e+03 -3.350084375738963949e-03 -7.404824352542337292e-03
1.736395052092754895e+03 -3.369572564686612939e-03 -7.226896882786335366e-03
1.736410771277593312e+03 -3.378729815125443292e-03 -7.132364450964532622e-03
1.736426498046434972e+03 -3.384415983789729361e-03 -7.037529667735785768e-03
1.736442210191216645e+03 -3.393041752992321993e-03 -6.943335877068182102e-03
1.736473613559105615e+03 -3.404203201368304153e-03 -6.767991314283744106e-03
1.736489311151746278e+03 -3.409000005517562239e-03 -6.692817208350874091e-03
1.736505013258787812e+03 -3.412637493765633898e-03 -6.672245872451153248e-03
1.736520713743153010e+03 -3.416139861017843289e-03 -6.650603333517046169e-03
1.736552133774336653e+03 -3.423847621982683068e-03 -6.688823939172220019e-03
1.736567862707510358e+03 -3.425104888446523811e-03 -6.850549627988060906e-03
1.736583588647250281e+03 -3.427637734771511301e-03 -7.139531556504655901e-03
1.736615097031949517e+03 -3.426656241025055963e-03 -7.535424874070867536e-03
1.736630889781169572e+03 -3.426527320084983650e-03 -7.756925916552913879e-03
1.736646678219109845e+03 -3.424951314125361003e-03 -8.071522547675347159e-03
1.736662439982384058e+03 -3.422443711375599759e-03 -8.080674430450723172e-03
1.736693927123940284e+03 -3.416730724529623564e-03 -8.219183253044584983e-03
1.736709646250600827e+03 -3.414654614528424715e-03 -8.323340522230351229e-03
1.736725347052012694e+03 -3.411023839805407513e-03 -8.426304750146001651e-03
1.736741036616404472e+03 -3.407239858821825562e-03 -8.548879616885645544e-03
1.736772415772792328e+03 -3.398307137654713300e-03 -8.844812271942824669e-03
1.736788107414261731e+03 -3.393677853139921447e-03 -8.994078814503213976e-03
1.736803818848899482e+03 -3.389132364587059323e-03 -9.137480706738020445e-03
1.736835270380222482e+03 -3.378851011461843617e-03 -9.401931815894387298e-03
1.736851022183758232e+03 -3.372992414301430406e-03 -9.533501805010294317e-03
1.736866784805865109e+03 -3.365217834916797799e-03 -9.638141899015094383e-03
1.736882581036903275e+03 -3.358915879194347611e-03 -9.726242986353508813e-03
1.736914127297166488e+03 -3.344599686114630571e-03 -9.809639476090436377e-03
1.736929874428841231e+03 -3.337066307433605994e-03 -9.812242807313728554e-03
1.736945610871625604e+03 -3.330879034968414580e-03 -9.793367296077668330e-03
1.736961329625284407e+03 -3.325121233148881170e-03 -9.754787437977819817e-03
1.736992729046789464e+03 -3.312425804635216881e-03 -9.617316420748641542e-03
1.737008431184735855e+03 -3.305987855363395813e-03 -9.536835087939591823e-03
1.737024142688135498e+03 -3.300240481264807377e-03 -9.434328712509078285e-03
1.737055500710648857e+03 -3.290089517230147548e-03 -9.218683560354509407e-03
1.737071157482350600e+03 -3.286061827763996513e-03 -9.106825446542541475e-03
1.737086803804604642e+03 -3.284276054685491414e-03 -8.996832369391916107e-03
1.737102480962299296e+03 -3.282077554656902436e-03 -8.888310788477963437e-03
1.737134008359173322e+03 -3.275292418583456051e-03 -8.681434948623365649e-03
1.737149725715612021e+03 -3.275243300387934309e-03 -8.577362754120628624e-03
1.737165408505100913e+03 -3.274037521016780541e-03 -8.471416802456797901e-03
1.737181059030114511e+03 -3.275658379826833916e-03 -8.371066969235556321e-03
1.737212340850538794e+03 -3.280993164816487992e-03 -8.177358249315484079e-03
1.737227977224121332e+03 -3.285145377570125504e-03 -8.082341535480814035e-03
1.737243628349807295e+03 -3.289166773696902604e-03 -7.987222689608268478e-03
1.737274951552754828e+03 -3.300572992424346142e-03 -7.805825546888113531e-03
1.737290641889508606e+03 -3.307783296147160951e-03 -7.747035135686921974e-03
1.737306367113340002e+03 -3.315984283422987022e-03 -7.684694741043123292e-03
1.737322132625856284e+03 -3.323888492494008352e-03 -7.602201020204989862e-03
1.737353712879092882e+03 -3.344471096938144913e-03 -7.461285441570166509e-03
1.737369469113442847e+03 -3.354915483086437587e-03 -7.378869102037268098e-03
1.737385212625017857e+03 -3.363691661054284913e-03 -7.289294674276897319e-03
1.737400956768856759e+03 -3.373490415222518517e-03 -7.198638528166064962e-03
1.737432392131719780e+03 -3.389202184950795144e-03 -7.008192162636442402e-03
1.737448098155751950e+03 -3.395816420876965943e-03 -6.915677382645270786e-03
1.737463803248629347e+03 -3.400520122836182824e-03 -6.826591879215805105e-03
1.737495202230805489e+03 -3.412440779646086497e-03 -6.675664995901820636e-03
1.737510907693184663e+03 -3.416654787922780712e-03 -6.677308027918077427e-03
1.737526605251867522e+03 -3.420146208095765656e-03 -6.617654229303207222e-03
1.737542307845491223e+03 -3.423453978525709158e-03 -6.597428858098598921e-03
1.737573758544628618e+03 -3.426949827449339396e-03 -6.907599961646387898e-03
1.737589494082626516e+03 -3.429392748457678504e-03 -7.258839030944879908e-03
1.737605252834257044e+03 -3.427368726329634539e-03 -7.557800018459039787e-03
1.737621015335731727e+03 -3.428000886028027914e-03 -7.549084849235610829e-03
1.737652599110356050e+03 -3.424458057323677071e-03 -8.083122637979223146e-03
1.737668351546494932e+03 -3.421388659476378487e-03 -8.084376458641639313e-03
1.737684093430655366e+03 -3.419299263925685770e-03 -8.143146112429399536e-03
1.737715535991793786e+03 -3.412297433526445978e-03 -8.355012692230415552e-03
1.737731230140920843e+03 -3.409681874195560469e-03 -8.459332625281383924e-03
1.737746922781604326e+03 -3.407330441146700847e-03 -8.586842201314111994e-03
1.737762614546421219e+03 -3.403862494060729514e-03 -8.729702188070054963e-03
1.737794000134709904e+03 -3.394367635341566814e-03 -9.028757364546556238e-03
1.737809718762788179e+03 -3.390307404134491887e-03 -9.174346044933480437e-03
1.737825439295024125e+03 -3.382450713930069530e-03 -9.306011140660166991e-03
1.737841174867052359e+03 -3.377376892743062711e-03 -9.438605265249793569e-03
1.737872708295245729e+03 -3.364303298265803460e-03 -9.663777051697672316e-03
1.737888500406836556e+03 -3.356810898830815768e-03 -9.741040961843871332e-03
1.737904288419671047e+03 -3.349363140985310398e-03 -9.788744927030986961e-03
1.737920038839609560e+03 -3.343983032797973130e-03 -9.810707195856320853e-03
1.737951506347481427e+03 -3.329474568504241748e-03 -9.782544884673442798e-03
1.737967218936664722e+03 -3.322222224289508082e-03 -9.737932248187879461e-03
1.737982916396566225e+03 -3.315757710122445561e-03 -9.669129260705870352e-03
1.738014324427037081e+03 -3.305722125427569026e-03 -9.507951646412684393e-03
1.738030036343206575e+03 -3.300296967913482309e-03 -9.401022547542232238e-03
1.738045720240756282e+03 -3.294642982706319934e-03 -9.296934631689117434e-03
1.738061384329679868e+03 -3.291565387545902256e-03 -9.186097545586852445e-03
1.738092682909954647e+03 -3.283656317442850033e-03 -8.967077323873215086e-03
1.738108386862522138e+03 -3.281378605599619223e-03 -8.859017308712913152e-03
1.738124154399535428e+03 -3.278573061447435585e-03 -8.754136845749030740e-03
1.738155621973639199e+03 -3.276214723080097049e-03 -8.547722662824098344e-03
1.738171285234436027e+03 -3.276403467307480687e-03 -8.443356232975814807e-03
1.738186939292415900e+03 -3.277361786857391646e-03 -8.345021324378977881e-03
1.738202571657737735e+03 -3.278409685940598516e-03 -8.248806184163477023e-03
1.738233845950393061e+03 -3.285592734187506737e-03 -8.057366178158888517e-03
1.738249500654275153e+03 -3.290216960080726612e-03 -7.960061826981978603e-03
1.738265161608396056e+03 -3.296769337529871849e-03 -7.866350103693332818e-03
1.738280837156144344e+03 -3.304843874761603881e-03 -7.786835123079757955e-03
1.738312276697443167e+03 -3.321522641835034269e-03 -7.662761936681872395e-03
1.738328048037154531e+03 -3.329763167812572772e-03 -7.581854004179138656e-03
1.738343842079520073e+03 -3.338376249981041613e-03 -7.514088615394196903e-03
1.738375383858006899e+03 -3.358735827840513433e-03 -7.353626817724613109e-03
1.738391115103085667e+03 -3.367211458194060113e-03 -7.264926334814186468e-03
1.738406847067047011e+03 -3.375138923278642959e-03 -7.171671346798113786e-03
1.738422566670768219e+03 -3.385497645993375878e-03 -7.076949680332206283e-03
1.738453985841685153e+03 -3.397282534851173499e-03 -6.890343762965449662e-03
1.738469686442351758e+03 -3.403637710087263450e-03 -6.802126432454250714e-03
1.738485384600320685e+03 -3.407563045016591755e-03 -6.722555930098897924e-03
1.738501087329447500e+03 -3.412082116574313012e-03 -6.668791970648976428e-03
1.738532490993902229e+03 -3.422234424125135746e-03 -6.592185820595120038e-03
1.738548203433243998e+03 -3.425913577230899412e-03 -6.623132826539682508e-03
1.738563933302098121e+03 -3.427717149297470917e-03 -6.775282789232820249e-03
1.738595402063881920e+03 -3.429627209070413955e-03 -7.380829958286119936e-03
1.738611159436345815e+03 -3.429850119860423149e-03 -7.550857415317902693e-03
1.738626944441761225e+03 -3.429680775265284750e-03 -7.596032523942468362e-03
1.738642726395308273e+03 -3.426636044670975084e-03 -7.958188626027080589e-03
1.738674254897777473e+03 -3.421973759494909700e-03 -8.091386060081980081e-03
1.738689997683142337e+03 -3.420104491276639361e-03 -8.171795279757924219e-03
1.738705718904024934e+03 -3.416099974554563049e-03 -8.284308688303375010e-03
1.738721420877652463e+03 -3.413576487176839432e-03 -8.385420477789196428e-03
1.738752803937261433e+03 -3.405469095744625713e-03 -8.623184018509321563e-03
1.738768495159303939e+03 -3.401371835974951411e-03 -8.771422350907276400e-03
1.738784186375924037e+03 -3.397717378258072185e-03 -8.923380010964584996e-03
1.738815616756465943e+03 -3.387293896904785238e-03 -9.208047937161550206e-03
1.738831334321101849e+03 -3.382720551600806348e-03 -9.337624600672668820e-03
1.738847083617701173e+03 -3.376798072279336895e-03 -9.473663774044054769e-03
1.738862844818151643e+03 -3.369463158996929830e-03 -9.588283244758620885e-03
1.738894420656061811e+03 -3.356702870700560733e-03 -9.753123858707780924e-03
1.738910191275410170e+03 -3.350223715199631119e-03 -9.794324370507159760e-03
1.738925940344393894e+03 -3.341455184310227356e-03 -9.808477036757827158e-03
1.738941680835995840e+03 -3.336050929723843178e-03 -9.798835112303746694e-03
1.738973105897182222e+03 -3.322598597111271410e-03 -9.717797878641023027e-03
1.738988800687715866e+03 -3.316062305132139437e-03 -9.644925940121337055e-03
1.739004499548213289e+03 -3.309219789764337658e-03 -9.570471792871440911e-03
1.739020212804968423e+03 -3.302828255976503289e-03 -9.476004052856265916e-03
1.739051597743771936e+03 -3.294676765137154444e-03 -9.264988756555132821e-03
1.739067259283844351e+03 -3.287198587598268076e-03 -9.153717471153814331e-03
1.739082903870884138e+03 -3.286275697580847647e-03 -9.044612168008683839e-03
1.739114296848303411e+03 -3.280995685758002992e-03 -8.829688059870999250e-03
1.739130073558848835e+03 -3.281230202241835255e-03 -8.726058616431499673e-03
1.739145802314818411e+03 -3.277089032500908605e-03 -8.624341688642379877e-03
1.739161500708449466e+03 -3.275852581995202135e-03 -8.517517010744638309e-03
1.739192806618241320e+03 -3.279279610444869094e-03 -8.318126755153990026e-03
1.739208439276206036e+03 -3.281829357501752156e-03 -8.221031672292105838e-03
1.739224071857252966e+03 -3.284161263690171546e-03 -8.124946398360546884e-03
1.739255371971249588e+03 -3.294007658087581229e-03 -7.932602997094232236e-03
1.739271037289366404e+03 -3.299951889209060737e-03 -7.840172346330692710e-03
1.739286719386272580e+03 -3.305948954948549883e-03 -7.769869626078932182e-03
1.739302434430518588e+03 -3.314023319315948391e-03 -7.715108994399557524e-03
1.739333969181308703e+03 -3.334440181019116510e-03 -7.561428484314531434e-03
1.739349769136226087e+03 -3.345176063407419992e-03 -7.493598277272031476e-03
1.739365524851758892e+03 -3.352478804461164665e-03 -7.416381982690309869e-03
1.739381280169330239e+03 -3.362846486011555284e-03 -7.327309367171889846e-03
1.739412732776450639e+03 -3.380593799685878160e-03 -7.143171160101918944e-03
1.739428459806760657e+03 -3.387392162296700305e-03 -7.047948861387222028e-03
1.739444169634674154e+03 -3.394889359635026079e-03 -6.954098075745364545e-03
1.739475573373830230e+03 -3.407374435950078027e-03 -6.777864263391522766e-03
1.739491271853615444e+03 -3.412136696232585115e-03 -6.700207304489486267e-03
1.739506973041169203e+03 -3.416010886222378175e-03 -6.669502372799572358e-03
1.739522672333544506e+03 -3.419675817102773522e-03 -6.653815803833077781e-03
1.739554096302499374e+03 -3.426101600191462909e-03 -6.659530662925684276e-03
1.739569825345560275e+03 -3.428619259973573422e-03 -6.820392529549457010e-03
1.739585554176986761e+03 -3.431000183111960946e-03 -7.066547870020943589e-03
1.739601307048083754e+03 -3.431461038440043916e-03 -7.481627351306284653e-03
1.739632859251035825e+03 -3.428923952892375202e-03 -7.677902287910879503e-03
1.739648651781230910e+03 -3.428333564941474666e-03 -8.033501569945202328e-03
1.739664406520508692e+03 -3.424453017889315942e-03 -8.091346250396907330e-03
1.739680153348920612e+03 -3.421506423053716564e-03 -8.108373201402977945e-03
1.739711606796158094e+03 -3.417257025277757685e-03 -8.317254428463627045e-03
1.739727304298945910e+03 -3.414802930349196321e-03 -8.414820675589773299e-03
1.739742998172872603e+03 -3.410738768874729040e-03 -8.527712042409665849e-03
1.739774375661755812e+03 -3.402247351555447684e-03 -8.814818211435402479e-03
1.739790067692199955e+03 -3.397679504453055086e-03 -8.959506199335670260e-03
1.739805781963375011e+03 -3.392465811143430092e-03 -9.104093784984002014e-03
1.739821507782622803e+03 -3.387372220943151400e-03 -9.243079005768513670e-03
1.739852989740867088e+03 -3.374737481452588349e-03 -9.507836266306924841e-03
1.739868754138904706e+03 -3.369135761419885140e-03 -9.615884023544287937e-03
1.739884550331034688e+03 -3.361949821308993398e-03 -9.707155394726139225e-03
1.739900342397295390e+03 -3.356435638562605198e-03 -9.765030551795466154e-03
1.739931839240409772e+03 -3.341017764832649849e-03 -9.804591614531491320e-03
1.739947572137887846e+03 -3.334264663050298672e-03 -9.788046969772822709e-03
1.739963289657782752e+03 -3.327356519191272503e-03 -9.752749477764801472e-03
1.739994686175899460e+03 -3.316320992525122625e-03 -9.618504355213148768e-03
1.740010390990301630e+03 -3.309638019301218773e-03 -9.542192436394366511e-03
1.740026103483369297e+03 -3.303878092903365666e-03 -9.440050888647862071e-03
1.740041797934957685e+03 -3.298892921522375652e-03 -9.336379494823120531e-03
1.740073126495785345e+03 -3.289153643490671294e-03 -9.118636384880689227e-03
1.740088772781482248e+03 -3.288130245171024760e-03 -9.010503886559698486e-03
1.740104455779762020e+03 -3.284219386929287336e-03 -8.902752844674838642e-03
1.740120205123674396e+03 -3.282103349702116413e-03 -8.796460718832934886e-03
1.740151692857483795e+03 -3.278549213181143271e-03 -8.591615261398162159e-03
1.740167372335948357e+03 -3.277481075826139695e-03 -8.484680381495125073e-03
1.740183021090490229e+03 -3.279009586757990983e-03 -8.384176209740187152e-03
1.740214295523996498e+03 -3.283225958455637198e-03 -8.190610633873877944e-03
1.740229933599288188e+03 -3.287144211548326256e-03 -8.094046473654309057e-03
1.740245585669159937e+03 -3.292484790646702224e-03 -7.998012075651126512e-03
1.740261246690398366e+03 -3.297760399198732505e-03 -7.902150010049844783e-03
1.740292604210449781e+03 -3.310959592817286617e-03 -7.752494452140422723e-03
1.740308330091909284e+03 -3.319691432031294468e-03 -7.693142650342298279e-03
1.740324097631651739e+03 -3.327750090948802721e-03 -7.611753523279172345e-03
1.740355677435181406e+03 -3.347953207847065814e-03 -7.470042215860859224e-03
1.740371434108989433e+03 -3.358230841766002631e-03 -7.388156027870787165e-03
1.740387170949382607e+03 -3.366145024636335147e-03 -7.298804302216612729e-03
1.740402911077974295e+03 -3.375396528183812351e-03 -7.207461422777485839e-03
1.740434344375087676e+03 -3.392199500415240317e-03 -7.016981433030792907e-03
1.740450047916168614e+03 -3.399676360422053227e-03 -6.924641091561457677e-03
1.740465751765246523e+03 -3.403602990015594607e-03 -6.835202823179395600e-03
1.740481449813575409e+03 -3.408895154722672936e-03 -6.751478615371828140e-03
1.740512855128344654e+03 -3.420647777137682515e-03 -6.673155993394176005e-03
1.740528557254684756e+03 -3.424135911268381093e-03 -6.620782443935469518e-03
1.740544261853170610e+03 -3.427243347968654281e-03 -6.577543498086256199e-03
1.740575710977723929e+03 -3.430520978491894551e-03 -6.867726725926850961e-03
1.740591451822312365e+03 -3.432526353266851082e-03 -7.177326150247957670e-03
1.740607210654085293e+03 -3.432054442383703809e-03 -7.536482189801900489e-03
1.740622980823297894e+03 -3.431640654048582345e-03 -7.517889659671132645e-03
1.740654558223695858e+03 -3.426917323999277738e-03 -8.083049307199783109e-03
1.740670309379356013e+03 -3.426422902885186469e-03 -8.086394343294257825e-03
1.740686050603984768e+03 -3.423204008021151455e-03 -8.133487203948132696e-03
1.740701775976683621e+03 -3.420070595977782197e-03 -8.242298436393650715e-03
1.740733179497461379e+03 -3.413057649521321433e-03 -8.443771707853408789e-03
1.740748872499287700e+03 -3.410464564792345041e-03 -8.564079648828630195e-03
1.740764564205534725e+03 -3.407657097711266729e-03 -8.703565431853427931e-03
1.740780254889946036e+03 -3.403762920295181921e-03 -8.857201875157040896e-03
1.740811674248962163e+03 -3.394825891041531978e-03 -9.144402036740984646e-03
1.740827392468953349e+03 -3.387034593176560526e-03 -9.278635600720336676e-03
1.740843132759446689e+03 -3.381274164208184895e-03 -9.415489320409170526e-03
1.740874675641950944e+03 -3.368658989523078129e-03 -9.646550759681691081e-03
1.740890461446783092e+03 -3.361288469910229688e-03 -9.726262789996073174e-03
1.740906245799645149e+03 -3.353569716497227255e-03 -9.777325270137870311e-03
1.740921993849628052e+03 -3.348781894350907895e-03 -9.803342936379254996e-03
1.740953460304509008e+03 -3.333636633173910069e-03 -9.779982528451353421e-03
1.740969169084695295e+03 -3.327317040742879331e-03 -9.737403098410720922e-03
1.740984865531821697e+03 -3.320217460758398756e-03 -9.670448409588383934e-03
1.741000563472528711e+03 -3.314282636239549752e-03 -9.597405883956005440e-03
1.741031986406114356e+03 -3.304317070449369186e-03 -9.406876474939688051e-03
1.741047677007976972e+03 -3.299172087634558419e-03 -9.306743155489259622e-03
1.741063346465972927e+03 -3.294919032319694116e-03 -9.195857502693173535e-03
1.741094641241273166e+03 -3.288353681947719584e-03 -8.979558118892078805e-03
1.741110352441842224e+03 -3.285611986606957937e-03 -8.871328645402800153e-03
1.741126119718071322e+03 -3.283419763785552694e-03 -8.765990833206616095e-03
1.741141865762305315e+03 -3.281455872540148602e-03 -8.666352377599677650e-03
1.741173235588391890e+03 -3.280637883943356321e-03 -8.454602014510897989e-03
1.741188890927107423e+03 -3.281639108069200981e-03 -8.356201264725773153e-03
1.741204518505660189e+03 -3.282694174792136124e-03 -8.258935240184967636e-03
1.741220148744854896e+03 -3.286281097673330199e-03 -8.161587836926781012e-03
1.741251449511863711e+03 -3.294637749120163037e-03 -7.969055666563772122e-03
1.741267112760017881e+03 -3.300259635324093513e-03 -7.874274004596336016e-03
1.741282788180946682e+03 -3.307887472822436392e-03 -7.792369409181288190e-03
1.741314232687423100e+03 -3.326238838890372990e-03 -7.669681425596010932e-03
1.741330005179751879e+03 -3.334309982902012963e-03 -7.588398501291803745e-03
1.741345803708068615e+03 -3.343789729039125733e-03 -7.519696895084547472e-03
1.741361572386887929e+03 -3.353192240840291351e-03 -7.446300671750484546e-03
1.741393065832764933e+03 -3.372091194609593435e-03 -7.271109957397325040e-03
1.741408789323398423e+03 -3.380839592857960707e-03 -7.177757949495833407e-03
1.741424512554710191e+03 -3.388311469294661479e-03 -7.082848942592002810e-03
1.741440227127741309e+03 -3.396660135489359880e-03 -6.988328204664722917e-03
1.741471627006918197e+03 -3.408283057646903542e-03 -6.808952630603039465e-03
1.741487325519781507e+03 -3.412638928133042600e-03 -6.728638296919251666e-03
1.741503028011524748e+03 -3.416694901197170342e-03 -6.670883347478277769e-03
1.741534431738301237e+03 -3.425431589881819221e-03 -6.588345943269556006e-03
1.741550147056579135e+03 -3.430120347833320784e-03 -6.595488526330112351e-03
1.741565877085190095e+03 -3.430851849494923576e-03 -6.748779645238826667e-03
1.741581598966803540e+03 -3.433481084461197964e-03 -6.924230626255371314e-03
1.741613108466882750e+03 -3.433532854811220929e-03 -7.539894528575352868e-03
1.741628898318607071e+03 -3.433984028052481947e-03 -7.542916939444401815e-03
1.741644681947908111e+03 -3.431692613613174236e-03 -7.895868427430622477e-03
1.741660452392725801e+03 -3.430114282747448017e-03 -8.099274482254940899e-03
1.741691941754796517e+03 -3.424662257343508241e-03 -8.166190677985886437e-03
1.741707664498612530e+03 -3.421579505917859802e-03 -8.276059073364094854e-03
1.741723363616364850e+03 -3.418471290620829234e-03 -8.371508568396841474e-03
1.741754745135259782e+03 -3.410571988333721549e-03 -8.598220179212637954e-03
1.741770435470628854e+03 -3.406160560716371428e-03 -8.744478918002156903e-03
1.741786127119583170e+03 -3.401992251857296253e-03 -8.894288194547263909e-03
1.741801835226033973e+03 -3.398417503523762980e-03 -9.038350461884080145e-03
1.741833282957504025e+03 -3.387444057327822916e-03 -9.313012788636167508e-03
1.741849033152173433e+03 -3.382647299730387556e-03 -9.453497907475478385e-03
1.741864794185325081e+03 -3.374006224835825012e-03 -9.573082420071215778e-03
1.741880589363591980e+03 -3.368804057651526331e-03 -9.673966605191841941e-03
1.741912138617241908e+03 -3.354880884450663070e-03 -9.786376782408569633e-03
1.741927886809995471e+03 -3.346159339117812850e-03 -9.804732371303630234e-03
1.741943625611665084e+03 -3.340617277569774175e-03 -9.797087470433320233e-03
1.741975049297401029e+03 -3.327755073855576985e-03 -9.719080376582355310e-03
1.741990743206063371e+03 -3.321310208907817755e-03 -9.646783588926923642e-03
1.742006440358114332e+03 -3.314631582868523153e-03 -9.575028061446931929e-03
1.742022153183513183e+03 -3.308382319346484489e-03 -9.481293014590136403e-03
1.742053548340611314e+03 -3.299172575943547583e-03 -9.273772651323562363e-03
1.742069209907979484e+03 -3.293667716662987757e-03 -9.162922036530164738e-03
1.742084854238290291e+03 -3.291672076746249374e-03 -9.055136794385621607e-03
1.742100516234766928e+03 -3.292001987111490332e-03 -8.948025690530802753e-03
1.742132027150928934e+03 -3.285940955708757574e-03 -8.736724398247828344e-03
1.742147751231510483e+03 -3.282717940842784857e-03 -8.634963694062806200e-03
1.742163441344366902e+03 -3.280521993382048279e-03 -8.527410411727226122e-03
1.742194742836864862e+03 -3.285542588787090067e-03 -8.327641551656285099e-03
1.742210371924972378e+03 -3.287644360486163646e-03 -8.229649623170557163e-03
1.742226007620952714e+03 -3.290493200398459783e-03 -8.133601808232342883e-03
1.742241656546920467e+03 -3.293683484887234038e-03 -8.037965221082138054e-03
1.742272979077673199e+03 -3.305415463736878241e-03 -7.846380378103078382e-03
1.742288660425689613e+03 -3.311584103644015474e-03 -7.773045713793113286e-03
1.742304376454678504e+03 -3.318999680043736595e-03 -7.719993298906111315e-03
1.742320134380339141e+03 -3.327824290320638683e-03 -7.644232533583843713e-03
1.742351716743845827e+03 -3.349440618798418291e-03 -7.497990109375860315e-03
1.742367468862527630e+03 -3.358214266917565298e-03 -7.421770660365731125e-03
1.742383217278703796e+03 -3.367984737083148505e-03 -7.333124553050460355e-03
1.742414668112669233e+03 -3.384360321595232968e-03 -7.147576454836381335e-03
1.742430393513394847e+03 -3.393144803578585032e-03 -7.052527493315596981e-03
1.742446100606031223e+03 -3.399509177778052473e-03 -6.959464877422158642e-03
1.742461804323493880e+03 -3.406966755033312335e-03 -6.868090609730964809e-03
1.742493205043463831e+03 -3.417450753215005386e-03 -6.704485349514358906e-03
1.742508906422993277e+03 -3.421270355025362534e-03 -6.668254758479639534e-03
1.742524604269108522e+03 -3.425280508574108772e-03 -6.653359470860738603e-03
1.742540307288463509e+03 -3.428584543453614287e-03 -6.565027895169191566e-03
1.742571759486706014e+03 -3.433655462893224052e-03 -6.794889708047761184e-03
1.742587490964026074e+03 -3.436179281514341929e-03 -6.998178780324841065e-03
1.742603247108375172e+03 -3.434638016602685646e-03 -7.422718669290273401e-03
1.742634801080338093e+03 -3.433506385982131905e-03 -7.606978179869598733e-03
1.742650593425553552e+03 -3.433319468268327106e-03 -7.982438848218332064e-03
1.742666346286939870e+03 -3.428815294461026297e-03 -8.090360882767485412e-03
1.742682090775188044e+03 -3.426893928881036624e-03 -8.102641164765316678e-03
1.742713539508725489e+03 -3.421079855016305633e-03 -8.300031499883651215e-03
1.742729234987303016e+03 -3.419334847085873669e-03 -8.394259994962002813e-03
1.742744927908612908e+03 -3.416229165504332255e-03 -8.503131591695634039e-03
1.742760621307481870e+03 -3.412050903345473750e-03 -8.633098998308826738e-03
1.742792001555280194e+03 -3.403367961974241608e-03 -8.928371992850557895e-03
1.742807718676056083e+03 -3.398295143004264642e-03 -9.076539702187576969e-03
1.742823441717069954e+03 -3.392082911811059639e-03 -9.214584912132933042e-03
1.742854931797668087e+03 -3.379287289308857169e-03 -9.486756768061831852e-03
1.742870697428318408e+03 -3.374352715567908913e-03 -9.600220898161072880e-03
1.742886493046712758e+03 -3.366816825135171901e-03 -9.692541829451435317e-03
1.742902283525000030e+03 -3.360662428837010111e-03 -9.752997898360510343e-03
1.742933777058935675e+03 -3.346473951549342341e-03 -9.801551172646612645e-03
1.742949506136260197e+03 -3.339556265187988791e-03 -9.787766033055880777e-03
1.742965221589360453e+03 -3.331972616020856173e-03 -9.754520694786694354e-03
1.742980919473470976e+03 -3.326453956176856491e-03 -9.695928669920902965e-03
1.743012319588897981e+03 -3.315355283222503474e-03 -9.549521532998110976e-03
1.743028038047639939e+03 -3.309390444507048085e-03 -9.446374746065230865e-03
1.743043735754215277e+03 -3.304444082312494625e-03 -9.346423845440855749e-03
1.743075064916435849e+03 -3.294208032490288530e-03 -9.130681142600271735e-03
1.743090711972030476e+03 -3.294087749219189523e-03 -9.023826769945906059e-03
1.743106399766659251e+03 -3.290496858233667252e-03 -8.916703873756317081e-03
1.743122148982241924e+03 -3.288162076031937546e-03 -8.808851364436858650e-03
1.743153629718049388e+03 -3.284985833678665413e-03 -8.604009052224755039e-03
1.743169304703491207e+03 -3.284301955521186367e-03 -8.496506391946954950e-03
1.743184952648641229e+03 -3.285419965911917650e-03 -8.396111684071018086e-03
1.743200587486105178e+03 -3.286937597485534764e-03 -8.299082902252613927e-03
1.743231858059610659e+03 -3.292296189422943154e-03 -8.104699084314397409e-03
1.743247513554054422e+03 -3.297431355559082584e-03 -8.007519231044474620e-03
1.743263175680505810e+03 -3.303874655097688382e-03 -7.911384072660267164e-03
1.743294538062615402e+03 -3.316850630374212992e-03 -7.757176083421813903e-03
1.743310264320678471e+03 -3.325915136216169021e-03 -7.700093851723935172e-03
1.743326033337853687e+03 -3.334177259889711548e-03 -7.619275322197614081e-03
1.743341824040684287e+03 -3.342811479253192473e-03 -7.546636802839086673e-03
1.743373368225823469e+03 -3.363580663173840624e-03 -7.395137320458380729e-03
1.743389099429064800e+03 -3.371510254368404250e-03 -7.306167421822471614e-03
1.743404834930130392e+03 -3.379859509975835247e-03 -7.213120568849558552e-03
1.743420550686667184e+03 -3.390993722651629207e-03 -7.118743940036071846e-03
1.743451969291882733e+03 -3.404279628272796274e-03 -6.931703005871461300e-03
1.743467671264824503e+03 -3.409318587292730230e-03 -6.841504280194522086e-03
1.743483369540314470e+03 -3.413503698895136666e-03 -6.759153726345081686e-03
1.743514775582814991e+03 -3.425190484323482627e-03 -6.672311933161824068e-03
1.743530476418281523e+03 -3.429822445864712244e-03 -6.622592557348093954e-03
1.743546187749997671e+03 -3.432701164148458956e-03 -6.558569792927365465e-03
1.743561914236643361e+03 -3.436586754259335266e-03 -6.671548460292335732e-03
1.743593381026125599e+03 -3.437387925997481466e-03 -7.095123829662574808e-03
1.743609139574982237e+03 -3.438214636295471374e-03 -7.501931838801825618e-03
1.743624919038821190e+03 -3.437270288206545517e-03 -7.497916363105552873e-03
1.743640701756210092e+03 -3.434701352052508313e-03 -7.700647318293792933e-03
1.743672235747341347e+03 -3.431935627444501410e-03 -8.089730293569833211e-03
1.743687979481948105e+03 -3.428509746197070003e-03 -8.121244976352999870e-03
1.743703701179414338e+03 -3.425209966944852986e-03 -8.227222309168141789e-03
1.743735100088268837e+03 -3.418669217116426014e-03 -8.420783287168526199e-03
1.743750792792202446e+03 -3.415246318860177231e-03 -8.534390775212362390e-03
1.743766484823632481e+03 -3.412033653324974495e-03 -8.671776923085017241e-03
1.743782175550826423e+03 -3.408845921508172044e-03 -8.819495896610856853e-03
1.743813601380117689e+03 -3.398942167291331244e-03 -9.113120344483676555e-03
1.743829317426926536e+03 -3.393012769307351701e-03 -9.245441384417770261e-03
1.743845062625444143e+03 -3.386727859830899589e-03 -9.385339465735676942e-03
1.743860824218190146e+03 -3.380882772224568129e-03 -9.516192583823392115e-03
1.743892394453481074e+03 -3.367216825240334534e-03 -9.707376768374662707e-03
1.743908172932347497e+03 -3.360302388935481818e-03 -9.760998507718002953e-03
1.743923921537612614e+03 -3.353481361162279507e-03 -9.792218117911611133e-03
1.743955386144985596e+03 -3.339351367285751243e-03 -9.775488868264950101e-03
1.743971090767749274e+03 -3.333468750079326796e-03 -9.735050966097809691e-03
1.743986786415199504e+03 -3.326338315465499507e-03 -9.670091366784885900e-03
1.744002483534306748e+03 -3.319703724825197495e-03 -9.599522573133354233e-03
1.744033908557433051e+03 -3.309007402513487045e-03 -9.412552916885374293e-03
1.744049604956366011e+03 -3.304985485165090262e-03 -9.314348618278593325e-03
1.744065277446761002e+03 -3.298768936648287676e-03 -9.204704061646938607e-03
1.744080916726742089e+03 -3.296841456903436100e-03 -9.097863946428162707e-03
1.744112286365074851e+03 -3.291948082541082312e-03 -8.883381638468744110e-03
1.744128051357614368e+03 -3.290803521557566797e-03 -8.777577015741975380e-03
1.744143792488355075e+03 -3.287799135224607223e-03 -8.677380812956422829e-03
1.744175154296357050e+03 -3.287218308700755667e-03 -8.465497293440605794e-03
1.744190806555673134e+03 -3.288713454696241562e-03 -8.366781065674339449e-03
1.744206434615088938e+03 -3.290001445015563325e-03 -8.269080391387399753e-03
1.744222062510139949e+03 -3.293123459755525548e-03 -8.171632037739236937e-03
1.744253366209385376e+03 -3.301815340318172993e-03 -7.977724118900797468e-03
1.744269031449452996e+03 -3.307102258651821881e-03 -7.881730919023185664e-03
1.744284707248374161e+03 -3.313317644350847503e-03 -7.798178327963552377e-03
1.744300411322846230e+03 -3.322377605425718729e-03 -7.741435411640529458e-03
1.744331932271414871e+03 -3.340568239477080884e-03 -7.595063056584783721e-03
1.744347733410420688e+03 -3.351466295489551658e-03 -7.525169186162174173e-03
1.744363492900194160e+03 -3.358996878940458120e-03 -7.452397369620252301e-03
1.744394984385516636e+03 -3.378596995392845175e-03 -7.276961581084947714e-03
1.744410700412349570e+03 -3.387896531453415613e-03 -7.182795486938641817e-03
1.744426425861925509e+03 -3.393850166204024840e-03 -7.088083701359161951e-03
1.744442136339329636e+03 -3.402904804678875180e-03 -6.994312299699624418e-03
1.744473537421628407e+03 -3.414521435590921195e-03 -6.815272048889468685e-03
1.744489235598058258e+03 -3.419531531194031429e-03 -6.734343796976395742e-03
1.744504937773001302e+03 -3.423374411907095100e-03 -6.674314545489329689e-03
1.744520638547657882e+03 -3.427059615983719856e-03 -6.670848603181621025e-03
1.744552059779732190e+03 -3.435253140839423548e-03 -6.569756978868235113e-03
1.744567789385579999e+03 -3.436747594141632573e-03 -6.718455400801444898e-03
1.744583516485418841e+03 -3.439552674478511037e-03 -6.887894099808741441e-03
1.744615026133110177e+03 -3.439189559927000213e-03 -7.528310403620321924e-03
1.744630818906363402e+03 -3.439287972486853705e-03 -7.506300463237673519e-03
1.744646606621326328e+03 -3.437910368494744018e-03 -7.808349390275700665e-03
1.744662368223346675e+03 -3.435635655478584856e-03 -8.087227179315955097e-03
1.744693854941028803e+03 -3.430297949092414589e-03 -8.147934586003626606e-03
1.744709574224107882e+03 -3.428428850738080968e-03 -8.260763544123571681e-03
1.744725275387136207e+03 -3.424966306925918483e-03 -8.355604988292237092e-03
1.744740965150969259e+03 -3.421409288794857641e-03 -8.449433311463611096e-03
1.744772345030859242e+03 -3.412820588337590021e-03 -8.711898195755241048e-03
1.744788036871424310e+03 -3.408363104827459838e-03 -8.857048861809184090e-03
1.744803748387046426e+03 -3.404005595155770465e-03 -9.005149831977320857e-03
1.744835199139875385e+03 -3.393963039600131609e-03 -9.279079358721350340e-03
1.744850950340521422e+03 -3.388290353043890528e-03 -9.422028787029215063e-03
1.744866712665891555e+03 -3.380549803487703942e-03 -9.544998127925707204e-03
1.744882508981491583e+03 -3.374406690067057683e-03 -9.648516284877535834e-03
1.744914055182191760e+03 -3.360266250819130430e-03 -9.767108154745955673e-03
1.744929801879138267e+03 -3.352707243777215771e-03 -9.789023261998828010e-03
1.744945538281539257e+03 -3.346591551767061183e-03 -9.784647903385986292e-03
1.744961256665452538e+03 -3.340811837589677258e-03 -9.759616319881023183e-03
1.744992655253261773e+03 -3.327707683406519804e-03 -9.642008586577955134e-03
1.745008350928930895e+03 -3.321242664334869525e-03 -9.573659287033643370e-03
1.745024063299368663e+03 -3.315361746860678947e-03 -9.481063832553451171e-03
1.745055467668378697e+03 -3.304908671586888162e-03 -9.278091201873173155e-03
1.745071125979098042e+03 -3.300922656861183906e-03 -9.169589894754231335e-03
1.745086767726342032e+03 -3.298467859319855530e-03 -9.063753314328824168e-03
1.745102436479347716e+03 -3.296952477684680569e-03 -8.957730147509418428e-03
1.745133946322744123e+03 -3.290130107617884273e-03 -8.746244245612449023e-03
1.745149666561166214e+03 -3.290272318441744229e-03 -8.644480117696392088e-03
1.745165351913696668e+03 -3.288149519039421879e-03 -8.536918338771742540e-03
1.745181000058854806e+03 -3.289916206269947671e-03 -8.433776918476113341e-03
1.745212273510865089e+03 -3.294490704249385549e-03 -8.237725785532157979e-03
1.745227907760757034e+03 -3.298266933104268984e-03 -8.140858704835917878e-03
1.745243561458344630e+03 -3.301749751485951682e-03 -8.044364287793983118e-03
1.745274887153738291e+03 -3.312452818514541753e-03 -7.851728134450669874e-03
1.745290568608018248e+03 -3.319001764915028695e-03 -7.776532392854151182e-03
1.745306285393087364e+03 -3.326844433480518216e-03 -7.723502886767672458e-03
1.745322046397764780e+03 -3.334497776689673582e-03 -7.649262755351569042e-03
1.745353628601809760e+03 -3.355509773362480835e-03 -7.502171156619386050e-03
1.745369380024985730e+03 -3.365839027935338748e-03 -7.426404761533811870e-03
1.745385119719116801e+03 -3.374676376146339401e-03 -7.338552719405159498e-03
1.745400860352285918e+03 -3.384598636533642582e-03 -7.246499960005775391e-03
1.745432292141306107e+03 -3.400645221132733535e-03 -7.057006066443120319e-03
1.745447996216381171e+03 -3.407577551244508549e-03 -6.964374790403438618e-03
1.745463700214845630e+03 -3.412787135356400593e-03 -6.873103506250383826e-03
1.745495099193317401e+03 -3.424876327461706498e-03 -6.709067494179292955e-03
1.745510804632405780e+03 -3.429160167072058119e-03 -6.668940063880397437e-03
1.745526502831737389e+03 -3.432892323179858630e-03 -6.653558455631630904e-03
1.745542206205638649e+03 -3.436512930338320778e-03 -6.555042346044499119e-03
1.745573658346907905e+03 -3.440544152717843387e-03 -6.765390672527459535e-03
1.745589394861386154e+03 -3.443262754780298043e-03 -6.945942951323743828e-03
1.745605154025336105e+03 -3.441484484769142226e-03 -7.342460297321697082e-03
1.745620916920549917e+03 -3.442428383113689191e-03 -7.514599561100203905e-03
1.745652499978972628e+03 -3.439395955501729860e-03 -7.923475776320049180e-03
1.745668252067474214e+03 -3.436389273426812205e-03 -8.096700701753997004e-03
1.745683993854796881e+03 -3.434536202481686118e-03 -8.095316704783885736e-03
1.745715436637738549e+03 -3.427954092583151199e-03 -8.292061500232976445e-03
1.745731131160177711e+03 -3.425585259788265207e-03 -8.381586698390348922e-03
1.745746824020416625e+03 -3.423421067190031593e-03 -8.480023028078586059e-03
1.745762516175257360e+03 -3.420100203645658199e-03 -8.607278899214407253e-03
1.745793902006914095e+03 -3.410969570862506812e-03 -8.894971595827892014e-03
1.745809620776891506e+03 -3.407002234106362021e-03 -9.045026510349055832e-03
1.745825341074332982e+03 -3.399318278582196071e-03 -9.180681506089334934e-03
1.745841075851442383e+03 -3.394391887810301912e-03 -9.317240944478210121e-03
1.745872608250746907e+03 -3.381542719875146440e-03 -9.572753874388906584e-03
1.745888400927741941e+03 -3.374125090391855847e-03 -9.667808012978545279e-03
1.745904189089048941e+03 -3.366804009174409213e-03 -9.730015549122793955e-03
1.745935680447807499e+03 -3.353964133609545813e-03 -9.785689063367334142e-03
1.745951406319726857e+03 -3.346925931248323407e-03 -9.774828032086756158e-03
1.745967118537022998e+03 -3.339596866130033811e-03 -9.743356743140980936e-03
1.745982815578198597e+03 -3.333125596395876845e-03 -9.687476543341762628e-03
1.746014214297474609e+03 -3.322631998853234001e-03 -9.547066614367520285e-03
1.746029933630250071e+03 -3.317347075805158162e-03 -9.445323290971132865e-03
1.746045640877924370e+03 -3.311799815181382285e-03 -9.349477727309690039e-03
1.746061323584212914e+03 -3.308216829886292606e-03 -9.242597318416067784e-03
1.746092615754578219e+03 -3.300882354958952197e-03 -9.031679908265718634e-03
1.746108309458794793e+03 -3.298566222503765150e-03 -8.924583348901615754e-03
1.746124057670103866e+03 -3.296247009406948290e-03 -8.816746384325885658e-03
1.746155533295383293e+03 -3.293397219915269146e-03 -8.611114165470206555e-03
1.746171200368696191e+03 -3.293029741352613681e-03 -8.504521123560185650e-03
1.746186851411477392e+03 -3.293901088342279793e-03 -8.403455384719930171e-03
1.746202479570749574e+03 -3.294487904657078439e-03 -8.306615951914409976e-03
1.746233748375724417e+03 -3.300683306486274730e-03 -8.111931239313634190e-03
1.746249406461994795e+03 -3.304824106256547007e-03 -8.013245525932534072e-03
1.746265070954044177e+03 -3.310966153991265308e-03 -7.916841012310474671e-03
1.746280740923943995e+03 -3.318586217943664089e-03 -7.824199524924210433e-03
1.746312163468643121e+03 -3.334548790159449702e-03 -7.702910975888440683e-03
1.746327933293166097e+03 -3.342676696613765958e-03 -7.623757212175178571e-03
1.746343727917878823e+03 -3.351351949735294124e-03 -7.550105648220420580e-03
1.746375264170719220e+03 -3.371556920400100698e-03 -7.399078492584164335e-03
1.746390990946367992e+03 -3.380023242383197509e-03 -7.310374527852224295e-03
1.746406719735358138e+03 -3.388228533942215601e-03 -7.216235902092033548e-03
1.746422437373815910e+03 -3.398949560715161869e-03 -7.122277840708356005e-03
1.746453853516871050e+03 -3.411356999780691332e-03 -6.935101091900483690e-03
1.746469553511698223e+03 -3.417838636178737594e-03 -6.844777998124913256e-03
1.746485251899771356e+03 -3.421864568948067634e-03 -6.762914780092137666e-03
1.746500954695296741e+03 -3.426595474896464762e-03 -6.688151120926008608e-03
1.746532359379220907e+03 -3.437396829946516141e-03 -6.623118940258794322e-03
1.746548072365237658e+03 -3.441152628989345257e-03 -6.541075670493922030e-03
1.746563802442772158e+03 -3.443312429476032884e-03 -6.633851066940320979e-03
1.746595273185212818e+03 -3.445618050265689299e-03 -7.020902041166658496e-03
1.746611031004600818e+03 -3.446218033286980835e-03 -7.447106164281993602e-03
1.746626816184293375e+03 -3.446248414796944468e-03 -7.490280441586708374e-03
1.746642597493434323e+03 -3.443394479473780787e-03 -7.624561744144631517e-03
1.746674125662293818e+03 -3.439213343785573352e-03 -8.097667134715781298e-03
1.746689868324645659e+03 -3.437417762829205956e-03 -8.110591104450656785e-03
1.746705589269309257e+03 -3.433606510489419037e-03 -8.209757862677176041e-03
1.746721291821988416e+03 -3.431271278823146489e-03 -8.315389620490351227e-03
1.746752675487747410e+03 -3.423559994807625663e-03 -8.507610701432096953e-03
1.746768367160956586e+03 -3.419671331309709263e-03 -8.642413833845466464e-03
1.746784058607102224e+03 -3.416234389053756423e-03 -8.782689513257483163e-03
1.746815489207031305e+03 -3.406036239311633750e-03 -9.077341929294826042e-03
1.746831206032798036e+03 -3.401550868056928568e-03 -9.209419268325781671e-03
1.746846954562759265e+03 -3.395675544779430243e-03 -9.351772486049561225e-03
1.746862715522440340e+03 -3.388559735711381762e-03 -9.485405224067827365e-03
1.746894291073128670e+03 -3.375941767007291372e-03 -9.681213243134062507e-03
1.746910062236709791e+03 -3.369528189734623518e-03 -9.737704574799475182e-03
1.746925810896367011e+03 -3.360842680092432193e-03 -9.772514046640692550e-03
1.746941551315554307e+03 -3.355435299206789915e-03 -9.777696297364161723e-03
1.746972975554569985e+03 -3.341848963611900036e-03 -9.723595534098626245e-03
1.746988670214523836e+03 -3.335145901727961260e-03 -9.661410754512961274e-03
1.747004366469825527e+03 -3.328224496917564675e-03 -9.594196240804715725e-03
1.747020072659721109e+03 -3.321903473679641266e-03 -9.514491945150489044e-03
1.747051497767843102e+03 -3.312955455124549833e-03 -9.315617841586566056e-03
1.747067168191500741e+03 -3.306394364645530177e-03 -9.208524692535902806e-03
1.747082809005296212e+03 -3.305075051537448121e-03 -9.103909401236632767e-03
1.747114181457691984e+03 -3.300150450433793955e-03 -8.891845984845903397e-03
1.747129946738697072e+03 -3.300462986679853373e-03 -8.785077392266190527e-03
1.747145685569180387e+03 -3.296052262958329860e-03 -8.684267835253082699e-03
1.747161383945672696e+03 -3.294861402053803935e-03 -8.578103209303430607e-03
1.747192688336538140e+03 -3.297982728696133899e-03 -8.373967811748664336e-03
1.747208314430650944e+03 -3.299842182854440236e-03 -8.276352053132410638e-03
1.747223942178357220e+03 -3.301949868664131281e-03 -8.178518686772081117e-03
1.747255248848430710e+03 -3.310607331500381532e-03 -7.983348941641500371e-03
1.747270914280730267e+03 -3.316146740310135527e-03 -7.886255890533360596e-03
1.747286589548301436e+03 -3.321751913094409935e-03 -7.799901353176804351e-03
1.747302295374459618e+03 -3.329340057568205054e-03 -7.742077753880645397e-03
1.747333823060469513e+03 -3.349241899590856865e-03 -7.599457502255788609e-03
1.747349622539872826e+03 -3.360116767697073244e-03 -7.527931320511519094e-03
1.747365374651709317e+03 -3.367579556496300315e-03 -7.456148303104655206e-03
1.747381126428764219e+03 -3.378140107950097608e-03 -7.371909036603396803e-03
1.747412572117435957e+03 -3.395931292415912267e-03 -7.186487802526727448e-03
1.747428297921810781e+03 -3.402887323395301696e-03 -7.091938287389416840e-03
1.747444005810295721e+03 -3.410893893934447644e-03 -6.998142619219206023e-03
1.747475408397957153e+03 -3.423701966834460063e-03 -6.818212418491439997e-03
1.747491106863673622e+03 -3.428712781257851373e-03 -6.736487574355254533e-03
1.747506808105434402e+03 -3.432729778723023813e-03 -6.670960218378725777e-03
1.747522508033029453e+03 -3.436473197921167955e-03 -6.663552018533406250e-03
1.747553932857136715e+03 -3.443459223395659453e-03 -6.544568540382190124e-03
1.747569662784953607e+03 -3.446141465546346053e-03 -6.679347662258473296e-03
1.747585392717924606e+03 -3.448791097715313801e-03 -6.855000886704118966e-03
1.747601145904116265e+03 -3.449670741626501263e-03 -7.119372796896229240e-03
1.747632698298855303e+03 -3.447478942402856621e-03 -7.484133174143351233e-03
1.747648490113044090e+03 -3.447010859998329412e-03 -7.718322929472808298e-03
1.747664244814140829e+03 -3.443405451075959647e-03 -8.059209335740327371e-03
1.747695727389375861e+03 -3.438761266071140629e-03 -8.132756124818977736e-03
1.747711445159726736e+03 -3.436754078053503962e-03 -8.241000855381033427e-03
1.747727143312656153e+03 -3.434387229201115669e-03 -8.338818331613553902e-03
1.747742837124271546e+03 -3.430441196208855372e-03 -8.426145250329950681e-03
1.747774215298057243e+03 -3.422242685241012623e-03 -8.675614747865368487e-03
1.747789907525669150e+03 -3.417816785182632624e-03 -8.818304252397921039e-03
1.747805621960069175e+03 -3.412781149531056088e-03 -8.968762690733579623e-03
1.747821347720273252e+03 -3.407854458747376549e-03 -9.110024825507588922e-03
1.747852827928021952e+03 -3.395486870579621057e-03 -9.388862935831517736e-03
1.747868591935052791e+03 -3.389831477698510356e-03 -9.515822735943318608e-03
1.747884388346437845e+03 -3.382788287303096532e-03 -9.622387800912516470e-03
1.747900180695748986e+03 -3.377350223921501450e-03 -9.696776360857044599e-03
1.747931677198841271e+03 -3.361924697516100076e-03 -9.775079711413784539e-03
1.747947410329822333e+03 -3.355197262771820229e-03 -9.773964090691748818e-03
1.747963127595354990e+03 -3.348345877569977591e-03 -9.752664761005693655e-03
1.747994523601320225e+03 -3.336815916224253071e-03 -9.640642028930935387e-03
1.748010221739175904e+03 -3.330186159035468992e-03 -9.576015283318400212e-03
1.748025932208317727e+03 -3.324267145505918186e-03 -9.484711968124805853e-03
1.748041646184123010e+03 -3.318915420545327268e-03 -9.387687413352529750e-03
1.748073001542737757e+03 -3.309424740789212137e-03 -9.180538639475236892e-03
1.748088643399727289e+03 -3.308275704280709550e-03 -9.076279093741252205e-03
1.748104319055537871e+03 -3.303855542562922614e-03 -8.970855922998328610e-03
1.748120049960704137e+03 -3.302276521081742681e-03 -8.863360205680639869e-03
1.748151544973436103e+03 -3.299852216624292109e-03 -8.657171860673487304e-03
1.748167227179506199e+03 -3.297842621228296283e-03 -8.549378782041931052e-03
1.748182872187353269e+03 -3.299175798088842954e-03 -8.445630146385425460e-03
1.748214137880494718e+03 -3.302604588549874851e-03 -8.249573348320904734e-03
1.748229773508074686e+03 -3.305966636993250274e-03 -8.151284807882420644e-03
1.748245428286165861e+03 -3.310861469048836676e-03 -8.053939733781063232e-03
1.748261094352274768e+03 -3.315478387396559451e-03 -7.956208835394750975e-03
1.748292441099557436e+03 -3.327617457788502580e-03 -7.781579891336852690e-03
1.748308157862565849e+03 -3.336038420532507192e-03 -7.728215485086184847e-03
1.748323920460627733e+03 -3.343961668255592250e-03 -7.657267443354388511e-03
1.748355499913325275e+03 -3.364635930913038430e-03 -7.509149786307563017e-03
1.748371251924656917e+03 -3.374600173642609575e-03 -7.434184093271505901e-03
1.748386984488666485e+03 -3.382514822932379452e-03 -7.347698885017109674e-03
1.748402721161399086e+03 -3.392041662772172800e-03 -7.255024127174929116e-03
1.748434151487506824e+03 -3.409126529938636546e-03 -7.065620990930440888e-03
1.748449853214142649e+03 -3.416912150998493471e-03 -6.972772919592954213e-03
1.748465556717101663e+03 -3.421095940405868494e-03 -6.881380254206712413e-03
1.748481254712313103e+03 -3.426540498700635963e-03 -6.795402404081706330e-03
1.748512660086494634e+03 -3.438470168756952751e-03 -6.664666530213069276e-03
1.748528362955323246e+03 -3.442150305380350505e-03 -6.655374932119031625e-03
1.748544067673341033e+03 -3.445538019123073076e-03 -6.554573106231286091e-03
1.748575518494893458e+03 -3.449200090156130747e-03 -6.729880968172884462e-03
1.748591259830675199e+03 -3.451496356655319939e-03 -6.906693786233319109e-03
1.748607019209501686e+03 -3.451134807832470855e-03 -7.238169924231868148e-03
1.748622789012293879e+03 -3.451109066119556826e-03 -7.520237835928435775e-03
1.748654366241305070e+03 -3.446802017551954360e-03 -7.829335404652413774e-03
1.748670117328631932e+03 -3.446266679247333639e-03 -8.094053766276764622e-03
1.748685858110279469e+03 -3.443325204240105415e-03 -8.098723565556565501e-03
1.748701583641756088e+03 -3.440399192817784543e-03 -8.163256543033027210e-03
1.748732988087252579e+03 -3.433703152057639239e-03 -8.362679317604969700e-03
1.748748681359892089e+03 -3.431354204769907369e-03 -8.453707743151449641e-03
1.748764373378150594e+03 -3.428680691512966169e-03 -8.577071701509283302e-03
1.748780064563127326e+03 -3.424871353428294348e-03 -8.710464073712799113e-03
1.748811483749571153e+03 -3.416248814843354017e-03 -9.005737514792607618e-03
1.748827201764150232e+03 -3.408434910850007080e-03 -9.141450786680211174e-03
1.748842940851064441e+03 -3.402851610698520973e-03 -9.281244958952475713e-03
1.748874482026067881e+03 -3.390339409184841418e-03 -9.543590778252664802e-03
1.748890268847587322e+03 -3.383063616279992705e-03 -9.641651277850047871e-03
1.748906053783513016e+03 -3.375354519315354289e-03 -9.707892869887328052e-03
1.748921801549944348e+03 -3.370704679940150598e-03 -9.756020362925105563e-03
1.748953267874364656e+03 -3.355511373038365212e-03 -9.765543027518185440e-03
1.748968976473527619e+03 -3.349028903670616623e-03 -9.737491090499157675e-03
1.748984672489524655e+03 -3.341929615625477672e-03 -9.685042838717638353e-03
1.749000369726150666e+03 -3.335710439762051404e-03 -9.617827816920467704e-03
1.749031788888162509e+03 -3.325940995115040603e-03 -9.451968471599651520e-03
1.749047503585812365e+03 -3.320594065513186519e-03 -9.357804440123771578e-03
1.749063188050626195e+03 -3.315978646004405592e-03 -9.253114768042027330e-03
1.749094477717842892e+03 -3.309345556617085318e-03 -9.044993231769106815e-03
1.749110180011182365e+03 -3.307851894334280785e-03 -8.938470078242537892e-03
1.749125929373804638e+03 -3.305510331148193721e-03 -8.830383252943859243e-03
1.749141687683028294e+03 -3.303134686760445492e-03 -8.728544553811173543e-03
1.749173060680424896e+03 -3.301946111800943117e-03 -8.517404376397539126e-03
1.749188713853981199e+03 -3.302630287111517262e-03 -8.415960964865675312e-03
1.749204336736279629e+03 -3.303085567058995121e-03 -8.317904273360042164e-03
1.749235603917146364e+03 -3.309983358073628323e-03 -8.123556214242811518e-03
1.749251264160024220e+03 -3.313701233213916554e-03 -8.023274002037634328e-03
1.749266930748839968e+03 -3.318903192207803277e-03 -7.926010515524953282e-03
1.749282601401029297e+03 -3.326206384044345325e-03 -7.832026091405616328e-03
1.749314028409035245e+03 -3.343768557422657078e-03 -7.708492869817422898e-03
1.749329799225886518e+03 -3.351660386867178279e-03 -7.631383400529788419e-03
1.749345596812894883e+03 -3.361314532531034256e-03 -7.556680696592534170e-03
1.749361363552554167e+03 -3.370609440855624247e-03 -7.485892950450386864e-03
1.749392848545697916e+03 -3.389581690003749467e-03 -7.318335711243652980e-03
1.749408569451998801e+03 -3.398466144553699466e-03 -7.223754010960798007e-03
1.749424290897829223e+03 -3.406420000964661358e-03 -7.129726294051229839e-03
1.749440004273128579e+03 -3.414885119418671882e-03 -7.035695128529620770e-03
1.749471402578818697e+03 -3.427058356199899191e-03 -6.853269534685233963e-03
1.749487101146490659e+03 -3.431478238218393755e-03 -6.770552696386332274e-03
1.749502803572583844e+03 -3.435764881329298609e-03 -6.693649120209928249e-03
1.749534208485437830e+03 -3.445043102026198751e-03 -6.628430463378330757e-03
1.749549923875805234e+03 -3.449888770869170059e-03 -6.532689805460504227e-03
1.749565654835669420e+03 -3.450912656275041679e-03 -6.601876466232332701e-03
1.749581377193891058e+03 -3.453642736684298890e-03 -6.779154081941052810e-03
1.749612887742993735e+03 -3.454326829632079800e-03 -7.359080435628883275e-03
1.749628677217702489e+03 -3.454964917096839481e-03 -7.499974364778427480e-03
1.749644460236730310e+03 -3.452765062081592038e-03 -7.563330539423364536e-03
1.749660231096168673e+03 -3.451389760487512826e-03 -7.941051124496070757e-03
1.749691720169365681e+03 -3.446335150830484844e-03 -8.110412158385952794e-03
1.749707442988152707e+03 -3.443245291950392407e-03 -8.194235479650441994e-03
1.749723142408482772e+03 -3.440427507851575271e-03 -8.298209212098551363e-03
1.749754524739439830e+03 -3.432823744844945048e-03 -8.484495365337539619e-03
1.749770215486435973e+03 -3.428586078021769994e-03 -8.612537909464441227e-03
1.749785907355159225e+03 -3.424617081741473858e-03 -8.749300494013385540e-03
1.749801615529429000e+03 -3.421238950689860659e-03 -8.896674028595711117e-03
1.749833062315797406e+03 -3.410392160790609497e-03 -9.175897941454069784e-03
1.749848811816620810e+03 -3.405635501298313363e-03 -9.319384006645288487e-03
1.749864572468709639e+03 -3.397115288309249335e-03 -9.456559664200378523e-03
1.749880367505469621e+03 -3.392095343203963866e-03 -9.570260417746875858e-03
1.749911917392284067e+03 -3.378284681625751996e-03 -9.718695978958170889e-03
1.749927665374520529e+03 -3.369486602915061288e-03 -9.758228349094583837e-03
1.749943404290001808e+03 -3.364011059518508696e-03 -9.766803560409889617e-03
1.749974827280241243e+03 -3.350882936150594883e-03 -9.718744646967928530e-03
1.749990520777971597e+03 -3.344359469737218614e-03 -9.659314983875077337e-03
1.750006215763073897e+03 -3.337595347994826156e-03 -9.595690170744885714e-03
1.750021920740526411e+03 -3.331205611204619312e-03 -9.517437713423093290e-03
1.750053353017666268e+03 -3.321691008093021358e-03 -9.323663585379001612e-03
1.750069020845093291e+03 -3.316773345402325088e-03 -9.219005182345894195e-03
1.750084661460526149e+03 -3.314191154619664046e-03 -9.115526281706788636e-03
1.750100320025644351e+03 -3.314808827078396906e-03 -9.011727547319230494e-03
1.750131810698165509e+03 -3.309226517423751162e-03 -8.797556360374474832e-03
1.750147546444776253e+03 -3.305517015417209180e-03 -8.696412732323077766e-03
1.750163238306759922e+03 -3.303205514533716011e-03 -8.590116129213086482e-03
1.750194538042658678e+03 -3.308082096601418221e-03 -8.385123061851624052e-03
1.750210160214669486e+03 -3.309535836009977559e-03 -8.286522381338635307e-03
1.750225790975118571e+03 -3.312004709300786411e-03 -8.188696966648614101e-03
1.750241440596148095e+03 -3.314802734699410190e-03 -8.091783789197420917e-03
1.750272767379380639e+03 -3.325598577036913833e-03 -7.894242145908888370e-03
1.750288442646662588e+03 -3.331403662016916255e-03 -7.805698278775463454e-03
1.750304149731429561e+03 -3.338401188235405950e-03 -7.747299293317468430e-03
1.750335683610779824e+03 -3.359441864839745294e-03 -7.606282067384498823e-03
1.750351480793084193e+03 -3.368785299332705766e-03 -7.533504413150748751e-03
1.750367229160273837e+03 -3.377584286389486660e-03 -7.462421586675566966e-03
1.750382974101830314e+03 -3.387628003270349436e-03 -7.378936961628365480e-03
1.750414418175415904e+03 -3.404231184133085699e-03 -7.192568716399256636e-03
1.750430142508497966e+03 -3.413136296544355252e-03 -7.098758037973922769e-03
1.750445847965061603e+03 -3.419929065214499103e-03 -7.005656122871318017e-03
1.750461551284017787e+03 -3.427983143766291738e-03 -6.913074660246690609e-03
1.750492951594583019e+03 -3.438509468490966690e-03 -6.743422199342688841e-03
1.750508652674247742e+03 -3.442554732244347201e-03 -6.676287721522096777e-03
1.750524351398931003e+03 -3.446608210085498353e-03 -6.665616199123155540e-03
1.750540055060640498e+03 -3.450194035212636370e-03 -6.587340594202143775e-03
1.750571508597289494e+03 -3.455857365092883122e-03 -6.644293073825264379e-03
1.750587240602693100e+03 -3.458598591039292822e-03 -6.824981570126984615e-03
1.750602996930879499e+03 -3.457476328859219062e-03 -7.050045009220991601e-03
1.750634551238421182e+03 -3.456665771846991527e-03 -7.481866081181460203e-03
1.750650343293705646e+03 -3.456740776786100099e-03 -7.647211205152574728e-03
1.750666095702175653e+03 -3.452308750366808905e-03 -8.018019705319482868e-03
1.750681840260187300e+03 -3.450518946162005589e-03 -8.107056217775894177e-03
1.750713289401288421e+03 -3.445205617538974613e-03 -8.220769092577765932e-03
1.750728985296430665e+03 -3.443647159167601175e-03 -8.320654795990820377e-03
1.750744678785805036e+03 -3.440591916944056930e-03 -8.408401953849590701e-03
1.750760372021260082e+03 -3.436456084537184170e-03 -8.518383735533596735e-03
1.750791752699065455e+03 -3.428121724355829777e-03 -8.788661189593822975e-03
1.750807470006523772e+03 -3.423118671763006934e-03 -8.935564603041672160e-03
1.750823193273486368e+03 -3.417212769241332292e-03 -9.074353925161867535e-03
1.750854681224093611e+03 -3.404472219013534705e-03 -9.355915381819075727e-03
1.750870446213708419e+03 -3.399695376956049161e-03 -9.484234254822298052e-03
1.750886242264862403e+03 -3.392237423742444549e-03 -9.593518516301989540e-03
1.750902033154695800e+03 -3.386285823982233736e-03 -9.669119299946165452e-03
1.750933526653353965e+03 -3.371954104623658185e-03 -9.755990940845945397e-03
1.750949256135611449e+03 -3.365019443416101923e-03 -9.757673408572265991e-03
1.750964971631301523e+03 -3.357425810912661925e-03 -9.738839705338953046e-03
1.750980669053805968e+03 -3.351957810813181813e-03 -9.696170592797086207e-03
1.751012063359661170e+03 -3.340518949982618831e-03 -9.570714438882266598e-03
1.751027777534316328e+03 -3.334100476714499037e-03 -9.481183763969969550e-03
1.751043494149499793e+03 -3.329196348924475229e-03 -9.386928229792951273e-03
1.751074845299789786e+03 -3.318621539367283373e-03 -9.184268737012375380e-03
1.751090488939326406e+03 -3.318476294805142428e-03 -9.081347668641538001e-03
1.751106172973873299e+03 -3.313921762513080509e-03 -8.977786014920448310e-03
1.751121905132435131e+03 -3.312699982903229406e-03 -8.870194394573411786e-03
1.751153397191478462e+03 -3.310318491847437806e-03 -8.663386866570095546e-03
1.751169077028129323e+03 -3.308536112921712288e-03 -8.555535262371767938e-03
1.751184720851638986e+03 -3.309360442562110996e-03 -8.451912404711636392e-03
1.751200355072887987e+03 -3.310436770513318881e-03 -8.353588699571366447e-03
1.751231615996932305e+03 -3.315030399729312210e-03 -8.156377556865929482e-03
1.751247273427428581e+03 -3.320056228004535006e-03 -8.057946189381888502e-03
1.751262939312006665e+03 -3.325948664740513948e-03 -7.959941095055373186e-03
1.751294291183275391e+03 -3.337775742624901967e-03 -7.782928364321228289e-03
1.751310007666266301e+03 -3.346827198206406718e-03 -7.729129680901263705e-03
1.751325772218387328e+03 -3.355190573690523554e-03 -7.658625817141962236e-03
1.751341563342750987e+03 -3.363805994522579400e-03 -7.581297694982204460e-03
1.751373100958470332e+03 -3.384650221966891380e-03 -7.435108220381764221e-03
1.751388827541089540e+03 -3.392514451828082013e-03 -7.349628691084689018e-03
1.751404559745555389e+03 -3.401245075419472540e-03 -7.255741444208056203e-03
1.751420273591652403e+03 -3.412438927176987373e-03 -7.161174408725520628e-03
1.751451689267097890e+03 -3.426646750185948723e-03 -6.974790189264399969e-03
1.751467391279623371e+03 -3.431788494838495986e-03 -6.883175691109516027e-03
1.751483089311763933e+03 -3.436161252283089027e-03 -6.798265961501594873e-03
1.751514495363321203e+03 -3.448375099515939811e-03 -6.665839329975322032e-03
1.751530197156624808e+03 -3.453252917053828246e-03 -6.655366940947834639e-03
1.751545908280853155e+03 -3.456204312966601900e-03 -6.546929468105753755e-03
1.751561635331266189e+03 -3.460452137097958566e-03 -6.541146278383159693e-03
1.751593103765623027e+03 -3.461703409423068367e-03 -6.873506989744868241e-03
1.751608862914868951e+03 -3.462766275918366648e-03 -7.150249684761690074e-03
1.751624642008953515e+03 -3.462033958909612082e-03 -7.494825254148023037e-03
1.751640424791076612e+03 -3.459750872022535062e-03 -7.484563935115315543e-03
1.751671958482781520e+03 -3.457454865214549741e-03 -8.075916866351996043e-03
1.751687701820736493e+03 -3.454079633272726883e-03 -8.103246428901412363e-03
1.751703423821226124e+03 -3.451030418225988893e-03 -8.144121015395165003e-03
1.751734823765568990e+03 -3.444763293912817687e-03 -8.340530584224474867e-03
1.751750516877888003e+03 -3.441625857691870023e-03 -8.430953902765924227e-03
1.751766209116104392e+03 -3.438688515331956869e-03 -8.549750553056859048e-03
1.751781900046812780e+03 -3.435644636719117819e-03 -8.678631883633904781e-03
1.751813325708700177e+03 -3.426131353339536677e-03 -8.968719047250207216e-03
1.751829041701330198e+03 -3.419991247630772488e-03 -9.104239124396059507e-03
1.751844785587980368e+03 -3.413838604716639379e-03 -9.245716776294873179e-03
1.751860546888688987e+03 -3.408187479770838097e-03 -9.388174102292120085e-03
1.751892116597283803e+03 -3.394521177705782985e-03 -9.610436716606893595e-03
1.751907896202307484e+03 -3.387543042462543702e-03 -9.678750654757107760e-03
1.751923644496381485e+03 -3.381075271416844608e-03 -9.730986789921814220e-03
1.751955109011886407e+03 -3.366685408253135194e-03 -9.745230331459159290e-03
1.751970813795833237e+03 -3.360725396975417553e-03 -9.719923541076777238e-03
1.751986509048673270e+03 -3.353535412110387418e-03 -9.669980994084255779e-03
1.752002205559605272e+03 -3.346622445703277288e-03 -9.605600759557452253e-03
1.752033625101374810e+03 -3.335999071041995719e-03 -9.445259918655895398e-03
1.752049345065128819e+03 -3.331366454550401326e-03 -9.351941594655296258e-03
1.752065030462698587e+03 -3.325042414780838857e-03 -9.251026285042231873e-03
1.752080668381632222e+03 -3.322870254489803700e-03 -9.148886881877192970e-03
1.752112029023242712e+03 -3.319110396202599490e-03 -8.941883749597522371e-03
1.752127780516663506e+03 -3.317388307573571754e-03 -8.833399405458844042e-03
1.752143534367033681e+03 -3.314345450697895462e-03 -8.730368965163609260e-03
1.752174901935285334e+03 -3.313321828429506132e-03 -8.520344602005682291e-03
1.752190553556990608e+03 -3.313999614821858120e-03 -8.418754934403013812e-03
1.752206176328958463e+03 -3.314682014411944079e-03 -8.320468786552442236e-03
1.752221797408067459e+03 -3.317638466454948809e-03 -8.221543296178530913e-03
1.752253104492785042e+03 -3.325446064056889698e-03 -8.024974152308735759e-03
1.752268772090359107e+03 -3.330235345183179315e-03 -7.926814999168807496e-03
1.752284443755577968e+03 -3.336286658005464291e-03 -7.832543004139446569e-03
1.752300138940875058e+03 -3.345205435486803269e-03 -7.762790751900733831e-03
1.752331647555481595e+03 -3.362690218038842833e-03 -7.631326178678583122e-03
1.752347447074012734e+03 -3.373411455188044580e-03 -7.555958611333873920e-03
1.752363204377385500e+03 -3.381170952671556842e-03 -7.485213748631721828e-03
1.752394686973855869e+03 -3.401143685949376428e-03 -7.318286383597744950e-03
1.752410400574477308e+03 -3.410555498179671137e-03 -7.222792587881452300e-03
1.752426124147969404e+03 -3.416825641672758835e-03 -7.128770139992812900e-03
1.752441832778089292e+03 -3.426361604971950303e-03 -7.035772445269268538e-03
1.752473232811898242e+03 -3.438468350138244867e-03 -6.853672213347357899e-03
1.752488931060378036e+03 -3.443597008688122768e-03 -6.770104615051650981e-03
1.752504633394358052e+03 -3.447717622984017554e-03 -6.692606186549121018e-03
1.752520334657629292e+03 -3.451629259678942740e-03 -6.662696701731654625e-03
1.752551756571096348e+03 -3.460506300024718089e-03 -6.519231810133495342e-03
1.752567487094994704e+03 -3.462082638297958766e-03 -6.567006135004902455e-03
1.752583214680911169e+03 -3.465167526710686684e-03 -6.736904935819683186e-03
1.752614725730409646e+03 -3.465428676165145140e-03 -7.263367130980546461e-03
1.752630518487245809e+03 -3.465883387164907237e-03 -7.495836977546403712e-03
1.752646304879345280e+03 -3.464570541862081396e-03 -7.518386151546619170e-03
1.752662067169211468e+03 -3.462651948449660573e-03 -7.854528780836820059e-03
1.752693553892604768e+03 -3.457606710638668358e-03 -8.103416180416178963e-03
1.752709273649929173e+03 -3.455868380947204298e-03 -8.168632347461735055e-03
1.752724974802318911e+03 -3.452492289751002419e-03 -8.270936955282588710e-03
1.752740664686981518e+03 -3.449219750680815582e-03 -8.360750161953414347e-03
1.752772045333369306e+03 -3.440865184580870102e-03 -8.580094440154022520e-03
1.752787737424196621e+03 -3.436578259480353031e-03 -8.716902167889990435e-03
1.752803448994636028e+03 -3.432501944561790457e-03 -8.861227602137288981e-03
1.752834899188345389e+03 -3.422538137450532002e-03 -9.137418956469535100e-03
1.752850649413044948e+03 -3.417229569417708224e-03 -9.283907194695977319e-03
1.752866411045457880e+03 -3.409265318061985035e-03 -9.421041622821545863e-03
1.752882207295876469e+03 -3.403349975821662148e-03 -9.536105499384807394e-03
1.752913754215979225e+03 -3.389361185051893103e-03 -9.691183651628318060e-03
1.752929500928998550e+03 -3.381600220600098749e-03 -9.734154544397256512e-03
1.752945237721344029e+03 -3.375604718677161983e-03 -9.745177424533117694e-03
1.752960956078887193e+03 -3.369855270786980238e-03 -9.734667123742116179e-03
1.752992353630042544e+03 -3.356339373262749552e-03 -9.645288558065304163e-03
1.753008047030027910e+03 -3.349904470306615603e-03 -9.584469437507852838e-03
1.753023750322460955e+03 -3.343787636718852530e-03 -9.507615919369544547e-03
1.753055190609434703e+03 -3.332969111516656882e-03 -9.318828847352618114e-03
1.753070855721498219e+03 -3.329052226866319880e-03 -9.216833812013835309e-03
1.753086494441172817e+03 -3.325924049434257103e-03 -9.115804782236332920e-03
1.753102160686138177e+03 -3.324331426595856977e-03 -9.013219795155978653e-03
1.753133655537775667e+03 -3.318765042759171634e-03 -8.800346191679967595e-03
1.753149388670575718e+03 -3.317992913890612568e-03 -8.698797963893998772e-03
1.753165077443645032e+03 -3.315167229274524653e-03 -8.593298561047112497e-03
1.753180723343201180e+03 -3.316728180769976803e-03 -8.487629548041483729e-03
1.753211990848272080e+03 -3.320897180315542183e-03 -8.288778102690051025e-03
1.753227620660385810e+03 -3.324240286563224546e-03 -8.190524079602006652e-03
1.753243275805752774e+03 -3.327056523825166513e-03 -8.092991093457874152e-03
1.753274605166007859e+03 -3.337076249497304345e-03 -7.895018724363338583e-03
1.753290280640575247e+03 -3.343117989512151954e-03 -7.805489782427112340e-03
1.753305986907561191e+03 -3.350600454799885705e-03 -7.745849284317520012e-03
1.753321739214363106e+03 -3.358156361515665655e-03 -7.684063940698446747e-03
1.753353320173278462e+03 -3.379537169395152585e-03 -7.532744398006905283e-03
1.753369067142790072e+03 -3.389594656111950474e-03 -7.461767799482595803e-03
1.753384802946045511e+03 -3.398744311871597541e-03 -7.379203927278510898e-03
1.753400539579182123e+03 -3.408741729399711491e-03 -7.288271967498823924e-03
1.753431967080222194e+03 -3.425071021422869139e-03 -7.098925657282138292e-03
1.753447669646155191e+03 -3.432181141709180275e-03 -7.006261318839929891e-03
1.753463373468300915e+03 -3.438126933768601620e-03 -6.913500703452262960e-03
1.753494772499508372e+03 -3.450458293487495588e-03 -6.742601836202030338e-03
1.753510477764119742e+03 -3.454661687487339556e-03 -6.673432320061493776e-03
1.753526176204435615e+03 -3.458702950356210091e-03 -6.661755889815907695e-03
1.753541880121870236e+03 -3.462593337190020618e-03 -6.585031617399235773e-03
1.753573334098105533e+03 -3.467275933241049674e-03 -6.604130533139385660e-03
1.753589070749365192e+03 -3.470274046994480110e-03 -6.786255931681717604e-03
1.753604830124559385e+03 -3.468629211826868963e-03 -6.999577597333809034e-03
1.753620593280171988e+03 -3.469871574393893366e-03 -7.366447203288662739e-03
1.753652176129479130e+03 -3.467546066964449347e-03 -7.584694016535784358e-03
1.753667927744676263e+03 -3.464339868982453143e-03 -7.954145314951687265e-03
1.753683669837343359e+03 -3.462758858635721360e-03 -8.109332065707210851e-03
1.753715113496317144e+03 -3.456604316071023794e-03 -8.196312066017417963e-03
1.753730808432467938e+03 -3.454592401807979503e-03 -8.295458785403702490e-03
1.753746501524432460e+03 -3.452522790320704249e-03 -8.383106275611052621e-03
1.753762194102753938e+03 -3.449208760380689451e-03 -8.490562117867287220e-03
1.753793579483288568e+03 -3.440439702551830944e-03 -8.753149036657501686e-03
1.753809298569934981e+03 -3.436404187863907264e-03 -8.897495139570386555e-03
1.753825019072351097e+03 -3.429013593716885838e-03 -9.035809313085925790e-03
1.753840752614711846e+03 -3.424254875902958510e-03 -9.172986739093879141e-03
1.753872282630084555e+03 -3.411538450056750965e-03 -9.451084323219354280e-03
1.753888076430253250e+03 -3.404106838438456743e-03 -9.562815169527059608e-03
1.753903865264681599e+03 -3.397010412153507290e-03 -9.640977633736972849e-03
1.753935356594819496e+03 -3.384031691852836757e-03 -9.736575984825848393e-03
1.753951082979485591e+03 -3.376951440772588565e-03 -9.740650878787457737e-03
1.753966795480903102e+03 -3.369470430501397395e-03 -9.724633979698220007e-03
1.753982492138241696e+03 -3.363043404054986106e-03 -9.684688925746426022e-03
1.754013885312793718e+03 -3.352566834700681370e-03 -9.564361650811705265e-03
1.754029599026889400e+03 -3.346539945874628993e-03 -9.476486062863191326e-03
1.754045325088709887e+03 -3.340959457317424063e-03 -9.385710678365116050e-03
1.754061025947359440e+03 -3.336875729757710421e-03 -9.287639488527132253e-03
1.754092318853735378e+03 -3.329150096415787585e-03 -9.085099198799536854e-03
1.754108010863441905e+03 -3.326533013127833463e-03 -8.982999773344862299e-03
1.754123742490813129e+03 -3.324725045855547820e-03 -8.875744921886740205e-03
1.754155231629853233e+03 -3.322443430450174214e-03 -8.667429500956650226e-03
1.754170906350169162e+03 -3.320800529238549306e-03 -8.561198891383039328e-03
1.754186553625049783e+03 -3.321529651896718612e-03 -8.457075267196714069e-03
1.754202181737989122e+03 -3.321316317666779105e-03 -8.359126861012939474e-03
1.754233441257214054e+03 -3.326791164998958890e-03 -8.161814514837734819e-03
1.754249101089455962e+03 -3.330794530613202884e-03 -8.062084439009402359e-03
1.754264769603943705e+03 -3.336545974580784352e-03 -7.963963986378748763e-03
1.754280438421073768e+03 -3.343536477842816781e-03 -7.865315221995074560e-03
1.754311840868029321e+03 -3.358856450208296332e-03 -7.729233308208357557e-03
1.754327606007784425e+03 -3.366892245260987102e-03 -7.660857509887566280e-03
1.754343400452477681e+03 -3.375480834576538667e-03 -7.583375544896549594e-03
1.754374930661181224e+03 -3.395622550694494830e-03 -7.437152130157034281e-03
1.754390651979328823e+03 -3.403923396507061664e-03 -7.352612734232960578e-03
1.754406377862819227e+03 -3.412400662902903472e-03 -7.258582688093276336e-03
1.754422092663064859e+03 -3.423753814675938555e-03 -7.163748362900821537e-03
1.754453506446376878e+03 -3.436599192219873082e-03 -6.978136801567905168e-03
1.754469206722125364e+03 -3.443254815287428473e-03 -6.886110229607486644e-03
1.754484905088126652e+03 -3.447396929115115714e-03 -6.801392141276558882e-03
1.754500608164285723e+03 -3.452355731753843984e-03 -6.718101377250913428e-03
1.754532013478213685e+03 -3.463918454225296557e-03 -6.654990681742171781e-03
1.754547727051825404e+03 -3.467633991741804911e-03 -6.546011507448416637e-03
1.754563456990849090e+03 -3.470349179857200490e-03 -6.517916632616157710e-03
1.754594929022268389e+03 -3.472820422484049641e-03 -6.837221430742292626e-03
1.754610687648865223e+03 -3.473896984962549211e-03 -7.084493202364760232e-03
1.754626472696065321e+03 -3.473998208161852182e-03 -7.439584338721141367e-03
1.754642253341675996e+03 -3.471340405488793426e-03 -7.479249877156132764e-03
1.754673781757762526e+03 -3.467836738016367819e-03 -8.033279702895275778e-03
1.754689524774574465e+03 -3.465887725832171237e-03 -8.107093390002158284e-03
1.754705245264919085e+03 -3.462323748661688856e-03 -8.128078991769939129e-03
1.754720948737244953e+03 -3.460168375948159767e-03 -8.221492038662948226e-03
1.754752333230520208e+03 -3.452810888469571519e-03 -8.405452604144603157e-03
1.754768025042223599e+03 -3.449212012016418354e-03 -8.518962021615780061e-03
1.754783716642461286e+03 -3.446062600010077383e-03 -8.645147662929600699e-03
1.754815147421321171e+03 -3.436067174003097635e-03 -8.931524008248530044e-03
1.754830863326307281e+03 -3.431543774992417469e-03 -9.066008771985892278e-03
1.754846610845525447e+03 -3.425592095149454595e-03 -9.208990778871682659e-03
1.754862371361865371e+03 -3.418845844898185053e-03 -9.356726395934225615e-03
1.754893945845198459e+03 -3.406180907121686332e-03 -9.583731310514730095e-03
1.754909718773493978e+03 -3.399771393997544442e-03 -9.657429603422364520e-03
1.754925467398248202e+03 -3.391308930593567913e-03 -9.715601888069639452e-03
1.754941208139843866e+03 -3.385817166229888094e-03 -9.737387925066145339e-03
1.754972632136260472e+03 -3.372053672099190394e-03 -9.714549189094118242e-03
1.754988326430099505e+03 -3.365219204920087866e-03 -9.667260425204694807e-03
1.755004022201285807e+03 -3.358182127029635429e-03 -9.606117819641988784e-03
1.755035441052824808e+03 -3.346139602887026471e-03 -9.451249859733727027e-03
1.755051169556874811e+03 -3.341718696403114894e-03 -9.359445724438910860e-03
1.755066851443274572e+03 -3.334919763401038122e-03 -9.259966386059973603e-03
1.755082492405026414e+03 -3.333338079502271446e-03 -9.160412869553083773e-03
1.755113859215721732e+03 -3.329224469684715151e-03 -8.956247956863550713e-03
1.755129613453772436e+03 -3.329017116554167880e-03 -8.846991526676424925e-03
1.755145363070459553e+03 -3.325022878715427205e-03 -8.742871727662679393e-03
1.755161066498537821e+03 -3.323514290192239665e-03 -8.639828420839060219e-03
1.755192374552147839e+03 -3.325293941522186169e-03 -8.431474950460321124e-03
1.755207996749374843e+03 -3.326475676740023139e-03 -8.332966809146661810e-03
1.755223617710139251e+03 -3.328499647676714298e-03 -8.233672262109555454e-03
1.755254927324109076e+03 -3.336254959628419132e-03 -8.035832474614095985e-03
1.755270596319878223e+03 -3.341136394719289998e-03 -7.936736804084229546e-03
1.755286269023591785e+03 -3.346349412220964159e-03 -7.841163191455677653e-03
1.755301964611738185e+03 -3.353725469219699662e-03 -7.768914018137596487e-03
1.755333478775558206e+03 -3.372344692498671029e-03 -7.640190500298417106e-03
1.755349277165591729e+03 -3.383213895719989865e-03 -7.563761412394011743e-03
1.755365027248747538e+03 -3.390730195079386892e-03 -7.493515884287357820e-03
1.755380775059803909e+03 -3.401547129034425496e-03 -7.415629533837374450e-03
1.755412212183199699e+03 -3.419685321336955741e-03 -7.232544043955511578e-03
1.755427935944232104e+03 -3.426582413595513806e-03 -7.138682865250172219e-03
1.755443642193519736e+03 -3.435227070650854423e-03 -7.046442989201701437e-03
1.755475044149508449e+03 -3.448161796788755135e-03 -6.863461873332652244e-03
1.755490742507702862e+03 -3.453554901666275236e-03 -6.778401833625025651e-03
1.755506444340483540e+03 -3.457824763295115449e-03 -6.698517055937965384e-03
1.755522144700154968e+03 -3.461635465643392133e-03 -6.661833726832793422e-03
1.755553570147891378e+03 -3.469399868818522515e-03 -6.519542485474040874e-03
1.755569301167549838e+03 -3.472175924730880499e-03 -6.541362038309449581e-03
1.755585031875465120e+03 -3.475124571604401840e-03 -6.699228165515109211e-03
1.755600785415323344e+03 -3.476684072361295192e-03 -6.895113249424509282e-03
1.755632338032857206e+03 -3.474775435301526855e-03 -7.474741213860885622e-03
1.755648128856841367e+03 -3.474387839998920036e-03 -7.502345408228015301e-03
1.755663883947275053e+03 -3.471277578274702472e-03 -7.765022981278585194e-03
1.755695367163241826e+03 -3.466933648100678327e-03 -8.106798749560099882e-03
1.755711085053411352e+03 -3.465301106965789583e-03 -8.150999130776196214e-03
1.755726784427942675e+03 -3.462944824721445134e-03 -8.247225650755333690e-03
1.755742477687377914e+03 -3.459148541813096122e-03 -8.338036519996906704e-03
1.755773856099854356e+03 -3.451272971789011261e-03 -8.548892646345888913e-03
1.755789548574108039e+03 -3.446992036697519874e-03 -8.681644856479407008e-03
1.755805263016993422e+03 -3.442227898223762256e-03 -8.823501282154609660e-03
1.755820988913539622e+03 -3.437495328717651236e-03 -8.965203528634998337e-03
1.755852466914562456e+03 -3.425582277368499195e-03 -9.247213245883850394e-03
1.755868230019766315e+03 -3.419634693737375660e-03 -9.389255439716791621e-03
1.755884026540192735e+03 -3.412809759764017046e-03 -9.508787912930126776e-03
1.755915571698539679e+03 -3.398522244943072510e-03 -9.674281622965555730e-03
1.755931316747868550e+03 -3.391910639774589360e-03 -9.721976712596546236e-03
1.755947050662664651e+03 -3.385271708711704367e-03 -9.736365513886681769e-03
1.755962767991920146e+03 -3.378588294167897150e-03 -9.731601314681087925e-03
1.755994163607242854e+03 -3.366708632412254449e-03 -9.648663730559316198e-03
1.756009859260233043e+03 -3.359917520503955934e-03 -9.590712786407730103e-03
1.756025559699644191e+03 -3.353832035546620068e-03 -9.515954387686150623e-03
1.756041284591926114e+03 -3.348045643326105509e-03 -9.426622622573321841e-03
1.756072668191789717e+03 -3.337696861821173692e-03 -9.233956580016603952e-03
1.756088309479050622e+03 -3.335584744385000633e-03 -9.133866406985853906e-03
1.756103984514191097e+03 -3.331189943381506618e-03 -9.032942191498451179e-03
1.756135478066415772e+03 -3.327006311114623187e-03 -8.819987076053142569e-03
1.756151206345977698e+03 -3.328125221291701030e-03 -8.718058928078772571e-03
1.756166893976309666e+03 -3.325041351042404714e-03 -8.612493485124597323e-03
1.756182538244952866e+03 -3.326414118016638322e-03 -8.506150884714191313e-03
1.756213800684998887e+03 -3.329247845890181273e-03 -8.306854220698045577e-03
1.756229431881561595e+03 -3.332176621405959303e-03 -8.207111195649692201e-03
1.756245087320259017e+03 -3.336466777696783445e-03 -8.108824476492124123e-03
1.756260757265052234e+03 -3.340381471091278306e-03 -8.009231019146497224e-03
1.756292100615816480e+03 -3.351341610223052513e-03 -7.818604015812313096e-03
1.756307806097164530e+03 -3.359353289230487902e-03 -7.755784161622950208e-03
1.756323559618147783e+03 -3.366936096280664491e-03 -7.695817553427173642e-03
1.756355138939888548e+03 -3.387629811275483932e-03 -7.545217806161389276e-03
1.756370885995192339e+03 -3.397507480622578759e-03 -7.474245212046815891e-03
1.756386613774078796e+03 -3.405436377538060243e-03 -7.393508748496299687e-03
1.756402345930134516e+03 -3.415305219730173283e-03 -7.302849021641204599e-03
1.756433771012272473e+03 -3.432456970129134106e-03 -7.113805360372800132e-03
1.756449471530754408e+03 -3.440524212382416701e-03 -7.021469987688411761e-03
1.756465175010211624e+03 -3.445075029565143436e-03 -6.928579623079912132e-03
1.756480872914742349e+03 -3.450973722798132085e-03 -6.839773517186791170e-03
1.756512279326731459e+03 -3.462939185417143826e-03 -6.681604515784775843e-03
1.756527982039007156e+03 -3.466849568727306714e-03 -6.666364038398708836e-03
1.756543686772986348e+03 -3.470640846536495946e-03 -6.598591172664700251e-03
1.756575139747526009e+03 -3.474849186644859630e-03 -6.576111281444952349e-03
1.756590881060133825e+03 -3.477557714608748088e-03 -6.750669142000281266e-03
1.756606641431752450e+03 -3.477218491903616600e-03 -6.963272237665758986e-03
1.756622410164540952e+03 -3.477738379838734434e-03 -7.280714273659242598e-03
1.756653987960163477e+03 -3.474133973817871302e-03 -7.549328451118787406e-03
1.756669739019806912e+03 -3.473385967190124272e-03 -7.876438726223620665e-03
1.756685479583349206e+03 -3.470933664668040056e-03 -8.108487417291693547e-03
1.756701205558192896e+03 -3.468301954434645923e-03 -8.113661473227644014e-03
1.756732611328488247e+03 -3.462068616082608543e-03 -8.272905464282083801e-03
1.756748304798309391e+03 -3.460080141303940697e-03 -8.362227139217266042e-03
1.756763996622996501e+03 -3.457503579219593521e-03 -8.465069692167264889e-03
1.756795387474496465e+03 -3.448752828254700743e-03 -8.718912404268428298e-03
1.756811106822724923e+03 -3.445557816955044979e-03 -8.861146449971182143e-03
1.756826824985394751e+03 -3.437705775270756547e-03 -8.997519514193173112e-03
1.756842562696421737e+03 -3.432383245982956015e-03 -9.134012236830378606e-03
1.756874100596065318e+03 -3.419918336721664964e-03 -9.417399928258548061e-03
1.756889889233543954e+03 -3.412717922173352878e-03 -9.532721546257352796e-03
1.756905675443192195e+03 -3.405023738455304361e-03 -9.615281994472328966e-03
1.756921423516851974e+03 -3.400525343264672491e-03 -9.685366667196099524e-03
1.756952890072715945e+03 -3.385327891716057372e-03 -9.730017779930613675e-03
1.756968599088515475e+03 -3.378600387805429095e-03 -9.718802159541479330e-03
1.756984294705759112e+03 -3.371508231546568000e-03 -9.681816719755901787e-03
1.757015687595121335e+03 -3.360288969530739883e-03 -9.568291849089669704e-03
1.757031398995797872e+03 -3.355031892682770658e-03 -9.484309525621367407e-03
1.757047131380434621e+03 -3.349286829283548879e-03 -9.396036507532835175e-03
1.757062831601933794e+03 -3.344024561449937018e-03 -9.300830464725266464e-03
1.757094126064310103e+03 -3.336256189007621737e-03 -9.102524069929975731e-03
1.757109825756977898e+03 -3.335347519204895014e-03 -9.002355390752536310e-03
1.757125557509227974e+03 -3.333210105491712667e-03 -8.895194851796671756e-03
1.757141325808617012e+03 -3.331630054691053257e-03 -8.788331767998492847e-03
1.757172709418467093e+03 -3.329438755550848117e-03 -8.579878068857547252e-03
1.757188361846524913e+03 -3.329592302159653776e-03 -8.475668188582589219e-03
1.757203985257988052e+03 -3.329325103774080207e-03 -8.376370032526904083e-03
1.757235243714291983e+03 -3.335367645794474426e-03 -8.179061513198537109e-03
1.757250905270984276e+03 -3.338647292939133163e-03 -8.077636151751924412e-03
1.757266576579120510e+03 -3.343325181772683567e-03 -7.978705485721063195e-03
1.757282247954165769e+03 -3.350307170616987837e-03 -7.879571344541662706e-03
1.757313653992859372e+03 -3.366473851596191603e-03 -7.738691747442365612e-03
1.757329418981436447e+03 -3.373848285754527283e-03 -7.672743002001438176e-03
1.757345215912332378e+03 -3.383074486242934175e-03 -7.595326241201925954e-03
1.757360982479739050e+03 -3.392902398530012100e-03 -7.523060487031097560e-03
1.757392456708264490e+03 -3.411222280625108433e-03 -7.365830091259180194e-03
1.757408173960131535e+03 -3.420263147208322130e-03 -7.272347058228547170e-03
1.757423891816755258e+03 -3.429118109436872421e-03 -7.177009016207109258e-03
1.757455303015256732e+03 -3.443116615064755609e-03 -6.992089985745165125e-03
1.757471000912006275e+03 -3.450356877345123544e-03 -6.899975110516898616e-03
1.757486699847203909e+03 -3.454887868338210166e-03 -6.814315731568493760e-03
1.757502402963796612e+03 -3.459443546707636607e-03 -6.729738194660547096e-03
1.757533808662679348e+03 -3.469652211218848988e-03 -6.663534032277953351e-03
1.757549524193134630e+03 -3.474623418440374832e-03 -6.556161969636920689e-03
1.757565256325205610e+03 -3.476122290962056424e-03 -6.507679380005251812e-03
1.757580978598653701e+03 -3.478878209653377910e-03 -6.616666305305536275e-03
1.757612490429691206e+03 -3.480457955766718542e-03 -7.043683324429426268e-03
1.757628279139415326e+03 -3.481315968683780342e-03 -7.362833371338493860e-03
1.757644061522013772e+03 -3.479214484109750989e-03 -7.485543110419498082e-03
1.757675582796142407e+03 -3.474361151760514774e-03 -7.971069447807859268e-03
1.757691322779508027e+03 -3.473744262022096258e-03 -8.117716818067152729e-03
1.757707045422356714e+03 -3.470609579585313270e-03 -8.122990973089234262e-03
1.757722745407972752e+03 -3.468259604139837995e-03 -8.202486541836726680e-03
1.757754128573188837e+03 -3.461012207262105338e-03 -8.387647378774863716e-03
1.757769819383062213e+03 -3.457067399066393078e-03 -8.496490969507882601e-03
1.757785511461838269e+03 -3.453409469661255799e-03 -8.619980313693645022e-03
1.757801219379209442e+03 -3.450293425265552917e-03 -8.756236564993647928e-03
1.757832664954303027e+03 -3.439593955240701113e-03 -9.028348176628160290e-03
1.757848413837324642e+03 -3.434768473477294200e-03 -9.172090185473260812e-03
1.757864173783911156e+03 -3.426499854063398513e-03 -9.318340029146625694e-03
1.757895754577450589e+03 -3.414494637359047173e-03 -9.551430503588668672e-03
1.757911519675126783e+03 -3.407974827106801264e-03 -9.629769603527600988e-03
1.757927267867701630e+03 -3.399089477832459467e-03 -9.691751653724619761e-03
1.757943007168223403e+03 -3.393714104803521696e-03 -9.717066166834559954e-03
1.757974429754725406e+03 -3.380296419649853144e-03 -9.702820975626243877e-03
1.757990122715577854e+03 -3.373804600484759785e-03 -9.659136924859521023e-03
1.758005817462885716e+03 -3.366795866348486991e-03 -9.601976934500603550e-03
1.758021514450709219e+03 -3.360290202288943127e-03 -9.539803122923830314e-03
1.758052966558606840e+03 -3.349354089441323838e-03 -9.365071401726141054e-03
1.758068646819682272e+03 -3.343883435277406752e-03 -9.269237699994173352e-03
1.758084290259072077e+03 -3.341062395706259104e-03 -9.171475895777410695e-03
1.758115661819761499e+03 -3.336588912411410455e-03 -8.971244402229612211e-03
1.758131418409983553e+03 -3.336728739862381606e-03 -8.862294268885231516e-03
1.758147167849203242e+03 -3.332994775377675842e-03 -8.757730492351166809e-03
1.758162863939892532e+03 -3.330472615031539706e-03 -8.654121623223029469e-03
1.758194168484186548e+03 -3.334423094250769503e-03 -8.445541277810364109e-03
1.758209787562024076e+03 -3.335211278491753348e-03 -8.345903021619159590e-03
1.758225412735706868e+03 -3.337132729073865548e-03 -8.246323044764369142e-03
1.758241060675008839e+03 -3.339673283472802123e-03 -8.148412312110688699e-03
1.758272395249953433e+03 -3.349181644617118484e-03 -7.947109147111683022e-03
1.758288068766789138e+03 -3.354364889441600536e-03 -7.850198913936810852e-03
1.758303765685727058e+03 -3.360717141400002429e-03 -7.776656607831694545e-03
1.758335285125750261e+03 -3.380380092008531106e-03 -7.648785543064457945e-03
1.758351081779876495e+03 -3.389830365119091138e-03 -7.571556511396753189e-03
1.758366827378814378e+03 -3.398302390084882978e-03 -7.501780190090473303e-03
1.758382568644037747e+03 -3.408622165563859104e-03 -7.424200572691969958e-03
1.758414001917005407e+03 -3.425693239465254537e-03 -7.241911163431203648e-03
1.758429724157759665e+03 -3.434500358884622160e-03 -7.147572245444218375e-03
1.758445427959472227e+03 -3.441801655632925963e-03 -7.056522274444609368e-03
1.758461130612146690e+03 -3.450636043780635782e-03 -6.962790298251977754e-03
1.758492531141692552e+03 -3.461168316263643890e-03 -6.787106305170087332e-03
1.758508232388394390e+03 -3.465672580410029003e-03 -6.706116814267751997e-03
1.758523931757324590e+03 -3.469787249681277174e-03 -6.668527806957586304e-03
1.758555360648074839e+03 -3.477103260442749883e-03 -6.520712688074319432e-03
1.758571091267198881e+03 -3.480259310754328390e-03 -6.523621183518116783e-03
1.758586823354002718e+03 -3.483303432458867421e-03 -6.661400060097273125e-03
1.758602579797549879e+03 -3.482923304317716174e-03 -6.858468278937363168e-03
1.758634134461981375e+03 -3.482528997883406474e-03 -7.417056407498896602e-03
1.758649926487464199e+03 -3.482962548052880025e-03 -7.496303654633411015e-03
1.758665678404617211e+03 -3.478791340358622537e-03 -7.704253901450352181e-03
1.758681423449607564e+03 -3.477162021114270710e-03 -8.050935645930177784e-03
1.758712873417450737e+03 -3.472751645714925155e-03 -8.138243106336921773e-03
1.758728569969311593e+03 -3.471407236523870940e-03 -8.226848247683993254e-03
1.758744264363208458e+03 -3.468404602084283056e-03 -8.321513957865404182e-03
1.758775644386171280e+03 -3.460546433591497450e-03 -8.527699801812640285e-03
1.758791337339141137e+03 -3.456514407606944665e-03 -8.655837317322860255e-03
1.758807054481788100e+03 -3.451624617923620617e-03 -8.793690218220061652e-03
1.758822778244819574e+03 -3.446188914383377377e-03 -8.930471607527239175e-03
1.758854263443226728e+03 -3.433570541863812872e-03 -9.211496190263918776e-03
1.758870027274688027e+03 -3.428911749000237898e-03 -9.349765220685899575e-03
1.758885823665020098e+03 -3.421574600562468389e-03 -9.473015365551814074e-03
1.758901615343029789e+03 -3.415894331368065414e-03 -9.566944723476264109e-03
1.758933109767779570e+03 -3.401347875053418492e-03 -9.693922703183062775e-03
1.758948840161348471e+03 -3.394446287346809289e-03 -9.712789369178329718e-03
1.758964555908688226e+03 -3.386908569821552462e-03 -9.711693779503968726e-03
1.758980252952008186e+03 -3.381540911651778093e-03 -9.683735892614436097e-03
1.759011646000337805e+03 -3.369657826191928534e-03 -9.578912936882679266e-03
1.759027348473804977e+03 -3.362934414556861644e-03 -9.506841057990031429e-03
1.759043072940509546e+03 -3.357590549719649715e-03 -9.420682889553739364e-03
1.759074453559159110e+03 -3.345825038741137656e-03 -9.234906188026690763e-03
1.759090098248407003e+03 -3.344731398285860548e-03 -9.136860696074979027e-03
1.759105782186418082e+03 -3.339426577216999398e-03 -9.038505297578665332e-03
1.759121500165593716e+03 -3.339450612115348310e-03 -8.935211115677554536e-03
1.759152999866481650e+03 -3.337602473434456412e-03 -8.724272867071324392e-03
1.759168683895620234e+03 -3.334821499154619513e-03 -8.618414744862436944e-03
1.759184327239093818e+03 -3.335834443062432857e-03 -8.512922947047099620e-03
1.759215584312919191e+03 -3.337790297514190135e-03 -8.312706015159822617e-03
1.759231217782186150e+03 -3.339836525603617160e-03 -8.212415098377152597e-03
1.759246875423673600e+03 -3.344527303001629780e-03 -8.113175913779189716e-03
1.759262545546878300e+03 -3.349731691586500630e-03 -8.013468710595102878e-03
1.759293895287415808e+03 -3.359932762123139707e-03 -7.821576175592002966e-03
1.759309601335826983e+03 -3.368360178007061279e-03 -7.757404906874970814e-03
1.759325356263082995e+03 -3.376203144832805401e-03 -7.697120136946645000e-03
1.759341146303349888e+03 -3.384467354367971109e-03 -7.621655555204894829e-03
1.759372680147861956e+03 -3.405383810907909072e-03 -7.475250041957511374e-03
1.759388401633719013e+03 -3.412795985695967708e-03 -7.395381749293343868e-03
1.759404128756804312e+03 -3.421900951141173489e-03 -7.304733821060557970e-03
1.759435551658489203e+03 -3.440162918607626678e-03 -7.116078624375302836e-03
1.759451250587515233e+03 -3.448191322517515055e-03 -7.024753798787424126e-03
1.759466952493924737e+03 -3.453406233348204919e-03 -6.931531286971619535e-03
1.759482650873743296e+03 -3.458183483644316526e-03 -6.843519080128444843e-03
1.759514057564969789e+03 -3.470923909634881198e-03 -6.683694834399626222e-03
1.759529760431385739e+03 -3.476061151477189640e-03 -6.671336532954423582e-03
1.759545470867653876e+03 -3.479235419474921605e-03 -6.599180653708778578e-03
1.759561198741462704e+03 -3.483897978794500867e-03 -6.498074572674230470e-03
1.759592668154486091e+03 -3.485869051637130716e-03 -6.707703573658209233e-03
1.759608428044617767e+03 -3.487182748063059542e-03 -6.923899285664142367e-03
1.759624206097738352e+03 -3.486854785021322855e-03 -7.227229890743391318e-03
1.759655774871498807e+03 -3.482868947081206069e-03 -7.527613969157537048e-03
1.759671523385206456e+03 -3.483419014675012693e-03 -7.809785942064324631e-03
1.759687266338374002e+03 -3.480264407141776296e-03 -8.092667900285278187e-03
1.759702988878005499e+03 -3.477596090661965247e-03 -8.111768469540371965e-03
1.759734390337946706e+03 -3.471747964388073593e-03 -8.249887810049207418e-03
1.759750083764564806e+03 -3.469074579957272687e-03 -8.343836478116588296e-03
1.759765775843472511e+03 -3.466534710930771999e-03 -8.445264414761717228e-03
1.759781466900392616e+03 -3.463621980367986072e-03 -8.561679753743863322e-03
1.759812891749139908e+03 -3.454771458167946001e-03 -8.831966403316725625e-03
1.759828607998934103e+03 -3.448294467118157274e-03 -8.961644000262189089e-03
1.759844350391545731e+03 -3.442368064248835322e-03 -9.099845344808203326e-03
1.759860111157405754e+03 -3.436953284326121211e-03 -9.252446537808239890e-03
1.759891679742539282e+03 -3.423287496536615328e-03 -9.498323188926023619e-03
1.759907461292552398e+03 -3.416197246247789244e-03 -9.585334712861987363e-03
1.759923209554701771e+03 -3.410321537587734323e-03 -9.658379778441136126e-03
1.759954674305034359e+03 -3.395662500071022164e-03 -9.707710899443748251e-03
1.759970379654291946e+03 -3.389627794260077938e-03 -9.698055718301254111e-03
1.759986074496685887e+03 -3.382345203835894487e-03 -9.662566506385767556e-03
1.760001770632240323e+03 -3.375561894619311804e-03 -9.608282233483738527e-03
1.760033177778409026e+03 -3.364644319767180151e-03 -9.473814364421207293e-03
1.760048911131218802e+03 -3.359522442932768790e-03 -9.386362566045173064e-03
1.760064612944096552e+03 -3.352673304366801752e-03 -9.295322339910280438e-03
1.760080257810701596e+03 -3.349150784908053440e-03 -9.199564109955002053e-03
1.760111615865736212e+03 -3.345756213689475914e-03 -9.002941574757679366e-03
1.760127350393283450e+03 -3.344049914796954313e-03 -8.896600562684589195e-03
1.760143113469626087e+03 -3.341687445623307655e-03 -8.789216907549336766e-03
1.760174489648098415e+03 -3.339917309516349155e-03 -8.581279311967223572e-03
1.760190143530460773e+03 -3.339789595693678104e-03 -8.477354997838861331e-03
1.760205766919259759e+03 -3.339804044919421518e-03 -8.377649064846962035e-03
1.760221382749483155e+03 -3.342457741367370339e-03 -8.277023762396772122e-03
1.760252688425808856e+03 -3.349134739156984890e-03 -8.078178489927395622e-03
1.760268360971766015e+03 -3.353158293221419547e-03 -7.978555672909854596e-03
1.760284034039241760e+03 -3.358920343764426695e-03 -7.879608005446675847e-03
1.760315444269445607e+03 -3.376163585920393534e-03 -7.736567122424774061e-03
1.760331211506755380e+03 -3.382761212578624596e-03 -7.671030883976748260e-03
1.760347010481620373e+03 -3.392758229808173417e-03 -7.593171008622252340e-03
1.760362768138765432e+03 -3.400888295494542378e-03 -7.520674585865430584e-03
1.760394240289096388e+03 -3.420677481470101641e-03 -7.363796056955302163e-03
1.760409949500658058e+03 -3.430207375898734236e-03 -7.270671114491876301e-03
1.760425669325881017e+03 -3.436982178932695801e-03 -7.174812191978064552e-03
1.760441376036652173e+03 -3.446892926082683641e-03 -7.083920984739487496e-03
1.760472774639022418e+03 -3.459517594067111970e-03 -6.899961932655572158e-03
1.760488473724805317e+03 -3.464747097406527948e-03 -6.813677974797545389e-03
1.760504176787558208e+03 -3.469257743425064027e-03 -6.728829488485729704e-03
1.760535582195495635e+03 -3.478175537885033839e-03 -6.664528295078952884e-03
1.760551301101289710e+03 -3.483354008418849956e-03 -6.551488680593681516e-03
1.760567032429312121e+03 -3.485070431064853352e-03 -6.491132405812521759e-03
1.760582759836099740e+03 -3.488448238387663238e-03 -6.580067718740255887e-03
1.760614272605397446e+03 -3.489615252780354539e-03 -7.002943969015668242e-03
1.760630065006384939e+03 -3.490569272866537315e-03 -7.302477597742318242e-03
1.760645849843662745e+03 -3.489391060627467997e-03 -7.448664614446912427e-03
1.760661613267419398e+03 -3.488034294144367383e-03 -7.584754048806078945e-03
1.760693100386202332e+03 -3.483588380223456588e-03 -8.110283058886620655e-03
1.760708820914559965e+03 -3.481985645138073113e-03 -8.110166245467721052e-03
1.760724521645249524e+03 -3.478882303049882045e-03 -8.175007594680450476e-03
1.760740211961810473e+03 -3.476002523459664241e-03 -8.271509294732153419e-03
1.760771593118835426e+03 -3.468090635112014257e-03 -8.473804065381654663e-03
1.760787285476889792e+03 -3.464111466132789238e-03 -8.596176740702385355e-03
1.760802996737626017e+03 -3.460467582646922086e-03 -8.730178492398306053e-03
1.760834446225043393e+03 -3.450637763027847391e-03 -8.991073175771283413e-03
1.760850195601398354e+03 -3.445844747153440669e-03 -9.139091549999929509e-03
1.760865956065003502e+03 -3.437648170926428572e-03 -9.287452389104453379e-03
1.760881751800816119e+03 -3.432097944163576587e-03 -9.411573584807346113e-03
1.760913300320656390e+03 -3.418384708155404548e-03 -9.602502026915408009e-03
1.760929047412395448e+03 -3.410396832060306940e-03 -9.665657698300026551e-03
1.760944784849426696e+03 -3.404625883553259735e-03 -9.692799980299720078e-03
1.760960503269116543e+03 -3.398954268186133061e-03 -9.700434991976933721e-03
1.760991899547044113e+03 -3.385178820018504460e-03 -9.639735351273919645e-03
1.761007592711596772e+03 -3.378425996167382095e-03 -9.584927154767663993e-03
1.761023288420301924e+03 -3.372010069203160067e-03 -9.523774619261151514e-03
1.761054741881109294e+03 -3.360373763409074503e-03 -9.354810044005044262e-03
1.761070421413349550e+03 -3.355920718660661013e-03 -9.262325201478479805e-03
1.761086065924977447e+03 -3.352309979424917836e-03 -9.166843889512523574e-03
1.761101732368752891e+03 -3.350911423056802518e-03 -9.069721746448246302e-03
1.761133204979350921e+03 -3.345785962814019476e-03 -8.862000408321765374e-03
1.761148952898403650e+03 -3.344303502716170200e-03 -8.757399203889964720e-03
1.761164645098094070e+03 -3.341106330551347949e-03 -8.653474720512352447e-03
1.761180292741903713e+03 -3.342284145062669829e-03 -8.547359235044148240e-03
1.761211563631735999e+03 -3.345616501297144895e-03 -8.344800430151812914e-03
1.761227187987310572e+03 -3.348286661161642593e-03 -8.244979163167071370e-03
1.761242841321437936e+03 -3.350331602474233925e-03 -8.146666957249680888e-03
1.761274178544926144e+03 -3.359253459894699992e-03 -7.945258346645818134e-03
1.761289852680879449e+03 -3.364553265006172550e-03 -7.848285568306955298e-03
1.761305550508255237e+03 -3.371059603846301989e-03 -7.774085718813575525e-03
1.761321290793243861e+03 -3.377984301043715672e-03 -7.716498572924532055e-03
1.761352869924183096e+03 -3.398671166051632324e-03 -7.567878462593563386e-03
1.761368613029854259e+03 -3.408385811232726281e-03 -7.497942889263731724e-03
1.761384346108169439e+03 -3.417694111877687436e-03 -7.420737256421388629e-03
1.761400077078731783e+03 -3.427586940348024535e-03 -7.333975993115058462e-03
1.761431496050293390e+03 -3.444194219032016297e-03 -7.144146561019278432e-03
1.761447197230750135e+03 -3.451523224312277698e-03 -7.053989437887796428e-03
1.761462900255714658e+03 -3.458548366540259173e-03 -6.960567013137114629e-03
1.761494300797626920e+03 -3.471061159014489621e-03 -6.784283667951430605e-03
1.761510005366133555e+03 -3.475362818669977365e-03 -6.702486656020190114e-03
1.761525703843749852e+03 -3.479782677319924813e-03 -6.666686172441862665e-03
1.761541408511183135e+03 -3.484030697778770468e-03 -6.639429448626646760e-03
1.761572864553034151e+03 -3.489661679766764817e-03 -6.499976225075103711e-03
1.761588600913240953e+03 -3.493042382809692387e-03 -6.617455778643462593e-03
1.761604360425676987e+03 -3.491752477755405860e-03 -6.808683522331826499e-03
1.761620123896192126e+03 -3.493393106166056868e-03 -7.093958198573200452e-03
1.761651706380767564e+03 -3.492240279861616274e-03 -7.465156032705124768e-03
1.761667457414918090e+03 -3.488908795209371208e-03 -7.656377184329328511e-03
1.761683200165341987e+03 -3.487752757023965863e-03 -7.992624821784562530e-03
1.761714644865944592e+03 -3.482432416258789305e-03 -8.117067508301432574e-03
1.761730340453710824e+03 -3.480995708988980988e-03 -8.195744163227127593e-03
1.761746033792596563e+03 -3.479061664846777764e-03 -8.293452880529456409e-03
1.761761727077895330e+03 -3.475834062719180238e-03 -8.391781430795854785e-03
1.761793111236602954e+03 -3.467713293412458264e-03 -8.630754420918058251e-03
1.761808830379540495e+03 -3.463646537092370491e-03 -8.765990842877465286e-03
1.761824551344323481e+03 -3.456824820540256235e-03 -8.893590637678526131e-03
1.761840283645038198e+03 -3.452340304413507345e-03 -9.024984079761828870e-03
1.761871810408538522e+03 -3.439909234189674706e-03 -9.321472560189988932e-03
1.761887605323412799e+03 -3.432526720954196930e-03 -9.443129861852609871e-03
1.761903395220579114e+03 -3.425849672265395170e-03 -9.539103690032352603e-03
1.761934887214930313e+03 -3.412754773930147013e-03 -9.674763439981508978e-03
1.761950614369028017e+03 -3.405730449416675357e-03 -9.697201642214520190e-03
1.761966327399850570e+03 -3.398169641884029365e-03 -9.697905574766576067e-03
1.761982023734947006e+03 -3.391945237801940408e-03 -9.671518963919658110e-03
1.762013415171127463e+03 -3.381100748593829017e-03 -9.570912289683665072e-03
1.762029118546457994e+03 -3.374691168238124796e-03 -9.502373331199449533e-03
1.762044845052558458e+03 -3.368857286881535729e-03 -9.418642275882044279e-03
1.762060564394997527e+03 -3.364522800591916111e-03 -9.331132283835634478e-03
1.762091874605888734e+03 -3.355257508305610654e-03 -9.141668462305801643e-03
1.762107566710500578e+03 -3.351548433522624250e-03 -9.045226130393244773e-03
1.762123283454495322e+03 -3.350583846240580508e-03 -8.942621666056574034e-03
1.762154781631096967e+03 -3.348288370294413233e-03 -8.730528672647274238e-03
1.762170461817199794e+03 -3.345909901335507308e-03 -8.625548707925968089e-03
1.762186108078019060e+03 -3.346573414400473827e-03 -8.519682859137987091e-03
1.762201742012905470e+03 -3.345472935499875424e-03 -8.419765832046861159e-03
1.762232994295762410e+03 -3.349653892905736507e-03 -8.218580173910460321e-03
1.762248654433375350e+03 -3.353394538351755095e-03 -8.118256702586975487e-03
1.762264327617336221e+03 -3.358788853327212415e-03 -8.018425368473768022e-03
1.762280000576737621e+03 -3.364764594428294470e-03 -7.917327446427547752e-03
1.762311388867268988e+03 -3.378264170345396823e-03 -7.758992101312482854e-03
1.762327144211275481e+03 -3.385579022578360728e-03 -7.699374964730438912e-03
1.762342936982786341e+03 -3.393265115974674218e-03 -7.624145426739852363e-03
1.762374465468401013e+03 -3.413381161760820504e-03 -7.477348196748233138e-03
1.762390181384007292e+03 -3.421229334053859684e-03 -7.397903826117008079e-03
1.762405902434109294e+03 -3.429817513707694807e-03 -7.307523065432110915e-03
1.762421611895930027e+03 -3.441717298716925281e-03 -7.212073284818347994e-03
1.762453021717416959e+03 -3.455344209797951965e-03 -7.028672612976311768e-03
1.762468721988514062e+03 -3.462127572447019647e-03 -6.935072891610622597e-03
1.762484420869449195e+03 -3.466530497171131740e-03 -6.847748162107433235e-03
1.762500124821938243e+03 -3.471876397247497525e-03 -6.760709138165164368e-03
1.762531530507489379e+03 -3.484451984727734205e-03 -6.673579781580975083e-03
1.762547245204330693e+03 -3.488223826847689640e-03 -6.603317998148050365e-03
1.762562974719877502e+03 -3.491745345930854800e-03 -6.492049083999909195e-03
1.762594447791991570e+03 -3.494550461287743593e-03 -6.662385035180821632e-03
1.762610207426689612e+03 -3.496350898549267609e-03 -6.875101360437737598e-03
1.762625991976149635e+03 -3.496607205779659038e-03 -7.187682812567881829e-03
1.762641772037351302e+03 -3.494414345303698769e-03 -7.382971334242296492e-03
1.762673300597201433e+03 -3.492115052516919262e-03 -7.749956298867014155e-03
1.762689044020199844e+03 -3.490061218937469747e-03 -8.055272580079363490e-03
1.762704764113916553e+03 -3.487017791468579285e-03 -8.106100842897805137e-03
1.762720468703563256e+03 -3.485174728867068868e-03 -8.132900570339662849e-03
1.762751854236349800e+03 -3.478593762828737120e-03 -8.317291158542130039e-03
1.762767546185348692e+03 -3.475486700275602549e-03 -8.420289771584777913e-03
1.762783237846387919e+03 -3.472791373831170692e-03 -8.537496035274828518e-03
1.762814668084292407e+03 -3.463322620635673511e-03 -8.800684583646554288e-03
1.762830383345247355e+03 -3.458739948542149945e-03 -8.924883215305039197e-03
1.762846129908696412e+03 -3.452826241595765948e-03 -9.063353389006519392e-03
1.762861889938362992e+03 -3.446637496033488381e-03 -9.221210850874217088e-03
1.762893462726387270e+03 -3.433998669236522274e-03 -9.471526038219739083e-03
1.762909238150647980e+03 -3.427616014408288014e-03 -9.564353051465582928e-03
1.762924986981759957e+03 -3.419680125637948858e-03 -9.643594118491685338e-03
1.762940728374856008e+03 -3.414096693193692262e-03 -9.684610769306635503e-03
1.762972152132773772e+03 -3.400367371531140114e-03 -9.695935082406069092e-03
1.762987846156885325e+03 -3.393372909908323135e-03 -9.663400219943120081e-03
1.763003541552946217e+03 -3.386293945142168811e-03 -9.612575537584447383e-03
1.763034945810868749e+03 -3.374115033144570435e-03 -9.486186438732261209e-03
1.763050681955968912e+03 -3.369691243435126403e-03 -9.399592146037742679e-03
1.763066382861253487e+03 -3.362407251840475973e-03 -9.310892013672092404e-03
1.763082033141839474e+03 -3.359600819851383743e-03 -9.217634840446334646e-03
1.763113400065956739e+03 -3.354909673746051674e-03 -9.023966051974488534e-03
1.763129139045667898e+03 -3.354532238128498604e-03 -8.918228294735815881e-03
1.763144900015724033e+03 -3.350942558392098602e-03 -8.810333355815583647e-03
1.763160610182046412e+03 -3.349025914584433626e-03 -8.707592040900840116e-03
1.763191922809781545e+03 -3.348936787491493296e-03 -8.496906041134963741e-03
1.763207548148369824e+03 -3.349320938373950406e-03 -8.396544252008744311e-03
1.763223164474037503e+03 -3.351083825814796680e-03 -8.294917313008425344e-03
1.763254473094581499e+03 -3.357636828357242389e-03 -8.094363904634822166e-03
1.763270147450312152e+03 -3.361617554008059817e-03 -7.993686181860764142e-03
1.763285822472002565e+03 -3.366188480871710065e-03 -7.894161313638918889e-03
1.763301512203508537e+03 -3.373161194276649410e-03 -7.807934520668681662e-03
1.763333007039626864e+03 -3.389405658816980419e-03 -7.683464297754701196e-03
1.763348806067230726e+03 -3.399807200597593140e-03 -7.605157045909753839e-03
1.763364557224809687e+03 -3.407155671352057533e-03 -7.533068359916075644e-03
1.763380301804271312e+03 -3.418195267590617807e-03 -7.459545493855784977e-03
1.763411727487708731e+03 -3.436315017218282038e-03 -7.283965540318745359e-03
1.763427447360330234e+03 -3.443232251302109394e-03 -7.188733979522542172e-03
1.763443151150941503e+03 -3.452546118604191919e-03 -7.097789851502671506e-03
1.763474551573053304e+03 -3.465826796829184642e-03 -6.914119727173807101e-03
1.763490250533548988e+03 -3.471591467689076269e-03 -6.826616395096180359e-03
1.763505953501058912e+03 -3.476319404201136387e-03 -6.740757243961095248e-03
1.763521654140861756e+03 -3.480409997990708149e-03 -6.676581504634175601e-03
1.763553080520162212e+03 -3.489171590983902987e-03 -6.565233127990030212e-03
1.763568812441275895e+03 -3.492164620649078430e-03 -6.488310536987905268e-03
1.763584543454823461e+03 -3.495482137517373199e-03 -6.555235562022072512e-03
1.763600297627578357e+03 -3.497975448730736119e-03 -6.714108499571341641e-03
1.763631850292703803e+03 -3.496780028175357560e-03 -7.268684620332847672e-03
1.763647639622295173e+03 -3.496611519234137187e-03 -7.404214457193626815e-03
1.763663395322842689e+03 -3.494301231791404217e-03 -7.557880900231706348e-03
1.763694879374499806e+03 -3.490569011537814331e-03 -8.093546955506665183e-03
1.763710597332794123e+03 -3.489469861570113247e-03 -8.107210281804043753e-03
1.763726298165680873e+03 -3.487180315748696167e-03 -8.152503826718291227e-03
1.763741990546538091e+03 -3.483807911110138947e-03 -8.245572590545997144e-03
1.763773369515556169e+03 -3.476486724545578468e-03 -8.451573615486530217e-03
1.763789062096542011e+03 -3.472482140371495503e-03 -8.573384952528321709e-03
1.763804776173950358e+03 -3.468177017694468959e-03 -8.706709831713132369e-03
1.763820502213502778e+03 -3.463712427740229388e-03 -8.836597315054024390e-03
1.763851978364871684e+03 -3.452682919070331011e-03 -9.107398139319468344e-03
1.763867740349153337e+03 -3.446333411097430178e-03 -9.262217718139235251e-03
1.763883536657646346e+03 -3.439911669069577876e-03 -9.394355830050455519e-03
1.763915083348001644e+03 -3.425930215796090406e-03 -9.593587632329248632e-03
1.763930828902209441e+03 -3.419181713359132919e-03 -9.662488385088969720e-03
1.763946563659846561e+03 -3.412790947618559324e-03 -9.697653189371211943e-03
1.763962281020685168e+03 -3.406443219723967637e-03 -9.710808483099755972e-03
1.763993676491765655e+03 -3.394133080143000008e-03 -9.657190900357093960e-03
1.764009370568415306e+03 -3.387069652156507547e-03 -9.605139399620271287e-03
1.764025064136088531e+03 -3.380828543681035307e-03 -9.547419472612363872e-03
1.764040780602697623e+03 -3.374758347592197050e-03 -9.469389559373448534e-03
1.764072196695405182e+03 -3.364122656136244501e-03 -9.294491714444194988e-03
1.764087846198976422e+03 -3.361240942319165988e-03 -9.200198808575591608e-03
1.764103525689688013e+03 -3.356390375106273194e-03 -9.104710224141497263e-03
1.764135000590815025e+03 -3.352009443470828614e-03 -8.897193455762474057e-03
1.764150743736676077e+03 -3.351888967472536028e-03 -8.792224102305243663e-03
1.764166435786879674e+03 -3.348586369912128890e-03 -8.686950824686897471e-03
1.764182081122435875e+03 -3.349237371214919181e-03 -8.579329334616471806e-03
1.764213349417855852e+03 -3.350987185328852241e-03 -8.375266811760928576e-03
1.764228975539689827e+03 -3.353314319094634864e-03 -8.273325253652754827e-03
1.764244629754862217e+03 -3.356573681572018724e-03 -8.173993410334392390e-03
1.764260303418878948e+03 -3.359631529696954343e-03 -8.072494422177394977e-03
1.764291651412397869e+03 -3.369228745577642313e-03 -7.873368238844725628e-03
1.764307349919391754e+03 -3.376210674268601605e-03 -7.795408659587947826e-03
1.764323092097107974e+03 -3.382802072637828769e-03 -7.736610389572962966e-03
1.764354670757095391e+03 -3.402372245788880430e-03 -7.589762366865122380e-03
1.764370414151625482e+03 -3.412117394821072638e-03 -7.519432840943520054e-03
1.764386138889181211e+03 -3.420021872747880561e-03 -7.443699264011823490e-03
1.764401865773924555e+03 -3.430008349414448345e-03 -7.356869652382343715e-03
1.764433281695375626e+03 -3.447244288569792977e-03 -7.168045777735654149e-03
1.764448980538563774e+03 -3.455603168137435198e-03 -7.077955985870389155e-03
1.764464683418431150e+03 -3.460851068612903151e-03 -6.985313983751797844e-03
1.764480381492562628e+03 -3.467411300121328067e-03 -6.894001850788959544e-03
1.764511790062375212e+03 -3.479448459480620655e-03 -6.722278284848730474e-03
1.764527491614389874e+03 -3.483707988119445591e-03 -6.680901250344160706e-03
1.764543196792280696e+03 -3.488088687018357000e-03 -6.661020064996626272e-03
1.764574651988617688e+03 -3.493107104385420516e-03 -6.499845665813320031e-03
1.764590393058467725e+03 -3.496386409994101368e-03 -6.595269635151523348e-03
1.764606154472861590e+03 -3.496187052952430627e-03 -6.774224458644857033e-03
1.764621922056508765e+03 -3.497511780193347884e-03 -7.053340765394586209e-03
1.764653500062964895e+03 -3.495100024341049258e-03 -7.433032827967762067e-03
1.764669250714585587e+03 -3.494077802661254249e-03 -7.632955437247977704e-03
1.764684991409636723e+03 -3.492398382447995005e-03 -7.940076276234773675e-03
1.764700717900297605e+03 -3.490262404131749818e-03 -8.112518395692196876e-03
1.764732125180433286e+03 -3.484866031025307415e-03 -8.178405925298727966e-03
1.764747818954839431e+03 -3.483400990463866951e-03 -8.275254823953939048e-03
1.764763510726494133e+03 -3.480996892718857261e-03 -8.377027890888514433e-03
1.764794900636871262e+03 -3.472822029611083525e-03 -8.615108767622350894e-03
1.764810620068827120e+03 -3.469871149301915689e-03 -8.749275501507327787e-03
1.764826338547616388e+03 -3.462212535451641461e-03 -8.874097478598092642e-03
1.764842075013404383e+03 -3.457318921015434081e-03 -9.001949990694854686e-03
1.764873609094519679e+03 -3.445131327807264988e-03 -9.304201785933451790e-03
1.764889399687800505e+03 -3.438035480963515418e-03 -9.430019248191581424e-03
1.764905187372921773e+03 -3.430543161345913500e-03 -9.530912162325049994e-03
1.764920936453601826e+03 -3.426150294374172810e-03 -9.620156183854191786e-03
1.764952402995221519e+03 -3.411262142164936048e-03 -9.705146916864514431e-03
1.764968112613629955e+03 -3.404342790175412387e-03 -9.709601734301555320e-03
1.764983807962486253e+03 -3.397417772613802595e-03 -9.686997103053167704e-03
1.765015199426301706e+03 -3.386225892707503491e-03 -9.591116427692511839e-03
1.765030899397778740e+03 -3.380466084401918554e-03 -9.527507680262127174e-03
1.765046630038393914e+03 -3.374669829356515601e-03 -9.445051543816028114e-03
1.765062348320307819e+03 -3.369853620464670005e-03 -9.359668964613517342e-03
1.765093665678722573e+03 -3.359684318109977096e-03 -9.173655816033233351e-03
1.765109366803122839e+03 -3.358429891593379436e-03 -9.078296182270269646e-03
1.765125085403716639e+03 -3.356314908168118397e-03 -8.975976229360457803e-03
1.765140857832495840e+03 -3.354265609194952667e-03 -8.866608056998272203e-03
1.765172256395974046e+03 -3.350663735865595273e-03 -8.656169519307182342e-03
1.765187908482196235e+03 -3.350509625123388163e-03 -8.550222969849073998e-03
1.765203536998354593e+03 -3.349137481262860153e-03 -8.449277233159602565e-03
1.765234790220075411e+03 -3.353691605574113214e-03 -8.246721572080320875e-03
1.765250452750974091e+03 -3.356518291435102355e-03 -8.144353360870453321e-03
1.765266128917675587e+03 -3.360831602954527340e-03 -8.043741536184758137e-03
1.765281804621020456e+03 -3.367030476970332177e-03 -7.941927887170447883e-03
1.765313197948333936e+03 -3.381055947189600622e-03 -7.777988672214482431e-03
1.765328953628583122e+03 -3.387551028418375656e-03 -7.719178486564600393e-03
1.765344749135381790e+03 -3.395634582407304914e-03 -7.644507088364585652e-03
1.765360519418873992e+03 -3.405717688225201167e-03 -7.568127744760922218e-03
1.765391983916951176e+03 -3.423222613969289976e-03 -7.418209009049920796e-03
1.765407697138735557e+03 -3.432219277864575775e-03 -7.328246446403679712e-03
1.765423409014439585e+03 -3.442029689522455287e-03 -7.233336886143530882e-03
1.765454814966154572e+03 -3.456250615771593124e-03 -7.049763464157399705e-03
1.765470513049847341e+03 -3.463964374247530034e-03 -6.956439567767003576e-03
1.765486212523255517e+03 -3.468701374229055980e-03 -6.868555620449490542e-03
1.765501916912566003e+03 -3.473601030424499497e-03 -6.780559389339139292e-03
1.765533323286052791e+03 -3.485117339120533553e-03 -6.686579764458712265e-03
1.765549039210730825e+03 -3.490207541897151662e-03 -6.625638804562911620e-03
1.765564772313060530e+03 -3.492428306107098115e-03 -6.505127934055762728e-03
1.765580494658704993e+03 -3.495260213523391276e-03 -6.515430756959867190e-03
1.765612008062483937e+03 -3.498158042135311643e-03 -6.837327191435040377e-03
1.765627795945864591e+03 -3.499386256978562725e-03 -7.155767117181017004e-03
1.765643577343115339e+03 -3.497556563416906201e-03 -7.360420368365041058e-03
1.765675099087989793e+03 -3.493971106367124106e-03 -7.716559529612075988e-03
1.765690839688425285e+03 -3.493601884743073767e-03 -8.017798690333515638e-03
1.765706561680213554e+03 -3.490600953227094433e-03 -8.114096482089478909e-03
1.765722262523831887e+03 -3.488860883992747370e-03 -8.125521135639916098e-03
1.765753646917406513e+03 -3.482331425448630721e-03 -8.302287659187597077e-03
1.765769337926120897e+03 -3.478849942015900185e-03 -8.407363441248861397e-03
1.765785030104589396e+03 -3.475703028840152614e-03 -8.525708237944004675e-03
1.765800737403359108e+03 -3.472950599922327783e-03 -8.656131622465800327e-03
1.765832181596769487e+03 -3.462697323350695435e-03 -8.905564598174094820e-03
1.765847930218682450e+03 -3.457816536913830511e-03 -9.044655384093470973e-03
1.765863689609425819e+03 -3.450087017246989112e-03 -9.204359628385864675e-03
1.765895268416789577e+03 -3.438378285502162457e-03 -9.457257129891165695e-03
1.765911036358542333e+03 -3.432109909699711855e-03 -9.557486032625737635e-03
1.765926784959771112e+03 -3.423327252854775193e-03 -9.637393196490113417e-03
1.765942524556242688e+03 -3.418158716804544240e-03 -9.683095582960358008e-03
1.765973946723038807e+03 -3.404716727574263763e-03 -9.700956123690951741e-03
1.765989639483253541e+03 -3.398182342930805740e-03 -9.671959903309216428e-03
1.766005334063299642e+03 -3.391117053026621204e-03 -9.623057021773172640e-03
1.766021028176760183e+03 -3.384395831643079600e-03 -9.570944006852171240e-03
1.766052474483819196e+03 -3.373517416538812479e-03 -9.417289064033707718e-03
1.766068174429021838e+03 -3.367566741618609628e-03 -9.330860922234637464e-03
1.766083830088138484e+03 -3.364141589239193642e-03 -9.239236328253762343e-03
1.766115204963796259e+03 -3.357962523616902367e-03 -9.047787227578161021e-03
1.766130947698725777e+03 -3.358101008082302243e-03 -8.942514730695971109e-03
1.766146710555377240e+03 -3.354344458011029265e-03 -8.835081886759854619e-03
1.766162415979673142e+03 -3.351423071452475956e-03 -8.730422384164488250e-03
1.766193725562858162e+03 -3.353263321571270904e-03 -8.518971038416719641e-03
1.766209347433910580e+03 -3.353331877995412245e-03 -8.417512337658883750e-03
1.766224969217858870e+03 -3.354550694619031544e-03 -8.314905979443251369e-03
1.766240613531860390e+03 -3.356642451550918577e-03 -8.215452957991174060e-03
1.766271956336036510e+03 -3.364432023549214761e-03 -8.010943102314878328e-03
1.766287632859124415e+03 -3.368912480604385664e-03 -7.910428586685913990e-03
1.766303324516060684e+03 -3.374561471581812109e-03 -7.823259583411316595e-03
1.766334825333372919e+03 -3.392010516791721386e-03 -7.697499646717242267e-03
1.766350623851096998e+03 -3.401300012665284950e-03 -7.618466342426656428e-03
1.766366369659859629e+03 -3.409075544969589980e-03 -7.546323785113966641e-03
1.766382108451644626e+03 -3.419522611345074750e-03 -7.472731942491955826e-03
1.766413529963670044e+03 -3.436732212180550975e-03 -7.297483255101313779e-03
1.766429248029526661e+03 -3.445404958738577678e-03 -7.202179862538631190e-03
1.766444948982865526e+03 -3.453314359451601593e-03 -7.110982670067281242e-03
1.766460650517385375e+03 -3.462916589835483751e-03 -7.019463047707401489e-03
1.766492051224612396e+03 -3.473518452744950129e-03 -6.839253334942427091e-03
1.766507753704195920e+03 -3.478627133976381833e-03 -6.752750023094265287e-03
1.766523453580335854e+03 -3.482941355317449757e-03 -6.685503635054663128e-03
1.766554883168995502e+03 -3.491210101408980838e-03 -6.579038299472286105e-03
1.766570615141876260e+03 -3.494886009349426181e-03 -6.490041877952399361e-03
1.766586347673042837e+03 -3.498333781089317529e-03 -6.536830530135373518e-03
1.766602104470718814e+03 -3.498933633175449649e-03 -6.675674164446790751e-03
1.766633659391311539e+03 -3.499239265009316049e-03 -7.246970196836306083e-03
1.766649450827937699e+03 -3.500016129660749042e-03 -7.371820425778878583e-03
1.766665201817396337e+03 -3.496451927928224523e-03 -7.519852985579711206e-03
1.766680947214420712e+03 -3.495076934673417828e-03 -7.800822596341232262e-03
1.766712397882462710e+03 -3.491945692421321006e-03 -8.108827502542033036e-03
1.766728095226250389e+03 -3.490849282258278244e-03 -8.137737621398287782e-03
1.766743790683651241e+03 -3.488044339068754884e-03 -8.227066067674494373e-03
1.766775169882700311e+03 -3.480911623091238055e-03 -8.439311813653609454e-03
1.766790862952764428e+03 -3.477190206509419602e-03 -8.563261823443753251e-03
1.766806579622040772e+03 -3.472614514361115068e-03 -8.693382190016392744e-03
1.766822303898804876e+03 -3.467808781077352711e-03 -8.815977571938906840e-03
1.766853786786492265e+03 -3.455710834908408326e-03 -9.089365565610661030e-03
1.766869549639795650e+03 -3.451127977417041415e-03 -9.244799645339264391e-03
1.766885345948426220e+03 -3.444089737183291845e-03 -9.372995998845886495e-03
1.766901138397382738e+03 -3.438780086519798492e-03 -9.483665263741612381e-03
1.766932634134620457e+03 -3.424240667615551219e-03 -9.651901316246691218e-03
1.766948365402485251e+03 -3.417519480227737723e-03 -9.690107485639644705e-03
1.766964081363798186e+03 -3.410229379632631619e-03 -9.705002179521950156e-03
1.766995473765570523e+03 -3.399172188861411537e-03 -9.656913050846186244e-03
1.767011170857162824e+03 -3.392529042253835444e-03 -9.606057373263494209e-03
1.767026865106878631e+03 -3.385878991832710731e-03 -9.551841279619737238e-03
1.767042580115545888e+03 -3.380076225064717818e-03 -9.473849019860742723e-03
1.767073994535529664e+03 -3.368840856941783275e-03 -9.304172288620541839e-03
1.767089649715133874e+03 -3.366452298090896397e-03 -9.211529021448000912e-03
1.767105340254373004e+03 -3.360208117617424859e-03 -9.117411483082604046e-03
1.767121047313356939e+03 -3.360478229270350611e-03 -9.018976151178963174e-03
1.767152556879442045e+03 -3.356625196014137447e-03 -8.805568905261103654e-03
1.767168248545174492e+03 -3.353498403736858945e-03 -8.698978436550718757e-03
1.767183891931308835e+03 -3.353877481308738858e-03 -8.591521635593863532e-03
1.767215154829194034e+03 -3.354512600537062818e-03 -8.386868752844538893e-03
1.767230784170820698e+03 -3.355746096893546734e-03 -8.283549137447446947e-03
1.767246440321974205e+03 -3.359789526883556060e-03 -8.183219262757467083e-03
1.767262114581818423e+03 -3.364063636519911468e-03 -8.081583708128226018e-03
1.767293468952301055e+03 -3.372611338781486556e-03 -7.881524712883095432e-03
1.767309168073776391e+03 -3.380052481520424805e-03 -7.801927939186496103e-03
1.767324912451360660e+03 -3.386894501384362949e-03 -7.742089690218832351e-03
1.767340698405037074e+03 -3.394405833347194715e-03 -7.674149146133226081e-03
1.767372233448337965e+03 -3.414518602977237218e-03 -7.523622760981871910e-03
1.767387951395553500e+03 -3.421780891708514453e-03 -7.448117555969681509e-03
1.767403673625128931e+03 -3.431085690802188407e-03 -7.361159336229361125e-03
1.767435086142347700e+03 -3.449601919007253166e-03 -7.172929054845386676e-03
1.767450783094627923e+03 -3.458198655269010494e-03 -7.082593438381639024e-03
1.767466484743841420e+03 -3.463567717322021955e-03 -6.990502461378349588e-03
1.767482183498665108e+03 -3.469018709804354110e-03 -6.899365853351267439e-03
1.767513591842684491e+03 -3.482274499588720700e-03 -6.725630950504963602e-03
1.767529295488515800e+03 -3.487665167851206928e-03 -6.684179088191132510e-03
1.767545005017247149e+03 -3.491386655897150797e-03 -6.666582499034770862e-03
1.767560733730819265e+03 -3.496357921931196166e-03 -6.535770941913880000e-03
1.767592204630825108e+03 -3.499417865683526925e-03 -6.564629623138375746e-03
1.767607965566268604e+03 -3.501060600634123016e-03 -6.725841193116781878e-03
1.767623742410911291e+03 -3.501408046742225666e-03 -7.005480998781979558e-03
1.767655311640365198e+03 -3.498408665272057221e-03 -7.386098141730605346e-03
1.767671059745192679e+03 -3.499439699485357678e-03 -7.587914879860414852e-03
1.767686801973714864e+03 -3.496763026863434608e-03 -7.894170897610955015e-03
1.767702525077547989e+03 -3.494605203070501841e-03 -8.101534099481595350e-03
1.767733928168759121e+03 -3.489482472352475190e-03 -8.156159387860580090e-03
1.767749622120087224e+03 -3.487445554525125512e-03 -8.254088636816491603e-03
1.767765314174572723e+03 -3.485405619209362617e-03 -8.360342860895542128e-03
1.767781005369200329e+03 -3.482695056164526216e-03 -8.475042158839653575e-03
1.767812428988076135e+03 -3.474830918419631945e-03 -8.727917261257558956e-03
1.767828145571792447e+03 -3.468158992928643217e-03 -8.847469798262007010e-03
1.767843886830559313e+03 -3.462639634495668240e-03 -8.974436416620785312e-03
1.767875429335944773e+03 -3.451346347348911887e-03 -9.283808158472127078e-03
1.767891214341207615e+03 -3.444093857192778198e-03 -9.405820183235652845e-03
1.767906997863226252e+03 -3.436981949285995708e-03 -9.513663415007604998e-03
1.767922746282729577e+03 -3.431829647449724865e-03 -9.606955757181338817e-03
1.767954211288316628e+03 -3.417188998390322929e-03 -9.697304400029898436e-03
1.767969917268029121e+03 -3.411143253001557366e-03 -9.703859201814756322e-03
1.767985611819249016e+03 -3.403914567109783684e-03 -9.684350140630772208e-03
1.768001307612856181e+03 -3.397399295434005550e-03 -9.642963879013250264e-03
1.768032702143330653e+03 -3.386146887233227459e-03 -9.533300947320095392e-03
1.768048432680653832e+03 -3.381209083294427382e-03 -9.450884010150130410e-03
1.768064153466666994e+03 -3.374618983023632782e-03 -9.368776750209074217e-03
1.768095476944396523e+03 -3.365929686608366660e-03 -9.186488626895829984e-03
1.768111182163325566e+03 -3.364763168916122624e-03 -9.091183211989194504e-03
1.768126906045714122e+03 -3.362640177177634616e-03 -8.989367742140038503e-03
1.768142676270119409e+03 -3.359684622460755617e-03 -8.880389948764191160e-03
1.768174071413244292e+03 -3.356246364999226819e-03 -8.667829252245877122e-03
1.768189724378813480e+03 -3.355587125178949824e-03 -8.561906110362822384e-03
1.768205350587483053e+03 -3.354596825957248396e-03 -8.460189698236669775e-03
1.768220966815174279e+03 -3.356409257471283311e-03 -8.355900106080421663e-03
1.768252269292800520e+03 -3.361694041567994413e-03 -8.152898693537025121e-03
1.768267946953350020e+03 -3.364986311231500573e-03 -8.051425238102359952e-03
1.768283625376055397e+03 -3.370030119016148920e-03 -7.949638137744605842e-03
1.768315023569564801e+03 -3.385148525571806712e-03 -7.783059947834476862e-03
1.768330781322044459e+03 -3.390863665204470103e-03 -7.724491992762381846e-03
1.768346579240224628e+03 -3.399681558076019308e-03 -7.649337427319677883e-03
1.768362341048050894e+03 -3.407765168131428150e-03 -7.572284005577938591e-03
1.768393803963550909e+03 -3.427062000257534262e-03 -7.421919096749263894e-03
1.768409509144273443e+03 -3.436627220853406568e-03 -7.332377838584972461e-03
1.768425223083736228e+03 -3.444017947132600819e-03 -7.237662058268157401e-03
1.768440926011205647e+03 -3.454098526174485123e-03 -7.144556743986694991e-03
1.768472322364388901e+03 -3.467465012147240549e-03 -6.961892925831290879e-03
1.768488022187198567e+03 -3.472877233910615785e-03 -6.873147240964177021e-03
1.768503726814145239e+03 -3.477777779448890019e-03 -6.785109813490770511e-03
1.768535133175369765e+03 -3.487757424320413191e-03 -6.691482375671970427e-03
1.768550852263557999e+03 -3.493481811366177907e-03 -6.630200455958868040e-03
1.768566584689581077e+03 -3.495624931658542107e-03 -6.505246298840736997e-03
1.768582311894242594e+03 -3.499322056660623265e-03 -6.501304272401829676e-03
1.768613826951531109e+03 -3.501709701516201884e-03 -6.785829000957315990e-03
1.768629618632862957e+03 -3.503304692843532599e-03 -7.111338392512033327e-03
1.768645402005942060e+03 -3.502406784769482480e-03 -7.342336377260159398e-03
1.768661165977050359e+03 -3.501706660571962844e-03 -7.414607732654397362e-03
1.768692653095406740e+03 -3.498229627118227842e-03 -7.974553695862994507e-03
1.768708374317431662e+03 -3.496800560880288389e-03 -8.108347691959821163e-03
1.768724074591012595e+03 -3.494268234907615088e-03 -8.109662466758911156e-03
1.768755457408575921e+03 -3.488290059058235526e-03 -8.279785830990456577e-03
1.768771147608080810e+03 -3.484690337597832858e-03 -8.388081220557862261e-03
1.768786840117514430e+03 -3.481162399812273017e-03 -8.507806762905691447e-03
1.768802550861273858e+03 -3.478057919382894145e-03 -8.634512590598773449e-03
1.768833999366439457e+03 -3.468636356695184875e-03 -8.876492244064917297e-03
1.768849748480455673e+03 -3.464353101185750627e-03 -9.010726911719058041e-03
1.768865507992098856e+03 -3.456149163254180513e-03 -9.178298563244592992e-03
1.768881302801546781e+03 -3.451076408356779351e-03 -9.319500954559240338e-03
1.768912853072366715e+03 -3.437801125699144547e-03 -9.540367585746988358e-03
1.768928600688430834e+03 -3.429725249623321367e-03 -9.625622239058892818e-03
1.768944338668669616e+03 -3.424270076652740236e-03 -9.676469815488718262e-03
1.768960057183830259e+03 -3.418724155783516017e-03 -9.700571854097840910e-03
1.768991452352811621e+03 -3.404942977095675848e-03 -9.673913873879254680e-03
1.769007145402101742e+03 -3.398227579552195923e-03 -9.627595461788132983e-03
1.769022838700519060e+03 -3.391692619832423639e-03 -9.578650331171657123e-03
1.769054284886725327e+03 -3.379652331623859800e-03 -9.429491421891731534e-03
1.769069984965972480e+03 -3.375107599510200618e-03 -9.345022535598452446e-03
1.769085643729917365e+03 -3.370940411104136197e-03 -9.255358496495861773e-03
1.769101318234799464e+03 -3.368301135412525571e-03 -9.162270362253347247e-03
1.769132775109424074e+03 -3.362346070325445118e-03 -8.960853873681449630e-03
1.769148538674875226e+03 -3.359886109878420461e-03 -8.853980523551329904e-03
1.769164241572240599e+03 -3.356184759451976904e-03 -8.747443611159861146e-03
1.769195544832584574e+03 -3.359399924950111187e-03 -8.534615471111277329e-03
1.769211166270945796e+03 -3.358270833137409327e-03 -8.431224932725528073e-03
1.769226789816316796e+03 -3.360103855529422614e-03 -8.327443143818245852e-03
1.769242439340834608e+03 -3.361199674528868135e-03 -8.226901241030820308e-03
1.769273784297076190e+03 -3.368538719731829171e-03 -8.021210847288023568e-03
1.769289462471268735e+03 -3.373056315259827936e-03 -7.920335617785352958e-03
1.769305155806537869e+03 -3.378586108099229050e-03 -7.832608369847008506e-03
1.769320884925587052e+03 -3.384723920359948048e-03 -7.766554302130817058e-03
1.769352459802264320e+03 -3.403873473309335703e-03 -7.625393644678897347e-03
1.769368202291793295e+03 -3.412672947333934663e-03 -7.552940982985683477e-03
1.769383933327119166e+03 -3.422148727352736057e-03 -7.479724692909735760e-03
1.769415352766178103e+03 -3.438782842985905943e-03 -7.304468892536712665e-03
1.769431067280098659e+03 -3.448812298385388764e-03 -7.209655375748997598e-03
1.769446765405492897e+03 -3.456433389958400281e-03 -7.117926480564898753e-03
1.769462467358781623e+03 -3.464509206971617961e-03 -7.026950952588383731e-03
1.769493869257129745e+03 -3.477273809709737536e-03 -6.846017877556642185e-03
1.769509574102673469e+03 -3.482018536372446377e-03 -6.759041236952360865e-03
1.769525272982291199e+03 -3.486795185860859254e-03 -6.690759014141672324e-03
1.769540978244333246e+03 -3.491491409275367715e-03 -6.692442068050556345e-03
1.769572436286177890e+03 -3.498322388751600679e-03 -6.490049820005928949e-03
1.769588172711625930e+03 -3.502157381480332666e-03 -6.519370679115516452e-03
1.769603932665112325e+03 -3.501442992128733344e-03 -6.634478522164482736e-03
1.769635488229693237e+03 -3.503122051714628246e-03 -7.214868684128839665e-03
1.769651278195773557e+03 -3.503705305737550915e-03 -7.352068768507183903e-03
1.769667028154840182e+03 -3.500515148826384426e-03 -7.467418420270508471e-03
1.769682771359784510e+03 -3.499896793667264458e-03 -7.756212453663102052e-03
1.769714216962083128e+03 -3.495672215120466594e-03 -8.106570008135683542e-03
1.769729913180367930e+03 -3.494857272447864701e-03 -8.118830137950696496e-03
1.769745607038750904e+03 -3.493176418842883300e-03 -8.202438285567766746e-03
1.769761300937154829e+03 -3.490138751889944237e-03 -8.310135507038950500e-03
1.769792684104011414e+03 -3.482882507011995400e-03 -8.544490339061084835e-03
1.769808403038022334e+03 -3.478940625136175708e-03 -8.673474968481429195e-03
1.769824124327848494e+03 -3.472820074230787042e-03 -8.795798711497982564e-03
1.769855614996632767e+03 -3.461338996139137758e-03 -9.057642013751950397e-03
1.769871379839561769e+03 -3.456692828193148968e-03 -9.223628871906839471e-03
1.769887175225155033e+03 -3.449488455490157431e-03 -9.356225670498541369e-03
1.769902966070234015e+03 -3.443317294508647930e-03 -9.464297469016783731e-03
1.769934459057183176e+03 -3.430270400281547078e-03 -9.645924154429415601e-03
1.769950186871057667e+03 -3.423409526169247583e-03 -9.688531834212834454e-03
1.769965900337548646e+03 -3.415925754753942716e-03 -9.705741944979667801e-03
1.769981596428140392e+03 -3.410004156843459994e-03 -9.697709165407297771e-03
1.770012987184357826e+03 -3.399058944533065851e-03 -9.616277039911717492e-03
1.770028684268766256e+03 -3.392668145092424346e-03 -9.566783132438989173e-03
1.770044399013162547e+03 -3.386350773305903030e-03 -9.490082605972838259e-03
1.770060133126894925e+03 -3.382035359746234354e-03 -9.410451968889834914e-03
1.770091475105453583e+03 -3.371363711561454774e-03 -9.234160495566802809e-03
1.770107170429594134e+03 -3.366592983542612653e-03 -9.140520931565958990e-03
1.770122879157130001e+03 -3.365806551337785588e-03 -9.042691342544102728e-03
1.770154392709550621e+03 -3.361249150011615724e-03 -8.828715927788374773e-03
1.770170082770442605e+03 -3.358417525273889748e-03 -8.721017649557969223e-03
1.770185727008376944e+03 -3.358608745486964166e-03 -8.612298154829219760e-03
1.770201364491044160e+03 -3.356530632980933224e-03 -8.510488384688680297e-03
1.770232615873667783e+03 -3.359035556073695569e-03 -8.301829141121918124e-03
1.770248274422805025e+03 -3.362219149418044402e-03 -8.199757558958251438e-03
1.770263950731663499e+03 -3.367022841035344563e-03 -8.097861736932549306e-03
1.770295313426872553e+03 -3.375712944362960991e-03 -7.895996852681847616e-03
1.770311012694712190e+03 -3.383297805382656787e-03 -7.814439322253265152e-03
1.770326757728699249e+03 -3.389582762648980785e-03 -7.753492265478465449e-03
1.770342545321207126e+03 -3.396100318150722334e-03 -7.686156781071012099e-03
1.770374076405707683e+03 -3.415736905268917933e-03 -7.534679317072476637e-03
1.770389787844452940e+03 -3.423357588021547823e-03 -7.459627348477827248e-03
1.770405504587968380e+03 -3.432064714407038163e-03 -7.372340796005210327e-03
1.770421208128364242e+03 -3.444159554253394939e-03 -7.279632720201762233e-03
1.770452610063574184e+03 -3.458742210453751107e-03 -7.094544660220293737e-03
1.770468310183529638e+03 -3.465712772681813197e-03 -7.002539876741833112e-03
1.770484009370765989e+03 -3.470579707972792916e-03 -6.911969745298118806e-03
1.770515419063970739e+03 -3.483223140582899190e-03 -6.735354646783335911e-03
1.770531121511050287e+03 -3.489872602105994603e-03 -6.690786603012832158e-03
1.770546837011168918e+03 -3.493912806152454312e-03 -6.678572565333826434e-03
1.770562566585355171e+03 -3.498245746085751860e-03 -6.547285231875565534e-03
1.770594041470652201e+03 -3.501780718951321564e-03 -6.543351966955906172e-03
1.770609802161351354e+03 -3.504308164344615423e-03 -6.681574454823969306e-03
1.770625586223644405e+03 -3.504861481639767740e-03 -6.952679139669367021e-03
1.770641365755062225e+03 -3.503338633047417376e-03 -7.293742644032793002e-03
1.770672893330348870e+03 -3.502344415535531448e-03 -7.535783184105895351e-03
1.770688636853435810e+03 -3.500406045979840338e-03 -7.845773635179194294e-03
1.770704356908029240e+03 -3.497977869190772079e-03 -8.083278515101627315e-03
1.770720062389291115e+03 -3.496546164405039611e-03 -8.104033079685274074e-03
1.770751449236694270e+03 -3.490993997597267775e-03 -8.230430601475484387e-03
1.770767141310349416e+03 -3.488453227469346610e-03 -8.341491316685878399e-03
1.770782832999576385e+03 -3.486269573409093384e-03 -8.458604901711066701e-03
1.770814262242082123e+03 -3.477579796723203210e-03 -8.711772067482406387e-03
1.770829977162527712e+03 -3.472979556086026355e-03 -8.831054595009258518e-03
1.770845723045713612e+03 -3.467278287014409922e-03 -8.951356559993900799e-03
1.770861482727292696e+03 -3.461624083066475958e-03 -9.111362785248816945e-03
1.770893053736558386e+03 -3.449200849391888778e-03 -9.393291072635595249e-03
1.770908831206042578e+03 -3.442906752888360948e-03 -9.503058868000678269e-03
1.770924580316239599e+03 -3.435602833909078783e-03 -9.601920134998487982e-03
1.770940322574239872e+03 -3.429959961340283640e-03 -9.667092783056194932e-03
1.770971745917174076e+03 -3.416457650497405421e-03 -9.712586420769693876e-03
1.770987439807845931e+03 -3.409429662990773238e-03 -9.696550806915409451e-03
1.771003134915591090e+03 -3.402528916741273321e-03 -9.658459320564676681e-03
1.771034527373801438e+03 -3.390488167629582619e-03 -9.554886107713352408e-03
1.771050258779350088e+03 -3.386095012781883181e-03 -9.473695664439389652e-03
1.771065980568886289e+03 -3.378429181138134507e-03 -9.394074109008429541e-03
1.771081647259855799e+03 -3.374869167621059787e-03 -9.306696359813746225e-03
1.771113022687931334e+03 -3.368383048080364310e-03 -9.121079631341826727e-03
1.771128753612141281e+03 -3.366951601878185717e-03 -9.019902638944699014e-03
1.771144524129198544e+03 -3.363366643866909020e-03 -8.912046457999532253e-03
1.771160247957356660e+03 -3.360682851509489040e-03 -8.806138902127086387e-03
1.771191566187599847e+03 -3.359232084775658472e-03 -8.589623559755744583e-03
1.771207193620969747e+03 -3.358517535638990727e-03 -8.487700338399819383e-03
1.771222809725339630e+03 -3.359345501617858054e-03 -8.381699979194049896e-03
1.771254115688170486e+03 -3.364387737315046190e-03 -8.176244097722546247e-03
1.771269794503670482e+03 -3.367263688924327855e-03 -8.073480685296266848e-03
1.771285476154517255e+03 -3.370960774842497558e-03 -7.971165768486446895e-03
1.771301165369464115e+03 -3.377291144364710004e-03 -7.875956146349765569e-03
1.771332641004478091e+03 -3.391141402424302943e-03 -7.741777985351250280e-03
1.771348438438252970e+03 -3.400488259694226748e-03 -7.667146354470634820e-03
1.771364193855201165e+03 -3.407430019374815041e-03 -7.589683740467265474e-03
1.771395653821621636e+03 -3.427142536889650135e-03 -7.439745220758631206e-03
1.771411350955705302e+03 -3.436627173292007738e-03 -7.350056658895865597e-03
1.771427065278549662e+03 -3.443715376666953241e-03 -7.256780735514516481e-03
1.771442764255521297e+03 -3.453496941042929255e-03 -7.163287083027007097e-03
1.771474162333494178e+03 -3.467387459985658230e-03 -6.980893508780609824e-03
1.771489861889739586e+03 -3.473484032267808858e-03 -6.890257254711612371e-03
1.771505566575295688e+03 -3.478726113234526050e-03 -6.801427509832827512e-03
1.771521268073428018e+03 -3.483266836700474583e-03 -6.716129851102813596e-03
1.771552695368677860e+03 -3.493099981743959942e-03 -6.650297378716626961e-03
1.771568428610486990e+03 -3.496525132340835666e-03 -6.519745145748990535e-03
1.771584160268456799e+03 -3.500252539398793130e-03 -6.498082323041458677e-03
1.771615675889707973e+03 -3.502552289792867576e-03 -6.740868040456958650e-03
1.771631468586268056e+03 -3.503575776438984379e-03 -7.058110874981611722e-03
1.771647256290664927e+03 -3.503686347042574579e-03 -7.341489986144529405e-03
1.771663011852067029e+03 -3.502183504953512889e-03 -7.386109269463459436e-03
1.771694496129930030e+03 -3.499355791588973190e-03 -7.927240199859020287e-03
1.771710214109034496e+03 -3.498852975493091030e-03 -8.105933917008065898e-03
1.771725915907863737e+03 -3.496829013688057108e-03 -8.108446142495952594e-03
1.771741608052496304e+03 -3.494090387479576679e-03 -8.159430086824237538e-03
1.771772987825649352e+03 -3.487531213165290418e-03 -8.374001057323091426e-03
1.771788680471303223e+03 -3.483915762669249992e-03 -8.493365853044361827e-03
1.771804394210575083e+03 -3.480135620031396104e-03 -8.621444690915249301e-03
1.771820120015634984e+03 -3.475971759872359054e-03 -8.747462052766679166e-03
1.771851595047315413e+03 -3.465962710499082694e-03 -8.997919652672017182e-03
1.771867356030437804e+03 -3.459391975058592923e-03 -9.165412616930426401e-03
1.771883151802339398e+03 -3.453449112383983124e-03 -9.314712106734974323e-03
1.771914699578694353e+03 -3.439951944010459332e-03 -9.546455762973830514e-03
1.771930445630667464e+03 -3.433157740242504929e-03 -9.635932035874206214e-03
1.771946181019505502e+03 -3.427097289117427090e-03 -9.692908209035821718e-03
1.771961898302634381e+03 -3.421080213569460248e-03 -9.722344538468872741e-03
1.771993293590544226e+03 -3.408528604157081213e-03 -9.702438255418230698e-03
1.772008986546552251e+03 -3.401731783442123094e-03 -9.658357683229937263e-03
1.772024678438721367e+03 -3.395388866729518937e-03 -9.612985535548788582e-03
1.772040381143169952e+03 -3.389044740699992137e-03 -9.544891785163293549e-03
1.772071824694393626e+03 -3.377895520805622703e-03 -9.384075290543861941e-03
1.772087489759156369e+03 -3.373990137265174376e-03 -9.295789603757285968e-03
1.772103176730747464e+03 -3.368169218264752476e-03 -9.203110378974548381e-03
1.772134637204335604e+03 -3.363151179316625772e-03 -9.002451401549203466e-03
1.772150397380033610e+03 -3.361976720086477452e-03 -8.895727987042505863e-03
1.772166101153294221e+03 -3.358108815443087460e-03 -8.787700449154146887e-03
1.772181749332551817e+03 -3.358315554887357154e-03 -8.676602971712186682e-03
1.772213019857628751e+03 -3.358579775026838705e-03 -8.468392520730116946e-03
1.772228644761930582e+03 -3.360015193889342566e-03 -8.362028930775748659e-03
1.772244296962403041e+03 -3.361979051122250713e-03 -8.260147520363447446e-03
1.772275648639377323e+03 -3.367634891798666156e-03 -8.052616030547549153e-03
1.772291330232612836e+03 -3.371768030152215174e-03 -7.951599868802681007e-03
1.772307026351537843e+03 -3.377630797708887182e-03 -7.861308364295997025e-03
1.772322757510668453e+03 -3.383114195375852649e-03 -7.790915943369042425e-03
1.772354331403195602e+03 -3.400923179988477388e-03 -7.651965529187260140e-03
1.772370074303314368e+03 -3.410101622668953742e-03 -7.577991467738366335e-03
1.772385796932667290e+03 -3.418159360583985021e-03 -7.506467895315021080e-03
1.772401518537822994e+03 -3.428075219092305975e-03 -7.423268418513662321e-03
1.772432923010567947e+03 -3.445465454143301510e-03 -7.237925012910060261e-03
1.772448618197978476e+03 -3.454110606620234766e-03 -7.145492890684622227e-03
1.772464320368139852e+03 -3.460058009472031463e-03 -7.054926214372043113e-03
1.772480018434534713e+03 -3.467262336892670046e-03 -6.962002329050043410e-03
1.772511429420229888e+03 -3.479634677266658233e-03 -6.783197073616489131e-03
1.772527130489505680e+03 -3.484292345340845275e-03 -6.708422748533246147e-03
1.772542836445448302e+03 -3.489261012219539628e-03 -6.707793402976922753e-03
1.772574294357565350e+03 -3.495348608736949421e-03 -6.507751306441011442e-03
1.772590035967992435e+03 -3.499206130551592471e-03 -6.517060501353825509e-03
1.772605798491176756e+03 -3.499379342158888406e-03 -6.612280225282244142e-03
1.772621566017702207e+03 -3.501533588140942881e-03 -6.816930029101827410e-03
1.772653143081326334e+03 -3.500376984551747776e-03 -7.364410271516024994e-03
1.772668892442849028e+03 -3.499374341244250713e-03 -7.433396587085920777e-03
1.772684633234574449e+03 -3.498475124159237167e-03 -7.710471377582022931e-03
1.772700359946818025e+03 -3.496866349475227353e-03 -8.006533863318943817e-03
1.772731768492070387e+03 -3.492606399807051277e-03 -8.119447015562887907e-03
1.772747462737492697e+03 -3.491700043402804279e-03 -8.188454634628099596e-03
1.772763154733279407e+03 -3.489601528762793260e-03 -8.296569512261063595e-03
1.772794544052349693e+03 -3.482300614088321231e-03 -8.531367214692281084e-03
1.772810263530376005e+03 -3.479610775484857053e-03 -8.659819760606039113e-03
1.772825982030452906e+03 -3.472372699287281338e-03 -8.784157077710855882e-03
1.772841717694352610e+03 -3.467947318187068577e-03 -8.902629126487947298e-03
1.772873248988584919e+03 -3.456295619258609956e-03 -9.216414130664695240e-03
1.772889040537961137e+03 -3.449374437250553316e-03 -9.355201574272806880e-03
1.772904829059081294e+03 -3.442246495369104178e-03 -9.472304924979005683e-03
1.772920579136992274e+03 -3.437875239965371317e-03 -9.583387967979419345e-03
1.772952045552284289e+03 -3.423522420453277253e-03 -9.711162429346139116e-03
1.772967755514896453e+03 -3.416578036933363462e-03 -9.732284350763063460e-03
1.772983450709864883e+03 -3.409879954793716521e-03 -9.727247182609977116e-03
1.773014841449520645e+03 -3.399077029362959027e-03 -9.651259126385744458e-03
1.773030535967852529e+03 -3.393422727184287283e-03 -9.604842584466942446e-03
1.773046253562530410e+03 -3.386679585643553696e-03 -9.528335345482535565e-03
1.773061987254580799e+03 -3.381986662803889050e-03 -9.450363077077767598e-03
1.773093341342967506e+03 -3.370009158634655524e-03 -9.275821481463851492e-03
1.773109042511255666e+03 -3.367510030410815133e-03 -9.182359503767350065e-03
1.773124752476107005e+03 -3.365463758943637931e-03 -9.084407638125960999e-03
1.773140527489591022e+03 -3.362173820497926097e-03 -8.976830111386991523e-03
1.773171951446306139e+03 -3.357717003587978952e-03 -8.759787605018241885e-03
1.773187602442808384e+03 -3.357344738100614869e-03 -8.650062313787907145e-03
1.773203233959052568e+03 -3.355019546793280242e-03 -8.548080473157663658e-03
1.773234485219297994e+03 -3.357436750036008229e-03 -8.337259288126456364e-03
1.773250146554091543e+03 -3.359500714248790827e-03 -8.232762875400256863e-03
1.773265825107236878e+03 -3.363098464299018632e-03 -8.129968355756052659e-03
1.773281507189303966e+03 -3.368065975040650598e-03 -8.025405833247234444e-03
1.773312898973626261e+03 -3.379794826100602188e-03 -7.840988540105791813e-03
1.773328644397550306e+03 -3.385260150071512687e-03 -7.777535198948985241e-03
1.773344433621812414e+03 -3.391992911289701176e-03 -7.712169475557118480e-03
1.773360210434787632e+03 -3.401751771367139601e-03 -7.630358676981837188e-03
1.773391667418811039e+03 -3.418605757121153440e-03 -7.484812402845488280e-03
1.773407376541370468e+03 -3.427607128249864337e-03 -7.397970681321003328e-03
1.773423082394581570e+03 -3.437891901535174415e-03 -7.305706420958265127e-03
1.773454479523609052e+03 -3.452520130890720292e-03 -7.120102643034549768e-03
1.773470177914103488e+03 -3.460662160800009358e-03 -7.028625302687343222e-03
1.773485877428389585e+03 -3.465735336489388606e-03 -6.937935489529711147e-03
1.773501583011853427e+03 -3.470991838008970470e-03 -6.846791139024429630e-03
1.773532990965081126e+03 -3.483726823174474688e-03 -6.704628448838179100e-03
1.773548707605028994e+03 -3.489047958317412299e-03 -6.699442478718581166e-03
1.773564441919598949e+03 -3.491967845403670147e-03 -6.575824621095725277e-03
1.773580165244422915e+03 -3.495030078909362650e-03 -6.500348516764098070e-03
1.773611680776161847e+03 -3.499327146492836518e-03 -6.652662431249832010e-03
1.773627468489579314e+03 -3.500955056582555087e-03 -6.904043748884774838e-03
1.773643248740817853e+03 -3.499656042174163761e-03 -7.269001128125483942e-03
1.773674769253200338e+03 -3.497376219854999180e-03 -7.498087479695015115e-03
1.773690510231361031e+03 -3.497329339569241625e-03 -7.798349628251924001e-03
1.773706231429953959e+03 -3.494697918692613904e-03 -8.062853704832596835e-03
1.773721933134705750e+03 -3.493572661940418621e-03 -8.115658817828946478e-03
1.773753318902418869e+03 -3.488052536107788971e-03 -8.214822107927410161e-03
1.773769010181194972e+03 -3.485113214531847334e-03 -8.328535710361576611e-03
1.773784702456135619e+03 -3.482544322458366610e-03 -8.445966083636225613e-03
1.773800409451614087e+03 -3.480191299980502778e-03 -8.567415247220509789e-03
1.773831852495578005e+03 -3.470605358402952586e-03 -8.816873698148560909e-03
1.773847600956125007e+03 -3.465840481335244212e-03 -8.938262788413600668e-03
1.773863359953486906e+03 -3.458693751499933560e-03 -9.099563731865089114e-03
1.773894936851280363e+03 -3.447456629815288248e-03 -9.387694679509062112e-03
1.773910706687856418e+03 -3.441464153096995566e-03 -9.508549968820927817e-03
1.773926455632682519e+03 -3.432950529663021059e-03 -9.612900621003554746e-03
1.773942195467126794e+03 -3.428022154267537300e-03 -9.681554845237340390e-03
1.773973617174016908e+03 -3.414806373354900212e-03 -9.735288095107940548e-03
1.773989309916406228e+03 -3.408306463319952118e-03 -9.722243532005772973e-03
1.774005004280553749e+03 -3.401352602711681192e-03 -9.687163256924515020e-03
1.774020697912138075e+03 -3.394506388383875233e-03 -9.641873391130362930e-03
1.774052128023289697e+03 -3.383506589558570900e-03 -9.508105911758581164e-03
1.774067849520930622e+03 -3.376659665502598513e-03 -9.428913916349944413e-03
1.774083524831378327e+03 -3.372707574917109541e-03 -9.342779205175172699e-03
1.774114907164462466e+03 -3.365160628029200979e-03 -9.157682900370806012e-03
1.774130642299499186e+03 -3.364032612639122465e-03 -9.056191289426170424e-03
1.774146416310390350e+03 -3.361089515779619365e-03 -8.949208374884174214e-03
1.774162136152477842e+03 -3.357141244369161743e-03 -8.841031423836872780e-03
1.774193450568677008e+03 -3.358065730123772127e-03 -8.622018948155552726e-03
1.774209074311732593e+03 -3.356995473762174227e-03 -8.519373880057429932e-03
1.774224694282766905e+03 -3.356963868031849225e-03 -8.411989884286740979e-03
1.774240336030818980e+03 -3.358264230062002562e-03 -8.308819821270047035e-03
1.774271682747920295e+03 -3.363740242766562107e-03 -8.099426136079000346e-03
1.774287366548018554e+03 -3.367060597604587188e-03 -7.996198542218701730e-03
1.774303060538416048e+03 -3.371786377043152223e-03 -7.900649224669674398e-03
1.774334543334514819e+03 -3.386799219819105426e-03 -7.761954867305249917e-03
1.774350339653494984e+03 -3.395323558200563901e-03 -7.688253231794363145e-03
1.774366089907899777e+03 -3.402281619375154519e-03 -7.609624061516670826e-03
1.774381827599629787e+03 -3.412736344199174786e-03 -7.538549267219199317e-03
1.774413236897544039e+03 -3.429745062121384094e-03 -7.370885847909946879e-03
1.774428949337619770e+03 -3.438452130966879964e-03 -7.278036332279359290e-03
1.774444645124803856e+03 -3.446732397097398027e-03 -7.184619260951707886e-03
1.774460345349437148e+03 -3.456775529324287565e-03 -7.093389634370617092e-03
1.774491745598932994e+03 -3.467944247898759828e-03 -6.910486841360723685e-03
1.774507449632479620e+03 -3.473638756588578493e-03 -6.821049409935935059e-03
1.774523150826446681e+03 -3.478222456366484097e-03 -6.733233655054683166e-03
1.774554581679533612e+03 -3.487502719890083272e-03 -6.672430603906221933e-03
1.774570315432907591e+03 -3.491757586466316329e-03 -6.539992461596492480e-03
1.774586049171093464e+03 -3.495636677585602526e-03 -6.501295550693288530e-03
1.774601806577051093e+03 -3.497071594796052289e-03 -6.557567929049574508e-03
1.774633362028308284e+03 -3.498386714076846295e-03 -7.006328398359295238e-03
1.774649152468694410e+03 -3.499419293916882726e-03 -7.333464412664713640e-03
1.774664902142975734e+03 -3.496575148658304013e-03 -7.377170815235673841e-03
1.774680647405924447e+03 -3.495685607015547747e-03 -7.573069861920157624e-03
1.774712098259675486e+03 -3.493786006406460892e-03 -8.097039132654037380e-03
1.774727796416824958e+03 -3.493106113015966973e-03 -8.116359889188061796e-03
1.774743492524359681e+03 -3.490682528384018123e-03 -8.150238852422891575e-03
1.774774871862990722e+03 -3.484494532683076774e-03 -8.362380282850001220e-03
1.774790565050223449e+03 -3.481175956952760938e-03 -8.479271736367957960e-03
1.774806281560794332e+03 -3.477029317752070286e-03 -8.603558776914542114e-03
1.774822005805663593e+03 -3.472803345438747920e-03 -8.729183809265936983e-03
1.774853487216234043e+03 -3.461466905920731942e-03 -8.975056987335115061e-03
1.774869249354808289e+03 -3.457002312274576675e-03 -9.148545899848196938e-03
1.774885045238729390e+03 -3.450359150400864137e-03 -9.302605664112026038e-03
1.774900837994600806e+03 -3.445418984881429454e-03 -9.419811419268880187e-03
1.774932334757460467e+03 -3.431168041309749957e-03 -9.638041587107524025e-03
1.774948066564617420e+03 -3.424702426033565152e-03 -9.698793098697517864e-03
1.774963782483048817e+03 -3.417718957648530065e-03 -9.731147307182044445e-03
1.774995174495835272e+03 -3.406800173661038000e-03 -9.717992102791990147e-03
1.775010871114938027e+03 -3.400247794252676987e-03 -9.675784314410905071e-03
1.775026563159080069e+03 -3.393653906809347611e-03 -9.633681627537178313e-03
1.775042264155524890e+03 -3.387371782211354414e-03 -9.567157118112089298e-03
1.775073707800906504e+03 -3.375125710569489186e-03 -9.409728419135857114e-03
1.775089382348195613e+03 -3.371790262124336936e-03 -9.321983412916378872e-03
1.775105079227411125e+03 -3.364556018065307814e-03 -9.230204272046097988e-03
1.775120778192777152e+03 -3.364552035756148297e-03 -9.135126079611808822e-03
1.775152299989844551e+03 -3.360292234554287417e-03 -8.922727397187281417e-03
1.775168003362123045e+03 -3.356996046775469894e-03 -8.813278698280782933e-03
1.775183648031249732e+03 -3.356909414698935716e-03 -8.700812568806672379e-03
1.775214913109019335e+03 -3.356087928609497676e-03 -8.491559053172385851e-03
1.775230540358397548e+03 -3.356203323122056766e-03 -8.383016090161583139e-03
1.775246194424924397e+03 -3.358925344688327812e-03 -8.279305231914297486e-03
1.775261869897500446e+03 -3.361910234725538123e-03 -8.175321456089495314e-03
1.775293236005567678e+03 -3.368214223987369468e-03 -7.968870210882630228e-03
1.775308934988985584e+03 -3.374428653709223101e-03 -7.877012430496601117e-03
1.775324669128684036e+03 -3.380082870349862458e-03 -7.803667490792436448e-03
1.775340446130463306e+03 -3.386617675482165180e-03 -7.745140412006648600e-03
1.775371985484988727e+03 -3.405139709632633641e-03 -7.589459942549888621e-03
1.775387700431389476e+03 -3.412438694915050693e-03 -7.518556350790913702e-03
1.775403417196672763e+03 -3.421727076656352982e-03 -7.435856905296265272e-03
1.775434816781010795e+03 -3.440077231637825392e-03 -7.251889778360902719e-03
1.775450509962974593e+03 -3.449281150354507712e-03 -7.158937482471903341e-03
1.775466211572523434e+03 -3.454956185249386923e-03 -7.068190146472068218e-03
1.775481910200257744e+03 -3.461014485139136867e-03 -6.975914271559017187e-03
1.775513320265615221e+03 -3.474915516798814542e-03 -6.794867038302132740e-03
1.775529025144017623e+03 -3.480585415115927325e-03 -6.717494177583640570e-03
1.775544734861739016e+03 -3.484894440255209992e-03 -6.713975276915079039e-03
1.775560464696430699e+03 -3.490153146578600131e-03 -6.633103022895978085e-03
1.775591938023078228e+03 -3.494370816769369267e-03 -6.510540346851597347e-03
1.775607700039169458e+03 -3.496477537023565813e-03 -6.585044137803709383e-03
1.775623476977660857e+03 -3.497536749440692538e-03 -6.765943729296384525e-03
1.775655045181540345e+03 -3.495600378214480750e-03 -7.362426254775147200e-03
1.775670792398602771e+03 -3.497091741239214888e-03 -7.407176121733579505e-03
1.775686533859007795e+03 -3.495001878656369201e-03 -7.660280056466846170e-03
1.775702257152448965e+03 -3.493349895550912267e-03 -7.960204634985543551e-03
1.775733661502107225e+03 -3.489235783604090289e-03 -8.118038542909850053e-03
1.775749356029403316e+03 -3.487838524799937497e-03 -8.170874068309718838e-03
1.775765048303601588e+03 -3.486307627410880749e-03 -8.279139457349104364e-03
1.775780739692934503e+03 -3.483964826075224269e-03 -8.396856920012093703e-03
1.775812162684653913e+03 -3.477098808352482254e-03 -8.640772137652144580e-03
1.775827879135085823e+03 -3.470554965991125024e-03 -8.764531555846000188e-03
1.775843619712043392e+03 -3.465480305554636230e-03 -8.875629417053188322e-03
1.775875160228549703e+03 -3.454677326659082778e-03 -9.198295069437164781e-03
1.775890945660066791e+03 -3.447769224686703105e-03 -9.337902674715278795e-03
1.775906730176643350e+03 -3.440826250133465717e-03 -9.454095256770853745e-03
1.775922478847619459e+03 -3.436192736388699390e-03 -9.573538657596688400e-03
1.775953943939771079e+03 -3.421883323644937368e-03 -9.712517813084017154e-03
1.775969650102471405e+03 -3.415917112358030951e-03 -9.736986637909441841e-03
1.775985344415809777e+03 -3.408843353920794957e-03 -9.734037591359077229e-03
1.776001039976201582e+03 -3.402523456595050576e-03 -9.709978138239571885e-03
1.776032429423114309e+03 -3.391700126153426777e-03 -9.622675591090782896e-03
1.776048145743914347e+03 -3.385749125396764550e-03 -9.547631982496970066e-03
1.776063882244279739e+03 -3.379095219712914457e-03 -9.472879458122333493e-03
1.776095250365893662e+03 -3.368774771676958605e-03 -9.301023026195438456e-03
1.776110953985959441e+03 -3.366685823458795846e-03 -9.208944338341009880e-03
1.776126668928859999e+03 -3.364725253282368871e-03 -9.110855901117796002e-03
1.776142444742725274e+03 -3.360854868888399957e-03 -9.004444217952954632e-03
1.776173862725010849e+03 -3.357168454755862091e-03 -8.784791698563047813e-03
1.776189516162847667e+03 -3.356094059454793090e-03 -8.673721859467048434e-03
1.776205143906863896e+03 -3.354449890964416193e-03 -8.570421334109595835e-03
1.776220758560277773e+03 -3.354993769740763007e-03 -8.462448328250870080e-03
1.776252058502065438e+03 -3.358010948222873732e-03 -8.251161062265493021e-03
1.776267738318255851e+03 -3.360150576119865472e-03 -8.147088109703248468e-03
1.776283423090951146e+03 -3.363957003664161741e-03 -8.042136240789447485e-03
1.776314823865787730e+03 -3.376599140569756449e-03 -7.854275633605155293e-03
1.776330571022402410e+03 -3.381293414262439515e-03 -7.789210444264459826e-03
1.776346361761371554e+03 -3.388661258434895289e-03 -7.724983948385460812e-03
1.776362130947450623e+03 -3.396442318405668102e-03 -7.642618949226474660e-03
1.776393587135340795e+03 -3.414774333200546342e-03 -7.496689479855718485e-03
1.776409287256632069e+03 -3.424291703289835103e-03 -7.410902160099692645e-03
1.776424994617665789e+03 -3.431853309804599843e-03 -7.319189790942284141e-03
1.776440691113815092e+03 -3.442017074098188429e-03 -7.225834520779206641e-03
1.776472084681837714e+03 -3.456206260847054321e-03 -7.042597139962124622e-03
1.776487784297171174e+03 -3.461927133117981108e-03 -6.951434386689200884e-03
1.776503490100972385e+03 -3.467279819038638754e-03 -6.859369240249761634e-03
1.776534899067782590e+03 -3.478238612719380257e-03 -6.712443871506851290e-03
1.776550618942188066e+03 -3.484450862827716440e-03 -6.709841729890769595e-03
1.776566353095941395e+03 -3.487136397340440987e-03 -6.591176136391098742e-03
1.776582080818566737e+03 -3.491187255641405376e-03 -6.505646659488215251e-03
1.776613598192427389e+03 -3.494846981567753530e-03 -6.618122635067990971e-03
1.776629389501480773e+03 -3.496959711514778090e-03 -6.846279642795508914e-03
1.776645171873351956e+03 -3.496554978376675490e-03 -7.230881403203810384e-03
1.776660935158898610e+03 -3.496357374118345962e-03 -7.367911645685351098e-03
1.776692421569682438e+03 -3.494009064041255115e-03 -7.747338143171337080e-03
1.776708142972694532e+03 -3.492915665500862833e-03 -8.024213089396090015e-03
1.776723843342565942e+03 -3.491028651053132165e-03 -8.120063548500864800e-03
1.776755227499740158e+03 -3.486041150357715480e-03 -8.197238266516582161e-03
1.776770917919956673e+03 -3.482941246069266774e-03 -8.312630101814518294e-03
1.776786610500263350e+03 -3.479903379454870639e-03 -8.429343299606222376e-03
1.776802321111407082e+03 -3.477305578530686010e-03 -8.551388308015116929e-03
1.776833768562994464e+03 -3.468547274804347456e-03 -8.798267625273694173e-03
1.776849517583797478e+03 -3.464681756634883057e-03 -8.909362200095147580e-03
1.776865276573760639e+03 -3.456711800528372656e-03 -9.069135767572121185e-03
1.776881070628332509e+03 -3.452084773967592501e-03 -9.243565175942405204e-03
1.776912621648926461e+03 -3.439357306928662698e-03 -9.489096402556218210e-03
1.776928369637949345e+03 -3.431406688482203666e-03 -9.600433692530756929e-03
1.776944107837670344e+03 -3.426262545944909303e-03 -9.676596591334123143e-03
1.776975527859924114e+03 -3.413961704418309352e-03 -9.737865914542920623e-03
1.776991220508139804e+03 -3.407364077931223072e-03 -9.728780884634432788e-03
1.777006913396820437e+03 -3.400702031208672604e-03 -9.696984710262120458e-03
1.777022606338614196e+03 -3.393943534005434883e-03 -9.655996985679392297e-03
1.777054035948046021e+03 -3.381698065578685967e-03 -9.527099107209651557e-03
1.777069757641700789e+03 -3.376186228435770070e-03 -9.451841897436261478e-03
1.777085441402017295e+03 -3.371633854931729325e-03 -9.366690828196187410e-03
1.777101132148743091e+03 -3.368191920961837154e-03 -9.277743277067892688e-03
1.777132575235491913e+03 -3.361143109416971173e-03 -9.083363282282980525e-03
1.777148351454965223e+03 -3.359456766036918174e-03 -8.977647659465799734e-03
1.777164066849766641e+03 -3.355189784312455868e-03 -8.868569621988670396e-03
1.777195375823025870e+03 -3.357485548702125299e-03 -8.646284737390418432e-03
1.777210997179935021e+03 -3.355311809339554287e-03 -8.541779541075296758e-03
1.777226618809031379e+03 -3.355898624337743351e-03 -8.433272527295235590e-03
1.777242266359345194e+03 -3.356023471077653527e-03 -8.328071112403016840e-03
1.777273614810262870e+03 -3.360887839141319267e-03 -8.116419578402858312e-03
1.777289300728922626e+03 -3.364120898330220065e-03 -8.012379167612085698e-03
1.777304998901179488e+03 -3.368425074655999243e-03 -7.916816979752314132e-03
1.777320721126805211e+03 -3.373536593265339095e-03 -7.832848018309669647e-03
1.777352284069236930e+03 -3.390365590236832285e-03 -7.701500217401316579e-03
1.777368030490944875e+03 -3.398158703321453242e-03 -7.621598465388223012e-03
1.777383761868362626e+03 -3.407446793478182204e-03 -7.550929675909870235e-03
1.777415167739020035e+03 -3.423683380525011088e-03 -7.384609350246176991e-03
1.777430875292417795e+03 -3.433737498131352647e-03 -7.292653033034503587e-03
1.777446567860137293e+03 -3.441673057867862106e-03 -7.199243735124065922e-03
1.777462268673119070e+03 -3.450373075936356664e-03 -7.107273459952148306e-03
1.777493670370474774e+03 -3.463783214825869559e-03 -6.923171585000368125e-03
1.777509376434305068e+03 -3.469091326090922162e-03 -6.832956872380844052e-03
1.777525077013206555e+03 -3.474148314687573128e-03 -6.743813396981187917e-03
1.777540783398868825e+03 -3.479301835271787248e-03 -6.712871455192781500e-03
1.777572244225396844e+03 -3.487327976177297985e-03 -6.553710529278066604e-03
1.777587981363705012e+03 -3.491610038064340768e-03 -6.502604924920234522e-03
1.777603742033709523e+03 -3.491521124356232811e-03 -6.541963137804219890e-03
1.777635298144649823e+03 -3.494380647758730824e-03 -6.943542672214937823e-03
1.777651087409354886e+03 -3.495492776408463780e-03 -7.315047243228332309e-03
1.777666835946130504e+03 -3.492729354588722072e-03 -7.369403848481627904e-03
1.777682579138638630e+03 -3.492734571034916777e-03 -7.530314967963377612e-03
1.777714024890252404e+03 -3.489611184285601637e-03 -8.072263614374979371e-03
1.777729721688167047e+03 -3.489413382310825595e-03 -8.121371635272777584e-03
1.777745416111430359e+03 -3.488173079168174848e-03 -8.139288834506652748e-03
1.777761110473062217e+03 -3.485517123943948897e-03 -8.227736199085520022e-03
1.777792493441600300e+03 -3.479219046456827509e-03 -8.463519872394615826e-03
1.777808212350162194e+03 -3.475611765354624273e-03 -8.589248524224862152e-03
1.777823933402297143e+03 -3.470092243334646411e-03 -8.715745314826963547e-03
1.777855423093441004e+03 -3.459183123655484946e-03 -8.950178676448559967e-03
1.777871187009945743e+03 -3.454980733252116434e-03 -9.123272118222629581e-03
1.777886982238067276e+03 -3.448073005884429512e-03 -9.287778225957589451e-03
1.777902773357915976e+03 -3.442332481490793621e-03 -9.405430744036196583e-03
1.777934266980173334e+03 -3.429642313409189767e-03 -9.629903280433416493e-03
1.777949994981259124e+03 -3.423010096776782103e-03 -9.697647557933225873e-03
1.777965708427378559e+03 -3.415726176444072032e-03 -9.734155864681400677e-03
1.777981404154318852e+03 -3.410056360608057155e-03 -9.742061488473289371e-03
1.778012794297782875e+03 -3.399305987143965129e-03 -9.688932986108022422e-03
1.778028490415929809e+03 -3.392651789235315556e-03 -9.651516538678340390e-03
1.778044191197415330e+03 -3.386119344411118049e-03 -9.586399041858036790e-03
1.778075633522460748e+03 -3.373480242626532895e-03 -9.434463385441771086e-03
1.778091321448493545e+03 -3.369592316311412639e-03 -9.348255498889188400e-03
1.778107024325712246e+03 -3.363761576119376432e-03 -9.258750518686752889e-03
1.778122724647081668e+03 -3.362640390759642599e-03 -9.164263560552598012e-03
1.778154250167347755e+03 -3.357790907637357453e-03 -8.952688361349655372e-03
1.778169951346968674e+03 -3.355006029497321039e-03 -8.842318221523840990e-03
1.778185597205737167e+03 -3.354640500199582587e-03 -8.728360337832273552e-03
1.778201237335766564e+03 -3.351920516979166927e-03 -8.622998417534598684e-03
1.778232484657081613e+03 -3.352463801889604168e-03 -8.407167194619947007e-03
1.778248142070974609e+03 -3.354379259191683522e-03 -8.300954581621762182e-03
1.778263819038724478e+03 -3.358045041343769594e-03 -8.196212417082411605e-03
1.778295194457764183e+03 -3.364149063836967702e-03 -7.987583875295582031e-03
1.778310896219424649e+03 -3.370572234208072705e-03 -7.894519873674980467e-03
1.778326632954889419e+03 -3.375557659783344662e-03 -7.817437284863950134e-03
1.778342410487751977e+03 -3.380778131215257058e-03 -7.759013983456863189e-03
1.778373948303547877e+03 -3.399112242344322268e-03 -7.603146234710812280e-03
1.778389656312471061e+03 -3.406547485478152257e-03 -7.533221070987671138e-03
1.778405367888841738e+03 -3.414991527171388173e-03 -7.451094126841121927e-03
1.778421064941587929e+03 -3.426673318478970064e-03 -7.361554059533179789e-03
1.778452454962098727e+03 -3.441881296207971279e-03 -7.176243416073316977e-03
1.778468155172008665e+03 -3.449021051073000894e-03 -7.084376137357063091e-03
1.778483853823523077e+03 -3.454335148045029145e-03 -6.993164356662433592e-03
1.778515265850103333e+03 -3.467773660524122326e-03 -6.809275186926261846e-03
1.778530969805408859e+03 -3.474823541203818020e-03 -6.727984066436637663e-03
1.778546686423719393e+03 -3.479205475527151047e-03 -6.720066344091223630e-03
1.778562417064498732e+03 -3.483998973948753113e-03 -6.653702405412556878e-03
1.778593894142566796e+03 -3.488446498313710689e-03 -6.508862485355746720e-03
1.778609655988474060e+03 -3.491614837699624167e-03 -6.565247845070886282e-03
1.778625440684664227e+03 -3.492684747777684631e-03 -6.717459860791628358e-03
1.778641219359751631e+03 -3.491774609404369421e-03 -7.059746277689996422e-03
1.778672744885317570e+03 -3.491997088915420322e-03 -7.388802611376286272e-03
1.778688488099049209e+03 -3.490433338682106049e-03 -7.612233612967997907e-03
1.778704208025669914e+03 -3.488564783340742520e-03 -7.909977821517037017e-03
1.778735608018216226e+03 -3.485368709505623930e-03 -8.123174547425572253e-03
1.778751302059264390e+03 -3.483183156523629934e-03 -8.158726026436130888e-03
1.778766994379497191e+03 -3.481181558487300969e-03 -8.260777164509557416e-03
1.778782686126378394e+03 -3.479529410926267274e-03 -8.379660272734786725e-03
1.778814115154340016e+03 -3.471764316231529257e-03 -8.627256177403348769e-03
1.778829829735988369e+03 -3.467421168135201986e-03 -8.755903693127738141e-03
1.778845575312907840e+03 -3.462092102113683342e-03 -8.867962772193600796e-03
1.778861334806922741e+03 -3.456885055866264125e-03 -9.000324620872468540e-03
1.778892904743433292e+03 -3.445016912171325850e-03 -9.332597146204485786e-03
1.778908682941041207e+03 -3.438977543176786281e-03 -9.451014170560307834e-03
1.778924432293895052e+03 -3.432134187635087902e-03 -9.571630016398081919e-03
1.778940174816682429e+03 -3.426666195786654771e-03 -9.664023638690321868e-03
1.778971597624102515e+03 -3.413613207706014951e-03 -9.751346807484817872e-03
1.778987291201059406e+03 -3.406732653954788748e-03 -9.751133211383263694e-03
1.779002986006092669e+03 -3.399978254299407601e-03 -9.730649235939617739e-03
1.779034375293967514e+03 -3.388184739251285434e-03 -9.648355914725481944e-03
1.779050091044348164e+03 -3.383183908384536972e-03 -9.574730077339419637e-03
1.779065827336724396e+03 -3.375581567267022312e-03 -9.503426256380094819e-03
1.779081521045435238e+03 -3.371314396345235533e-03 -9.421645382664696131e-03
1.779112920995683908e+03 -3.362800672909247845e-03 -9.243489742827385239e-03
1.779128645554980494e+03 -3.360787323301913515e-03 -9.145566918771627293e-03
1.779144421672669068e+03 -3.357139062450608356e-03 -9.040697467494650946e-03
1.779160158158797685e+03 -3.354282391404950648e-03 -8.932439613587065189e-03
1.779191487375461293e+03 -3.352017860207687737e-03 -8.706605476303034413e-03
1.779207115477224534e+03 -3.350652008502132129e-03 -8.602697052285982263e-03
1.779222728422074624e+03 -3.350235464721558563e-03 -8.493634434953708373e-03
1.779254032161539726e+03 -3.353122032592900214e-03 -8.279003045291296811e-03
1.779269712809979183e+03 -3.354684818933950739e-03 -8.173280879053744508e-03
1.779285400769427270e+03 -3.357040484592094687e-03 -8.067630954296519524e-03
1.779301097782730722e+03 -3.362262753310358947e-03 -7.967953843259765676e-03
1.779332563973919605e+03 -3.373695144550099227e-03 -7.807614168034215062e-03
1.779348354023709135e+03 -3.381588821135896733e-03 -7.745575490568546925e-03
1.779364117148641981e+03 -3.387966167070408791e-03 -7.664019363852617520e-03
1.779395572502274945e+03 -3.406691882397921110e-03 -7.517283227008308456e-03
1.779411264160550672e+03 -3.415973135410321510e-03 -7.432078175950518860e-03
1.779426971338574958e+03 -3.422959182480054662e-03 -7.341966778461346717e-03
1.779442663279940916e+03 -3.432882973742569597e-03 -7.248959567252923585e-03
1.779474058763029461e+03 -3.447332412938130738e-03 -7.065287167362356568e-03
1.779489757903598957e+03 -3.453685290051580585e-03 -6.972930723203498403e-03
1.779505464045512554e+03 -3.459405953174988623e-03 -6.879897364906266063e-03
1.779521167568375859e+03 -3.464338589496495421e-03 -6.788270848405312911e-03
1.779552597255373712e+03 -3.475022222766968420e-03 -6.723633535599075201e-03
1.779568332034743207e+03 -3.478990174111100484e-03 -6.618113024090092888e-03
1.779584064716700823e+03 -3.483111494641239966e-03 -6.518422612548119277e-03
1.779615582837286183e+03 -3.486595603960820043e-03 -6.596526009786943950e-03
1.779631375221591043e+03 -3.488208127911280546e-03 -6.793406600520200504e-03
1.779647161892594340e+03 -3.488814019201699930e-03 -7.180716215917207039e-03
1.779662916101802466e+03 -3.487926253943864335e-03 -7.374484030594939503e-03
1.779694399510828589e+03 -3.486100796377314143e-03 -7.700711192197270093e-03
1.779710117355135708e+03 -3.486193473997013792e-03 -7.979299178839629331e-03
1.779725819683211967e+03 -3.484681866721157407e-03 -8.121199020581785361e-03
1.779741512228507418e+03 -3.482547291055650834e-03 -8.130729371486573875e-03
1.779772892866990105e+03 -3.476957457551670301e-03 -8.296435127949117888e-03
1.779788585643089618e+03 -3.473824063863321671e-03 -8.413860587623053083e-03
1.779804299568435226e+03 -3.470533656278948324e-03 -8.537244585789654019e-03
1.779820025061099614e+03 -3.466805969898744538e-03 -8.667466404464982746e-03
1.779851499678640948e+03 -3.457736450039066659e-03 -8.914038128592807406e-03
1.779867260277391551e+03 -3.451396087930639137e-03 -9.064299243580854759e-03
1.779883055582379029e+03 -3.445882635393435721e-03 -9.247848353191779128e-03
1.779914603716559895e+03 -3.433047439295975733e-03 -9.509340633976121407e-03
1.779930349957758153e+03 -3.426501578837071356e-03 -9.623082514608102475e-03
1.779946085390308099e+03 -3.420778718683733805e-03 -9.705246768613775762e-03
1.779961802510475536e+03 -3.415064070276423776e-03 -9.755153385905811561e-03
1.779993197172101191e+03 -3.402851093340570655e-03 -9.768599226071594810e-03
1.780008889591631487e+03 -3.396182083184476862e-03 -9.738237744274033311e-03
1.780024581179186953e+03 -3.389887110970809646e-03 -9.699460734892001446e-03
1.780040277281324052e+03 -3.383706729314347843e-03 -9.645830675243780364e-03
1.780071731911922143e+03 -3.371863302529138143e-03 -9.496608524726866257e-03
1.780087427595472491e+03 -3.367515216117898062e-03 -9.412583792030080818e-03
1.780103131461947441e+03 -3.360941204928139230e-03 -9.323468692415907283e-03
1.780134583912342350e+03 -3.355078578973374505e-03 -9.128675396370479131e-03
1.780150356269398117e+03 -3.353781410001114779e-03 -9.023100709895018681e-03
1.780166072786340465e+03 -3.349551098493948765e-03 -8.912869514155813758e-03
1.780181726192817450e+03 -3.348501814563923078e-03 -8.797973539555780861e-03
1.780212997367890466e+03 -3.347741835375348755e-03 -8.583483888443300958e-03
1.780228619266444184e+03 -3.348119078471681938e-03 -8.473123572206964910e-03
1.780244269859781980e+03 -3.348935058262510200e-03 -8.366349561021746775e-03
1.780275624403280744e+03 -3.351968787087974966e-03 -8.152207922218610361e-03
1.780291313512304441e+03 -3.355006154531629901e-03 -8.048059599784952375e-03
1.780307016713437179e+03 -3.359635780202670403e-03 -7.951495968508182771e-03
1.780322745241006714e+03 -3.363905956851047114e-03 -7.863090223977964310e-03
1.780354308246050778e+03 -3.378999182267046660e-03 -7.732077465433414426e-03
1.780370054871614002e+03 -3.387379781860094287e-03 -7.650095014085838384e-03
1.780385778405884139e+03 -3.395212084668676033e-03 -7.579533541015400291e-03
1.780401494688490402e+03 -3.404666722036597815e-03 -7.502561904532010530e-03
1.780432884185305966e+03 -3.421717284607379665e-03 -7.323917847926650002e-03
1.780448574265981279e+03 -3.430637334788340116e-03 -7.230508130510986640e-03
1.780464275374042927e+03 -3.436919571370804054e-03 -7.138314181836134462e-03
1.780495676614136983e+03 -3.451670774579125231e-03 -6.952316021403291517e-03
1.780511386040412390e+03 -3.457530092769225787e-03 -6.860691388173452074e-03
1.780527088878507129e+03 -3.462484546085772136e-03 -6.769899644759053668e-03
1.780542796202144245e+03 -3.467855835292032313e-03 -6.725391516745221968e-03
1.780574256685560158e+03 -3.474871414642575086e-03 -6.586897816875630050e-03
1.780589999381068765e+03 -3.479168782353800598e-03 -6.516819557291444846e-03
1.780605763144354341e+03 -3.479893939944719242e-03 -6.541558041578517807e-03
1.780621532269199406e+03 -3.482664217627370450e-03 -6.638380962360039897e-03
1.780653107226343081e+03 -3.482623657648211291e-03 -7.289125378455520859e-03
1.780668855017993110e+03 -3.482172156158464590e-03 -7.381581155734561438e-03
1.780684595368134524e+03 -3.481827106765848605e-03 -7.503769839258446137e-03
1.780700321687347468e+03 -3.480824529227914948e-03 -7.789376336834886137e-03
1.780731730827453021e+03 -3.477641299131420654e-03 -8.129816632428862530e-03
1.780747425631431042e+03 -3.477281635126431951e-03 -8.145206927659449578e-03
1.780763118059653607e+03 -3.475676651053963805e-03 -8.217858517116424094e-03
1.780794507905600085e+03 -3.469381418684865537e-03 -8.450219212641166960e-03
1.780810227554439734e+03 -3.467155761989363510e-03 -8.574579918932229497e-03
1.780825945703030811e+03 -3.460410455063276259e-03 -8.709210732100874930e-03
1.780841681261066014e+03 -3.456423691827831268e-03 -8.842298653604779846e-03
1.780873211927632838e+03 -3.445552125553269767e-03 -9.125542320937455806e-03
1.780889003208512804e+03 -3.438949036019589393e-03 -9.301008605002443475e-03
1.780904791834327170e+03 -3.432212745435849355e-03 -9.432523366834446449e-03
1.780920542363741106e+03 -3.428142331036021419e-03 -9.556663740271963484e-03
1.780952008613900034e+03 -3.414443261199020391e-03 -9.733848560463739460e-03
1.780967718469748206e+03 -3.407763306079847083e-03 -9.775549045952187932e-03
1.780983413268905679e+03 -3.401315959906347358e-03 -9.785762934356142737e-03
1.781014803119790940e+03 -3.390967222979874521e-03 -9.736286354896038150e-03
1.781030497399613751e+03 -3.385266211279171298e-03 -9.700187920243784692e-03
1.781046202969174828e+03 -3.378526391212317934e-03 -9.634043357648235800e-03
1.781061936277113091e+03 -3.373391838494719727e-03 -9.560737936092534792e-03
1.781093350363189529e+03 -3.361080137517540554e-03 -9.396807584446697711e-03
1.781109056665106664e+03 -3.357228495753342319e-03 -9.306673901295201348e-03
1.781124762272340604e+03 -3.354485260646172546e-03 -9.211683868240172490e-03
1.781140536578144520e+03 -3.350787135569236862e-03 -9.107429921250437266e-03
1.781171989126115932e+03 -3.345902078260778057e-03 -8.887314145735293949e-03
1.781187641899670098e+03 -3.344690768544708766e-03 -8.772690697171126040e-03
1.781203275670012772e+03 -3.342012014530128944e-03 -8.666679524218975569e-03
1.781234521448077885e+03 -3.341974793958001500e-03 -8.449920468648688954e-03
1.781250181500590770e+03 -3.342974242402047512e-03 -8.340671025823760687e-03
1.781265860436563798e+03 -3.345364781479595855e-03 -8.234596787203349658e-03
1.781281547465478070e+03 -3.349064578790837861e-03 -8.126721553674795193e-03
1.781312952880925877e+03 -3.358522598735153540e-03 -7.929396733002750525e-03
1.781328692940677001e+03 -3.362653304135878544e-03 -7.847281408551846221e-03
1.781344471166714357e+03 -3.368127540361610765e-03 -7.787838686968959201e-03
1.781360254296718949e+03 -3.376602257167522336e-03 -7.711898662315670207e-03
1.781391710346150148e+03 -3.392979565736145391e-03 -7.562380149761425974e-03
1.781407415172869150e+03 -3.401525390316213673e-03 -7.481584474823977336e-03
1.781423113790517846e+03 -3.411322366700388856e-03 -7.392657612968303246e-03
1.781454499031964133e+03 -3.426277976133456325e-03 -7.207351809330172186e-03
1.781470196978710192e+03 -3.434661094698657647e-03 -7.114974006655725922e-03
1.781485896129681578e+03 -3.440085257015111728e-03 -7.023930327137521343e-03
1.781501602873731827e+03 -3.445599522543497766e-03 -6.928818147223541300e-03
1.781533014504851280e+03 -3.459073302967326149e-03 -6.750932636918075859e-03
1.781548732438235220e+03 -3.464775537602362600e-03 -6.729625964548519544e-03
1.781564468151738083e+03 -3.468037674497836259e-03 -6.688430549591914062e-03
1.781580192720803325e+03 -3.471617767697312597e-03 -6.558218218592273829e-03
1.781611710940083640e+03 -3.476961375614595184e-03 -6.561349995403893166e-03
1.781627499182647171e+03 -3.479185756463768452e-03 -6.688408790657735317e-03
1.781643278550545801e+03 -3.478462481906013665e-03 -6.999709873926035497e-03
1.781674796251886846e+03 -3.477315620422463758e-03 -7.393407762784423576e-03
1.781690536599701318e+03 -3.477845142952107858e-03 -7.581895018173951013e-03
1.781706257534582846e+03 -3.475730228395652877e-03 -7.869575489457563203e-03
1.781721959505095356e+03 -3.475146937610634236e-03 -8.084154511737565163e-03
1.781753346451018388e+03 -3.470745508240373305e-03 -8.161921130224946211e-03
1.781769037984302258e+03 -3.468307162985787961e-03 -8.250818899250783253e-03
1.781784730531176820e+03 -3.466252944562971637e-03 -8.366727871249380818e-03
1.781800437956793530e+03 -3.464404206016840227e-03 -8.486169137671905130e-03
1.781831880587103342e+03 -3.455730273287358194e-03 -8.750144620685402011e-03
1.781847629092919760e+03 -3.451425599616684149e-03 -8.874029989606938354e-03
1.781863387839278403e+03 -3.444650364910257449e-03 -9.001047555415416651e-03
1.781894964214018728e+03 -3.434177967926118659e-03 -9.346081333825001503e-03
1.781910734157224169e+03 -3.428515639159197825e-03 -9.475762919761016034e-03
1.781926483364838532e+03 -3.420371431220444944e-03 -9.597519140784603262e-03
1.781942223150404061e+03 -3.415782431400718987e-03 -9.694237753670975968e-03
1.781973644426836245e+03 -3.403150646019779089e-03 -9.790933814084764805e-03
1.781989336634236452e+03 -3.396885001133314892e-03 -9.794423886428428941e-03
1.782005030478936760e+03 -3.390103554070275117e-03 -9.775348215676436456e-03
1.782020723551143874e+03 -3.383558712024376143e-03 -9.737039494787007657e-03
1.782052134423619236e+03 -3.372203891432708732e-03 -9.623308924525236438e-03
1.782067869797567937e+03 -3.365286787211476879e-03 -9.550957973421753469e-03
1.782083578414550857e+03 -3.360769580671926337e-03 -9.470212705070433015e-03
1.782114986370164615e+03 -3.351250579939700058e-03 -9.291147751531964732e-03
1.782130720493714534e+03 -3.348378329896137696e-03 -9.192410666504230096e-03
1.782146499533551150e+03 -3.346020411561936338e-03 -9.088008002861159076e-03
1.782162234603795014e+03 -3.342181053847472546e-03 -8.977998863620025374e-03
1.782193561061438686e+03 -3.341502220311620176e-03 -8.749985254826063083e-03
1.782209184411630758e+03 -3.339374521700577258e-03 -8.644467844724961283e-03
1.782224801581408883e+03 -3.338433049847140763e-03 -8.534636513505666766e-03
1.782240440717392630e+03 -3.338878068970595712e-03 -8.426565696146614756e-03
1.782271787855452430e+03 -3.342062265405511181e-03 -8.208895154535872721e-03
1.782287478177810499e+03 -3.344024627494931144e-03 -8.102240272092279399e-03
1.782303180913987489e+03 -3.347558295515213472e-03 -8.002734060415059303e-03
1.782334658540030659e+03 -3.360221333685214050e-03 -7.834267975169032991e-03
1.782350447773519136e+03 -3.367327815385855443e-03 -7.773641831149840330e-03
1.782366205440644762e+03 -3.373675064409135168e-03 -7.693842953725495495e-03
1.782381945659568373e+03 -3.383658987746609656e-03 -7.617323790419800421e-03
1.782413343575617546e+03 -3.399677949623603097e-03 -7.461403512826697039e-03
1.782429048211311965e+03 -3.408405317239471440e-03 -7.371852997802449958e-03
1.782444736878707545e+03 -3.416676018774164082e-03 -7.279085491379530190e-03
1.782460434699730286e+03 -3.426915607420266425e-03 -7.185736667491142080e-03
1.782491835078013082e+03 -3.438794215719295517e-03 -7.000651119668388142e-03
1.782507540769329353e+03 -3.444989788654919012e-03 -6.907005855926791164e-03
1.782523243905054642e+03 -3.449943560331806582e-03 -6.814522556366299326e-03
1.782554677616799836e+03 -3.460009971141330114e-03 -6.735220938375820719e-03
1.782570412630131841e+03 -3.464801229346595526e-03 -6.654454031374142618e-03
1.782586147814641208e+03 -3.469091339502332599e-03 -6.539246532125257347e-03
1.782601906619573583e+03 -3.470915997926912744e-03 -6.526148348843009012e-03
1.782633462782195238e+03 -3.473486548825541025e-03 -6.753190671208857652e-03
1.782649252341231886e+03 -3.475076105401886124e-03 -7.125236889980723735e-03
1.782665000227025985e+03 -3.472725507055426583e-03 -7.392521826688966402e-03
1.782680744859160995e+03 -3.472567105406339227e-03 -7.424332333532599609e-03
1.782712194753049971e+03 -3.471660360992603975e-03 -7.943711545321561346e-03
1.782727893273178097e+03 -3.471622357604329991e-03 -8.110959908146597036e-03
1.782743589867772698e+03 -3.469832385559894292e-03 -8.142516772693125446e-03
1.782774970180051696e+03 -3.464643758176490229e-03 -8.286050844816409203e-03
1.782790663720068096e+03 -3.461838064184543599e-03 -8.402040295616147389e-03
1.782806380616854085e+03 -3.458178528554526655e-03 -8.523553647026740898e-03
1.782822104245738501e+03 -3.454425264979181509e-03 -8.652223664311781484e-03
1.782853585857391181e+03 -3.443936998086991400e-03 -8.903822336621161973e-03
1.782869347744369179e+03 -3.439915708543721078e-03 -9.050964014590164031e-03
1.782885143209317221e+03 -3.433653369886499086e-03 -9.240430267211866347e-03
1.782900935830326489e+03 -3.429055315194296742e-03 -9.387819454516724976e-03
1.782932432880868646e+03 -3.415573009485908893e-03 -9.633860249458513908e-03
1.782948164532136161e+03 -3.409417309256439991e-03 -9.723098771297388268e-03
1.782963880262189377e+03 -3.402713726946525030e-03 -9.779275076532268837e-03
1.782995271131786922e+03 -3.392332626939197245e-03 -9.800748207319088731e-03
1.783010967285893003e+03 -3.385983883295232925e-03 -9.772437585651640168e-03
1.783026659145596113e+03 -3.379614867758395057e-03 -9.737161801094866911e-03
1.783042355257671488e+03 -3.373450525848794256e-03 -9.685924934935577144e-03
1.783073808488273471e+03 -3.360446648560725096e-03 -9.538934517751692863e-03
1.783089520728718526e+03 -3.356485737643362388e-03 -9.455760309542676767e-03
1.783105232553291444e+03 -3.348770713393418169e-03 -9.367736797782679967e-03
1.783120928216485026e+03 -3.347118489432146342e-03 -9.274359169989112445e-03
1.783152461182311299e+03 -3.342668638080043258e-03 -9.065248673010211505e-03
1.783168180030458871e+03 -3.338650864378821422e-03 -8.954122463429668027e-03
1.783183829575847540e+03 -3.336997343423493169e-03 -8.837767601607012316e-03
1.783215095948167118e+03 -3.335357904425551977e-03 -8.620276808077477829e-03
1.783230719112558745e+03 -3.334629798253878775e-03 -8.508283602086708780e-03
1.783246370774322713e+03 -3.335743525266787052e-03 -8.399359139513930261e-03
1.783262045140647160e+03 -3.337536315327304520e-03 -8.290976073552037973e-03
1.783293422876824479e+03 -3.341682837222036823e-03 -8.077214272822659524e-03
1.783309130452740874e+03 -3.346843078074791811e-03 -7.979716641960309109e-03
1.783324864785911359e+03 -3.351106044478047944e-03 -7.888020879929638629e-03
1.783340631606135958e+03 -3.356189693582111756e-03 -7.821518047576770175e-03
1.783372176390113282e+03 -3.372763749289524934e-03 -7.673316663415295259e-03
1.783387891525627083e+03 -3.379761700832552371e-03 -7.601338317273989217e-03
1.783403603768919993e+03 -3.388567207372945519e-03 -7.525401277110370379e-03
1.783434987184670263e+03 -3.406563521393656153e-03 -7.349541512743980320e-03
1.783450675020387735e+03 -3.416130727041108168e-03 -7.256068348687460916e-03
1.783466375003919438e+03 -3.422066536369376515e-03 -7.163263442968034224e-03
1.783482073516675428e+03 -3.428375243515090903e-03 -7.070253814149565774e-03
1.783513486419597029e+03 -3.442953308436903521e-03 -6.883566860592157249e-03
1.783529193198989105e+03 -3.449147505745105147e-03 -6.791722738932545397e-03
1.783544905048247983e+03 -3.453768291550292011e-03 -6.733539929406252671e-03
1.783560635820342668e+03 -3.459424182570592331e-03 -6.731394931451781943e-03
1.783592112202770295e+03 -3.464458911199494017e-03 -6.528978776605623945e-03
1.783607875393332051e+03 -3.467292457868714588e-03 -6.539352250904845523e-03
1.783623654448379284e+03 -3.468861000124627038e-03 -6.618735751455211147e-03
1.783655218999988847e+03 -3.468044978283364894e-03 -7.248645060853303908e-03
1.783670964596495423e+03 -3.470259481162677687e-03 -7.395468635251072759e-03
1.783686705775571909e+03 -3.468613651340484317e-03 -7.478455857569830424e-03
1.783702428265343315e+03 -3.467582606557499843e-03 -7.752198178382940438e-03
1.783733832903699522e+03 -3.464616906646263497e-03 -8.126628035260060820e-03
1.783749527910167672e+03 -3.463679003806921682e-03 -8.150632489705936928e-03
1.783765220574743580e+03 -3.462661703943272287e-03 -8.211320517490709389e-03
1.783780912314158286e+03 -3.460967229159053835e-03 -8.320922990117518916e-03
1.783812336197403965e+03 -3.455028989621030267e-03 -8.559722404647650967e-03
1.783828052040915964e+03 -3.449123272691170545e-03 -8.690266521934129906e-03
1.783843793081930471e+03 -3.444437835814336425e-03 -8.826527015398981380e-03
1.783875333792717129e+03 -3.434574505001264030e-03 -9.106016929507871477e-03
1.783891118491446377e+03 -3.427979365980486637e-03 -9.289369983060648955e-03
1.783906902534568417e+03 -3.421506752757990429e-03 -9.428388726779543885e-03
1.783922651625902517e+03 -3.417074452461095480e-03 -9.556392616423532368e-03
1.783954116630331100e+03 -3.403529709207106860e-03 -9.746607382957203289e-03
1.783969822256681027e+03 -3.397916378243456478e-03 -9.794631638649804739e-03
1.783985515905600778e+03 -3.391108171136426094e-03 -9.810227630567632320e-03
1.784001210756730416e+03 -3.384961632482614592e-03 -9.801732093169306104e-03
1.784032599613364027e+03 -3.374329109484019637e-03 -9.733985858740142050e-03
1.784048305544355117e+03 -3.368674441131060820e-03 -9.670881467371317958e-03
1.784064039476044627e+03 -3.361379099876126743e-03 -9.600314094234022044e-03
1.784095476131045416e+03 -3.350288264476090211e-03 -9.438918127227486493e-03
1.784111180808982681e+03 -3.346614602957668529e-03 -9.349934305205764157e-03
1.784126896485294083e+03 -3.344227609232033709e-03 -9.253852611708586473e-03
1.784142669288672323e+03 -3.339684612112853342e-03 -9.149693865212782037e-03
1.784174120290063001e+03 -3.335218450681794438e-03 -8.927663413395804312e-03
1.784189775712004121e+03 -3.333293846656264822e-03 -8.810833655209680468e-03
1.784205405617681208e+03 -3.331416610425552791e-03 -8.702629204106188468e-03
1.784221017208624062e+03 -3.331046075717958646e-03 -8.592296760108360937e-03
1.784252310812466021e+03 -3.331554624228413777e-03 -8.371822565434075547e-03
1.784267990645659893e+03 -3.332559882102615473e-03 -8.263287279053763840e-03
1.784283680402278151e+03 -3.335040713257538588e-03 -8.154592550678777321e-03
1.784315097778204063e+03 -3.345537539113533753e-03 -7.954812447533656308e-03
1.784330841654413462e+03 -3.349078312650111654e-03 -7.869002371499277462e-03
1.784346621069896628e+03 -3.355178681152321072e-03 -7.807033236048167672e-03
1.784362397331762168e+03 -3.361627867798142651e-03 -7.734908188335308694e-03
1.784393854378399510e+03 -3.379317417007923589e-03 -7.582304884328028120e-03
1.784409549443716514e+03 -3.388589986431474708e-03 -7.503749132699565408e-03
1.784425249783073923e+03 -3.395599500045825506e-03 -7.416408818376181260e-03
1.784440937568749405e+03 -3.405698061497423879e-03 -7.325147074045924508e-03
1.784472326713854727e+03 -3.420307500681132873e-03 -7.139116344239386167e-03
1.784488026597025737e+03 -3.426313041076126716e-03 -7.047136925933847676e-03
1.784503733946118928e+03 -3.432002057663145062e-03 -6.951868536691469848e-03
1.784535146422834487e+03 -3.443607848397878431e-03 -6.770627496921080221e-03
1.784550867989003336e+03 -3.450096858561276913e-03 -6.736474739836973043e-03
1.784566603246087880e+03 -3.453325839053392448e-03 -6.712709014079854333e-03
1.784582333199854247e+03 -3.457860866744111913e-03 -6.583792666251213690e-03
1.784613853320298631e+03 -3.462558901475022797e-03 -6.556424745773728295e-03
1.784629644769337347e+03 -3.465186053854887437e-03 -6.659676207401982531e-03
1.784645426619889804e+03 -3.465427180947687046e-03 -6.937023881252602636e-03
1.784661186969038454e+03 -3.465781960668845064e-03 -7.343160371528748356e-03
1.784692671475374482e+03 -3.464537133968920764e-03 -7.549357157240749530e-03
1.784708392168738783e+03 -3.464232088084301820e-03 -7.833484601492850252e-03
1.784724093229377331e+03 -3.462809371409076957e-03 -8.049886986616979975e-03
1.784755478103391169e+03 -3.459055332175772508e-03 -8.164531210732741198e-03
1.784771168874059867e+03 -3.456386564786463351e-03 -8.243006997656321042e-03
1.784786861794394781e+03 -3.453857298117243846e-03 -8.353199467346521245e-03
1.784802573162336557e+03 -3.451684477203642923e-03 -8.473739156560999505e-03
1.784834020618439354e+03 -3.444063117381160593e-03 -8.732191866357394069e-03
1.784849769717188792e+03 -3.440585474757141930e-03 -8.861750984181394203e-03
1.784865528583953164e+03 -3.433100697970212570e-03 -8.978529635160206399e-03
1.784881322535900836e+03 -3.428765006027442285e-03 -9.163219032001197056e-03
1.784912873062914514e+03 -3.416795898698609703e-03 -9.470346775295231806e-03
1.784928621062082357e+03 -3.409397048502599281e-03 -9.594607351697556283e-03
1.784944359129777695e+03 -3.404545969627904584e-03 -9.696199540638970188e-03
1.784960077339113923e+03 -3.399479990225745107e-03 -9.767159324448057914e-03
1.784991470711415559e+03 -3.386602711640710611e-03 -9.814816566302897449e-03
1.785007162754687215e+03 -3.380196543127414813e-03 -9.798158225992125575e-03
1.785022855045172491e+03 -3.373774089970234778e-03 -9.763360575268888522e-03
1.785054267218987434e+03 -3.361352816745235856e-03 -9.655199671959687271e-03
1.785070002487497732e+03 -3.355492884080505701e-03 -9.585461038636115122e-03
1.785085722752310858e+03 -3.350535888109695999e-03 -9.506373613817654944e-03
1.785101440263835229e+03 -3.345694395491565463e-03 -9.420683476345037208e-03
1.785132885067288044e+03 -3.337115547307026395e-03 -9.229933963975473291e-03
1.785148663380411108e+03 -3.335928090691983594e-03 -9.125411774157448155e-03
1.785164397744644930e+03 -3.331728609308492496e-03 -9.015284985141248236e-03
1.785180063744193376e+03 -3.329832864333098601e-03 -8.898703414898742961e-03
1.785211339522721801e+03 -3.328639991432874156e-03 -8.675487744255879971e-03
1.785226955779303125e+03 -3.328342253107068049e-03 -8.564062892175402023e-03
1.785242600791595123e+03 -3.328097308984812042e-03 -8.454563206970284669e-03
1.785273948284075686e+03 -3.330460634480555265e-03 -8.233196401340021897e-03
1.785289640229735824e+03 -3.332534574892063485e-03 -8.125540802171220614e-03
1.785305348022239968e+03 -3.335873908433872447e-03 -8.026138198273304394e-03
1.785321077070368574e+03 -3.339706946637198328e-03 -7.929592502792588010e-03
1.785352626850022716e+03 -3.353648276358694048e-03 -7.790223919306678291e-03
1.785368379891355744e+03 -3.360696353827243802e-03 -7.712987228384793857e-03
1.785384113809888049e+03 -3.369145044875473168e-03 -7.634804453664450000e-03
1.785415509440296546e+03 -3.384738753843623792e-03 -7.480765028241515360e-03
1.785431208476617257e+03 -3.394802229091824219e-03 -7.392631780289028905e-03
1.785446894292869729e+03 -3.402872274253731198e-03 -7.300096784136002499e-03
1.785462592636161617e+03 -3.411337369771651196e-03 -7.206870942967177202e-03
1.785493994765475918e+03 -3.425688776736279112e-03 -7.019990576992598055e-03
1.785509703266594670e+03 -3.431322961409764404e-03 -6.926306288673192250e-03
1.785525405594014273e+03 -3.436714206880537876e-03 -6.833757877595707242e-03
1.785541113574553719e+03 -3.442184811277151403e-03 -6.751199843043276076e-03
1.785572576637706334e+03 -3.450848483910693050e-03 -6.680778100213304732e-03
1.785588316310173923e+03 -3.455575608717743538e-03 -6.557008883544583437e-03
1.785604078877150187e+03 -3.455925767361019228e-03 -6.528605546622698319e-03
1.785635635160622542e+03 -3.459928262358665310e-03 -6.712337043810896395e-03
1.785651422990669289e+03 -3.461373893265480041e-03 -7.057732276529960110e-03
1.785667169819452283e+03 -3.459457354736336209e-03 -7.394488313654030108e-03
1.785682912025799851e+03 -3.460057194500786460e-03 -7.408533843488565585e-03
1.785714355939116331e+03 -3.457924096844007880e-03 -7.904958152565585289e-03
1.785730053003848298e+03 -3.458184329643863419e-03 -8.085956376083726707e-03
1.785745747771748938e+03 -3.457716825118463139e-03 -8.142518299282443944e-03
1.785761442498365568e+03 -3.455769744008846314e-03 -8.181415134143544404e-03
1.785792827301580701e+03 -3.450404363158506536e-03 -8.387931903585348417e-03
1.785808546613367525e+03 -3.447502363985089757e-03 -8.510400462954110373e-03
1.785824266753853635e+03 -3.442259293333023700e-03 -8.639421602947675721e-03
1.785855757441635888e+03 -3.432463651998651430e-03 -8.897934337136956945e-03
1.785871521916803658e+03 -3.428519070004311040e-03 -9.027642084483292542e-03
1.785887316441017902e+03 -3.422001971042488207e-03 -9.221243079073317833e-03
1.785903107065827044e+03 -3.416470349820063118e-03 -9.382043790188948629e-03
1.785934600630271916e+03 -3.404834823043406677e-03 -9.631963391864352061e-03
1.785950328296121597e+03 -3.398510270251900271e-03 -9.724618453807761312e-03
1.785966041123210971e+03 -3.391612703339788766e-03 -9.787162851970034744e-03
1.785981736097108296e+03 -3.386059343346391973e-03 -9.817767418188023953e-03
1.786013124869307603e+03 -3.375961984208076822e-03 -9.792768674359731557e-03
1.786028820672695474e+03 -3.369795555971995087e-03 -9.760808124492275153e-03
1.786044519364854295e+03 -3.363192388583447628e-03 -9.711943594947857264e-03
1.786060243367656085e+03 -3.358105369477636104e-03 -9.640726123598361216e-03
1.786091698409423543e+03 -3.345254678954067643e-03 -9.488835009258551542e-03
1.786107413790376768e+03 -3.339361209619623634e-03 -9.402145398868464940e-03
1.786123116195343073e+03 -3.336561020963857861e-03 -9.308713478376197739e-03
1.786154652741729933e+03 -3.331490964008140560e-03 -9.100061017628776477e-03
1.786170371804879323e+03 -3.328664472322043731e-03 -8.988805243386797580e-03
1.786186021950425584e+03 -3.326729006203464883e-03 -8.870735025282724950e-03
1.786201664909402780e+03 -3.323211738063885576e-03 -8.759377610506491330e-03
1.786232903941390759e+03 -3.322989515134819067e-03 -8.537367771112566728e-03
1.786248558660400704e+03 -3.323064608050267394e-03 -8.426206627325094969e-03
1.786264234000392207e+03 -3.325508729753878009e-03 -8.316556315535147612e-03
1.786295620213328448e+03 -3.330109776093004466e-03 -8.099954990248847686e-03
1.786311332966965438e+03 -3.335332699858683039e-03 -8.002147541563246758e-03
1.786327072664386378e+03 -3.338761715886614297e-03 -7.908299763338885735e-03
1.786342839965525854e+03 -3.342790572073912111e-03 -7.836588315301054597e-03
1.786374385024481853e+03 -3.358767975017067434e-03 -7.692322749119569029e-03
1.786390092285588707e+03 -3.365816119302923650e-03 -7.617779197488764795e-03
1.786405799598770045e+03 -3.373975398732424226e-03 -7.542979543405374521e-03
1.786421489372184851e+03 -3.385046692035909108e-03 -7.459819496225698898e-03
1.786452864769731605e+03 -3.400262028180019765e-03 -7.277687223475004692e-03
1.786468562820005900e+03 -3.407808733237156339e-03 -7.184189804821091395e-03
1.786484261527504486e+03 -3.413428238967874603e-03 -7.091237185395549841e-03
1.786515676852111710e+03 -3.427058697772025243e-03 -6.902635053687124038e-03
1.786531382925629487e+03 -3.434721724811192790e-03 -6.810342216845491695e-03
1.786547101426335075e+03 -3.439665805214885391e-03 -6.740668290647470508e-03
1.786562834040445068e+03 -3.444360944838904207e-03 -6.742491186609559164e-03
1.786594315109284935e+03 -3.450011117756492714e-03 -6.540777404888578617e-03
1.786610077969926579e+03 -3.453754820806721488e-03 -6.537305837574934088e-03
1.786625864343679496e+03 -3.455655407701137792e-03 -6.601577066539561153e-03
1.786641641280620206e+03 -3.455246206313893412e-03 -6.781890715964741106e-03
1.786673162907097094e+03 -3.456389716417940846e-03 -7.408556204174327788e-03
1.786688905184326359e+03 -3.455767838383993519e-03 -7.448707944498886811e-03
1.786704624312126725e+03 -3.454313555131636061e-03 -7.714937551576010397e-03
1.786720329718590165e+03 -3.454045165756679421e-03 -7.967655425794951951e-03
1.786751718414934203e+03 -3.450664620823890114e-03 -8.149920147992577996e-03
1.786767411055813000e+03 -3.449045852611276261e-03 -8.206381811841682861e-03
1.786783103414282095e+03 -3.447878779908301709e-03 -8.307358514133477909e-03
1.786814533686195546e+03 -3.441122998722442004e-03 -8.548432986927390412e-03
1.786830247991317719e+03 -3.437635399560708387e-03 -8.687512593864771260e-03
1.786845994425688332e+03 -3.432844285531357672e-03 -8.832570391237162116e-03
1.786861753482520726e+03 -3.427821301290996225e-03 -8.941698668043148238e-03
1.786893324147153180e+03 -3.417007240919552220e-03 -9.285474208875073646e-03
1.786909100811340522e+03 -3.411482987895247780e-03 -9.440961966457640797e-03
1.786924850354970658e+03 -3.404606831292534934e-03 -9.568147733226024104e-03
1.786940592178997804e+03 -3.399799656595377251e-03 -9.677098260219233611e-03
1.786972014616906108e+03 -3.387367071370299930e-03 -9.815391362987008206e-03
1.786987707237251243e+03 -3.380869692412029944e-03 -9.837580886660226426e-03
1.787003401201991210e+03 -3.374302147178232739e-03 -9.830704420715759978e-03
1.787034789782440384e+03 -3.362543606343602887e-03 -9.765465278034487009e-03
1.787050498731364542e+03 -3.357886100324451902e-03 -9.704301770410655656e-03
1.787066230266014145e+03 -3.349495775724524189e-03 -9.635020915719239368e-03
1.787081955197486650e+03 -3.344920087061438712e-03 -9.560567204505553834e-03
1.787113394233120971e+03 -3.334519129374303135e-03 -9.388342742262106855e-03
1.787129126204528802e+03 -3.332301588179675724e-03 -9.292367470608945204e-03
1.787144893354108945e+03 -3.328952016160879532e-03 -9.189786265724147682e-03
1.787160651909283615e+03 -3.326564228088165279e-03 -9.080402040579910530e-03
1.787191997982690737e+03 -3.322875364843936620e-03 -8.848633161654214166e-03
1.787207627706089397e+03 -3.320847595286202745e-03 -8.739930105019748027e-03
1.787223236977564284e+03 -3.319691559914502398e-03 -8.628028210732720596e-03
1.787254532748718020e+03 -3.320083669761652537e-03 -8.405255368632590096e-03
1.787270212625945305e+03 -3.320892265880286305e-03 -8.294259419886155366e-03
1.787285904393366991e+03 -3.321910786713577930e-03 -8.184510192205618484e-03
1.787301610986189871e+03 -3.325420668378000020e-03 -8.081711939777060094e-03
1.787333087602156411e+03 -3.334987091664334737e-03 -7.894421846838160783e-03
1.787348866393992239e+03 -3.341522377206840831e-03 -7.828109664160533623e-03
1.787364635865552145e+03 -3.346612946872027511e-03 -7.761745992472532558e-03
1.787380384467524436e+03 -3.356676798035310855e-03 -7.679327354183930129e-03
1.787411779220924927e+03 -3.372655867243121944e-03 -7.528850480542204245e-03
1.787427479497519698e+03 -3.379733489002791167e-03 -7.444505068858364022e-03
1.787443162779319437e+03 -3.388948991464215549e-03 -7.353508462975999471e-03
1.787474553370665035e+03 -3.404140459070672045e-03 -7.167012119011982943e-03
1.787490253405151407e+03 -3.410607556596278577e-03 -7.073081386070831714e-03
1.787505961029016817e+03 -3.416821934139618964e-03 -6.977340672490782089e-03
1.787521666174997563e+03 -3.422175675592448261e-03 -6.884194711582978903e-03
1.787553099554317896e+03 -3.433206441299106911e-03 -6.744141214197191606e-03
1.787568835800779425e+03 -3.438018046825527113e-03 -6.737467423027405228e-03
1.787584571277738860e+03 -3.442542048023404088e-03 -6.614387971928704403e-03
1.787600329500057342e+03 -3.446518705936429949e-03 -6.537858963075154906e-03
1.787631884716472769e+03 -3.448988258380973788e-03 -6.638679555947170872e-03
1.787647671090312770e+03 -3.450340423952217173e-03 -6.877471830923454627e-03
1.787663421609235911e+03 -3.449697676651842463e-03 -7.317124251875213765e-03
1.787694902383520684e+03 -3.449210369359633453e-03 -7.514258130148577901e-03
1.787710619662221916e+03 -3.449963109192117489e-03 -7.799984071935753618e-03
1.787726321689118095e+03 -3.449402173726661379e-03 -8.020580433653711275e-03
1.787742015573077879e+03 -3.447726038581718899e-03 -8.124180358857658810e-03
1.787773396787186130e+03 -3.443325109368909447e-03 -8.239122408963838254e-03
1.787789090098398674e+03 -3.440787851678129769e-03 -8.340560229197543224e-03
1.787804804915167551e+03 -3.437827908894803674e-03 -8.458466640701219064e-03
1.787820529764458342e+03 -3.434772378143867780e-03 -8.593158958518202356e-03
1.787852005400162170e+03 -3.426130955694915887e-03 -8.886833632266217045e-03
1.787867766130809287e+03 -3.420815709249574229e-03 -8.993785128355118869e-03
1.787883561307324499e+03 -3.415483709993421234e-03 -9.163097263335411025e-03
1.787915108915069595e+03 -3.403398079810307422e-03 -9.503428472236664232e-03
1.787930854700023474e+03 -3.397549407812215563e-03 -9.624450758512970855e-03
1.787946589645438053e+03 -3.391998598664341859e-03 -9.723353974738694824e-03
1.787962306506854475e+03 -3.386347140742406066e-03 -9.797257413700549700e-03
1.787993699104227744e+03 -3.375211253179437407e-03 -9.854578183345796133e-03
1.788009391713546393e+03 -3.368671795625114568e-03 -9.837010708123984995e-03
1.788025082467197535e+03 -3.362648181100782140e-03 -9.801171857443984753e-03
1.788040778594008543e+03 -3.356563136483623790e-03 -9.762965788548152307e-03
1.788072229953895430e+03 -3.343631106138504356e-03 -9.623417746852113569e-03
1.788087960617505814e+03 -3.338951848692215188e-03 -9.546448728241998735e-03
1.788103687756462705e+03 -3.331504309731499452e-03 -9.460708274215162694e-03
1.788135147119545536e+03 -3.325310852575566727e-03 -9.270312511132125510e-03
1.788150918795091229e+03 -3.324413796930727593e-03 -9.165033768730066963e-03
1.788166656874741193e+03 -3.320396712469837665e-03 -9.055365890716898791e-03
1.788182319565780062e+03 -3.317925671565746804e-03 -8.939071460492999457e-03
1.788213592702482174e+03 -3.315667576303220430e-03 -8.715023774327222694e-03
1.788229207537533512e+03 -3.315162057327772707e-03 -8.601731855188556736e-03
1.788244854660267720e+03 -3.315600824445681574e-03 -8.491306433567814144e-03
1.788260526058330470e+03 -3.315198447054910555e-03 -8.379953856401445300e-03
1.788291902074379550e+03 -3.318576962685147042e-03 -8.159907866284383735e-03
1.788307616840717401e+03 -3.322338021622152186e-03 -8.060070156867840674e-03
1.788323355536146437e+03 -3.325282219313920908e-03 -7.962459385396863584e-03
1.788354906002855842e+03 -3.337269808131431478e-03 -7.816776727958883383e-03
1.788370659596202131e+03 -3.344491685212577867e-03 -7.743966620805400707e-03
1.788386385373090889e+03 -3.351179840389398399e-03 -7.663548040325483465e-03
1.788402098395565872e+03 -3.359909079684594325e-03 -7.589340477246958074e-03
1.788433472672911876e+03 -3.376892109840068292e-03 -7.424518243354612246e-03
1.788449155535652608e+03 -3.386282545879269312e-03 -7.331731532993871446e-03
1.788464853410358046e+03 -3.392333818090961274e-03 -7.238817622940666753e-03
1.788480550950935822e+03 -3.399737710935029061e-03 -7.143594037084245035e-03
1.788511965932631483e+03 -3.413965084119023521e-03 -6.953936728619783403e-03
1.788527672454070853e+03 -3.419347847733963421e-03 -6.861066398604101849e-03
1.788543381859124111e+03 -3.424895509957765101e-03 -6.771466396319809726e-03
1.788574844337704917e+03 -3.432546124231260990e-03 -6.715260321139305925e-03
1.788590590761820067e+03 -3.437086293468500156e-03 -6.584845370787730141e-03
1.788606356001672793e+03 -3.438914404655653116e-03 -6.538059744196454172e-03
1.788622128531831549e+03 -3.441915643519848772e-03 -6.574641314705256638e-03
1.788653698088926149e+03 -3.442552319941319296e-03 -6.995933739222099518e-03
1.788669444410379128e+03 -3.443664426620228220e-03 -7.403470386382994713e-03
1.788685183618120618e+03 -3.443417768769933395e-03 -7.408751717655902465e-03
1.788700908300890433e+03 -3.443055923879163264e-03 -7.592720730097905595e-03
1.788732316608665997e+03 -3.440823569227040909e-03 -8.061195319012136318e-03
1.788748011809185982e+03 -3.440943838982711989e-03 -8.135202447915733381e-03
1.788763704748129385e+03 -3.440165497713000824e-03 -8.181454830982100301e-03
1.788795097229001385e+03 -3.435014208797059626e-03 -8.372609653254023399e-03
1.788810816826196969e+03 -3.433509849558007230e-03 -8.492716157652763220e-03
1.788826533858612720e+03 -3.427252668169144135e-03 -8.635161449619201818e-03
1.788842270770458299e+03 -3.423524976452355876e-03 -8.790379601333987020e-03
1.788873803711233904e+03 -3.413661302897760819e-03 -9.042559865758898960e-03
1.788889593000443938e+03 -3.407493864275015858e-03 -9.227178854557052667e-03
1.788905380559041532e+03 -3.401051418582761755e-03 -9.409383122377434905e-03
1.788921130115454844e+03 -3.397640429373550552e-03 -9.553298485677279642e-03
1.788952596764812597e+03 -3.384437795848384278e-03 -9.758538019173926964e-03
1.788968305174752459e+03 -3.378348714243562066e-03 -9.824897375699271143e-03
1.788983998815694122e+03 -3.372013737454683784e-03 -9.860066228079271411e-03
1.789015387409276400e+03 -3.361789609750912532e-03 -9.837266755181098971e-03
1.789031081314970379e+03 -3.356547573145619596e-03 -9.804484371973096885e-03
1.789046786920579962e+03 -3.349961893479513290e-03 -9.754312310175785455e-03
1.789062509868965662e+03 -3.344470245132425638e-03 -9.683654505431626980e-03
1.789093977753037962e+03 -3.331037244185546583e-03 -9.532230018096091509e-03
1.789109696918617601e+03 -3.326771280514975900e-03 -9.444620184846670014e-03
1.789125412884335901e+03 -3.323369317422733560e-03 -9.350796692175545807e-03
1.789141177872249045e+03 -3.319470021263470731e-03 -9.250379854907442995e-03
1.789172663312971508e+03 -3.314949053080392706e-03 -9.031296603813626991e-03
1.789188320159634941e+03 -3.312281853557542174e-03 -8.912347309834086490e-03
1.789203957601778484e+03 -3.309390678584013361e-03 -8.800777463769187195e-03
1.789235191354676090e+03 -3.308229249069164369e-03 -8.578520950058027977e-03
1.789250849009364629e+03 -3.307989165489402892e-03 -8.465149781041200402e-03
1.789266525192696918e+03 -3.309062612314743381e-03 -8.354189137134270665e-03
1.789282213729817158e+03 -3.311865924568154883e-03 -8.241955286348690013e-03
1.789313641687968811e+03 -3.319522631855591384e-03 -8.037312135683490066e-03
1.789329386075974980e+03 -3.322321775102684768e-03 -7.942204714694157605e-03
1.789345155142197882e+03 -3.326723326400238614e-03 -7.864960010229942594e-03
1.789360937874964748e+03 -3.333096176217997461e-03 -7.803919706615993455e-03
1.789392400475063596e+03 -3.348546719306834136e-03 -7.646979795434088317e-03
1.789408100441831721e+03 -3.357319475933233897e-03 -7.572978541517472531e-03
1.789423793763552112e+03 -3.365425534549258170e-03 -7.492671155824521916e-03
1.789455164172127525e+03 -3.380477236044662770e-03 -7.310721759568611193e-03
1.789470859200956284e+03 -3.389076052805971816e-03 -7.216925564213017355e-03
1.789486559090331639e+03 -3.394942184864994158e-03 -7.123266097312807611e-03
1.789502267008605259e+03 -3.400494556493686201e-03 -7.026153116296763278e-03
1.789533682106825836e+03 -3.414048382294436815e-03 -6.839160752553093137e-03
1.789549402305685589e+03 -3.420477957983141925e-03 -6.758066514136935356e-03
1.789565139768574454e+03 -3.423814584923330542e-03 -6.756815707508159047e-03
1.789580867185310808e+03 -3.428241509282473672e-03 -6.684025311177286752e-03
1.789612389358863993e+03 -3.434318075834154067e-03 -6.544663833557327372e-03
1.789628178694006920e+03 -3.437317454922229291e-03 -6.597269852834678969e-03
1.789643957426267434e+03 -3.437473280280017428e-03 -6.747447519571997572e-03
1.789675469418457396e+03 -3.437060544741805945e-03 -7.437269784571276694e-03
1.789691207696145057e+03 -3.438510877168703215e-03 -7.431668993468325615e-03
1.789706929131322113e+03 -3.437283538490013609e-03 -7.679928010498215940e-03
1.789722630315731294e+03 -3.437086970586389692e-03 -7.942111964738663918e-03
1.789754017384573444e+03 -3.433998906726494840e-03 -8.144926041158075461e-03
1.789769709202325203e+03 -3.431939415252787187e-03 -8.207734988179733737e-03
1.789785402321155516e+03 -3.430211693682111602e-03 -8.296981997106128714e-03
1.789801111174662537e+03 -3.428930533287445192e-03 -8.402613254047942154e-03
1.789832554779156453e+03 -3.421454032337533247e-03 -8.675319708149616116e-03
1.789848303472429507e+03 -3.418066257377876810e-03 -8.834919698396292292e-03
1.789864061693208214e+03 -3.411182001802580237e-03 -8.962031455760055207e-03
1.789895640385019533e+03 -3.401713389920833254e-03 -9.286621154522800917e-03
1.789911407171276551e+03 -3.396294235827599858e-03 -9.463757859488421131e-03
1.789927155989250423e+03 -3.388607549892089840e-03 -9.598875547394599902e-03
1.789942895568754011e+03 -3.384338416913735496e-03 -9.707235888843932306e-03
1.789974315937671690e+03 -3.372503156474719252e-03 -9.848278060798978939e-03
1.789990006916775201e+03 -3.366587576072508584e-03 -9.874051680457086519e-03
1.790005699669202386e+03 -3.360102154483258011e-03 -9.870674245419023066e-03
1.790021391992347617e+03 -3.353709964725217103e-03 -9.837189019060537526e-03
1.790052800465338805e+03 -3.342378460069446097e-03 -9.743600268456260524e-03
1.790068530090612967e+03 -3.335299674093298878e-03 -9.673431836032014147e-03
1.790084264020593992e+03 -3.330378310319664654e-03 -9.600599954744900785e-03
1.790100002291633473e+03 -3.326080247476759059e-03 -9.517422086587103147e-03
1.790131456658290517e+03 -3.315377395316640961e-03 -9.330974550668945031e-03
1.790147222984503969e+03 -3.313693054704215050e-03 -9.228268181866713937e-03
1.790162979920684847e+03 -3.310524941961291972e-03 -9.119192021372445403e-03
1.790194324019614669e+03 -3.308694666419244052e-03 -8.886302913263022935e-03
1.790209948523644698e+03 -3.305660850700965596e-03 -8.775680096562224475e-03
1.790225559582235746e+03 -3.304519845076839789e-03 -8.663136146907210455e-03
1.790241194338837204e+03 -3.303737682078017063e-03 -8.552115705997785297e-03
1.790272535117306688e+03 -3.305633302464983277e-03 -8.325848952251932097e-03
1.790288228212080867e+03 -3.306617462654693178e-03 -8.215015252519334427e-03
1.790303941918181636e+03 -3.308821736628500803e-03 -8.112854028903104808e-03
1.790335432495190389e+03 -3.319194949214792842e-03 -7.922248827894277229e-03
1.790351214412990203e+03 -3.324519451198100755e-03 -7.851148955830902776e-03
1.790366975102657534e+03 -3.329755242441709284e-03 -7.788804246406380409e-03
1.790382719173111354e+03 -3.338599630570837553e-03 -7.707557741147296609e-03
1.790414110622570888e+03 -3.353006662652655793e-03 -7.554842999395285259e-03
1.790429807676888231e+03 -3.362245978452012805e-03 -7.472935572450001458e-03
1.790445487769017063e+03 -3.369945875751615815e-03 -7.382239776944885673e-03
1.790461181452928031e+03 -3.379904677877519290e-03 -7.288485160627270962e-03
1.790492582906303596e+03 -3.392706567218342715e-03 -7.098961022090168223e-03
1.790508289587852687e+03 -3.399272412355640142e-03 -7.002814785365109318e-03
1.790523994369499633e+03 -3.404798829317282928e-03 -6.908875891451450070e-03
1.790555432086382552e+03 -3.415283036380375135e-03 -6.751791228998498158e-03
1.790571168225781776e+03 -3.420382373986867539e-03 -6.755526011379564370e-03
1.790586906542402858e+03 -3.425212458772866012e-03 -6.647998958422616025e-03
1.790602668245623590e+03 -3.426775819918583075e-03 -6.551022423293009246e-03
1.790634224896716432e+03 -3.431099788732136415e-03 -6.625097292021550968e-03
1.790650012530306867e+03 -3.433327792935780744e-03 -6.827695793441951842e-03
1.790665758524419061e+03 -3.431347461223440906e-03 -7.272567565015685895e-03
1.790681501918622644e+03 -3.432223580586700983e-03 -7.433544211758269168e-03
1.790712949060057554e+03 -3.431842573913131481e-03 -7.764544280951287368e-03
1.790728647133344111e+03 -3.432688517070397495e-03 -7.995059177912849924e-03
1.790744343137505439e+03 -3.431928734094265299e-03 -8.107265697244677577e-03
1.790760037105133279e+03 -3.429853056119519256e-03 -8.157782421570157830e-03
1.790791420444353207e+03 -3.425583643225600661e-03 -8.326044777636463362e-03
1.790807138513622704e+03 -3.422488293011838323e-03 -8.432658427337818771e-03
1.790822860430162564e+03 -3.418832202370825513e-03 -8.561991024011636128e-03
1.790854344839827036e+03 -3.409178279720940542e-03 -8.876881669852187268e-03
1.790870106765408309e+03 -3.405876132402273562e-03 -8.997138686616881417e-03
1.790885902119420962e+03 -3.399837020678283910e-03 -9.148011357770597166e-03
1.790901694170097016e+03 -3.395367335749268495e-03 -9.342822566573118909e-03
1.790933189579282271e+03 -3.383168349531529787e-03 -9.639738181454913721e-03
1.790948920151930452e+03 -3.377215327993745696e-03 -9.742902904479754447e-03
1.790964634880022686e+03 -3.370632908315505417e-03 -9.818225127380203476e-03
1.790980329707616647e+03 -3.365930149632701245e-03 -9.868347717831713745e-03
1.791011718805648570e+03 -3.355167206252822158e-03 -9.872579134525225411e-03
1.791027412012447485e+03 -3.348799688274297758e-03 -9.838353608851843277e-03
1.791043108561294730e+03 -3.342837974825398767e-03 -9.801786582793787020e-03
1.791074556042334962e+03 -3.328904886724181212e-03 -9.663747215112861860e-03
1.791090298756362699e+03 -3.324171472735738472e-03 -9.587570516299428677e-03
1.791106033763479445e+03 -3.317029087215228947e-03 -9.501901377846283872e-03
1.791121743548245831e+03 -3.314058170273916862e-03 -9.409381025424970804e-03
1.791153275286465941e+03 -3.308489551980628267e-03 -9.204361832207288638e-03
1.791169016260177841e+03 -3.305499270312413015e-03 -9.095162231624489071e-03
1.791184674790419194e+03 -3.303025725611285698e-03 -8.976977105287114664e-03
1.791200324967656115e+03 -3.299061307329554868e-03 -8.861423279447186094e-03
1.791231556738000108e+03 -3.298720042458738559e-03 -8.635876887183454101e-03
1.791247204917221325e+03 -3.298678966013564480e-03 -8.523575646350547985e-03
1.791262874923458867e+03 -3.299999237005798308e-03 -8.411674041120451722e-03
1.791294258980190079e+03 -3.302725952764660848e-03 -8.189213889568631305e-03
1.791309979290844467e+03 -3.306926439968585832e-03 -8.089030098208133124e-03
1.791325725112949385e+03 -3.309743134483098675e-03 -7.990625595970227493e-03
1.791341486938188837e+03 -3.312930457642167606e-03 -7.903839206263228029e-03
1.791373032217151831e+03 -3.327241268810102095e-03 -7.770848550632238061e-03
1.791388747933707691e+03 -3.333436461820575656e-03 -7.689205037982284156e-03
1.791404458045342381e+03 -3.341461740051506618e-03 -7.611865358498274246e-03
1.791420143089439080e+03 -3.351614542656027908e-03 -7.536838395786484013e-03
1.791451507342607329e+03 -3.368142228689145062e-03 -7.360161290065464317e-03
1.791467203631483926e+03 -3.374673872254129511e-03 -7.266576891628872582e-03
1.791482902710098188e+03 -3.380725866120648515e-03 -7.171192595486924372e-03
1.791514318091362384e+03 -3.395577069594250819e-03 -6.979462039258027030e-03
1.791530026209670041e+03 -3.402823162093867107e-03 -6.885927405134483273e-03
1.791545743194255238e+03 -3.407639355445889803e-03 -6.792692118483798641e-03
1.791561475091419879e+03 -3.413435228962263465e-03 -6.754859673127940750e-03
1.791592956906797099e+03 -3.419122419379062427e-03 -6.614450071858206902e-03
1.791608721146965991e+03 -3.423066264523047780e-03 -6.546925000516815203e-03
1.791624504645365505e+03 -3.425088309745599139e-03 -6.572050000683106637e-03
1.791640282029586160e+03 -3.425462056696994967e-03 -6.664050048741682920e-03
1.791671805282855985e+03 -3.428364043853872507e-03 -7.387575809226470946e-03
1.791687546678960416e+03 -3.427211670366620173e-03 -7.420301424303625028e-03
1.791703267119123666e+03 -3.426654574166666800e-03 -7.551497415620233439e-03
1.791734670230904385e+03 -3.425156403779733121e-03 -8.033345210610191509e-03
1.791750365420866729e+03 -3.424370569922672355e-03 -8.117807333684938509e-03
1.791766058737458934e+03 -3.423676441594962483e-03 -8.177479006285766697e-03
1.791781751088909004e+03 -3.422885800986900148e-03 -8.260697959498857976e-03
1.791813177738697050e+03 -3.417525087046397250e-03 -8.461945419079719075e-03
1.791828892225569916e+03 -3.412973599945608085e-03 -8.596650702540046055e-03
1.791844635296338083e+03 -3.408507559758309439e-03 -8.756691960383415629e-03
1.791860394477805130e+03 -3.404481786712104750e-03 -8.916432469435601679e-03
1.791891961474958407e+03 -3.393485334087810272e-03 -9.203410661690746009e-03
1.791907742904299539e+03 -3.387779159336695798e-03 -9.397825149768031586e-03
1.791923492086714759e+03 -3.382790123122634152e-03 -9.561912932956238842e-03
1.791954956621081919e+03 -3.370409235145491178e-03 -9.773577391109259868e-03
1.791970659826635483e+03 -3.365242813489943870e-03 -9.844317400079190261e-03
1.791986352338379675e+03 -3.358732172545609435e-03 -9.885289209463955090e-03
1.792002046256774065e+03 -3.352570641742652971e-03 -9.895205906493936138e-03
1.792033434421759239e+03 -3.341893817537551839e-03 -9.842024540846294398e-03
1.792049141429051360e+03 -3.336609891527479374e-03 -9.793626532424874742e-03
1.792064867737493387e+03 -3.328794938060937892e-03 -9.724064243547960590e-03
1.792080593324152005e+03 -3.323180797112413633e-03 -9.654595270032201651e-03
1.792112068768082736e+03 -3.312282899847274111e-03 -9.486020623207426158e-03
1.792127803406636758e+03 -3.309558109211590930e-03 -9.392174362236315258e-03
1.792143560992082939e+03 -3.305163408996914312e-03 -9.291337771381226462e-03
1.792175044507807797e+03 -3.300500077215423340e-03 -9.070638300811095442e-03
1.792190702745000635e+03 -3.297536806813180284e-03 -8.950158046460512246e-03
1.792206339056835304e+03 -3.295313634737503678e-03 -8.837237892824962790e-03
1.792221944434502120e+03 -3.294616762906911901e-03 -8.723752450146296522e-03
1.792253226012734331e+03 -3.293382956527941136e-03 -8.497315961200050186e-03
1.792268901882210002e+03 -3.293808650531548400e-03 -8.384242583142079847e-03
1.792284592174139334e+03 -3.294838717841113828e-03 -8.271121422908410750e-03
1.792300300627320667e+03 -3.298587193992770158e-03 -8.165071611301651100e-03
1.792331784688314201e+03 -3.305803736433022156e-03 -7.969005106364022983e-03
1.792347556750819194e+03 -3.311028552221473992e-03 -7.886989399653885138e-03
1.792363331200942639e+03 -3.315579939884679556e-03 -7.825893962489945815e-03
1.792394795177690639e+03 -3.331741786016590399e-03 -7.669945155999377540e-03
1.792410484666142565e+03 -3.340575843436976652e-03 -7.594648774784767443e-03
1.792426179967336793e+03 -3.346796410720165316e-03 -7.517887454804142271e-03
1.792441857834570555e+03 -3.356544553189972063e-03 -7.431553011711824683e-03
1.792473239564887990e+03 -3.371253127632850739e-03 -7.244624945055332457e-03
1.792488940358691707e+03 -3.377831887901840136e-03 -7.149512690501270105e-03
1.792504648507297588e+03 -3.383796003712797110e-03 -7.051633865339078031e-03
1.792520355821267458e+03 -3.389754108363494424e-03 -6.957133268800582380e-03
1.792551789268749417e+03 -3.402017242021109986e-03 -6.775058617638193663e-03
1.792567526192987543e+03 -3.406327937968607524e-03 -6.762481831797450237e-03
1.792583260711271350e+03 -3.411193447723412462e-03 -6.716576591282339206e-03
1.792614783821528817e+03 -3.416860541724885732e-03 -6.549528965812249394e-03
1.792630575508860375e+03 -3.419763412076046172e-03 -6.591626344859258073e-03
1.792646357586510021e+03 -3.421077413572780421e-03 -6.715953851336208327e-03
1.792662112231633728e+03 -3.421723906817544878e-03 -7.059330285637310624e-03
1.792693594033693216e+03 -3.421689376217774709e-03 -7.423731016833807171e-03
1.792709312669890096e+03 -3.422613646067670847e-03 -7.636523582023258677e-03
1.792725015593045327e+03 -3.421743744307929186e-03 -7.908602820883786980e-03
1.792740707570213772e+03 -3.420987344460256659e-03 -8.063724614748548486e-03
1.792772091321632388e+03 -3.417034539493468779e-03 -8.203565971781694513e-03
1.792787784637648656e+03 -3.414945521190260180e-03 -8.284393876819161687e-03
1.792803497720163250e+03 -3.412880713929944757e-03 -8.379642266042281601e-03
1.792834945589832387e+03 -3.406770135690119668e-03 -8.635575046755222459e-03
1.792850694964294917e+03 -3.403100108086156393e-03 -8.802227570244526220e-03
1.792866454069072915e+03 -3.396610803251325691e-03 -8.954765185653452628e-03
1.792882248711855482e+03 -3.392227320573821658e-03 -9.073908020195160101e-03
1.792913797755650876e+03 -3.380908594725773146e-03 -9.455224547779066818e-03
1.792929544720631156e+03 -3.374489970829879643e-03 -9.604867679702212488e-03
1.792945281939636061e+03 -3.369686801112878501e-03 -9.715627703019804814e-03
1.792960999370814761e+03 -3.364783927200802344e-03 -9.802906860854726165e-03
1.792992391727666018e+03 -3.352834834818700996e-03 -9.899073742248342203e-03
1.793008082600646503e+03 -3.346711769440242901e-03 -9.901403435025078054e-03
1.793023773866995043e+03 -3.340591891814969055e-03 -9.871684983153510354e-03
1.793055186171950254e+03 -3.328260591937282162e-03 -9.783240184098457304e-03
1.793070912892432261e+03 -3.322235941268052856e-03 -9.715432958115884782e-03
1.793086651034161605e+03 -3.316857593956199640e-03 -9.643411113227305306e-03
1.793102396992965396e+03 -3.309919587132275666e-03 -9.560311556003659936e-03
1.793133870443758042e+03 -3.300550843045778771e-03 -9.373689240686246260e-03
1.793149636333645731e+03 -3.299991488855923139e-03 -9.269613845845901465e-03
1.793165392066528966e+03 -3.295907951695433227e-03 -9.160353197619588647e-03
1.793181073662102563e+03 -3.293041358392275950e-03 -9.044746089331678549e-03
1.793212354337903207e+03 -3.290175181968398033e-03 -8.812665918786715888e-03
1.793227962666749818e+03 -3.289526104154532737e-03 -8.697629256976089837e-03
1.793243602134416278e+03 -3.288833466319522614e-03 -8.585040423073437774e-03
1.793274943293542037e+03 -3.289115015432045840e-03 -8.356281027585052423e-03
1.793290637636369638e+03 -3.290521883042420680e-03 -8.244623974939054370e-03
1.793306355372898224e+03 -3.293034421601420680e-03 -8.142082715247512398e-03
1.793322101262399656e+03 -3.295303427833256964e-03 -8.041635644390308577e-03
1.793353646061826112e+03 -3.306350146456507946e-03 -7.872530530750732405e-03
1.793369401353204694e+03 -3.312662081446557036e-03 -7.812145390423048431e-03
1.793385137285585643e+03 -3.319306103876827879e-03 -7.735400164180990766e-03
1.793400852187882720e+03 -3.327595800721292255e-03 -7.652422235178272560e-03
1.793432220071669235e+03 -3.343806951845597081e-03 -7.500125195150132013e-03
1.793447896438487533e+03 -3.352403488981489307e-03 -7.410855528552449251e-03
1.793463590437450648e+03 -3.359612745053730618e-03 -7.317259982213569595e-03
1.793494991877763596e+03 -3.375092293010609375e-03 -7.125734687797885374e-03
1.793510703461616913e+03 -3.381298736183395524e-03 -7.029018897507717176e-03
1.793526409065352709e+03 -3.387106345784247560e-03 -6.935042980146053498e-03
1.793542119252839484e+03 -3.392982966925250053e-03 -6.840889968653985319e-03
1.793573584699317962e+03 -3.401728247773197489e-03 -6.768283752702610248e-03
1.793589329298330995e+03 -3.406901757171841225e-03 -6.684824825359857517e-03
1.793605094703386612e+03 -3.408143352735050133e-03 -6.570227225605600706e-03
1.793620864382259015e+03 -3.412207934891118514e-03 -6.559042724682857296e-03
1.793652436139149813e+03 -3.414746264906368730e-03 -6.786165635150138466e-03
1.793668181866898067e+03 -3.414578409554007606e-03 -7.207216364854331439e-03
1.793683921918578562e+03 -3.415515656962255474e-03 -7.460793713466005311e-03
1.793715362319979704e+03 -3.414420456604799151e-03 -7.724244202028737391e-03
1.793731059046732071e+03 -3.414782941499217017e-03 -7.963736837716535802e-03
1.793746754098611063e+03 -3.415336712396096260e-03 -8.081992442532317730e-03
1.793762447974715769e+03 -3.414418071313403760e-03 -8.148227920806206531e-03
1.793793837289864086e+03 -3.409970213574260722e-03 -8.309213986816764777e-03
1.793809557071618428e+03 -3.408226643875929447e-03 -8.411664719186856889e-03
1.793825275260713624e+03 -3.402760159929883472e-03 -8.534623108755608548e-03
1.793841008833599062e+03 -3.399758910885991321e-03 -8.682890703702853333e-03
1.793872535482305693e+03 -3.390289362843749293e-03 -8.993745235160541251e-03
1.793888328358166518e+03 -3.384192280737244492e-03 -9.124742373742028567e-03
1.793904117786560164e+03 -3.378497823467377457e-03 -9.326615443450723963e-03
1.793935610358656959e+03 -3.368336705409262239e-03 -9.651106523849865837e-03
1.793951336528161619e+03 -3.362249196187895237e-03 -9.754099714189872622e-03
1.793967046973270044e+03 -3.355878058029201742e-03 -9.837588381083665900e-03
1.793982740698952284e+03 -3.350153610002422084e-03 -9.894622608144075515e-03
1.794014128404415032e+03 -3.340695508427853067e-03 -9.907102597526555240e-03
1.794029822714195916e+03 -3.335046269942986297e-03 -9.876971012756270013e-03
1.794045525289952593e+03 -3.328314124410710218e-03 -9.841299310091660216e-03
1.794061245661100884e+03 -3.323577329184826835e-03 -9.774926209864748597e-03
1.794092720272700944e+03 -3.308786073930779226e-03 -9.632458546103374319e-03
1.794108458824230183e+03 -3.303795144605123444e-03 -9.546567769724552052e-03
1.794124184275778816e+03 -3.299198479072579498e-03 -9.454479510398664313e-03
1.794155717388234279e+03 -3.291587666635407364e-03 -9.248818725607156621e-03
1.794171455918248057e+03 -3.290311775453814633e-03 -9.138554727653874776e-03
1.794187119551121896e+03 -3.287163904802637392e-03 -9.018895528155627603e-03
1.794202765766608536e+03 -3.282899245192151452e-03 -8.902939357216267321e-03
1.794233993807952629e+03 -3.282144383770638392e-03 -8.674876279489327283e-03
1.794249643094442945e+03 -3.280994499800222227e-03 -8.560085605598193384e-03
1.794265314373365527e+03 -3.281886746484377268e-03 -8.447027329770359638e-03
1.794280999787501287e+03 -3.284300291493961760e-03 -8.331260497806129706e-03
1.794312429975570694e+03 -3.289832855563247765e-03 -8.120900915857745886e-03
1.794328182108049532e+03 -3.291978350877471701e-03 -8.022161539518454093e-03
1.794343949312609766e+03 -3.295196392605893344e-03 -7.932324732014378946e-03
1.794375493048052476e+03 -3.308539463041479823e-03 -7.799746774736671280e-03
1.794391201332694664e+03 -3.315031955442936107e-03 -7.719228747248522461e-03
1.794406906639190083e+03 -3.323177794795034983e-03 -7.637934435845530542e-03
1.794422593457550420e+03 -3.332292179034370815e-03 -7.563523179096308044e-03
1.794453952450592169e+03 -3.346775092422686441e-03 -7.392155626969789534e-03
1.794469646049976063e+03 -3.355080862050575756e-03 -7.298267170712728451e-03
1.794485345340235199e+03 -3.361185856224586498e-03 -7.203814595933880592e-03
1.794501053459441891e+03 -3.367102291758420664e-03 -7.105184691687218418e-03
1.794532471777556339e+03 -3.382424227109397889e-03 -6.915968618704247325e-03
1.794548191797809977e+03 -3.388412100762774361e-03 -6.821052021655194322e-03
1.794563929053237416e+03 -3.392454513743535169e-03 -6.766006017118446174e-03
1.794595416177952529e+03 -3.399997113870021140e-03 -6.652684417882535721e-03
1.794611179866658404e+03 -3.403925920593279478e-03 -6.563222268115898039e-03
1.794626968162188859e+03 -3.407087156589899950e-03 -6.575747019720743977e-03
1.794642744126119169e+03 -3.407465571708910828e-03 -6.653724459542578219e-03
1.794674259450674526e+03 -3.408925625550721181e-03 -7.351726405225835793e-03
1.794689999443641909e+03 -3.410043522004071667e-03 -7.445647825549042871e-03
1.794705718875288085e+03 -3.408844511935102232e-03 -7.517215725135142738e-03
1.794721422289164366e+03 -3.409270754247255633e-03 -7.805982463039413607e-03
1.794752810664885146e+03 -3.407008504913620461e-03 -8.101830686932562017e-03
1.794768503559523197e+03 -3.405581435379014931e-03 -8.173219690410186283e-03
1.794784196730579652e+03 -3.404678879104722136e-03 -8.250405164821440068e-03
1.794815628840127374e+03 -3.399015815467964878e-03 -8.449365924278442325e-03
1.794831344291841788e+03 -3.396624011572298239e-03 -8.582759828956483886e-03
1.794847092011950508e+03 -3.392741802544270522e-03 -8.740797622230830899e-03
1.794862850166218777e+03 -3.387230858385096698e-03 -8.917912117494901023e-03
1.794894424297692467e+03 -3.377888724846612751e-03 -9.191838009335194862e-03
1.794910196531304791e+03 -3.372891487869894480e-03 -9.403709452991395809e-03
1.794925945707434948e+03 -3.365655699158026128e-03 -9.583015029060943171e-03
1.794941686321834368e+03 -3.361624598470727959e-03 -9.702118609858974979e-03
1.794973107080398904e+03 -3.349904390029973932e-03 -9.875337514663497240e-03
1.794988798415475458e+03 -3.343956572810810862e-03 -9.920767178720880583e-03
1.795004491452533330e+03 -3.337560128932843834e-03 -9.933148480516296175e-03
1.795020183667060110e+03 -3.331382939959094420e-03 -9.911491097955934734e-03
1.795051589941562497e+03 -3.321037800563193202e-03 -9.835028584728445350e-03
1.795067315115568135e+03 -3.313209407761029922e-03 -9.767009388748889090e-03
1.795083044701628069e+03 -3.307890648929766655e-03 -9.697671908502953145e-03
1.795114529451716635e+03 -3.295423064348427643e-03 -9.529660253316800389e-03
1.795130279690008592e+03 -3.291624026227625479e-03 -9.435557501651906445e-03
1.795146035584376023e+03 -3.288853162134306417e-03 -9.334498729185996407e-03
1.795161807461149692e+03 -3.285914408593245198e-03 -9.225572117042802125e-03
1.795193179191361423e+03 -3.282174497094523212e-03 -8.991880700998761480e-03
1.795208811464325663e+03 -3.278765746749822893e-03 -8.878632840555714459e-03
1.795224418380008501e+03 -3.277622029421626160e-03 -8.763864001567697043e-03
1.795240043802720947e+03 -3.276305625619142185e-03 -8.650525699495608192e-03
1.795271375992605726e+03 -3.276704469631895079e-03 -8.420109143777347940e-03
1.795287067703194225e+03 -3.276815392198271885e-03 -8.306011696973010852e-03
1.795302780397674269e+03 -3.278504235872409939e-03 -8.199977457034691997e-03
1.795334281651028277e+03 -3.287170189685930007e-03 -8.002543037198004208e-03
1.795350058250059647e+03 -3.292428076645932677e-03 -7.915825690705150658e-03
1.795365822249488929e+03 -3.296379092879433200e-03 -7.851975295816803965e-03
1.795381574166306336e+03 -3.305151149301137087e-03 -7.785731601720276632e-03
1.795412967894133544e+03 -3.318748504904814409e-03 -7.622385871570123116e-03
1.795428662154334916e+03 -3.326575420749942284e-03 -7.547384157329441005e-03
1.795444336329220278e+03 -3.334789864319741975e-03 -7.464504195016639400e-03
1.795460023838064672e+03 -3.344612560679855254e-03 -7.371143711537539098e-03
1.795491420990553479e+03 -3.357335024022083288e-03 -7.181336557690848332e-03
1.795507128831427735e+03 -3.364252200999126065e-03 -7.083070185791589916e-03
1.795522836593602051e+03 -3.370160657751124483e-03 -6.988379634245241688e-03
1.795554274701917848e+03 -3.381318246147274349e-03 -6.801269900170455081e-03
1.795570012804599628e+03 -3.386964892753259026e-03 -6.773952245247895528e-03
1.795585751830052004e+03 -3.392009606711903456e-03 -6.753049445674134434e-03
1.795601512664866277e+03 -3.395281916006717519e-03 -6.620978863166127569e-03
1.795633069455608393e+03 -3.399654848696199907e-03 -6.594964846101703491e-03
1.795648855844093760e+03 -3.402077306476777429e-03 -6.697360577107597246e-03
1.795664601831843811e+03 -3.401155786248871021e-03 -6.995801039464888231e-03
1.795680345977942125e+03 -3.401864243058451507e-03 -7.454545089815133550e-03
1.795711795009982097e+03 -3.403340725123118159e-03 -7.596025551692756755e-03
1.795727494401360900e+03 -3.404151065708449758e-03 -7.876517516029944016e-03
1.795743191017720392e+03 -3.403249287514156698e-03 -8.038632804538805784e-03
1.795774573231138220e+03 -3.400045444985242641e-03 -8.194820395901547885e-03
1.795790267368834975e+03 -3.398120629946704743e-03 -8.274129230115275652e-03
1.795805983986561159e+03 -3.395380064190338734e-03 -8.366645679260759430e-03
1.795821707352869453e+03 -3.392739708367018773e-03 -8.491611048567956552e-03
1.795853186286152777e+03 -3.384050571460450567e-03 -8.799174001044183721e-03
1.795868947298732110e+03 -3.380415891206656979e-03 -8.973460800361864401e-03
1.795884742613044637e+03 -3.375008212621805666e-03 -9.086292884659945279e-03
1.795900535595724932e+03 -3.371176007233044926e-03 -9.258907276934741012e-03
1.795932032936936366e+03 -3.358805753846266524e-03 -9.635221113427043169e-03
1.795947765940604313e+03 -3.353297108579951329e-03 -9.741333176453665504e-03
1.795963481588422610e+03 -3.347352992320656254e-03 -9.828555693851256936e-03
1.795994870715371235e+03 -3.337683889130466010e-03 -9.932924916658364758e-03
1.796010565498200549e+03 -3.331552906959383241e-03 -9.934908663397787332e-03
1.796026255908626354e+03 -3.325603080446139226e-03 -9.905467386164696839e-03
1.796041952035523536e+03 -3.319821282318397970e-03 -9.876610303182880787e-03
1.796073394351353500e+03 -3.306392182049362142e-03 -9.749047913893580872e-03
1.796089137137758826e+03 -3.301031401601627665e-03 -9.677774639852549515e-03
1.796104889203428456e+03 -3.292720541229727984e-03 -9.595007985967182046e-03
1.796120615594249557e+03 -3.289115316595842865e-03 -9.505064848861273508e-03
1.796152146613411560e+03 -3.282832501772288934e-03 -9.304032569230491143e-03
1.796167904679661888e+03 -3.279263148923358163e-03 -9.195895124210935745e-03
1.796183581072782090e+03 -3.276903469076022229e-03 -9.079702293812847574e-03
1.796214858446994413e+03 -3.272376519092110025e-03 -8.848100135204798114e-03
1.796230469010037950e+03 -3.271670972610155569e-03 -8.731529374863405968e-03
1.796246108617206573e+03 -3.271148706664060365e-03 -8.617480056912197456e-03
1.796261773810192608e+03 -3.270853715105930416e-03 -8.503613975333583139e-03
1.796293151177794243e+03 -3.272103200781778520e-03 -8.275819118865877441e-03
1.796308872084691984e+03 -3.275191510239654127e-03 -8.172491433614021902e-03
1.796324625631953722e+03 -3.277447585967102270e-03 -8.071840413731663777e-03
1.796340390677943788e+03 -3.280521942504998744e-03 -7.978740659945918884e-03
1.796371933101195964e+03 -3.293219345813074798e-03 -7.836208482084043581e-03
1.796387658137095286e+03 -3.298664524205708985e-03 -7.765170298784554448e-03
1.796403371487885124e+03 -3.306696921658440567e-03 -7.679404362605038795e-03
1.796434734857778949e+03 -3.323022163892037223e-03 -7.527079142385905905e-03
1.796450408023753653e+03 -3.332542379290738977e-03 -7.440464295933023678e-03
1.796466100602053530e+03 -3.338758102355665874e-03 -7.347150666062307947e-03
1.796481797571373818e+03 -3.345389748132009296e-03 -7.251835903805775758e-03
1.796513213785095331e+03 -3.361018124687204043e-03 -7.056737509933721543e-03
1.796528925387458457e+03 -3.367834840337561794e-03 -6.962534951285888861e-03
1.796544639010145602e+03 -3.373271890556675881e-03 -6.867481506348021604e-03
1.796560372105453553e+03 -3.379303332860053057e-03 -6.782895379666219193e-03
1.796591855464241462e+03 -3.385977458365733040e-03 -6.721288391708597591e-03
1.796607620887185476e+03 -3.389630838137965094e-03 -6.592911375096363602e-03
1.796623401187032186e+03 -3.392537654517912248e-03 -6.566212741740747906e-03
1.796654960644394123e+03 -3.394150571883554693e-03 -6.753724322811800740e-03
1.796670705038864980e+03 -3.397396557738823451e-03 -7.140401933658690505e-03
1.796686444286323194e+03 -3.396735375713057573e-03 -7.489613002755385329e-03
1.796702166272232716e+03 -3.396859706775657000e-03 -7.437733430970830395e-03
1.796733571821437408e+03 -3.395850211931892345e-03 -7.930358122259164796e-03
1.796749267556204131e+03 -3.396043823376183705e-03 -8.059241995039406747e-03
1.796764961356276444e+03 -3.396056726621452838e-03 -8.137091017686547481e-03
1.796780654093261091e+03 -3.395201973883368515e-03 -8.214726939094385907e-03
1.796812077701003318e+03 -3.391314696632406582e-03 -8.395187005609833913e-03
1.796827793051746085e+03 -3.386076917390924961e-03 -8.526760974819231828e-03
1.796843532953914064e+03 -3.382281775537801950e-03 -8.678372105465339756e-03
1.796875071282411000e+03 -3.373792026530388587e-03 -9.015850208301057558e-03
1.796890856736343721e+03 -3.367915311290587462e-03 -9.127676564491154707e-03
1.796906641377707274e+03 -3.362084787411892626e-03 -9.324891799052156122e-03
1.796922389985521477e+03 -3.358574249097148745e-03 -9.533574693557212917e-03
1.796953855593450498e+03 -3.346170294908668106e-03 -9.773493468029846934e-03
1.796969560918326579e+03 -3.340965278550460035e-03 -9.855925015961301480e-03
1.796985253524032714e+03 -3.334677258542503245e-03 -9.919752645737868121e-03
1.797000947511960021e+03 -3.329066889925307807e-03 -9.943838524989865799e-03
1.797032334725356350e+03 -3.319238920043972828e-03 -9.905269079669314081e-03
1.797048040592614825e+03 -3.313483048662458925e-03 -9.867509619936647158e-03
1.797063765479334961e+03 -3.306699792024281413e-03 -9.802772207182015862e-03
1.797095241203661544e+03 -3.293157354936047249e-03 -9.661255872412352966e-03
1.797110983724776816e+03 -3.288143916769884715e-03 -9.575115736047112511e-03
1.797126730131567228e+03 -3.284461282284731852e-03 -9.483953514730547943e-03
1.797142485408811353e+03 -3.278743876730720336e-03 -9.385693432204994524e-03
1.797173998054176081e+03 -3.274446495499050078e-03 -9.169697961517784754e-03
1.797189666771869724e+03 -3.270910391148734633e-03 -9.049057844446742674e-03
1.797205310325233995e+03 -3.267871176751475752e-03 -8.933237041789859889e-03
1.797220915742162333e+03 -3.266984845711167016e-03 -8.818883565412069178e-03
1.797252183784685258e+03 -3.264577878599503758e-03 -8.588625265535889189e-03
1.797267855610403558e+03 -3.264359267488955562e-03 -8.474348390889854810e-03
1.797283543726543485e+03 -3.265385017073763399e-03 -8.358459671218480477e-03
1.797314984443808953e+03 -3.272154024162543702e-03 -8.146822119982730093e-03
1.797330742041782514e+03 -3.273963646329112152e-03 -8.048723718396112378e-03
1.797346515522000345e+03 -3.278046315067124905e-03 -7.957440484761416424e-03
1.797362289315531598e+03 -3.282579145346627408e-03 -7.882386990414958286e-03
1.797393758492597499e+03 -3.297000851456847320e-03 -7.744415972235087729e-03
1.797409454379146837e+03 -3.305650061493737874e-03 -7.661267987835447373e-03
1.797425145153466929e+03 -3.311719817210529142e-03 -7.585330042963248781e-03
1.797440819725842857e+03 -3.320846725810303480e-03 -7.507759080511846456e-03
1.797472190271599402e+03 -3.335513180535763875e-03 -7.324795988938198089e-03
1.797487889269891184e+03 -3.342424765867647168e-03 -7.230066975252786785e-03
1.797503597771368504e+03 -3.348221290768890485e-03 -7.130082708429165417e-03
1.797535018369615955e+03 -3.361456193816842429e-03 -6.940096069017568335e-03
1.797550741917032155e+03 -3.368500827089268134e-03 -6.843964730551523913e-03
1.797566480303881690e+03 -3.372531194045939266e-03 -6.776861780405963286e-03
1.797582214135308277e+03 -3.377824289674685471e-03 -6.786873180305072646e-03
1.797613739969718381e+03 -3.384587920384359103e-03 -6.577800368758571388e-03
1.797629530858203680e+03 -3.388269902028891428e-03 -6.577491414933354583e-03
1.797645309476306920e+03 -3.389736505497961596e-03 -6.642590398417315065e-03
1.797661067440204306e+03 -3.391252942252753668e-03 -6.830535568990726489e-03
1.797692549129779763e+03 -3.392170445587132203e-03 -7.471459795093034553e-03
1.797708269640840399e+03 -3.392733580924228200e-03 -7.480347012020129721e-03
1.797723970946596864e+03 -3.392400805030316123e-03 -7.762503479407090005e-03
1.797755357132870358e+03 -3.390827045344600374e-03 -8.077321056938027363e-03
1.797771049288316817e+03 -3.389046587933965994e-03 -8.158054413614690761e-03
1.797786742801801438e+03 -3.387579013637277876e-03 -8.236399752235645452e-03
1.797802454282428698e+03 -3.386396206977840967e-03 -8.318830466842196125e-03
1.797833900551575880e+03 -3.380492867775679137e-03 -8.563528576656456032e-03
1.797849649128776491e+03 -3.377828927101684739e-03 -8.723816444953997815e-03
1.797865407162707697e+03 -3.371069251683584973e-03 -8.904284025619227383e-03
1.797881200751742881e+03 -3.367533590823640691e-03 -9.048967711010470760e-03
1.797912751342601268e+03 -3.356984539892858641e-03 -9.393136216260703636e-03
1.797928498928871022e+03 -3.350250423310439582e-03 -9.587457881003349017e-03
1.797944237370065821e+03 -3.346035303045611416e-03 -9.716150383344052469e-03
1.797975655606446708e+03 -3.335521615528930488e-03 -9.883085174388347299e-03
1.797991346830408702e+03 -3.329620710001071106e-03 -9.936275930198702408e-03
1.798007038063423352e+03 -3.323614355806654447e-03 -9.950737081516589783e-03
1.798022729391969506e+03 -3.317517039791958652e-03 -9.930186987836289031e-03
1.798054139662172474e+03 -3.305939771650389779e-03 -9.856350571918208806e-03
1.798069865710710246e+03 -3.299697163403722284e-03 -9.789318918210223111e-03
1.798085595997386690e+03 -3.293947826392295934e-03 -9.721997019158334224e-03
1.798101351442458053e+03 -3.287730149296741195e-03 -9.643347112995191359e-03
1.798132852027112222e+03 -3.275982506767962429e-03 -9.461448564980429535e-03
1.798148614825987352e+03 -3.274415558456012908e-03 -9.359951157747611883e-03
1.798164387463567891e+03 -3.270747037810971865e-03 -9.252241920244413248e-03
1.798180088945654461e+03 -3.268176242216687052e-03 -9.139717403401480950e-03
1.798211383103072421e+03 -3.263865409520468660e-03 -8.904514842528682764e-03
1.798226989845738899e+03 -3.262906923604245481e-03 -8.788657597997309723e-03
1.798242620965381548e+03 -3.261307784188361130e-03 -8.673887996618730167e-03
1.798273951584410042e+03 -3.260758650298027118e-03 -8.442363369276976656e-03
1.798289644471570682e+03 -3.261303568356449262e-03 -8.327853043382026782e-03
1.798305359876478860e+03 -3.262539112940254435e-03 -8.222587219810740741e-03
1.798321110871588644e+03 -3.264640855120830559e-03 -8.120154321241414633e-03
1.798352659659483152e+03 -3.274869145788114350e-03 -7.935946653658751404e-03
1.798368415138416140e+03 -3.279741911195138519e-03 -7.867551804565241225e-03
1.798384159005233414e+03 -3.286482857841528573e-03 -7.806604200283598707e-03
1.798415552315838340e+03 -3.299864543926425177e-03 -7.642241635352544152e-03
1.798431241236809683e+03 -3.308954033703101309e-03 -7.566336393400570695e-03
1.798446911882258973e+03 -3.317065543819150419e-03 -7.485601433544241019e-03
1.798462600257626946e+03 -3.325308725875209676e-03 -7.393857682632880117e-03
1.798493998027692669e+03 -3.340275295794507566e-03 -7.202990635545616395e-03
1.798509708620280435e+03 -3.346781948657417440e-03 -7.104440918939147927e-03
1.798525416359500696e+03 -3.353218760744977253e-03 -7.009901344785355454e-03
1.798541127685205765e+03 -3.359268249623677954e-03 -6.914843795524288315e-03
1.798572596218968556e+03 -3.369305678586496412e-03 -6.780292459400054719e-03
1.798588340172834478e+03 -3.374884886602739012e-03 -6.776742862390974266e-03
1.798604105308236512e+03 -3.376332791071821014e-03 -6.647175435154045568e-03
1.798635661782973557e+03 -3.382606016231212796e-03 -6.593302708289432851e-03
1.798651446056067698e+03 -3.385099130189700520e-03 -6.678004697663252227e-03
1.798667190984876697e+03 -3.384407448103007258e-03 -6.933929141217908161e-03
1.798682932153088359e+03 -3.386081941238635630e-03 -7.437038409609123511e-03
1.798714374534663193e+03 -3.386066657833733742e-03 -7.550340778835457067e-03
1.798730071708460173e+03 -3.387377035544043846e-03 -7.835210912679906048e-03
1.798745766849767278e+03 -3.388004949358053124e-03 -8.007539381729935138e-03
1.798761462835060229e+03 -3.387087925362857951e-03 -8.097844186441899988e-03
1.798792849412924852e+03 -3.383630732892043379e-03 -8.258191640183482410e-03
1.798808568999746740e+03 -3.381678955790570328e-03 -8.342282805097718870e-03
1.798824288410007284e+03 -3.377405064583441450e-03 -8.454849712887287788e-03
1.798840019430451775e+03 -3.374950856683280129e-03 -8.603974256811265306e-03
1.798871541870818191e+03 -3.366061942989874607e-03 -8.957325599395651525e-03
1.798887336396865294e+03 -3.360221922986431249e-03 -9.082298101936607526e-03
1.798903127001676012e+03 -3.355448812633974893e-03 -9.233072550743466611e-03
1.798934619749379635e+03 -3.345179063585095730e-03 -9.638376281738117793e-03
1.798950347555388362e+03 -3.339399877686958108e-03 -9.752635603468973527e-03
1.798966059705068801e+03 -3.333119260580819348e-03 -9.834381292505352951e-03
1.798981753748430265e+03 -3.328052054908858023e-03 -9.910111769366855908e-03
1.799013140824637048e+03 -3.318793919642170579e-03 -9.956259046398281340e-03
1.799028835776608730e+03 -3.312957802249061508e-03 -9.931185531437913133e-03
1.799044534406823004e+03 -3.306676925809108776e-03 -9.903883122205308850e-03
1.799060255101665007e+03 -3.301823544112380323e-03 -9.844867921877662950e-03
1.799091720844505971e+03 -3.287049069953947369e-03 -9.708793736633265087e-03
1.799107473782619309e+03 -3.280702990603266006e-03 -9.626224359328501914e-03
1.799123216061096855e+03 -3.275607786178537460e-03 -9.536564669077107065e-03
1.799154759169898853e+03 -3.266829527926218973e-03 -9.334341601512644720e-03
1.799170516120788534e+03 -3.265998707775221235e-03 -9.226102012159740143e-03
1.799186190816463522e+03 -3.263052491036087886e-03 -9.108701202193269370e-03
1.799201847256470955e+03 -3.257736840399747848e-03 -8.989692308637364446e-03
1.799233073538038752e+03 -3.256834799655450047e-03 -8.758858657080568350e-03
1.799248714240659638e+03 -3.255366416903541626e-03 -8.642814073661174781e-03
1.799264380083184960e+03 -3.255620471804609138e-03 -8.528620997654742450e-03
1.799280063543105143e+03 -3.256897366826993611e-03 -8.411018195711878268e-03
1.799311489063185945e+03 -3.260533138443224253e-03 -8.195830483065253899e-03
1.799327248555400047e+03 -3.262325343059874726e-03 -8.095201912039121095e-03
1.799343020672739158e+03 -3.264480749350354930e-03 -8.001807890437565365e-03
1.799374562791614608e+03 -3.276682048949900502e-03 -7.853859429494562672e-03
1.799390276744795756e+03 -3.282384925166291403e-03 -7.786905390512788988e-03
1.799405986336207434e+03 -3.290006494354646895e-03 -7.701333034619969528e-03
1.799421668583831206e+03 -3.299248061365183619e-03 -7.623140146176274681e-03
1.799453018408387379e+03 -3.313630738277842207e-03 -7.462843708432601031e-03
1.799468708478255394e+03 -3.321563973678504610e-03 -7.370015065567010748e-03
1.799484404976186397e+03 -3.327802212222992148e-03 -7.276366279404622960e-03
1.799500112268599878e+03 -3.334448888291590730e-03 -7.176755902280248720e-03
1.799531534310885490e+03 -3.350668068179282321e-03 -6.985527494990121863e-03
1.799547255453961952e+03 -3.356657281856530606e-03 -6.890597343098561756e-03
1.799562991449050287e+03 -3.361648172625895416e-03 -6.800914200033298870e-03
1.799594481109860908e+03 -3.369039612136160225e-03 -6.751851112321003746e-03
1.799610246030115604e+03 -3.373845436685244704e-03 -6.615996046525071846e-03
1.799626034051562556e+03 -3.377088065374744992e-03 -6.573141829039823129e-03
1.799641807434468546e+03 -3.378093010460066388e-03 -6.613196025913568171e-03
1.799673323537838769e+03 -3.381344640466206648e-03 -7.068874103209336207e-03
1.799689064227021390e+03 -3.381843187644487884e-03 -7.505319358534692266e-03
1.799704782460421939e+03 -3.381333687449785720e-03 -7.428410304464632199e-03
1.799720487939846407e+03 -3.382104395507200701e-03 -7.633849044535111553e-03
1.799751877592120081e+03 -3.380886087987885254e-03 -8.032329737276617740e-03
1.799767571432866589e+03 -3.380150169725370645e-03 -8.117288008689780079e-03
1.799783264686829625e+03 -3.379969020263873074e-03 -8.200765311539274030e-03
1.799814695627836272e+03 -3.375192752436308955e-03 -8.364644603787201732e-03
1.799830409471718895e+03 -3.372632303109719589e-03 -8.487205986197676744e-03
1.799846155772569091e+03 -3.368694140987975403e-03 -8.645497949137975063e-03
1.799861913966769634e+03 -3.364348014450157728e-03 -8.821689133784383491e-03
1.799893484925553366e+03 -3.355087685186988831e-03 -9.116456215225304804e-03
1.799909260739122374e+03 -3.350318185401479458e-03 -9.297935558395826333e-03
1.799925009640116059e+03 -3.344021717939320813e-03 -9.527726331141206720e-03
1.799940751126729765e+03 -3.339932182365088192e-03 -9.684718167610155068e-03
1.799972172627538839e+03 -3.328623337464380830e-03 -9.865489579629909897e-03
1.799987864416196089e+03 -3.322675468214689003e-03 -9.934628108982278966e-03
