4.000020549151972205e+02 -3.945842104782745600e-03 -9.589494356512268114e-03
4.000333924804887147e+02 -3.960927309803945022e-03 -9.364384395303539804e-03
4.000490921509008331e+02 -3.972287337973832641e-03 -9.292244708189342089e-03
4.000648319382877389e+02 -3.983593567319063805e-03 -9.225133314371455895e-03
4.000806052221700497e+02 -3.993017114530632988e-03 -9.129714401247653738e-03
4.001121680228549167e+02 -4.015519837678240521e-03 -8.957364202838637157e-03
4.001279254889369099e+02 -4.028125436919957267e-03 -8.858818041104691773e-03
4.001436576734121786e+02 -4.038734023764107423e-03 -8.749930670952846615e-03
4.001751031306303048e+02 -4.057526152804324417e-03 -8.520435393231461096e-03
4.001908174012290260e+02 -4.068115445405797934e-03 -8.404501500596380306e-03
4.002065224054578607e+02 -4.074554491742573073e-03 -8.291437376143087623e-03
4.002222202345918163e+02 -4.081880612973298392e-03 -8.183637265353368301e-03
4.002536214306828697e+02 -4.091786065103750550e-03 -7.992562505515497448e-03
4.002693228794763627e+02 -4.096225491175532751e-03 -7.960622310419485786e-03
4.002850246647163317e+02 -4.101425872973811851e-03 -7.935221911479002632e-03
4.003007403464225149e+02 -4.106876069928200139e-03 -7.890705524645593924e-03
4.003321912838323442e+02 -4.110722726453803176e-03 -8.212298661702682051e-03
4.003479431238640700e+02 -4.112584193976565571e-03 -8.514999254124019229e-03
4.003636990528725619e+02 -4.109937130643908157e-03 -8.968186050211372773e-03
4.003952748285279313e+02 -4.107667735563013019e-03 -9.239737461594338744e-03
4.004110433123717598e+02 -4.105394882350657873e-03 -9.607575915034805014e-03
4.004267929583844534e+02 -4.099628371693924030e-03 -9.663146741749220267e-03
4.004425325202285535e+02 -4.098290696885093128e-03 -9.735736768861528306e-03
4.004739541353861227e+02 -4.090574387798550683e-03 -9.988932404419373703e-03
4.004896440165466061e+02 -4.086218308653684177e-03 -1.009888113029415967e-02
4.005053351593567754e+02 -4.080700007969222110e-03 -1.024272266295117931e-02
4.005210254118281910e+02 -4.075134722529751528e-03 -1.041108251469904412e-02
4.005524261947804234e+02 -4.065009911445165505e-03 -1.076882318619292594e-02
4.005681519477972188e+02 -4.057593714447428265e-03 -1.095145877147031370e-02
4.005838744826619404e+02 -4.051710074981476790e-03 -1.111417851697973219e-02
4.006153851575192562e+02 -4.035357601283593929e-03 -1.144731227718685102e-02
4.006311805879001327e+02 -4.028658290485961739e-03 -1.158253035495044117e-02
4.006469699111621594e+02 -4.020301770208307285e-03 -1.167906467046363195e-02
4.006627291820976211e+02 -4.011767271287503163e-03 -1.174396328830156454e-02
4.006942152447941226e+02 -3.994705589135739629e-03 -1.178194995815208014e-02
4.007099343657120016e+02 -3.987955434277220580e-03 -1.175753811748832429e-02
4.007256375874374044e+02 -3.979496530918689122e-03 -1.170660592925498213e-02
4.007413320150180880e+02 -3.971375549320338427e-03 -1.162700154338490270e-02
4.007727351482038785e+02 -3.956204324283755722e-03 -1.143692111495703094e-02
4.007884536448155472e+02 -3.949275898171112492e-03 -1.131367156135989170e-02
4.008041614245649953e+02 -3.944679666712414857e-03 -1.118846831204478240e-02
4.008354627218338919e+02 -3.936427603017287301e-03 -1.092451481644392611e-02
4.008511206764867438e+02 -3.936796254077069498e-03 -1.079347895847688858e-02
4.008668410416453867e+02 -3.931193548955849888e-03 -1.066075986889418632e-02
4.008826118457268990e+02 -3.930492813072454690e-03 -1.053159814808425979e-02
4.009140310939036453e+02 -3.925492293621646138e-03 -1.027333515773794573e-02
4.009296778568448190e+02 -3.928067596386631416e-03 -1.014592899092768910e-02
4.009453263196909916e+02 -3.932881360824899523e-03 -1.002557989154838521e-02
4.009609491385521665e+02 -3.934667835944168253e-03 -9.904562210943490541e-03
4.009922305892429222e+02 -3.942158650199630542e-03 -9.669319877976553443e-03
4.010078901128102871e+02 -3.948296037378714284e-03 -9.549905027597813817e-03
4.010235540411480315e+02 -3.956038717382806200e-03 -9.432883280661786760e-03
4.010549456609362551e+02 -3.972496445061876949e-03 -9.270695507772166999e-03
4.010707014386881610e+02 -3.982503373176949496e-03 -9.192990234778066622e-03
4.010864855891981051e+02 -3.998032349004784596e-03 -9.097872792100135386e-03
4.011022831654009906e+02 -4.008517996856165826e-03 -9.012624323949882874e-03
4.011337763289535587e+02 -4.031249509223736732e-03 -8.822295670532730866e-03
4.011495173862117554e+02 -4.042711714821841523e-03 -8.711537526211645538e-03
4.011652253056613517e+02 -4.050758357103285100e-03 -8.596730426505069453e-03
4.011809510001672834e+02 -4.061765453195130895e-03 -8.480247757947515300e-03
4.012123635376446487e+02 -4.077486485940153525e-03 -8.253206313412633430e-03
4.012280619643756836e+02 -4.085023391960976823e-03 -8.148096028302227387e-03
4.012437653911617872e+02 -4.090751594593266226e-03 -8.049526140559599974e-03
4.012751649876369697e+02 -4.099904052445553677e-03 -7.956172021385647664e-03
4.012908677850796266e+02 -4.103721843004380990e-03 -7.901255070601739122e-03
4.013065922623487154e+02 -4.106643307770845366e-03 -7.903333057379540588e-03
4.013223182182759956e+02 -4.109042670405022545e-03 -8.074139930610338065e-03
4.013538060898383719e+02 -4.109500133273854931e-03 -8.643899814062735651e-03
4.013695663796769963e+02 -4.110179836994557259e-03 -9.002770715292872025e-03
4.013853596687155232e+02 -4.107972678890707205e-03 -9.009041711396031243e-03
4.014011521128549020e+02 -4.107300361243469526e-03 -9.346777077801189659e-03
4.014326492435984619e+02 -4.099659014838428518e-03 -9.668088477675966519e-03
4.014483807884148518e+02 -4.096292713660453291e-03 -9.766028788204480365e-03
4.014640967477550930e+02 -4.091808535650140292e-03 -9.901977786587298075e-03
4.014954845842554505e+02 -4.085747698162666385e-03 -1.012481670634233187e-02
4.015111784099162264e+02 -4.080812443936063759e-03 -1.027783333111616237e-02
4.015268673074677395e+02 -4.075193273878637175e-03 -1.044577431196293954e-02
4.015425596598741436e+02 -4.069800911526137710e-03 -1.062095090557451348e-02
4.015739991413196890e+02 -4.055609683594705098e-03 -1.098290581517071159e-02
4.015897303816641397e+02 -4.049740667167639301e-03 -1.114923570991296388e-02
4.016054905687259975e+02 -4.040249292993083885e-03 -1.132251957465217618e-02
4.016212568080293295e+02 -4.033958226198117343e-03 -1.147479521158419231e-02
4.016528421242081208e+02 -4.016921225639955191e-03 -1.168399081128006049e-02
4.016685930740189292e+02 -4.008198384818584259e-03 -1.174426522176127800e-02
4.016843348634388349e+02 -4.000280931495375780e-03 -1.176851815882009808e-02
4.017000630117360060e+02 -3.991848408445937760e-03 -1.176221399815897961e-02
4.017314747092535185e+02 -3.975675411753974361e-03 -1.167154110390798000e-02
4.017471719980057969e+02 -3.969311856756100633e-03 -1.158788340111350720e-02
4.017628701435843368e+02 -3.962675807515002487e-03 -1.150619475609170050e-02
4.017943026428777671e+02 -3.949667088377838489e-03 -1.126619785291413205e-02
4.018099973010075132e+02 -3.945210819340612060e-03 -1.113701682831437847e-02
4.018256434257122010e+02 -3.937598448610886773e-03 -1.100602974354503508e-02
4.018412853085778806e+02 -3.937704941297961655e-03 -1.087652164293079204e-02
4.018727021002452489e+02 -3.931759026304887904e-03 -1.061124363126784292e-02
4.018884744772422550e+02 -3.928464484607241056e-03 -1.048657125611051830e-02
4.019041878687685312e+02 -3.929841812858218993e-03 -1.035806386007477424e-02
4.019355071978002343e+02 -3.930048909635705523e-03 -1.010061385154162848e-02
4.019511385017814291e+02 -3.931235209629957428e-03 -9.980947494039387954e-03
4.019667613912336606e+02 -3.934642410513863701e-03 -9.860664834377566926e-03
4.019823997893960268e+02 -3.938203504393496084e-03 -9.742376544570358066e-03
4.020137204943432607e+02 -3.952180050996000407e-03 -9.505390683772041438e-03
4.020293893285886497e+02 -3.960195314535452059e-03 -9.389724124708440089e-03
4.020450792297114617e+02 -3.967929553129562366e-03 -9.302355826061125751e-03
4.020608019346520905e+02 -3.979046573779112736e-03 -9.242364247290926760e-03
4.020923621286266894e+02 -3.999358922738490384e-03 -9.062557528032188017e-03
4.021081432928331196e+02 -4.013618253084298357e-03 -8.978349099995714885e-03
4.021239000186808425e+02 -4.024122991633297813e-03 -8.886522806651232786e-03
4.021553599976789428e+02 -4.043783661967609647e-03 -8.667156233957425127e-03
4.021710766485623481e+02 -4.057544922437025803e-03 -8.552683606371565966e-03
4.021867953212311022e+02 -4.064613625400731976e-03 -8.436374302169362405e-03
4.022024972308541919e+02 -4.072815140539639417e-03 -8.323125819693329500e-03
4.022338989610586282e+02 -4.084189195832842352e-03 -8.111117713854785333e-03
4.022496019698252212e+02 -4.090382953702891011e-03 -8.013035344592711953e-03
4.022653049701564782e+02 -4.097490525143971350e-03 -7.948988949334752016e-03
4.022810055567322252e+02 -4.103175473589688003e-03 -7.942967984886724689e-03
4.023124433985705082e+02 -4.110731974500222985e-03 -7.930751380811609449e-03
4.023281628262904519e+02 -4.110490499798870323e-03 -8.121255810671577577e-03
4.023439090785967096e+02 -4.111552136722896114e-03 -8.327474678115606710e-03
4.023754475735455003e+02 -4.111206231702832330e-03 -8.991675575028657691e-03
4.023912297364100255e+02 -4.107740866276541301e-03 -9.058581870535853051e-03
4.024070135992679980e+02 -4.104922510434773006e-03 -9.452885958032005570e-03
4.024227633919325626e+02 -4.103687601096356677e-03 -9.648138930485666495e-03
4.024542285154070669e+02 -4.095397505468308455e-03 -9.798421057125765790e-03
4.024699340065445199e+02 -4.092114084504068668e-03 -9.927670671475164951e-03
4.024856261482939885e+02 -4.087234928757584214e-03 -1.002930108066375954e-02
4.025013187596556463e+02 -4.082619298259777992e-03 -1.015411969552293923e-02
4.025327018784249731e+02 -4.074256208575982065e-03 -1.048157882883030308e-02
4.025484045355569265e+02 -4.068952459885149739e-03 -1.066199835347620209e-02
4.025641292347719400e+02 -4.061698273977820337e-03 -1.084935593607663264e-02
4.025955904265058507e+02 -4.047374134239174748e-03 -1.118766968812329871e-02
4.026113515653943296e+02 -4.039933575118154381e-03 -1.135663076489938812e-02
4.026271394732228259e+02 -4.033220939051352857e-03 -1.150184626732128103e-02
4.026429230862459008e+02 -4.023704128512487453e-03 -1.161458644326270051e-02
4.026744483985559668e+02 -4.006548710047875064e-03 -1.174149651706120692e-02
4.026901911546972883e+02 -3.999236871783110742e-03 -1.175467884272412937e-02
4.027059127484135956e+02 -3.989993111207030402e-03 -1.174107800109496121e-02
4.027216158184961046e+02 -3.982780674787208749e-03 -1.170195399523748896e-02
4.027530077327302820e+02 -3.966021061415376386e-03 -1.155165157561774923e-02
4.027687101318049940e+02 -3.958668936397060842e-03 -1.146001296553083269e-02
4.027844316503947653e+02 -3.953087533209170487e-03 -1.133543401079864163e-02
4.028001474556689914e+02 -3.948426738641460168e-03 -1.121672388714625886e-02
4.028314617392646255e+02 -3.939528535592851620e-03 -1.095668635327971124e-02
4.028471111829496181e+02 -3.938777632215610669e-03 -1.082751096559124090e-02
4.028628194394668753e+02 -3.935170023940551785e-03 -1.069434424725813383e-02
4.028943219178711956e+02 -3.930414402713573556e-03 -1.043930223328890135e-02
4.029100261365867368e+02 -3.929978234010631823e-03 -1.030841426594671442e-02
4.029256817415716796e+02 -3.930782445592609538e-03 -1.017802687623569485e-02
4.029413314202662946e+02 -3.932381002165310016e-03 -1.005572673081175407e-02
4.029725765049017809e+02 -3.937772997791209872e-03 -9.815885234924477329e-03
4.029882212930344281e+02 -3.942830858628158623e-03 -9.699924692596419845e-03
4.030038813176109329e+02 -3.948415019284020819e-03 -9.578517192409197883e-03
4.030352203730488441e+02 -3.962113107884428567e-03 -9.351057147796186172e-03
4.030509221143740319e+02 -3.972575558118163555e-03 -9.276159650549672259e-03
4.030666624217346339e+02 -3.985533153611040859e-03 -9.210146361119391986e-03
4.030824414480608198e+02 -3.995054307398148222e-03 -9.116905590666664685e-03
4.031139963571112617e+02 -4.017255672485136112e-03 -8.944087793332323316e-03
4.031297498025402319e+02 -4.030275294436049156e-03 -8.845987885626349634e-03
4.031454832540800908e+02 -4.040939229043077376e-03 -8.737426720723962675e-03
4.031611969072846478e+02 -4.052149689616702834e-03 -8.623088660981185691e-03
4.031926349063422208e+02 -4.069917142512824611e-03 -8.393119617775989319e-03
4.032083403796453354e+02 -4.078640334811146385e-03 -8.280323861059231752e-03
4.032240387835142315e+02 -4.083984771942476659e-03 -8.173247448371978238e-03
4.032554390751732853e+02 -4.094549031112286637e-03 -7.980247948647736095e-03
4.032711394918117662e+02 -4.098782073565472757e-03 -7.941151217521025957e-03
4.032868416770489830e+02 -4.103301017132324376e-03 -7.911752421128631294e-03
4.033025604907535353e+02 -4.107824602972638336e-03 -7.851871305868356535e-03
4.033340162735904073e+02 -4.112883937374021623e-03 -8.167382826581168903e-03
4.033497679557981996e+02 -4.115088564089820246e-03 -8.416286617974723730e-03
4.033655244645611901e+02 -4.111784703103357926e-03 -8.889335797210238740e-03
4.033813174214694186e+02 -4.111448718081438247e-03 -8.968738861723548825e-03
4.034128670151273468e+02 -4.106580433529015070e-03 -9.547383172506734156e-03
4.034286153636548420e+02 -4.101682683763281830e-03 -9.645714025189638247e-03
4.034443531872106519e+02 -4.099912886732334089e-03 -9.698559417987273959e-03
4.034600719476397330e+02 -4.097490479145798198e-03 -9.833813139244501622e-03
4.034914633897498106e+02 -4.088604420681122772e-03 -1.005270534304095534e-02
4.035071533951808078e+02 -4.083500525454957647e-03 -1.019032206507552128e-02
4.035228429827364494e+02 -4.078020513445725949e-03 -1.035217882619329267e-02
4.035542472358055193e+02 -4.066778881477789258e-03 -1.070762041073059813e-02
4.035699733929887429e+02 -4.060599861145291166e-03 -1.088953822261764202e-02
4.035856973535402403e+02 -4.054500476235913496e-03 -1.105551658618613396e-02
4.036014490429895432e+02 -4.046996212507879970e-03 -1.122948889721573848e-02
4.036330080511718847e+02 -4.030482696272560603e-03 -1.153109743548371563e-02
4.036488006319422084e+02 -4.023227602591180826e-03 -1.162904107719701582e-02
4.036645538493326058e+02 -4.013250444963593205e-03 -1.169985724239139963e-02
4.036803000609405103e+02 -4.004533314073514816e-03 -1.173876933276658298e-02
4.037117536877257180e+02 -3.989634359823844047e-03 -1.172342855571630212e-02
4.037274532392185620e+02 -3.982611355505595932e-03 -1.167459187765849428e-02
4.037431516467733559e+02 -3.974278332116085860e-03 -1.159769932282724882e-02
4.037745534097593350e+02 -3.959435395822369537e-03 -1.141344123405617188e-02
4.037902742095884605e+02 -3.952661336363449789e-03 -1.129449172760184361e-02
4.038059848047336686e+02 -3.947364923749721762e-03 -1.116993268184554577e-02
4.038216435086418983e+02 -3.943184037463642183e-03 -1.104005616949806090e-02
4.038529469722081444e+02 -3.937368296235127692e-03 -1.078183663154138119e-02
4.038686690009355402e+02 -3.934667234562792132e-03 -1.064970121176388868e-02
4.038844425046793845e+02 -3.931037160098255039e-03 -1.052017200819550802e-02
4.039001692052448220e+02 -3.932124939590145654e-03 -1.039547352435564107e-02
4.039314988667732678e+02 -3.931753805282122739e-03 -1.013485373778566165e-02
4.039471429345310298e+02 -3.936321403393097142e-03 -1.001457926651182564e-02
4.039627638423320946e+02 -3.937396877383000579e-03 -9.893228151287306038e-03
4.039940487426777622e+02 -3.946810609498429406e-03 -9.656333205400165209e-03
4.040097126021601071e+02 -3.951848484992801121e-03 -9.537118948670864765e-03
4.040253760052718803e+02 -3.959338780111453480e-03 -9.419374949174871836e-03
4.040410553497385422e+02 -3.967254778650180710e-03 -9.318388094558977333e-03
4.040725275740870757e+02 -3.986222460725336557e-03 -9.177699889231175773e-03
4.040883144522440489e+02 -4.000722404340261752e-03 -9.083595419441883867e-03
4.041041081057844622e+02 -4.011506712135124060e-03 -8.997561070237972830e-03
4.041355933053080776e+02 -4.034182241492724127e-03 -8.808302705201137561e-03
4.041513315032531750e+02 -4.046070358502038521e-03 -8.697153637312026939e-03
4.041670422220581145e+02 -4.054179594988438495e-03 -8.582615696505061995e-03
4.041827645559743587e+02 -4.065471926474673210e-03 -8.466966589946134727e-03
4.042141745715715047e+02 -4.079574902270245371e-03 -8.241804095691977056e-03
4.042298731882606262e+02 -4.087188790227518249e-03 -8.136855667028505476e-03
4.042455748772750326e+02 -4.094006989588306125e-03 -8.038171108949943022e-03
4.042612800566052442e+02 -4.099461180220977455e-03 -7.956172963669374404e-03
4.042926818520787720e+02 -4.107695622446280899e-03 -7.872635012324918219e-03
4.043084080956928688e+02 -4.111174565028617202e-03 -7.858811761698341822e-03
4.043241319101222189e+02 -4.111881677968803016e-03 -8.024292741099472298e-03
4.043556274808963167e+02 -4.112778684452768861e-03 -8.532527289044321284e-03
4.043713908127209038e+02 -4.113463284118970900e-03 -8.951688132087045474e-03
4.043871827924738227e+02 -4.110738075423014254e-03 -8.964695695474794029e-03
4.044029735410240960e+02 -4.108955941910082989e-03 -9.255236123013257585e-03
4.044344673949468074e+02 -4.103207037067686802e-03 -9.647405859405353695e-03
4.044501954469435532e+02 -4.099557694524459846e-03 -9.728795660060697223e-03
4.044659088363035835e+02 -4.094781838841580861e-03 -9.865513020296914556e-03
4.044816031201519309e+02 -4.091422180942484894e-03 -9.971634820704082872e-03
4.045129882609605261e+02 -4.084648457976279047e-03 -1.022880160110771312e-02
4.045286808731667065e+02 -4.079224715770386755e-03 -1.038874168205175183e-02
4.045443756178475496e+02 -4.073255484534557894e-03 -1.056441304333674211e-02
4.045600945556741408e+02 -4.068642206708065513e-03 -1.075197385760254427e-02
4.045915493216180039e+02 -4.052788855609683674e-03 -1.109392567799271853e-02
4.046073098858078652e+02 -4.044895936408578023e-03 -1.126822288856394252e-02
4.046230830592591019e+02 -4.037198213176227193e-03 -1.142393729789854470e-02
4.046546623722908294e+02 -4.019207324954255679e-03 -1.163798350994749327e-02
4.046704119166830651e+02 -4.013229614579334574e-03 -1.170357228698546900e-02
4.046861536858133377e+02 -4.003925404329720071e-03 -1.172999353869766219e-02
4.047018787995093589e+02 -3.995403774989026748e-03 -1.172715821648831480e-02
4.047332864324351362e+02 -3.978771175908035404e-03 -1.164126212210194779e-02
4.047489838432188094e+02 -3.971950260498034735e-03 -1.156100764087336120e-02
4.047646817509330504e+02 -3.965966017511176125e-03 -1.148281950580939612e-02
4.047803995008709421e+02 -3.959721062857851984e-03 -1.136402684035179265e-02
4.048118144111084007e+02 -3.948926657620558875e-03 -1.112017311213515415e-02
4.048274563598826035e+02 -3.941660056652420210e-03 -1.099272742549411812e-02
4.048431003034786499e+02 -3.940787846653773414e-03 -1.086471455812356053e-02
4.048745283763444718e+02 -3.936428499878154123e-03 -1.060080444902136536e-02
4.048902963888716044e+02 -3.934505775553634802e-03 -1.047536204509216633e-02
4.049060102230218945e+02 -3.934242284641755599e-03 -1.034711797369211421e-02
4.049216791601127170e+02 -3.933397213658951577e-03 -1.021559953346164173e-02
4.049529515857039428e+02 -3.934921993649430176e-03 -9.970795196965786741e-03
4.049685717429201190e+02 -3.939032693442037596e-03 -9.849683597641243488e-03
4.049842119683176520e+02 -3.943035990141662353e-03 -9.732725814470407147e-03
4.050155369604579505e+02 -3.955103213788258541e-03 -9.494088182418938815e-03
4.050312059183343649e+02 -3.964229240552748397e-03 -9.377655969990187496e-03
4.050468982617804272e+02 -3.973286160137349914e-03 -9.289047006009269400e-03
4.050626232348934082e+02 -3.983964859573837884e-03 -9.227792030530474268e-03
4.050941879475888072e+02 -4.004526628330193870e-03 -9.049336215889358312e-03
4.051099603544290062e+02 -4.017401966906735539e-03 -8.964318245920754880e-03
4.051257179468370282e+02 -4.028534916959906724e-03 -8.872706707413514221e-03
4.051414427357557884e+02 -4.038701384457344008e-03 -8.767245471124949716e-03
4.051728885022708937e+02 -4.060737414073192428e-03 -8.539460085453341037e-03
4.051886061861769690e+02 -4.068638562289083639e-03 -8.424369182991938571e-03
4.052043065572568139e+02 -4.075664115184673975e-03 -8.311381175725484141e-03
4.052200071398592627e+02 -4.083536230002769024e-03 -8.201309178231469890e-03
4.052514090000018427e+02 -4.093716686543474696e-03 -8.003209115873025428e-03
4.052671118786275883e+02 -4.099453963425949560e-03 -7.940423990506300517e-03
4.052828132983287333e+02 -4.105819988244454287e-03 -7.926070727337058974e-03
4.053142558292163926e+02 -4.112422883395657099e-03 -7.884233644880840608e-03
4.053299748225990129e+02 -4.114327071182168755e-03 -8.075258447779842808e-03
4.053457254460721515e+02 -4.115265794958327360e-03 -8.274009366825665901e-03
4.053614825156959682e+02 -4.115345819901508953e-03 -8.666895655141167859e-03
4.053930502428946170e+02 -4.111865640138614129e-03 -8.995938104424431106e-03
4.054088276329775908e+02 -4.109863783774083019e-03 -9.363131834077732460e-03
4.054245776593207893e+02 -4.105947037214233847e-03 -9.627319757755660803e-03
4.054403195501561186e+02 -4.104015981428309201e-03 -9.655182364084581928e-03
4.054717428590073496e+02 -4.096187971907324851e-03 -9.888135898757999601e-03
4.054874343198698057e+02 -4.091570626690859032e-03 -9.989796267337093874e-03
4.055031263795695509e+02 -4.086428961931453351e-03 -1.010884530606499798e-02
4.055345095743435877e+02 -4.076936108444390375e-03 -1.042862608596088585e-02
4.055502151613607111e+02 -4.072777753639514157e-03 -1.060819529723262128e-02
4.055659406906543154e+02 -4.064393965551513221e-03 -1.079364345039072332e-02
4.055816582598359332e+02 -4.059041854305994214e-03 -1.096286677610795908e-02
4.056131673431037825e+02 -4.043065659078525463e-03 -1.130606888665972552e-02
4.056289595863337354e+02 -4.037050064299572104e-03 -1.145372879911172974e-02
4.056447444804329621e+02 -4.028021513074195661e-03 -1.156937065929040248e-02
4.056605138092807579e+02 -4.020281085043704399e-03 -1.164789856689654214e-02
4.056920026239992012e+02 -4.003167845483012778e-03 -1.171868249631747086e-02
4.057077254787557763e+02 -3.995121381355281470e-03 -1.170935067313232450e-02
4.057234261740068746e+02 -3.986850984792979918e-03 -1.167217082841067594e-02
4.057548161394297495e+02 -3.970587219593959584e-03 -1.152793168190700303e-02
4.057705178842813325e+02 -3.963004444718855497e-03 -1.143773314665441979e-02
4.057862408886723529e+02 -3.956400660257889702e-03 -1.131830057180514479e-02
4.058019622104263249e+02 -3.951871200721601696e-03 -1.119997132251460657e-02
4.058332734798054844e+02 -3.943351558276025556e-03 -1.094526115757754776e-02
4.058489251660707851e+02 -3.944437452752715817e-03 -1.081739506705138229e-02
4.058646377671335017e+02 -3.938825351090306098e-03 -1.068642689029219474e-02
4.058803970530312881e+02 -3.939612024276089274e-03 -1.055403199509625384e-02
4.059118407610003487e+02 -3.933101469522851633e-03 -1.029920660309762565e-02
4.059274924105198465e+02 -3.934678909832742613e-03 -1.016942588708590750e-02
4.059431421419955655e+02 -3.937650162814221311e-03 -1.004700155126046768e-02
4.059743870668660293e+02 -3.942381587824883397e-03 -9.807223435303458539e-03
4.059900328996741905e+02 -3.946844134510853544e-03 -9.689964108726760797e-03
4.060056945165515572e+02 -3.952743088819364072e-03 -9.568779890978368688e-03
4.060213600433912688e+02 -3.959558584184210729e-03 -9.450287227283638014e-03
4.060527373476691082e+02 -3.975185174403975640e-03 -9.264187562818186270e-03
4.060684808514133692e+02 -3.987479399708332775e-03 -9.197087994931841398e-03
4.060842644662896532e+02 -3.999470913527546773e-03 -9.104920919344830152e-03
4.061000614668613480e+02 -4.012073025189894990e-03 -9.015866744617961892e-03
4.061315595466722357e+02 -4.033950836620972709e-03 -8.833544998560170780e-03
4.061472953857725656e+02 -4.044603990993328110e-03 -8.725222442603496747e-03
4.061630031561005580e+02 -4.054942636122982162e-03 -8.610205610018495034e-03
4.061944385741181236e+02 -4.072699624125250550e-03 -8.381961578210479769e-03
4.062101424768420657e+02 -4.082909044460415401e-03 -8.269435424518283700e-03
4.062258431713731852e+02 -4.088387426898498940e-03 -8.162973588992187071e-03
4.062415428416225609e+02 -4.094050269558879677e-03 -8.063133899641361513e-03
4.062729431798231303e+02 -4.103202812133206409e-03 -7.933649933276071958e-03
4.062886458490544328e+02 -4.107307324500465706e-03 -7.890397345638245838e-03
4.063043674913200221e+02 -4.110886631641586485e-03 -7.816246291180224681e-03
4.063200964131342516e+02 -4.114061675059635381e-03 -7.924150994440007367e-03
4.063515788435491345e+02 -4.117193953290644234e-03 -8.347440862453057997e-03
4.063673377246562382e+02 -4.115738132498244009e-03 -8.794585540262465570e-03
4.063831313008705592e+02 -4.114521194295659746e-03 -8.943279158327979358e-03
4.064146781965499713e+02 -4.109131590055422299e-03 -9.469328134961150709e-03
4.064304246383518375e+02 -4.105855038791433875e-03 -9.637980519608981694e-03
4.064461598753299540e+02 -4.103333672058528427e-03 -9.666142931598726076e-03
4.064618774714099914e+02 -4.100463619919261261e-03 -9.788101928000836338e-03
4.064932692752370826e+02 -4.092959381833785257e-03 -1.001095296832532448e-02
4.065089594173094838e+02 -4.087837546143027918e-03 -1.014430517116890300e-02
4.065246478238566965e+02 -4.082732532642118287e-03 -1.029955567949145979e-02
4.065403401852767615e+02 -4.077336342596445985e-03 -1.047082860971654608e-02
4.065717805017739011e+02 -4.064851307433239858e-03 -1.083387857006278855e-02
4.065875062934604216e+02 -4.058919567229750391e-03 -1.100123752117673423e-02
4.066032617131600659e+02 -4.049461854188584307e-03 -1.117673195317507064e-02
4.066348220134872804e+02 -4.034400638508110586e-03 -1.148164617990788186e-02
4.066506141221201460e+02 -4.027808638712775287e-03 -1.158171173940169586e-02
4.066663658266215293e+02 -4.017111124315454057e-03 -1.165673166586628055e-02
4.066821102121311924e+02 -4.009481005568777713e-03 -1.169875714156796628e-02
4.067135594843833815e+02 -3.992781038569657819e-03 -1.168910583393635919e-02
4.067292573079317890e+02 -3.986604691423178623e-03 -1.164264855759200752e-02
4.067449542749494071e+02 -3.979207934937109732e-03 -1.156834748952589517e-02
4.067606522146692782e+02 -3.971593719406169877e-03 -1.149440398529555200e-02
4.067920828646535369e+02 -3.958115594507443172e-03 -1.127317015960583278e-02
4.068077945039516976e+02 -3.952340257357365820e-03 -1.115119965420864438e-02
4.068234492126230180e+02 -3.946409925725396194e-03 -1.102492335232521485e-02
4.068547630004125040e+02 -3.939969341931966011e-03 -1.077027532808201397e-02
4.068704845950817912e+02 -3.939571834781755225e-03 -1.063897869563252586e-02
4.068862597620246220e+02 -3.935582323633714415e-03 -1.050916520847679746e-02
4.069019827711082939e+02 -3.938030482994963818e-03 -1.038436796309866531e-02
4.069333080780248793e+02 -3.937127472023364307e-03 -1.012430618168547528e-02
4.069489474686700419e+02 -3.939634168364537607e-03 -1.000374869812963030e-02
4.069645667075868687e+02 -3.941346853813941509e-03 -9.883324010296923659e-03
4.069801995336462141e+02 -3.945078750053858732e-03 -9.763354440734988565e-03
4.070115214882733881e+02 -3.957335102107582131e-03 -9.525516731115192190e-03
4.070271881763397914e+02 -3.963551361345833517e-03 -9.407010425451209357e-03
4.070428673155698789e+02 -3.971513605858060202e-03 -9.305755824940075208e-03
4.070743414284048640e+02 -3.991780408784620197e-03 -9.163599695073392642e-03
4.070901306321051152e+02 -4.003442151893275153e-03 -9.070361301069482587e-03
4.071059188194586795e+02 -4.016649031951907874e-03 -8.983910725878662198e-03
4.071216696029439390e+02 -4.028066259055221136e-03 -8.896658098444223256e-03
4.071531331734998957e+02 -4.048530937389260669e-03 -8.683502629893088270e-03
4.071688465471474956e+02 -4.059388584485301883e-03 -8.568127681812471100e-03
4.071845645581390727e+02 -4.069232211810627081e-03 -8.453971083647961182e-03
4.072002671642202358e+02 -4.078533803516243630e-03 -8.340718091137266574e-03
4.072316703147229759e+02 -4.089594932305561960e-03 -8.125387746489735885e-03
4.072473726868092285e+02 -4.096888565079186487e-03 -8.026110441815035440e-03
4.072630758186022604e+02 -4.103914571561399077e-03 -7.944946980053576094e-03
4.072944838711845250e+02 -4.112021812916685781e-03 -7.845938738660135012e-03
4.073102103879061247e+02 -4.116769092016754616e-03 -7.817367275467354201e-03
4.073259325876831554e+02 -4.116094758724214361e-03 -7.970872818730946260e-03
4.073416741186196646e+02 -4.118455863545946588e-03 -8.171656281807224489e-03
4.073732040676709971e+02 -4.117624176729460343e-03 -8.882546523838840205e-03
4.073889918634152991e+02 -4.114761827018688541e-03 -8.933388169849417956e-03
4.074047801776755477e+02 -4.111945527480400167e-03 -9.150845251950040157e-03
4.074205311024069829e+02 -4.111602956204277876e-03 -9.551614679196043095e-03
4.074519974259919763e+02 -4.103872673135434274e-03 -9.686913889141997996e-03
4.074677075225379212e+02 -4.099684503008161306e-03 -9.814280951323318611e-03
4.074834009209737928e+02 -4.095488368888944991e-03 -9.926493668514314861e-03
4.075147864423199167e+02 -4.088890926867437374e-03 -1.017931529170472763e-02
4.075304773624382051e+02 -4.084379596431440655e-03 -1.033529354029416591e-02
4.075461786519563248e+02 -4.078101363721394791e-03 -1.051137081979338153e-02
4.075618982113082325e+02 -4.073580716615682849e-03 -1.069651604834128723e-02
4.075933552618251952e+02 -4.057398039690671143e-03 -1.104021228259163302e-02
4.076091163080950537e+02 -4.050623250831004996e-03 -1.121634054551609583e-02
4.076248976251604290e+02 -4.042484745919846557e-03 -1.137102653866663322e-02
4.076406835466389680e+02 -4.033621432641842745e-03 -1.150315861182120945e-02
4.076722155078878700e+02 -4.018554313386321804e-03 -1.166159520565792675e-02
4.076879598002085459e+02 -4.009024916003250602e-03 -1.169014144719865075e-02
4.077036816014049805e+02 -4.000372160899936906e-03 -1.169015518632480523e-02
4.077350848129553924e+02 -3.984208465896115457e-03 -1.160962411386541777e-02
4.077507818922072715e+02 -3.976613518515877306e-03 -1.153246237594813921e-02
4.077664796157573051e+02 -3.970212545599695504e-03 -1.145633499055658672e-02
4.077821973186791524e+02 -3.964617075845457660e-03 -1.134133869126449472e-02
4.078136184276243625e+02 -3.951833747867483301e-03 -1.110323209339460042e-02
4.078292575357461942e+02 -3.946935353138949013e-03 -1.097757745343151334e-02
4.078449043513430752e+02 -3.945251172429082610e-03 -1.085123569795314914e-02
4.078606043018074843e+02 -3.944382586910446208e-03 -1.072255661918811165e-02
4.078921045793090912e+02 -3.940090058761178474e-03 -1.046335957612741160e-02
4.079078171274925353e+02 -3.939580027607296475e-03 -1.033602682434055405e-02
4.079234810436281009e+02 -3.939227940286135418e-03 -1.020508606816135887e-02
4.079547527071309787e+02 -3.940439013748142823e-03 -9.959600971511517811e-03
4.079703701366794348e+02 -3.944483562890311115e-03 -9.838773956720376843e-03
4.079860118934274169e+02 -3.948960727399625399e-03 -9.722772020031432427e-03
4.080016725927490029e+02 -3.953537490508312810e-03 -9.600645972630250310e-03
4.080330112486805660e+02 -3.967884520382626394e-03 -9.365749802052252340e-03
4.080487023247617913e+02 -3.978736760913672427e-03 -9.275689364703567849e-03
4.080644314223378615e+02 -3.989485303715147729e-03 -9.212802726385574056e-03
4.080802019260243014e+02 -3.998669108706816820e-03 -9.127756052555389618e-03
4.081117625127881752e+02 -4.021070351895253241e-03 -8.950635137083801096e-03
4.081275170111738362e+02 -4.033670503201910312e-03 -8.858850657976537549e-03
4.081432432432594624e+02 -4.044145772340255844e-03 -8.753906266231575514e-03
4.081746841354727735e+02 -4.063754373547327770e-03 -8.525654150872865114e-03
4.081903970889896414e+02 -4.074373863369605900e-03 -8.411834262698727332e-03
4.082061000744990338e+02 -4.080813798997421152e-03 -8.298401778176978105e-03
4.082217980441442364e+02 -4.088627065197380540e-03 -8.189189876922693678e-03
4.082531998173312786e+02 -4.098909088696308517e-03 -7.990047115176231521e-03
4.082689018632200941e+02 -4.103731290579010725e-03 -7.925627542407893966e-03
4.082846042390233379e+02 -4.109315859876120497e-03 -7.909344622266917257e-03
4.083003196511793931e+02 -4.115041189426012040e-03 -7.806973078535933003e-03
4.083317720241538495e+02 -4.119301711962462635e-03 -8.020676399635065512e-03
4.083475246605874531e+02 -4.121234594217846464e-03 -8.223786539799080725e-03
4.083632813273433158e+02 -4.119423102338151503e-03 -8.554690228934772392e-03
4.083948552785624884e+02 -4.117474371895538977e-03 -8.947638122809633068e-03
4.084106250054070415e+02 -4.115574324725267824e-03 -9.268511066178385799e-03
4.084263745594374200e+02 -4.110110758487235845e-03 -9.593674658126157689e-03
4.084421141130541741e+02 -4.109041912622062899e-03 -9.634336751589263337e-03
4.084735362428652934e+02 -4.101700348762334775e-03 -9.837150354352362791e-03
4.084892266559968448e+02 -4.097558524130721740e-03 -9.944131962428812144e-03
4.085049182057166490e+02 -4.092263682190372398e-03 -1.006211007225245140e-02
4.085206088242633200e+02 -4.086980826200417583e-03 -1.021117759530144886e-02
4.085520097032885474e+02 -4.077590818688205630e-03 -1.055283795313173914e-02
4.085677354618439949e+02 -4.070021090994299824e-03 -1.073725345560600647e-02
4.085834569362599495e+02 -4.064452832165959921e-03 -1.090702682073491428e-02
4.086149663761613624e+02 -4.048373444742742709e-03 -1.125749876522759603e-02
4.086307615146527610e+02 -4.042081492789737288e-03 -1.140533745766428818e-02
4.086465499966038806e+02 -4.033659617231703451e-03 -1.152361501013366048e-02
4.086623112461577989e+02 -4.025434336123122868e-03 -1.160833249206383311e-02
4.086937978798379163e+02 -4.008380087505371628e-03 -1.168609785717047642e-02
4.087095174136447895e+02 -4.001540233119080074e-03 -1.168012913349924554e-02
4.087252201181310056e+02 -3.992777777936762189e-03 -1.164584899045136013e-02
4.087409135530306230e+02 -3.984894534155404046e-03 -1.158163252026225831e-02
4.087723078958781571e+02 -3.969346775655168899e-03 -1.141874892861333840e-02
4.087880326205496431e+02 -3.961882249725586468e-03 -1.130433892720148457e-02
4.088037597439833917e+02 -3.956504956255156233e-03 -1.118733065735785966e-02
4.088350709327935419e+02 -3.947880847758512661e-03 -1.093755001435138020e-02
4.088507279365373392e+02 -3.948451536656265824e-03 -1.081093164773385892e-02
4.088664410741538404e+02 -3.943262044032397849e-03 -1.068234097665156541e-02
4.088822022452444571e+02 -3.943103741415787157e-03 -1.054890607280904898e-02
4.089136382329195385e+02 -3.937359507500980994e-03 -1.029405528002062982e-02
4.089292865847883149e+02 -3.939560660139254829e-03 -1.016433465904774923e-02
4.089449363490645624e+02 -3.944266282564765948e-03 -1.004180586240843547e-02
4.089605536891050406e+02 -3.945378535916883173e-03 -9.920660364746768795e-03
4.089918292102364603e+02 -3.951872707090690190e-03 -9.683366549971457807e-03
4.090074921068029994e+02 -3.957497520101054163e-03 -9.562451631682284195e-03
4.090231587142873764e+02 -3.964543493532863075e-03 -9.443142673404866447e-03
4.090545355118795783e+02 -3.979716698989952187e-03 -9.253446266648293964e-03
4.090702816152182208e+02 -3.989683866266393632e-03 -9.186971891000931395e-03
4.090860664224923653e+02 -4.004577271737658033e-03 -9.096861364958843885e-03
4.091018621699140567e+02 -4.015421594254329693e-03 -9.006775103098964980e-03
4.091333490065907199e+02 -4.038065949753319797e-03 -8.826165540356780553e-03
4.091490855005811795e+02 -4.049279773407486738e-03 -8.718173049293637816e-03
4.091647898516654891e+02 -4.057584396651416070e-03 -8.602768095769531415e-03
4.091805142621865343e+02 -4.068498599969262025e-03 -8.489062518064187379e-03
4.092119248809547116e+02 -4.085593314240378721e-03 -8.262262287128363872e-03
4.092276231833835141e+02 -4.092859661583560411e-03 -8.155253856255380296e-03
4.092433269234612112e+02 -4.098520817321046374e-03 -8.054341718521939447e-03
4.092747268172158215e+02 -4.107960221302120636e-03 -7.917365884596449035e-03
4.092904301521857064e+02 -4.112067379865660260e-03 -7.878153452458472317e-03
4.093061543711258992e+02 -4.115291375790792669e-03 -7.787579819634461199e-03
4.093218821498928719e+02 -4.118224912872162601e-03 -7.872105669322735158e-03
4.093533701854343008e+02 -4.119475612396059257e-03 -8.287577902319046702e-03
4.093691309534666516e+02 -4.120183131702997818e-03 -8.676034542667174221e-03
4.093849240471306530e+02 -4.118377606475553260e-03 -8.931558257460579797e-03
4.094007162045061250e+02 -4.118179470667904414e-03 -8.994865806059295157e-03
4.094322134755715297e+02 -4.110643617215990753e-03 -9.618336752289964597e-03
4.094479456024874366e+02 -4.107645010811681457e-03 -9.642859986317668317e-03
4.094636620544649759e+02 -4.103618247579401274e-03 -9.740422744574827457e-03
4.094950508852818416e+02 -4.097916327879315770e-03 -9.964337924719322143e-03
4.095107446277344252e+02 -4.092958695550103464e-03 -1.009326855205033846e-02
4.095264329933766021e+02 -4.087712659834586565e-03 -1.024223182206751917e-02
4.095421256741660159e+02 -4.082568684452093921e-03 -1.041181526907865654e-02
4.095735658210027736e+02 -4.069012163113445817e-03 -1.077586777949518689e-02
4.095892955550619945e+02 -4.063303599496851347e-03 -1.094454973062154203e-02
4.096050545208052540e+02 -4.053640136626357644e-03 -1.112391747709421536e-02
4.096208194099870639e+02 -4.047755194930100810e-03 -1.129284947134274325e-02
4.096524062366004841e+02 -4.031292402626729388e-03 -1.154191062211814070e-02
4.096681572945782932e+02 -4.022085172241877775e-03 -1.162548629925533490e-02
4.096838994859245986e+02 -4.014416939752653117e-03 -1.167174429522075882e-02
4.097153432457634494e+02 -3.996877624050954383e-03 -1.167010285697508455e-02
4.097310402249022445e+02 -3.990041068711365317e-03 -1.162724632551069559e-02
4.097467368275138142e+02 -3.983629347349525694e-03 -1.155654821309465285e-02
4.097624331452717001e+02 -3.976796485114155767e-03 -1.148557651016553736e-02
4.097938687515003835e+02 -3.962869429079915636e-03 -1.126942449950767491e-02
4.098095814944398398e+02 -3.957419762747816511e-03 -1.115035354157365051e-02
4.098252345918532455e+02 -3.949262891216079492e-03 -1.102566019016528072e-02
4.098408766428213994e+02 -3.948868287671838950e-03 -1.090067135221710337e-02
4.098722783633969584e+02 -3.943524702856065350e-03 -1.064297227421341641e-02
4.098880530472081318e+02 -3.941194187711903607e-03 -1.051207091041622861e-02
4.099037732775681775e+02 -3.942338751360337755e-03 -1.038676903177566425e-02
4.099350962570305796e+02 -3.941530814194803972e-03 -1.012733860838367639e-02
4.099507303533458753e+02 -3.941952440061702659e-03 -1.000618611763877050e-02
4.099663471626309388e+02 -3.944963559235009111e-03 -9.885251689563558444e-03
4.099819814469238395e+02 -3.947762439335177238e-03 -9.765267294804974921e-03
4.100133077883933765e+02 -3.960731654722889940e-03 -9.525896169328626484e-03
4.100289783038157907e+02 -3.967593753665529452e-03 -9.406097220381017671e-03
4.100446596910192056e+02 -3.974487040763129489e-03 -9.301868206298077174e-03
4.100603715235868094e+02 -3.985331541363469621e-03 -9.233812403223337628e-03
4.100919251488718373e+02 -4.005160559609405486e-03 -9.067972188662743946e-03
4.101077062471882755e+02 -4.019396596961172935e-03 -8.980524871864728129e-03
4.101234582407786888e+02 -4.029530097827492552e-03 -8.894281338903679834e-03
4.101549097023774380e+02 -4.049051928984409056e-03 -8.682514171046236753e-03
4.101706235741236810e+02 -4.062738705445552434e-03 -8.567840000945190285e-03
4.101863400548814980e+02 -4.070368585597597746e-03 -8.454813450452720522e-03
4.102020411678956293e+02 -4.079106144709703299e-03 -8.341414880094865161e-03
4.102334430355461450e+02 -4.090440801427836295e-03 -8.125150736890901851e-03
4.102491463367413189e+02 -4.097024337291030500e-03 -8.023611594494958407e-03
4.102648496129023670e+02 -4.104551237583588773e-03 -7.936889822407606349e-03
4.102805509126721404e+02 -4.110346892917428330e-03 -7.916294873559579642e-03
4.103119888285837646e+02 -4.118520048544875231e-03 -7.787380007932952035e-03
4.103277097269827891e+02 -4.118159232556026228e-03 -7.921732352142352510e-03
4.103434558203582583e+02 -4.119712789193269963e-03 -8.127546917249296732e-03
4.103749939901336461e+02 -4.119828310261725891e-03 -8.787497032878503755e-03
4.103907763393844448e+02 -4.116796971515515428e-03 -8.927972055305315180e-03
4.104065609443956077e+02 -4.114003388102888993e-03 -9.069471916429283978e-03
4.104223103315056278e+02 -4.113557086598672134e-03 -9.474714171599965540e-03
4.104537757717878321e+02 -4.105637624670684625e-03 -9.659502384459594734e-03
4.104694824461778921e+02 -4.102475470328835298e-03 -9.768813591192538823e-03
4.104851750480399346e+02 -4.097899449938174725e-03 -9.882259919728707265e-03
4.105008679913872243e+02 -4.093738981935667737e-03 -9.990371589093318891e-03
4.105322511772993721e+02 -4.086150698854908170e-03 -1.028083386190511983e-02
4.105479540600636597e+02 -4.080755029673768797e-03 -1.045383152371023514e-02
4.105636778814177887e+02 -4.074233240265162821e-03 -1.063903152006839478e-02
4.105951374232543003e+02 -4.059710466912983332e-03 -1.098461605187740601e-02
4.106108981036225600e+02 -4.052698299296318175e-03 -1.116605066448904914e-02
4.106266847245926783e+02 -4.045849105751393553e-03 -1.132772849336148926e-02
4.106424685095499854e+02 -4.036462264202387608e-03 -1.146210356660016909e-02
4.106739958692743357e+02 -4.019969316564472525e-03 -1.163538489951925978e-02
4.106897394501688723e+02 -4.012264689205732177e-03 -1.166808429157425823e-02
4.107054604403617759e+02 -4.003044130697937589e-03 -1.167315457595783854e-02
4.107211641062732497e+02 -3.995869042056162355e-03 -1.165217786204619625e-02
4.107525552175919188e+02 -3.979069734962758197e-03 -1.152690523113903028e-02
4.107682521575271153e+02 -3.971854139852336665e-03 -1.145273220511153905e-02
4.107839694045450756e+02 -3.965901914568844243e-03 -1.134193600329213604e-02
4.108153949399613225e+02 -3.952117904929691727e-03 -1.110728874260609456e-02
4.108310345111978563e+02 -3.949438028101080918e-03 -1.098425925539526539e-02
4.108466839742157504e+02 -3.948199130763158440e-03 -1.085874477654330886e-02
4.108623883529387513e+02 -3.945912471185831875e-03 -1.073180758618810272e-02
4.108938859212888701e+02 -3.941880698268417083e-03 -1.047035156160907275e-02
4.109095942377313690e+02 -3.941044190362425793e-03 -1.034372915034398842e-02
4.109252535023085784e+02 -3.941347021941037955e-03 -1.021249882688207711e-02
4.109409047163908895e+02 -3.942082950316758844e-03 -1.008689189610362073e-02
4.109721414965169402e+02 -3.946584171765315889e-03 -9.844717843001607113e-03
4.109877840494118573e+02 -3.951036933383100629e-03 -9.727784498167555555e-03
4.110034470267921165e+02 -3.955898461735537185e-03 -9.604898871749754583e-03
4.110347894340358721e+02 -3.968206381378852274e-03 -9.368183194777886941e-03
4.110504817191433631e+02 -3.978441120784684433e-03 -9.274284474964575309e-03
4.110662112431757578e+02 -3.990239785327420741e-03 -9.209882022626654854e-03
4.110819855983959883e+02 -3.998816151248182037e-03 -9.128138374138483266e-03
4.111135390759520760e+02 -4.020628456234814734e-03 -8.951304159541090613e-03
4.111292893003359836e+02 -4.033683257142104198e-03 -8.860035035655770483e-03
4.111450164238551110e+02 -4.044384094140636952e-03 -8.756374734327106862e-03
4.111607269511051754e+02 -4.055585379920678690e-03 -8.642596568659644332e-03
4.111921606460002181e+02 -4.074180905262908201e-03 -8.416122487153955903e-03
4.112078658611786750e+02 -4.082506011662628831e-03 -8.302542338258410426e-03
4.112235632837119397e+02 -4.088578517872011597e-03 -8.193446937962280824e-03
4.112549647453586772e+02 -4.099492974120711765e-03 -7.990853669047379149e-03
4.112706657397811796e+02 -4.103956842203441285e-03 -7.920047890250355577e-03
4.112863686723593446e+02 -4.108791528892149353e-03 -7.904581216617422718e-03
4.113020872851444665e+02 -4.113953972660674280e-03 -7.799208361021238260e-03
4.113335440128005303e+02 -4.119338653640037227e-03 -7.973711909725176780e-03
4.113492965443203957e+02 -4.122109999727189590e-03 -8.183171817230935202e-03
4.113650533888385894e+02 -4.119099704044457480e-03 -8.468648549866533010e-03
4.113808460518335437e+02 -4.119311115802843509e-03 -8.862789100106885712e-03
4.114123953441143726e+02 -4.115120357873032313e-03 -9.171960439429079764e-03
4.114281439454165934e+02 -4.110176603285836325e-03 -9.550454093540730605e-03
4.114438821448935641e+02 -4.108875541459135021e-03 -9.624357081533675695e-03
4.114753030260885680e+02 -4.102629535719352558e-03 -9.794243400091239005e-03
4.114909930840115067e+02 -4.098384270476818081e-03 -9.904738444781464868e-03
4.115066835218956385e+02 -4.093447512718122357e-03 -1.002028623143125241e-02
4.115223732792309193e+02 -4.088178878465241126e-03 -1.016252250864028116e-02
4.115537774802585886e+02 -4.077714498494190883e-03 -1.049814094439622224e-02
4.115695036980024497e+02 -4.071534091855980204e-03 -1.068148878686587915e-02
4.115852272198447963e+02 -4.065664624743372570e-03 -1.084834575772403338e-02
4.116009773686803328e+02 -4.058874777303407913e-03 -1.102575762552320676e-02
4.116325350798080080e+02 -4.042350998393919731e-03 -1.135772693036205677e-02
4.116483275069997489e+02 -4.034923371548749388e-03 -1.147749758129237678e-02
4.116640822654915723e+02 -4.025488571925404414e-03 -1.157070137615582271e-02
4.116955654225752141e+02 -4.009179584037350468e-03 -1.165776098642609497e-02
4.117112834220428681e+02 -4.002126955172043837e-03 -1.165706543866871538e-02
4.117269834209781720e+02 -3.994669760547363106e-03 -1.162536957654764641e-02
4.117426803654548735e+02 -3.986285764775639520e-03 -1.156511408217057550e-02
4.117740722025677087e+02 -3.971131615286762652e-03 -1.140792755422253592e-02
4.117897967934378585e+02 -3.963823860641969149e-03 -1.129782263299631065e-02
4.118055256654762957e+02 -3.957601059464692546e-03 -1.118209794164062160e-02
4.118211957093287765e+02 -3.952836788313852066e-03 -1.106030715168872247e-02
4.118524998617542678e+02 -3.946856256314247059e-03 -1.081291443291011213e-02
4.118682125860459564e+02 -3.944244916750785056e-03 -1.068598523483572579e-02
4.118839758306896215e+02 -3.941811104658046912e-03 -1.055206444400806458e-02
4.119154048042418026e+02 -3.938863460651109184e-03 -1.029688002995885268e-02
4.119310492432402953e+02 -3.941089761375438441e-03 -1.016682000591260723e-02
4.119466971448651407e+02 -3.945611351496933032e-03 -1.004401770189960498e-02
4.119623137265187438e+02 -3.946041202411292546e-03 -9.921703977848967196e-03
4.119935925346159138e+02 -3.953795508757712573e-03 -9.682640206495403412e-03
4.120092593761544890e+02 -3.958358182287447652e-03 -9.561694885481279368e-03
4.120249264212554294e+02 -3.965221267211018613e-03 -9.441465058472854610e-03
4.120406012005905723e+02 -3.972249033740600337e-03 -9.328153453235015977e-03
4.120720531921193697e+02 -3.989837326304914930e-03 -9.181176295815201421e-03
4.120878393337813463e+02 -4.004238627153557627e-03 -9.093226410782230540e-03
4.121036328031922267e+02 -4.014897061253783206e-03 -9.002504154368687686e-03
4.121351100915098868e+02 -4.037563006047549703e-03 -8.823095088635452693e-03
4.121508436474263704e+02 -4.049480004486758454e-03 -8.715839031763325875e-03
4.121665495504811929e+02 -4.057323168970851900e-03 -8.600759658710724342e-03
4.121822709520383796e+02 -4.068879998650251975e-03 -8.487457912210885289e-03
4.122136792899476063e+02 -4.084115626744589528e-03 -8.262221099921916376e-03
4.122293777588784565e+02 -4.092001210298541226e-03 -8.154791159418703708e-03
4.122450800432030178e+02 -4.098808723953902694e-03 -8.052821621386738876e-03
4.122607855072326970e+02 -4.103991200000861768e-03 -7.957533766018414639e-03
4.122921877247492830e+02 -4.113071360185726992e-03 -7.872428841084723461e-03
4.123079141396135014e+02 -4.116594575054944097e-03 -7.768592555495655930e-03
4.123236396781210829e+02 -4.118097424333379449e-03 -7.832179128500387291e-03
4.123551352865407011e+02 -4.119450042612220371e-03 -8.245071555067637337e-03
4.123708981177438204e+02 -4.120741602724635640e-03 -8.578149672870740219e-03
4.123866901661974680e+02 -4.118507020065061142e-03 -8.894423919441974205e-03
4.124024809318633515e+02 -4.117338495649202137e-03 -8.959751593917915022e-03
4.124339750039171122e+02 -4.111674591755010502e-03 -9.592587312967047752e-03
4.124497037126213286e+02 -4.108461916493534594e-03 -9.628210797814559102e-03
4.124654180454065795e+02 -4.103963054130133938e-03 -9.704895715545523716e-03
4.124811129077849614e+02 -4.101214041573379883e-03 -9.819079259841845611e-03
4.125124982263398010e+02 -4.094696376382151240e-03 -1.005343184261675571e-02
4.125281906233911968e+02 -4.089341620100502873e-03 -1.019841510460287384e-02
4.125438845961279526e+02 -4.083936112619279170e-03 -1.036351396865096107e-02
4.125753236200423544e+02 -4.070079440343579193e-03 -1.071869436914027821e-02
4.125910575391707766e+02 -4.064212654636327124e-03 -1.088646112439846034e-02
4.126068176861184043e+02 -4.056019123637609816e-03 -1.106729785530007060e-02
4.126225878219186711e+02 -4.048925349758260642e-03 -1.123671545639170002e-02
4.126541699733314204e+02 -4.031378331617860300e-03 -1.149076909140683833e-02
4.126699203384500265e+02 -4.024901797316201776e-03 -1.158045519517129397e-02
4.126856615370168697e+02 -4.016084736071662449e-03 -1.162881706231637911e-02
4.127013874924397214e+02 -4.007594862460375426e-03 -1.164427531841159130e-02
4.127327953811926022e+02 -3.990941452601280692e-03 -1.159487611476029204e-02
4.127484921460720670e+02 -3.984509169074830319e-03 -1.152821767433648628e-02
4.127641879089555914e+02 -3.978336918802283240e-03 -1.145990286238428649e-02
4.127956281085821502e+02 -3.964550484551822990e-03 -1.125132440781615416e-02
4.128113374412026815e+02 -3.959508024429706126e-03 -1.113402034596396376e-02
4.128269886270237521e+02 -3.951284956595341354e-03 -1.101359900032909678e-02
4.128426337436841891e+02 -3.949575177052837109e-03 -1.089019948332762069e-02
4.128740438546493010e+02 -3.945475722819884179e-03 -1.063563098666420008e-02
4.128898158422526308e+02 -3.944355614019128160e-03 -1.050452244976364004e-02
4.129055345464236098e+02 -3.944129499725901496e-03 -1.037813361496792847e-02
4.129212088442392883e+02 -3.942424265300511523e-03 -1.024833530347019940e-02
4.129524845500686752e+02 -3.943233594393929890e-03 -9.999377038054285682e-03
4.129680996131848474e+02 -3.946947340203136624e-03 -9.876886405181913714e-03
4.129837351751568235e+02 -3.950088686848787951e-03 -9.758226146473604132e-03
4.130150663234887816e+02 -3.961396975168188228e-03 -9.517167849414531755e-03
4.130307365086351297e+02 -3.969749078142119358e-03 -9.396688024352806493e-03
4.130464218510195451e+02 -3.977345973718852262e-03 -9.291620907579055746e-03
4.130621352232913068e+02 -3.987748302447109185e-03 -9.221720325757213829e-03
4.130936919900030944e+02 -4.007117053040773307e-03 -9.056787157258659390e-03
4.131094650407616768e+02 -4.020619134778432788e-03 -8.969064259827023294e-03
4.131252182598465765e+02 -4.030947304376258575e-03 -8.882612899168629977e-03
4.131409370326993553e+02 -4.040716238070753835e-03 -8.783152304058690352e-03
4.131723750498169920e+02 -4.064025303509077869e-03 -8.557079031367669300e-03
4.131880910383112564e+02 -4.071766378991155400e-03 -8.445414796166133067e-03
4.132037903110397110e+02 -4.079423312740390432e-03 -8.332630477910232814e-03
4.132351905060696708e+02 -4.092355218551350406e-03 -8.117471046110909597e-03
4.132508938842312318e+02 -4.098118884102571087e-03 -8.015186052404910805e-03
4.132665970397947603e+02 -4.104626095235209583e-03 -7.929709779369702519e-03
4.132822989145265637e+02 -4.111434732184446501e-03 -7.911673100187121763e-03
4.133137418697891121e+02 -4.118777182941782931e-03 -7.756326621351563970e-03
4.133294619764294566e+02 -4.120458711263807854e-03 -7.872368514123873062e-03
4.133452127122553748e+02 -4.121757995192151108e-03 -8.077011249209961954e-03
4.133609705838097170e+02 -4.122677913802489345e-03 -8.320622148568809773e-03
4.133925366898644143e+02 -4.119545262574682114e-03 -8.900434885985164177e-03
4.134083153428194350e+02 -4.117646226826207102e-03 -9.014902869170168115e-03
4.134240651230118146e+02 -4.114842449273937997e-03 -9.388246957746244556e-03
4.134555287692791694e+02 -4.108312137118127864e-03 -9.631422732743812401e-03
4.134712317186329642e+02 -4.105626199441729865e-03 -9.724094282627125663e-03
4.134869236812528470e+02 -4.101252645474378483e-03 -9.838813976599955491e-03
4.135026159631482301e+02 -4.096513193656173973e-03 -9.950667828855388683e-03
4.135339993436185182e+02 -4.088026100580144720e-03 -1.023512998197187440e-02
4.135497044531252868e+02 -4.083923562500917960e-03 -1.040429327987599586e-02
4.135654304947460105e+02 -4.075895541873343457e-03 -1.058493745130278940e-02
4.135811466079653655e+02 -4.070576124821247317e-03 -1.075389272493434620e-02
4.136126542102084045e+02 -4.055160866065170462e-03 -1.110593221488944196e-02
4.136284447971294185e+02 -4.049170009778708598e-03 -1.126567711254726663e-02
4.136442295880186180e+02 -4.040173156169358029e-03 -1.140359562314513867e-02
4.136600016688786354e+02 -4.032546113353867659e-03 -1.150261853115651552e-02
4.136914910756563017e+02 -4.015806010034035471e-03 -1.161805498651213506e-02
4.137072140114472063e+02 -4.007280739738773925e-03 -1.162800537937780029e-02
4.137229144321979106e+02 -3.999409000587960880e-03 -1.160931501147590902e-02
4.137543039177227229e+02 -3.982856971616278649e-03 -1.149077264609567502e-02
4.137700000798123483e+02 -3.975165492320876029e-03 -1.141820829867193181e-02
4.137857174234614490e+02 -3.968463580938830226e-03 -1.131349999113271873e-02
4.138014528576549083e+02 -3.963203914099772650e-03 -1.120284968563463497e-02
4.138327851013812619e+02 -3.952983613867528181e-03 -1.096550314847608010e-02
4.138484384634994058e+02 -3.953169066016848539e-03 -1.084262490274729741e-02
4.138641460957681488e+02 -3.948198823639742332e-03 -1.071839025625996242e-02
4.138956456596550879e+02 -3.944782453400746611e-03 -1.045691359913047437e-02
4.139113492016870737e+02 -3.943101024669333488e-03 -1.033018268555774277e-02
4.139270037886372506e+02 -3.944097650965741955e-03 -1.020037008688147277e-02
4.139426557571041485e+02 -3.945971377489298007e-03 -1.007509486668920276e-02
4.139738937022751770e+02 -3.949910862498188374e-03 -9.832681097051329880e-03
4.139895368461683347e+02 -3.953829652849160867e-03 -9.714747515947540907e-03
4.140052020601278855e+02 -3.959018678740108300e-03 -9.592040757205816739e-03
4.140208726718831258e+02 -3.964845462830013725e-03 -9.471762260183863927e-03
4.140522395497231400e+02 -3.979342135105726382e-03 -9.260095242492079673e-03
4.140679713858660307e+02 -3.990782018583506272e-03 -9.194052321415412815e-03
4.140837502474149687e+02 -4.001209524336028951e-03 -9.113257929867146431e-03
4.141152954518443039e+02 -4.022924323600718909e-03 -8.936426121542471318e-03
4.141310407733208763e+02 -4.035723129824933531e-03 -8.845208867032708019e-03
4.141467700673227341e+02 -4.046479465412343608e-03 -8.741772301987983315e-03
4.141624738897269253e+02 -4.057198077346505644e-03 -8.628011726981656832e-03
4.141939049579960397e+02 -4.075697843850622712e-03 -8.402787787762941787e-03
4.142096083120549679e+02 -4.086199622389166675e-03 -8.289541274873690746e-03
4.142253085497565621e+02 -4.091439365712313397e-03 -8.180832715023823865e-03
4.142410079988336520e+02 -4.097764051770058993e-03 -8.077566670908630300e-03
4.142724098279313694e+02 -4.107305992536470010e-03 -7.911657366966506552e-03
4.142881133244196121e+02 -4.111887702586878267e-03 -7.893047712137264346e-03
4.143038349924802901e+02 -4.116181037663533757e-03 -7.773925293923354511e-03
4.143352951739491914e+02 -4.122894184544236874e-03 -7.918219418594793155e-03
4.143510484243029168e+02 -4.124280427240887767e-03 -8.130281415112768431e-03
4.143668072218868019e+02 -4.122608820679417481e-03 -8.410046055842640422e-03
4.143826005968592199e+02 -4.121996029086110423e-03 -8.764501373962604869e-03
4.144141469969468972e+02 -4.117524531794840813e-03 -9.096996443083035094e-03
4.144298939477092176e+02 -4.114186483299846035e-03 -9.484389371560660031e-03
4.144456298927434545e+02 -4.112259721540147128e-03 -9.605939236004079965e-03
4.144613477557703050e+02 -4.110064413390348941e-03 -9.643543905942828648e-03
4.144927404191111577e+02 -4.102713546168769085e-03 -9.861801673844105415e-03
4.145084299716319833e+02 -4.098061435979682976e-03 -9.979266396754825699e-03
4.145241187531759124e+02 -4.093124582114738425e-03 -1.011875733629568654e-02
4.145555260959882844e+02 -4.082116193062716204e-03 -1.044846974774378719e-02
4.145712516205508678e+02 -4.076342296378907687e-03 -1.062522216771792476e-02
4.145869761769739057e+02 -4.070515523984500998e-03 -1.078928697042247711e-02
4.146027299737766612e+02 -4.061721586722862910e-03 -1.096756282333899435e-02
4.146342893824361227e+02 -4.046644968549828296e-03 -1.129660304151650259e-02
4.146500824484670034e+02 -4.040203607961616837e-03 -1.141801338910613042e-02
4.146658347202578625e+02 -4.029606959951722092e-03 -1.151508656445750581e-02
4.146815796041090607e+02 -4.021865981429020853e-03 -1.157993640871922934e-02
4.147130301217575266e+02 -4.005715408288450761e-03 -1.160918064768705696e-02
4.147287277211868854e+02 -3.999393749588945994e-03 -1.157959173649358159e-02
4.147444247305560339e+02 -3.991803885511649615e-03 -1.152244447161331758e-02
4.147601210478685516e+02 -3.983586128580484699e-03 -1.145481287046685136e-02
4.147915416972730895e+02 -3.969507816267161225e-03 -1.126489795014140941e-02
4.148072706713538764e+02 -3.963099751935005022e-03 -1.115326527450415106e-02
4.148229393363660620e+02 -3.957084005148227800e-03 -1.103605898990243396e-02
4.148542576716967005e+02 -3.948976935919269911e-03 -1.079413019145760225e-02
4.148699679638383486e+02 -3.948722145109787897e-03 -1.066876453113143122e-02
4.148857349408268647e+02 -3.945154323225932326e-03 -1.053556980672430005e-02
4.149014700461244161e+02 -3.946735954666233913e-03 -1.040980493563609978e-02
4.149327997365780334e+02 -3.945533202416585429e-03 -1.015124450227176435e-02
4.149484441868362978e+02 -3.947886112286883194e-03 -1.002893315262566240e-02
4.149640607616354941e+02 -3.948957620531797288e-03 -9.907105436281449587e-03
4.149953416174998893e+02 -3.957592841896813776e-03 -9.666509032947984831e-03
4.150110136132669254e+02 -3.962475007677215659e-03 -9.545762574019829236e-03
4.150266830841413821e+02 -3.968151168890945990e-03 -9.425035826774107520e-03
4.150423576185484080e+02 -3.975186748808643040e-03 -9.312239609940485205e-03
4.150738122678310447e+02 -3.993595167285556892e-03 -9.163297293799770038e-03
4.150895995879795919e+02 -4.005262813593712251e-03 -9.075982452564159558e-03
4.151053894799442787e+02 -4.017939355086039450e-03 -8.985053735196209257e-03
4.151211350695562601e+02 -4.029382451167929161e-03 -8.901263854212436433e-03
4.151525896770906456e+02 -4.050356105835909229e-03 -8.698726360596769833e-03
4.151682974414000000e+02 -4.060382554092806760e-03 -8.583006890371077877e-03
4.151840142980677797e+02 -4.071003551257647290e-03 -8.470477242840576335e-03
4.152154195139286230e+02 -4.086145031666104863e-03 -8.246667878684844563e-03
4.152311183350067836e+02 -4.092984019739759338e-03 -8.139196654908011086e-03
4.152468211853665139e+02 -4.100560875992483034e-03 -8.036494485269373225e-03
4.152625251094407872e+02 -4.107445725773398344e-03 -7.941712347772978894e-03
4.152939328647249795e+02 -4.116429470351836914e-03 -7.853632178852135506e-03
4.153096603291779161e+02 -4.121169649567511806e-03 -7.737383527288396561e-03
4.153253841495489951e+02 -4.121262944164735646e-03 -7.784815840838024692e-03
4.153411254125088021e+02 -4.124298808428711327e-03 -7.965329712457150727e-03
4.153726543046286110e+02 -4.124340762009445771e-03 -8.507352469875899617e-03
4.153884431102549115e+02 -4.121904243486874779e-03 -8.812261070588155165e-03
4.154042316963555095e+02 -4.119699564613282447e-03 -8.921802726915149112e-03
4.154357237046639852e+02 -4.115865225869068042e-03 -9.541253182005141401e-03
4.154514494185872877e+02 -4.112593301583053126e-03 -9.601877645692258323e-03
4.154671606491349962e+02 -4.108546511631241960e-03 -9.659107861924847577e-03
4.154828547051706096e+02 -4.104947991061712147e-03 -9.768605275614340028e-03
4.155142400682374273e+02 -4.099237644082686857e-03 -1.000861699090086453e-02
4.155299316033083414e+02 -4.094782885500663182e-03 -1.015238822022408033e-02
4.155456314843150381e+02 -4.088740535970712686e-03 -1.031445326298448088e-02
4.155613509371485748e+02 -4.084798466154528768e-03 -1.049182520664136004e-02
4.155928067285350949e+02 -4.068961447450002676e-03 -1.082851603361398816e-02
4.156085669765570287e+02 -4.062162064817020045e-03 -1.101238619203828012e-02
4.156243451684374008e+02 -4.054140861385554379e-03 -1.117965115964614925e-02
4.156401332217342315e+02 -4.045532303647968869e-03 -1.132773137068646303e-02
4.156716672384497997e+02 -4.030955020581131545e-03 -1.153021151852119501e-02
4.156874110636103978e+02 -4.021385630244365093e-03 -1.157945336272542605e-02
4.157031337413282586e+02 -4.012844966970026406e-03 -1.159886178042903414e-02
4.157345373708121201e+02 -3.996465428843558147e-03 -1.155321796892207382e-02
4.157502339704981864e+02 -3.989147339021763966e-03 -1.148941916209809434e-02
4.157659296974367180e+02 -3.982752475339398912e-03 -1.142274077813879019e-02
4.157816361803452878e+02 -3.976522198857041640e-03 -1.132728911420280253e-02
4.158130804159125091e+02 -3.963659892722133649e-03 -1.110767758668852398e-02
4.158287312597814207e+02 -3.957371180454893542e-03 -1.099015862261959291e-02
4.158443813794761468e+02 -3.953917185165248954e-03 -1.086929397629837930e-02
4.158600798153972846e+02 -3.953454708312528765e-03 -1.074808798705822847e-02
4.158915691629391631e+02 -3.949508001987627089e-03 -1.048736755523301846e-02
4.159072869865532311e+02 -3.948439926885976593e-03 -1.036176537278369128e-02
4.159229558505840032e+02 -3.947388314054198905e-03 -1.023241654183247411e-02
4.159542320812394678e+02 -3.947431924099389401e-03 -9.983672027062866564e-03
4.159698455399243358e+02 -3.950946887597586027e-03 -9.861170009724636726e-03
4.159854820750969111e+02 -3.954625826640255186e-03 -9.743869608960007908e-03
4.160011443914493725e+02 -3.958699566393249561e-03 -9.621172522183861139e-03
4.160324900477915548e+02 -3.972109146194584793e-03 -9.381298851794919041e-03
4.160481745977228911e+02 -3.981626274407049429e-03 -9.275657973793972194e-03
4.160638928244774775e+02 -3.991201231055627532e-03 -9.203584199439878571e-03
4.160954521673882027e+02 -4.010531368853040464e-03 -9.038813343260624494e-03
4.161112165231828612e+02 -4.021879883451386604e-03 -8.951315029942197646e-03
4.161269678491605077e+02 -4.033805512659380775e-03 -8.864720444302932531e-03
4.161426872030394861e+02 -4.043910454886908042e-03 -8.765635602601929213e-03
4.161741196531478977e+02 -4.064879245224250169e-03 -8.539939558893368948e-03
4.161898316130321973e+02 -4.075199391523967596e-03 -8.429047301383701257e-03
4.162055322739524286e+02 -4.081896236400487515e-03 -8.316827972276190709e-03
4.162212304952337263e+02 -4.090444290966465703e-03 -8.205304673559937062e-03
4.162526336876367168e+02 -4.101219412384168178e-03 -7.999075589650966531e-03
4.162683360502224446e+02 -4.106731197886199364e-03 -7.913734255782236063e-03
4.162840388868884816e+02 -4.112961995636247106e-03 -7.897763418124531878e-03
4.163154857303300105e+02 -4.120492207048691465e-03 -7.721272012707185509e-03
4.163312077706965511e+02 -4.123856034940980193e-03 -7.818730304182484186e-03
4.163469611237863433e+02 -4.125917523498671274e-03 -8.015965835294071654e-03
4.163627186905081885e+02 -4.125312716225885794e-03 -8.264534340068570989e-03
4.163942903492129517e+02 -4.123818601252722538e-03 -8.837181129287424025e-03
4.164100617206133848e+02 -4.122417929668669920e-03 -8.971512272846768679e-03
4.164258112880910403e+02 -4.117662265349928026e-03 -9.303177986977375843e-03
4.164415511462491963e+02 -4.116898148812264506e-03 -9.572929105432809171e-03
4.164729737769980602e+02 -4.110219748777554742e-03 -9.677037308594645809e-03
4.164886649321093728e+02 -4.106355146530998174e-03 -9.789555145585604468e-03
4.165043567540013782e+02 -4.101410461394596786e-03 -9.905338613028285763e-03
4.165200475106539670e+02 -4.096586039546112196e-03 -1.003890452731837600e-02
4.165514479370252161e+02 -4.088225854970268212e-03 -1.035591170559500840e-02
4.165671735014519186e+02 -4.080512753466936093e-03 -1.053357562022688189e-02
4.165828938002193240e+02 -4.075415739630446933e-03 -1.069766611761191824e-02
4.166144021088421141e+02 -4.059755151661321483e-03 -1.105817837181735479e-02
4.166301965073558904e+02 -4.053933391827412545e-03 -1.121732423726874532e-02
4.166459837456958439e+02 -4.045462983694703488e-03 -1.135320283176453719e-02
4.166617480876745390e+02 -4.037621800551893791e-03 -1.145938917046827182e-02
4.166932356163496820e+02 -4.020742087970550008e-03 -1.157858462507188949e-02
4.167089560954534022e+02 -4.013738039916022078e-03 -1.159192102576031037e-02
4.167246577095295947e+02 -4.004875359157446593e-03 -1.157375515738742235e-02
4.167403504300284567e+02 -3.997135943087348417e-03 -1.152660514489257937e-02
4.167717400723960282e+02 -3.980970941380180747e-03 -1.138787483318233311e-02
4.167874556361849727e+02 -3.973755472771261198e-03 -1.128848225641122978e-02
4.168031937141815320e+02 -3.967977463686671660e-03 -1.117965594725121685e-02
4.168345305363008606e+02 -3.958323595528031973e-03 -1.094735619214276014e-02
4.168501903753729039e+02 -3.958337464020672720e-03 -1.082714734340117432e-02
4.168658972385334778e+02 -3.952404734359590138e-03 -1.070459012817825961e-02
4.168816418196026348e+02 -3.952466108917580649e-03 -1.057255434532891961e-02
4.169130978892180224e+02 -3.946466215429648983e-03 -1.031682831608416416e-02
4.169287492318743489e+02 -3.947783334838503126e-03 -1.018740070353559707e-02
4.169444018736303406e+02 -3.951508628840464353e-03 -1.006283881798261150e-02
4.169600203343744624e+02 -3.952105765201475128e-03 -9.940971934671973334e-03
4.169912860811195401e+02 -3.957429118737799262e-03 -9.701562734118629114e-03
4.170069525128805026e+02 -3.962480056738922583e-03 -9.579328301213826252e-03
4.170226244267817037e+02 -3.968571249639856260e-03 -9.458454964721802263e-03
4.170539930035072871e+02 -3.981987417320823931e-03 -9.245847297073232079e-03
4.170697275468332350e+02 -3.991393955615349202e-03 -9.178118588233460939e-03
4.170855079189295793e+02 -4.004841768054294079e-03 -9.098647984306266340e-03
4.171013045280749907e+02 -4.015739095754452051e-03 -9.004790858299475259e-03
4.171327869602079659e+02 -4.038135107602959517e-03 -8.830540876786276833e-03
4.171485177172708063e+02 -4.049097796158371634e-03 -8.727680973251345647e-03
4.171642167077533827e+02 -4.058063477959603094e-03 -8.614290599985072183e-03
4.171956433265247597e+02 -4.077257866649745821e-03 -8.390282963922603837e-03
4.172113470347840689e+02 -4.087644270848219373e-03 -8.276916981630504794e-03
4.172270455846962705e+02 -4.094505172860227887e-03 -8.167819204983823092e-03
4.172427492605538646e+02 -4.100349429208027287e-03 -8.063979540270365537e-03
4.172741497082127466e+02 -4.110429119016319882e-03 -7.896552228646411958e-03
4.172898537837081108e+02 -4.115056373289158881e-03 -7.879309986909378144e-03
4.173055782946501608e+02 -4.118860273356803568e-03 -7.754179554734413719e-03
4.173213077949244507e+02 -4.122446814974561023e-03 -7.724997839597696862e-03
4.173527958086542071e+02 -4.125140195018308156e-03 -8.070318824378228811e-03
4.173685569988057864e+02 -4.125786056320536986e-03 -8.351720636174122039e-03
4.173843499354141500e+02 -4.124607152935269236e-03 -8.676963612037191104e-03
4.174001420132140652e+02 -4.125014131896976612e-03 -8.856846930174491067e-03
4.174316393245176187e+02 -4.117978482096130814e-03 -9.400637355771452111e-03
4.174473722866663934e+02 -4.115527281022010250e-03 -9.578817203086009702e-03
4.174630890646324701e+02 -4.112301877459163986e-03 -9.605322257795348775e-03
4.174944795492777985e+02 -4.107081333072023360e-03 -9.811036018628982447e-03
4.175101722708243415e+02 -4.102257707380163772e-03 -9.931639202359052176e-03
4.175258602393072920e+02 -4.097541339119067580e-03 -1.007031520157250851e-02
4.175415531440706900e+02 -4.092709073815863074e-03 -1.022645749977173051e-02
4.175729938332942766e+02 -4.080161303607595345e-03 -1.057274950239224173e-02
4.175887220751205291e+02 -4.074693852721990132e-03 -1.073445478033555230e-02
4.176044794603267860e+02 -4.065051283802220521e-03 -1.091784121494125508e-02
4.176202430059427115e+02 -4.059523183511625812e-03 -1.109903673060088324e-02
4.176518312087879394e+02 -4.043877352416125337e-03 -1.137660880703678275e-02
4.176675828037043061e+02 -4.034212268893237231e-03 -1.148221657804897669e-02
4.176833256761250937e+02 -4.026824815011146273e-03 -1.154930570646428047e-02
4.177147710815834785e+02 -4.009611966709855126e-03 -1.158557172323755949e-02
4.177304677646332038e+02 -4.003135459987440178e-03 -1.155728503139925520e-02
4.177461636668739970e+02 -3.996508573983184077e-03 -1.150298663671932980e-02
4.177618603203173961e+02 -3.989020469383303298e-03 -1.143723170430221807e-02
4.177932807177568293e+02 -3.974563236744725787e-03 -1.125161844016677425e-02
4.178090098651427411e+02 -3.968983045273576267e-03 -1.114398220502414716e-02
4.178246791883312312e+02 -3.961346930145942177e-03 -1.102841132393733714e-02
4.178403282446682283e+02 -3.959569827314400603e-03 -1.091002096241327872e-02
4.178717212053174990e+02 -3.953347070156813803e-03 -1.066531302185961746e-02
4.178874910647851948e+02 -3.950102493875215504e-03 -1.053277005769652670e-02
4.179032229685125799e+02 -3.950773368490186586e-03 -1.040648529774018671e-02
4.179345509836291512e+02 -3.949370432309832687e-03 -1.014845979742503949e-02
4.179501908794447900e+02 -3.949202737007394964e-03 -1.002577851489712922e-02
4.179658069728400847e+02 -3.951700087903898401e-03 -9.903570890969869492e-03
4.179814352977340377e+02 -3.953719093770861372e-03 -9.781841365674745145e-03
4.180127647229839454e+02 -3.965515066027881265e-03 -9.541037486553780381e-03
4.180284397088121295e+02 -3.971083367306334905e-03 -9.419445963931022056e-03
4.180441163036726380e+02 -3.977203847215751015e-03 -9.306191407836452226e-03
4.180755712766051033e+02 -3.996070065048940197e-03 -9.154317487734714084e-03
4.180913608173684111e+02 -4.005309085363008628e-03 -9.068378010160575708e-03
4.181071452448524610e+02 -4.019617753112312598e-03 -8.976577615038963676e-03
4.181228921960357070e+02 -4.029771239653575331e-03 -8.893136242027983862e-03
4.181543354636597769e+02 -4.049171167339721787e-03 -8.692060281402154767e-03
4.181700443142516974e+02 -4.062449991258447815e-03 -8.577621727951654368e-03
4.181857577287550498e+02 -4.070952000240031163e-03 -8.465272779129376715e-03
4.182014577244236762e+02 -4.080498928669992580e-03 -8.355086180087607436e-03
4.182328596117379220e+02 -4.092310673027539127e-03 -8.134657069831111378e-03
4.182485635326194711e+02 -4.099462133046466970e-03 -8.030272557377014092e-03
4.182642670830911129e+02 -4.107316263993928893e-03 -7.933124059865945266e-03
4.182956802746567178e+02 -4.117093439701013068e-03 -7.847091257194913419e-03
4.183114075768352791e+02 -4.122513977836870895e-03 -7.720803728272994902e-03
4.183271298949851484e+02 -4.122324447350554297e-03 -7.746300750533922572e-03
4.183428755843310114e+02 -4.124594444652638150e-03 -7.910840146146401117e-03
4.183744130483173080e+02 -4.125537328781190075e-03 -8.450401899383331444e-03
4.183901963094841676e+02 -4.123131861955291362e-03 -8.733391618288099609e-03
4.184059816055441274e+02 -4.120585201550800748e-03 -8.886441771461309896e-03
4.184217304984097154e+02 -4.121049385342124421e-03 -9.134183337069366054e-03
4.184531962869298809e+02 -4.113919606470822950e-03 -9.578474038991873982e-03
4.184689041888730117e+02 -4.110889704061774542e-03 -9.619113065110290739e-03
4.184845974039373573e+02 -4.106837558082733139e-03 -9.718123041325972544e-03
4.185002907143672246e+02 -4.103423592320794115e-03 -9.835652534479197295e-03
4.185316738252739697e+02 -4.096739658576672646e-03 -1.010771738944729083e-02
4.185473769669010267e+02 -4.091358710097853582e-03 -1.026905951749244525e-02
4.185630991280186777e+02 -4.085891243719792093e-03 -1.044357286717936990e-02
4.185945574199839143e+02 -4.071243713116717150e-03 -1.077562109701554229e-02
4.186103177535352984e+02 -4.064717835071705171e-03 -1.096615886589636692e-02
4.186261023700686792e+02 -4.057630770157560560e-03 -1.114196038246485082e-02
4.186418866009580597e+02 -4.048557209742650702e-03 -1.128904568161075324e-02
4.186734165099733218e+02 -4.032989920562669341e-03 -1.150500354150966846e-02
4.186891606965787105e+02 -4.024753230194308765e-03 -1.156006572348624965e-02
4.187048812829611961e+02 -4.015782244349261169e-03 -1.158575556557716810e-02
4.187205858960870728e+02 -4.008651945385185295e-03 -1.158168332311403440e-02
4.187519763090321590e+02 -3.991996017222557841e-03 -1.148561073408753061e-02
4.187676717193703553e+02 -3.984729360899465916e-03 -1.142068873257531987e-02
4.187833761408179498e+02 -3.978415497823769090e-03 -1.133104585099643791e-02
4.188148238266873022e+02 -3.965063158577677473e-03 -1.111612648095407219e-02
4.188304769847744637e+02 -3.960854992075262850e-03 -1.100042246854321913e-02
4.188461343068307201e+02 -3.957302650011797207e-03 -1.088155243557645431e-02
4.188618378603885049e+02 -3.955790464818638268e-03 -1.076151230324565687e-02
4.188933286446759894e+02 -3.951111205017939464e-03 -1.050041848182005702e-02
4.189090462543248350e+02 -3.949656034108784547e-03 -1.037450258180210895e-02
4.189247110856913991e+02 -3.948929689469566837e-03 -1.024412269552557944e-02
4.189403629973206762e+02 -3.948984891371792351e-03 -1.011703200603904923e-02
4.189715998630116474e+02 -3.951676358595205933e-03 -9.871303159608069491e-03
4.189872378672720288e+02 -3.955405392562691066e-03 -9.753397384241762127e-03
4.190029020964283859e+02 -3.959566135733597406e-03 -9.629677784482202837e-03
4.190342527473349037e+02 -3.970410486108993942e-03 -9.388590277615753779e-03
4.190499390785200831e+02 -3.979986572499337460e-03 -9.280776140965923959e-03
4.190656582900448939e+02 -3.990234757887189260e-03 -9.204499291688096954e-03
4.190814234420431035e+02 -3.997674382518284948e-03 -9.134395194882806088e-03
4.191129789332096038e+02 -4.018732039598810896e-03 -8.955049166551430281e-03
4.191287260151324858e+02 -4.031556954096252032e-03 -8.869459931251632775e-03
4.191444470627020564e+02 -4.041996413407454927e-03 -8.771370558677037479e-03
4.191601535038342377e+02 -4.053246462123715095e-03 -8.662035919532616937e-03
4.191915800292204040e+02 -4.072946885883236591e-03 -8.436851296579027382e-03
4.192072844223401376e+02 -4.080818535030359372e-03 -8.325314517041807263e-03
4.192229809678885886e+02 -4.087965428712113380e-03 -8.213676944539987507e-03
4.192543843306363556e+02 -4.099493261663799196e-03 -8.004422819371227737e-03
4.192700856209598328e+02 -4.104474562620184265e-03 -7.914403423156825962e-03
4.192857892071591550e+02 -4.109857794000861334e-03 -7.896195584403282661e-03
4.193015081645688156e+02 -4.115812810379203789e-03 -7.808373456410971046e-03
4.193329654649468807e+02 -4.121778817811430976e-03 -7.784063623995786385e-03
4.193487191519766384e+02 -4.125090181452340660e-03 -7.968163036897462845e-03
4.193644767927547719e+02 -4.122805149953476939e-03 -8.212920315354589954e-03
4.193802690981499381e+02 -4.123755429034350363e-03 -8.549131210175761955e-03
4.194118180015939288e+02 -4.120555860332452552e-03 -8.941386898476646333e-03
4.194275668415156133e+02 -4.115789699866372227e-03 -9.231462917974043308e-03
4.194433055079813357e+02 -4.115128531882337667e-03 -9.532222947553740250e-03
4.194747270306287419e+02 -4.109461265849980935e-03 -9.638247012940300701e-03
4.194904172477366728e+02 -4.105868144182133611e-03 -9.746868340441130693e-03
4.195061081658451485e+02 -4.101205119734017100e-03 -9.866651566492848011e-03
4.195217980773869044e+02 -4.096331168128356653e-03 -9.998795366816606162e-03
4.195532017049061437e+02 -4.086992521249221098e-03 -1.031446035657892710e-02
4.195689277994110853e+02 -4.080765769413051587e-03 -1.048603734781541202e-02
4.195846507965594583e+02 -4.075258043502338889e-03 -1.064758447092543740e-02
4.196003998834250410e+02 -4.069344216269388595e-03 -1.081896567180103130e-02
4.196319557199387305e+02 -4.053016157555424867e-03 -1.117985508077147874e-02
4.196477475808965210e+02 -4.045461176904704623e-03 -1.131589756679532086e-02
4.196635048465134901e+02 -4.036696203996163052e-03 -1.143005554162233872e-02
4.196949894324173442e+02 -4.020530688932900769e-03 -1.156413001760542986e-02
4.197107075721394835e+02 -4.013733378887411260e-03 -1.158311095311258948e-02
4.197264085097532984e+02 -4.005862308294752365e-03 -1.156812572311628935e-02
4.197421033366686629e+02 -3.997498709492149430e-03 -1.152534216022120354e-02
4.197734901221974724e+02 -3.981870263229936313e-03 -1.139312793490916340e-02
4.197892029866557664e+02 -3.974566047875627631e-03 -1.129897076483725622e-02
4.198049424456107772e+02 -3.967977371469959096e-03 -1.119251329563974995e-02
4.198206323816709187e+02 -3.963015656052781832e-03 -1.108164015528429434e-02
4.198519559885776289e+02 -3.955612181892270186e-03 -1.084804657870944676e-02
4.198676617651371430e+02 -3.951963144597612707e-03 -1.072629656895938109e-02
4.198834120217292138e+02 -3.949713238826276125e-03 -1.059450154964809016e-02
4.199148654412106225e+02 -3.944884757094439288e-03 -1.033656464778923666e-02
4.199305128017215907e+02 -3.946327415445191611e-03 -1.020642468937981405e-02
4.199461627713444045e+02 -3.950222625867661277e-03 -1.008168841451903899e-02
4.199617810143378165e+02 -3.949668662156431177e-03 -9.957460864283758720e-03
4.199930529100490730e+02 -3.955220481556060395e-03 -9.715490584056362539e-03
4.200087216634213405e+02 -3.959229606877484771e-03 -9.592854450945143691e-03
4.200243947673352523e+02 -3.965160768996539749e-03 -9.470816903612455651e-03
4.200400700437199362e+02 -3.971314552901953482e-03 -9.351937703555818909e-03
4.200715031624183666e+02 -3.986602942805435833e-03 -9.183606013226644146e-03
4.200872837499070442e+02 -4.000367261237136422e-03 -9.107490075835982662e-03
4.201030813696061159e+02 -4.010479960760862314e-03 -9.013108923361380989e-03
4.201345531259234463e+02 -4.032568106603360084e-03 -8.840265729082429774e-03
4.201502819911527808e+02 -4.044332907296484779e-03 -8.738293543876413799e-03
4.201659809909469914e+02 -4.052235060516175789e-03 -8.626122114955205034e-03
4.201816992976602023e+02 -4.063963413259747033e-03 -8.511722325617320645e-03
4.202131054867388684e+02 -4.080876884388023526e-03 -8.289867851369739707e-03
4.202288036285023622e+02 -4.089031916100622360e-03 -8.179586387194745858e-03
4.202445072722996429e+02 -4.095898914978070467e-03 -8.074688637638278987e-03
4.202602128118787164e+02 -4.101057393979552074e-03 -7.973117925213681761e-03
4.202916154483989999e+02 -4.111213200944567256e-03 -7.887618209166917180e-03
4.203073425624588140e+02 -4.115069270880756039e-03 -7.761767555599009653e-03
4.203230699579111160e+02 -4.117560017255740383e-03 -7.711684976074445995e-03
4.203545650602493424e+02 -4.119833768089181496e-03 -8.026002499877921137e-03
4.203703278824401650e+02 -4.121701978967814116e-03 -8.304551734636249696e-03
4.203861199289311799e+02 -4.120226818703905287e-03 -8.631507775204678296e-03
4.204019107577522618e+02 -4.119937740602433278e-03 -8.804329674013728138e-03
4.204334050850288804e+02 -4.114657942939238706e-03 -9.335155610372349380e-03
4.204491347058526003e+02 -4.112067027880982745e-03 -9.557668968514957536e-03
4.204648497718917497e+02 -4.108109252240222178e-03 -9.585351217942348831e-03
4.204805452623172641e+02 -4.106172255769789843e-03 -9.661411899427511593e-03
4.205119314492307581e+02 -4.100055615742307855e-03 -9.898475226300324295e-03
4.205276225633913327e+02 -4.094978174257683790e-03 -1.003591827027026234e-02
4.205433159351301811e+02 -4.090210110606417628e-03 -1.019156115005915610e-02
4.205747553695841816e+02 -4.077108024931314252e-03 -1.052783829494996493e-02
4.205904878078671913e+02 -4.071678400005163991e-03 -1.068754482535281061e-02
4.206062474646406031e+02 -4.063195859539465125e-03 -1.086770098483071968e-02
4.206220144427687728e+02 -4.056869596428200504e-03 -1.105348769112863248e-02
4.206535992805350475e+02 -4.040047375899271515e-03 -1.134150607367413396e-02
4.206693505451501665e+02 -4.032898446632382158e-03 -1.145134028856514309e-02
4.206850916197640231e+02 -4.024736042111900884e-03 -1.152393087272291991e-02
4.207008185211122395e+02 -4.016387023551224074e-03 -1.156298695038741192e-02
4.207322268766213824e+02 -4.000026853204674722e-03 -1.154847434727684745e-02
4.207479229709615538e+02 -3.993835215839893968e-03 -1.149776038492677371e-02
4.207636181999740188e+02 -3.987079981129634278e-03 -1.143467948285406544e-02
4.207950415243873863e+02 -3.972474371194071284e-03 -1.125746546462622240e-02
4.208107683539282107e+02 -3.967899267341584192e-03 -1.115261609510907401e-02
4.208264375451902879e+02 -3.959509365451731322e-03 -1.104069395617623094e-02
4.208420925905630270e+02 -3.956414553540601488e-03 -1.092412170328189817e-02
4.208734953168564630e+02 -3.951148998048549001e-03 -1.068174877186392827e-02
4.208892672329954507e+02 -3.948465310281265919e-03 -1.054889532220626598e-02
4.209049980839200771e+02 -3.947393784967914883e-03 -1.042108583213648826e-02
4.209206814670216659e+02 -3.945174394454941010e-03 -1.029143894635331513e-02
4.209519588374917589e+02 -3.944477505060377254e-03 -1.003959645528512516e-02
4.209675747714833847e+02 -3.947667774528546523e-03 -9.914747354918304612e-03
4.209832059355588854e+02 -3.949531004309283881e-03 -9.793416027815164335e-03
4.210145397064344479e+02 -3.960008575404593001e-03 -9.550210973772958051e-03
4.210302152395816506e+02 -3.967048359376519791e-03 -9.427487096500391031e-03
4.210458976119763861e+02 -3.973038800814602048e-03 -9.313052770218656698e-03
4.210616015440015190e+02 -3.982771424035845900e-03 -9.225511756680262326e-03
4.210931469877349400e+02 -3.999850660968856143e-03 -9.072924118161757728e-03
4.211089242270429054e+02 -4.013595964435377923e-03 -8.980700459224534582e-03
4.211246729656247112e+02 -4.023419591723090098e-03 -8.897323838333104709e-03
4.211403866759685002e+02 -4.032739494996847793e-03 -8.803976659224020673e-03
4.211718144127815435e+02 -4.056913235564268277e-03 -8.584058786492295215e-03
4.211875265608313157e+02 -4.064726039376748666e-03 -8.472079217365872245e-03
4.212032249139826945e+02 -4.073160026277807336e-03 -8.362651795854990008e-03
4.212346254165900632e+02 -4.086643577723329292e-03 -8.142978235850095031e-03
4.212503300392627921e+02 -4.092895487169363918e-03 -8.037413916779380038e-03
4.212660337464010922e+02 -4.100285236981711552e-03 -7.938441171269339930e-03
4.212817356457337041e+02 -4.107608884358057710e-03 -7.897678561347272475e-03
4.213131796259397674e+02 -4.116081921703380886e-03 -7.719315878219521442e-03
4.213289008014031651e+02 -4.117575252589319307e-03 -7.725132921521883113e-03
4.213446511558934162e+02 -4.119447521942674884e-03 -7.869315423706977480e-03
4.213604102129400530e+02 -4.121355506555767975e-03 -8.086773603067561392e-03
4.213919750186135502e+02 -4.118970384712775101e-03 -8.685329197190635661e-03
4.214077547144462983e+02 -4.117266718858986728e-03 -8.834534662737682231e-03
4.214235039391265332e+02 -4.115903694653618231e-03 -9.093180036127098895e-03
4.214549678068976846e+02 -4.109889196829293566e-03 -9.563809397065227424e-03
4.214706720608434125e+02 -4.107656121606927981e-03 -9.592716959570533539e-03
4.214863646587945709e+02 -4.103712430530985673e-03 -9.683466516644553476e-03
4.215020573153942678e+02 -4.099613612089094035e-03 -9.802213731316514883e-03
4.215334407359158035e+02 -4.092425010290095394e-03 -1.007499854273025651e-02
4.215491451218908310e+02 -4.088366969839883278e-03 -1.023602342532721997e-02
4.215648710824428917e+02 -4.081027892347521488e-03 -1.040461338362038204e-02
4.215805861824060798e+02 -4.075704149055713391e-03 -1.056799596324955667e-02
4.216120924403992944e+02 -4.061161683400523435e-03 -1.092093149029888140e-02
4.216278810210253596e+02 -4.055211975967333397e-03 -1.109571217974190081e-02
4.216436657898500471e+02 -4.046303284111572168e-03 -1.124628819299161933e-02
4.216751898054840808e+02 -4.029205421981860158e-03 -1.146733477983455027e-02
4.216909310149236489e+02 -4.022728389960011051e-03 -1.152731137714587198e-02
4.217066534944739828e+02 -4.013887752489224414e-03 -1.155749621272842038e-02
4.217223542462427304e+02 -4.006494157189939218e-03 -1.155568682174876877e-02
4.217537432423741279e+02 -3.989976551372397505e-03 -1.146549016633398310e-02
4.217694379250756924e+02 -3.982089262466802920e-03 -1.140214967691151500e-02
4.217851422459026480e+02 -3.975256886849545986e-03 -1.131841933734266219e-02
4.218008795187927831e+02 -3.970464596699359999e-03 -1.121350923480212911e-02
4.218322458610280705e+02 -3.958759601069382697e-03 -1.099459705192628797e-02
4.218479087405615360e+02 -3.956731840016367886e-03 -1.087804925798569432e-02
4.218636136427701899e+02 -3.951862662447190415e-03 -1.075926487708849313e-02
4.218951108791158049e+02 -3.947719609197880217e-03 -1.049953170691653517e-02
4.219108261315419668e+02 -3.945328532804237912e-03 -1.037236004333047003e-02
4.219264864440924612e+02 -3.945124808424860414e-03 -1.024200863006423205e-02
4.219421370979926564e+02 -3.946183695989138526e-03 -1.011528379831599413e-02
4.219733760158270002e+02 -3.948245777379495378e-03 -9.868384812413760407e-03
4.219890152190108665e+02 -3.951577407724234103e-03 -9.749233317960431799e-03
4.220046806926702629e+02 -3.955978842863510508e-03 -9.625315569185000086e-03
4.220203567133049205e+02 -3.960662852320937996e-03 -9.503439933219613375e-03
4.220517224779375738e+02 -3.973869163562978798e-03 -9.274750995809691659e-03
4.220674432355486374e+02 -3.984287267350503266e-03 -9.196021856438630487e-03
4.220832139723868295e+02 -3.992863060245517917e-03 -9.126478910775004394e-03
4.221147625001488564e+02 -4.013593448353856841e-03 -8.946546833491565362e-03
4.221305045320671070e+02 -4.026678209554401290e-03 -8.860776788801419043e-03
4.221462275741332064e+02 -4.037071997982697065e-03 -8.762601898017965615e-03
4.221619270566507680e+02 -4.048094239547731822e-03 -8.653237631938179991e-03
4.221933501421648884e+02 -4.067441683915718094e-03 -8.429043836689352129e-03
4.222090533187051733e+02 -4.078075281094213460e-03 -8.318521606406267810e-03
4.222247525061854390e+02 -4.083491228117559421e-03 -8.207431142597676130e-03
4.222404521156484520e+02 -4.090385026585994892e-03 -8.101283941303922750e-03
4.222718559846647395e+02 -4.100760459760686288e-03 -7.907251726061546512e-03
4.222875599200954753e+02 -4.105911967334509652e-03 -7.891796736724840389e-03
4.223032821753489543e+02 -4.110966972729632705e-03 -7.800806774673876669e-03
4.223347438132948923e+02 -4.118404493911896613e-03 -7.746003798061224313e-03
4.223504975065857252e+02 -4.121053858110458080e-03 -7.913047995349442934e-03
4.223662567465423763e+02 -4.119385833803003785e-03 -8.157138532371698350e-03
4.223820498260368481e+02 -4.119543633435042949e-03 -8.508155946964050462e-03
4.224135953153864307e+02 -4.116400236953556696e-03 -8.883391462691996726e-03
4.224293426316661453e+02 -4.113124241687651783e-03 -9.178336142177508095e-03
4.224450793065828975e+02 -4.111940517142602738e-03 -9.487610227882210118e-03
4.224607972806572320e+02 -4.110503708183612173e-03 -9.558357431725068853e-03
4.224921905672437106e+02 -4.103748946683775586e-03 -9.705262802534947442e-03
4.225078801888080875e+02 -4.099591684581620210e-03 -9.828760555603896845e-03
4.225235693007560371e+02 -4.094995542871458435e-03 -9.961249059185635704e-03
4.225549761625806582e+02 -4.084987037784414479e-03 -1.027901028228036910e-02
4.225707019182358977e+02 -4.079666947521883025e-03 -1.044457733724252907e-02
4.225864257198834935e+02 -4.074134887025619711e-03 -1.060379764817528589e-02
4.226021781893919069e+02 -4.066277257855435874e-03 -1.077548192460303124e-02
4.226337363254419301e+02 -4.051320796275187028e-03 -1.113308875661281339e-02
4.226495301311437629e+02 -4.044946866428359399e-03 -1.127114812653038679e-02
4.226652832395562314e+02 -4.034795638101770082e-03 -1.139015130166342801e-02
4.226810286875480642e+02 -4.026967946584629476e-03 -1.147596299499089971e-02
4.227124802384709596e+02 -4.011717664430052357e-03 -1.154635343160913957e-02
4.227281777921406274e+02 -4.005243710113680876e-03 -1.153414237712702475e-02
4.227438750565939927e+02 -3.997408907802112166e-03 -1.149311886426329296e-02
4.227752620694620873e+02 -3.981815985693593248e-03 -1.136489644827162401e-02
4.227909740454202279e+02 -3.974627785615923552e-03 -1.127146136624263342e-02
4.228067137243945695e+02 -3.967910579255623342e-03 -1.116981823781350823e-02
4.228224023405254002e+02 -3.962504512103190088e-03 -1.106146477872384411e-02
4.228537391159936760e+02 -3.951874771974310183e-03 -1.083212545669082379e-02
4.228694413708282696e+02 -3.951386827411658594e-03 -1.071213449807381993e-02
4.228852007022118755e+02 -3.947310916680767633e-03 -1.058110741151918090e-02
4.229009520562013904e+02 -3.947159161126403450e-03 -1.045293299120686470e-02
4.229322926153184312e+02 -3.944910801142996817e-03 -1.019274006656197169e-02
4.229479389413138506e+02 -3.946820370745479645e-03 -1.006918343720351536e-02
4.229635576025510773e+02 -3.946899783170007385e-03 -9.944817226542824323e-03
4.229948322192500996e+02 -3.953524124465739725e-03 -9.700867652426847093e-03
4.230105060160811945e+02 -3.957127519172204747e-03 -9.578546061403847567e-03
4.230261804066622631e+02 -3.962300853743203934e-03 -9.455985124105208833e-03
4.230418566113673933e+02 -3.968382616217154026e-03 -9.337826382374288942e-03
4.230732939244794579e+02 -3.984359036425827449e-03 -9.167661916858594814e-03
4.230890764402288369e+02 -3.995640206006996140e-03 -9.091262775968477969e-03
4.231048710139400555e+02 -4.007204243319172424e-03 -8.996057475657626146e-03
4.231206131785299931e+02 -4.018566969217941473e-03 -8.912554273716091074e-03
4.231520603711413173e+02 -4.039687092239457530e-03 -8.720670650477891847e-03
4.231677614452503349e+02 -4.049130957275272683e-03 -8.608787893031750668e-03
4.231834745579487276e+02 -4.060350990024593452e-03 -8.495101640052470787e-03
4.232148775863079209e+02 -4.076666666697153704e-03 -8.274746840089577254e-03
4.232305763280255064e+02 -4.084345308201341694e-03 -8.164106780938111887e-03
4.232462796977667949e+02 -4.092165099819198085e-03 -8.058835051418255374e-03
4.232619855070229846e+02 -4.098919896508235183e-03 -7.956746071294358222e-03
4.232933924194364863e+02 -4.108998237536626644e-03 -7.874854203905941319e-03
4.233091210321766766e+02 -4.113800199035959511e-03 -7.742983896815447582e-03
4.233248465213874852e+02 -4.114804356060123777e-03 -7.679805205609291363e-03
4.233405872893014248e+02 -4.118555647147627459e-03 -7.774474626401832282e-03
4.233721161367536752e+02 -4.119739031867045327e-03 -8.242787187093703061e-03
4.233879055291250779e+02 -4.117942355847364899e-03 -8.589556276980343102e-03
4.234036939810382023e+02 -4.116586807523892576e-03 -8.730240961581921949e-03
4.234351855051429538e+02 -4.113423606840708492e-03 -9.273263208484190320e-03
4.234509118626202167e+02 -4.110789122794362462e-03 -9.522519230716564032e-03
4.234666239783546189e+02 -4.107047706407812408e-03 -9.552878575773020298e-03
4.234823187418692214e+02 -4.104220815805052422e-03 -9.615007585305227963e-03
4.235137043380485125e+02 -4.099514427165149022e-03 -9.858389166677004184e-03
4.235293967923761898e+02 -4.095252483094259655e-03 -9.998219928986192689e-03
4.235450947179115815e+02 -4.089764161688213238e-03 -1.015444222881776992e-02
4.235608141885482496e+02 -4.086263281482279026e-03 -1.031953278678753375e-02
4.235922690598982285e+02 -4.071265821856876951e-03 -1.063893547250506846e-02
4.236080286556615988e+02 -4.064435107638276687e-03 -1.082294853215862336e-02
4.236238035982520955e+02 -4.056877820937656795e-03 -1.100863251500466475e-02
4.236553812106944861e+02 -4.039635081271624600e-03 -1.129758557928530090e-02
4.236711301332121593e+02 -4.034525652763698740e-03 -1.140999342885776549e-02
4.236868731600440015e+02 -4.025247021803768019e-03 -1.148328419872784480e-02
4.237025967090614245e+02 -4.016907147165098800e-03 -1.152425072430067823e-02
4.237340008387690204e+02 -4.000647059067176034e-03 -1.151379862030272282e-02
4.237496969864628795e+02 -3.993732019386690008e-03 -1.146481961642862625e-02
4.237653923160178238e+02 -3.987341232815014812e-03 -1.140326823529210984e-02
4.237810896092512394e+02 -3.980800304833037769e-03 -1.133086367949133130e-02
4.238125435321603618e+02 -3.968209997523494681e-03 -1.112941331931375025e-02
4.238282122142771868e+02 -3.960929139671419581e-03 -1.101976074632353766e-02
4.238438728273881679e+02 -3.956145572816092623e-03 -1.090577155830919735e-02
4.238752836207522705e+02 -3.951865245278986076e-03 -1.066660813460250205e-02
4.238910565557265500e+02 -3.948848463253481177e-03 -1.053416133989858693e-02
4.239067875559140930e+02 -3.946917326647921692e-03 -1.040737073733284321e-02
4.239224656263930342e+02 -3.945027122212230175e-03 -1.027645177045013493e-02
4.239537423298949079e+02 -3.943835738605276468e-03 -1.002535474296508203e-02
4.239693572682263039e+02 -3.946603046811892820e-03 -9.899648313367443581e-03
4.239849905403098091e+02 -3.948972114488200416e-03 -9.779631356513548285e-03
4.240006510785534601e+02 -3.952355093617774401e-03 -9.656168157290659360e-03
4.240320057561145290e+02 -3.964401238676420851e-03 -9.412443862596377511e-03
4.240476894498161187e+02 -3.972381939459371930e-03 -9.297852540443986985e-03
4.240633975832964211e+02 -3.980934669582927507e-03 -9.208506928082978507e-03
4.240949460820552872e+02 -3.997825620017092345e-03 -9.055098739143381190e-03
4.241107152632517909e+02 -4.009411945498918793e-03 -8.962281769496678943e-03
4.241264635158454439e+02 -4.020764764555877398e-03 -8.879078636230752428e-03
4.241421766027189619e+02 -4.030442654196741449e-03 -8.785872717771767496e-03
4.241735990866504835e+02 -4.052589765060865025e-03 -8.566785513458840054e-03
4.241893072950754231e+02 -4.062559716052602070e-03 -8.454675713213861271e-03
4.242050054085559054e+02 -4.069808878271324003e-03 -8.345345897495651255e-03
4.242207040556909874e+02 -4.079033434165824090e-03 -8.232944724758595872e-03
4.242521089954768740e+02 -4.090569423887099529e-03 -8.020472461291337438e-03
4.242678121440844734e+02 -4.096873829181273997e-03 -7.920106632866800306e-03
4.242835151275784256e+02 -4.103893129612304347e-03 -7.881688497469768045e-03
4.243149638360619065e+02 -4.112424538321196588e-03 -7.696726628583296613e-03
4.243306856418838606e+02 -4.115858798693740501e-03 -7.686269016691079856e-03
4.243464394350937141e+02 -4.118233607067575686e-03 -7.810326123797225323e-03
4.243621981631899871e+02 -4.118959871712827084e-03 -8.019207290418580228e-03
4.243937679584060447e+02 -4.118225695926941606e-03 -8.641983200233337506e-03
4.244095402000174886e+02 -4.117315805217467220e-03 -8.759697204587531261e-03
4.244252894891095025e+02 -4.113661912234537268e-03 -9.027950347921222946e-03
4.244410299262448802e+02 -4.113240612603275177e-03 -9.360588014241352436e-03
4.244724528572502322e+02 -4.107525612344006122e-03 -9.551067112859693703e-03
4.244881448392812331e+02 -4.104078530933809657e-03 -9.633412463570283774e-03
4.245038370512802999e+02 -4.099656696187221720e-03 -9.755058527255075149e-03
4.245352201409617692e+02 -4.091581268077553596e-03 -1.003602721087146210e-02
4.245509277896547928e+02 -4.088251925658839721e-03 -1.019545775707968345e-02
4.245666530730256341e+02 -4.080656101447941407e-03 -1.035849248697320174e-02
4.245823721577268657e+02 -4.076069571185480730e-03 -1.051756512375049551e-02
4.246138797416155626e+02 -4.061088019607084210e-03 -1.087379763886395234e-02
4.246296728538321759e+02 -4.055656675408097871e-03 -1.105244050756348101e-02
4.246454592386505169e+02 -4.047298310288998877e-03 -1.119659970611508459e-02
4.246612265486126603e+02 -4.039851179125596853e-03 -1.132639607893802698e-02
4.246927148298232169e+02 -4.023439547136464789e-03 -1.149200064211782120e-02
4.247084362248897378e+02 -4.016228082830318284e-03 -1.152345969736209147e-02
4.247241365157470909e+02 -4.007647838594583997e-03 -1.152430296541945808e-02
4.247555234287322037e+02 -3.991762363587100793e-03 -1.143946966400532887e-02
4.247712174189773577e+02 -3.983848428166506493e-03 -1.137869593634162173e-02
4.247869201855207280e+02 -3.976571386370007094e-03 -1.129766982566849862e-02
4.248026599078888239e+02 -3.970778708649011328e-03 -1.119657088881596818e-02
4.248340314598167993e+02 -3.959853919676644025e-03 -1.098259418109739580e-02
4.248497015070443013e+02 -3.958345023933813531e-03 -1.086837963172484350e-02
4.248654032532695624e+02 -3.951898125357809766e-03 -1.075091500498563495e-02
4.248811404142549009e+02 -3.951347033216708916e-03 -1.062370264732338462e-02
4.249126225407327411e+02 -3.943837081429090417e-03 -1.036492991484677315e-02
4.249282782671984933e+02 -3.944134567425741991e-03 -1.023337114045809286e-02
4.249439290806959661e+02 -3.947299665716376589e-03 -1.010756649678570991e-02
4.249751701834561572e+02 -3.948048336728936410e-03 -9.859489623851049739e-03
4.249908112033547241e+02 -3.950347359311326238e-03 -9.739298321639297193e-03
4.250064775276873661e+02 -3.954452920043694669e-03 -9.615585439372827462e-03
4.250221543537859361e+02 -3.959370738285245689e-03 -9.492853482528817999e-03
4.250535244072505066e+02 -3.970921445456355482e-03 -9.264088434187319962e-03
4.250692479009717886e+02 -3.979638556980556914e-03 -9.182920760723332215e-03
4.250850208443354745e+02 -3.991208026944207711e-03 -9.114338800219027800e-03
4.251008191066185873e+02 -4.001835479815221870e-03 -9.020825387569084142e-03
4.251323004176545624e+02 -4.023357914541696688e-03 -8.848230449649325050e-03
4.251480253170990409e+02 -4.034012420214875064e-03 -8.750388372099411616e-03
4.251637190203156251e+02 -4.043656085297214244e-03 -8.641525280653702262e-03
4.251951371819937435e+02 -4.063471715522454578e-03 -8.417529490820687896e-03
4.252108397541586555e+02 -4.074874864543704019e-03 -8.307342670706251500e-03
4.252265389449276540e+02 -4.081478765660573500e-03 -8.196052327116501099e-03
4.252422419640701605e+02 -4.087696058062612915e-03 -8.089088590141634699e-03
4.252736445500174796e+02 -4.098774441142139652e-03 -7.893075702367250562e-03
4.252893490055620873e+02 -4.103944242472702501e-03 -7.879158721505907792e-03
4.253050740414568622e+02 -4.108382974828923145e-03 -7.790678891596755293e-03
4.253208051393141886e+02 -4.112612336462453250e-03 -7.669249457110893786e-03
4.253522934771164046e+02 -4.117014774480942489e-03 -7.852932840373000323e-03
4.253680552631949467e+02 -4.117685288185509579e-03 -8.090719866945155977e-03
4.253838480026167304e+02 -4.117303768919924369e-03 -8.453787541723592133e-03
4.254153910536122112e+02 -4.113835232406142656e-03 -8.809401853465393534e-03
4.254311364229138803e+02 -4.112216211184402566e-03 -9.115953887809275305e-03
4.254468702234746047e+02 -4.110437529219574185e-03 -9.434329313372643785e-03
4.254625870875755140e+02 -4.108159697775734011e-03 -9.531090284410841107e-03
4.254939794827399737e+02 -4.103557307530483582e-03 -9.659195967800997956e-03
4.255096709890067359e+02 -4.099166526308538859e-03 -9.786244666559936953e-03
4.255253589816870772e+02 -4.094960052329306606e-03 -9.922150273321534916e-03
4.255410519774061413e+02 -4.090532566512022211e-03 -1.007449991649604464e-02
4.255724926799250056e+02 -4.079206014517159327e-03 -1.039944190426291860e-02
4.255882197770542348e+02 -4.074054096191103390e-03 -1.055283187280834332e-02
4.256039758813600997e+02 -4.064767276190900391e-03 -1.072095777875800224e-02
4.256355348030585333e+02 -4.051070485190642369e-03 -1.109546081740950263e-02
4.256513273493367251e+02 -4.044714591945229414e-03 -1.122923811902903218e-02
4.256670796179864737e+02 -4.034881396762687519e-03 -1.135612682774888617e-02
4.256828231153840534e+02 -4.027748125860399625e-03 -1.144897304742270062e-02
4.257142697160360285e+02 -4.011135422656238875e-03 -1.152704093254144739e-02
4.257299661634766039e+02 -4.004980797506166139e-03 -1.151906124574640297e-02
4.257456616866002719e+02 -3.998140014451373979e-03 -1.148083180068247035e-02
4.257613585667062353e+02 -3.990582585745375277e-03 -1.142212033638864525e-02
4.257927616548398078e+02 -3.975755413265267581e-03 -1.126758455059252359e-02
4.258085015731612089e+02 -3.969512979767509005e-03 -1.116973776693044006e-02
4.258241908367066912e+02 -3.962382189442010226e-03 -1.106360093140006280e-02
4.258555435293583855e+02 -3.951318700854728957e-03 -1.083788667032145950e-02
4.258712432805153867e+02 -3.951670849235957607e-03 -1.071857575961279556e-02
4.258870105719812500e+02 -3.947505171066302207e-03 -1.058772611764511977e-02
4.259027594061693662e+02 -3.947171423544035100e-03 -1.045937535450259040e-02
4.259340975424484554e+02 -3.944534437670157469e-03 -1.019735838675360148e-02
4.259497396222230918e+02 -3.943538796987645055e-03 -1.007371750347978850e-02
4.259653578501843754e+02 -3.945265941793123406e-03 -9.948777350585018275e-03
4.259809840110765435e+02 -3.946217878972474793e-03 -9.823359439304631124e-03
4.260123119650107242e+02 -3.955597159053722382e-03 -9.579711391510866564e-03
4.260279920529858941e+02 -3.959836926919953551e-03 -9.456088606011801151e-03
4.260436708638335972e+02 -3.965190119189756536e-03 -9.338205424690392692e-03
4.260751103267256781e+02 -3.981594701157709776e-03 -9.163648871690946787e-03
4.260908947943759131e+02 -3.989935525979078877e-03 -9.089041904780555126e-03
4.261066844418907067e+02 -4.003405114066097524e-03 -8.993030953367397995e-03
4.261224285939663332e+02 -4.013516208173474077e-03 -8.909107512067112114e-03
4.261538642104606538e+02 -4.033077041049127134e-03 -8.718846823847650404e-03
4.261695673094066592e+02 -4.045699790540067259e-03 -8.608122101037358337e-03
4.261852752277871446e+02 -4.055118492089811524e-03 -8.495254083558232208e-03
4.262009727436596904e+02 -4.065345776264326846e-03 -8.385960550052314055e-03
4.262323746619040890e+02 -4.078150835000253840e-03 -8.164597931434177183e-03
4.262480794090932363e+02 -4.085861191869686465e-03 -8.057777392370435096e-03
4.262637840054110825e+02 -4.093890006164568190e-03 -7.954307606159049041e-03
4.262951972675122647e+02 -4.104529780292590080e-03 -7.871458861001014856e-03
4.263109256840563148e+02 -4.110407552299969597e-03 -7.742502991775959166e-03
4.263266495578693025e+02 -4.110700279431054802e-03 -7.663117632711069840e-03
4.263423950814409409e+02 -4.113735966237616268e-03 -7.736953068542310255e-03
4.263739324314251462e+02 -4.115864425183211883e-03 -8.181318668090220222e-03
4.263897163150969050e+02 -4.114103018655865078e-03 -8.551400609681647849e-03
4.264055015228328216e+02 -4.112099674920609120e-03 -8.689503917043791062e-03
4.264212498536138582e+02 -4.113251730958361607e-03 -8.880225263299812780e-03
4.264527157215608213e+02 -4.107328125685353985e-03 -9.485067861372898160e-03
4.264684244512209830e+02 -4.104551350030612687e-03 -9.530939893787487155e-03
4.264841184070614872e+02 -4.101164694318008494e-03 -9.579114674944577343e-03
4.265155042954077658e+02 -4.095997827617903556e-03 -9.820747387527610159e-03
4.265311953727702416e+02 -4.092817267538698990e-03 -9.963266999789253259e-03
4.265468985037212519e+02 -4.087673510252543344e-03 -1.011554557481251886e-02
4.265626193570851115e+02 -4.083231280219525201e-03 -1.027960931438886769e-02
4.265940767546043162e+02 -4.068883988644223480e-03 -1.059361571181585693e-02
4.266098367896993295e+02 -4.062778929668288928e-03 -1.077513808019029025e-02
4.266256192310557935e+02 -4.055631105470623200e-03 -1.097694366115795073e-02
4.266414041628397058e+02 -4.047001074850149240e-03 -1.113726163176568043e-02
4.266729361545638994e+02 -4.032406595816102717e-03 -1.138759251350611804e-02
4.266886805779713541e+02 -4.023891569648377006e-03 -1.147037309513784450e-02
4.267044011377712991e+02 -4.015279489233837540e-03 -1.151671177764175720e-02
4.267201064498420351e+02 -4.008205406102005250e-03 -1.153084347809113508e-02
4.267514964132193427e+02 -3.991938856011096638e-03 -1.146882311771246950e-02
4.267671914792288135e+02 -3.984886219200883990e-03 -1.141044587136462798e-02
4.267828878369845711e+02 -3.978949106315288024e-03 -1.134275435236721703e-02
4.268143443988926151e+02 -3.964762219068706899e-03 -1.114504688596813786e-02
4.268300152552901636e+02 -3.959522015367840722e-03 -1.103754762452104771e-02
4.268456849100504087e+02 -3.954656354720061454e-03 -1.092546937399047069e-02
4.268613861122970548e+02 -3.952931441491100428e-03 -1.080962028731683768e-02
4.268928758146571454e+02 -3.946449154520901594e-03 -1.055441475569986708e-02
4.269086068221270125e+02 -3.944271997610330344e-03 -1.042695906186340803e-02
4.269242799185875583e+02 -3.942745054920474522e-03 -1.029354869997278765e-02
4.269555566775335365e+02 -3.941390599742957898e-03 -1.004142567619394771e-02
4.269711694591406967e+02 -3.942932770957991578e-03 -9.914420706262356067e-03
4.269868049083889332e+02 -3.945385913372258073e-03 -9.793729477134712966e-03
4.270024677392030412e+02 -3.948670168491010685e-03 -9.668759305000811793e-03
4.270338271955170626e+02 -3.957628569400212237e-03 -9.423675355510705356e-03
4.270495141541915700e+02 -3.966221002928982386e-03 -9.308512465587250734e-03
4.270652253425440108e+02 -3.974942298743908489e-03 -9.214561814062728271e-03
4.270809805131998473e+02 -3.981333103005831389e-03 -9.146544140901583311e-03
4.271125387875978276e+02 -4.000759635954771049e-03 -8.968391669531358343e-03
4.271282834525134717e+02 -4.013432530410996311e-03 -8.885820182948225149e-03
4.271439982739111088e+02 -4.023606002314752440e-03 -8.793561199258847355e-03
4.271754143846709439e+02 -4.043524870212072270e-03 -8.576294785344959135e-03
4.271911166185448678e+02 -4.055556920655701073e-03 -8.464611765879660396e-03
4.272068185577414283e+02 -4.063248066977844485e-03 -8.355648625967297335e-03
4.272225150261211297e+02 -4.071448192568872387e-03 -8.244226432653939049e-03
4.272539205132987945e+02 -4.083764840034305281e-03 -8.029248008865530820e-03
4.272696227814077474e+02 -4.089369248416067047e-03 -7.925669437096881029e-03
4.272853268309048076e+02 -4.095317977784585298e-03 -7.880468474955548697e-03
4.273010460938317010e+02 -4.101935001170077186e-03 -7.847559307934459660e-03
4.273325046481230061e+02 -4.108767189900480905e-03 -7.671099445516098639e-03
4.273482594882090098e+02 -4.112505310571548320e-03 -7.774490383410554394e-03
4.273640181579268642e+02 -4.111277039478221894e-03 -7.969350155086702206e-03
4.273955939992952153e+02 -4.111920815980363818e-03 -8.620190771623521819e-03
4.274113577974831060e+02 -4.110927796933711194e-03 -8.717292545216600783e-03
4.274271064645407137e+02 -4.106665288157193214e-03 -8.966392704618282236e-03
4.274428454514031728e+02 -4.106648414496633266e-03 -9.306429514677066334e-03
4.274742672051872319e+02 -4.101893823044490753e-03 -9.534105258073676328e-03
4.274899581624110283e+02 -4.098915288712055849e-03 -9.601863919641540415e-03
4.275056496551814575e+02 -4.094650094071231733e-03 -9.718253397594571463e-03
4.275213396648297248e+02 -4.090318397396497559e-03 -9.852681845886042053e-03
4.275527429168130880e+02 -4.082206917900039513e-03 -1.015813770557558171e-02
4.275684686248779371e+02 -4.076042636845069941e-03 -1.032439648621172844e-02
4.275841909720380727e+02 -4.071010818295364535e-03 -1.048742806322943040e-02
4.276156989780662911e+02 -4.056204935750499542e-03 -1.083633369022738921e-02
4.276314937978700641e+02 -4.050082513164395513e-03 -1.103028799130484523e-02
4.276472849000560359e+02 -4.042582087165508611e-03 -1.117932773339124115e-02
4.276630443795880865e+02 -4.034390655416820320e-03 -1.131453820277564769e-02
4.276945299628715134e+02 -4.018554463370323585e-03 -1.149421008212334061e-02
4.277102481191503216e+02 -4.011976364139021450e-03 -1.153184991742178984e-02
4.277259494824806438e+02 -4.003887436927739026e-03 -1.153728846209705304e-02
4.277416430138895862e+02 -3.995769327097516317e-03 -1.151158785543123821e-02
4.277730288811993091e+02 -3.980055949591929966e-03 -1.140208768249273766e-02
4.277887291448154201e+02 -3.972560679386913027e-03 -1.132137709732330098e-02
4.278044695441027443e+02 -3.965393337199389287e-03 -1.122299901971872751e-02
4.278201806164817071e+02 -3.959896108792578320e-03 -1.112098607785532052e-02
4.278515303254210380e+02 -3.951302259207440520e-03 -1.089910983758716166e-02
4.278672296018115730e+02 -3.946419706162539523e-03 -1.078208135447219530e-02
4.278829729316203725e+02 -3.944104252265357401e-03 -1.065459346447478195e-02
4.279144527117509824e+02 -3.937709988261177060e-03 -1.039389487412586272e-02
4.279301039677098402e+02 -3.937997794875938012e-03 -1.026032703052091530e-02
4.279457542545187607e+02 -3.941687894717762694e-03 -1.013461077038170510e-02
4.279613737164927443e+02 -3.940144765906899993e-03 -1.000919457745224478e-02
4.279926414829178611e+02 -3.943075768304565680e-03 -9.761230805319457901e-03
4.280083095439047725e+02 -3.945984827206359437e-03 -9.637098585123486313e-03
4.280239872976592892e+02 -3.950716595471769933e-03 -9.513020249827155994e-03
4.280553636553052002e+02 -3.961871430026752544e-03 -9.282257522021533994e-03
4.280710902232628428e+02 -3.968612161565441415e-03 -9.195689710122563129e-03
4.280868625697319203e+02 -3.981202574711302511e-03 -9.128867226232488183e-03
4.281026624543547427e+02 -3.990447001190702316e-03 -9.036267441321048019e-03
4.281341337287017268e+02 -4.011671826154668621e-03 -8.863637705035624231e-03
4.281498572130882962e+02 -4.023094925825116720e-03 -8.766849247127067243e-03
4.281655497965915629e+02 -4.031249329770129376e-03 -8.658711247754033793e-03
4.281812630961246668e+02 -4.043086731982907869e-03 -8.546044700551968035e-03
4.282126641677106704e+02 -4.061541559534562890e-03 -8.326023767182324717e-03
4.282283623217548438e+02 -4.069863633843911338e-03 -8.214357476451432383e-03
4.282440673240990350e+02 -4.076854440857254763e-03 -8.105886092712805829e-03
4.282754718964671383e+02 -4.088001386148452584e-03 -7.904124953410800181e-03
4.282911770072884110e+02 -4.093471655578107861e-03 -7.884430318799533211e-03
4.283069046001753577e+02 -4.097805099861739908e-03 -7.810746390225486828e-03
4.283226341516291313e+02 -4.101204139887561391e-03 -7.678437750153341984e-03
4.283541298367360355e+02 -4.104705817709104580e-03 -7.819294651248212547e-03
4.283698933827014912e+02 -4.107152183676452718e-03 -8.044215870262707777e-03
4.283856850098133577e+02 -4.106455591716601239e-03 -8.402213261102964292e-03
4.284014752929940641e+02 -4.107013490391197771e-03 -8.662300685709101861e-03
4.284329689627048197e+02 -4.102516891226261689e-03 -9.061560822004764357e-03
4.284486992578106879e+02 -4.100596654377492919e-03 -9.386907060302825123e-03
4.284644146434526419e+02 -4.097327680635939537e-03 -9.521143323271844330e-03
4.284801107744838760e+02 -4.096188856668472010e-03 -9.542459558864567135e-03
4.285114982576812963e+02 -4.090688850864129464e-03 -9.753008542395108504e-03
4.285271881983890125e+02 -4.086129525717734946e-03 -9.890814481836103511e-03
4.285428815516177679e+02 -4.081950068143464817e-03 -1.004041880707067826e-02
4.285743210393557661e+02 -4.069888574322387195e-03 -1.036853428823524687e-02
4.285900524252589889e+02 -4.064923478759393909e-03 -1.052869527484078319e-02
4.286058115418689454e+02 -4.056381316836496671e-03 -1.069234958050192287e-02
4.286215763401834238e+02 -4.050779005210968821e-03 -1.089140750025434541e-02
4.286531626034793021e+02 -4.034884835213745254e-03 -1.121920219413895595e-02
4.286689144698357836e+02 -4.027308303019835195e-03 -1.134967347817870259e-02
4.286846558051932448e+02 -4.019736827302787356e-03 -1.144510473741168315e-02
4.287003833193817286e+02 -4.011624336131133436e-03 -1.150706584521121040e-02
4.287317919498675565e+02 -3.995768298962834759e-03 -1.153170260876693227e-02
4.287474876726339517e+02 -3.989706293727395686e-03 -1.149657713541808908e-02
4.287631824051539979e+02 -3.983032712628443300e-03 -1.143973760515760302e-02
4.287945878392138752e+02 -3.967633275566688315e-03 -1.128951549155423825e-02
4.288103264681917040e+02 -3.962358140689824400e-03 -1.119239279111409677e-02
4.288260171816736488e+02 -3.953694033110922643e-03 -1.108836544596523283e-02
4.288416886582504048e+02 -3.949320709070288683e-03 -1.097845985923848189e-02
4.288730862158889749e+02 -3.943034320781961533e-03 -1.074491388977007016e-02
4.288888563731864565e+02 -3.939277847361433334e-03 -1.061404399916634177e-02
4.289046033056986857e+02 -3.937855253751496899e-03 -1.048478750598311367e-02
4.289202973747757142e+02 -3.935085303857489142e-03 -1.035258440063496939e-02
4.289515769954899724e+02 -3.932904285404403323e-03 -1.009689834398684941e-02
4.289671930269997233e+02 -3.935395954037256699e-03 -9.969649286184444764e-03
4.289828218675728522e+02 -3.935616523607289759e-03 -9.843905267298988515e-03
4.290141550598569893e+02 -3.944066809947063823e-03 -9.597666644484897230e-03
4.290298364276388270e+02 -3.949311102132565914e-03 -9.472814471489196184e-03
4.290455233441070959e+02 -3.953839263229938505e-03 -9.354116905063637744e-03
4.290612230546807950e+02 -3.962414006869731387e-03 -9.250456248156848152e-03
4.290927516379732651e+02 -3.976718451061478712e-03 -9.100538283667945066e-03
4.291085354304495354e+02 -3.989771710039969992e-03 -9.003904182888124857e-03
4.291242825772142737e+02 -3.999373548586061637e-03 -8.918920139671647832e-03
4.291557061694542199e+02 -4.018511766515153218e-03 -8.730580208066371362e-03
4.291714092825943681e+02 -4.032671292736288160e-03 -8.620924178083412895e-03
4.291871151544451664e+02 -4.040674053816714281e-03 -8.508938186520959013e-03
4.292028107217540764e+02 -4.049818698572245357e-03 -8.399459022473665035e-03
4.292342115494802215e+02 -4.063897533738710689e-03 -8.179203531394136500e-03
4.292499173209034211e+02 -4.070593998721845630e-03 -8.070548367659512515e-03
4.292656219950857235e+02 -4.078592207883089890e-03 -7.965693222431209988e-03
4.292813243633813158e+02 -4.086376862953614887e-03 -7.886225211624974668e-03
4.293127694791704698e+02 -4.095983793795210208e-03 -7.759860036956943083e-03
4.293284923403401763e+02 -4.097593456983814574e-03 -7.661449804243469427e-03
4.293442431661879937e+02 -4.100128065469376207e-03 -7.713760949393833576e-03
4.293600034125670390e+02 -4.102939775616778161e-03 -7.865534016549326560e-03
4.293915673233750567e+02 -4.101662591837883232e-03 -8.510805770906376688e-03
4.294073469201487683e+02 -4.100270761176569301e-03 -8.678476078588263573e-03
4.294230951300370975e+02 -4.100200065743663143e-03 -8.825548941353632965e-03
4.294545591961987157e+02 -4.095066183760901965e-03 -9.446691668140175246e-03
4.294702643330288083e+02 -4.093336299035413989e-03 -9.520316159672786299e-03
4.294859576900109914e+02 -4.089968984472874998e-03 -9.556256344698536159e-03
4.295016509865300236e+02 -4.086567102787190368e-03 -9.654424051580380584e-03
4.295330344979008146e+02 -4.080739861043032775e-03 -9.927853070365966898e-03
4.295487386040010733e+02 -4.076866700297260455e-03 -1.007967085227118656e-02
4.295644640479880536e+02 -4.070319916181187533e-03 -1.024210134494200723e-02
4.295801785816717597e+02 -4.065069479306939772e-03 -1.040919022942995292e-02
4.296116837966746971e+02 -4.051537194408542236e-03 -1.074191118089621276e-02
4.296274706889376489e+02 -4.045751496252733559e-03 -1.094294692024405831e-02
4.296432553038978313e+02 -4.037077318238396599e-03 -1.111059170192112491e-02
4.296747815829122601e+02 -4.020938728145547272e-03 -1.137564686764729743e-02
4.296905234963987823e+02 -4.014486389341358034e-03 -1.145948259011294115e-02
4.297062451155663894e+02 -4.005659126020054590e-03 -1.151147470586020086e-02
4.297219462670581720e+02 -3.998630491401479817e-03 -1.152990041689911684e-02
4.297533349367337223e+02 -3.982313373183549512e-03 -1.147393447016748294e-02
4.297690291979148469e+02 -3.974513277773240004e-03 -1.141757353176148411e-02
4.297847253620494143e+02 -3.968143552459085788e-03 -1.135182184883909429e-02
4.298004530926294251e+02 -3.962646540150801915e-03 -1.125309006511855323e-02
4.298318592550699009e+02 -3.949326412225393108e-03 -1.105046211679232109e-02
4.298475394895347677e+02 -3.946154801906570121e-03 -1.093955429881309817e-02
4.298632393951554604e+02 -3.941658655612878016e-03 -1.082428277201853521e-02
4.298947362951163882e+02 -3.936177634429814144e-03 -1.057100368764487403e-02
4.299104647898908524e+02 -3.933176460664485757e-03 -1.044138627144069846e-02
4.299261323205095096e+02 -3.932666828000318943e-03 -1.030676375355956201e-02
4.299417828948073748e+02 -3.932827628317332909e-03 -1.017739580249956907e-02
4.299730212809165550e+02 -3.932540666244537832e-03 -9.925926689126809283e-03
4.299886583342637323e+02 -3.934665900586633430e-03 -9.803515926346054177e-03
4.300043231805376536e+02 -3.937988426501305532e-03 -9.677780049564927226e-03
4.300200019224095058e+02 -3.941129282011604854e-03 -9.553966240769923637e-03
4.300513773886156628e+02 -3.952176932559529551e-03 -9.315546068063671956e-03
4.300670904946455835e+02 -3.961245764506153219e-03 -9.217916638383609473e-03
4.300828513881373851e+02 -3.968148308651621957e-03 -9.148892842030862185e-03
4.301144030657514463e+02 -3.986942017001007636e-03 -8.971043738028393333e-03
4.301301439497113392e+02 -3.999896846782285097e-03 -8.887899439005201435e-03
4.301458601773570649e+02 -4.009867108251009143e-03 -8.796371812981856192e-03
4.301615550956170182e+02 -4.020913607035821874e-03 -8.691223232631295828e-03
4.301929670324079211e+02 -4.040812710562339399e-03 -8.469323765186314440e-03
4.302086688318921688e+02 -4.051401190810146810e-03 -8.360329398804412782e-03
4.302243671707968247e+02 -4.057362089900134333e-03 -8.250249465877747268e-03
4.302400671830764054e+02 -4.064612056229616015e-03 -8.140342239342016756e-03
4.302714736958541835e+02 -4.075972233827707819e-03 -7.928141644149330758e-03
4.302871782990350766e+02 -4.081565638483407310e-03 -7.877200462396573288e-03
4.303029009986330493e+02 -4.087299028156482321e-03 -7.852502418844626436e-03
4.303343649372591813e+02 -4.095634716830946938e-03 -7.656955923723490071e-03
4.303501197977204811e+02 -4.099270642821524653e-03 -7.740638992378919697e-03
4.303658798183881231e+02 -4.098037651721191457e-03 -7.917473739868726573e-03
4.303816725465088666e+02 -4.099040856900875752e-03 -8.228860733822588799e-03
4.304132162150746126e+02 -4.097211966520906620e-03 -8.688758076573679240e-03
4.304289634536279436e+02 -4.094288036126211144e-03 -8.905473477438401869e-03
4.304447005710156304e+02 -4.093780036946208234e-03 -9.243401603638954842e-03
4.304604185745398581e+02 -4.093061244727855437e-03 -9.484083386365539312e-03
4.304918126064403054e+02 -4.087331851114346139e-03 -9.571882715373630432e-03
4.305075027290079674e+02 -4.083661981872419890e-03 -9.682558937375520050e-03
4.305231920671376997e+02 -4.079533637994393197e-03 -9.818694542999616831e-03
4.305545987497125111e+02 -4.070634562231594672e-03 -1.012002698167652377e-02
4.305703242888670275e+02 -4.065737926781950486e-03 -1.028141533578378133e-02
4.305860478172576222e+02 -4.060626533603224446e-03 -1.044578684861937994e-02
4.306017993524880580e+02 -4.053624830990094040e-03 -1.060249454490849903e-02
4.306333560652001893e+02 -4.039086480371213185e-03 -1.098777398617249886e-02
4.306491499649828825e+02 -4.032829785183567398e-03 -1.114147226364658669e-02
4.306649039763767064e+02 -4.023241171598421553e-03 -1.128422063711715870e-02
4.306806498623530501e+02 -4.015441669536227477e-03 -1.139402015186248389e-02
4.307121018288402183e+02 -4.001074636704375284e-03 -1.151033471925745968e-02
4.307277994163351309e+02 -3.994529294355379616e-03 -1.151887114631482655e-02
4.307434966520443140e+02 -3.986628370250244399e-03 -1.149651168314429553e-02
4.307748817097483425e+02 -3.971061765515752039e-03 -1.139265155217965807e-02
4.307905812063017379e+02 -3.963726180330345156e-03 -1.131240559814138298e-02
4.308063221470490589e+02 -3.956198591529122739e-03 -1.121760960733374050e-02
4.308220327044068654e+02 -3.950195456042692420e-03 -1.111820749948233371e-02
4.308533997134571791e+02 -3.938866473029713558e-03 -1.089937024671561519e-02
4.308690957554794636e+02 -3.937334829113514623e-03 -1.078356757159611157e-02
4.308848477405506401e+02 -3.934028131057813044e-03 -1.065663202342406746e-02
4.309006139644049540e+02 -3.933383902372431483e-03 -1.052763635138569305e-02
4.309319691922054858e+02 -3.929438232102131293e-03 -1.026064502339775995e-02
4.309476168853119589e+02 -3.931202523512639449e-03 -1.013518570746809941e-02
4.309632352920826293e+02 -3.930371440236517591e-03 -1.000947363717124075e-02
4.309945057833202782e+02 -3.934208499340605993e-03 -9.757858007073735157e-03
4.310101792437346262e+02 -3.936126086148751188e-03 -9.633555219030944666e-03
4.310258573734595302e+02 -3.940280183729849908e-03 -9.508524416643132290e-03
4.310415406093392221e+02 -3.944971464999369980e-03 -9.387473748195459058e-03
4.310729686404798144e+02 -3.958194016779858701e-03 -9.187902657222416641e-03
4.310887430506722353e+02 -3.968620183366623928e-03 -9.121059872371019978e-03
4.311045407195633743e+02 -3.978623759956775169e-03 -9.028614583701796009e-03
4.311202834150639092e+02 -3.989254201221285531e-03 -8.938850433805158383e-03
4.311517236616730315e+02 -4.010239301421938268e-03 -8.758746541687253626e-03
4.311674184539699013e+02 -4.019371446094225676e-03 -8.651167127565508042e-03
4.311831258172676939e+02 -4.030829034989523094e-03 -8.539866741677715894e-03
4.312145241635781190e+02 -4.048110140856137247e-03 -8.320674402653299717e-03
4.312302229901820851e+02 -4.056453101477452972e-03 -8.209225463517856591e-03
4.312459268562970465e+02 -4.064578621705157956e-03 -8.099985570713645264e-03
4.312616345703840466e+02 -4.071286233360571667e-03 -7.994785933935325689e-03
4.312930419819993517e+02 -4.082389879858046300e-03 -7.875508433492810906e-03
4.313087714153190859e+02 -4.087428505542120907e-03 -7.807654762913751080e-03
4.313244989213504255e+02 -4.089291674089919407e-03 -7.668605281600861766e-03
4.313402402839113847e+02 -4.093668050082739998e-03 -7.663916980082394366e-03
4.313717701610458448e+02 -4.096172579605279057e-03 -7.980300980163525931e-03
4.313875593188462290e+02 -4.095024195641331320e-03 -8.341444525064427643e-03
4.314033471865784577e+02 -4.094447441664633008e-03 -8.634080631897087313e-03
4.314348376218675867e+02 -4.092178193421969548e-03 -8.992204474914803833e-03
4.314505642867174515e+02 -4.090215503394546877e-03 -9.327135687577934112e-03
4.314662769275114442e+02 -4.086949213635014504e-03 -9.497096286198609960e-03
4.314819723474973330e+02 -4.084892481247143388e-03 -9.518894307045597247e-03
4.315133585690267068e+02 -4.081204559160487612e-03 -9.714789318304826657e-03
4.315290514925797538e+02 -4.077298760561092437e-03 -9.855900250718458919e-03
4.315447484030784722e+02 -4.072466527363947930e-03 -1.000261416206468107e-02
4.315604679405442994e+02 -4.069319363798826195e-03 -1.015844338027441056e-02
4.315919220296069057e+02 -4.055370949468637375e-03 -1.047946266494457872e-02
4.316076812560613689e+02 -4.048621347652420384e-03 -1.064233115603526944e-02
4.316234538949429407e+02 -4.041670435676319485e-03 -1.084566440246512165e-02
4.316550333293342874e+02 -4.025133827742000993e-03 -1.117442855914508107e-02
4.316707831102268074e+02 -4.020159876578591543e-03 -1.131129222302967863e-02
4.316865254527459115e+02 -4.011313924382198248e-03 -1.141123904647317264e-02
4.317022494439714819e+02 -4.003218983841276037e-03 -1.147563699528242678e-02
4.317336538216476924e+02 -3.987271515455794932e-03 -1.150497009360585549e-02
4.317493497119892822e+02 -3.980661410159452331e-03 -1.147511531844876316e-02
4.317650445134900679e+02 -3.974546167537276395e-03 -1.142069485301180388e-02
4.317807390384897417e+02 -3.967835442031583497e-03 -1.136727632566880176e-02
4.318121892915294211e+02 -3.954123601428084778e-03 -1.118273315211692695e-02
4.318278809162086986e+02 -3.946062088023792429e-03 -1.108076872527615636e-02
4.318435627123729432e+02 -3.940610782306052176e-03 -1.097285382898791940e-02
4.318749673705207215e+02 -3.935464782309393110e-03 -1.074198098048205832e-02
4.318907403673953809e+02 -3.931464609450615807e-03 -1.061246009275224056e-02
4.319064846185088413e+02 -3.929650415591459493e-03 -1.048364871163444748e-02
4.319221729878565839e+02 -3.927802522688273075e-03 -1.034915397016627006e-02
4.319534523539697943e+02 -3.925278102124893538e-03 -1.009271124493508684e-02
4.319690660965418942e+02 -3.927046927248766493e-03 -9.963948345324033506e-03
4.319846969066655902e+02 -3.927601948368772584e-03 -9.838811013116413595e-03
4.320003565707524444e+02 -3.929900572453100607e-03 -9.713050651594338364e-03
4.320317175288286649e+02 -3.939492440940393740e-03 -9.464509222007144729e-03
4.320474076622264192e+02 -3.945832695011674759e-03 -9.345790109932647707e-03
4.320631120379498498e+02 -3.953190585915380105e-03 -9.240398507619927357e-03
4.320946443467892664e+02 -3.967283128509023135e-03 -9.089128863031632408e-03
4.321104208227352501e+02 -3.978376879583217507e-03 -8.991879020033382436e-03
4.321261685960505474e+02 -3.989067607369478283e-03 -8.906534031183611921e-03
4.321418755168473922e+02 -3.998340317402227298e-03 -8.820576201860380952e-03
4.321732880023870393e+02 -4.020763364964964615e-03 -8.610486511789075190e-03
4.321889897343573921e+02 -4.030420495608661585e-03 -8.499485646488377788e-03
4.322046844312080225e+02 -4.038254185505962823e-03 -8.389384566389478451e-03
4.322203835626094133e+02 -4.047887014826996414e-03 -8.279882566408571648e-03
4.322517896680680565e+02 -4.060046254937330241e-03 -8.061499302304198783e-03
4.322674941503312880e+02 -4.066973709525362711e-03 -7.955538314186027735e-03
4.322831978239197497e+02 -4.074617380328424132e-03 -7.875785683625791123e-03
4.323146485783681783e+02 -4.084128470065060898e-03 -7.752224596979883330e-03
4.323303714081703788e+02 -4.087815362362225147e-03 -7.644293711299872222e-03
4.323461262689413047e+02 -4.090648533160879709e-03 -7.678929650603925038e-03
4.323618860757515563e+02 -4.092452602719983193e-03 -7.807668844133908853e-03
4.323934546398270982e+02 -4.092731791528109175e-03 -8.455090521366859582e-03
4.324092265100074428e+02 -4.092202195066974371e-03 -8.649040410785515179e-03
4.324249750529743892e+02 -4.089657420390107288e-03 -8.767370234130754739e-03
4.324407158381301315e+02 -4.089633269631605741e-03 -9.084310829951614333e-03
4.324721388665403765e+02 -4.085065481281454497e-03 -9.501521199975354603e-03
4.324878316167394132e+02 -4.082163179925479661e-03 -9.525115778490612917e-03
4.325035243634466724e+02 -4.078346182349680549e-03 -9.613016870320010773e-03
4.325349077691727757e+02 -4.071561041020330812e-03 -9.891322558878931984e-03
4.325506151654014957e+02 -4.068723857640027357e-03 -1.003987578852089460e-02
4.325663403041561992e+02 -4.061494214894648645e-03 -1.019778656464444613e-02
4.325820584407489378e+02 -4.057356108776311553e-03 -1.036140542545451598e-02
4.326135655743404982e+02 -4.043227491094395117e-03 -1.068818452652264828e-02
4.326293574140897249e+02 -4.038137730753189533e-03 -1.089950754470123996e-02
4.326451432932188368e+02 -4.030072200440857483e-03 -1.106123451746442860e-02
4.326609123882762447e+02 -4.022986995920531904e-03 -1.120677563522813266e-02
4.326924010872315876e+02 -4.007223110784928835e-03 -1.142708578675136546e-02
4.327081227547314484e+02 -3.999938335987385241e-03 -1.148188835992471415e-02
4.327238223758486129e+02 -3.991769163705773810e-03 -1.150276962448748379e-02
4.327552091080752916e+02 -3.976061055320066588e-03 -1.145394528186398711e-02
4.327709026505580709e+02 -3.968057787437990341e-03 -1.140168606247250402e-02
4.327865987169508344e+02 -3.961141179648716530e-03 -1.133832597192898153e-02
4.328023276778700961e+02 -3.954856955454901478e-03 -1.124476947734025754e-02
4.328337410166963082e+02 -3.942274828651088671e-03 -1.104676646789449698e-02
4.328494299709108759e+02 -3.939801783451773662e-03 -1.093740993011641308e-02
4.328651276241770915e+02 -3.933271707882527238e-03 -1.082409761182694281e-02
4.328808588544209215e+02 -3.931456511162907848e-03 -1.070168435696723479e-02
4.329123589330721984e+02 -3.924385559690906321e-03 -1.044213465605115833e-02
4.329280215129449516e+02 -3.924340032499430350e-03 -1.030585481633033984e-02
4.329436735119921877e+02 -3.926476441194564314e-03 -1.017587873269160115e-02
4.329749127788044802e+02 -3.924861814111396327e-03 -9.922885662899888840e-03
4.329905518242411517e+02 -3.926305892177393321e-03 -9.798318407904548985e-03
4.330062178952621821e+02 -3.929112402741333568e-03 -9.672164709559923426e-03
4.330218973674585072e+02 -3.932450227264043183e-03 -9.547076034802303227e-03
4.330532785403497655e+02 -3.941471043710564892e-03 -9.308801036823424746e-03
4.330689962309014618e+02 -3.949087677286131255e-03 -9.208229292392218143e-03
4.330847603538249473e+02 -3.958851782846075501e-03 -9.138046691844443209e-03
4.331005557449320804e+02 -3.968452787877973717e-03 -9.055984546236463609e-03
4.331320423437507543e+02 -3.988843688538899236e-03 -8.877511189115084092e-03
4.331477604246488227e+02 -3.998875870093309727e-03 -8.787044785368295502e-03
4.331634487827992075e+02 -4.008602910635772516e-03 -8.682670149557657896e-03
4.331948546004529135e+02 -4.028712483209124888e-03 -8.462093771034661857e-03
4.332105556709952339e+02 -4.040604683416378767e-03 -8.352607831238216887e-03
4.332262552962239965e+02 -4.047271810873540043e-03 -8.243374134748016058e-03
4.332419576149239901e+02 -4.053881232579609716e-03 -8.132903248095338031e-03
4.332733633333953662e+02 -4.065913489470151902e-03 -7.919690411799025498e-03
4.332890684983780147e+02 -4.071563002854387131e-03 -7.867373848984730161e-03
4.333047942593497055e+02 -4.076597962205810201e-03 -7.847092966656940213e-03
4.333205273498568886e+02 -4.081494092722921969e-03 -7.701598442044178643e-03
4.333520176365917109e+02 -4.087308125742749113e-03 -7.702000487740642658e-03
4.333677802448668217e+02 -4.088376296554316162e-03 -7.855527365722760405e-03
4.333835726217475894e+02 -4.088809918031240977e-03 -8.158204063293825539e-03
4.334151135063078755e+02 -4.086481488573767695e-03 -8.657927548013586924e-03
4.334308588376182456e+02 -4.085447578484920420e-03 -8.840017442669378944e-03
4.334465929035146701e+02 -4.084234112124492805e-03 -9.176666719404787467e-03
4.334623096823940500e+02 -4.082834447534285267e-03 -9.440034519693911094e-03
4.334937035129555625e+02 -4.079208695800445872e-03 -9.538689158810733162e-03
4.335093946854156002e+02 -4.075425513550009517e-03 -9.643709672382932627e-03
4.335250829182185157e+02 -4.071730134578708388e-03 -9.782684276300534360e-03
4.335407760524918785e+02 -4.067785125336700197e-03 -9.927179863822422831e-03
4.335722166082560420e+02 -4.057648120016834649e-03 -1.024129125022582923e-02
4.335879430469939848e+02 -4.052896617334962939e-03 -1.039965393210879468e-02
4.336036984583370213e+02 -4.044110477219539992e-03 -1.054485362631678649e-02
4.336352563733567536e+02 -4.031101070064683697e-03 -1.094796817979836606e-02
4.336510492196449604e+02 -4.025202193277961638e-03 -1.109610028093432725e-02
4.336668019985403930e+02 -4.015516116479087017e-03 -1.124086929554375842e-02
4.336825458249613803e+02 -4.008645818671298204e-03 -1.136082901747137441e-02
4.337139928897186110e+02 -3.992722725103876880e-03 -1.148658128240966775e-02
4.337296891383544448e+02 -3.986812728133959545e-03 -1.149691957673514529e-02
4.337453845182909049e+02 -3.979989832220088598e-03 -1.147939407616703142e-02
4.337610810654942384e+02 -3.972414786453321370e-03 -1.143231056685658706e-02
4.337924720514587307e+02 -3.957414469616646162e-03 -1.130594224491960481e-02
4.338082111032185253e+02 -3.950319396346074763e-03 -1.121447918691985748e-02
4.338239212836852516e+02 -3.942781252570022425e-03 -1.111813121444052595e-02
4.338553084285981072e+02 -3.930435653898385444e-03 -1.090293109966105484e-02
4.338710026177135433e+02 -3.929972133026122562e-03 -1.078843430032657390e-02
4.338867636848423217e+02 -3.926255702056177972e-03 -1.066194387612794461e-02
4.339025259119820248e+02 -3.925398708553579606e-03 -1.053301226756422210e-02
4.339338772377647615e+02 -3.921284389261583611e-03 -1.026400966588493849e-02
4.339495220064819705e+02 -3.919807481366435406e-03 -1.013769772970229965e-02
4.339651393547829912e+02 -3.920938684765780217e-03 -1.001187032324532718e-02
4.339807634872572635e+02 -3.920795051266620646e-03 -9.881152638325008120e-03
4.340120900224163165e+02 -3.927045148339834875e-03 -9.631656821792832293e-03
4.340277737098196553e+02 -3.929944294117925646e-03 -9.505400323624043149e-03
4.340434595282837904e+02 -3.934102942789190552e-03 -9.384568945697611617e-03
4.340748939019988484e+02 -3.947807497003273831e-03 -9.180718132598688144e-03
4.340906694513512321e+02 -3.954982637195653995e-03 -9.113730791828551087e-03
4.341064632500218181e+02 -3.966880862350489513e-03 -9.022576354594144879e-03
4.341222085304524398e+02 -3.976527727259437234e-03 -8.931117230269727467e-03
4.341536368949545022e+02 -3.995785403139608463e-03 -8.753166398827349343e-03
4.341693335512095473e+02 -4.007790074500488034e-03 -8.646695721659007974e-03
4.341850337279793735e+02 -4.017458483386077486e-03 -8.536927064736635901e-03
4.342007267632375829e+02 -4.028339033958840652e-03 -8.426385387973030217e-03
4.342321283299955326e+02 -4.042151196889945224e-03 -8.206708930294346824e-03
4.342478336198296915e+02 -4.050407782711418908e-03 -8.096152807848901178e-03
4.342635396892294466e+02 -4.058608259124046880e-03 -7.989996387771702846e-03
4.342949547673341044e+02 -4.070271444934710041e-03 -7.866919225953091302e-03
4.343106844347350943e+02 -4.076526580018357583e-03 -7.807126174154040317e-03
4.343264101896647844e+02 -4.077497528927074254e-03 -7.662562115073667975e-03
4.343421566160496354e+02 -4.081193785429267952e-03 -7.642222061867511712e-03
4.343736951001575903e+02 -4.084748813934383459e-03 -7.915948687342697423e-03
4.343894786417803857e+02 -4.083600346814827455e-03 -8.274902953286488588e-03
4.344052631572967584e+02 -4.082248094297256762e-03 -8.607111698897905450e-03
4.344210105899713881e+02 -4.084013660332380842e-03 -8.678478383851663883e-03
4.344524759667934859e+02 -4.079384611479696006e-03 -9.260360964601461672e-03
4.344681851629995890e+02 -4.077134972383222172e-03 -9.468904967682170715e-03
4.344838797751190782e+02 -4.074451781179677136e-03 -9.499052656942464853e-03
4.345152662718527949e+02 -4.070658136854738915e-03 -9.675786850571995237e-03
4.345309574966765922e+02 -4.067944003059438540e-03 -9.819180404943478324e-03
4.345466606062061601e+02 -4.063243808081105739e-03 -9.964671481205784886e-03
4.345623809946783354e+02 -4.059558378870939399e-03 -1.012248083069409825e-02
4.345938377758638467e+02 -4.045929950681969971e-03 -1.043753096080449194e-02
4.346095975597509664e+02 -4.040226733613596147e-03 -1.059109775925030396e-02
4.346253786051175894e+02 -4.033328778130612115e-03 -1.080541796177690930e-02
4.346411638162153963e+02 -4.025136819904459769e-03 -1.099338653478144912e-02
4.346726968534209732e+02 -4.011398088327193003e-03 -1.127809349405185617e-02
4.346884412323939273e+02 -4.002997106559225311e-03 -1.138635078993211272e-02
4.347041617942495009e+02 -3.994726807240913530e-03 -1.145652154047819594e-02
4.347355614911398334e+02 -3.979507464046597338e-03 -1.149190157172804913e-02
4.347512569125848927e+02 -3.972000288526436086e-03 -1.146698987205380972e-02
4.347669515236925122e+02 -3.965264254495612546e-03 -1.141697144524148055e-02
4.347826463778016546e+02 -3.959168274604359973e-03 -1.136630845247106614e-02
4.348140972028302258e+02 -3.944456159134576007e-03 -1.118796254032596200e-02
4.348297919406664391e+02 -3.938446810926493451e-03 -1.108856750895437400e-02
4.348454867776246715e+02 -3.932640395333092051e-03 -1.098186695600341690e-02
4.348611890224483432e+02 -3.929416571904466304e-03 -1.087137639058753831e-02
4.348926754583537786e+02 -3.922243351211367884e-03 -1.062573009852245572e-02
4.349084182516103851e+02 -3.919947363367475013e-03 -1.049684645155307683e-02
4.349241012894920573e+02 -3.918120131057522236e-03 -1.036054409539655628e-02
4.349553811815811741e+02 -3.915424875726331543e-03 -1.010173126059253981e-02
4.349709926295262221e+02 -3.915722960649686488e-03 -9.972484909213281262e-03
4.349866261044954854e+02 -3.916606061222076447e-03 -9.846586703760701678e-03
4.350022879115845740e+02 -3.918973507549209333e-03 -9.718528192573374497e-03
4.350336536806963750e+02 -3.925412252205561642e-03 -9.468523825027797339e-03
4.350493472794025820e+02 -3.932702779254551237e-03 -9.349747190565978194e-03
4.350650581352442714e+02 -3.940034455593701898e-03 -9.241489434762602956e-03
4.350808050080511862e+02 -3.945305035047492331e-03 -9.159280945084745384e-03
4.351123635173947832e+02 -3.962564116138602224e-03 -8.992093790383133556e-03
4.351281089572709107e+02 -3.974427069903578580e-03 -8.905222083080028064e-03
4.351438183022797261e+02 -3.984081585107824598e-03 -8.820419937746874425e-03
4.351752230567694255e+02 -4.003865254296663269e-03 -8.613248695901512195e-03
4.351909180079262569e+02 -4.015969376305398610e-03 -8.503258184574988623e-03
4.352066166846188366e+02 -4.023740776167196095e-03 -8.393344951067837831e-03
4.352223132124161680e+02 -4.032679158954272439e-03 -8.283943432155570219e-03
4.352537197990416189e+02 -4.045852974722431196e-03 -8.063925608630924738e-03
4.352694237282491940e+02 -4.052019209977161980e-03 -7.956290287406943273e-03
4.352851288811360746e+02 -4.058447240520531192e-03 -7.872114043560344068e-03
4.353008490874848349e+02 -4.065638991890294617e-03 -7.865930090482564294e-03
4.353323103196710235e+02 -4.073505856290167947e-03 -7.639410231952087002e-03
4.353480664776596996e+02 -4.077756531688785102e-03 -7.656526937527966155e-03
4.353638263135011925e+02 -4.077524381348592367e-03 -7.764288620345912058e-03
4.353954008503005184e+02 -4.079423014285077885e-03 -8.396187891738578213e-03
4.354111637583593506e+02 -4.079053205051866998e-03 -8.631860450826627645e-03
4.354269118621830330e+02 -4.075568276584645711e-03 -8.723580806433858803e-03
4.354426506448642158e+02 -4.076108208185824644e-03 -9.019143854772558588e-03
4.354740724915987471e+02 -4.072607529414014153e-03 -9.480880270499364784e-03
4.354897641446438001e+02 -4.070303850396713059e-03 -9.504795899308372473e-03
4.355054561253423913e+02 -4.066618931558393935e-03 -9.578534732657278256e-03
4.355211463258677895e+02 -4.062893019004849490e-03 -9.710181225180081199e-03
4.355525497417133352e+02 -4.055990253285222426e-03 -1.000474843429320811e-02
4.355682751915215931e+02 -4.050177392395928541e-03 -1.016679796277687731e-02
4.355839971599892237e+02 -4.045693558951506119e-03 -1.033357646792384781e-02
4.356155047147880168e+02 -4.031743905799839607e-03 -1.064861470338178753e-02
4.356312988753045374e+02 -4.026158685840913742e-03 -1.086767219678489750e-02
4.356470895081490085e+02 -4.018955845625639227e-03 -1.103788421252710657e-02
4.356628500640742345e+02 -4.011219445829574543e-03 -1.118433407088829414e-02
4.356943359959708459e+02 -3.996008049134857319e-03 -1.141420325296546752e-02
4.357100541517066858e+02 -3.989702033836388904e-03 -1.147447873037923255e-02
4.357257554511535318e+02 -3.981748564030202983e-03 -1.149978839388367431e-02
4.357414483727553147e+02 -3.973927056515762050e-03 -1.149242479526883451e-02
4.357728336076429514e+02 -3.958421358948090163e-03 -1.140949631645687100e-02
4.357885294851745925e+02 -3.951052907655353691e-03 -1.134659584467903604e-02
4.358042573139045430e+02 -3.943951772466247445e-03 -1.125548622100653283e-02
4.358356820161208134e+02 -3.932410026901674363e-03 -1.106285298996481127e-02
4.358513817525629861e+02 -3.927519031406589978e-03 -1.095564243758092617e-02
4.358670784209122644e+02 -3.921892538638160723e-03 -1.084360722120405671e-02
4.358828203057024666e+02 -3.918653535855303946e-03 -1.072139903836331898e-02
4.359143185067512150e+02 -3.912160436302954299e-03 -1.046286484790785905e-02
4.359299771214591601e+02 -3.911412127582044283e-03 -1.032492766643512520e-02
4.359456293372251707e+02 -3.914212308155826624e-03 -1.019424017910452313e-02
4.359612484457550750e+02 -3.911492808252861261e-03 -1.006879549967040419e-02
4.359925121903119702e+02 -3.912634379677755285e-03 -9.812449359471151628e-03
4.360081789643862180e+02 -3.914201669761622863e-03 -9.685600987918532509e-03
4.360238593229458388e+02 -3.917648925991756501e-03 -9.559003313039111938e-03
4.360552482347614500e+02 -3.926137594132791259e-03 -9.320398454905598137e-03
4.360709720156164053e+02 -3.931789136920566669e-03 -9.215695976855035540e-03
4.360867355665841956e+02 -3.942826802895487044e-03 -9.142569643792501644e-03
4.361025333244317039e+02 -3.950853986348004838e-03 -9.064146051146415584e-03
4.361340104170191694e+02 -3.970772640729584857e-03 -8.884535448574959124e-03
4.361497282644883740e+02 -3.981588332659984075e-03 -8.795645755423223480e-03
4.361654145211673494e+02 -3.989670545789970359e-03 -8.692737890821236948e-03
4.361811204085382769e+02 -4.001417583782774894e-03 -8.584205332762901569e-03
4.362125141069383858e+02 -4.020642401389527137e-03 -8.364100465341280446e-03
4.362282118662316748e+02 -4.029339495294748628e-03 -8.254174385291815352e-03
4.362439170045090577e+02 -4.036662370079658647e-03 -8.142933723531194795e-03
4.362753247671077474e+02 -4.048680533435863003e-03 -7.926728329725275801e-03
4.362910310256575031e+02 -4.054669630512495841e-03 -7.865153501469610356e-03
4.363067596240169337e+02 -4.059537117555318125e-03 -7.854193365231314575e-03
4.363224911407742752e+02 -4.063668405414522580e-03 -7.715725819752065374e-03
4.363539886611992529e+02 -4.068367370715532741e-03 -7.679480321574620044e-03
4.363697533675641580e+02 -4.071514906973078274e-03 -7.811368370355417298e-03
4.363855442627372554e+02 -4.071519233831451604e-03 -8.089492356017287042e-03
4.364013337491092557e+02 -4.072635064762209281e-03 -8.506965235379580423e-03
4.364328259011701334e+02 -4.069450080858882587e-03 -8.792824958286621362e-03
4.364485559853072800e+02 -4.068090242874912790e-03 -9.111586910338951434e-03
4.364642713508245038e+02 -4.065535954858355040e-03 -9.392063618885372611e-03
4.364956623497564578e+02 -4.063755257588872599e-03 -9.515864162192256767e-03
4.365113564536970898e+02 -4.060718059859968164e-03 -9.609566901844644043e-03
4.365270462230714656e+02 -4.056767426567632964e-03 -9.748031266909738118e-03
4.365427397865053081e+02 -4.053149845788099961e-03 -9.891235491132603294e-03
4.365741792102589329e+02 -4.042255843434866026e-03 -1.021332428907411119e-02
4.365899102207233113e+02 -4.037785818591050312e-03 -1.038515270824239695e-02
4.366056691301939168e+02 -4.029548530557420898e-03 -1.052938402554835610e-02
4.366214332218418122e+02 -4.024480215502078406e-03 -1.071647463437625826e-02
4.366530195183406136e+02 -4.009499432900790437e-03 -1.109728590187863267e-02
4.366687717409316747e+02 -4.002060576879020240e-03 -1.124270538030459551e-02
4.366845131742205126e+02 -3.994935032973818793e-03 -1.136540471107562802e-02
4.367002408810527072e+02 -3.987153914605460168e-03 -1.145187218097424957e-02
4.367316493353780515e+02 -3.971919994921602540e-03 -1.151705581171788041e-02
4.367473446959844523e+02 -3.966089817182434467e-03 -1.150276776047770219e-02
4.367630390425696305e+02 -3.959520727401829102e-03 -1.145754013025375613e-02
4.367944345761338809e+02 -3.944389286784459429e-03 -1.133404371828277725e-02
4.368101686585088146e+02 -3.938386196691488067e-03 -1.124315515608862760e-02
4.368258825536987615e+02 -3.929461339351614929e-03 -1.114862086614833332e-02
4.368415841572032150e+02 -3.924745476273869618e-03 -1.104400357921662100e-02
4.368729883944342305e+02 -3.915972346898299351e-03 -1.082029830438778484e-02
4.368887566085940648e+02 -3.912254408705788389e-03 -1.069432507710352948e-02
4.369045171968284649e+02 -3.910016976476047255e-03 -1.056548281926772068e-02
4.369202240536943691e+02 -3.906778446800486873e-03 -1.043187468161825560e-02
4.369515095895754371e+02 -3.902438304586028535e-03 -1.016725811754425404e-02
4.369671249868571294e+02 -3.904343777298155752e-03 -1.003954256547224394e-02
4.369827517382107089e+02 -3.903268218119414126e-03 -9.909029438749118388e-03
4.370140829195829042e+02 -3.908753904089082298e-03 -9.655988269120233808e-03
4.370297686303606497e+02 -3.912603138638676668e-03 -9.528273040570035476e-03
4.370454629235600805e+02 -3.915834097558658182e-03 -9.406753026256825176e-03
4.370611674587028688e+02 -3.923134887739940582e-03 -9.294669489141609356e-03
4.370926814088044807e+02 -3.934504926935527593e-03 -9.127915264312195728e-03
4.371084700543494250e+02 -3.946012390801696169e-03 -9.040640336508502448e-03
4.371242196467333656e+02 -3.955309798853979229e-03 -8.946544392268678328e-03
4.371556365627305354e+02 -3.973674974292231050e-03 -8.770870610248653748e-03
4.371713330107643287e+02 -3.987222009171506772e-03 -8.665970310833813819e-03
4.371870305273052395e+02 -3.995167151155281857e-03 -8.557367876470732548e-03
4.372027218122667023e+02 -4.004765648176481646e-03 -8.447219146286082808e-03
4.372341218431668608e+02 -4.019532459380528548e-03 -8.227718679554192616e-03
4.372498284204394281e+02 -4.026635167484336059e-03 -8.115290146505756141e-03
4.372655349023743838e+02 -4.035019804668821090e-03 -8.007383882554976878e-03
4.372812388514375357e+02 -4.043289774673387328e-03 -7.903890969568725874e-03
4.373126865284979203e+02 -4.053815173679012687e-03 -7.828982577112267652e-03
4.373284108479796259e+02 -4.055937863226563925e-03 -7.681671256941757960e-03
4.373441627199792379e+02 -4.059059309672955959e-03 -7.638537103159706403e-03
4.373757088978069305e+02 -4.063917808250165804e-03 -7.873976958894217046e-03
4.373914877157174033e+02 -4.062693777851670261e-03 -8.209468485961469997e-03
4.374072661663299186e+02 -4.061778742243143947e-03 -8.588617001117768851e-03
4.374230133129173055e+02 -4.062577176987004421e-03 -8.665803572110154090e-03
4.374544766245577989e+02 -4.058639253593841409e-03 -9.202826928232203663e-03
4.374701821561439488e+02 -4.057561183367804775e-03 -9.437464302710996469e-03
4.374858761145249559e+02 -4.054877912759941548e-03 -9.492574696895307237e-03
4.375015699243563745e+02 -4.052151863760461090e-03 -9.535888428362162758e-03
4.375329537947120002e+02 -4.047620753184529539e-03 -9.786607709828714155e-03
4.375486581119467928e+02 -4.044269730042186935e-03 -9.932347586812523277e-03
4.375643833558103779e+02 -4.038345435316633043e-03 -1.008821584385411960e-02
4.375800975424095896e+02 -4.033519136150394944e-03 -1.026210393828209076e-02
4.376116024124447677e+02 -4.020998392760622223e-03 -1.057843845993533712e-02
4.376273886868805221e+02 -4.015587045810883014e-03 -1.078516636404509496e-02
4.376431730593878342e+02 -4.007333028729794661e-03 -1.099039817609559835e-02
4.376747002234604338e+02 -3.992083938576656069e-03 -1.128827882347424073e-02
4.376904423262722617e+02 -3.985952437607469430e-03 -1.140023984571671492e-02
4.377061637895070589e+02 -3.977423546008491788e-03 -1.147634551601460842e-02
4.377218649244483117e+02 -3.970731884535894096e-03 -1.151654057171488769e-02
4.377532527821007307e+02 -3.954887744603527953e-03 -1.149723087237463151e-02
4.377689464203341458e+02 -3.947456368229511348e-03 -1.144896730303426174e-02
4.377846417813843800e+02 -3.940931347994057997e-03 -1.139886968203502118e-02
4.378003537694769420e+02 -3.935113187285907768e-03 -1.130910275201468460e-02
4.378317965784842727e+02 -3.921158231835062541e-03 -1.112182072715525889e-02
4.378475052630606115e+02 -3.916629895740883840e-03 -1.101542368987662272e-02
4.378632051975109789e+02 -3.910897021541158598e-03 -1.090471133849438626e-02
4.378947041731352101e+02 -3.904177090539685986e-03 -1.066003770988964081e-02
4.379104469346070800e+02 -3.901174963751059734e-03 -1.052931878613644692e-02
4.379261256444948458e+02 -3.899257110329068955e-03 -1.039203816697435896e-02
4.379417789336087026e+02 -3.898300458116088409e-03 -1.025689055518787425e-02
4.379730165455134170e+02 -3.895979587060601889e-03 -1.000183548234299426e-02
4.379886516790042492e+02 -3.896693552299880427e-03 -9.874494446305902978e-03
4.380043149268062166e+02 -3.899067046954252536e-03 -9.744752728419403542e-03
4.380356843281612669e+02 -3.903414134422436739e-03 -9.492238375860446997e-03
4.380513842025771396e+02 -3.909019872105139529e-03 -9.373529941228204987e-03
4.380671000393625150e+02 -3.916747189981113243e-03 -9.262456271278364864e-03
4.380828535821634091e+02 -3.922416494900002673e-03 -9.174566081056691191e-03
4.381144050676076631e+02 -3.938844655029267311e-03 -9.011203941896750447e-03
4.381301481420314872e+02 -3.951286998020731196e-03 -8.921361256629154607e-03
4.381458595353645933e+02 -3.960398721253624056e-03 -8.837201135775053784e-03
4.381615492251316937e+02 -3.971071471865476009e-03 -8.739080250542503175e-03
4.381929462115049319e+02 -3.990805337776206357e-03 -8.523603461673788864e-03
4.382086453993385362e+02 -4.001468536548626054e-03 -8.413769977036234665e-03
4.382243434680949008e+02 -4.007914453091293225e-03 -8.304551851340402982e-03
4.382400432558504804e+02 -4.015459824921390614e-03 -8.193779751721110699e-03
4.382714533513532729e+02 -4.027905853873050418e-03 -7.973482457772749013e-03
4.382871593669592016e+02 -4.033887089264262538e-03 -7.880594458113603790e-03
4.383028834234859801e+02 -4.040102410758760615e-03 -7.868130699320208601e-03
4.383343501361949279e+02 -4.049576443484830500e-03 -7.652186654419762361e-03
4.383501060339790456e+02 -4.053795926950195215e-03 -7.647476489726461046e-03
4.383658673547963076e+02 -4.053369270745307493e-03 -7.740753821996739295e-03
4.383816597786111515e+02 -4.055034261748266186e-03 -7.945250073280247377e-03
4.384132010293846520e+02 -4.054445445431190467e-03 -8.629947094875774563e-03
4.384289477329812712e+02 -4.052329656986228788e-03 -8.701944649959906727e-03
4.384446843880206188e+02 -4.052298626832107238e-03 -8.969820339196894407e-03
4.384604021253561541e+02 -4.052317978662972435e-03 -9.278669237374279760e-03
4.384917971810711492e+02 -4.047997302430537438e-03 -9.497213329687798772e-03
4.385074877145477217e+02 -4.044971584296453739e-03 -9.558315038200279265e-03
4.385231772760747049e+02 -4.041427045907233957e-03 -9.681358411811150436e-03
4.385545843646958701e+02 -4.033690134339269241e-03 -9.970260423943185998e-03
4.385703094931641886e+02 -4.029372741497537665e-03 -1.013047581610147622e-02
4.385860328081963075e+02 -4.024799820102803287e-03 -1.031142877201152684e-02
4.386017842607387820e+02 -4.018310728489129027e-03 -1.047029995103332910e-02
4.386333401814329704e+02 -4.004680676840275712e-03 -1.084803825042396537e-02
4.386491340890820538e+02 -3.998844604295148306e-03 -1.103857717368422579e-02
4.386648885595844831e+02 -3.989686350305762796e-03 -1.119426189082494902e-02
4.386806345810791186e+02 -3.982279105898336134e-03 -1.132366848288247040e-02
4.387120866366631162e+02 -3.968661579044255316e-03 -1.149204557376046383e-02
4.387277838715318694e+02 -3.962398950266029715e-03 -1.152062048557705651e-02
4.387434806426923046e+02 -3.954777601921290187e-03 -1.151702638306988102e-02
4.387748645563801801e+02 -3.939733655815273565e-03 -1.143699756181352015e-02
4.387905606202698436e+02 -3.932378512910142572e-03 -1.137380978827523710e-02
4.388062861323799666e+02 -3.924607855735656042e-03 -1.128274169963026062e-02
4.388220159729281704e+02 -3.918249146938839952e-03 -1.119320597525028278e-02
4.388534340050083529e+02 -3.905094140688253161e-03 -1.098432421469977376e-02
4.388691286466342376e+02 -3.902216327925984996e-03 -1.087165621019071937e-02
4.388848822564997363e+02 -3.898667576936297539e-03 -1.074906477994314914e-02
4.389006554780720535e+02 -3.897486860441332687e-03 -1.062214944782442771e-02
4.389320322830553778e+02 -3.890891083184887418e-03 -1.035081883791615781e-02
4.389476831165757176e+02 -3.891522572469564498e-03 -1.021934496035938750e-02
4.389633006743341639e+02 -3.890074856347039596e-03 -1.009292887463444574e-02
4.389945667572343382e+02 -3.891784976215664424e-03 -9.833141503719380547e-03
4.390102384725647084e+02 -3.892256980897098543e-03 -9.705203631671517964e-03
4.390259195339339158e+02 -3.895065403944384091e-03 -9.577098639764617186e-03
4.390416101509131295e+02 -3.898532204966213398e-03 -9.453067740520654239e-03
4.390730463608840068e+02 -3.909116245749082348e-03 -9.229714196227296538e-03
4.390888110724802118e+02 -3.917726931551976030e-03 -9.151320188029653593e-03
4.391046075493821377e+02 -3.926373439886179928e-03 -9.076266108483070985e-03
4.391203547551086785e+02 -3.936089377608190630e-03 -8.979850856369981163e-03
4.391517913292069579e+02 -3.956097897778000812e-03 -8.806839837228328666e-03
4.391674793272896977e+02 -3.965047591279816964e-03 -8.705631200251806590e-03
4.391831779365181774e+02 -3.976196117560056725e-03 -8.598678962828223624e-03
4.392145691823106972e+02 -3.994101745843892624e-03 -8.379039188908430150e-03
4.392302678130909044e+02 -4.002840203707662414e-03 -8.268120947818350178e-03
4.392459721550942504e+02 -4.011473352545518595e-03 -8.156416133832493365e-03
4.392616814782434744e+02 -4.018590412979864551e-03 -8.046737497904474581e-03
4.392930926565367145e+02 -4.030594477113955305e-03 -7.863873640597930995e-03
4.393088233358961361e+02 -4.036164160899482177e-03 -7.858157377829012163e-03
4.393245521446124258e+02 -4.038570288851108837e-03 -7.736923982276685055e-03
4.393402947984317848e+02 -4.043456854619190480e-03 -7.632803323805515891e-03
4.393718274086685369e+02 -4.047436999673075832e-03 -7.777275707675829555e-03
4.393876152755388489e+02 -4.046915655197761384e-03 -8.030379793492043589e-03
4.394034021004368924e+02 -4.046942694727492969e-03 -8.460309339177480431e-03
4.394348907315900306e+02 -4.046096312665292856e-03 -8.758358735883384552e-03
4.394506168119996232e+02 -4.044771089781250967e-03 -9.058921323566898262e-03
4.394663294091863577e+02 -4.042204470197244617e-03 -9.344993350551269659e-03
4.394820253469258091e+02 -4.040795136776358272e-03 -9.471033888970269154e-03
4.395134123160770514e+02 -4.038416045666100643e-03 -9.584351909960795585e-03
4.395291054376219222e+02 -4.035188709261444164e-03 -9.716603272355581536e-03
4.395448028204192497e+02 -4.030923791900654050e-03 -9.856239507900892496e-03
4.395605223888211412e+02 -4.028370769251412437e-03 -1.000600532817676191e-02
4.395919759721027731e+02 -4.015530538141133012e-03 -1.035461001119692033e-02
4.396077350464494771e+02 -4.009294242330671207e-03 -1.050376988077628658e-02
4.396235075693733165e+02 -4.002827069410357270e-03 -1.068482977339613345e-02
4.396550865704180637e+02 -3.987175121577027880e-03 -1.108256860962666610e-02
4.396708367060556952e+02 -3.982632446656072210e-03 -1.123274228632594081e-02
4.396865791994596293e+02 -3.974212448139328134e-03 -1.135437818961639207e-02
4.397023031439228475e+02 -3.966488865224213241e-03 -1.144797618220259189e-02
4.397337067655489591e+02 -3.951231748700619224e-03 -1.152085869474567259e-02
4.397494020953258769e+02 -3.944880965759315836e-03 -1.151001934454239269e-02
4.397650963628984755e+02 -3.938992347724801744e-03 -1.146720085871267246e-02
4.397807905411387992e+02 -3.932487202265941111e-03 -1.142515261946924245e-02
4.398122258330295722e+02 -3.918327070123612740e-03 -1.125854683151482870e-02
4.398279443160002415e+02 -3.909952700326527197e-03 -1.116474203730373135e-02
4.398436613673381999e+02 -3.903888595935986212e-03 -1.106126779292959661e-02
4.398750722308328136e+02 -3.896286655301056581e-03 -1.083800704979706597e-02
4.398908421658620114e+02 -3.891919555203880460e-03 -1.071273737840467734e-02
4.399066031863534931e+02 -3.889573361526975793e-03 -1.058425861410504723e-02
4.399223059708124310e+02 -3.886893830338861242e-03 -1.044782411243608093e-02
4.399535909031373535e+02 -3.882136335532774315e-03 -1.018174767147124633e-02
4.399692027787847337e+02 -3.883074745577597738e-03 -1.005186088115679957e-02
4.399848302105930316e+02 -3.882243540694562973e-03 -9.922966020228652165e-03
4.400004879456419644e+02 -3.883175288105377657e-03 -9.792098681549992606e-03
4.400318526757075688e+02 -3.890104486037966516e-03 -9.536898199702352127e-03
4.400475508719530922e+02 -3.895213989081949824e-03 -9.415018703330717276e-03
4.400632630532891199e+02 -3.901217738921119831e-03 -9.301687431505386433e-03
4.400947810921353494e+02 -3.912413478131404262e-03 -9.128107208316763033e-03
4.401105632135641486e+02 -3.921803072317110381e-03 -9.044758656883349762e-03
4.401263142866494036e+02 -3.932321603128992836e-03 -8.949265487586122170e-03
4.401420182327296970e+02 -3.941193279738190031e-03 -8.866729521138993347e-03
4.401734191509709149e+02 -3.962231033023735742e-03 -8.671293711043408237e-03
4.401891122553195146e+02 -3.972006958500641852e-03 -8.563566120650182439e-03
4.402048028025965323e+02 -3.980028537863062287e-03 -8.453286683397493936e-03
4.402205012096489440e+02 -3.989948530065048383e-03 -8.343153770236484690e-03
4.402519082434202460e+02 -4.002859692234795631e-03 -8.120622734489742547e-03
4.402676145065972264e+02 -4.010192932581591908e-03 -8.011417472703013729e-03
4.402833202654560978e+02 -4.018237887551439486e-03 -7.906158140819382132e-03
4.403147742550175963e+02 -4.028693342751679327e-03 -7.834194874345367862e-03
4.403304983668624573e+02 -4.033059574707304612e-03 -7.691265898709528752e-03
4.403462544493438600e+02 -4.036507763188735241e-03 -7.625657708274937926e-03
4.403620154385374690e+02 -4.038969600291819617e-03 -7.682292682409060103e-03
4.403935839013150826e+02 -4.040751958554082007e-03 -8.136956297800595692e-03
4.404093536514363905e+02 -4.040884548184102074e-03 -8.559142473629521505e-03
4.404251013507333141e+02 -4.038942604974920213e-03 -8.648879877533996799e-03
4.404408413678609691e+02 -4.039656232504468779e-03 -8.832506154467749740e-03
4.404722643692988981e+02 -4.036414181046381333e-03 -9.390121657557929519e-03
4.404879575903848945e+02 -4.034259047018038009e-03 -9.476415509083825628e-03
4.405036507709477291e+02 -4.031076287225448911e-03 -9.515713196560143458e-03
4.405350345539679893e+02 -4.025475660023454874e-03 -9.749389549241553946e-03
4.405507424777575807e+02 -4.023237143010277919e-03 -9.892311404105163380e-03
4.405664672800321000e+02 -4.016611002337353194e-03 -1.004452842592896446e-02
4.405821854157007920e+02 -4.013026965111106750e-03 -1.021680284708394865e-02
4.406136923297061117e+02 -3.999919218975049248e-03 -1.054189620280890534e-02
4.406294840929700740e+02 -3.995289499042984846e-03 -1.074673535077434045e-02
4.406452699851576540e+02 -3.987740579870818064e-03 -1.095683466355889223e-02
4.406610388052284861e+02 -3.981048868307936889e-03 -1.112740704450312403e-02
4.406925277817791198e+02 -3.966191717066630887e-03 -1.138520285022557102e-02
4.407082492959670503e+02 -3.959363646896489099e-03 -1.146853600253092825e-02
4.407239487224833283e+02 -3.951521674999439529e-03 -1.151245447630257386e-02
4.407553341187805245e+02 -3.936406990313202035e-03 -1.150089397393493258e-02
4.407710269338571152e+02 -3.928753409278764631e-03 -1.145660506655685369e-02
4.407867225003541876e+02 -3.921504689632357432e-03 -1.140863118034462359e-02
4.408024359618385688e+02 -3.915334549711626394e-03 -1.132182725813863852e-02
4.408338909283901899e+02 -3.901724031448273750e-03 -1.113748463792255811e-02
4.408496079153969163e+02 -3.897947704725222753e-03 -1.103233175637301743e-02
4.408653051425050080e+02 -3.890299993847295967e-03 -1.092154359132898288e-02
4.408810396376097174e+02 -3.886973961786598444e-03 -1.080251835363297934e-02
4.409125578521969828e+02 -3.880755054928843213e-03 -1.054548292706519209e-02
4.409282319278396471e+02 -3.879028584903906202e-03 -1.040691666461945365e-02
4.409438859141212674e+02 -3.880329260798332652e-03 -1.027071477925130261e-02
4.409751222463210638e+02 -3.876630291457268743e-03 -1.001265056876680069e-02
4.409907586685889100e+02 -3.877034052387024095e-03 -9.883782880772056662e-03
4.410064221472293866e+02 -3.878806427652466658e-03 -9.752816913076049754e-03
4.410221024297896406e+02 -3.881042564468652721e-03 -9.623886982878590915e-03
4.410534984126643963e+02 -3.887048270225231233e-03 -9.379154662343338819e-03
4.410692223353049144e+02 -3.893266785857294864e-03 -9.266001921498472418e-03
4.410849791957152775e+02 -3.901791668887663513e-03 -9.173517758472254577e-03
4.411007677040358317e+02 -3.909649564413905654e-03 -9.103410777349042055e-03
4.411322633638921502e+02 -3.928438751733110031e-03 -8.921432190343693905e-03
4.411479775834512225e+02 -3.937550315794333990e-03 -8.837389138940811295e-03
4.411636595923502568e+02 -3.946813080417067507e-03 -8.741699068134885231e-03
4.411950506309316324e+02 -3.966787025460941779e-03 -8.528171261207247861e-03
4.412107490840751325e+02 -3.978701891744296747e-03 -8.417958897421636694e-03
4.412264480523384691e+02 -3.986008619316873045e-03 -8.308469197284788083e-03
4.412421512868899640e+02 -3.992826706023457246e-03 -8.197314548103096579e-03
4.412735603948338508e+02 -4.005820139867249940e-03 -7.976211373472302107e-03
4.412892673459814432e+02 -4.011847321786889478e-03 -7.877671832554673792e-03
4.413049947022379911e+02 -4.017349877965838839e-03 -7.856786854385174740e-03
4.413207289676605569e+02 -4.022794975389613371e-03 -7.795692843582118989e-03
4.413522221873098488e+02 -4.029416612126367897e-03 -7.629263813050113190e-03
4.413679864193983349e+02 -4.031437940664500848e-03 -7.707970253509268017e-03
4.413837779624400355e+02 -4.032496613753953907e-03 -7.887242543570392728e-03
4.414153162103635282e+02 -4.031367691804637124e-03 -8.613503604789986973e-03
4.414310607700528521e+02 -4.031262657197524565e-03 -8.669385842313028293e-03
4.414467938000298659e+02 -4.030530109389653635e-03 -8.918192222136035394e-03
4.414625103222848566e+02 -4.029695276572356835e-03 -9.223432247466524861e-03
4.414939047825966441e+02 -4.027692700098422195e-03 -9.479152336186871114e-03
4.415095968581822490e+02 -4.024513161253357417e-03 -9.533102101472708603e-03
4.415252853482617184e+02 -4.021412276566373352e-03 -9.650113577271461629e-03
4.415409788595709415e+02 -4.018095602869773374e-03 -9.784510611690817525e-03
4.415724191181187166e+02 -4.009072722675730699e-03 -1.008625769817162073e-02
4.415881458858477799e+02 -4.004920268813130096e-03 -1.026347735309621895e-02
4.416039016662177801e+02 -3.996579023753986729e-03 -1.042949055464591039e-02
4.416354589912418191e+02 -3.984601490500980052e-03 -1.080658343703777037e-02
4.416512517018143740e+02 -3.979090996522782059e-03 -1.100426700522240571e-02
4.416670047456820498e+02 -3.970025502514128689e-03 -1.116860738605684328e-02
4.416827484751766519e+02 -3.963609916657124220e-03 -1.130387670302102077e-02
4.417141951785765741e+02 -3.948425021444301394e-03 -1.148242581344175069e-02
4.417298908112374534e+02 -3.942787200380225981e-03 -1.151683242548461571e-02
4.417455855108910328e+02 -3.936423358236024704e-03 -1.151728081721782072e-02
4.417612813988631615e+02 -3.929212367527748322e-03 -1.148589138464860965e-02
4.417926700141801462e+02 -3.914495248778418479e-03 -1.138430876767745556e-02
4.418083937920434323e+02 -3.907261227311953529e-03 -1.129598907465394556e-02
4.418241239893499142e+02 -3.899191907782297885e-03 -1.120703027256556711e-02
4.418555630933923339e+02 -3.885736799477955937e-03 -1.100136069955860024e-02
4.418712584766024065e+02 -3.883722543838293885e-03 -1.088870724932389407e-02
4.418870198265071281e+02 -3.880309481768335917e-03 -1.076532088993560274e-02
4.419027905838604511e+02 -3.878965944198304455e-03 -1.063803802917933326e-02
4.419341659130437847e+02 -3.872710031183266600e-03 -1.036492847663157343e-02
4.419498132219720219e+02 -3.869723333258209483e-03 -1.023228736405531504e-02
4.419654288488019915e+02 -3.870664482199435985e-03 -1.010414260180918407e-02
4.419810483474437888e+02 -3.870063574188632380e-03 -9.970834853299595513e-03
4.420123703007686800e+02 -3.873437611019577790e-03 -9.711961534247800371e-03
4.420280565815160685e+02 -3.875288217341587172e-03 -9.581836698267029093e-03
4.420437495329097715e+02 -3.878276264366356876e-03 -9.457859222624293016e-03
4.420751968435341723e+02 -3.889059179659294652e-03 -9.231949889493780426e-03
4.420909626327233468e+02 -3.894458995434870330e-03 -9.148966730844906858e-03
4.421067557844329485e+02 -3.904900182643393676e-03 -9.075671977903819118e-03
4.421225064715644635e+02 -3.913597652580390329e-03 -8.980428978661681577e-03
4.421539304051236172e+02 -3.931723044548684001e-03 -8.806429726561430110e-03
4.421696205430326359e+02 -3.943532984318979216e-03 -8.708051200250187598e-03
4.421853120552043492e+02 -3.952675838088873586e-03 -8.602458827745775027e-03
4.422009996181141673e+02 -3.963747804622546646e-03 -8.492853096930028101e-03
4.422323993137635512e+02 -3.977937949695357044e-03 -8.272260636560987979e-03
4.422481057658824284e+02 -3.986396788135796766e-03 -8.160059062788162579e-03
4.422638134184413730e+02 -3.994935640180112719e-03 -8.049845195824939514e-03
4.422952329831074962e+02 -4.007559632337926760e-03 -7.857305297190600446e-03
4.423109636102809645e+02 -4.014144303224079398e-03 -7.852917662968826595e-03
4.423266904248892502e+02 -4.015655702311720851e-03 -7.748116674732105462e-03
4.423424389180101457e+02 -4.019706073958442295e-03 -7.629270030405471172e-03
4.423739811217552642e+02 -4.024683771729468777e-03 -7.739939507167261680e-03
4.423897623005368018e+02 -4.024242638759123643e-03 -7.966008671414599382e-03
4.424055449995734079e+02 -4.023479134767392502e-03 -8.396725495427881727e-03
4.424212908287346409e+02 -4.026012309714685142e-03 -8.630313044462685837e-03
4.424527549174410979e+02 -4.022597564762081870e-03 -9.007751500538894660e-03
4.424684638107071919e+02 -4.021150718009554835e-03 -9.287896363747175088e-03
4.424841587902481592e+02 -4.019056958520537265e-03 -9.438099111643843617e-03
4.425155461180474958e+02 -4.016289011139971901e-03 -9.558588308106928666e-03
4.425312377324413546e+02 -4.014392591981269867e-03 -9.683596126353947314e-03
4.425469415393271220e+02 -4.010435421399269340e-03 -9.820221381688372386e-03
4.425626624168142484e+02 -4.007021192852108782e-03 -9.968998582286670018e-03
4.425941193359427643e+02 -3.994757684767277425e-03 -1.031231200279452212e-02
4.426098789092500851e+02 -3.989578825883284205e-03 -1.046591041598158266e-02
4.426256607115836914e+02 -3.983366886398154866e-03 -1.064187270510073141e-02
4.426414451042815017e+02 -3.975544467308657175e-03 -1.086521601834462662e-02
4.426729778475133230e+02 -3.962565396565853430e-03 -1.120930503817036024e-02
4.426887223890016685e+02 -3.954921340954800114e-03 -1.133504195200236465e-02
4.427044428712216018e+02 -3.946962133338303112e-03 -1.143175344200473773e-02
4.427201476486764022e+02 -3.940511391761716657e-03 -1.149446603363395332e-02
4.427515356146299155e+02 -3.925295066278401690e-03 -1.150986043242105059e-02
4.427672295837790557e+02 -3.918702300283061907e-03 -1.147065389457144029e-02
4.427829242132630156e+02 -3.912752870998309311e-03 -1.143078194881656448e-02
4.428143625515663757e+02 -3.897732613350123835e-03 -1.127002546474763049e-02
4.428300845022994849e+02 -3.891405143602789940e-03 -1.117869636780559860e-02
4.428458151823259072e+02 -3.884960457145646227e-03 -1.107617448643950266e-02
4.428615217932604082e+02 -3.880393375565604867e-03 -1.096907462508007851e-02
4.428930066250163122e+02 -3.873214705289405695e-03 -1.072917431842232427e-02
4.429087687091239900e+02 -3.871373091258732344e-03 -1.059974623671857026e-02
4.429244677917719173e+02 -3.868578036728743865e-03 -1.046297962003780307e-02
4.429401213880743171e+02 -3.866089486886993901e-03 -1.032328665867519521e-02
4.429713592668030628e+02 -3.863742507886881727e-03 -1.006225651648576941e-02
4.429869881117325576e+02 -3.862759219672526161e-03 -9.933331228303870705e-03
4.430026477120228492e+02 -3.864174341474955685e-03 -9.800295594847227565e-03
4.430340151269366515e+02 -3.868181055645400664e-03 -9.542143532706551939e-03
4.430497174794179500e+02 -3.873919699163398157e-03 -9.420336159365112760e-03
4.430654388409706712e+02 -3.880271872853125522e-03 -9.305519874039764119e-03
4.430811841352457350e+02 -3.884154247030024380e-03 -9.200916345674839403e-03
4.431127372900581349e+02 -3.898280849306762566e-03 -9.045978132603127789e-03
4.431284866390007551e+02 -3.909687795926851568e-03 -8.949821523688493777e-03
4.431441932034591673e+02 -3.918800802253860627e-03 -8.865116298482349222e-03
4.431755855934995907e+02 -3.937481439295575231e-03 -8.674687838857289557e-03
4.431912716090681670e+02 -3.949278969587081273e-03 -8.567787742204922841e-03
4.432069667430711775e+02 -3.957377030652482058e-03 -8.458341401257098158e-03
4.432226620409895759e+02 -3.966257666437639391e-03 -8.348103945639138990e-03
4.432540705214351533e+02 -3.980099952354218887e-03 -8.124376733298943262e-03
4.432697761259734648e+02 -3.986658170438366240e-03 -8.014563354325094161e-03
4.432854831913697353e+02 -3.993302948506248159e-03 -7.908244422653823436e-03
4.433012055154023869e+02 -4.000688660508951860e-03 -7.846281011603251435e-03
4.433326703343545319e+02 -4.009770857458422148e-03 -7.700664709380888526e-03
4.433484276912194559e+02 -4.014727167226744657e-03 -7.615956517948082975e-03
4.433641888367112642e+02 -4.014944601357520529e-03 -7.657164288230529012e-03
4.433957633829946872e+02 -4.018177011818191771e-03 -8.062943091699546760e-03
4.434115229433934928e+02 -4.018373362504780964e-03 -8.514237796932635355e-03
4.434272700773964289e+02 -4.015685081417598098e-03 -8.631712514717043011e-03
4.434430078726233546e+02 -4.016738983687944201e-03 -8.780663025425917631e-03
4.434744296562279828e+02 -4.014750883817677120e-03 -9.337527775666105978e-03
4.434901215953062774e+02 -4.013142039810662504e-03 -9.446460284918042558e-03
4.435058138115180668e+02 -4.010188602833405190e-03 -9.492516347196829768e-03
4.435215042720917609e+02 -4.006982368798102379e-03 -9.588715260697535867e-03
4.435529089122528603e+02 -4.001059139856177373e-03 -9.856891438074923129e-03
4.435686340762254076e+02 -3.996153379392903930e-03 -1.001197865676480177e-02
4.435843564216667687e+02 -3.992165187593594081e-03 -1.018077883174233270e-02
4.436001053536798509e+02 -3.987839571401022819e-03 -1.036461015967060119e-02
4.436316584130295837e+02 -3.973944414194630070e-03 -1.070337964081630525e-02
4.436474496534541458e+02 -3.967409654953335356e-03 -1.092409832170066972e-02
4.436632089503956422e+02 -3.959904791225680662e-03 -1.110721825242334815e-02
4.436946946975005517e+02 -3.945747145626028046e-03 -1.136863707831267493e-02
4.437104126237063610e+02 -3.939803743815060294e-03 -1.145540984822494314e-02
4.437261129366867749e+02 -3.932515911342740131e-03 -1.150918466758132398e-02
4.437418058373376653e+02 -3.924892337311203412e-03 -1.152331070835581339e-02
4.437731893965886911e+02 -3.910050457539093402e-03 -1.146291505549993164e-02
4.437888851651716209e+02 -3.902770274613112916e-03 -1.141684022649676680e-02
4.438046011631803367e+02 -3.895559413270562130e-03 -1.133254767510573878e-02
4.438203359123909308e+02 -3.888518142249596313e-03 -1.124813306880166446e-02
4.438517888765988459e+02 -3.876616616897521177e-03 -1.104984730409639196e-02
4.438674904004837458e+02 -3.870940137894280427e-03 -1.094004402423808670e-02
4.438832378020553620e+02 -3.867194063186793485e-03 -1.082068969186064308e-02
4.439147518522354972e+02 -3.861781833984318998e-03 -1.056413474093367139e-02
4.439304212734830344e+02 -3.859275990392221044e-03 -1.042483484034498024e-02
4.439460756828872263e+02 -3.860740513939750658e-03 -1.028771290279152303e-02
4.439616950637643527e+02 -3.857959687178070304e-03 -1.015836135043324609e-02
4.439929503107524056e+02 -3.857501441995468596e-03 -9.896050006905755467e-03
4.440086146076463933e+02 -3.857848748560331435e-03 -9.764516577483539281e-03
4.440242941412973323e+02 -3.860207848912714478e-03 -9.633331531702154713e-03
4.440556984718324429e+02 -3.866415426967128970e-03 -9.388586564289218631e-03
4.440714320411273093e+02 -3.870447992821983429e-03 -9.273882188531847037e-03
4.440871882197700415e+02 -3.879448655700278546e-03 -9.176828376622842010e-03
4.441029799817196135e+02 -3.885962301111661396e-03 -9.105189620597179193e-03
4.441344658453789407e+02 -3.903565316304880625e-03 -8.926361603251858901e-03
4.441501796003723257e+02 -3.913769637678148235e-03 -8.841633165639786393e-03
4.441658598870923242e+02 -3.921625224624226101e-03 -8.749334225928733291e-03
4.441815568602110034e+02 -3.933267325456029154e-03 -8.646878073335331066e-03
4.442129404201119769e+02 -3.952158964207228703e-03 -8.428676787765161660e-03
4.442286378584141175e+02 -3.961366786858157643e-03 -8.317473787108087616e-03
4.442443435577017681e+02 -3.969311819364960969e-03 -8.205659948503212300e-03
4.442600534505048131e+02 -3.975801516024534028e-03 -8.093362916831207954e-03
4.442914640754120796e+02 -3.988445722828496028e-03 -7.880176847148829405e-03
4.443071944962808288e+02 -3.993836381104813246e-03 -7.847204510642425898e-03
4.443229266396812136e+02 -3.998055214527121252e-03 -7.809223348254948002e-03
4.443544288434528653e+02 -4.003871520502053777e-03 -7.617209633911746665e-03
4.443701951987985126e+02 -4.007813605485661436e-03 -7.682689707377966457e-03
4.443859846246867846e+02 -4.008330388516750074e-03 -7.835919779784789041e-03
4.444017726473744005e+02 -4.009774412161676120e-03 -8.185627469495384417e-03
4.444332620366096194e+02 -4.008390600079136251e-03 -8.643030942258756594e-03
4.444489905140256383e+02 -4.007706275642075773e-03 -8.864464410616453016e-03
4.444647054106978885e+02 -4.005634495687399217e-03 -9.173646587830354415e-03
4.444804023662766213e+02 -4.005673897363632580e-03 -9.374583334298915507e-03
4.445117910209818888e+02 -4.003062584451499289e-03 -9.509371942459581700e-03
4.445274824042039654e+02 -3.999677513054751554e-03 -9.620383906614866226e-03
4.445431766045373365e+02 -3.996566680930936644e-03 -9.747621420324866642e-03
4.445746152203369093e+02 -3.986800603030612837e-03 -1.005927903121490823e-02
4.445903472442343514e+02 -3.982835020273411096e-03 -1.024039047741673140e-02
4.446061063458261060e+02 -3.975475357510132625e-03 -1.042239203133269940e-02
4.446218714914673455e+02 -3.970603834793382490e-03 -1.056619028955046655e-02
4.446534563413123919e+02 -3.956272744289396001e-03 -1.099433887237967304e-02
4.446692087325698708e+02 -3.949979419414218797e-03 -1.117118657867923782e-02
4.446849500727569762e+02 -3.943017185238223248e-03 -1.130617248680092918e-02
4.447006773418619900e+02 -3.935594293845565660e-03 -1.141014120381378220e-02
4.447320838741954390e+02 -3.920958720378791770e-03 -1.153291187863195177e-02
4.447477785980452722e+02 -3.915430645437919382e-03 -1.153724003212121957e-02
4.447634723069556912e+02 -3.909327957542624819e-03 -1.150572251113496890e-02
4.447948676995518440e+02 -3.894448335203262723e-03 -1.140691007926330353e-02
4.448105898841873227e+02 -3.888712080492892631e-03 -1.131936076990613764e-02
4.448263186126714004e+02 -3.878953297211410953e-03 -1.123295273429021808e-02
4.448420549842063565e+02 -3.873154136571524669e-03 -1.113474202994426711e-02
4.448734821345416321e+02 -3.862961526044237943e-03 -1.091622449898088827e-02
4.448892456928502384e+02 -3.859250259588881040e-03 -1.079394200931806276e-02
4.449050146505103385e+02 -3.856656161319269981e-03 -1.066656229800957457e-02
4.449207395822591593e+02 -3.854178595579705550e-03 -1.053285906638347369e-02
4.449520345791346472e+02 -3.847604549799186341e-03 -1.025917542600926144e-02
4.449676461247617567e+02 -3.848757696177924296e-03 -1.012774583153879145e-02
4.449832660377854836e+02 -3.847798897337380546e-03 -9.995593410392413294e-03
4.450145931805140549e+02 -3.850167319349267342e-03 -9.733429643264946557e-03
4.450302790027993751e+02 -3.853550064683891347e-03 -9.601500136171330080e-03
4.450459811114247373e+02 -3.856074268767785938e-03 -9.476988537567256760e-03
4.450616980689714524e+02 -3.861746590750029726e-03 -9.361388352473694330e-03
4.450932075483502217e+02 -3.870029869067234934e-03 -9.159800517196520914e-03
4.451089955750750846e+02 -3.879474432911419763e-03 -9.088697414746198938e-03
4.451247521824279261e+02 -3.887875056805620809e-03 -8.997405622834754244e-03
4.451404583052189992e+02 -3.895967942852305525e-03 -8.906766577336227425e-03
4.451718543571887494e+02 -3.917793057919132307e-03 -8.725957708151170847e-03
4.451875433358298437e+02 -3.925607748481480148e-03 -8.622194291090692908e-03
4.452032283804081771e+02 -3.935005554068343389e-03 -8.512872012181243314e-03
4.452346262447674121e+02 -3.950483014192869395e-03 -8.292123043170436178e-03
4.452503343278186776e+02 -3.957480218838941959e-03 -8.178029733460136230e-03
4.452660422602699555e+02 -3.965865388146237215e-03 -8.067033127527321532e-03
4.452817484950903690e+02 -3.974769124828686842e-03 -7.958325746806417522e-03
4.453132006247374761e+02 -3.985646925925494070e-03 -7.853778019728268125e-03
4.453289259419061636e+02 -3.988920939237011916e-03 -7.774510501229581379e-03
4.453446807756449175e+02 -3.992404898446337905e-03 -7.640024632245123043e-03
4.453604428591370379e+02 -3.996519675190460426e-03 -7.630837867709212331e-03
4.453920068425674117e+02 -3.998181932632197989e-03 -7.910918200643943590e-03
4.454077819404401453e+02 -3.998188696463824722e-03 -8.329612782107467459e-03
4.454235283016661811e+02 -3.998955432113968957e-03 -8.635108340593037127e-03
4.454549899538788509e+02 -3.996692626317324866e-03 -8.958302680851886607e-03
4.454706947155842727e+02 -3.996371464129783516e-03 -9.241810901083105309e-03
4.454863889080736499e+02 -3.994426946861163834e-03 -9.402198442786537103e-03
4.455020829448259860e+02 -3.992171913982635323e-03 -9.463541720764022044e-03
4.455334675886756486e+02 -3.988522162328955387e-03 -9.653144572613601287e-03
4.455491728689854654e+02 -3.986201127912839155e-03 -9.786295965211766826e-03
4.455648983269715586e+02 -3.980433969866541480e-03 -9.939412211248216736e-03
4.455806124956050098e+02 -3.976594621247896838e-03 -1.011658753534311513e-02
4.456121178059552790e+02 -3.964859372432781928e-03 -1.048093942107621197e-02
4.456279051424161253e+02 -3.960098550997128569e-03 -1.063460820470735375e-02
4.456436896247986965e+02 -3.952500459728875044e-03 -1.085797932694339621e-02
4.456752151757423235e+02 -3.937780821464156346e-03 -1.123539348603163311e-02
4.456909566166013406e+02 -3.932414435030497264e-03 -1.135822474662430068e-02
4.457066788629942380e+02 -3.924468295917120202e-03 -1.145223977998456946e-02
4.457223784400857198e+02 -3.917962657323453141e-03 -1.152204954280100849e-02
4.457537644117853688e+02 -3.902836630652221656e-03 -1.154499163002632202e-02
4.457694572974864400e+02 -3.895529867293456242e-03 -1.150451249064599231e-02
4.457851526184639965e+02 -3.889023790047835445e-03 -1.146435671003962799e-02
4.458008622600945046e+02 -3.883495163122373511e-03 -1.138851790361131329e-02
4.458323210525704781e+02 -3.868562840749037099e-03 -1.121117295857753521e-02
4.458480602746175236e+02 -3.863246236957240155e-03 -1.110989466974952357e-02
4.458637703622873687e+02 -3.855832448740686546e-03 -1.100094234631186080e-02
4.458952668342443530e+02 -3.849605804138448838e-03 -1.076215485528444864e-02
4.459110288313263482e+02 -3.846733641033840776e-03 -1.063120273442431582e-02
4.459267247110546464e+02 -3.844256693418417192e-03 -1.049480456543124170e-02
4.459423796011529362e+02 -3.843058375075879534e-03 -1.035441597618349217e-02
4.459736145758831185e+02 -3.839395886538270099e-03 -1.009213293049151562e-02
4.459892444864328809e+02 -3.838538728953379709e-03 -9.962303370909105990e-03
4.460049055839456287e+02 -3.840000060206177381e-03 -9.828571371129069673e-03
4.460205829446219354e+02 -3.841272884668626725e-03 -9.696847710005019813e-03
4.460519844456924830e+02 -3.846100522778648795e-03 -9.445886809342170232e-03
4.460677141496267950e+02 -3.852406272179793954e-03 -9.329729444774755368e-03
4.460834673231412921e+02 -3.857277246846958340e-03 -9.222681826905922142e-03
4.461150134663820381e+02 -3.870386066968689674e-03 -9.067645275677122668e-03
4.461307616446841848e+02 -3.881834114375107281e-03 -8.972175633589176552e-03
4.461464719683840485e+02 -3.889928074041373689e-03 -8.882807804111695141e-03
4.461621547294857919e+02 -3.899760746103742102e-03 -8.795710475978293225e-03
4.461935369777804681e+02 -3.918548736976346265e-03 -8.591760243567572730e-03
4.462092310106393143e+02 -3.929767388864057083e-03 -8.482228331905723034e-03
4.462249291429444611e+02 -3.936384498419622652e-03 -8.371767063011573834e-03
4.462406300434171271e+02 -3.943815644101138565e-03 -8.260058568185091668e-03
4.462720429109947986e+02 -3.957221761619607141e-03 -8.035395307619356067e-03
4.462877507360087179e+02 -3.963424156884737953e-03 -7.926602550549024379e-03
4.463034770993884308e+02 -3.969663292735419249e-03 -7.849865001117142110e-03
4.463349480147299460e+02 -3.980458088149146055e-03 -7.730330285936877141e-03
4.463507056567097493e+02 -3.984531556533811580e-03 -7.622621727610890373e-03
4.463664686696006925e+02 -3.985297513936767767e-03 -7.647651665659437395e-03
4.463822605369338703e+02 -3.987326920570074401e-03 -7.753178996161051544e-03
4.464137980277532165e+02 -3.987737560571391268e-03 -8.470709765990000473e-03
4.464295436156499477e+02 -3.986941464368127207e-03 -8.639992070970964333e-03
4.464452786238563249e+02 -3.987170868421143106e-03 -8.737581900812313104e-03
4.464609958241406389e+02 -3.987825598573003193e-03 -9.048137969097579461e-03
4.464923918818112725e+02 -3.985245717824004337e-03 -9.417624611520816064e-03
4.465080825987560047e+02 -3.982936739711221384e-03 -9.471930826844440071e-03
4.465237723687275206e+02 -3.980019596389099135e-03 -9.568723521196946177e-03
4.465551809501120033e+02 -3.973337125686458166e-03 -9.820821616237922214e-03
4.465709052334009357e+02 -3.969716593019960264e-03 -9.980655393834947028e-03
4.465866287671994996e+02 -3.965749886538487770e-03 -1.016932044078765023e-02
4.466023813465140506e+02 -3.959074076411890630e-03 -1.036779234472138926e-02
4.466339373105872710e+02 -3.946941764667324069e-03 -1.069424255290909488e-02
4.466497312373676323e+02 -3.941881769131823712e-03 -1.092553389332542868e-02
4.466654852293208933e+02 -3.932884027038226898e-03 -1.113394862585887282e-02
4.466812307392023058e+02 -3.926301163029704416e-03 -1.128182656582410459e-02
4.467126816067048480e+02 -3.912902486510231627e-03 -1.147915737162868814e-02
4.467283774299120296e+02 -3.907317975226615170e-03 -1.153986258857941233e-02
4.467440731128535276e+02 -3.900364035470595125e-03 -1.155821504249929417e-02
4.467754569390372694e+02 -3.885778273061515128e-03 -1.149570165650284567e-02
4.467911531473124001e+02 -3.878800016729769869e-03 -1.144877521714953751e-02
4.468068719697051279e+02 -3.871094350372517728e-03 -1.136354141471641703e-02
4.468226023665057483e+02 -3.863599006477284100e-03 -1.127781454860764601e-02
4.468540730560821430e+02 -3.849143369951800713e-03 -1.108011039716947851e-02
4.468697794915741497e+02 -3.845921506941789737e-03 -1.096878576168088676e-02
4.468855361306448231e+02 -3.841940691491637239e-03 -1.084983926360840768e-02
4.469013042584056166e+02 -3.840899867206032294e-03 -1.072394060195240584e-02
4.469327140507849094e+02 -3.833416960751962876e-03 -1.045330681752902786e-02
4.469483665952560614e+02 -3.831409893405511059e-03 -1.031629738686612799e-02
4.469639835677364772e+02 -3.830871500256420939e-03 -1.018625788552595529e-02
4.469952392959756367e+02 -3.831060417942747532e-03 -9.920950686170312838e-03
4.470109083223767357e+02 -3.831090875201692472e-03 -9.789244798656379642e-03
4.470265888239355832e+02 -3.832412905425784146e-03 -9.656158170137724844e-03
4.470422840138824654e+02 -3.835067671526975249e-03 -9.528973385948998065e-03
4.470737440150166435e+02 -3.842980928195151562e-03 -9.295734384042844342e-03
4.470895033581619487e+02 -3.848795103469884911e-03 -9.194604210985684103e-03
4.471052939459909794e+02 -3.856631398453736273e-03 -9.119487695540252903e-03
4.471210478245828881e+02 -3.864847148642856951e-03 -9.040154804436694239e-03
4.471524834374735633e+02 -3.882363191095321211e-03 -8.856940873416005097e-03
4.471681666198082894e+02 -3.891835213500833505e-03 -8.767751620231918619e-03
4.471838559751111575e+02 -3.902152833783629690e-03 -8.668120273669749701e-03
4.472152361950223849e+02 -3.920096436441308958e-03 -8.450260453444767214e-03
4.472309348102967306e+02 -3.928392916186474945e-03 -8.337520738396896752e-03
4.472466408566776863e+02 -3.937486016729630292e-03 -8.224605092081338498e-03
4.472623501825979702e+02 -3.945294957745616553e-03 -8.111783297558985278e-03
4.472937680154663553e+02 -3.958007543847941005e-03 -7.893898786553561753e-03
4.473094998341013024e+02 -3.964226026747006901e-03 -7.844222080271742031e-03
4.473252294063643717e+02 -3.966620320509875279e-03 -7.828835487805392568e-03
4.473409759525333698e+02 -3.971701770764947750e-03 -7.686366422691637799e-03
4.473725136675321892e+02 -3.977187126877073167e-03 -7.667307310240152086e-03
4.473882982799422052e+02 -3.977232034129784752e-03 -7.798589476746850199e-03
4.474040826771656612e+02 -3.977491607937824747e-03 -8.117223814818079128e-03
4.474355688427804125e+02 -3.978553189118060746e-03 -8.636398561141490904e-03
4.474512932024206862e+02 -3.977940739850454460e-03 -8.812591629420097467e-03
4.474670047991450019e+02 -3.976227115688599038e-03 -9.128748252281807321e-03
4.474827007680230508e+02 -3.975147794561898970e-03 -9.335613290939855091e-03
4.475140886280051973e+02 -3.974147497035034581e-03 -9.488777083468338466e-03
4.475297813750015621e+02 -3.971925745793161884e-03 -9.596729066611311976e-03
4.475454818068529335e+02 -3.968091497082696165e-03 -9.714135425946630875e-03
4.475612012903652612e+02 -3.966224095153920298e-03 -9.852350393745670787e-03
4.475926551103590896e+02 -3.954330049246374164e-03 -1.021794240103995020e-02
4.476084140702742502e+02 -3.949107684406447626e-03 -1.041878722233512827e-02
4.476241893913878016e+02 -3.942901574004520522e-03 -1.056845017550709677e-02
4.476557649275354152e+02 -3.928182117218579142e-03 -1.099028599197145704e-02
4.476715143248322875e+02 -3.924198101458602206e-03 -1.118799499247491967e-02
4.476872582299566830e+02 -3.916153023323000124e-03 -1.132314681372552888e-02
4.477029810567025265e+02 -3.908780369650828763e-03 -1.142528782994977309e-02
4.477343816243534889e+02 -3.894439945357262931e-03 -1.155367301848244342e-02
4.477500761745980071e+02 -3.888034619925298009e-03 -1.156165270045821959e-02
4.477657699402150229e+02 -3.882236521064313505e-03 -1.153142506096487170e-02
4.477814638358105412e+02 -3.876307755090640465e-03 -1.149102075867426860e-02
4.478128923235949514e+02 -3.862102449410258643e-03 -1.134387718172385345e-02
4.478286183306101407e+02 -3.853361976749318171e-03 -1.125649949599785531e-02
4.478443672650885787e+02 -3.846479264348267105e-03 -1.115902921238543476e-02
4.478600908124994930e+02 -3.841849711587948333e-03 -1.105276068170814308e-02
4.478915728179796929e+02 -3.832935108131291669e-03 -1.081808250356049508e-02
4.479073417019346266e+02 -3.830030544575557718e-03 -1.068954483945780756e-02
4.479230641477977315e+02 -3.828015454647106137e-03 -1.055574846827977975e-02
4.479543584727026087e+02 -3.821362599710660061e-03 -1.028038781283686226e-02
4.479699656481603824e+02 -3.821341045315446074e-03 -1.014730134492871153e-02
4.479855861189437292e+02 -3.820269004267381856e-03 -1.001671664162295979e-02
4.480012404305064706e+02 -3.819994529310938129e-03 -9.882424116234290318e-03
4.480326023567056382e+02 -3.824393369552969973e-03 -9.618330903687435235e-03
4.480483073088738593e+02 -3.829003286484917046e-03 -9.493568765138593948e-03
4.480640352180381001e+02 -3.833675742658565217e-03 -9.376643829018978943e-03
4.480955519423355327e+02 -3.842141960593411978e-03 -9.169482284064042754e-03
4.481113324303028662e+02 -3.849121948257428361e-03 -9.098871063109470469e-03
4.481270892805013091e+02 -3.858770265145923962e-03 -9.012553022645515208e-03
4.481427946214353142e+02 -3.867288129373473281e-03 -8.917673061752739300e-03
4.481741861590571716e+02 -3.886400075819970452e-03 -8.740433338953971371e-03
4.481898693352465557e+02 -3.896734740054628478e-03 -8.637965862244030568e-03
4.482055550557383299e+02 -3.904150950500750051e-03 -8.528558125101748724e-03
4.482212500716665318e+02 -3.914114592185553854e-03 -8.418130587140493573e-03
4.482526592921877295e+02 -3.927538597552646636e-03 -8.191639013857139953e-03
4.482683668195239193e+02 -3.934893005312894293e-03 -8.079905746777561737e-03
4.482840750521236828e+02 -3.942831191173936864e-03 -7.970674926575535557e-03
4.483155329628676213e+02 -3.954187534645390092e-03 -7.846027751917001095e-03
4.483312604169373685e+02 -3.959446858672193391e-03 -7.795731381219545703e-03
4.483470191437727408e+02 -3.963786687977146131e-03 -7.650965356476018865e-03
4.483627810410310985e+02 -3.966106827370963900e-03 -7.618709770702515247e-03
4.483943504789115764e+02 -3.969728546181224872e-03 -7.862376840190006891e-03
4.484101150337736499e+02 -3.970727733197951421e-03 -8.253991611265163938e-03
4.484258618770556382e+02 -3.968784098419751889e-03 -8.639714514317336710e-03
4.484416001213202208e+02 -3.970463417563123432e-03 -8.650441971410700176e-03
4.484730227493845405e+02 -3.968763847461533392e-03 -9.198349883082709150e-03
4.484887158287850752e+02 -3.967518427220923308e-03 -9.362367387156485601e-03
4.485044091527365140e+02 -3.964973541416664214e-03 -9.431293824463504727e-03
4.485201005220185948e+02 -3.962414619202672683e-03 -9.515911536510261726e-03
4.485515029831645393e+02 -3.958435615732343316e-03 -9.742199659202014153e-03
4.485672274764791609e+02 -3.952823397782270938e-03 -9.884759953263164492e-03
4.485829469535856902e+02 -3.949652109796115453e-03 -1.006472124292798719e-02
4.486144533286262686e+02 -3.937536172202843292e-03 -1.046525478670702961e-02
4.486302462424669670e+02 -3.933294487078888013e-03 -1.061278199471549222e-02
4.486460337278459178e+02 -3.926490851437394042e-03 -1.081895164469302492e-02
4.486617991823569014e+02 -3.920018337225180879e-03 -1.105487598093848021e-02
4.486932875976137893e+02 -3.906180734715614285e-03 -1.136186174706976457e-02
4.487090074014548122e+02 -3.900201748899526002e-03 -1.145321070521155594e-02
4.487247071845864070e+02 -3.892549678958836124e-03 -1.152644340272382904e-02
4.487403979532954850e+02 -3.885644754811757532e-03 -1.156396033037985702e-02
4.487717823622369337e+02 -3.870762886563729795e-03 -1.152356337268163611e-02
4.487874778292806468e+02 -3.863794409292157280e-03 -1.148498808980109344e-02
4.488031913759424469e+02 -3.857298970937809209e-03 -1.140963101655980035e-02
4.488346555304621575e+02 -3.843394979519247807e-03 -1.123492601108682515e-02
4.488504001237503189e+02 -3.837982782332034857e-03 -1.113354057525271085e-02
4.488661149274551576e+02 -3.829734799604067423e-03 -1.102411778429015013e-02
4.488818615831954162e+02 -3.825418037451167735e-03 -1.090764966568740987e-02
4.489133842940655654e+02 -3.820296646021382591e-03 -1.065407239552293786e-02
4.489290745243420702e+02 -3.817362664491094886e-03 -1.051626710120839511e-02
4.489447321078496884e+02 -3.818146391135750651e-03 -1.037543454242241189e-02
4.489603564798192110e+02 -3.814223688612526208e-03 -1.024313940430211095e-02
4.489915962470768704e+02 -3.812231091369618595e-03 -9.978281654130441089e-03
4.490072555414318458e+02 -3.812974888718771108e-03 -9.844516161430555759e-03
4.490229328625619019e+02 -3.814572235551446852e-03 -9.710646255372970895e-03
4.490543400887093526e+02 -3.818346954665514850e-03 -9.459532265208464227e-03
4.490700800576732945e+02 -3.822531320687032590e-03 -9.342340429596768941e-03
4.490858365044842344e+02 -3.830371302776782328e-03 -9.233986423347549308e-03
4.491016195849847463e+02 -3.836374598951797481e-03 -9.146378603754144049e-03
4.491331213834006917e+02 -3.852473285983887101e-03 -8.985333281757084539e-03
4.491488358670324033e+02 -3.861035180711790225e-03 -8.891037698081938681e-03
4.491645123313906538e+02 -3.869023214027965136e-03 -8.805345649544065248e-03
4.491802076353599773e+02 -3.879992263634923864e-03 -8.711972729025029699e-03
4.492115806410880055e+02 -3.900079763089574908e-03 -8.496915232118372116e-03
4.492272773611852017e+02 -3.908467493681534559e-03 -8.385824990445010785e-03
4.492429841209694246e+02 -3.915488505940496917e-03 -8.273004207654987424e-03
4.492743962075851982e+02 -3.929429169958167239e-03 -8.047701773530542557e-03
4.492901054938374727e+02 -3.935759421917896933e-03 -7.937600141983906787e-03
4.493058350243794621e+02 -3.941497507441634254e-03 -7.848008626953858688e-03
4.493215700703364064e+02 -3.947100904583286142e-03 -7.846759473518389455e-03
4.493530697807853471e+02 -3.954038431900407796e-03 -7.626284041018453926e-03
4.493688357624000105e+02 -3.957673712261826002e-03 -7.630622660850096967e-03
4.493846256735898805e+02 -3.959136935075015067e-03 -7.722626498359906957e-03
4.494004135859668168e+02 -3.961574345901794011e-03 -7.943957343474928809e-03
4.494319035517903558e+02 -3.960231788525729775e-03 -8.648072633389597419e-03
4.494476340864696340e+02 -3.960055128866258461e-03 -8.691391141815432361e-03
4.494633501801772582e+02 -3.959250214833554687e-03 -8.993067744551556247e-03
4.494947434024832660e+02 -3.959399423067722947e-03 -9.378077143462872078e-03
4.495104379964015493e+02 -3.956991725060358088e-03 -9.442949272454204124e-03
4.495261270962230356e+02 -3.954408776042210930e-03 -9.541991509632502533e-03
4.495418211646119744e+02 -3.951785750501724329e-03 -9.650171817260235971e-03
4.495732605356071190e+02 -3.943512416315643129e-03 -9.919972132346762880e-03
4.495889889762000848e+02 -3.940019190273793583e-03 -1.010884589924501177e-02
4.496047461659280202e+02 -3.932177303945138397e-03 -1.031987086049454203e-02
4.496205080975522606e+02 -3.928312565203971943e-03 -1.050745210204937982e-02
4.496520955896165219e+02 -3.915743824240382719e-03 -1.088273868391413657e-02
4.496678483217330040e+02 -3.907947257360711892e-03 -1.111735774812569293e-02
4.496835909933640210e+02 -3.901915993708647210e-03 -1.127791195285686096e-02
4.497150348921766749e+02 -3.887220366265802668e-03 -1.148014991631974430e-02
4.497307293306558336e+02 -3.881551570549255856e-03 -1.154585350803807343e-02
4.497464233937735116e+02 -3.875969571077023286e-03 -1.157215578822438223e-02
4.497621175734506096e+02 -3.869449266952419437e-03 -1.155847215542407831e-02
4.497935085124359489e+02 -3.855098080813384575e-03 -1.147369772930453835e-02
4.498092289305691338e+02 -3.848605869597155737e-03 -1.138935241446391820e-02
4.498249534428321681e+02 -3.838807823027436204e-03 -1.130440181362049254e-02
4.498407011999688621e+02 -3.833019086861467247e-03 -1.121202935115709655e-02
4.498721562865704868e+02 -3.821368470226795769e-03 -1.099576032900433618e-02
4.498879167243836150e+02 -3.816962612067333581e-03 -1.087626727655211997e-02
4.499036856987132182e+02 -3.814265956259355397e-03 -1.074910447087106674e-02
4.499350930972326523e+02 -3.808529776099069293e-03 -1.047645682589495690e-02
4.499507438748340178e+02 -3.803302981940592797e-03 -1.033871245936297117e-02
4.499663576673173679e+02 -3.804252039108980531e-03 -1.020591755652064565e-02
4.499819700280047527e+02 -3.803562439243770611e-03 -1.007066524494258999e-02
4.500132832362032786e+02 -3.804788403398887998e-03 -9.805206821536856243e-03
4.500289680102929992e+02 -3.806493863484274737e-03 -9.670179618640773259e-03
4.500446668514545081e+02 -3.808050931313156692e-03 -9.542567713686620282e-03
4.500603878460759688e+02 -3.813042661219103336e-03 -9.424438460722902797e-03
4.500919019959846423e+02 -3.819890368142643804e-03 -9.204480388550673534e-03
4.501076885387943776e+02 -3.829183519631103663e-03 -9.124085035282574266e-03
4.501234464565639541e+02 -3.836512856992452519e-03 -9.050832996964653168e-03
4.501548695408865797e+02 -3.852837383833716996e-03 -8.863737853844939202e-03
4.501705544470553377e+02 -3.864806376637523831e-03 -8.778024471370025200e-03
4.501862378034712719e+02 -3.872784397454906869e-03 -8.682512982362645959e-03
4.502019168948821743e+02 -3.883242599767217518e-03 -8.574452461784787261e-03
4.502333133868262394e+02 -3.898046009157558021e-03 -8.352565664703173742e-03
4.502490212119361104e+02 -3.906184954407079888e-03 -8.238117018046563905e-03
4.502647299306124751e+02 -3.915007714929871242e-03 -8.125152098315753177e-03
4.502804379215749009e+02 -3.923676658357271550e-03 -8.014943259192481781e-03
4.503118883364907106e+02 -3.935710679695067840e-03 -7.837942248720848257e-03
4.503276160549521592e+02 -3.938179190764406860e-03 -7.836252055372798508e-03
4.503433692462552358e+02 -3.942270606775806138e-03 -7.708626572834459227e-03
4.503749165162580539e+02 -3.949113868015951406e-03 -7.648070273121717819e-03
4.503906937812622573e+02 -3.949303957333926904e-03 -7.764735942883055526e-03
4.504064723547797939e+02 -3.949354439453945861e-03 -8.047730906134345844e-03
4.504222172030135312e+02 -3.952239767463452784e-03 -8.537740879882583719e-03
4.504536793524787868e+02 -3.950171826717996729e-03 -8.760050353169838988e-03
4.504693868436041839e+02 -3.949896078526721199e-03 -9.077956971659776816e-03
4.504850816335470540e+02 -3.948410671723059408e-03 -9.293480182730263009e-03
4.505007764741564529e+02 -3.947168922583817532e-03 -9.388005085262399185e-03
4.505321616645618406e+02 -3.945135245488238032e-03 -9.565820288482599840e-03
4.505478659400239962e+02 -3.942343567721272833e-03 -9.675256494524492670e-03
4.505635892165010432e+02 -3.938400292943799313e-03 -9.798860564534397910e-03
4.505950468980743153e+02 -3.928213571121400016e-03 -1.015726591501429389e-02
4.506108057055979543e+02 -3.923320328251998605e-03 -1.037422292736907802e-02
4.506265899178962968e+02 -3.918254913250973463e-03 -1.055017751578185559e-02
4.506423737113018433e+02 -3.910731610600497003e-03 -1.071669971289701713e-02
4.506739037335922262e+02 -3.897901629217262551e-03 -1.117635411480052444e-02
4.506896477803255152e+02 -3.891770571254400245e-03 -1.132082556658578487e-02
4.507053682440670741e+02 -3.883882679760730736e-03 -1.142763586251327283e-02
4.507210702058955007e+02 -3.877907853623830357e-03 -1.150601836329088155e-02
4.507524561828115566e+02 -3.863177792751582885e-03 -1.157828685706874076e-02
4.507681492939051964e+02 -3.856458744573275539e-03 -1.155208954886101196e-02
4.507838440463872303e+02 -3.850528009657449516e-03 -1.151487618360173132e-02
4.508152775446226315e+02 -3.835556412950527887e-03 -1.136994262192486498e-02
4.508310022508030102e+02 -3.829115589340545238e-03 -1.128505590973156655e-02
4.508467587234368921e+02 -3.822418232037049900e-03 -1.118777205324605374e-02
4.508624873646635365e+02 -3.816063384471384597e-03 -1.108037061962158058e-02
4.508939811190260798e+02 -3.807520230260924912e-03 -1.084463693111122756e-02
4.509097533723228253e+02 -3.804976360950963407e-03 -1.071443275911070081e-02
4.509254713029056916e+02 -3.802294951684341909e-03 -1.058017310363615002e-02
4.509411318613632034e+02 -3.799172686921335317e-03 -1.043662949951956048e-02
4.509723716082398255e+02 -3.795568821733138597e-03 -1.016726315748930735e-02
4.509879930010820885e+02 -3.794110663092829620e-03 -1.003552400855198083e-02
4.510036469366582992e+02 -3.794126446492681031e-03 -9.899735659096945209e-03
4.510350109510865195e+02 -3.795679542213369843e-03 -9.632586649154777081e-03
4.510507192096681592e+02 -3.799677748457581938e-03 -9.507733929905493736e-03
4.510664536937291587e+02 -3.805469599303907841e-03 -9.389539348634875007e-03
4.510822102473703694e+02 -3.808443679689322951e-03 -9.276885833043034199e-03
4.511137559142646865e+02 -3.819922139708973024e-03 -9.104601565837196903e-03
4.511295108039059869e+02 -3.830514062786786762e-03 -9.025115569450251063e-03
4.511452202423692484e+02 -3.838385078506900347e-03 -8.927409203685756495e-03
4.511609076922742929e+02 -3.848379268301921775e-03 -8.838036368809339474e-03
4.511922790546319106e+02 -3.866683586943701206e-03 -8.652065145613733327e-03
4.512079682147767130e+02 -3.875845475889161135e-03 -8.543220355339369715e-03
4.512236619247525482e+02 -3.883845376572572089e-03 -8.433602238704238779e-03
4.512550718595628041e+02 -3.898675238291717839e-03 -8.205612200183308447e-03
4.512707792254285550e+02 -3.905504259285712872e-03 -8.093475756460598303e-03
4.512864884892087503e+02 -3.912203745856513218e-03 -7.983563161354227666e-03
4.513022138569381241e+02 -3.919297497311314063e-03 -7.875647502156793087e-03
4.513336851148202982e+02 -3.930060668852629509e-03 -7.813291499734248760e-03
4.513494439581900792e+02 -3.935684843147348871e-03 -7.668236595724727510e-03
4.513652065254805166e+02 -3.936366457611668347e-03 -7.610354903130981188e-03
4.513809981312494415e+02 -3.939456853821687865e-03 -7.671158583130678263e-03
4.514125355290895527e+02 -3.941456591548064305e-03 -8.176645677163038931e-03
4.514282816054018213e+02 -3.940087977610036429e-03 -8.627523881503397843e-03
4.514440176448120496e+02 -3.941379330498120254e-03 -8.634930479215549917e-03
4.514754389897758529e+02 -3.941653065557668492e-03 -9.150218190760686654e-03
4.514911312627861548e+02 -3.940487267244111719e-03 -9.322380906774589346e-03
4.515068231171634920e+02 -3.938484132538086317e-03 -9.399077047876713484e-03
4.515225138116097696e+02 -3.935845234662586553e-03 -9.487266014008930576e-03
4.515539205780779639e+02 -3.930585478121752588e-03 -9.700861477618918233e-03
4.515696452444892657e+02 -3.927048214884171912e-03 -9.831870926923754264e-03
4.515853680627211588e+02 -3.923512336713458858e-03 -1.000368735010398469e-02
4.516011177948885802e+02 -3.918711757179810240e-03 -1.021155189430600178e-02
4.516326719108158159e+02 -3.906277318205920480e-03 -1.059621360724700978e-02
4.516484651261368981e+02 -3.900828265695862294e-03 -1.077759821448433589e-02
4.516642210586091437e+02 -3.893037110392320952e-03 -1.102356012978126035e-02
4.516957046873105810e+02 -3.880179669544588268e-03 -1.136304286913910298e-02
4.517114216568034522e+02 -3.874339301538285308e-03 -1.145916722708133738e-02
4.517271188536955719e+02 -3.868188278682564273e-03 -1.153333728615946012e-02
4.517428137885138995e+02 -3.860877491640825245e-03 -1.157692027801291573e-02
4.517741954407194953e+02 -3.846765776660733376e-03 -1.154655757581449747e-02
4.517898912610231719e+02 -3.839849046283524102e-03 -1.151045803840886061e-02
4.518056082184786533e+02 -3.832419357447500521e-03 -1.143625872281470342e-02
4.518213334741390668e+02 -3.825475629838268402e-03 -1.135145310461207341e-02
4.518528222833872405e+02 -3.810483616189608812e-03 -1.116203345546655339e-02
4.518685463056993399e+02 -3.805012167875829101e-03 -1.105230324455363719e-02
4.518843038400296450e+02 -3.799822686951521717e-03 -1.093502536745521482e-02
4.519000678911945101e+02 -3.799214414634373687e-03 -1.080998397200117790e-02
4.519315126546861734e+02 -3.791589201613365049e-03 -1.054079640548935375e-02
4.519471730461094694e+02 -3.790114157220541083e-03 -1.039882942476638011e-02
4.519627939834580843e+02 -3.787482983104497117e-03 -1.026512194088430308e-02
4.519940360396302026e+02 -3.786290338022029085e-03 -9.995847846898971503e-03
4.520096981587988694e+02 -3.785287596249905812e-03 -9.861666879953845735e-03
4.520253747935836941e+02 -3.786287453591059404e-03 -9.726003704265758984e-03
4.520410686483948552e+02 -3.788068495259824808e-03 -9.594850944532018824e-03
4.520725358159409097e+02 -3.793784906406247933e-03 -9.356025018641273006e-03
4.520882978248424706e+02 -3.800399972674138593e-03 -9.246489223338417301e-03
4.521040845818311027e+02 -3.806461222046924383e-03 -9.153184426669864343e-03
4.521355730501747985e+02 -3.821122065715700823e-03 -8.999333741239312970e-03
4.521512876649712780e+02 -3.830781984823541410e-03 -8.900321770638036992e-03
4.521669662561281484e+02 -3.838651149066073069e-03 -8.813119644171698089e-03
4.521826540305263507e+02 -3.849475408364450534e-03 -8.724217869042909940e-03
4.522140236813121987e+02 -3.867591747514090642e-03 -8.512463610883633236e-03
4.522297208945815328e+02 -3.876684106781046277e-03 -8.400701055847174109e-03
4.522454265943633800e+02 -3.885694138250453053e-03 -8.286746878963668558e-03
4.522611385913612025e+02 -3.893079098712809438e-03 -8.172524259442435005e-03
4.522925556455622313e+02 -3.906544903549470996e-03 -7.951567070807005755e-03
4.523082878560707627e+02 -3.912567214658096461e-03 -7.851844063793791614e-03
4.523240202884879864e+02 -3.916292865294971129e-03 -7.841015477597588004e-03
4.523555303262410234e+02 -3.923860504993023461e-03 -7.636277009858622941e-03
4.523713000756262090e+02 -3.928330281381239332e-03 -7.617996179373511846e-03
4.523870865175480844e+02 -3.929225863905375787e-03 -7.700360295937716884e-03
4.524028717318703343e+02 -3.930665462005205647e-03 -7.893634203071705352e-03
4.524343578601472018e+02 -3.931828425028632140e-03 -8.659017912817987619e-03
4.524500837997593976e+02 -3.931938275030751051e-03 -8.656942710282616513e-03
4.524657974285518662e+02 -3.930383907506507409e-03 -8.936827936936288588e-03
4.524814940547779543e+02 -3.930450401682355176e-03 -9.206127535420396968e-03
4.525128822705823950e+02 -3.930112520362431458e-03 -9.413961852712416506e-03
4.525285762532625427e+02 -3.927747194567359282e-03 -9.509017601218654539e-03
4.525442724987636325e+02 -3.924778919142076980e-03 -9.613785144893600282e-03
4.525757094607324689e+02 -3.916279791809525873e-03 -9.870572122507203366e-03
4.525914438274293730e+02 -3.912573410318483970e-03 -1.005477441202896026e-02
4.526072023854059125e+02 -3.906751513607548826e-03 -1.027239170032407355e-02
4.526229718476411676e+02 -3.901579115765446346e-03 -1.048919480088465576e-02
4.526545530175617955e+02 -3.887725121542324677e-03 -1.085101248052529679e-02
4.526703040989578426e+02 -3.883479444027816262e-03 -1.110155615433091464e-02
4.526860460078352162e+02 -3.876190956645788905e-03 -1.128958500052337430e-02
4.527017714281968779e+02 -3.869130707405899188e-03 -1.140520160791509870e-02
4.527331742704683961e+02 -3.855139487530354677e-03 -1.156169578074397152e-02
4.527488686077069246e+02 -3.849572654718143739e-03 -1.159365829849568277e-02
4.527645618410809902e+02 -3.844114713605550557e-03 -1.158385672495365268e-02
4.527802555031926204e+02 -3.837788540260087065e-03 -1.154624058806961139e-02
4.528116799059795312e+02 -3.824409658539380547e-03 -1.141823324609617975e-02
4.528273995706611004e+02 -3.814289367829396937e-03 -1.133416355521002852e-02
4.528431543097726717e+02 -3.807166728603611754e-03 -1.124167546785238489e-02
4.528746299556740382e+02 -3.796047193299951442e-03 -1.102396709379476446e-02
4.528903890441184217e+02 -3.790522370839044530e-03 -1.090406239482630268e-02
4.529061629499075821e+02 -3.786767803719509259e-03 -1.077594725866364879e-02
4.529219051468396628e+02 -3.785801700877222242e-03 -1.064357621657190285e-02
4.529532193977708516e+02 -3.777068719775756971e-03 -1.036299375095388331e-02
4.529688277704451593e+02 -3.777198906585516134e-03 -1.022723790726881056e-02
4.529844424657523518e+02 -3.776214806713617742e-03 -1.009323824104674944e-02
4.530000881354566218e+02 -3.774851787566074930e-03 -9.957756915754628277e-03
4.530314426854581029e+02 -3.778350829185290506e-03 -9.688212398344218587e-03
4.530471465867840379e+02 -3.780964950873657963e-03 -9.559874752705102563e-03
4.530628735948267831e+02 -3.784944585721567323e-03 -9.440759956759173580e-03
4.530943999405409386e+02 -3.791481447758977223e-03 -9.218384311768235834e-03
4.531101800473897470e+02 -3.798910804521735216e-03 -9.132057695287890478e-03
4.531259413847827204e+02 -3.806782394617477892e-03 -9.062906022725454244e-03
4.531416488812971011e+02 -3.814255310215022409e-03 -8.971918338107629301e-03
4.531730403367312192e+02 -3.833626592434905087e-03 -8.788229807206933072e-03
4.531887207466626251e+02 -3.842212990517468625e-03 -8.697189604626974491e-03
4.532043980119498769e+02 -3.850336436403270935e-03 -8.591190311155835757e-03
4.532200915523850995e+02 -3.860062156339533809e-03 -8.481726214808882683e-03
4.532515003040434749e+02 -3.873956751479583870e-03 -8.254720877310429278e-03
4.532672099975985134e+02 -3.882020039811487355e-03 -8.142143534520713405e-03
4.532829191695301461e+02 -3.891251593012647753e-03 -8.031724297833454582e-03
4.533143775118031158e+02 -3.902815728549338930e-03 -7.838340621475486589e-03
4.533301047711512410e+02 -3.907767590010373382e-03 -7.842485791398364978e-03
4.533458636859639341e+02 -3.911876785742853489e-03 -7.735752277340336713e-03
4.533616266054334005e+02 -3.916005708183146854e-03 -7.616642090759516946e-03
4.533931921461314118e+02 -3.920102442763048409e-03 -7.739340350447639592e-03
4.534089607696551525e+02 -3.921439241483872483e-03 -7.987488270151410844e-03
4.534247068951629558e+02 -3.921209303085090164e-03 -8.484788674621612098e-03
4.534404463531271858e+02 -3.922846092597066965e-03 -8.647976663561901534e-03
4.534718694110894148e+02 -3.921838648519361016e-03 -9.022097931014631464e-03
4.534875631639354765e+02 -3.920874047811189443e-03 -9.250037996220471584e-03
4.535032572111932154e+02 -3.919005674029327722e-03 -9.352923517857662100e-03
4.535346426132544480e+02 -3.915844768375187183e-03 -9.532190518672720506e-03
4.535503501237720911e+02 -3.914723729917395784e-03 -9.639104818611020017e-03
4.535660747480988562e+02 -3.909145965900458729e-03 -9.760917681673669799e-03
4.535817911740263639e+02 -3.906436801555886011e-03 -9.918325573365721626e-03
4.536132968427777996e+02 -3.895298767419553415e-03 -1.033921853497957004e-02
4.536290873053148971e+02 -3.891425188375965440e-03 -1.054935925634349798e-02
4.536448726746147599e+02 -3.884692420381943585e-03 -1.070393064201178093e-02
4.536606432081572962e+02 -3.878851245481035239e-03 -1.093597902141390382e-02
4.536921330588511978e+02 -3.865762023519853183e-03 -1.134723141829119958e-02
4.537078550910028412e+02 -3.859179308924035132e-03 -1.144864652272063223e-02
4.537235532701195098e+02 -3.852335837729242013e-03 -1.153017949364127173e-02
4.537549369689892842e+02 -3.838240249074100462e-03 -1.160930268337389583e-02
4.537706288419315115e+02 -3.831088818803264195e-03 -1.158444267278209427e-02
4.537863239845263479e+02 -3.824473021490706892e-03 -1.154871937475361945e-02
4.538020354986936695e+02 -3.818942651115984563e-03 -1.148827722860544694e-02
4.538334890845836753e+02 -3.803842009151802133e-03 -1.131641655884244209e-02
4.538492455889618782e+02 -3.798344490622411560e-03 -1.121921982786646017e-02
4.538649805671136050e+02 -3.789286336457967173e-03 -1.111022882542244891e-02
4.538807359710126548e+02 -3.784657289874179213e-03 -1.099465906547572418e-02
4.539122669524850266e+02 -3.778361869667602301e-03 -1.074184874598811505e-02
4.539279778977171986e+02 -3.775157790494270207e-03 -1.060633555355821461e-02
4.539436438851940920e+02 -3.774556881582352783e-03 -1.046216904184922407e-02
4.539748811989330193e+02 -3.768843225561443241e-03 -1.019098312367306379e-02
4.539905038179680332e+02 -3.767367275945214793e-03 -1.005735926432123860e-02
4.540061569586264909e+02 -3.767135009964255564e-03 -9.921318628586625610e-03
4.540218312235087410e+02 -3.767656364462051120e-03 -9.785651334330661491e-03
4.540532346954055924e+02 -3.769516896951526606e-03 -9.527247024897048805e-03
4.540689791095176133e+02 -3.773951771559585534e-03 -9.407837178245226362e-03
4.540847430140606207e+02 -3.779806504116320007e-03 -9.295474581133025133e-03
4.541005225238489516e+02 -3.785581320213407541e-03 -9.191865854415627243e-03
4.541320340366691539e+02 -3.799897237512892163e-03 -9.041655706716245425e-03
4.541477492224008188e+02 -3.807162608260815199e-03 -8.943808285219409862e-03
4.541634273554968217e+02 -3.815205839657621108e-03 -8.850900294211715841e-03
4.541947943019213767e+02 -3.833794084090016378e-03 -8.668811093133620832e-03
4.542104822653705014e+02 -3.845131218269803603e-03 -8.560447449863801267e-03
4.542261780703291834e+02 -3.853079156073644165e-03 -8.451382286554011761e-03
4.542418815202740916e+02 -3.859857163569080547e-03 -8.338148184202032187e-03
4.542732971815948417e+02 -3.874743795093073349e-03 -8.111533214740678996e-03
4.542890072184568453e+02 -3.881186893959500187e-03 -8.000609803077105356e-03
4.543047362902273676e+02 -3.887419900476801228e-03 -7.891302566645849378e-03
4.543204736996470388e+02 -3.893794350606156855e-03 -7.836500536261071723e-03
4.543519728432154920e+02 -3.902671419965256933e-03 -7.692371964315197069e-03
4.543677389380997056e+02 -3.905637263977499146e-03 -7.610088883446866972e-03
4.543835291902032054e+02 -3.907999189423944954e-03 -7.657436024815044220e-03
4.544150625654241367e+02 -3.909397569344661046e-03 -8.106865662721953261e-03
4.544308065889377417e+02 -3.910445560158927296e-03 -8.609245656200022884e-03
4.544465385842698879e+02 -3.910872545419679172e-03 -8.629519697944659090e-03
4.544622552575186205e+02 -3.911574353447355712e-03 -8.791349517049459189e-03
4.544936508025115813e+02 -3.911798877743469238e-03 -9.280451269096122446e-03
4.545093432895916408e+02 -3.909859056215219016e-03 -9.367560104578126143e-03
4.545250328256481680e+02 -3.907868164001898972e-03 -9.455442316551005560e-03
4.545407269089848228e+02 -3.905616688194734915e-03 -9.557428631154094023e-03
4.545721665436368539e+02 -3.898976899495297868e-03 -9.802847920728661665e-03
4.545878921710711325e+02 -3.895803717295343981e-03 -9.972388667245727853e-03
4.546036468771204682e+02 -3.888543425416203948e-03 -1.017392395160863529e-02
4.546352032042145197e+02 -3.878269991025973685e-03 -1.060756909177474477e-02
4.546509960572265641e+02 -3.873721765153174436e-03 -1.076915963825992792e-02
4.546667491430131918e+02 -3.865424763835486732e-03 -1.101911307935968774e-02
4.546824931407791723e+02 -3.859743271605833859e-03 -1.124620731016290343e-02
4.547139405434454602e+02 -3.846240235186552427e-03 -1.148251343195747301e-02
4.547296352578466099e+02 -3.841251701866094277e-03 -1.155774563586828632e-02
4.547453290778313431e+02 -3.835337998348055995e-03 -1.160618375289015729e-02
4.547610240104101536e+02 -3.828530179297137594e-03 -1.161143090952859377e-02
4.547924108564768630e+02 -3.814912581490127481e-03 -1.153900499658952992e-02
4.548081307198117429e+02 -3.807820809019031843e-03 -1.146466235125222222e-02
4.548238522693301888e+02 -3.799284186407107626e-03 -1.137838278825163175e-02
4.548553489521605684e+02 -3.783651017882195579e-03 -1.118777243598303127e-02
4.548710820436990048e+02 -3.779289800571073322e-03 -1.107676997684387682e-02
4.548868465726576460e+02 -3.773892665430913975e-03 -1.095848008188755364e-02
4.549026170815500336e+02 -3.771278285549526602e-03 -1.083180206256962631e-02
4.549340583225347245e+02 -3.765532536775936020e-03 -1.056167711632637757e-02
4.549497186634444006e+02 -3.759951576076509504e-03 -1.042068649014517810e-02
4.549653351637851983e+02 -3.759868496221709967e-03 -1.028623887997284249e-02
4.549809439289785473e+02 -3.759130349035132244e-03 -1.014840890388739141e-02
4.550122430880903721e+02 -3.758334917796177926e-03 -9.879507734599312849e-03
4.550279254811523515e+02 -3.758316767355304559e-03 -9.742564828952410619e-03
4.550436203488428077e+02 -3.759468501963185612e-03 -9.611602526184870321e-03
4.550750984747479038e+02 -3.765761108687743115e-03 -9.372030460450304565e-03
4.550908672590517199e+02 -3.768767608089777007e-03 -9.262650820242001801e-03
4.551066522607394518e+02 -3.777007931580994831e-03 -9.163680288058540999e-03
4.551224093906792518e+02 -3.783512909719300484e-03 -9.091787530692924113e-03
4.551538444442182936e+02 -3.798630295370124081e-03 -8.913319127327321706e-03
4.551695263995932805e+02 -3.808740694866077133e-03 -8.823246079549427676e-03
4.551852070975946276e+02 -3.817339103704250804e-03 -8.735111937967264886e-03
4.552008797309392776e+02 -3.828090774628468279e-03 -8.635532285449288789e-03
4.552322703120599954e+02 -3.842728178086822748e-03 -8.415820905169657182e-03
4.552479774828781842e+02 -3.851843355157008597e-03 -8.300727164708886219e-03
4.552636878189545087e+02 -3.860658353556642181e-03 -8.186768899724094356e-03
4.552951145903255679e+02 -3.874961115203180012e-03 -7.965709968088109313e-03
4.553108475943805047e+02 -3.881899819981889967e-03 -7.860567830515032342e-03
4.553265779007670062e+02 -3.884423032748184935e-03 -7.839426049335004865e-03
4.553423300191780072e+02 -3.889274301284784737e-03 -7.800246172414850888e-03
4.553738761100973989e+02 -3.896830910184792985e-03 -7.610597187203193247e-03
4.553896544784579987e+02 -3.897835352171051104e-03 -7.682512777359652191e-03
4.554054346084064377e+02 -3.898440086390770384e-03 -7.850749621518637519e-03
4.554211788235598419e+02 -3.902281700791365542e-03 -8.253693199029552702e-03
4.554526409002045853e+02 -3.901303563646452924e-03 -8.630042198130781841e-03
4.554683503055215965e+02 -3.900959722506444280e-03 -8.877712795382991517e-03
4.554840455234336218e+02 -3.900159582849158091e-03 -9.157849521058181869e-03
4.555154345106049618e+02 -3.899856443133453698e-03 -9.383902027339187726e-03
4.555311268969032312e+02 -3.899050409416781986e-03 -9.474768692052481026e-03
4.555468310589156431e+02 -3.896275401997337587e-03 -9.580039225331567904e-03
4.555625516478396548e+02 -3.894081412261662500e-03 -9.696418904100967753e-03
4.555940070784274099e+02 -3.883772844735114936e-03 -1.002272893539722827e-02
4.556097658587073624e+02 -3.879557372140734518e-03 -1.023522196324153956e-02
4.556255467037136668e+02 -3.874184120462057998e-03 -1.048249535798524874e-02
4.556413314109635166e+02 -3.867274659124458978e-03 -1.065498617999428854e-02
4.556728641077863813e+02 -3.856159407715599625e-03 -1.109665260179844466e-02
4.556886088551099192e+02 -3.849280939835269134e-03 -1.130339685557614493e-02
4.557043294136533405e+02 -3.842076525844883954e-03 -1.143037638431347591e-02
4.557200336330162145e+02 -3.836258580280076536e-03 -1.150905516278462500e-02
4.557514198051470657e+02 -3.822354383033484734e-03 -1.161576206419881289e-02
4.557671128832910767e+02 -3.816327238945871336e-03 -1.160440633869971351e-02
4.557828067539090284e+02 -3.810832085179407906e-03 -1.156745924613558282e-02
4.558142384328289722e+02 -3.796324315820504957e-03 -1.143741982882991171e-02
4.558299547679922625e+02 -3.789070994910694479e-03 -1.135235663473253311e-02
4.558457123114535534e+02 -3.781182483721593716e-03 -1.125999901346298217e-02
4.558614581702731812e+02 -3.774952443998253349e-03 -1.115333886660375799e-02
4.558929673747352922e+02 -3.764112673595765551e-03 -1.092121278399732151e-02
4.559087496935368904e+02 -3.761164260931004234e-03 -1.079113395953374376e-02
4.559244869499809738e+02 -3.759105248670193376e-03 -1.066045813930673568e-02
4.559401574438138596e+02 -3.755464398076795076e-03 -1.051632052263556244e-02
4.559714060581759441e+02 -3.750631855998339415e-03 -1.024298577383086530e-02
4.559870224807526711e+02 -3.749181132541685828e-03 -1.010881380864626922e-02
4.560026681932412771e+02 -3.748096982580273462e-03 -9.971665587549100734e-03
4.560340272348099120e+02 -3.748408169770061239e-03 -9.700913129949459424e-03
4.560497321946133411e+02 -3.751951848780543143e-03 -9.572771800670830736e-03
4.560654690823071746e+02 -3.756276100840562262e-03 -9.452378301779100836e-03
4.560812305305063319e+02 -3.758299347434438525e-03 -9.337288381192137762e-03
4.561127784596372408e+02 -3.768072673553908309e-03 -9.138339077030347909e-03
4.561285366776496062e+02 -3.776960841460697341e-03 -9.070097330205282443e-03
4.561442465578202246e+02 -3.784697576558984644e-03 -8.982277683892210540e-03
4.561756312131348636e+02 -3.801131370286310856e-03 -8.795477198232310237e-03
4.561913041721858804e+02 -3.811670207320911382e-03 -8.705669201122007150e-03
4.562069861704284790e+02 -3.819329202726910559e-03 -8.602403218777329372e-03
4.562226758357231802e+02 -3.828507362763797824e-03 -8.494187957237114492e-03
4.562540846767190033e+02 -3.843348464209131541e-03 -8.265480370485692868e-03
4.562697950327271883e+02 -3.850796790102512576e-03 -8.153496723120637682e-03
4.562855055772798778e+02 -3.858221100746152526e-03 -8.042381390949582959e-03
4.563012301369187753e+02 -3.866130029264825980e-03 -7.931456538130810668e-03
4.563327023569667062e+02 -3.877050608051738241e-03 -7.842967373749639912e-03
4.563484630441844274e+02 -3.883017898547854070e-03 -7.756966257805408653e-03
4.563642265179176434e+02 -3.884620637985506959e-03 -7.620302858662924422e-03
4.563800177086928898e+02 -3.888680471659984334e-03 -7.620213822999884201e-03
4.564115545634773525e+02 -3.892012775321339497e-03 -7.930737520826465492e-03
4.564273005467334201e+02 -3.890618979627486970e-03 -8.420751061317963485e-03
4.564430367631887293e+02 -3.892887054304980041e-03 -8.659768906775819342e-03
4.564744587650340009e+02 -3.893393812458350797e-03 -8.963836992961108502e-03
4.564901508237516055e+02 -3.893103135558833878e-03 -9.201178432980955738e-03
4.565058440268778668e+02 -3.891447125613311988e-03 -9.312737884427877907e-03
4.565215356163726028e+02 -3.889301958562542665e-03 -9.399022895255368035e-03
4.565529411915283617e+02 -3.885708348190040472e-03 -9.602072782758638847e-03
4.565686657922793756e+02 -3.881967690721083684e-03 -9.725160926559547891e-03
4.565843875981607312e+02 -3.879006410505317186e-03 -9.881526997004071167e-03
4.566001360315519833e+02 -3.875607844764891816e-03 -1.006869591899558526e-02
4.566316880616132039e+02 -3.863625807023424522e-03 -1.054294526481070436e-02
4.566474795029250799e+02 -3.858040671980062387e-03 -1.069512970486579014e-02
4.566632384575290189e+02 -3.851372119868421654e-03 -1.091043693902174830e-02
4.566947239992342134e+02 -3.838930141223569244e-03 -1.135156579993132006e-02
4.567104415798490322e+02 -3.833663228429684197e-03 -1.146068052069365746e-02
4.567261410959703198e+02 -3.827112902942643533e-03 -1.153471767059158215e-02
4.567418332349357684e+02 -3.820129116887694201e-03 -1.159621324955989116e-02
4.567732147975456201e+02 -3.806378805097099249e-03 -1.159639239294065448e-02
4.567889100147103250e+02 -3.799586834071645713e-03 -1.156158457574889449e-02
4.568046253139889359e+02 -3.792858847555976437e-03 -1.150004927244792710e-02
4.568203512464084497e+02 -3.785932314196031271e-03 -1.141472899298969119e-02
4.568518361092521332e+02 -3.771671094323002845e-03 -1.123101537355294423e-02
4.568675788281008181e+02 -3.764664860390732649e-03 -1.112293061043925953e-02
4.568833470885665520e+02 -3.758524203971036742e-03 -1.100689452740422590e-02
4.569148883833370860e+02 -3.752128177872023074e-03 -1.075298972802664690e-02
4.569305916742565046e+02 -3.749186055855289416e-03 -1.061757568254098616e-02
4.569462606469691650e+02 -3.748296909631265196e-03 -1.047354459205071878e-02
4.569618871429062779e+02 -3.743808249583106297e-03 -1.033806115882230856e-02
4.569931204273771073e+02 -3.741268564674839290e-03 -1.006564137366285777e-02
4.570087735466819936e+02 -3.739982786495158265e-03 -9.930311664769726071e-03
4.570244483666245401e+02 -3.740232383283715548e-03 -9.793132095168917417e-03
4.570401410360306613e+02 -3.740936236215216051e-03 -9.658976800374308169e-03
4.570716101567680880e+02 -3.744501119890999812e-03 -9.415147872507488580e-03
4.570873771243716988e+02 -3.751286315340326277e-03 -9.303640721452078807e-03
4.571031640675672634e+02 -3.756038271737642108e-03 -9.198291425297308588e-03
4.571346572091372877e+02 -3.769064060580869235e-03 -9.046788476247472066e-03
4.571503745641581986e+02 -3.777968269070590066e-03 -8.951226500297318825e-03
4.571660506730165707e+02 -3.784702574557641079e-03 -8.857374507913956876e-03
4.571817379712897491e+02 -3.795047207280431711e-03 -8.768394277589070321e-03
4.572130967530243879e+02 -3.813456243073088791e-03 -8.569034794560509080e-03
4.572287900454336977e+02 -3.822989923921361888e-03 -8.459954026056379708e-03
4.572444950837725628e+02 -3.831227955636932851e-03 -8.345998003773428056e-03
4.572602076967328912e+02 -3.838727964595386750e-03 -8.230362997380323911e-03
4.572916271991142594e+02 -3.853156357799010848e-03 -8.008416752916946643e-03
4.573073595517180365e+02 -3.859333486669092560e-03 -7.898331425330496272e-03
4.573230951119779206e+02 -3.864248739019611814e-03 -7.828563826113152033e-03
4.573546046545337163e+02 -3.872309863088426677e-03 -7.709515775382121475e-03
4.573703740861876668e+02 -3.877570675183402565e-03 -7.604463236959875007e-03
4.573861608159351704e+02 -3.879408054437644485e-03 -7.638374537474280218e-03
4.574019455773614027e+02 -3.881977379406029161e-03 -7.753533304659459072e-03
4.574334317219967829e+02 -3.883396984857561286e-03 -8.571448215044016189e-03
4.574491585533292550e+02 -3.884090330835411782e-03 -8.627183799887291893e-03
4.574648734585380794e+02 -3.883162367977004235e-03 -8.729362155333682607e-03
4.574805704609674990e+02 -3.884342134130464377e-03 -9.040306248746682663e-03
4.575119604573641254e+02 -3.884366791461549718e-03 -9.328348903783341764e-03
4.575276532637864761e+02 -3.882195458318170918e-03 -9.416682824038426908e-03
4.575433482131692244e+02 -3.880127398908822349e-03 -9.515018122889573604e-03
4.575747862431845761e+02 -3.872675247492603137e-03 -9.754384611662709689e-03
4.575905181573323830e+02 -3.869671858455910399e-03 -9.918830035363661660e-03
4.576062766652222535e+02 -3.863434720082377632e-03 -1.011903455596425451e-02
4.576220418003218242e+02 -3.859418972620304485e-03 -1.036112954403555289e-02
4.576536261229854290e+02 -3.846819594196144998e-03 -1.074456440345456128e-02
4.576693779355728680e+02 -3.841636666451059105e-03 -1.098888965780695122e-02
4.576851190464848855e+02 -3.835402141431008306e-03 -1.123143087611061693e-02
4.577008460538150985e+02 -3.828706384918943804e-03 -1.139500645706485911e-02
4.577322511085139354e+02 -3.815474998029756617e-03 -1.155983937831054839e-02
4.577479451136406965e+02 -3.810505345510039037e-03 -1.161344693095967516e-02
4.577636378793026211e+02 -3.805019987607853333e-03 -1.162197701778659373e-02
4.577950323696272221e+02 -3.791082894218508574e-03 -1.155342146818635722e-02
4.578107527177616021e+02 -3.785799512316980354e-03 -1.148000101353654351e-02
4.578264713526381797e+02 -3.775728439157590398e-03 -1.139497356338925807e-02
4.578422162921510221e+02 -3.768566485768847559e-03 -1.130684235242150962e-02
4.578737212729225803e+02 -3.755656774950323976e-03 -1.109285060628032067e-02
4.578894875133614164e+02 -3.750036750445500874e-03 -1.097373140758430704e-02
4.579052694624484730e+02 -3.744933416558485391e-03 -1.084608070943611849e-02
4.579210289396301050e+02 -3.744445612306353949e-03 -1.071547022636747289e-02
4.579523640177748689e+02 -3.734630313911012703e-03 -1.043377098171762926e-02
4.579679755584195391e+02 -3.734413826217611049e-03 -1.029720268564261916e-02
4.579835865096329712e+02 -3.733277566748329813e-03 -1.016005783662690676e-02
4.580148874966223502e+02 -3.731463047885839358e-03 -9.888707459353586471e-03
4.580305710678726427e+02 -3.733152756786994181e-03 -9.750782666512768093e-03
4.580462729500156343e+02 -3.733792554370634134e-03 -9.619737681617546859e-03
4.580619978852207623e+02 -3.737212460487835970e-03 -9.498274763367394596e-03
4.580935351818774848e+02 -3.741802802615571029e-03 -9.271037402697246410e-03
4.581093146629214630e+02 -3.749291201396754390e-03 -9.168537495446138150e-03
4.581250747096259488e+02 -3.755550026879724869e-03 -9.093143860028638295e-03
4.581407859382313177e+02 -3.762135165881025714e-03 -9.019259846177660883e-03
4.581721769780947966e+02 -3.781015841974648840e-03 -8.829417029569823147e-03
4.581878556635516020e+02 -3.788532229607311300e-03 -8.740975069305821285e-03
4.582035259421292039e+02 -3.797142864852866718e-03 -8.642933155557220096e-03
4.582349129443065294e+02 -3.813831602904210229e-03 -8.427160025062781223e-03
4.582506212176299982e+02 -3.821162718208313477e-03 -8.310327852318187547e-03
4.582663333453530186e+02 -3.829719003748702829e-03 -8.196922126392891528e-03
4.582820440427539097e+02 -3.839692776812367488e-03 -8.086437029385726630e-03
4.583135026157625589e+02 -3.852075329116304032e-03 -7.867685230407726882e-03
4.583292319788479290e+02 -3.856720682314629389e-03 -7.831329470460897391e-03
4.583449912523503258e+02 -3.861019934175372731e-03 -7.815933444560163590e-03
4.583607553084469828e+02 -3.866330145810554023e-03 -7.665404746576078530e-03
4.583923179566230033e+02 -3.871287508881434553e-03 -7.662842472853356734e-03
4.584080886929489793e+02 -3.872781943404786202e-03 -7.809030130727456429e-03
4.584238337840241115e+02 -3.874386892038445777e-03 -8.173282136841056311e-03
4.584552931934144908e+02 -3.874774961987113332e-03 -8.609784430943831501e-03
4.584709977281433453e+02 -3.875675254360081909e-03 -8.814952599919627027e-03
4.584866918736485104e+02 -3.875099286557316842e-03 -9.102762051545140037e-03
4.585023867210657613e+02 -3.874023670715212846e-03 -9.255166716730364729e-03
4.585337731480643697e+02 -3.872462418956038824e-03 -9.437328489903348827e-03
4.585494792750159831e+02 -3.871539229639489078e-03 -9.538554597323769743e-03
4.585652046302254234e+02 -3.866723681482820991e-03 -9.650812373725564317e-03
4.585809187369729329e+02 -3.864064218236755877e-03 -9.784610409910439802e-03
4.586124232711991340e+02 -3.854145049493030561e-03 -1.017262855740900390e-02
4.586282112126391439e+02 -3.850370099897141869e-03 -1.043007715857924289e-02
4.586439959287959596e+02 -3.843809118319257718e-03 -1.063364432372328541e-02
4.586755192423930794e+02 -3.830669765635100546e-03 -1.106612125541883013e-02
4.586912602793177598e+02 -3.826212553444370036e-03 -1.129006437713362711e-02
4.587069826212697876e+02 -3.819203833135677816e-03 -1.143441314384230183e-02
4.587226814360639082e+02 -3.813268639853068399e-03 -1.151571225565270473e-02
4.587540657073409989e+02 -3.799482121422160380e-03 -1.162736097401404455e-02
4.587697574351581693e+02 -3.792697013489416437e-03 -1.162179664641545956e-02
4.587854520562072480e+02 -3.786532651234054102e-03 -1.158951332756337320e-02
4.588011617612717714e+02 -3.781407113981514415e-03 -1.154223875148340135e-02
4.588326084225106456e+02 -3.766571056076242416e-03 -1.137616753306230390e-02
4.588483637032070988e+02 -3.760167674745533775e-03 -1.128287733615832532e-02
4.588641126499402958e+02 -3.751368211581378002e-03 -1.117602458922353943e-02
4.588956404191162051e+02 -3.741440320752081536e-03 -1.094047550780204679e-02
4.589114294936716760e+02 -3.738626499607684318e-03 -1.080929763727703566e-02
4.589271583518539046e+02 -3.734489485387279539e-03 -1.067702695986675471e-02
4.589428325635403212e+02 -3.733197641984256285e-03 -1.053170116211703949e-02
4.589740780346090219e+02 -3.726779862692709746e-03 -1.025686112208295045e-02
4.589896946025590978e+02 -3.725339008113311926e-03 -1.012081533566420478e-02
4.590053394543641048e+02 -3.723916166896119179e-03 -9.983399738531259157e-03
4.590210103436525628e+02 -3.723570331548080488e-03 -9.846435819413636506e-03
4.590524102942630407e+02 -3.724071015569859009e-03 -9.582739489720876538e-03
4.590681546089126073e+02 -3.728090918709398363e-03 -9.460968797949815753e-03
4.590839239955982976e+02 -3.732046988413151387e-03 -9.346593128029469233e-03
4.591154667926538195e+02 -3.741038183039131076e-03 -9.142518293330476747e-03
4.591312188324960175e+02 -3.750019592072756543e-03 -9.073885130484663289e-03
4.591469341660770169e+02 -3.756735984963811663e-03 -8.988834815665069575e-03
4.591626153926728193e+02 -3.764765309400734845e-03 -8.892660053588219080e-03
4.591939761757785732e+02 -3.781800028795479114e-03 -8.712322982003294428e-03
4.592096576435999964e+02 -3.792515357838198084e-03 -8.609985039632979745e-03
4.592253498935019138e+02 -3.800502978578319379e-03 -8.503185750911914156e-03
4.592410492052038080e+02 -3.807848352030795535e-03 -8.392879811051365616e-03
4.592724689178124322e+02 -3.823195952918351584e-03 -8.163912329351647248e-03
4.592881803895224948e+02 -3.830071385602472258e-03 -8.053172666622178399e-03
4.593039093491634048e+02 -3.836921143412502875e-03 -7.944879623367678834e-03
4.593353887196957430e+02 -3.849888669935368993e-03 -7.839919462774777581e-03
4.593511495773163347e+02 -3.854602307889387538e-03 -7.779456571394304833e-03
4.593669157144640849e+02 -3.857176943918620704e-03 -7.630499646218186389e-03
4.593827060608559236e+02 -3.860359440406164067e-03 -7.609919064432506784e-03
4.594142371363151369e+02 -3.863246017475004384e-03 -7.883913402625826114e-03
4.594299816967543393e+02 -3.864216500493961558e-03 -8.339466208795656352e-03
4.594457142990157763e+02 -3.865334739132694937e-03 -8.668559385398627234e-03
4.594614313642429693e+02 -3.867127502118185723e-03 -8.629724295502277237e-03
4.594928279440215988e+02 -3.867539796677973724e-03 -9.152529508567741265e-03
4.595085198854220039e+02 -3.866371575945475297e-03 -9.274133305918421180e-03
4.595242104118557904e+02 -3.864704842394713503e-03 -9.362809921072870467e-03
4.595556205753342169e+02 -3.860146472335071292e-03 -9.561866656900449429e-03
4.595713439720910856e+02 -3.857597187033881374e-03 -9.675460175838909715e-03
4.595870677757254725e+02 -3.854714203451221552e-03 -9.818695613167231079e-03
4.596028206952733512e+02 -3.848550538937282883e-03 -1.000634232791821655e-02
4.596343763454796090e+02 -3.838571412159357248e-03 -1.049663429975686638e-02
4.596501699227868016e+02 -3.834523995950069649e-03 -1.067566637642297124e-02
4.596659231298005466e+02 -3.826349740326990406e-03 -1.087733843050568867e-02
4.596816677979968517e+02 -3.820771560540157843e-03 -1.113761900606074703e-02
4.597131174217288390e+02 -3.808532608617119699e-03 -1.147137664178652684e-02
4.597288127307847958e+02 -3.803765887535958540e-03 -1.154169556480205520e-02
4.597445071542807113e+02 -3.797692583718915733e-03 -1.160761092662550981e-02
4.597602007215899675e+02 -3.790764519652848816e-03 -1.163706593066909760e-02
4.597915856638364289e+02 -3.777763252122365474e-03 -1.158684089415786510e-02
4.598073043934253405e+02 -3.770648035695148368e-03 -1.152915376772363325e-02
4.598230277057750754e+02 -3.762925570431179586e-03 -1.144358085924112103e-02
4.598545179459990209e+02 -3.747257271220683431e-03 -1.125884677391125917e-02
4.598702674208389567e+02 -3.742511942099782749e-03 -1.115020930328584035e-02
4.598860425764012803e+02 -3.736065814041264737e-03 -1.103183692003664729e-02
4.599018169004856986e+02 -3.732906646732546234e-03 -1.090538942657114617e-02
4.599332891783956825e+02 -3.725870884606873913e-03 -1.063692505596533153e-02
4.599489593397447607e+02 -3.721192674156824452e-03 -1.049300098669109227e-02
4.599645809072320048e+02 -3.719580439232673778e-03 -1.035663890279226763e-02
4.599801875988956112e+02 -3.718463331053320151e-03 -1.021581375406993390e-02
4.600114727294657087e+02 -3.716121382475338474e-03 -9.943145430534525153e-03
4.600271506721938408e+02 -3.714967062472994668e-03 -9.804555068990422270e-03
4.600428443683373985e+02 -3.715525682171991976e-03 -9.671027160505987416e-03
4.600743231886302738e+02 -3.719562982314615109e-03 -9.426005637205234211e-03
4.600900975087788538e+02 -3.722522358986833559e-03 -9.315017608920624081e-03
4.601058845592003195e+02 -3.729281613106015265e-03 -9.207728368026614485e-03
4.601216370694493207e+02 -3.735063452384510332e-03 -9.118801883365149422e-03
4.601530791702426200e+02 -3.748921297627956246e-03 -8.960118213170987361e-03
4.601687586636950869e+02 -3.757414046911208144e-03 -8.865751856451968213e-03
4.601844390128904365e+02 -3.766251069499665111e-03 -8.776870019262816153e-03
4.602001061025690660e+02 -3.776795399085013192e-03 -8.683127788895562277e-03
4.602314881450682833e+02 -3.791675424855429910e-03 -8.469671761844162206e-03
4.602471938198824546e+02 -3.801194717612798972e-03 -8.356655653988302040e-03
4.602629054541694131e+02 -3.810169702442101416e-03 -8.241748758270144720e-03
4.602943335563537630e+02 -3.824853674805702222e-03 -8.022295887875502754e-03
4.603100681631495945e+02 -3.831972074828087198e-03 -7.914004919427302179e-03
4.603258010251064434e+02 -3.834973448856696804e-03 -7.831067510432210971e-03
4.603415530374498985e+02 -3.840591760541364232e-03 -7.842207155475847818e-03
4.603730982265088301e+02 -3.849043268885317566e-03 -7.609609379502113580e-03
4.603888774149970118e+02 -3.850641708978177948e-03 -7.627712233111998488e-03
4.604046572049964539e+02 -3.852012993987304502e-03 -7.729546657623152447e-03
4.604204017281795132e+02 -3.855967021259641258e-03 -7.982296827864365438e-03
4.604518630529549910e+02 -3.856453253823688334e-03 -8.637028319615672189e-03
4.604675740185242034e+02 -3.856171912192028761e-03 -8.684571862515264376e-03
4.604832698273709184e+02 -3.856090844823443792e-03 -8.983904234373563114e-03
4.605146595997679242e+02 -3.857318960067036059e-03 -9.292379752137239560e-03
4.605303525306921415e+02 -3.856537546151009559e-03 -9.385864077709605083e-03
4.605460553452592194e+02 -3.854001814671900814e-03 -9.477247163972586652e-03
4.605617750663255379e+02 -3.852996706550017737e-03 -9.585594992940040318e-03
4.605932289143169100e+02 -3.843202709344377497e-03 -9.856879089347191786e-03
4.606089873378838320e+02 -3.839221460165424728e-03 -1.005463177765849800e-02
4.606247648405966402e+02 -3.833956460158375289e-03 -1.029592928035810012e-02
4.606405514963422547e+02 -3.827580101174864191e-03 -1.055784884165709113e-02
4.606720857523936274e+02 -3.817660863212831573e-03 -1.095318916349606077e-02
4.606878300675484752e+02 -3.810629737200514448e-03 -1.120378447934390446e-02
4.607035517788555694e+02 -3.803946048514604116e-03 -1.139803547105229867e-02
4.607349506823501315e+02 -3.791235747601231360e-03 -1.156601772479149033e-02
4.607506443467372037e+02 -3.785203785068857584e-03 -1.162583049871851112e-02
4.607663371299065034e+02 -3.779748301886343923e-03 -1.164202377753461269e-02
4.607820301347039162e+02 -3.774456134457737297e-03 -1.161857164768943275e-02
4.608134590723990982e+02 -3.760768546523898890e-03 -1.150995728477685609e-02
4.608291753229159440e+02 -3.752802048329712155e-03 -1.142359994107589212e-02
4.608449236920228600e+02 -3.744877108040901934e-03 -1.133472276989548957e-02
4.608606792986500409e+02 -3.738495905827560629e-03 -1.123033847527463505e-02
4.608922097957093342e+02 -3.725902715860792205e-03 -1.099796503804637351e-02
4.609080027790972167e+02 -3.721373742035610516e-03 -1.086736632051411508e-02
4.609237539493277040e+02 -3.720040765778979269e-03 -1.073667630218651595e-02
4.609550908559593267e+02 -3.711668117441570356e-03 -1.045247237352237533e-02
4.609706962668997221e+02 -3.710144596649365186e-03 -1.031370676795744130e-02
4.609863097628698938e+02 -3.708475974674954167e-03 -1.017596534992154175e-02
4.610019482516772200e+02 -3.706675736146620211e-03 -1.003726409775875829e-02
4.610332982816325398e+02 -3.705986649227711611e-03 -9.762632883678314805e-03
4.610490020322033615e+02 -3.708671622330512833e-03 -9.631657692832987228e-03
4.610647377178109423e+02 -3.711412676737142757e-03 -9.508458752754116866e-03
4.610805015363469010e+02 -3.712647173222753758e-03 -9.390949978399487294e-03
4.611120555521580968e+02 -3.720911358873131656e-03 -9.177361294696980559e-03
4.611278116773563625e+02 -3.728281307470543340e-03 -9.097278273167584348e-03
4.611435216532148047e+02 -3.735176548937117758e-03 -9.024262014284561290e-03
4.611749085179026224e+02 -3.750845177761084545e-03 -8.837456104149259140e-03
4.611905810739832532e+02 -3.760451634702337721e-03 -8.749315746054565912e-03
4.612062550423745506e+02 -3.767308989460958941e-03 -8.651357940050901849e-03
4.612219405145928590e+02 -3.776964107298756961e-03 -8.544501828320817671e-03
4.612533465654616407e+02 -3.791912702074013656e-03 -8.321250792272387106e-03
4.612690588765777875e+02 -3.799534033673543365e-03 -8.207806824612908989e-03
4.612847710053482047e+02 -3.807906038820736781e-03 -8.097942673782816334e-03
4.613004956257627782e+02 -3.816424865659528553e-03 -7.990084974789164046e-03
4.613319696857297458e+02 -3.827738329430336976e-03 -7.828105471041594751e-03
4.613477322383341743e+02 -3.833639838077495220e-03 -7.829644766139518333e-03
4.613634966788324050e+02 -3.836468588337789507e-03 -7.687861077938003967e-03
4.613950645336187790e+02 -3.843332046232295421e-03 -7.648183124895437980e-03
4.614108224227809956e+02 -3.845611045312834729e-03 -7.778652688273800415e-03
4.614265682254444414e+02 -3.844599014253347827e-03 -8.105154283525994180e-03
4.614423044390875930e+02 -3.847645261501260548e-03 -8.630971221041068564e-03
4.614737268365785212e+02 -3.848606274435450569e-03 -8.759450406037339390e-03
4.614894196308816277e+02 -3.848810115177818490e-03 -9.051788351930730933e-03
4.615051137376913744e+02 -3.847604728479076669e-03 -9.214822516352205034e-03
4.615208059846843867e+02 -3.845963410395291087e-03 -9.310110685395325478e-03
4.615522104784277531e+02 -3.843899334701279726e-03 -9.497923603738798667e-03
4.615679348427851778e+02 -3.839993080439016004e-03 -9.605931054518372300e-03
4.615836553778541997e+02 -3.837635303636697214e-03 -9.729072966711780138e-03
4.616151607960611045e+02 -3.827475194445856006e-03 -1.010818610192245649e-02
4.616309540317132587e+02 -3.823881306853697728e-03 -1.036722064934062805e-02
4.616467437760168195e+02 -3.818330056847909180e-03 -1.061823096685467378e-02
4.616625055358294958e+02 -3.812410399657748319e-03 -1.077511496355996849e-02
4.616939921575144581e+02 -3.800445578595500456e-03 -1.127423679045544240e-02
4.617097106872906238e+02 -3.795460064734479128e-03 -1.144347650765531119e-02
4.617254111256782494e+02 -3.788791684273440114e-03 -1.152786796762158769e-02
4.617411018003423919e+02 -3.782398663513384177e-03 -1.159256433781560153e-02
4.617724834215362080e+02 -3.768935432263775722e-03 -1.164718237768558491e-02
4.617881780038659940e+02 -3.762379810331369003e-03 -1.161712915799442518e-02
4.618038918585683632e+02 -3.756155530347306606e-03 -1.157075065306270058e-02
4.618353430596170597e+02 -3.742946910710935517e-03 -1.140597397176101868e-02
4.618510962080686113e+02 -3.735649820217826125e-03 -1.131129619846942512e-02
4.618668501724030762e+02 -3.727245081923060907e-03 -1.120536044441354864e-02
4.618826311061526440e+02 -3.720927449266278001e-03 -1.108803996435851758e-02
4.619141895820326909e+02 -3.713557180624237064e-03 -1.083244866935725338e-02
4.619299108919371406e+02 -3.709373658857513436e-03 -1.069728410565850760e-02
4.619455886405679621e+02 -3.709210721922158449e-03 -1.055194739427326410e-02
4.619612220781878023e+02 -3.704219975501560954e-03 -1.041391474590138908e-02
4.619924500125847544e+02 -3.701138460870864125e-03 -1.013509950336169071e-02
4.620080956547615756e+02 -3.699268536394655603e-03 -9.997644847254584174e-03
4.620237650327941310e+02 -3.698669586902476620e-03 -9.858638625680069684e-03
4.620551704455388062e+02 -3.698328257981031795e-03 -9.595455542794681728e-03
4.620709247695212980e+02 -3.699732276082042491e-03 -9.472444120254188554e-03
4.620866957159354911e+02 -3.706051743046936183e-03 -9.358556534876695532e-03
4.621024875282437847e+02 -3.709976977618664219e-03 -9.250088230210971874e-03
4.621339777265602038e+02 -3.720754498176171484e-03 -9.078164537559319652e-03
4.621496975095999460e+02 -3.728193363091146864e-03 -8.996627986406637023e-03
4.621653740455641355e+02 -3.734363769505349723e-03 -8.902404014338448010e-03
4.621810618746886234e+02 -3.743751041517246261e-03 -8.811566447874025904e-03
4.622124107514748630e+02 -3.761742611109625354e-03 -8.620475520425474256e-03
4.622280996639621549e+02 -3.771366661158504201e-03 -8.511969962439920601e-03
4.622438041552604773e+02 -3.778804879793185110e-03 -8.402167934150335526e-03
4.622752249990705877e+02 -3.794471669598665792e-03 -8.174857385227357609e-03
4.622909378980139650e+02 -3.801733550798503444e-03 -8.065796841234243800e-03
4.623066707243760334e+02 -3.808194327844665467e-03 -7.960122557600670529e-03
4.623224091625917822e+02 -3.813992361985014436e-03 -7.854356758100609903e-03
4.623539192844040713e+02 -3.822954644904334297e-03 -7.802523314555927757e-03
4.623696891259248787e+02 -3.828522500951185049e-03 -7.647604786120540746e-03
4.623854757227859409e+02 -3.831128894000189033e-03 -7.604324771870338458e-03
4.624012590041529620e+02 -3.834546333646667894e-03 -7.675041170968168944e-03
4.624327447723601949e+02 -3.836477042112822373e-03 -8.261135266843808514e-03
4.624484720792701751e+02 -3.837545316466965412e-03 -8.673180942744917674e-03
4.624641877918363093e+02 -3.837386808506092727e-03 -8.604258647063538212e-03
4.624955809345781859e+02 -3.840449151673586137e-03 -9.104692823085612854e-03
4.625112771209781499e+02 -3.839698327405045245e-03 -9.235879502331491298e-03
4.625269684303959252e+02 -3.838080789052308959e-03 -9.332653229859421209e-03
4.625426632146813972e+02 -3.836581849166153559e-03 -9.418832133213535934e-03
4.625741017013644978e+02 -3.830294757168100500e-03 -9.626886452093808000e-03
4.625898318614977143e+02 -3.827817994518216763e-03 -9.762940804517445184e-03
4.626055897216901940e+02 -3.821444897820346510e-03 -9.943856867683061734e-03
4.626213525534636233e+02 -3.818281794089513088e-03 -1.016691223919475619e-02
4.626529385629661419e+02 -3.806933609819037907e-03 -1.066970760198475421e-02
4.626686904653115562e+02 -3.801074188614892140e-03 -1.083926967197263412e-02
4.626844318171634995e+02 -3.795635967968908047e-03 -1.110894604883790743e-02
4.627001600957979122e+02 -3.789355104537467985e-03 -1.133949298404930174e-02
4.627315670123758196e+02 -3.777043852476000274e-03 -1.155479390894202651e-02
4.627472606331426732e+02 -3.772404410657848907e-03 -1.161684973830505278e-02
4.627629531199905841e+02 -3.766878163741772291e-03 -1.165384997835999976e-02
4.627943446662604856e+02 -3.753453768005936535e-03 -1.161213824559184302e-02
4.628100647455566445e+02 -3.748058606743026773e-03 -1.155590692687308123e-02
4.628257846020524653e+02 -3.738240796969900543e-03 -1.147107426260473434e-02
4.628415214289969981e+02 -3.731728211797694095e-03 -1.138481635085711319e-02
4.628730424169385174e+02 -3.717526518638045781e-03 -1.117481602600700792e-02
4.628888190298094969e+02 -3.711179535732125109e-03 -1.105435468137728333e-02
4.629046094976341692e+02 -3.705593168577229514e-03 -1.092639846535866169e-02
4.629203821587035463e+02 -3.704961252515644350e-03 -1.079471179785376246e-02
4.629517411273405969e+02 -3.695397469076791737e-03 -1.051069511559422388e-02
4.629673567544905382e+02 -3.694837332823548530e-03 -1.037235602229857195e-02
4.629829655019390771e+02 -3.693639723562523996e-03 -1.023086749560938626e-02
4.630142542411475688e+02 -3.690943925905014033e-03 -9.955297988504552623e-03
4.630299331380376202e+02 -3.691259747293143285e-03 -9.815535842744239209e-03
4.630456335127704506e+02 -3.690583565639996098e-03 -9.681664006514215798e-03
4.630613574758222057e+02 -3.693153487042263091e-03 -9.557530834655245805e-03
4.630929017819104274e+02 -3.695866117542279203e-03 -9.325446510437283842e-03
4.631086837849582025e+02 -3.702801166476765455e-03 -9.217439062536870661e-03
4.631244389220049129e+02 -3.707700614543328957e-03 -9.124103292873417953e-03
4.631401511600056438e+02 -3.712946864579820018e-03 -9.054532553598452355e-03
4.631715450989607348e+02 -3.730482291570084725e-03 -8.873200575800387763e-03
4.631872238661327401e+02 -3.737195717747120432e-03 -8.784947980958730460e-03
4.632028886303759805e+02 -3.745782399564120090e-03 -8.692586343119574829e-03
4.632342679503305476e+02 -3.761576453700392775e-03 -8.478577570245171557e-03
4.632499759142821745e+02 -3.769445924673430013e-03 -8.365887982012635074e-03
4.632656885772457258e+02 -3.778367528042033633e-03 -8.252818898840191819e-03
4.632814004976061142e+02 -3.788289691914771377e-03 -8.141370853340003030e-03
4.633128602428035379e+02 -3.801493592460352886e-03 -7.928170156847481193e-03
4.633285920030004945e+02 -3.805830506576434510e-03 -7.836371547037850743e-03
4.633443520792267236e+02 -3.810485991760279544e-03 -7.844060187833176018e-03
4.633601174688022297e+02 -3.816473359659780604e-03 -7.760074517516155415e-03
4.633916780489744838e+02 -3.822212920024345949e-03 -7.617895921694591704e-03
4.634074489003257327e+02 -3.823934832576692238e-03 -7.709201719318753594e-03
4.634231926942917994e+02 -3.826976019787746257e-03 -7.934030533450419156e-03
4.634546517952982185e+02 -3.827623489420443025e-03 -8.644910523253092338e-03
4.634703578800798596e+02 -3.828889087007705111e-03 -8.640375915828477776e-03
4.634860526323599856e+02 -3.828733228011955200e-03 -8.926748785784909337e-03
4.635017482921405758e+02 -3.828373663277703527e-03 -9.143322196468399443e-03
4.635331355351015645e+02 -3.828219516936833943e-03 -9.348441066807744101e-03
4.635488408254805677e+02 -3.827391851349997310e-03 -9.435604807319157919e-03
4.635645659382349777e+02 -3.823566736452285470e-03 -9.540313423734691350e-03
4.635802792617374166e+02 -3.820836255562674953e-03 -9.652621740503922187e-03
4.636117826665638972e+02 -3.812111189696900087e-03 -9.996763621893106980e-03
4.636275687735516158e+02 -3.808454733442850904e-03 -1.023725600103031312e-02
4.636433531834080668e+02 -3.802093029908754172e-03 -1.052487961810083701e-02
4.636748787250803048e+02 -3.790218544498980772e-03 -1.091404049961250920e-02
4.636906206158214445e+02 -3.785790368677053545e-03 -1.118842476898380262e-02
4.637063424855207359e+02 -3.778816372843229760e-03 -1.139624519039487104e-02
4.637220426151251331e+02 -3.773500769288372966e-03 -1.151555095572532814e-02
4.637534269861271241e+02 -3.760248818521066353e-03 -1.163512990797559501e-02
4.637691186370601031e+02 -3.753890450955293685e-03 -1.166245628133687554e-02
4.637848126146261052e+02 -3.748179686548452124e-03 -1.164332600815617264e-02
4.638005208083312709e+02 -3.743261992238917230e-03 -1.160393600840351098e-02
4.638319658915211789e+02 -3.728639883832099260e-03 -1.144848332374183084e-02
4.638477166598073040e+02 -3.721790250576131019e-03 -1.135833198628491067e-02
4.638634734585936599e+02 -3.712933481772901813e-03 -1.125453397337206236e-02
4.638950215573638616e+02 -3.701893518470478726e-03 -1.101842486689677721e-02
4.639108208034743370e+02 -3.698719637053712785e-03 -1.088664071576387476e-02
4.639265666173123464e+02 -3.694180225014887832e-03 -1.075380892789655138e-02
4.639422505646641071e+02 -3.692563504124868421e-03 -1.060836660387840837e-02
4.639735060025126927e+02 -3.686787146606740600e-03 -1.032923806672392253e-02
4.639891192788310263e+02 -3.685188378967564193e-03 -1.019002439497960349e-02
4.640047599622942585e+02 -3.683224199180531143e-03 -1.005039866694623293e-02
4.640204232485710918e+02 -3.681906585951168209e-03 -9.911905512230954202e-03
4.640518184535431487e+02 -3.681409823169227297e-03 -9.643015093590029396e-03
4.640675618336068737e+02 -3.684499512965775693e-03 -9.518948409707479047e-03
4.640833329099550610e+02 -3.686644030895791339e-03 -9.401876370920129664e-03
4.641148814099449282e+02 -3.694034009616493485e-03 -9.186379665694957217e-03
4.641306304466866095e+02 -3.701922302939829323e-03 -9.102476958691841161e-03
4.641463450280177199e+02 -3.707625294492658107e-03 -9.027682573609733044e-03
4.641620314765550006e+02 -3.715157391170099532e-03 -8.938100911788572633e-03
4.641933900592347300e+02 -3.730623941310806831e-03 -8.757496045054052533e-03
4.642090657810653056e+02 -3.740226900210405058e-03 -8.661326814921932460e-03
4.642247532095290126e+02 -3.747904165944474994e-03 -8.554362201635396998e-03
4.642404501677054895e+02 -3.755737290280627971e-03 -8.444405688668761220e-03
4.642718715567510230e+02 -3.770806307788937377e-03 -8.218286461596193554e-03
4.642875844017325448e+02 -3.778090887001537765e-03 -8.107883175999787417e-03
4.643033136216476464e+02 -3.785372401046110773e-03 -8.002520538266161623e-03
4.643347965078719994e+02 -3.798751104957834475e-03 -7.829688557534308230e-03
4.643505587944227386e+02 -3.804599743191267730e-03 -7.839917793137375288e-03
4.643663253836320450e+02 -3.807058557400311988e-03 -7.710693692885212114e-03
4.643821157657334311e+02 -3.810843766229022461e-03 -7.602037910341014233e-03
4.644136434606754733e+02 -3.815035820773374220e-03 -7.752048777422288969e-03
4.644293883745931453e+02 -3.815905019442834140e-03 -8.043004177805127691e-03
4.644451210445386096e+02 -3.817749426162512453e-03 -8.584182364701580664e-03
4.644608381499376719e+02 -3.820167071456358372e-03 -8.600372175761704027e-03
4.644922354196934862e+02 -3.821048788080261705e-03 -8.995261865781190719e-03
4.645079278041413318e+02 -3.820455840525213611e-03 -9.170735349033299830e-03
4.645236191706952695e+02 -3.819099144248287205e-03 -9.275065112663162525e-03
4.645550288469252678e+02 -3.815629572015495369e-03 -9.452489030254645694e-03
4.645707526242856602e+02 -3.813611785981817128e-03 -9.558717544184891154e-03
4.645864755955773830e+02 -3.811092205678165337e-03 -9.682773646565693768e-03
4.646022272894841763e+02 -3.806016853464700127e-03 -9.849284368411908436e-03
4.646337820740069446e+02 -3.796389563231673814e-03 -1.030844652813892558e-02
4.646495760655282652e+02 -3.792572169088756582e-03 -1.060313337127353865e-02
4.646653293891664021e+02 -3.784924496673241438e-03 -1.076526729940049422e-02
4.646810745135861680e+02 -3.779436226581236145e-03 -1.099275195886688719e-02
4.647125257436048855e+02 -3.768480290649964433e-03 -1.144743639637554704e-02
4.647282215964002035e+02 -3.763812427919676316e-03 -1.154019877398248899e-02
4.647439166275759135e+02 -3.757737068831652327e-03 -1.159544060981070220e-02
4.647752974289341523e+02 -3.744867746420705440e-03 -1.166333806834280243e-02
4.647909923781443240e+02 -3.738584452891093209e-03 -1.163159826878385969e-02
4.648067099260975397e+02 -3.731602507962089588e-03 -1.158807076915408137e-02
4.648224341762825702e+02 -3.724612349189567427e-03 -1.150731924777439845e-02
4.648539201620512813e+02 -3.708818045146122094e-03 -1.132616736752286787e-02
4.648696784968396400e+02 -3.703348369994670722e-03 -1.122020996405778681e-02
4.648854654539920261e+02 -3.696617302038704075e-03 -1.110032109965816867e-02
4.649012484582549973e+02 -3.693811859843174495e-03 -1.097497544601357469e-02
4.649327509750605714e+02 -3.685816751861195010e-03 -1.070678079659866631e-02
4.649484300599975199e+02 -3.682675271870170745e-03 -1.056170904180318663e-02
4.649640581411546805e+02 -3.679959937373692563e-03 -1.042481944104052885e-02
4.649952881929082764e+02 -3.677541638071903790e-03 -1.014216088968575812e-02
4.650109394811634047e+02 -3.675485175463312319e-03 -1.000481648992158391e-02
4.650266091255273864e+02 -3.673581697398379045e-03 -9.864732831385416428e-03
4.650423003866400791e+02 -3.673289759712594204e-03 -9.728968428436741978e-03
4.650737785715858763e+02 -3.674880548825364655e-03 -9.479382375595216126e-03
4.650895557219501484e+02 -3.677807011277116345e-03 -9.365876472584256859e-03
4.651053477281191704e+02 -3.682995945918947009e-03 -9.256910997871440130e-03
4.651210962864214480e+02 -3.687981685796553992e-03 -9.154413649121782501e-03
4.651525393642241966e+02 -3.699894548337784913e-03 -8.999584314748719852e-03
4.651682192248954379e+02 -3.707081287638897167e-03 -8.906706296145955326e-03
4.651839010341500966e+02 -3.715377093195441557e-03 -8.815614688758443770e-03
4.652152470272038158e+02 -3.732091996914452779e-03 -8.627653811243512355e-03
4.652309373828762773e+02 -3.740113067192931112e-03 -8.517085714050935327e-03
4.652466419316307906e+02 -3.749464094287611234e-03 -8.405563428422597322e-03
4.652623543011719676e+02 -3.758568681816017165e-03 -8.293540777409154699e-03
4.652937830802782173e+02 -3.773327053602535969e-03 -8.072719791948547441e-03
4.653095192105567435e+02 -3.780511903108104213e-03 -7.968858549405684680e-03
4.653252550226756625e+02 -3.783978965781868448e-03 -7.862605318685123371e-03
4.653410079862910607e+02 -3.790171968725009662e-03 -7.831777873243506854e-03
4.653725536864272385e+02 -3.799402392052581273e-03 -7.662062410073337999e-03
4.653883329882152111e+02 -3.801503895161492154e-03 -7.597878835713403611e-03
4.654041115268062754e+02 -3.803671558603203412e-03 -7.657778146448021746e-03
4.654355932959341544e+02 -3.808045094034764703e-03 -8.184577700041082565e-03
4.654513158282603627e+02 -3.809273692795516874e-03 -8.654912837238196155e-03
4.654670278013381903e+02 -3.809149947916178666e-03 -8.577915743635717433e-03
4.654827241625944225e+02 -3.809714488542251861e-03 -8.781672525714273245e-03
4.655141148924417394e+02 -3.812075518777953160e-03 -9.194082277058356414e-03
4.655298089597780518e+02 -3.811491295146296910e-03 -9.291166170718023060e-03
4.655455102579512641e+02 -3.809369366890835804e-03 -9.375687223376292026e-03
4.655612299803378278e+02 -3.809084601459197025e-03 -9.470563801743226914e-03
4.655926829551781907e+02 -3.800187686341863127e-03 -9.718166044030283196e-03
4.656084409315260473e+02 -3.796346589889104065e-03 -9.894910653547773008e-03
4.656242157215526731e+02 -3.791512024913311785e-03 -1.011058814562060780e-02
4.656400041151607638e+02 -3.785558660222136142e-03 -1.038752238160547958e-02
4.656715394989935248e+02 -3.776585488376961539e-03 -1.082059967208475436e-02
4.656872830687416354e+02 -3.769854303612430770e-03 -1.107338680614250968e-02
4.657030058154468861e+02 -3.763616554685534493e-03 -1.132493171040525361e-02
4.657344061904755677e+02 -3.751428174663711673e-03 -1.155984638105808995e-02
4.657500997832233907e+02 -3.745988873628315098e-03 -1.161592789920680782e-02
4.657657923012841366e+02 -3.741014631087684686e-03 -1.165947117776051922e-02
4.657814847059577232e+02 -3.735839650440941472e-03 -1.166100999660274126e-02
4.658129113620920521e+02 -3.722965210647354115e-03 -1.156781953463143116e-02
4.658286284234125105e+02 -3.714682064083126792e-03 -1.148102262526060242e-02
4.658443728741444261e+02 -3.707046059584816113e-03 -1.139343940597078476e-02
4.658601321994276532e+02 -3.700371126493974625e-03 -1.129323017787105948e-02
4.658916832134749484e+02 -3.687260718831091803e-03 -1.106114307375547813e-02
4.659074845487812127e+02 -3.681765727454125621e-03 -1.093163336433029646e-02
4.659232491330046173e+02 -3.681058290461624010e-03 -1.080052444248801209e-02
4.659546099123058411e+02 -3.672684266494607042e-03 -1.051697749163363338e-02
4.659702201866888913e+02 -3.671214660694769195e-03 -1.037736007171825674e-02
4.659858294019130085e+02 -3.669075182773111257e-03 -1.023683667031232390e-02
4.660014648604477543e+02 -3.666962360290732317e-03 -1.009660685972259449e-02
4.660328022249954074e+02 -3.665339348870325521e-03 -9.819509155626354388e-03
4.660485036799862542e+02 -3.666743828059431439e-03 -9.686034479892075347e-03
4.660642382811249718e+02 -3.668325469657338685e-03 -9.561017751138016149e-03
4.660800026371809395e+02 -3.668689791421634542e-03 -9.441162390652804715e-03
4.661115636540558853e+02 -3.675410964999709096e-03 -9.222582721271783621e-03
4.661273163045325987e+02 -3.681616023343863703e-03 -9.126380970358189543e-03
4.661430240427508238e+02 -3.687397323197723169e-03 -9.050222465752915529e-03
4.661744130979520264e+02 -3.701600639482811959e-03 -8.875451032445981145e-03
4.661900868106225744e+02 -3.710378304897102644e-03 -8.786800303937289391e-03
4.662057541737914903e+02 -3.716844424098734393e-03 -8.695608000364637644e-03
4.662214362729876029e+02 -3.726346294142925467e-03 -8.592585879163658347e-03
4.662528395362995184e+02 -3.740940259683014999e-03 -8.368312611773709095e-03
4.662685527256808200e+02 -3.748288113449874288e-03 -8.257263676079647924e-03
4.662842658991675080e+02 -3.757187817172290278e-03 -8.145545258711157227e-03
4.663157337188788460e+02 -3.771007131694092962e-03 -7.933907206781328630e-03
4.663314685679353033e+02 -3.777636370079877782e-03 -7.837096444416208688e-03
4.663472331448731438e+02 -3.783495629492461196e-03 -7.837337550374350037e-03
4.663629989471950807e+02 -3.787304986464742809e-03 -7.777011457260176244e-03
4.663945638217515466e+02 -3.794961425936525107e-03 -7.603111348909908848e-03
4.664103217932218968e+02 -3.797748018785774681e-03 -7.685716671434008641e-03
4.664260668324208723e+02 -3.797291633536332284e-03 -7.882689406701112039e-03
4.664418026249990135e+02 -3.800839783593731869e-03 -8.356689749449856819e-03
4.664732249194545943e+02 -3.802348602842561560e-03 -8.592692843711115594e-03
4.664889184426710926e+02 -3.802906669790528157e-03 -8.862160110779900013e-03
4.665046134696642071e+02 -3.802198985929195179e-03 -9.090850950176773346e-03
4.665203065299274954e+02 -3.801088147350657493e-03 -9.213478882035566753e-03
4.665517109417418737e+02 -3.800365427353247835e-03 -9.389296436330329607e-03
4.665674351874882291e+02 -3.796510917438654462e-03 -9.487250535754776504e-03
4.665831548132741773e+02 -3.794761245678424447e-03 -9.604801650471162661e-03
4.666146597838817911e+02 -3.785471194560568065e-03 -9.941011085573233860e-03
4.666304526120598553e+02 -3.782495051443743230e-03 -1.017327620500246659e-02
4.666462408077064197e+02 -3.777150736980763694e-03 -1.047549968529927315e-02
4.666620046527922341e+02 -3.771830764780276755e-03 -1.072106942611712223e-02
4.666934916772254383e+02 -3.760530535144885212e-03 -1.115032753917269588e-02
4.667092111571639066e+02 -3.755766042792102119e-03 -1.138560643032777465e-02
4.667249113964273874e+02 -3.749316312863477680e-03 -1.152146920485916555e-02
4.667406016406280855e+02 -3.743430893858861776e-03 -1.157423499445873159e-02
4.667719832899344965e+02 -3.730428889029338904e-03 -1.166516921064222716e-02
4.667876774144554588e+02 -3.724182475880812113e-03 -1.164734994430301207e-02
4.668033901423926295e+02 -3.718451940906235525e-03 -1.160797640345916266e-02
4.668348413711510148e+02 -3.705326143154209946e-03 -1.145209389453473274e-02
4.668505918094863887e+02 -3.698544793984015911e-03 -1.136108625475382682e-02
4.668663507931805725e+02 -3.689451127747919723e-03 -1.125843396843071408e-02
4.668821404251188483e+02 -3.683678429254560842e-03 -1.114079426541820378e-02
4.669137167247266689e+02 -3.675399046726707340e-03 -1.088708123154101017e-02
4.669294551204388881e+02 -3.670657207740112785e-03 -1.075323812332798154e-02
4.669451435385881837e+02 -3.670560602535069810e-03 -1.060874999428929565e-02
4.669607878971734749e+02 -3.665754520400371901e-03 -1.047099586051111406e-02
4.669920118406514007e+02 -3.662371789664135499e-03 -1.018898023879925840e-02
4.670076532282986932e+02 -3.660169078924042224e-03 -1.005039133597862219e-02
4.670233159852315339e+02 -3.658766568418619393e-03 -9.910505059716977899e-03
4.670547141976876446e+02 -3.656418618000986578e-03 -9.643696416192584081e-03
4.670704675165771391e+02 -3.657232478992990081e-03 -9.519061146142584681e-03
4.670862404224401985e+02 -3.662690275977607216e-03 -9.403001640818840073e-03
4.671020368224209278e+02 -3.665995800502318096e-03 -9.293368824019942326e-03
4.671335238619652159e+02 -3.675224924585576876e-03 -9.099265635093306548e-03
4.671492427095047901e+02 -3.681617467189856555e-03 -9.021823599519106229e-03
4.671649206271331991e+02 -3.687048143311929659e-03 -8.938270115025409232e-03
4.671806080867158926e+02 -3.695360121865346337e-03 -8.843653363306207965e-03
4.672119497134350468e+02 -3.712717344234580004e-03 -8.661989150712288282e-03
4.672276356616087583e+02 -3.722219442033267330e-03 -8.555521054124654370e-03
4.672433388685273599e+02 -3.729055511867491752e-03 -8.443154067676665944e-03
4.672747600292669858e+02 -3.744786303792890098e-03 -8.218877840077144434e-03
4.672904738204807131e+02 -3.752209776986335354e-03 -8.108036396910441035e-03
4.673062075049878672e+02 -3.758878236694155814e-03 -8.003590159593702499e-03
4.673219491243214065e+02 -3.765265866090031568e-03 -7.897951686763425919e-03
4.673534612972957802e+02 -3.775177033720439421e-03 -7.837056008157334414e-03
4.673692323320764785e+02 -3.780881582463808347e-03 -7.725188152605442192e-03
4.673850181571818894e+02 -3.784046590966537102e-03 -7.597030887552791087e-03
4.674007997340702332e+02 -3.788087864585966066e-03 -7.616304938643134528e-03
4.674322841740005856e+02 -3.790748212422057409e-03 -7.978292525238546776e-03
4.674480110964801156e+02 -3.792091430194247017e-03 -8.518394324008020380e-03
4.674637271706599222e+02 -3.792656743228521414e-03 -8.593287909916147438e-03
4.674951214179133672e+02 -3.796443190427013607e-03 -8.931445517040824747e-03
4.675108182226748568e+02 -3.795883249501448044e-03 -9.120917454086061374e-03
4.675265092591661187e+02 -3.794846971618856275e-03 -9.228378633128577965e-03
4.675422044941931858e+02 -3.793795840070713927e-03 -9.315082095180572327e-03
4.675736437100006242e+02 -3.788647001795113992e-03 -9.506090823534461137e-03
4.675893727765658809e+02 -3.786611686835437540e-03 -9.634042101585815060e-03
4.676051298725832339e+02 -3.780398031295242791e-03 -9.795988330503052274e-03
4.676208915443031628e+02 -3.777812942290151039e-03 -9.988090240394351810e-03
4.676524783418157085e+02 -3.767627380451325347e-03 -1.056092736172317692e-02
4.676682301844336962e+02 -3.761555276230606291e-03 -1.075583928536719309e-02
4.676839718543317872e+02 -3.756671810004270744e-03 -1.094803324991682619e-02
4.677154144107602747e+02 -3.744303910035574716e-03 -1.143518212719639091e-02
4.677311088096756180e+02 -3.739460006040773356e-03 -1.153744568265722276e-02
4.677468022025852292e+02 -3.735031112913936649e-03 -1.158676524756267930e-02
4.677624947569574942e+02 -3.729610593061546443e-03 -1.164009444820832649e-02
4.677938841223678992e+02 -3.716783481113961583e-03 -1.163125253984952090e-02
4.678096038125784730e+02 -3.711290266469193834e-03 -1.158915011621930446e-02
4.678253240865740850e+02 -3.702034066842180542e-03 -1.150810396970521066e-02
4.678410600594945663e+02 -3.695739166534498833e-03 -1.142270749055179085e-02
4.678725867457530967e+02 -3.681107563786052000e-03 -1.121946265937831533e-02
4.678883730247266044e+02 -3.674082434519413028e-03 -1.109977176232689218e-02
4.679041711238324410e+02 -3.668970762565564644e-03 -1.097391910500816921e-02
4.679356606830386909e+02 -3.663557779922834660e-03 -1.070459457641022814e-02
4.679513401614941586e+02 -3.658276821980150414e-03 -1.056141542234943428e-02
4.679669646737913808e+02 -3.657542977476223832e-03 -1.042390520903414657e-02
4.679825697155386592e+02 -3.656450852695612794e-03 -1.028082280372876606e-02
4.680138493296082061e+02 -3.653112445211665737e-03 -1.000286612150546803e-02
4.680295210709795128e+02 -3.652096377268036331e-03 -9.862658768580638211e-03
4.680452160916734670e+02 -3.650546193111576382e-03 -9.726958327846734961e-03
4.680609383367913097e+02 -3.652380067121748040e-03 -9.601115989934710937e-03
4.680924850956326395e+02 -3.653392073214022616e-03 -9.365705848248856782e-03
4.681082715753471462e+02 -3.659741443843746254e-03 -9.256446696249793701e-03
4.681240234667967570e+02 -3.663902519587200219e-03 -9.153980578559667985e-03
4.681554463869740630e+02 -3.674880826382664282e-03 -8.994584826814162187e-03
4.681711259698397498e+02 -3.684443825481334249e-03 -8.905271748367584242e-03
4.681868041470677895e+02 -3.690688372327694845e-03 -8.813438231522816371e-03
4.682024651419882844e+02 -3.698876893836478170e-03 -8.725513089578326373e-03
4.682338381195937131e+02 -3.714197484802519988e-03 -8.518750572051102948e-03
4.682495451838179861e+02 -3.722281790608903459e-03 -8.404195711321765100e-03
4.682652585023452048e+02 -3.731372896575222645e-03 -8.293360907976245894e-03
4.682809715564408179e+02 -3.740828592034081777e-03 -8.181552143991743797e-03
4.683124332815424395e+02 -3.754840379542105384e-03 -7.969555985296054509e-03
4.683281677658853823e+02 -3.759086143420123025e-03 -7.864155734404940784e-03
4.683439291412201442e+02 -3.764211939829152816e-03 -7.819760771216176243e-03
4.683754840723886446e+02 -3.774892020686104049e-03 -7.671526677575882247e-03
4.683912547499185166e+02 -3.777216128919031173e-03 -7.585694250119819418e-03
4.684070250567843345e+02 -3.779240771399593624e-03 -7.635775683768378751e-03
4.684227676113366670e+02 -3.783342829344854379e-03 -7.767490695503079766e-03
4.684542253322530314e+02 -3.784393408440269065e-03 -8.619421481722637848e-03
4.684699324905019466e+02 -3.785955439472958161e-03 -8.552522999538370377e-03
4.684856275568557180e+02 -3.786198763270479106e-03 -8.712259130082342443e-03
4.685013241384534695e+02 -3.786408406371560322e-03 -8.989542658765267702e-03
4.685327126283506232e+02 -3.787452100550668232e-03 -9.241137556912238510e-03
4.685484178663006674e+02 -3.786816567016704129e-03 -9.330168216314101842e-03
4.685641426136241421e+02 -3.783921935769148353e-03 -9.416791319430501891e-03
4.685956008911076651e+02 -3.777294223795189029e-03 -9.666568420241227616e-03
4.686113583898517732e+02 -3.773502830049328509e-03 -9.836431015500562286e-03
4.686271433842669012e+02 -3.770032046817154304e-03 -1.004006684868324895e-02
4.686429274922882087e+02 -3.763941695674945850e-03 -1.031609704312868962e-02
4.686744544534310535e+02 -3.753216071469418682e-03 -1.079369658627389421e-02
4.686901970562307724e+02 -3.748844673724702637e-03 -1.102303934998242162e-02
4.687059181859768273e+02 -3.742141278697504354e-03 -1.129168644646919885e-02
4.687216192664396885e+02 -3.737252955281651894e-03 -1.147615384389619186e-02
4.687530037277997508e+02 -3.724609757182344855e-03 -1.160136835055231540e-02
4.687686953686205698e+02 -3.718655042441597076e-03 -1.165110379703252451e-02
4.687843887632649285e+02 -3.713344309885677381e-03 -1.165649074565515766e-02
4.688000958175951496e+02 -3.708549658358500749e-03 -1.162184279120288995e-02
4.688315398296498415e+02 -3.694329667205988044e-03 -1.148078525697403436e-02
4.688472893482038444e+02 -3.687176167275459451e-03 -1.139422952949499697e-02
4.688630479732829599e+02 -3.678513379664662998e-03 -1.129504087273162753e-02
4.688946131382144245e+02 -3.667039607933378527e-03 -1.106135407332394308e-02
4.689104172452886701e+02 -3.663194641573756620e-03 -1.093093636160502070e-02
4.689261763414574489e+02 -3.658247430500899573e-03 -1.079947365540470487e-02
4.689418728257500675e+02 -3.656636063578445027e-03 -1.065657085103406676e-02
4.689731459919428858e+02 -3.651112004336628473e-03 -1.037760700393359353e-02
4.689887540620956088e+02 -3.649061201867893813e-03 -1.023689066677553258e-02
4.690043913948924796e+02 -3.646750406792731696e-03 -1.009610560188483296e-02
4.690200491191891388e+02 -3.644960836812617937e-03 -9.957234638305549612e-03
4.690514325914523397e+02 -3.643202129653301015e-03 -9.685260979694625127e-03
4.690671742163769977e+02 -3.645522045213344785e-03 -9.560034179478866037e-03
4.690829455458301140e+02 -3.646346854805347995e-03 -9.441216127346267750e-03
4.691145008781737147e+02 -3.652516380878901951e-03 -9.222681265685806623e-03
4.691302467484061935e+02 -3.659769004963124312e-03 -9.125208426228945471e-03
4.691459577276834807e+02 -3.664830536760068681e-03 -9.042221317720419010e-03
4.691616451356090352e+02 -3.671842516549255440e-03 -8.966930522515431656e-03
4.691929996914290086e+02 -3.686101414300858164e-03 -8.784609003407261099e-03
4.692086712537752646e+02 -3.695005287287089855e-03 -8.695062240840637294e-03
4.692243544976690259e+02 -3.702598496497333351e-03 -8.594330684462123116e-03
4.692400490945543083e+02 -3.710657083451218610e-03 -8.482913342889503161e-03
4.692714717495361469e+02 -3.725067482876694668e-03 -8.257792466330227815e-03
4.692871858970758012e+02 -3.732803701920800812e-03 -8.146220145856751180e-03
4.693029159089574591e+02 -3.740476921873700164e-03 -8.039086666788018004e-03
4.693344025922917240e+02 -3.754374156484645980e-03 -7.836872084706283589e-03
4.693501667569223628e+02 -3.761027525768667005e-03 -7.825965452584649276e-03
4.693659346047654708e+02 -3.763696567383942315e-03 -7.788146345616144342e-03
4.693817246085375814e+02 -3.767982689804239352e-03 -7.625590681885167053e-03
4.694132489635106253e+02 -3.773382845628334321e-03 -7.660165573222622176e-03
4.694289935571070487e+02 -3.774319956398586133e-03 -7.832685887030206920e-03
4.694447253897145629e+02 -3.776824993115544035e-03 -8.267256326423680357e-03
4.694604425060722974e+02 -3.779612617799378398e-03 -8.633390403699536808e-03
4.694918402265095096e+02 -3.781113385875563282e-03 -8.792729540892645773e-03
4.695075334770008908e+02 -3.780941794883115395e-03 -9.034807998527492195e-03
4.695232256832264852e+02 -3.779983632816956169e-03 -9.164474267418508055e-03
4.695546357790219076e+02 -3.777521752448673078e-03 -9.342577144124866034e-03
4.695703598095646498e+02 -3.775870389671800650e-03 -9.432770526380989187e-03
4.695860826760556392e+02 -3.773813114836334446e-03 -9.552234553268524470e-03
4.696018335117175297e+02 -3.769613222642731291e-03 -9.702083847695898086e-03
4.696333874709633847e+02 -3.760470599310481582e-03 -1.009851489183909677e-02
4.696491814598819019e+02 -3.756837930089768941e-03 -1.040208187557219513e-02
4.696649352545758802e+02 -3.749768792029786486e-03 -1.068854817732264005e-02
4.696806807035170550e+02 -3.744419496275581093e-03 -1.083983971634779747e-02
4.697121326047258094e+02 -3.734559312030138415e-03 -1.135220708867307714e-02
4.697278289350102227e+02 -3.730010186772663491e-03 -1.150375477524599559e-02
4.697435241073180805e+02 -3.724033385656278471e-03 -1.156162790745962621e-02
4.697749037762225726e+02 -3.711750662170354344e-03 -1.165892698006756358e-02
4.697905981829255211e+02 -3.705679831998393708e-03 -1.164109691590103912e-02
4.698063146733192639e+02 -3.698939186298587280e-03 -1.160994218726439479e-02
4.698220392494148427e+02 -3.692370038278945058e-03 -1.153834571497281553e-02
4.698535226095040116e+02 -3.676760478335600133e-03 -1.136419982646959953e-02
4.698692855911488664e+02 -3.670886337049820720e-03 -1.126144994787783675e-02
4.698850790915184348e+02 -3.664225243112690256e-03 -1.114256139502660392e-02
4.699008707510527643e+02 -3.660892806314915236e-03 -1.101931890979240998e-02
4.699323925569553921e+02 -3.651715674021796532e-03 -1.075446381583198066e-02
4.699480841701118834e+02 -3.648955685118640373e-03 -1.060990116386564992e-02
4.699637262008145626e+02 -3.646201561997350956e-03 -1.047349805102547847e-02
4.699949485668294074e+02 -3.643741935521564116e-03 -1.018841696343165265e-02
4.700105968303140003e+02 -3.641269366919625255e-03 -1.005018013481531920e-02
4.700262586367932727e+02 -3.638767499896623445e-03 -9.909594566112405953e-03
4.700419427297293851e+02 -3.637624150341173430e-03 -9.772393635378530050e-03
4.700734179843370271e+02 -3.637200674649477064e-03 -9.519477098213151300e-03
4.700891962627143243e+02 -3.639907031637136439e-03 -9.404194333889281943e-03
4.701049930828721699e+02 -3.644050059001576001e-03 -9.294204219799883510e-03
4.701207406663105530e+02 -3.648498605286114218e-03 -9.187897229259675905e-03
4.701521791444074552e+02 -3.659121655366674112e-03 -9.017505462686457168e-03
4.701678562529876899e+02 -3.665201146007099516e-03 -8.936407326335703630e-03
4.701835370946075159e+02 -3.673281479081975942e-03 -8.843417872448324640e-03
4.702148766443048657e+02 -3.689202859301427689e-03 -8.663424380002119479e-03
4.702305632119694110e+02 -3.697639371638929660e-03 -8.557551223550863631e-03
4.702462662948353795e+02 -3.706819004942667889e-03 -8.443894214248598429e-03
4.702619801250444880e+02 -3.715781273067956299e-03 -8.331152353105570479e-03
4.702934099426581156e+02 -3.730667223014521791e-03 -8.110285384315588098e-03
4.703091478893796307e+02 -3.738180866286932181e-03 -8.005693869836705626e-03
4.703248863500724610e+02 -3.742091577939104033e-03 -7.902548694644842206e-03
4.703406404363710749e+02 -3.748710480394083170e-03 -7.818754577669017464e-03
4.703721882369916898e+02 -3.758719775296681664e-03 -7.740056904374040432e-03
4.703879664601220156e+02 -3.761302168874359596e-03 -7.594239221820026781e-03
4.704037434837653677e+02 -3.764219145995975797e-03 -7.600023134487608571e-03
4.704352234043700491e+02 -3.769218723995251732e-03 -7.921082845922565799e-03
4.704509454393217425e+02 -3.770938739834309855e-03 -8.440160173408345345e-03
4.704666581596423498e+02 -3.771035334343644189e-03 -8.585541568899688128e-03
4.704823548405527731e+02 -3.772134323992620830e-03 -8.582919756047774351e-03
4.705137468339542579e+02 -3.775372159704923694e-03 -9.073678621018285359e-03
4.705294420771974160e+02 -3.775012081422393466e-03 -9.182013091494210799e-03
4.705451424053836149e+02 -3.773396424213522424e-03 -9.277164225761891023e-03
4.705608625589250096e+02 -3.773575723506083102e-03 -9.354285831539410623e-03
4.705923152000004279e+02 -3.765625038703475629e-03 -9.582665726863391284e-03
4.706080728409640415e+02 -3.761933639599526411e-03 -9.739558257561904686e-03
4.706238457684920036e+02 -3.757594862434687419e-03 -9.922962239067203982e-03
4.706554228857758631e+02 -3.746278783117204352e-03 -1.049353352196231298e-02
4.706711718445449719e+02 -3.743758216161889411e-03 -1.072188913484136905e-02
4.706869147090266665e+02 -3.737423937167768870e-03 -1.089711325785131142e-02
4.707026380271746575e+02 -3.731572832765182608e-03 -1.117666036191124201e-02
4.707340392801208395e+02 -3.719929656239065116e-03 -1.151952863251296151e-02
4.707497328853250451e+02 -3.714962210993785416e-03 -1.156982760842688654e-02
4.707654252022261403e+02 -3.710346626098713456e-03 -1.162609724198784659e-02
4.707811171402038326e+02 -3.705265365805770345e-03 -1.165543190256592906e-02
4.708125418168187366e+02 -3.693048194589089190e-03 -1.158809271138554198e-02
4.708282590234892382e+02 -3.684581648572336169e-03 -1.150686400865307164e-02
4.708440027534521732e+02 -3.677168449483820580e-03 -1.142389305411395904e-02
4.708755437326802848e+02 -3.663732562342937680e-03 -1.121987634933629963e-02
4.708913243504613888e+02 -3.656379790600705528e-03 -1.110158453673429184e-02
4.709071301268194816e+02 -3.650103759765549981e-03 -1.097438877988694481e-02
4.709229041212497009e+02 -3.649781919227086321e-03 -1.084458518904738746e-02
4.709542913707851994e+02 -3.640685390305215940e-03 -1.056349553076055617e-02
4.709699102950727365e+02 -3.639512619146089995e-03 -1.042443570826161008e-02
4.709855141309191140e+02 -3.637569312173035904e-03 -1.028234025923856904e-02
4.710011460267779171e+02 -3.635750818310136759e-03 -1.014062573310446115e-02
4.710324708307418291e+02 -3.632521520003494358e-03 -9.862408185248762102e-03
4.710481667408791395e+02 -3.632816755976883173e-03 -9.726613366945489891e-03
4.710638993653196280e+02 -3.633887716138818526e-03 -9.600186500175328375e-03
4.710954547840906343e+02 -3.635207198559212149e-03 -9.366257805939746592e-03
4.711112317381342223e+02 -3.638891436896811698e-03 -9.257709280302745675e-03
4.711269833108185594e+02 -3.644446202669793678e-03 -9.154821018418645567e-03
4.711426875809988815e+02 -3.649335014277524988e-03 -9.063963317330569341e-03
4.711740709663103530e+02 -3.662726891299610335e-03 -8.903754618333148407e-03
4.711897449648143947e+02 -3.670574041764412473e-03 -8.812029806968465009e-03
4.712054079735963228e+02 -3.676986247288773803e-03 -8.723859586373469352e-03
4.712210865027765294e+02 -3.686430628527424206e-03 -8.628729057127044327e-03
4.712524858220475039e+02 -3.700837810692768348e-03 -8.404680492626610822e-03
4.712682005787523849e+02 -3.707969315668316335e-03 -8.294542154735394870e-03
4.712839151510054876e+02 -3.717198193175461855e-03 -8.183391978657562904e-03
4.713153860046511454e+02 -3.731818453139921880e-03 -7.971365328173989073e-03
4.713311219430538017e+02 -3.738690702561009611e-03 -7.868080271918391835e-03
4.713468884543419790e+02 -3.744720122926065153e-03 -7.813240000195722720e-03
4.713626557683754186e+02 -3.749350886910389133e-03 -7.823609084238391034e-03
4.713942178700008299e+02 -3.757793712837528312e-03 -7.578159533205845906e-03
4.714099754618591760e+02 -3.760999677786910043e-03 -7.617715655510120740e-03
4.714257197922064506e+02 -3.761189265240213325e-03 -7.730738126175942110e-03
4.714414547515751224e+02 -3.765046611286868104e-03 -8.038003866401367478e-03
4.714728768922598761e+02 -3.767127654215956904e-03 -8.529700061774886724e-03
4.714885708969366078e+02 -3.767974153550423567e-03 -8.647950813357417610e-03
4.715042667849294844e+02 -3.767692928583370789e-03 -8.933250625429317929e-03
4.715356552439651523e+02 -3.767132560228917369e-03 -9.203944104627896985e-03
4.715513655005828468e+02 -3.767466743689816457e-03 -9.292232492095922267e-03
4.715670898060347440e+02 -3.763767521196532007e-03 -9.367383488085854679e-03
4.715828089232059028e+02 -3.762524524626061507e-03 -9.474887217671432507e-03
4.716143137465702466e+02 -3.754019321932515734e-03 -9.779811754304071694e-03
4.716301060921442740e+02 -3.751488171590581025e-03 -9.975877438838921113e-03
4.716458933591406435e+02 -3.746375843551501793e-03 -1.024283143133258682e-02
4.716616588442635134e+02 -3.741512973227239906e-03 -1.057751577288867408e-02
4.716931461405358164e+02 -3.730814344664196754e-03 -1.096681140207243429e-02
4.717088662229117517e+02 -3.726233072406888447e-03 -1.124617254660168104e-02
4.717245659563744766e+02 -3.720103099674384843e-03 -1.144075056373956151e-02
4.717402562453338533e+02 -3.714555063122730160e-03 -1.152609728209709125e-02
4.717716379067081789e+02 -3.701999419663710988e-03 -1.163467637950096022e-02
4.717873315446914830e+02 -3.696028563782711995e-03 -1.163773104279159157e-02
4.718030433220813507e+02 -3.690674318382076904e-03 -1.161364802761638039e-02
4.718344937989190839e+02 -3.677737447624712837e-03 -1.147594081318236738e-02
4.718502441549711079e+02 -3.671320591484504223e-03 -1.139149696393813166e-02
4.718660031863187783e+02 -3.661928202661418955e-03 -1.129376458321105538e-02
4.718817966443602927e+02 -3.656189840296915176e-03 -1.117860671258358828e-02
4.719133841808042007e+02 -3.646653683928418807e-03 -1.092960873357276541e-02
4.719291352742514505e+02 -3.640915748783163722e-03 -1.079810056395756959e-02
4.719448350696397370e+02 -3.640496352932005245e-03 -1.065549067974834625e-02
4.719604941487058909e+02 -3.636175491790185569e-03 -1.051797066098807652e-02
4.719917136655627132e+02 -3.632736716115405814e-03 -1.023431628238410246e-02
4.720073523986095552e+02 -3.630386883296017695e-03 -1.009421702148715141e-02
4.720230098255166240e+02 -3.628455632224640310e-03 -9.953992391382150695e-03
4.720543958862156728e+02 -3.624480693498760391e-03 -9.683620404314231822e-03
4.720701476518154891e+02 -3.624797616309307323e-03 -9.557793413615277636e-03
4.720859222437081826e+02 -3.629352017968831470e-03 -9.440169622576613517e-03
4.721017211349566196e+02 -3.632222114347193661e-03 -9.329004088920681698e-03
4.721332095497389787e+02 -3.640496577295245471e-03 -9.123161177448151082e-03
4.721489246271485740e+02 -3.645870644887787976e-03 -9.035374026323971311e-03
4.721645997090189439e+02 -3.650707029245661445e-03 -8.962736270329460866e-03
4.721802853735411531e+02 -3.658288798123797512e-03 -8.871971339505367593e-03
4.722116215819609693e+02 -3.675150962200282850e-03 -8.692761436493964475e-03
4.722273036588478590e+02 -3.684682247482004396e-03 -8.593552456946599444e-03
4.722430043091728749e+02 -3.691372608991528702e-03 -8.482388184003205461e-03
4.722744272013058549e+02 -3.706997484716835316e-03 -8.257139523467117020e-03
4.722901424216088344e+02 -3.714750557798723180e-03 -8.145920761870612675e-03
4.723058771868055032e+02 -3.721806096330182358e-03 -8.039586169127107759e-03
4.723216213494192743e+02 -3.728775075340682189e-03 -7.938353135281841708e-03
4.723531358909712026e+02 -3.739663324886570613e-03 -7.819362520893713420e-03
4.723689084384153603e+02 -3.745507148114800722e-03 -7.796186919352297504e-03
4.723846932599391266e+02 -3.749126072066369993e-03 -7.630485580836596053e-03
4.724004730407481247e+02 -3.753711638006849028e-03 -7.577576376944410511e-03
4.724319558768013394e+02 -3.757147687223282365e-03 -7.787625834642273107e-03
4.724476821597648382e+02 -3.758813002196834899e-03 -8.189980994029557801e-03
4.724633984132134401e+02 -3.760023225964966714e-03 -8.608398844921391277e-03
4.724947938326953363e+02 -3.764432877118616735e-03 -8.727780049134402363e-03
4.725104908142604927e+02 -3.764130955777531852e-03 -8.985759581660309608e-03
4.725261819980048585e+02 -3.763592697911810007e-03 -9.122457259962664725e-03
4.725418778400429574e+02 -3.762924532875576520e-03 -9.224065337423318495e-03
4.725733177953769086e+02 -3.758758450222127873e-03 -9.383459227160152044e-03
4.725890462322169014e+02 -3.757118075458075381e-03 -9.503427362484294372e-03
4.726048027509597773e+02 -3.751167162383607992e-03 -9.654062366268516965e-03
4.726205638041215593e+02 -3.748978482325021969e-03 -9.822063543393490595e-03
4.726521510274441198e+02 -3.739735349329735385e-03 -1.033345645640143355e-02
4.726679029731481592e+02 -3.733631911461041467e-03 -1.063755854213529854e-02
4.726836449525018224e+02 -3.729146294934868652e-03 -1.078199280799928099e-02
4.727150881124619559e+02 -3.717503448788881098e-03 -1.130663227390307779e-02
4.727307826999337408e+02 -3.713123979523562986e-03 -1.146596315356282481e-02
4.727464760756728879e+02 -3.708837666090347793e-03 -1.152850337834902296e-02
4.727621689456407807e+02 -3.703534836537333841e-03 -1.158545887238009858e-02
4.727935564694155914e+02 -3.691218855325614605e-03 -1.161997124375980725e-02
4.728092757211712751e+02 -3.685679289633572199e-03 -1.159212129555577987e-02
4.728249961955652907e+02 -3.676814566555405492e-03 -1.152219045766617045e-02
4.728407316056811851e+02 -3.670890366754017350e-03 -1.144289468310927954e-02
4.728722592500391784e+02 -3.655976610804231863e-03 -1.125157447358029680e-02
4.728880495465818967e+02 -3.648894034597609248e-03 -1.113487813263866998e-02
4.729038530575212462e+02 -3.643459745052462801e-03 -1.101207355793680856e-02
4.729353613050626564e+02 -3.636708460106951018e-03 -1.074828992172045111e-02
4.729510528359747354e+02 -3.631123634834938947e-03 -1.060618286348140663e-02
4.729666887582684467e+02 -3.629969479787212815e-03 -1.046950964079972242e-02
4.729822907742135953e+02 -3.629485837055156962e-03 -1.032619706253757284e-02
4.730135631786780550e+02 -3.625690787081594767e-03 -1.004501698457964561e-02
4.730292283694190019e+02 -3.623711911528629866e-03 -9.904877079667750994e-03
4.730449156226119385e+02 -3.621473841798079213e-03 -9.767631382311904933e-03
4.730606358455807481e+02 -3.622556365411407162e-03 -9.639612279183121593e-03
4.730921834991592050e+02 -3.622365664004793644e-03 -9.401610994412380046e-03
4.731079748217955512e+02 -3.627833049095587417e-03 -9.291141039760799844e-03
4.731237265385173600e+02 -3.631615264910046086e-03 -9.186381624982154978e-03
4.731551446210476115e+02 -3.641132979098925682e-03 -9.009982416713309405e-03
4.731708209901590294e+02 -3.649841004829330968e-03 -8.931628899335427793e-03
4.731864983641752360e+02 -3.655983975181435839e-03 -8.840254819211232351e-03
4.732021572261607503e+02 -3.663742099489012295e-03 -8.751533610613012118e-03
4.732335216115352523e+02 -3.678932472004545033e-03 -8.556939629075735465e-03
4.732492272990328388e+02 -3.687249115552086211e-03 -8.442761678680426110e-03
4.732649417745936944e+02 -3.696697779559216749e-03 -8.330505222990643513e-03
4.732806562854798926e+02 -3.705750742771768413e-03 -8.219726986503845742e-03
4.733121203044136109e+02 -3.721015680168403197e-03 -8.005846291372175141e-03
4.733278572918542295e+02 -3.725341228491790228e-03 -7.904424005380758511e-03
4.733436202340503201e+02 -3.730921566422463944e-03 -7.817762778115345396e-03
4.733751769607638380e+02 -3.742317365179410361e-03 -7.747559942724352791e-03
4.733909456995280607e+02 -3.745225363788415654e-03 -7.593972829340444458e-03
4.734067149605152736e+02 -3.747656343233458833e-03 -7.586238502058814150e-03
4.734224565378326020e+02 -3.752563212383255506e-03 -7.663589528284257650e-03
4.734539126836898504e+02 -3.754117002190916243e-03 -8.363932325346545849e-03
4.734696204968572602e+02 -3.755957210438002399e-03 -8.572302897685598125e-03
4.734853158199208565e+02 -3.756573219473058247e-03 -8.527486703438277166e-03
4.735010133164151398e+02 -3.757299780155867828e-03 -8.806702655659491563e-03
4.735324029509941397e+02 -3.759364579960637956e-03 -9.146390464325231812e-03
4.735481085369184484e+02 -3.758973381846880159e-03 -9.241353307741071235e-03
4.735638329180181358e+02 -3.756871814721555580e-03 -9.314894062459408083e-03
4.735952909537011237e+02 -3.750646982235276462e-03 -9.539195071406141729e-03
4.736110483795688992e+02 -3.747406603283572404e-03 -9.695471102086856974e-03
4.736268326430458160e+02 -3.744101244875172336e-03 -9.871846042136641491e-03
4.736426164880127772e+02 -3.738285537449973460e-03 -1.011237575637210194e-02
4.736741445461452713e+02 -3.728509542898023488e-03 -1.067233447543798792e-02
4.736898874886456952e+02 -3.724183786598895662e-03 -1.083533690009695800e-02
4.737056077995254668e+02 -3.717821832047848215e-03 -1.112338186121666211e-02
4.737213094638218536e+02 -3.713230299093153546e-03 -1.136084625107277278e-02
4.737526942309735318e+02 -3.701140631461366601e-03 -1.153206759861184760e-02
4.737683859541372726e+02 -3.695523880629758822e-03 -1.159531288602079838e-02
4.737840788931362113e+02 -3.690544200387941513e-03 -1.162290538156093324e-02
4.738155107739864320e+02 -3.677552601796705515e-03 -1.156390478128231300e-02
4.738312282375609925e+02 -3.671948287701004045e-03 -1.148809937811091399e-02
4.738469780731518881e+02 -3.664901295369641428e-03 -1.140904072300411194e-02
4.738627355671382588e+02 -3.656802437262963047e-03 -1.131709871842348676e-02
4.738943078126712862e+02 -3.644221654519327631e-03 -1.109206748989490475e-02
4.739101136737015167e+02 -3.639493079524092761e-03 -1.096530729353453054e-02
4.739258824433219957e+02 -3.634223716303107334e-03 -1.083691288452556627e-02
4.739415912801890158e+02 -3.632115715457575993e-03 -1.069792944960585267e-02
4.739728819287468582e+02 -3.626230530634220843e-03 -1.042126714755349688e-02
4.739884863149277408e+02 -3.624388786370588093e-03 -1.027956554771124707e-02
4.740041202047407864e+02 -3.622045037569579344e-03 -1.013723603793952738e-02
4.740354462354735006e+02 -3.617425877690868836e-03 -9.858691710431251309e-03
4.740511456071494081e+02 -3.616842009382514184e-03 -9.723707549302679568e-03
4.740668847209142314e+02 -3.618576395257777981e-03 -9.596983517363846111e-03
4.740826566619796267e+02 -3.618396318069077005e-03 -9.476783717537205776e-03
4.741142186534821121e+02 -3.623464466921574173e-03 -9.256568857550329099e-03
4.741299642529142488e+02 -3.630260869969288619e-03 -9.154202700838340659e-03
4.741456711656561538e+02 -3.634637188859812795e-03 -9.058069931770043257e-03
4.741613560399164840e+02 -3.641098585240554533e-03 -8.985286949858797834e-03
4.741927075282549708e+02 -3.654371599568931837e-03 -8.810067766013410240e-03
4.742083760688320808e+02 -3.662835087872598223e-03 -8.722106791644873222e-03
4.742240539448695245e+02 -3.670389025456182765e-03 -8.628033725984285071e-03
4.742554548365257574e+02 -3.685677189952270543e-03 -8.405934071125574503e-03
4.742711695740404707e+02 -3.692756980508313160e-03 -8.295438117007964546e-03
4.742868853597046268e+02 -3.701083512320075229e-03 -8.184237658065899104e-03
4.743026159460312670e+02 -3.709322569569171481e-03 -8.075201348017500835e-03
4.743341065399662284e+02 -3.723955842634249416e-03 -7.871607514656289023e-03
4.743498726615937358e+02 -3.731298759333776926e-03 -7.811183127818497295e-03
4.743656416249871199e+02 -3.734289797809587069e-03 -7.825760644229984644e-03
4.743814311088647173e+02 -3.739113866634088783e-03 -7.690306518681265524e-03
4.744129519945517472e+02 -3.745616528986893574e-03 -7.602077786599867326e-03
4.744286961927379593e+02 -3.746698503254907060e-03 -7.698643866171485904e-03
4.744444270861114319e+02 -3.749754618896350075e-03 -7.973689688338555376e-03
4.744601441298984241e+02 -3.752843058739004176e-03 -8.513395295752210906e-03
4.744915421435358098e+02 -3.755017155267577258e-03 -8.583073281957996972e-03
4.745072362515887221e+02 -3.755237351835549655e-03 -8.875272408462227605e-03
4.745229291339628048e+02 -3.754666085925649228e-03 -9.054810833324643607e-03
4.745543398374974799e+02 -3.753143610114637214e-03 -9.257172288739031960e-03
4.745700640867087827e+02 -3.751785916675937516e-03 -9.329936383683628751e-03
4.745857871185208978e+02 -3.750178129723353865e-03 -9.431405271821536110e-03
4.746015373148935623e+02 -3.746697964214300205e-03 -9.580162300267232658e-03
4.746330906887139918e+02 -3.738017773854964212e-03 -9.930227369279683025e-03
4.746488845220923167e+02 -3.734543531365128004e-03 -1.019654398581485918e-02
4.746646388048657741e+02 -3.727976893771663483e-03 -1.053212744560164983e-02
4.746803844317327616e+02 -3.722752109859657141e-03 -1.069190435731606596e-02
4.747118363003397121e+02 -3.713755190054603139e-03 -1.119664366723294689e-02
4.747275330567092055e+02 -3.709315511255101110e-03 -1.139724470707674867e-02
4.747432281313226667e+02 -3.703457276741306797e-03 -1.147717197621497473e-02
4.747746073886015665e+02 -3.691657527697975259e-03 -1.159712820796115693e-02
4.747903014255859375e+02 -3.685768788487176883e-03 -1.160046109581399330e-02
4.748060172866810831e+02 -3.679263838522701686e-03 -1.158179943914436696e-02
4.748217421544097192e+02 -3.672977439556592959e-03 -1.152560663983294431e-02
4.748532248406659164e+02 -3.657953400896685452e-03 -1.136865519677638173e-02
4.748689869462512547e+02 -3.651787253302507096e-03 -1.127332255718653878e-02
4.748847825829483895e+02 -3.644792671898012919e-03 -1.116014434543080754e-02
4.749005802673374319e+02 -3.640956185413476553e-03 -1.104177115379417415e-02
4.749321150734133425e+02 -3.630611594749609105e-03 -1.078602121917936717e-02
4.749478182588655955e+02 -3.627711354588024784e-03 -1.064472244587110795e-02
4.749634713232568402e+02 -3.624509894503663999e-03 -1.051023386448428874e-02
4.749946907490183321e+02 -3.621730173135866843e-03 -1.022598182577725071e-02
4.750103350355034877e+02 -3.619260543904715115e-03 -1.008689859950471363e-02
4.750259917016131226e+02 -3.616721561913955729e-03 -9.946499762155091781e-03
4.750416691943302681e+02 -3.614754319128619768e-03 -9.808945790395061370e-03
4.750731391259045040e+02 -3.612692143089153186e-03 -9.552969917015836226e-03
4.750889182432712801e+02 -3.615276882095876543e-03 -9.436420188594574904e-03
4.751047187753020467e+02 -3.618527978349095602e-03 -9.325868951138059984e-03
4.751204681068508648e+02 -3.622594064980336464e-03 -9.218709600226623890e-03
4.751519011354997701e+02 -3.632227493190311966e-03 -9.029804840353908638e-03
4.751675747516710544e+02 -3.637245505550402644e-03 -8.956095293446130964e-03
4.751832551514274314e+02 -3.644985758914494941e-03 -8.869131484801787840e-03
4.752145888689368576e+02 -3.660346195284184308e-03 -8.690123857301990801e-03
4.752302709420247311e+02 -3.669323625840837863e-03 -8.591023973922643636e-03
4.752459725609056136e+02 -3.678447437293539974e-03 -8.481009336934618517e-03
4.752616873640873223e+02 -3.687038170177794720e-03 -8.367169023341610584e-03
4.752931182320501193e+02 -3.702802312060464538e-03 -8.146313374366016130e-03
4.753088575070318598e+02 -3.710928685643981751e-03 -8.040145633039487427e-03
4.753245989481847005e+02 -3.715412380107631970e-03 -7.939818270048110138e-03
4.753403546862344911e+02 -3.722467782822370432e-03 -7.840245137208365356e-03
4.753719046477625625e+02 -3.733351173888272041e-03 -7.800713495150830845e-03
4.753876811432954241e+02 -3.736423669309180563e-03 -7.635294048030804963e-03
4.754034563078114388e+02 -3.740042616883086559e-03 -7.568900265616539981e-03
4.754349346410692760e+02 -3.745693926238598866e-03 -7.746236672539494675e-03
4.754506559887670960e+02 -3.747906274218131342e-03 -8.111744595956529510e-03
4.754663690801328357e+02 -3.748219654910407705e-03 -8.583378896310757400e-03
4.754820659813973407e+02 -3.749804335239213804e-03 -8.470938662960916105e-03
4.755134592081935807e+02 -3.753856896478352349e-03 -8.928683295712756124e-03
4.755291553434420848e+02 -3.753729189079730959e-03 -9.086430011942972160e-03
4.755448551403305260e+02 -3.752616146165887404e-03 -9.188060406413208273e-03
4.755605757420177611e+02 -3.753140625663809252e-03 -9.269804492299003190e-03
4.755920283010899539e+02 -3.746101188432342157e-03 -9.465601460313562143e-03
4.756077857789220502e+02 -3.742560207566477705e-03 -9.622543444401830334e-03
4.756235573704793751e+02 -3.738680337731837590e-03 -9.783422099294775479e-03
4.756551357557546567e+02 -3.728037746366807785e-03 -1.029591150428684279e-02
4.756708850741076162e+02 -3.725696958648001388e-03 -1.058815465422609930e-02
4.756866271282859771e+02 -3.719750860904039429e-03 -1.071931264212968096e-02
4.757023506076028525e+02 -3.714197106882704321e-03 -1.098141445039504602e-02
4.757337523182396239e+02 -3.703004932983301918e-03 -1.141364043195999302e-02
4.757494460187955951e+02 -3.698414656101660109e-03 -1.147232502612463047e-02
4.757651383342276290e+02 -3.694062416021790061e-03 -1.153797498608848983e-02
4.757808301404563736e+02 -3.689047788016890442e-03 -1.158820252998316036e-02
4.758122536305549488e+02 -3.677355953100655030e-03 -1.155051768503535976e-02
4.758279711074661691e+02 -3.668751308501732884e-03 -1.148483159121880225e-02
4.758437142646450297e+02 -3.661701903562564024e-03 -1.141041335755367016e-02
4.758752550674148551e+02 -3.647853690036707841e-03 -1.122452147962547248e-02
4.758910387200327818e+02 -3.640578219197342352e-03 -1.111243467874714966e-02
4.759068460268194372e+02 -3.634079457840127484e-03 -1.099189774673542223e-02
4.759226253998807579e+02 -3.633116262817120967e-03 -1.086674172594174689e-02
4.759540374712762514e+02 -3.622865524715076363e-03 -1.059479830466634326e-02
4.759696647766532465e+02 -3.621206801896075661e-03 -1.045946381948531859e-02
4.759852665740831981e+02 -3.619573373834826871e-03 -1.031826173957687762e-02
4.760008941064050418e+02 -3.618055665433874465e-03 -1.017561844124339684e-02
4.760322085381893089e+02 -3.613735046888094833e-03 -9.897952315059117476e-03
4.760478989180645613e+02 -3.613189329839349567e-03 -9.760958469151571892e-03
4.760636277027979304e+02 -3.613786340484994707e-03 -9.633159668262650591e-03
4.760951831451754401e+02 -3.613577136629197301e-03 -9.397450049501787986e-03
4.761109653730611058e+02 -3.616865113460936317e-03 -9.288266528183371923e-03
4.761267178369977273e+02 -3.621941346787292074e-03 -9.184128245767197996e-03
4.761424178214732592e+02 -3.626094355671065795e-03 -9.083158764552434414e-03
4.761737943119252918e+02 -3.638551450403399324e-03 -8.925921641307352564e-03
4.761894686931582896e+02 -3.645780726998109223e-03 -8.837303345482522277e-03
4.762051279582863685e+02 -3.652119410844400713e-03 -8.747936602105538598e-03
4.762208018698264596e+02 -3.661740516887727198e-03 -8.657344404425703840e-03
4.762521979467803135e+02 -3.676171425025192771e-03 -8.442461628158063822e-03
4.762679130180488301e+02 -3.683646390617586076e-03 -8.331812891542647939e-03
4.762836284889127683e+02 -3.693240447733074985e-03 -8.220977304265094862e-03
4.763151020577111581e+02 -3.708842552037678111e-03 -8.006571730596647937e-03
4.763308399654796972e+02 -3.716038212656779839e-03 -7.906200964635273082e-03
4.763466086485482265e+02 -3.722377854604413082e-03 -7.817694955417158614e-03
4.763623773229988387e+02 -3.727792539399058577e-03 -7.825034184679738325e-03
4.763939365747256716e+02 -3.737050252362201022e-03 -7.594173179280459471e-03
4.764096934922890796e+02 -3.740719723158235973e-03 -7.573410012521387610e-03
4.764254373972721623e+02 -3.741637221859518518e-03 -7.639548349515280778e-03
4.764411713617867576e+02 -3.745697584523407196e-03 -7.812150831233505982e-03
4.764725928554470329e+02 -3.748430873542795902e-03 -8.565738585099971769e-03
4.764882873763743305e+02 -3.749592033843840433e-03 -8.468084629912484007e-03
4.765039840277050303e+02 -3.749792288793571578e-03 -8.735555336142866029e-03
4.765353737820713604e+02 -3.750243847667265266e-03 -9.109028285652714940e-03
4.765510839208496918e+02 -3.751054238415368804e-03 -9.202961748012395901e-03
4.765668083259174068e+02 -3.747591217425784611e-03 -9.284049598280753879e-03
4.765825270481116718e+02 -3.746794322463055295e-03 -9.367063460406754513e-03
4.766140318729783303e+02 -3.739038658749069700e-03 -9.662439931763694076e-03
4.766298237462669931e+02 -3.736856607145796517e-03 -9.834971540199124659e-03
4.766456102650558364e+02 -3.731961058860749827e-03 -1.007647564231462303e-02
4.766613770316595264e+02 -3.727476062339178057e-03 -1.040373803808847426e-02
4.766928641607540271e+02 -3.717275929498505861e-03 -1.076722278377059520e-02
4.767085845033444116e+02 -3.712771924732740161e-03 -1.106290162261520070e-02
4.767242836779523145e+02 -3.706955363183403983e-03 -1.130383776910012274e-02
4.767556655767995721e+02 -3.695501727517803287e-03 -1.146560162276955355e-02
4.767713560176429723e+02 -3.689446657919509976e-03 -1.153740299974443870e-02
4.767870494729833695e+02 -3.683695596410977314e-03 -1.156130235128280045e-02
4.768027606730752268e+02 -3.678641871937646506e-03 -1.154928742456056562e-02
4.768342107754822337e+02 -3.665822246366821045e-03 -1.144102952846277020e-02
4.768499615174325186e+02 -3.659900076201177965e-03 -1.136638675923882548e-02
4.768657195573301237e+02 -3.650447508978399598e-03 -1.127934722024660601e-02
4.768815140640660957e+02 -3.644285487252370542e-03 -1.117249330181160558e-02
4.769131036561547035e+02 -3.633671000314662135e-03 -1.093908225731526906e-02
4.769288643815341402e+02 -3.627364163071357742e-03 -1.081379083034857830e-02
4.769445769149939451e+02 -3.626227397923432582e-03 -1.067837340590969096e-02
4.769602472666542781e+02 -3.622208372509490727e-03 -1.054393570562522052e-02
4.769914669988184528e+02 -3.618781847834027111e-03 -1.026522578436310507e-02
4.770071008697767070e+02 -3.616405562591300856e-03 -1.012484526191180859e-02
4.770227545933096280e+02 -3.613988133973654922e-03 -9.985007136732162655e-03
4.770541298684320282e+02 -3.608850605951663230e-03 -9.714102462923413644e-03
4.770698777509132924e+02 -3.608554764569073346e-03 -9.587506963748222699e-03
4.770856532723557848e+02 -3.612239372590704545e-03 -9.469146153425712573e-03
4.771014533246855649e+02 -3.614587005464159342e-03 -9.357642459227401982e-03
4.771329454631442673e+02 -3.621868959159947957e-03 -9.148464460330785891e-03
4.771486550107767926e+02 -3.626487412946697089e-03 -9.049160147815068014e-03
4.771643265848952637e+02 -3.630882905256821534e-03 -8.975778421965723008e-03
4.771800109724085246e+02 -3.637679128104583364e-03 -8.894959880413800049e-03
4.772113420718628163e+02 -3.654382083359242108e-03 -8.716371585252020993e-03
4.772270199704838660e+02 -3.663874736227420298e-03 -8.623213588929824411e-03
4.772427184379426990e+02 -3.670595900241225337e-03 -8.517673323010337139e-03
4.772741411177394752e+02 -3.686609882443942117e-03 -8.294002197058865725e-03
4.772898574070397331e+02 -3.694906538204152657e-03 -8.182647959030356355e-03
4.773055933504017503e+02 -3.702452614305118666e-03 -8.074285089713690092e-03
4.773213402484540779e+02 -3.710095826734319084e-03 -7.973320728007217764e-03
4.773528582745154836e+02 -3.722303881528403816e-03 -7.808863578795967840e-03
4.773686324246984327e+02 -3.728405767248881356e-03 -7.825760937849032123e-03
4.773844160471425084e+02 -3.732639501876874964e-03 -7.694214331242596287e-03
4.774001937280352763e+02 -3.737788781060628202e-03 -7.568981349346954809e-03
4.774316752109936033e+02 -3.742142760535833914e-03 -7.667242709743951438e-03
4.774474006682581830e+02 -3.744194838373304541e-03 -7.903972352031007204e-03
4.774631167019489908e+02 -3.746044790257975401e-03 -8.450882280537050026e-03
4.774945131841490138e+02 -3.751083736252184327e-03 -8.510446137462055263e-03
4.775102101292025054e+02 -3.751103211136356218e-03 -8.808075055156950467e-03
4.775259016631424061e+02 -3.751067904751714376e-03 -9.019595573496085733e-03
4.775415980466206634e+02 -3.750766579731459448e-03 -9.123917618014919240e-03
4.775730385997601388e+02 -3.747518772589931730e-03 -9.297898138340454297e-03
4.775887665853804833e+02 -3.746273211048406233e-03 -9.402371892423277283e-03
4.776045226300781223e+02 -3.740638256242251498e-03 -9.553077332722870185e-03
4.776202834217250484e+02 -3.738738707784426251e-03 -9.703875664635779399e-03
4.776518708190014877e+02 -3.730280344270320465e-03 -1.016811652205625895e-02
4.776676228089082770e+02 -3.724153547322186716e-03 -1.048112804647132607e-02
4.776833649245670586e+02 -3.719960079041218469e-03 -1.059584142076345006e-02
4.777148081880319523e+02 -3.708866511321355381e-03 -1.113195471050790718e-02
4.777305027513386335e+02 -3.704840010294834472e-03 -1.131885979760392791e-02
4.777461960657074656e+02 -3.700614269409220700e-03 -1.138778180764109769e-02
4.777618895119451849e+02 -3.695366792973438057e-03 -1.145790359310498892e-02
4.777932759315936551e+02 -3.683429439796288146e-03 -1.152696254863040323e-02
4.778089950672618897e+02 -3.677825715353390257e-03 -1.151003401613096867e-02
4.778247160815907364e+02 -3.669296762261878894e-03 -1.145948388239440008e-02
4.778404509075783722e+02 -3.663571249221295525e-03 -1.139157768794982033e-02
4.778719774239437470e+02 -3.648568129774097755e-03 -1.122539586259621580e-02
4.778877700481532997e+02 -3.641052823808249139e-03 -1.111757918485497057e-02
4.779035751773221818e+02 -3.635447380920383328e-03 -1.100587550163335988e-02
4.779350962347503469e+02 -3.627878855001413598e-03 -1.075820006464539742e-02
4.779507987376332494e+02 -3.622519746296293253e-03 -1.062234756110153056e-02
4.779664436263831249e+02 -3.620558684255878370e-03 -1.049012966470773238e-02
4.779820469352065970e+02 -3.619822649611401100e-03 -1.035125382994124543e-02
4.780133102071508802e+02 -3.616593819377068777e-03 -1.007005263707755165e-02
4.780289715278345852e+02 -3.613938918615801615e-03 -9.931026656732882402e-03
4.780446523410116129e+02 -3.610946638799461539e-03 -9.794455616535023210e-03
4.780603684640041138e+02 -3.611272892143792008e-03 -9.665214956024697004e-03
4.780919139427570599e+02 -3.609990013140058473e-03 -9.426306598169750459e-03
4.781077095081693642e+02 -3.614725508933349079e-03 -9.315650663969407205e-03
4.781234619760567170e+02 -3.617952058312567248e-03 -9.210704412691228526e-03
4.781548725671039506e+02 -3.626521407526861820e-03 -9.018565590373195731e-03
4.781705462861397109e+02 -3.634440722117197702e-03 -8.944481315069771274e-03
4.781862233070798425e+02 -3.640310267637814155e-03 -8.860882093106009494e-03
4.782018798363716314e+02 -3.647744896113873717e-03 -8.771737894286415690e-03
4.782332365861454377e+02 -3.663359855777757832e-03 -8.585216797007891656e-03
4.782489412923915779e+02 -3.671937577114401524e-03 -8.475660487123563153e-03
4.782646550562722041e+02 -3.681765597992599486e-03 -8.364227018149050091e-03
4.782803697719304523e+02 -3.690986035884386007e-03 -8.254356151622328427e-03
4.783118362197122906e+02 -3.707551185229532136e-03 -8.037895443672176884e-03
4.783275758699082303e+02 -3.712129267228206787e-03 -7.938222939963369279e-03
4.783433407026687405e+02 -3.718278124781643126e-03 -7.838633440048942830e-03
4.783749000204868480e+02 -3.730775994163011006e-03 -7.801574890078642223e-03
4.783906667871960963e+02 -3.734328608642395898e-03 -7.632613710996154210e-03
4.784064347620334274e+02 -3.737295241016166079e-03 -7.558722498994102472e-03
4.784221757335041616e+02 -3.742999424808236657e-03 -7.598055163271664678e-03
4.784536300465677527e+02 -3.745272040997859632e-03 -8.026514211812238106e-03
4.784693381220171773e+02 -3.747379478022381562e-03 -8.552108022888060476e-03
4.784850336317657593e+02 -3.748391886572137975e-03 -8.428650060891201140e-03
4.785007317851554944e+02 -3.749657779088023252e-03 -8.577955387216267685e-03
4.785321224995341822e+02 -3.752709459295760618e-03 -9.036046005769194853e-03
4.785478284718499822e+02 -3.752586380009721636e-03 -9.136469997539396065e-03
4.785635522619949143e+02 -3.751232473073978606e-03 -9.239201946442593405e-03
4.785950103800776674e+02 -3.745418432969493949e-03 -9.446711076760792164e-03
4.786107678604901139e+02 -3.742640055764621856e-03 -9.586550943605314651e-03
4.786265515223719262e+02 -3.739440212852370837e-03 -9.751061708564923852e-03
4.786423351303230902e+02 -3.733858261564673188e-03 -9.973514730687367547e-03
4.786738640561954981e+02 -3.724830173215096501e-03 -1.047502657517701552e-02
4.786896069727126815e+02 -3.720450605373648925e-03 -1.061708033657871378e-02
4.787053265106191020e+02 -3.714330614918980814e-03 -1.091414347130256236e-02
4.787210286210417962e+02 -3.709907010537476409e-03 -1.117083533265322143e-02
4.787524134519586596e+02 -3.698213011895069239e-03 -1.136212591428793946e-02
4.787681055144256561e+02 -3.692824105493849700e-03 -1.144610092089540752e-02
4.787837984000468055e+02 -3.688059055288616175e-03 -1.148943675879916110e-02
4.788152301091710115e+02 -3.675296262525979893e-03 -1.146126393429966993e-02
4.788309472879873852e+02 -3.669626282155881176e-03 -1.140366639148766501e-02
4.788466971082800683e+02 -3.662604221126420853e-03 -1.133879805916463389e-02
4.788624551360468899e+02 -3.654765825652161581e-03 -1.126339355011571168e-02
4.788940290804714550e+02 -3.641487047600114931e-03 -1.106318227947406148e-02
4.789098333216688275e+02 -3.636472302121443283e-03 -1.094910788816715226e-02
4.789256082477082259e+02 -3.631053401265311748e-03 -1.082821210391985214e-02
4.789413297278581467e+02 -3.628368039381252037e-03 -1.070149321321860018e-02
4.789726359577402945e+02 -3.621995718677979790e-03 -1.043648553373983934e-02
4.789882402085550552e+02 -3.620460912994605089e-03 -1.029698565616539094e-02
4.790038679192302311e+02 -3.618192298887022013e-03 -1.015537919559941771e-02
4.790351848278657485e+02 -3.612549058273652018e-03 -9.879163513506549615e-03
4.790508788640413513e+02 -3.611847652974958887e-03 -9.743902822081719137e-03
4.790666131096281788e+02 -3.613039677652404424e-03 -9.616433755157033011e-03
4.790823840589409883e+02 -3.611925060001275854e-03 -9.495911393125101158e-03
4.791139507294864188e+02 -3.615604677914245266e-03 -9.275852649087179200e-03
4.791296959432816607e+02 -3.621945276034406382e-03 -9.172926399005470674e-03
4.791453969590082238e+02 -3.625709850048620866e-03 -9.069319190476992851e-03
4.791610789403700892e+02 -3.631861069890539220e-03 -8.989179257524272659e-03
4.791924286736547742e+02 -3.644690034375567406e-03 -8.827256714834159218e-03
4.792080940109710809e+02 -3.652785055812655252e-03 -8.739104724693387907e-03
4.792237673467241166e+02 -3.660554147102280335e-03 -8.648723041961164232e-03
4.792551646650820771e+02 -3.676302945288792336e-03 -8.436351412366580038e-03
4.792708783090247948e+02 -3.683535059939250546e-03 -8.327110529617676518e-03
4.792865950527792052e+02 -3.692416171060686897e-03 -8.216557860639015984e-03
4.793023270504473885e+02 -3.701414476679600399e-03 -8.105573386515385267e-03
4.793338213380843058e+02 -3.717055884392780722e-03 -7.903502983788123631e-03
4.793495899901009807e+02 -3.725142766669058830e-03 -7.816396498548896371e-03
4.793653610606747861e+02 -3.728650523353310795e-03 -7.826299247548801005e-03
4.793811500821684604e+02 -3.734161044969078538e-03 -7.750012624916638969e-03
4.794126677870206095e+02 -3.742143562096627782e-03 -7.560709072400552226e-03
4.794284118420258096e+02 -3.743435225344166322e-03 -7.613963522451652755e-03
4.794441418294995287e+02 -3.747077152006728952e-03 -7.755648079661600636e-03
4.794755619978508889e+02 -3.752199997566038787e-03 -8.545489298808264453e-03
4.794912562463212566e+02 -3.753411269668136246e-03 -8.408612446705751586e-03
4.795069510086637479e+02 -3.754027969833108411e-03 -8.659131982997642085e-03
4.795226444855701402e+02 -3.753844991119971355e-03 -8.928549076564694723e-03
4.795540555270800382e+02 -3.753235528886576192e-03 -9.166919276064857541e-03
4.795697800466328999e+02 -3.752142981757585795e-03 -9.256263625131131573e-03
4.795855034043094633e+02 -3.750950831545459083e-03 -9.351776569412821594e-03
4.796012532067517213e+02 -3.748130149152241897e-03 -9.481686101824230925e-03
4.796328061919660399e+02 -3.739759900754659715e-03 -9.806291079739758165e-03
4.796485996843388193e+02 -3.736341992990851665e-03 -1.005056563125691048e-02
4.796643545927567516e+02 -3.730175098141595182e-03 -1.033336745254120025e-02
4.796801002565650833e+02 -3.724955641799685725e-03 -1.044946735761282698e-02
4.797115517400874296e+02 -3.716528750505223699e-03 -1.098137186096140999e-02
4.797272487959492082e+02 -3.712067559382474253e-03 -1.118357214114471324e-02
4.797429433569777188e+02 -3.706240027683001259e-03 -1.127186376288357404e-02
4.797743229123275910e+02 -3.694663366951458309e-03 -1.143608465757107832e-02
4.797900169695455475e+02 -3.688826163171613458e-03 -1.145219063447618264e-02
4.798057325873536456e+02 -3.682477622954536019e-03 -1.144931943179382239e-02
4.798214582252626315e+02 -3.676363385958985458e-03 -1.141580968107271110e-02
4.798529407668344220e+02 -3.661696479137730234e-03 -1.129404759318678765e-02
4.798687021781394151e+02 -3.655173321797496478e-03 -1.121638483346156998e-02
4.798844986227048821e+02 -3.647685252093090663e-03 -1.111673675048901501e-02
4.799002980311310580e+02 -3.643134419828496316e-03 -1.101322996222161774e-02
4.799318418797409436e+02 -3.632491243763292816e-03 -1.077891906198531931e-02
4.799475562014790739e+02 -3.629664308156428654e-03 -1.064785324195431995e-02
4.799632184860031998e+02 -3.626229266903484901e-03 -1.051845432290491808e-02
4.799944394940330881e+02 -3.623328468877941560e-03 -1.024168630884190849e-02
4.800100762515567112e+02 -3.620904965328414302e-03 -1.010354701304060770e-02
4.800257294886191630e+02 -3.618171647836376445e-03 -9.963711571369597564e-03
4.800414019440862603e+02 -3.615662610159024824e-03 -9.827811829433263924e-03
4.800728621327409087e+02 -3.612165390234653699e-03 -9.570729964175309079e-03
4.800886413533028190e+02 -3.614506760144662895e-03 -9.454068071267508755e-03
4.801044441266407716e+02 -3.616973646206066411e-03 -9.343906265072282613e-03
4.801201941997834979e+02 -3.620445965903448717e-03 -9.236613554305252161e-03
4.801516214962072127e+02 -3.629279655869004952e-03 -9.036028857248494181e-03
4.801672922948836799e+02 -3.633481986965341089e-03 -8.960270078502093061e-03
4.801829727272839818e+02 -3.640853666018956884e-03 -8.882507700517286095e-03
4.802143019805373001e+02 -3.656032186293436004e-03 -8.707228776048838922e-03
4.802299802926002599e+02 -3.665491603240568930e-03 -8.612917934487958685e-03
4.802456798710942962e+02 -3.674740251766311916e-03 -8.508347753724892701e-03
4.802613931653161785e+02 -3.682965474522330133e-03 -8.397199667483189536e-03
4.802928244238215711e+02 -3.700082401834735996e-03 -8.177954802346145552e-03
4.803085653163604434e+02 -3.708864177893125662e-03 -8.069956439589123440e-03
4.803243094924837919e+02 -3.714152160203342858e-03 -7.970063162487770955e-03
4.803400665873302273e+02 -3.721802087679118055e-03 -7.869208121368358871e-03
4.803716204149853297e+02 -3.733993642110629545e-03 -7.826459285756882586e-03
4.803873953534035763e+02 -3.737785805385360812e-03 -7.686826539359492734e-03
4.804031688173307657e+02 -3.742105379913702404e-03 -7.563002098747141633e-03
4.804346459098549644e+02 -3.748650845614192890e-03 -7.634220747304442875e-03
4.804503666755528570e+02 -3.751397805024001518e-03 -7.832522000714350202e-03
4.804660799439126322e+02 -3.751949977469045457e-03 -8.369771671201330435e-03
4.804817767086859135e+02 -3.754089525771363896e-03 -8.474297522388497469e-03
4.805131705465186087e+02 -3.758927433328460802e-03 -8.735861190298127230e-03
4.805288673068326375e+02 -3.759021437426220656e-03 -8.956341069868067536e-03
4.805445666332610131e+02 -3.758401481655693818e-03 -9.072498547840581948e-03
4.805602875020970828e+02 -3.759196803360406215e-03 -9.194139932567286025e-03
4.805917404375638284e+02 -3.753036331788315097e-03 -9.381345380215438262e-03
4.806074980433889436e+02 -3.749561348207221950e-03 -9.508234367191406577e-03
4.806232685485240381e+02 -3.746070685692895908e-03 -9.661506228638700247e-03
4.806548480008688671e+02 -3.735898450686953986e-03 -1.012932992859646650e-02
4.806705977198625988e+02 -3.733533747727395442e-03 -1.033769569642344760e-02
4.806863387690485183e+02 -3.727895467810691393e-03 -1.046452236569195976e-02
4.807020622189082815e+02 -3.722470071956185227e-03 -1.075920385851704582e-02
4.807334639754485579e+02 -3.711480240702405998e-03 -1.117242553084956888e-02
4.807491577291244766e+02 -3.707143360316280268e-03 -1.125386280800006605e-02
4.807648502920259830e+02 -3.702913022536520778e-03 -1.135020877890242572e-02
4.807805424436500630e+02 -3.697835829150497838e-03 -1.141159371502182412e-02
4.808119655977371849e+02 -3.686440188118772759e-03 -1.141000961330498019e-02
4.808276839249448358e+02 -3.677628937933445381e-03 -1.136654695422903948e-02
4.808434266950803817e+02 -3.670750584389965640e-03 -1.131187993505457408e-02
4.808749665157995992e+02 -3.656523102588372758e-03 -1.116442025484523821e-02
4.808907527392970565e+02 -3.648772401903533670e-03 -1.106509855169564294e-02
4.809065583796917736e+02 -3.642023896796976832e-03 -1.095993488492824630e-02
4.809223406227661712e+02 -3.640840974838966716e-03 -1.084419861789687016e-02
4.809537744973457052e+02 -3.630141903233467110e-03 -1.059316453713959189e-02
4.809694095192487566e+02 -3.628087903866328897e-03 -1.046538820361169776e-02
4.809850137902212168e+02 -3.626291205214785505e-03 -1.032868114192701282e-02
4.810006351289560484e+02 -3.625411886569323856e-03 -1.018669017020439743e-02
4.810319407063479957e+02 -3.620411792355290783e-03 -9.911494155335294834e-03
4.810476259565334658e+02 -3.619090522049253373e-03 -9.775596427316074130e-03
4.810633481932027848e+02 -3.619269482112983695e-03 -9.647409255539338840e-03
4.810949014973807607e+02 -3.617721527936484417e-03 -9.411624511923606315e-03
4.811106871220840731e+02 -3.620636929879459884e-03 -9.302605843634029203e-03
4.811264400977273681e+02 -3.624987035149642833e-03 -9.198875281948223903e-03
4.811421360867038288e+02 -3.628639741846541571e-03 -9.094269269480544093e-03
4.811735075557622281e+02 -3.640645500755060760e-03 -8.929697104416477529e-03
4.811891828153650863e+02 -3.647339273031994459e-03 -8.849212197542215622e-03
4.812048390187665632e+02 -3.653483589267553927e-03 -8.761543600822341640e-03
4.812205099474680310e+02 -3.663407809057596994e-03 -8.672906874137780581e-03
4.812519008901185771e+02 -3.678206772770470281e-03 -8.468165520875457070e-03
4.812676142776699635e+02 -3.686377349247818829e-03 -8.359384317321442645e-03
4.812833302642827107e+02 -3.696493293326419492e-03 -8.250722211187607597e-03
4.813148071563335293e+02 -3.713238334969945226e-03 -8.034527900782772666e-03
4.813305466090477580e+02 -3.720858188445616815e-03 -7.936074735034565758e-03
4.813463172793300942e+02 -3.727700585850554724e-03 -7.838319155242837524e-03
4.813620884687422858e+02 -3.734053052918646226e-03 -7.817778624106336977e-03
4.813936454962365588e+02 -3.744496016167683447e-03 -7.627097405653515336e-03
4.814094016929854547e+02 -3.748757606283069452e-03 -7.552726597060169592e-03
4.814251450577050946e+02 -3.750531540835710075e-03 -7.579050205247022005e-03
4.814408783110279728e+02 -3.754764451495279376e-03 -7.664332478203971476e-03
4.814722990022312956e+02 -3.758182208166186214e-03 -8.493584792652672869e-03
4.814879935060542380e+02 -3.759707003857776231e-03 -8.399580636681688514e-03
4.815036905279071107e+02 -3.760393440787112435e-03 -8.503762291034933779e-03
4.815350814966740813e+02 -3.761809603020980011e-03 -8.985384867215470348e-03
4.815507914000921232e+02 -3.763056470649562592e-03 -9.109181911809961785e-03
4.815665161477208471e+02 -3.759864977637429693e-03 -9.218597156632781647e-03
4.815822347228411786e+02 -3.759424291301209642e-03 -9.298782761972948507e-03
4.816137400646147171e+02 -3.752294191593887659e-03 -9.545099463519926900e-03
4.816295314452876823e+02 -3.750321953711084101e-03 -9.714345549078061762e-03
4.816453172591398015e+02 -3.745532002208653601e-03 -9.934321404496808741e-03
4.816610853284824429e+02 -3.741319845483037209e-03 -1.020067099250742716e-02
4.816925719696778287e+02 -3.731388360651550704e-03 -1.052847346509865403e-02
4.817082923467113460e+02 -3.726759199400997945e-03 -1.083246571278997580e-02
4.817239908434333415e+02 -3.721154797924054909e-03 -1.105305977949847321e-02
4.817553730161914132e+02 -3.709879395268181161e-03 -1.125489704589030700e-02
4.817710638931080211e+02 -3.703868857119464297e-03 -1.134940614306741494e-02
4.817867576339863263e+02 -3.698215829854647595e-03 -1.138337914898595628e-02
4.818024686032630370e+02 -3.693344849544286362e-03 -1.138976299588300052e-02
4.818339194001499095e+02 -3.680457944068783911e-03 -1.132722346291336474e-02
4.818496705875149360e+02 -3.674752318826443424e-03 -1.127355231597507688e-02
4.818654290840381123e+02 -3.664989032989611050e-03 -1.120627727095857215e-02
4.818812233763280801e+02 -3.658668946678295120e-03 -1.111688393278096459e-02
4.819128113039116101e+02 -3.647167471849712284e-03 -1.091129640327509302e-02
4.819285805312225079e+02 -3.640409655359042908e-03 -1.079694385713377003e-02
4.819443048519766535e+02 -3.638636963555394975e-03 -1.067380246246030402e-02
4.819756022324235119e+02 -3.632406527060030952e-03 -1.041578816305284601e-02
4.819912087694417551e+02 -3.631392110011666223e-03 -1.027584251362507334e-02
4.820068349156929912e+02 -3.628769559968131764e-03 -1.013656081640324641e-02
4.820224844719489283e+02 -3.625816967833076724e-03 -9.997240296741904605e-03
4.820538504041012970e+02 -3.620226058778325783e-03 -9.728205219512319965e-03
4.820695920736135349e+02 -3.619465151497061953e-03 -9.601289357099876409e-03
4.820853675683735560e+02 -3.622321196296594392e-03 -9.482691615787956774e-03
4.821011673654678589e+02 -3.624234809126848905e-03 -9.371422691030025648e-03
4.821326623690027873e+02 -3.630584792269727756e-03 -9.162072677226837381e-03
4.821483677551212281e+02 -3.634530304186245168e-03 -9.056686496651896248e-03
4.821640370319843214e+02 -3.638717474254950495e-03 -8.975563448103029279e-03
4.821953824416527254e+02 -3.652953376992838005e-03 -8.817688246608720165e-03
4.822110479811008759e+02 -3.661765844534561193e-03 -8.729849554722498434e-03
4.822267234062907164e+02 -3.670874956145305477e-03 -8.639818105914236213e-03
4.822424190867693028e+02 -3.677881767529117985e-03 -8.539742488623765920e-03
4.822738378719767525e+02 -3.694629252209085269e-03 -8.321766910089706260e-03
4.822895556987446639e+02 -3.703523473847327926e-03 -8.212306705510392241e-03
4.823052931024133727e+02 -3.711560939752128578e-03 -8.102647153497280139e-03
4.823210422947893790e+02 -3.720003580215471093e-03 -8.001496262628705544e-03
4.823525633983072680e+02 -3.733807547914877109e-03 -7.818212155981260625e-03
4.823683399374100418e+02 -3.740213367148805326e-03 -7.828971464486222595e-03
4.823841225180027550e+02 -3.745182741429842112e-03 -7.746679984736488771e-03
4.824156368877506793e+02 -3.752009617674704079e-03 -7.551808666543671951e-03
4.824313781133148495e+02 -3.756255594931910604e-03 -7.591870651367132669e-03
4.824471031757086052e+02 -3.758660225070702566e-03 -7.708943579354127391e-03
4.824628190128485699e+02 -3.761153063259318943e-03 -8.101324165969127356e-03
4.824942156938485027e+02 -3.766695207608443483e-03 -8.369470697570657869e-03
4.825099122671096552e+02 -3.767048392848987987e-03 -8.585239758021665987e-03
4.825256041702515404e+02 -3.767451937210800506e-03 -8.860371686092247817e-03
4.825413011290162899e+02 -3.767432597472830571e-03 -9.023034999684402188e-03
4.825727426248723191e+02 -3.765009590697689697e-03 -9.239553768482500901e-03
4.825884704214408316e+02 -3.764101000988263456e-03 -9.319666954482424409e-03
4.826042261808031526e+02 -3.758751275679460442e-03 -9.444243610099416902e-03
4.826357820040300339e+02 -3.752154488202982981e-03 -9.766969795388984188e-03
4.826515745096178307e+02 -3.749094920456865366e-03 -1.000716012544583880e-02
4.826673264943196386e+02 -3.742826102732520720e-03 -1.023065064429962145e-02
4.826830686576562925e+02 -3.738796349775886166e-03 -1.033544411701968480e-02
4.827145118498565921e+02 -3.728018180987758244e-03 -1.088973716177352169e-02
4.827302062125554016e+02 -3.724223629474289563e-03 -1.106190844511423417e-02
4.827458994187020380e+02 -3.719914889100094709e-03 -1.115597584127339670e-02
4.827615935702775687e+02 -3.714596838009748096e-03 -1.126134206332740639e-02
4.827929796326964151e+02 -3.702830427723753821e-03 -1.135702096706009412e-02
4.828086990138603483e+02 -3.697080728962479079e-03 -1.136279641516535488e-02
4.828244211370268317e+02 -3.688805019843146085e-03 -1.133568311285715682e-02
4.828401557514652609e+02 -3.683168280646069871e-03 -1.128931398505350105e-02
4.828716813854205157e+02 -3.667919606394603321e-03 -1.116354957816686859e-02
4.828874757643997668e+02 -3.659774128250583083e-03 -1.107033182145375147e-02
4.829032791166903849e+02 -3.653616011339579604e-03 -1.097346098726642745e-02
4.829348128874918302e+02 -3.645261851957358728e-03 -1.074866408475716982e-02
4.829505276368337832e+02 -3.640362569649076025e-03 -1.062159914023480707e-02
4.829661817546241309e+02 -3.637382153832337262e-03 -1.049559011449135472e-02
4.829817882753533809e+02 -3.636496412689051248e-03 -1.036327597068559953e-02
4.830130390098939301e+02 -3.633423734911419255e-03 -1.008376780725083778e-02
4.830286970202151906e+02 -3.630367117181748041e-03 -9.945349468366950288e-03
4.830443720031374824e+02 -3.626953187834227807e-03 -9.810576891209761910e-03
4.830600818585299976e+02 -3.626468885601025986e-03 -9.680958403394297057e-03
4.830916225391707144e+02 -3.624038264939255863e-03 -9.441714705604443286e-03
4.831074200625376420e+02 -3.628212437146080636e-03 -9.331312085779351964e-03
4.831231724045762803e+02 -3.630998075999802670e-03 -9.226439668134727573e-03
4.831545803327264252e+02 -3.638867136729853190e-03 -9.024472792053466613e-03
4.831702515434893144e+02 -3.646011298449658433e-03 -8.946451364389143221e-03
4.831859278622466149e+02 -3.651611704193763550e-03 -8.871351362354487971e-03
4.832015823241889620e+02 -3.659083830369007969e-03 -8.786394253196891727e-03
4.832329336072888282e+02 -3.674888673761127472e-03 -8.605311300943094266e-03
4.832486354552639227e+02 -3.683745970822708670e-03 -8.501125255170388292e-03
4.832643468646717224e+02 -3.693832288396126616e-03 -8.392459095587121234e-03
4.832800620055074319e+02 -3.703726401602630124e-03 -8.284979875182533690e-03
4.833115307002303211e+02 -3.721441492040550476e-03 -8.067848590208259729e-03
4.833272726326685529e+02 -3.726457754548664729e-03 -7.968877441966138245e-03
4.833430387049274941e+02 -3.733230067732841179e-03 -7.869438961530639265e-03
4.833746011633186299e+02 -3.747063668044947615e-03 -7.824778437856788268e-03
4.833903664963055462e+02 -3.751326119347501205e-03 -7.685941102950241167e-03
4.834061332948307950e+02 -3.754728121860815854e-03 -7.559667067891618492e-03
4.834218732331595447e+02 -3.761192517647080590e-03 -7.553825691820663379e-03
4.834533264208856167e+02 -3.764215483845049538e-03 -7.776620517688090893e-03
4.834690347892640716e+02 -3.766483909875126788e-03 -8.274615515404908778e-03
4.834847300995241426e+02 -3.767852605971032387e-03 -8.463429411106412545e-03
4.835004284822826435e+02 -3.769608414346689151e-03 -8.384355198457473998e-03
4.835318199767706915e+02 -3.773467508566360432e-03 -8.913401419631469813e-03
4.835475264921761891e+02 -3.773553642589431989e-03 -9.052671740185702642e-03
4.835632497468682232e+02 -3.772891834598765971e-03 -9.166308599956174766e-03
4.835947084671351490e+02 -3.767323364407684522e-03 -9.343550244295110996e-03
4.836104662364099909e+02 -3.764890237541085663e-03 -9.478136418774145422e-03
4.836262493931737936e+02 -3.761679722022213263e-03 -9.629369965060962169e-03
4.836420328075649877e+02 -3.756249574641520265e-03 -9.824680111317466227e-03
4.836735625072112157e+02 -3.747773482784985850e-03 -1.023063925586500944e-02
4.836893053074053910e+02 -3.743192368830907876e-03 -1.038738019852485789e-02
4.837050242067743966e+02 -3.737216027739888313e-03 -1.068721665394002478e-02
4.837207266177724136e+02 -3.732836791719892564e-03 -1.093510930469081439e-02
4.837521114173644605e+02 -3.721350100163342035e-03 -1.116405466130083665e-02
4.837678038972309196e+02 -3.716101943406181600e-03 -1.127080691084083458e-02
4.837834969707114965e+02 -3.711444792689741479e-03 -1.132554352363343043e-02
4.838149290120632600e+02 -3.698750699938915636e-03 -1.133890545266668694e-02
4.838306464210160698e+02 -3.692896506726169471e-03 -1.130248767448484293e-02
4.838463963234738685e+02 -3.685729348479068086e-03 -1.125709157596687174e-02
4.838621554052484157e+02 -3.677958250815722193e-03 -1.120011940257736871e-02
4.838937305610472777e+02 -3.663920171839832058e-03 -1.102967647508928603e-02
4.839095306239750016e+02 -3.658072866521149165e-03 -1.092866097665301170e-02
4.839253100640592606e+02 -3.652531344731727633e-03 -1.081725942275471065e-02
4.839410455013028809e+02 -3.649194780991129542e-03 -1.070180279562955861e-02
4.839723717679452761e+02 -3.642097999149911634e-03 -1.044975861582811937e-02
4.839879762674393078e+02 -3.640447214612166360e-03 -1.031319481757381543e-02
4.840035967805816881e+02 -3.638393368575891344e-03 -1.017270089791467297e-02
4.840349028888825842e+02 -3.631927937849569344e-03 -9.898576313871924187e-03
4.840505911315538583e+02 -3.631115741209801299e-03 -9.764036224207099310e-03
4.840663190562419800e+02 -3.631778927524322107e-03 -9.636060885027183595e-03
4.840820867091126161e+02 -3.629681255440261444e-03 -9.514972308229570352e-03
4.841136554093388327e+02 -3.631838347439821351e-03 -9.295061829634708450e-03
4.841294025650738035e+02 -3.637740204275420781e-03 -9.192162779316621901e-03
4.841451011393013459e+02 -3.641005928080432927e-03 -9.085481443486585415e-03
4.841607812059987168e+02 -3.646946084157629518e-03 -8.994891317048087087e-03
4.841921274295550006e+02 -3.659099010710264131e-03 -8.842536124594934863e-03
4.842077892606289424e+02 -3.666588893531228313e-03 -8.756659839506906670e-03
4.842234595546784135e+02 -3.674680588411762070e-03 -8.668316752126668800e-03
4.842548515966264517e+02 -3.690937227596766991e-03 -8.465674499191852206e-03
4.842705641653481621e+02 -3.698583918181575555e-03 -8.358519036080020934e-03
4.842862817832813676e+02 -3.707581689932944267e-03 -8.251238376899071997e-03
4.843020147608694970e+02 -3.717378780109028072e-03 -8.139593094129366282e-03
4.843335121247168900e+02 -3.734042992651488702e-03 -7.938626241079547660e-03
4.843492831450619747e+02 -3.742874392366440754e-03 -7.840365319642272901e-03
4.843650563319911839e+02 -3.746909891860358659e-03 -7.812308192559121005e-03
4.843808449697613696e+02 -3.753178729520571799e-03 -7.800043548734183520e-03
4.844123596061553485e+02 -3.762579496671082137e-03 -7.545533098873173639e-03
4.844281031097543746e+02 -3.764014978259504641e-03 -7.560941936131863710e-03
4.844438326937155921e+02 -3.768133922814834863e-03 -7.635678872963946699e-03
4.844752525907053382e+02 -3.773613441286646428e-03 -8.414526210075169363e-03
4.844909463651846977e+02 -3.775323440790082086e-03 -8.396807371762814165e-03
4.845066417137736039e+02 -3.776255639449320380e-03 -8.437954750533948473e-03
4.845223356587194417e+02 -3.776378752999365925e-03 -8.740844995768659587e-03
4.845537471011537036e+02 -3.776536578108083148e-03 -9.080849488704386199e-03
4.845694721718631968e+02 -3.775584998228649278e-03 -9.195508023069016990e-03
4.845851959504822730e+02 -3.774751057965372320e-03 -9.268978442540506610e-03
4.846009456136868039e+02 -3.772518403660686352e-03 -9.372433933496503514e-03
4.846324983725314155e+02 -3.764294344736615183e-03 -9.671129057626083256e-03
4.846482913181290542e+02 -3.760856614033622480e-03 -9.886377775633245144e-03
4.846640469519168164e+02 -3.755038951239012077e-03 -1.013087758784545801e-02
4.846955279657348115e+02 -3.745787862834226798e-03 -1.046126145512831992e-02
4.847112440299570153e+02 -3.741716993414631771e-03 -1.075474766478222953e-02
4.847269414546531721e+02 -3.737126893210060072e-03 -1.096226543039240803e-02
4.847426351879684034e+02 -3.731289334534931054e-03 -1.106947678264938104e-02
4.847740151474809522e+02 -3.719781656853031731e-03 -1.127314506961937801e-02
4.847897093622540865e+02 -3.713924870099295956e-03 -1.130691787331389656e-02
4.848054248473263783e+02 -3.707692667349121556e-03 -1.132192721406706515e-02
4.848211513713305294e+02 -3.701658194631443372e-03 -1.131127689023518450e-02
4.848526338061445244e+02 -3.687207620488060743e-03 -1.122650806391936942e-02
4.848683956815408465e+02 -3.680152920143692913e-03 -1.116545056431644464e-02
4.848841913181801146e+02 -3.672492031230423053e-03 -1.108063205884030934e-02
4.849157789172382422e+02 -3.660167430425572549e-03 -1.088435248033190958e-02
4.849315417025515558e+02 -3.655314961464596960e-03 -1.077547627857863496e-02
4.849472708638517133e+02 -3.652323050121864412e-03 -1.065361333354200579e-02
4.849629470368365105e+02 -3.648604200390014214e-03 -1.052921672349648070e-02
4.849941690195911406e+02 -3.645049979339646737e-03 -1.026136686543069332e-02
4.850097980466374565e+02 -3.642613711544570067e-03 -1.012419730248415549e-02
4.850254442668785373e+02 -3.639583319594416524e-03 -9.984519494230237324e-03
4.850411117032264201e+02 -3.636765203274146784e-03 -9.850576716070735470e-03
4.850725597433786902e+02 -3.631730240662001726e-03 -9.593053525599177719e-03
4.850883363418353156e+02 -3.633621325622702920e-03 -9.476040390751087547e-03
4.851041401854644732e+02 -3.635182339693052156e-03 -9.365992136184921046e-03
4.851356148873634879e+02 -3.640184379881857609e-03 -9.156695603529487956e-03
4.851513194890392242e+02 -3.645914511422144316e-03 -9.051828979050215510e-03
4.851669856169700097e+02 -3.649462178461652159e-03 -8.966660676058278365e-03
4.851826642682199804e+02 -3.656368904661476925e-03 -8.894119045370478885e-03
4.852139882828639657e+02 -3.671006834186840793e-03 -8.728076466207643214e-03
4.852296639798190085e+02 -3.680901520894013131e-03 -8.637450834818037257e-03
4.852453603824965853e+02 -3.690511601324729645e-03 -8.538477340239224861e-03
4.852610717136573157e+02 -3.698232515944767027e-03 -8.430988030855892865e-03
4.852925033190088584e+02 -3.716364191814174999e-03 -8.216679737357464319e-03
4.853082449722040224e+02 -3.725566310768926252e-03 -8.107296886811037745e-03
4.853239919859375391e+02 -3.731793192913191240e-03 -8.006108078890248128e-03
4.853555256591365037e+02 -3.745619258549559311e-03 -7.818872148460621549e-03
4.853713075938139809e+02 -3.753599072970213897e-03 -7.818289158188744190e-03
4.853870813775194506e+02 -3.758097436291984918e-03 -7.758749358865247962e-03
4.854028534313833347e+02 -3.763117452705990601e-03 -7.591112464961147395e-03
4.854343286652903657e+02 -3.770264667359866755e-03 -7.573032765744279991e-03
4.854500494729773550e+02 -3.773436245105380674e-03 -7.674822514828146675e-03
4.854657630581958756e+02 -3.774195214640341679e-03 -8.003454274896990711e-03
4.854814596002411804e+02 -3.776858067102423569e-03 -8.478578818108017598e-03
4.855128539852151448e+02 -3.782239450499482077e-03 -8.515788392252881048e-03
4.855285509708943437e+02 -3.782461310135789862e-03 -8.812355103953086605e-03
4.855442499612761935e+02 -3.782270753707129163e-03 -8.978253810191424641e-03
4.855756894295327584e+02 -3.779114067330160195e-03 -9.212962445597119854e-03
4.855914247167169151e+02 -3.777811355337316272e-03 -9.279294561815983056e-03
4.856071825754366955e+02 -3.774280010507151221e-03 -9.406873062932761057e-03
4.856229517644266593e+02 -3.771174450792305361e-03 -9.548339928358740014e-03
4.856545323550836315e+02 -3.761373415941929050e-03 -9.954626397373076557e-03
4.856702825303065083e+02 -3.758823024088107055e-03 -1.014557294426475520e-02
4.856860228904222936e+02 -3.753481972929492531e-03 -1.026301719185553768e-02
4.857017465863170287e+02 -3.748136522056106246e-03 -1.053954308076545873e-02
4.857331483018786571e+02 -3.737265844538135637e-03 -1.097451362727724748e-02
4.857488420463290595e+02 -3.733123504779015545e-03 -1.107768634248462551e-02
4.857645347262947553e+02 -3.728933137033093453e-03 -1.119347813292520359e-02
4.857802272291910981e+02 -3.723729145168524612e-03 -1.126813886004468003e-02
4.858116498127559453e+02 -3.712507313648731860e-03 -1.130607647390015694e-02
4.858273689795871064e+02 -3.703443532159058846e-03 -1.128373411201102211e-02
4.858431113032526696e+02 -3.696670820492423994e-03 -1.124685197783754920e-02
4.858746500921844813e+02 -3.682004383957380653e-03 -1.113266097244096191e-02
4.858904385152360987e+02 -3.673899229003136334e-03 -1.104467918773722329e-02
4.859062396189295328e+02 -3.666613415577248385e-03 -1.095154982489158178e-02
4.859220220749765531e+02 -3.664801488240232181e-03 -1.084481397087774107e-02
4.859534874748597417e+02 -3.653868115022199884e-03 -1.060904837192108881e-02
4.859691354367840290e+02 -3.651242811097427793e-03 -1.048792418575447173e-02
4.859847407627718781e+02 -3.648694968843112143e-03 -1.035586283651809825e-02
4.860003568427213168e+02 -3.647901717819688507e-03 -1.021453642020301276e-02
4.860316466585034050e+02 -3.642789537630715564e-03 -9.940494344352950040e-03
4.860473256594003715e+02 -3.640345799890300823e-03 -9.805831935130583307e-03
4.860630401649158330e+02 -3.639799400588812975e-03 -9.676993661167164473e-03
4.860945873125174330e+02 -3.636283704269070282e-03 -9.439882342431822615e-03
4.861103752654630057e+02 -3.638545950010211097e-03 -9.330753580381353010e-03
4.861261300945439530e+02 -3.642038975892016722e-03 -9.226905486848555049e-03
4.861418269065327991e+02 -3.645176025119565254e-03 -9.121181247170486242e-03
4.861731903277410538e+02 -3.656420298238908465e-03 -8.940262570300701664e-03
4.861888644784025928e+02 -3.662239156991865547e-03 -8.869157565596379536e-03
4.862045170572108077e+02 -3.668274819628934615e-03 -8.787535558280695075e-03
4.862201848895131207e+02 -3.678139599717840900e-03 -8.699897996647474457e-03
4.862515692054190595e+02 -3.693373196894215570e-03 -8.505521164595217926e-03
4.862672818524380318e+02 -3.702197506033223957e-03 -8.399612205872224527e-03
4.862829984763810103e+02 -3.712701122220129959e-03 -8.294780013132605975e-03
4.863144774121930709e+02 -3.730273349267092774e-03 -8.077132557569687357e-03
4.863302190628735389e+02 -3.738317920713371545e-03 -7.978128942623579148e-03
4.863459916990494207e+02 -3.745695892327464364e-03 -7.880416067861665402e-03
4.863617647157761894e+02 -3.752995746378141005e-03 -7.806192967698156841e-03
4.863933202466965326e+02 -3.764496257311158046e-03 -7.708936279388297654e-03
4.864090760361976322e+02 -3.769136850345621795e-03 -7.561722057145268440e-03
4.864248183730923074e+02 -3.771779980022544297e-03 -7.540505541935266925e-03
4.864405515918581955e+02 -3.776072302685942392e-03 -7.591087094963222884e-03
4.864719718802895159e+02 -3.780060882985114296e-03 -8.159029328711658521e-03
4.864876663931189569e+02 -3.781843720108931262e-03 -8.463790284135408459e-03
4.865033637795335153e+02 -3.782920997163651943e-03 -8.350783666159241128e-03
4.865347554921252708e+02 -3.785134509823161880e-03 -8.856843099056502244e-03
4.865504651588590832e+02 -3.786700526748221479e-03 -9.017139512621936623e-03
4.865661904536697193e+02 -3.783737734189986275e-03 -9.152053596816199163e-03
4.865819085579676653e+02 -3.783496167521225098e-03 -9.220796665096397948e-03
4.866134141329962404e+02 -3.776840680245596021e-03 -9.440916394445742280e-03
4.866292047655359170e+02 -3.774971994070694045e-03 -9.582821559894715707e-03
4.866449900394516135e+02 -3.770228433127654436e-03 -9.771601469077512495e-03
4.866607596054501528e+02 -3.766219083029275199e-03 -1.001930120792490948e-02
4.866922463432383665e+02 -3.756492749775447622e-03 -1.032421152174227939e-02
4.867079668527795775e+02 -3.751629817162803818e-03 -1.061512647051452048e-02
4.867236646761096495e+02 -3.746267548579050848e-03 -1.085594325608317187e-02
4.867550470738916033e+02 -3.735033768953298621e-03 -1.109538361802866330e-02
4.867707381842808445e+02 -3.729039015864217023e-03 -1.120416350681141190e-02
4.867864319942381712e+02 -3.723469376816009903e-03 -1.125713525266753591e-02
4.868021425570191241e+02 -3.718749643127523818e-03 -1.128064641726907180e-02
4.868335934788761961e+02 -3.705693889006743142e-03 -1.125845859950245532e-02
4.868493449837637854e+02 -3.700004814041437350e-03 -1.122063278248009929e-02
4.868651042191954730e+02 -3.690088622050424413e-03 -1.116885896160529044e-02
4.868808981006130239e+02 -3.684014168427367751e-03 -1.109495242406814859e-02
4.869124781828535902e+02 -3.671183885151236333e-03 -1.091083182792954021e-02
4.869282535293510819e+02 -3.664606528811018785e-03 -1.080489156214523537e-02
4.869439969572965197e+02 -3.661696442364166439e-03 -1.069049775781592479e-02
4.869753219928516046e+02 -3.654507894985340594e-03 -1.044417534620084749e-02
4.869909252477199857e+02 -3.653298466812279505e-03 -1.030714051583037257e-02
4.870065456701447033e+02 -3.650765329212635711e-03 -1.016890641304718165e-02
4.870221863557770234e+02 -3.647471937832447338e-03 -1.002927110701921053e-02
4.870535360681059842e+02 -3.641326154770795423e-03 -9.762470841353326073e-03
4.870692688460714521e+02 -3.639611152658843527e-03 -9.634949701571800945e-03
4.870850408894105499e+02 -3.641003926717791776e-03 -9.515418034496738245e-03
4.871008402574132106e+02 -3.641976701243587831e-03 -9.403889383961685708e-03
4.871323423326888928e+02 -3.646978403261926828e-03 -9.193947292016356465e-03
4.871480462027865315e+02 -3.649861470293019709e-03 -9.085632153481734002e-03
4.871637102510745194e+02 -3.653713580494167331e-03 -8.992262628980240285e-03
4.871950500364316667e+02 -3.667024335647384951e-03 -8.844065698398006006e-03
4.872107107421098817e+02 -3.675837662480867848e-03 -8.760192431583053996e-03
4.872263832248673907e+02 -3.684468235771351866e-03 -8.672283250112560252e-03
4.872420737213248572e+02 -3.692002867298666263e-03 -8.578570242260911624e-03
4.872734904691001248e+02 -3.708972525262065664e-03 -8.368364730553407363e-03
4.872892091343616130e+02 -3.718126946080955314e-03 -8.262201222711148402e-03
4.873049472098118713e+02 -3.726652805012030129e-03 -8.152042086786904021e-03
4.873206992255562113e+02 -3.735945272136203393e-03 -8.047922350091713320e-03
4.873522238044046162e+02 -3.751570989346393083e-03 -7.851808354064111414e-03
4.873680021094996846e+02 -3.758313103062885588e-03 -7.799416357946990612e-03
4.873837841437697307e+02 -3.764022895190508207e-03 -7.805093875707057142e-03
4.874152958810381620e+02 -3.772040945097508442e-03 -7.541167986314547059e-03
4.874310369089532742e+02 -3.776528716953005561e-03 -7.546341308431937789e-03
4.874467621872708492e+02 -3.779243593191199558e-03 -7.616004226685085636e-03
4.874624780497890697e+02 -3.782385980516005716e-03 -7.808448409142230463e-03
4.874938751335700431e+02 -3.788263938796817241e-03 -8.412485815135081757e-03
4.875095712141861668e+02 -3.788959162387045380e-03 -8.386762433500906042e-03
4.875252632929443166e+02 -3.789685861180843319e-03 -8.684085700808691702e-03
4.875409604584117460e+02 -3.789831645191304912e-03 -8.901396201182808915e-03
4.875724026100263018e+02 -3.788125646082903149e-03 -9.170897943555939014e-03
4.875881298368126409e+02 -3.787432400460310610e-03 -9.225597127627827021e-03
4.876038850889742662e+02 -3.782337757133668894e-03 -9.330616336491348584e-03
4.876354407251447469e+02 -3.775995432211546373e-03 -9.617792006402448024e-03
4.876512335376283431e+02 -3.773198701651055142e-03 -9.833603489570163711e-03
4.876669856944308208e+02 -3.766745487325158688e-03 -1.005859717433529865e-02
4.876827282387542368e+02 -3.762788281984701198e-03 -1.016076976625325881e-02
4.877141718837363555e+02 -3.752299534540621141e-03 -1.068272319304553949e-02
4.877298660517491840e+02 -3.748684719969723120e-03 -1.088481207042770252e-02
4.877455591892164648e+02 -3.744219353070205904e-03 -1.099673239939486825e-02
4.877612537294148751e+02 -3.738742853481829241e-03 -1.111736453992499471e-02
4.877926388944238738e+02 -3.727096230471771496e-03 -1.124862015981245751e-02
4.878083581671869524e+02 -3.721156077566394049e-03 -1.127157137932710898e-02
4.878240812125254706e+02 -3.713156117427133564e-03 -1.126597565086872796e-02
4.878555756846814688e+02 -3.698530527726759214e-03 -1.119698543051170225e-02
4.878713409861090895e+02 -3.692331464093176734e-03 -1.114153767780146423e-02
4.878871358365177571e+02 -3.684127831196451226e-03 -1.106055844611987700e-02
4.879029350653396477e+02 -3.677876319786947418e-03 -1.097425186434199465e-02
4.879344754674672799e+02 -3.668310997599157942e-03 -1.076732118692256754e-02
4.879502112327263603e+02 -3.664047342702557008e-03 -1.064658059529251764e-02
4.879658845116999828e+02 -3.659960069163944833e-03 -1.052559273824243274e-02
4.879814955116561919e+02 -3.658223860010481176e-03 -1.039924499600372761e-02
4.880127352196134893e+02 -3.654628814002652652e-03 -1.012177132859759174e-02
4.880283829941994327e+02 -3.651206821567880290e-03 -9.983444897589030184e-03
4.880440482154367032e+02 -3.647571268035665337e-03 -9.850525525589161335e-03
4.880754981414103213e+02 -3.643549034246019915e-03 -9.594641233615707615e-03
4.880912797655884106e+02 -3.641156165236442144e-03 -9.479352311145281332e-03
4.881070800270329642e+02 -3.644362522795879886e-03 -9.368737369898193917e-03
4.881228333879510046e+02 -3.646376034039669738e-03 -9.263194354389537449e-03
4.881542447169090906e+02 -3.653004597371238473e-03 -9.054925911549216444e-03
4.881699090148819664e+02 -3.659012694813253055e-03 -8.963694287862073937e-03
4.881855819289424403e+02 -3.664276504156245562e-03 -8.891992475507422972e-03
4.882012334971053065e+02 -3.671507246386703210e-03 -8.818902721074075440e-03
4.882325769393955852e+02 -3.687433440258866199e-03 -8.643524955923602079e-03
4.882482742938318552e+02 -3.696302700543697105e-03 -8.545649201115302143e-03
4.882639843996491322e+02 -3.706497171152656287e-03 -8.441674885828483188e-03
4.882954262263873488e+02 -3.724920667685921796e-03 -8.229315598031698015e-03
4.883111707736636617e+02 -3.735181024469210690e-03 -8.121559521000651025e-03
4.883269162233262364e+02 -3.740794301688776368e-03 -8.019494611530345735e-03
4.883426837039236830e+02 -3.748162554170484436e-03 -7.923824980017020111e-03
4.883742480020990229e+02 -3.763369695575116951e-03 -7.797305430379383208e-03
4.883900128701401400e+02 -3.768269519687385445e-03 -7.779485214729269134e-03
4.884057792448988948e+02 -3.772160237195225363e-03 -7.611974583479418077e-03
4.884215179606677566e+02 -3.779190443280023345e-03 -7.530029482159384183e-03
4.884529706760919794e+02 -3.783063343635616194e-03 -7.650680431492992359e-03
4.884686795046960128e+02 -3.785425529505433671e-03 -7.913197746642458216e-03
4.884843747992628664e+02 -3.787105093876394317e-03 -8.414327660138760587e-03
4.885000735308413482e+02 -3.789346728376299673e-03 -8.358337308752815387e-03
4.885314651482642603e+02 -3.793829629683021735e-03 -8.745858999950182136e-03
4.885471718509099901e+02 -3.794034328256337858e-03 -8.953802031380013460e-03
4.885628943800959973e+02 -3.794022067718881477e-03 -9.093316061672842773e-03
4.885943528532504843e+02 -3.788534293151765535e-03 -9.238754889145011154e-03
4.886101107329945989e+02 -3.786360369276245332e-03 -9.366297960836277720e-03
4.886258927816637652e+02 -3.783062299807463374e-03 -9.499593388720938003e-03
4.886416764644867499e+02 -3.777793423548448260e-03 -9.662090202918973206e-03
4.886732073714237572e+02 -3.769823526463830267e-03 -1.006615389150011634e-02
4.886889503272009847e+02 -3.764957561070704853e-03 -1.020307613049346689e-02
4.887046690496955534e+02 -3.759147600188693893e-03 -1.047620306336336654e-02
4.887203718848460312e+02 -3.754768278284890265e-03 -1.073872520769359774e-02
4.887517566756604310e+02 -3.743442021031144745e-03 -1.101526359522181711e-02
4.887674493678263161e+02 -3.738363754252056401e-03 -1.113462100241632488e-02
4.887831422857430539e+02 -3.733803524324265811e-03 -1.120816532703326936e-02
4.888145737820640875e+02 -3.721156398223138262e-03 -1.126092782839113911e-02
4.888302911839570015e+02 -3.715037144259093847e-03 -1.124532161540706295e-02
4.888460407969167250e+02 -3.707709853333557466e-03 -1.121541673775880779e-02
4.888618005248846430e+02 -3.700246370452708357e-03 -1.117326402212966661e-02
4.888933747649771817e+02 -3.685677896882641122e-03 -1.102832460596272005e-02
4.889091644929836207e+02 -3.679816634567960060e-03 -1.093814128120210172e-02
4.889249440317072981e+02 -3.674011951068810542e-03 -1.083521519146402566e-02
4.889406998219428147e+02 -3.670323373486383822e-03 -1.072743327706631757e-02
4.889720626674187542e+02 -3.662280460141353802e-03 -1.048584438626756765e-02
4.889876681151122284e+02 -3.659549789082569039e-03 -1.035304544334787920e-02
4.890032834764284075e+02 -3.657380304021939574e-03 -1.021403034855143492e-02
4.890345711878086377e+02 -3.650984199796190790e-03 -9.940855597352119336e-03
4.890502490191933589e+02 -3.649379699689054863e-03 -9.807149490193671493e-03
4.890659666253893647e+02 -3.648854110614318906e-03 -9.678582522103809649e-03
4.890817280002844427e+02 -3.645710594274409987e-03 -9.556405272728335162e-03
4.891132994685924587e+02 -3.645432793718891493e-03 -9.335500159799175676e-03
4.891290513582877679e+02 -3.650614239762040893e-03 -9.232072994360570467e-03
4.891447505338657038e+02 -3.653088720907968819e-03 -9.124506294500213388e-03
4.891604277293976111e+02 -3.658396918229122035e-03 -9.024665274126028591e-03
4.891917655025872023e+02 -3.669422840773346219e-03 -8.869867867155992874e-03
4.892074231050380604e+02 -3.676252863447315028e-03 -8.793534653887036950e-03
4.892230888905155552e+02 -3.684619151797536435e-03 -8.706622928464739786e-03
4.892544733280619766e+02 -3.701205958826395397e-03 -8.514774707635067857e-03
4.892701855725066480e+02 -3.708975668622757627e-03 -8.411866330618439358e-03
4.892859044412363119e+02 -3.717876657738230801e-03 -8.308869349975676888e-03
4.893016381353717748e+02 -3.728423560704809212e-03 -8.197903592835988074e-03
4.893331397716373772e+02 -3.746273700640476677e-03 -7.992789722125121996e-03
4.893489128781225759e+02 -3.755843967603400644e-03 -7.896160005661869569e-03
4.893646876253014284e+02 -3.760573112095235999e-03 -7.806737460152013072e-03
4.893804761081138963e+02 -3.767556447337369000e-03 -7.800959842755148324e-03
4.894119890030599436e+02 -3.778289674934780587e-03 -7.574165336099963723e-03
4.894277318426750298e+02 -3.779891942120175343e-03 -7.528658161072212564e-03
4.894434613138920440e+02 -3.784512629885772306e-03 -7.574559940854796655e-03
4.894748809759961432e+02 -3.790260726975812171e-03 -8.044269872946974848e-03
4.894905745919625133e+02 -3.792444134995881511e-03 -8.451393264032273228e-03
4.895062706631759397e+02 -3.793664364686477608e-03 -8.334726305174079350e-03
4.895219648222308138e+02 -3.794047480543509109e-03 -8.534318507061535927e-03
4.895533758965863740e+02 -3.794962547007946132e-03 -8.994662807941389629e-03
4.895691011288120080e+02 -3.794035044303783154e-03 -9.123356413411921884e-03
4.895848248322478753e+02 -3.793498169602636371e-03 -9.194015515039283618e-03
4.896005742155649614e+02 -3.791844427276851431e-03 -9.261659691510635423e-03
4.896321262597686541e+02 -3.783722428431406451e-03 -9.528548900613879880e-03
4.896479186230985761e+02 -3.780221424170488505e-03 -9.716001041080779554e-03
4.896636754844665802e+02 -3.774784377586867367e-03 -9.947459852343699602e-03
4.896951572375882051e+02 -3.765587824589321665e-03 -1.026736914577949453e-02
4.897108732384846803e+02 -3.761697989921001118e-03 -1.054633799210898983e-02
4.897265713103656708e+02 -3.756919216590574092e-03 -1.078052797871904660e-02
4.897422638755244861e+02 -3.751127427584396642e-03 -1.091540181134892373e-02
4.897736441868383963e+02 -3.739655037321445562e-03 -1.114572470268347833e-02
4.897893382390539045e+02 -3.733795388945094704e-03 -1.120109466063613779e-02
4.898050532499618726e+02 -3.727717467964319822e-03 -1.123394098271881386e-02
4.898207803574695731e+02 -3.721738147412341057e-03 -1.124479610379087308e-02
4.898522622179592645e+02 -3.707619483983945908e-03 -1.119346463349559472e-02
4.898680246394514484e+02 -3.700364964288489593e-03 -1.114773507727891307e-02
4.898838199936415094e+02 -3.692884083043660066e-03 -1.107718187042048587e-02
4.899153913838987933e+02 -3.679473580414350208e-03 -1.090059119205972690e-02
4.899311627156183135e+02 -3.674399959190746429e-03 -1.079896350871432757e-02
4.899469141664207541e+02 -3.670735176320514669e-03 -1.068402301761335084e-02
4.899626124476729387e+02 -3.667013860800533501e-03 -1.056387302857162737e-02
4.899938440474807635e+02 -3.661896661904990875e-03 -1.030458892280710498e-02
4.900094652873000882e+02 -3.660014059367182673e-03 -1.016803644549638119e-02
4.900251018201762463e+02 -3.656744704766865060e-03 -1.002763896022638990e-02
4.900407588514397048e+02 -3.653649860219864223e-03 -9.895459526698008670e-03
4.900721849192088371e+02 -3.646638711949165643e-03 -9.636977259778752025e-03
4.900879578105833048e+02 -3.647651233725766190e-03 -9.518997571190231793e-03
4.901037629288474591e+02 -3.648190793131959354e-03 -9.408431047487590335e-03
4.901352475506645305e+02 -3.651328252637734209e-03 -9.197958191188260538e-03
4.901509518063387532e+02 -3.656163463296591230e-03 -9.090802564184406048e-03
4.901666114284705600e+02 -3.658841316175478944e-03 -8.993583985914864812e-03
4.901822859558787968e+02 -3.665247898675027573e-03 -8.913420571290161035e-03
4.902136022162689528e+02 -3.679270032091667541e-03 -8.766916026289246419e-03
4.902292740914662659e+02 -3.689294621229562230e-03 -8.678008786043045833e-03
4.902449656351781186e+02 -3.698707337446060107e-03 -8.585300566634208874e-03
4.902606742753357594e+02 -3.706312666395802490e-03 -8.483335270861834532e-03
4.902921068502953403e+02 -3.725037411523324585e-03 -8.276190151365776793e-03
4.903078494845336195e+02 -3.734527020962523456e-03 -8.167314632302359947e-03
4.903236006258612178e+02 -3.741860656531202731e-03 -8.062794132349122844e-03
4.903551368355059026e+02 -3.756982800695877513e-03 -7.867509559599427521e-03
4.903709197597375464e+02 -3.765809596097350036e-03 -7.792507865237084837e-03
4.903866932105443652e+02 -3.771124046258171603e-03 -7.800040728703189208e-03
4.904024646592541217e+02 -3.776922139893698453e-03 -7.692511890618618751e-03
4.904339383635276590e+02 -3.784685180757806598e-03 -7.532460268206389760e-03
4.904496593895132719e+02 -3.788261905124847700e-03 -7.597339700076667472e-03
4.904653732110130591e+02 -3.789308216258578665e-03 -7.756734711279585082e-03
4.904810696572067172e+02 -3.792575754962175961e-03 -8.187551910175065034e-03
4.905124648279305006e+02 -3.798363727727314954e-03 -8.351805349508098150e-03
4.905281613018453299e+02 -3.798730390587249772e-03 -8.614580888565953609e-03
4.905438597091899737e+02 -3.798951678666733986e-03 -8.873068210550510634e-03
4.905752999378549930e+02 -3.796245411951631836e-03 -9.149392065233272892e-03
4.905910344732336057e+02 -3.795334704040538576e-03 -9.197720889703064201e-03
4.906067926630972238e+02 -3.791638986199895138e-03 -9.290633428301853583e-03
4.906225599076470303e+02 -3.788982429381574334e-03 -9.423206379650852366e-03
4.906541420218572398e+02 -3.779597523615793077e-03 -9.775769890264377968e-03
4.906698927216640982e+02 -3.776658999885820853e-03 -9.975273845862791047e-03
4.906856326624834992e+02 -3.771682073251906870e-03 -1.009686338095136006e-02
4.907013569462005762e+02 -3.766427998428717016e-03 -1.034114887492628039e-02
4.907327590051182824e+02 -3.755718112835308275e-03 -1.081012587107550889e-02
4.907484526950643726e+02 -3.751796770197843821e-03 -1.093303061742298236e-02
4.907641454126728036e+02 -3.747587489657440603e-03 -1.105923955393463623e-02
4.907955393566587645e+02 -3.735637254995130465e-03 -1.119390055190677344e-02
4.908112594758383125e+02 -3.731207627507632501e-03 -1.122515582460882795e-02
4.908269793405707446e+02 -3.721958463556546918e-03 -1.122443458499026644e-02
4.908427209002622931e+02 -3.715363845313305637e-03 -1.120288188523743331e-02
4.908742593933679927e+02 -3.700687521150130242e-03 -1.111834732843224559e-02
4.908900471490248378e+02 -3.692579872391648591e-03 -1.104105373671492550e-02
4.909058396403166853e+02 -3.684984627495463665e-03 -1.095792094758047015e-02
4.909216151168690772e+02 -3.682184566619977305e-03 -1.086016586672492422e-02
4.909531180135754767e+02 -3.671231694981044562e-03 -1.063739050634726450e-02
4.909687864083838349e+02 -3.668072477520955589e-03 -1.052127812130324545e-02
4.909843991515181756e+02 -3.665003489202915601e-03 -1.039424528541390072e-02
4.910000101882495755e+02 -3.663514837079400680e-03 -1.025527468728412890e-02
4.910312811487265776e+02 -3.659018745479072562e-03 -9.982002120133767753e-03
4.910469492848858977e+02 -3.655345622593097251e-03 -9.848882547703720694e-03
4.910626500594245840e+02 -3.653840789167534485e-03 -9.719835467419009334e-03
4.910941863142723491e+02 -3.648319023180405206e-03 -9.481058870154612100e-03
4.911099783757014734e+02 -3.649654811259408615e-03 -9.371688407909818316e-03
4.911257367731124646e+02 -3.652266299475665987e-03 -9.267266397182271145e-03
4.911414379682656204e+02 -3.654691487932007141e-03 -9.160950399802365862e-03
4.911727934415376922e+02 -3.664738377059825487e-03 -8.962110126308047917e-03
4.911884640201138268e+02 -3.669486008670293231e-03 -8.888975153388980685e-03
4.912041115813069041e+02 -3.675378220734493596e-03 -8.820747858995107993e-03
4.912354538778455435e+02 -3.693195421755870057e-03 -8.649702956786806465e-03
4.912511515204226384e+02 -3.700479058125065966e-03 -8.552246254873682382e-03
4.912668618115196750e+02 -3.709642849097861007e-03 -8.451488709527646762e-03
4.912825794179350964e+02 -3.720580796831110884e-03 -8.351338795085041025e-03
4.913140612251233961e+02 -3.739130832491232431e-03 -8.135354485836783153e-03
4.913298055965835260e+02 -3.747609243612616027e-03 -8.032376070317778435e-03
4.913455799367563941e+02 -3.755543313327924012e-03 -7.937137917100744663e-03
4.913613549174657464e+02 -3.763884568336479334e-03 -7.837627259234956206e-03
4.913929093956962220e+02 -3.776534744463026609e-03 -7.785075130116315099e-03
4.914086651578361398e+02 -3.781488313066863616e-03 -7.642494873633658148e-03
4.914244062007329035e+02 -3.785197968071367120e-03 -7.524460135194440021e-03
4.914401397883144682e+02 -3.789532854308338885e-03 -7.540021654196827836e-03
4.914715594219641730e+02 -3.794246545354146641e-03 -7.834363873818032259e-03
4.914872541214101034e+02 -3.796281835385779957e-03 -8.314097359539345672e-03
4.915029520140749355e+02 -3.797801232490444386e-03 -8.369960740253961501e-03
4.915343440080971504e+02 -3.800917307106210265e-03 -8.697197299887361732e-03
4.915500531165865823e+02 -3.802700749784415548e-03 -8.906880131839619782e-03
4.915657789113392937e+02 -3.800064928405572171e-03 -9.077902183760857766e-03
4.915814959945870442e+02 -3.799920387944619171e-03 -9.160762585573727773e-03
4.916130015759640628e+02 -3.793788558810204468e-03 -9.319270368100533719e-03
4.916287910643647479e+02 -3.791950978590301335e-03 -9.448461766701573769e-03
4.916445758560423087e+02 -3.787212318461924236e-03 -9.606625608207491895e-03
4.916603474005747216e+02 -3.783385312978850955e-03 -9.828347545019246179e-03
4.916918345756904500e+02 -3.773903419758338224e-03 -1.014338690751164299e-02
4.917075553472506044e+02 -3.768726046655705795e-03 -1.041143662868086565e-02
4.917232528485752709e+02 -3.763707481770205143e-03 -1.066354532160624508e-02
4.917546355062004295e+02 -3.752493423343914152e-03 -1.095432195560378484e-02
4.917703268455884427e+02 -3.746570472216072516e-03 -1.107279968949990631e-02
4.917860205620405054e+02 -3.741140305538491213e-03 -1.114523239002775806e-02
4.918017303464005749e+02 -3.736603030208459231e-03 -1.118679244794645172e-02
4.918331807418385324e+02 -3.723426186787822788e-03 -1.120499795447989048e-02
4.918489325637860361e+02 -3.717660169928086161e-03 -1.118129302932575203e-02
4.918646921556735947e+02 -3.707793252175670129e-03 -1.114425638828642900e-02
4.918804864468530127e+02 -3.701902794092263704e-03 -1.108578533960231059e-02
4.919120496177577024e+02 -3.688207371388114910e-03 -1.092032256311051275e-02
4.919278264330703223e+02 -3.680786012385551913e-03 -1.082158806020823254e-02
4.919435893420916841e+02 -3.677280555228077275e-03 -1.071485140684288150e-02
4.919749564519893852e+02 -3.669548977401542855e-03 -1.047824435904802683e-02
4.919905617899951267e+02 -3.667218938014458075e-03 -1.034543307463912411e-02
4.920061753093751804e+02 -3.665121977059786294e-03 -1.020885705866620037e-02
4.920218048685887311e+02 -3.662165272679884526e-03 -1.006893032510518954e-02
4.920531318121196023e+02 -3.655425263089763857e-03 -9.804382509935767598e-03
4.920688505333449712e+02 -3.653023075691552886e-03 -9.676411662797273008e-03
4.920846178963525972e+02 -3.652922428776113860e-03 -9.555786707876700106e-03
4.921004137542267358e+02 -3.653025659887082326e-03 -9.443871807366605378e-03
4.921319284838764361e+02 -3.656593915572668111e-03 -9.233165017093784496e-03
4.921476329534422689e+02 -3.658173921806925303e-03 -9.124268536586769424e-03
4.921632947660398827e+02 -3.661607336550648777e-03 -9.024261136907969771e-03
4.921946248099388868e+02 -3.673777649165492661e-03 -8.865429577387326510e-03
4.922102809300398008e+02 -3.682280432086039272e-03 -8.794126203001751893e-03
4.922259495923186137e+02 -3.690188322629962738e-03 -8.709368445413492865e-03
4.922416345619936919e+02 -3.698154844595822471e-03 -8.620356215874241251e-03
4.922730461557171111e+02 -3.715073854602752874e-03 -8.420344014196659219e-03
4.922887658708054346e+02 -3.724283214325780321e-03 -8.318234691607803016e-03
4.923045051400574721e+02 -3.733660575954712065e-03 -8.210403224414998535e-03
4.923202604082802623e+02 -3.743701165140903876e-03 -8.104308928784578064e-03
4.923517881314245415e+02 -3.761445475255740124e-03 -7.908568288568883567e-03
4.923675682137784406e+02 -3.768387303574710721e-03 -7.810421379357865117e-03
4.923833502873991961e+02 -3.774856227013121887e-03 -7.775705524074149472e-03
4.924148592452086746e+02 -3.784407555681222439e-03 -7.596639881997183270e-03
4.924306002174890295e+02 -3.789056634327556908e-03 -7.512726099071526109e-03
4.924463257505242950e+02 -3.792127670717797445e-03 -7.552616924144072742e-03
4.924620412510447522e+02 -3.796025812146562855e-03 -7.659402832701858038e-03
4.924934389887374095e+02 -3.802111091962945884e-03 -8.393538764197058799e-03
4.925091345423432472e+02 -3.803266331741721792e-03 -8.335278276475335466e-03
4.925248267864985792e+02 -3.804278442116030765e-03 -8.470510325045222180e-03
4.925405240318556821e+02 -3.804593773200481716e-03 -8.749459634076819925e-03
4.925719663569906857e+02 -3.803674534493897436e-03 -9.108807093815923794e-03
4.925876928393064986e+02 -3.803160948684791622e-03 -9.162351338398795966e-03
4.926034474915886108e+02 -3.798466534212560381e-03 -9.216577715821541034e-03
4.926350027585802422e+02 -3.792262166954606193e-03 -9.473259148411877772e-03
4.926507959272848325e+02 -3.789727612660510978e-03 -9.653929150035826107e-03
4.926665484454312036e+02 -3.783091516531475289e-03 -9.869713173203710499e-03
4.926822915491339927e+02 -3.779164443557530770e-03 -1.000474789701285075e-02
4.927137363273960773e+02 -3.769085505551527434e-03 -1.047692568474272237e-02
4.927294304501161832e+02 -3.765628260718119867e-03 -1.070646513612227325e-02
4.927451235992003262e+02 -3.760980652819300493e-03 -1.084970316952699534e-02
4.927608181382810244e+02 -3.755307321713685035e-03 -1.097924619730160194e-02
4.927922023204199604e+02 -3.743864288792959991e-03 -1.114406973139131854e-02
4.928079211776820898e+02 -3.737740836406949589e-03 -1.118388801709215875e-02
4.928236451366173014e+02 -3.730152272093571666e-03 -1.120131328556792615e-02
4.928551385556233413e+02 -3.715255878866299388e-03 -1.116262543844368134e-02
4.928709036284402600e+02 -3.709363276776115725e-03 -1.112200819813676314e-02
4.928866984036522467e+02 -3.701067888702472015e-03 -1.105399181930631636e-02
4.929024923027725436e+02 -3.694716919929539028e-03 -1.097627671818331672e-02
4.929340289180701689e+02 -3.682835014792843354e-03 -1.078563271268875509e-02
4.929497859494967429e+02 -3.678413774179162786e-03 -1.067193745930710216e-02
4.929654830098876914e+02 -3.673302263639770856e-03 -1.055455221277631743e-02
4.929811097592260580e+02 -3.671357123131183293e-03 -1.043398737158676183e-02
4.930123374610485030e+02 -3.667272707875640983e-03 -1.016118348739743910e-02
4.930279728253194094e+02 -3.664206115026736980e-03 -1.002263215466576637e-02
4.930436261627797307e+02 -3.660769964125137280e-03 -9.891535754464652122e-03
4.930750506802600057e+02 -3.655003601160722749e-03 -9.635367424528629848e-03
4.930908279212940215e+02 -3.651954706663701304e-03 -9.519022143917576020e-03
4.931066305116090120e+02 -3.654293267339699721e-03 -9.408390715444948926e-03
4.931223853931773533e+02 -3.655511643992186144e-03 -9.302287951440888977e-03
4.931538060299981225e+02 -3.660573438660702679e-03 -9.092554870091052246e-03
4.931694649455586159e+02 -3.665360595155665088e-03 -8.991615928414379774e-03
4.931851319843639772e+02 -3.670248142847759316e-03 -8.907277916038120261e-03
4.932007786806329932e+02 -3.677279882309267191e-03 -8.843085189829827733e-03
4.932321137173323109e+02 -3.692614164778857105e-03 -8.680871666425572439e-03
4.932478059899018490e+02 -3.701673055489801932e-03 -8.588179007915990384e-03
4.932635126956944305e+02 -3.712133367396452943e-03 -8.489803157490429311e-03
4.932949541259736179e+02 -3.730564855007197436e-03 -8.285678135318910037e-03
4.933107010539825978e+02 -3.741743667297748807e-03 -8.179997272584834528e-03
4.933264499104687957e+02 -3.748381002616042214e-03 -8.074316739990601566e-03
4.933422178878113300e+02 -3.756391509126353473e-03 -7.977203655692773065e-03
4.933737853073209294e+02 -3.773008368735873870e-03 -7.787961171748083132e-03
4.933895503664581952e+02 -3.778599305103590936e-03 -7.771526078894225309e-03
4.934053161418067361e+02 -3.783213803487000572e-03 -7.723494898485508235e-03
4.934210533723214098e+02 -3.790729413713985873e-03 -7.556763766186324650e-03
4.934525053743242893e+02 -3.795876927943966136e-03 -7.571356964394168262e-03
4.934682144946027620e+02 -3.798283217595505371e-03 -7.705538759255391688e-03
4.934839099636797073e+02 -3.800361609422825936e-03 -8.051135966033209218e-03
4.935153059692281658e+02 -3.806427664374253776e-03 -8.320758840260509756e-03
4.935310008481290538e+02 -3.808282630936672339e-03 -8.539309094629745148e-03
4.935467074527919067e+02 -3.808596615055763294e-03 -8.820682177890859857e-03
4.935624292001213576e+02 -3.809361562950949569e-03 -9.008165581451753334e-03
4.935938873503587274e+02 -3.803993256306370096e-03 -9.161888424148008359e-03
4.936096454735487669e+02 -3.802020786208329048e-03 -9.242823512388316509e-03
4.936254258418663312e+02 -3.798593093669334290e-03 -9.374337946315145984e-03
4.936412101006043827e+02 -3.793537149830467949e-03 -9.506283071343228988e-03
4.936727424713244545e+02 -3.786139482823044564e-03 -9.902784687367945093e-03
4.936884856160222625e+02 -3.780939785349720240e-03 -1.004037148492194394e-02
4.937042047704170500e+02 -3.775354194046772870e-03 -1.027877244208429477e-02
4.937355999802089741e+02 -3.765141663215813492e-03 -1.074216517921186380e-02
4.937512931702974015e+02 -3.759879203257195188e-03 -1.087590650753134970e-02
4.937669859888945894e+02 -3.755050837820859359e-03 -1.100096169481143762e-02
4.937826786827840806e+02 -3.750584543123249015e-03 -1.109052282339762982e-02
4.938141089978847731e+02 -3.738100418396330012e-03 -1.118097896973641557e-02
4.938298265644186245e+02 -3.731591701788786620e-03 -1.118671064462363647e-02
4.938455755447196225e+02 -3.724164233809631238e-03 -1.117079649142662529e-02
4.938613358672540699e+02 -3.716965334598233261e-03 -1.114250297197582132e-02
4.938929075032283436e+02 -3.701798827104203771e-03 -1.102120301089015708e-02
4.939086891766215786e+02 -3.695225518905648817e-03 -1.094038334561247411e-02
4.939244602446896693e+02 -3.688546144964503087e-03 -1.084501568635781732e-02
4.939402314676382275e+02 -3.684114476017285970e-03 -1.074489068634978950e-02
4.939716395162196250e+02 -3.675380008538094070e-03 -1.051320485350002235e-02
4.939872540309394253e+02 -3.671595998295630776e-03 -1.038613264837596681e-02
4.940028641302400843e+02 -3.668737662142464162e-03 -1.024982186427298748e-02
4.940341288395666197e+02 -3.663975400205849234e-03 -9.978449731523444596e-03
4.940497939344170959e+02 -3.661669368524455084e-03 -9.846223094474084239e-03
4.940654970403848552e+02 -3.660046234119469603e-03 -9.717921532412698155e-03
4.940812501005675585e+02 -3.656061609616451883e-03 -9.595038230568906160e-03
4.941128235033266378e+02 -3.653980170491100219e-03 -9.373298805525724642e-03
4.941285800361679321e+02 -3.658187339027421398e-03 -9.269570247898031509e-03
4.941442811977377119e+02 -3.660005759043449651e-03 -9.161546492531712910e-03
4.941756275471714162e+02 -3.667259106762245716e-03 -8.959821560595455231e-03
4.941912872981302485e+02 -3.674484076539439280e-03 -8.883357877506461303e-03
4.942069390126608255e+02 -3.680511829889767609e-03 -8.819103711884242539e-03
4.942225994258994888e+02 -3.688913594233924481e-03 -8.740420284636573472e-03
4.942539751077790129e+02 -3.705640078697844311e-03 -8.555875941080719541e-03
4.942696857013878002e+02 -3.713582888963224641e-03 -8.458606178693903882e-03
4.942854047053462523e+02 -3.722763197173666310e-03 -8.360333507865995092e-03
4.943011386965142151e+02 -3.734306486341118156e-03 -8.252503700387223487e-03
4.943326440867712677e+02 -3.753423145837922123e-03 -8.043839804441730787e-03
4.943484196258992256e+02 -3.763568006864207675e-03 -7.947938596724620983e-03
4.943641970585766785e+02 -3.769198517367525203e-03 -7.849116529528792074e-03
4.943957526605694284e+02 -3.783624053941253996e-03 -7.767230619858955798e-03
4.944114962517975869e+02 -3.789461234920633338e-03 -7.677945865948164125e-03
4.944272381738632589e+02 -3.791357095502324772e-03 -7.523280916879560368e-03
4.944429676328097116e+02 -3.796702369388399098e-03 -7.516677483519904925e-03
4.944743863991923263e+02 -3.802840386305605599e-03 -7.765313354363753001e-03
4.944900802615763951e+02 -3.805513883800607303e-03 -8.178516646848483021e-03
4.945057771652695351e+02 -3.807100057889817400e-03 -8.383942628692865259e-03
4.945214715836876849e+02 -3.807827151176117371e-03 -8.356104604393354424e-03
4.945528821797164483e+02 -3.809752767156542302e-03 -8.882859842036397099e-03
4.945686075061657903e+02 -3.808731567899364782e-03 -9.048536258339175825e-03
4.945843309131889214e+02 -3.808531550479755945e-03 -9.139916019719192958e-03
4.946000803577767329e+02 -3.807521245567962141e-03 -9.165517537980278143e-03
4.946316315043132477e+02 -3.799568126086792178e-03 -9.398508887534235204e-03
4.946474227790602072e+02 -3.795958518499099443e-03 -9.549341942261695138e-03
4.946631815025290848e+02 -3.790971907171645280e-03 -9.757236368649729527e-03
4.946946646965337209e+02 -3.781780358365047483e-03 -1.009238916945861403e-02
4.947103811125233506e+02 -3.778038027663612342e-03 -1.035064158273695661e-02
4.947260800216503753e+02 -3.772982118279213058e-03 -1.059631932480776043e-02
4.947417710789707144e+02 -3.767378200021567498e-03 -1.076982752922144362e-02
4.947731516984519544e+02 -3.755869370690769968e-03 -1.101861417084242303e-02
4.947888455151312428e+02 -3.750016169777622196e-03 -1.109437791462336391e-02
4.948045597854285802e+02 -3.744144987454464148e-03 -1.114321941021346150e-02
4.948202873493869447e+02 -3.738138821496001223e-03 -1.117603562923129117e-02
4.948517683111981569e+02 -3.724526411378560262e-03 -1.115482887026158360e-02
4.948675307082860400e+02 -3.716587325711233087e-03 -1.112186430205200360e-02
4.948833262636510426e+02 -3.709164173470079484e-03 -1.106458184256672340e-02
4.949148823277487850e+02 -3.694622336277415906e-03 -1.090527779278633626e-02
4.949306533991392030e+02 -3.688440637909573983e-03 -1.080972009794980634e-02
4.949464228072684477e+02 -3.683652671711962895e-03 -1.070309892259403012e-02
4.949621446348635914e+02 -3.680018822399403530e-03 -1.058627891307560923e-02
4.949933998241358495e+02 -3.673020281251331183e-03 -1.033746583905121273e-02
4.950090119992134419e+02 -3.671569925720439501e-03 -1.020295162112066015e-02
4.950246370822387121e+02 -3.668418263920465022e-03 -1.006292269878587484e-02
4.950402837796341942e+02 -3.664877351835442703e-03 -9.932368714879539692e-03
4.950716824390912620e+02 -3.657270089690338715e-03 -9.675159024175030917e-03
4.950874513241420800e+02 -3.658054209610689042e-03 -9.556308315484134813e-03
4.951032543738801337e+02 -3.657372813303770565e-03 -9.445407691302804346e-03
4.951347515962656303e+02 -3.658973028732663210e-03 -9.234598275513306725e-03
4.951504590738230718e+02 -3.662665158681160070e-03 -9.126700300057046661e-03
4.951661161444758363e+02 -3.664410320003975464e-03 -9.025721015072729961e-03
4.951817848091289989e+02 -3.670122252357428411e-03 -8.930529285895320857e-03
4.952130905495134243e+02 -3.683616881195991843e-03 -8.794595157642502020e-03
4.952287570909676333e+02 -3.693355041183223227e-03 -8.711256914745293956e-03
4.952444448455351562e+02 -3.702402183118674341e-03 -8.621768539147754359e-03
4.952601487964431612e+02 -3.709977479895330658e-03 -8.524691414158895586e-03
4.952915803692422401e+02 -3.729206742214627533e-03 -8.326098882190897249e-03
4.953073232130364545e+02 -3.739108895726743747e-03 -8.220633092772357264e-03
4.953230785766867825e+02 -3.747651006601941063e-03 -8.114600289983411874e-03
4.953546172955176985e+02 -3.764272350856676108e-03 -7.919311609321881204e-03
4.953704020391661516e+02 -3.773807469311227583e-03 -7.819486456082236706e-03
4.953861747458596483e+02 -3.780034432449422017e-03 -7.757208428048853119e-03
4.954019451836778103e+02 -3.786902891880121382e-03 -7.759433354858939584e-03
4.954334169301853876e+02 -3.795540592673847958e-03 -7.503779828677687586e-03
4.954491380979465021e+02 -3.799554547562147225e-03 -7.530615680870298562e-03
4.954648518387477907e+02 -3.801104181666535575e-03 -7.624509249381733814e-03
4.954805482179444880e+02 -3.805125003196537566e-03 -7.843362536489765363e-03
4.955119449862019110e+02 -3.811276003656733930e-03 -8.341860417936868694e-03
4.955276402251316199e+02 -3.811914471785407196e-03 -8.392528056316479051e-03
4.955433383164492511e+02 -3.812611885102802720e-03 -8.703529113751440338e-03
4.955747795664769342e+02 -3.810519863154131562e-03 -9.086732367018748868e-03
4.955905131643245340e+02 -3.810072194902263017e-03 -9.139420172962920558e-03
4.956062717212970483e+02 -3.806124726915823247e-03 -9.180793372725346707e-03
4.956220368049430931e+02 -3.803993071776328675e-03 -9.303818034935226744e-03
4.956536204409865718e+02 -3.795186162734989418e-03 -9.598400711180404485e-03
4.956693717357111950e+02 -3.791598639500517835e-03 -9.801164081388234056e-03
4.956851117835015543e+02 -3.787117490239912034e-03 -9.956587013922907348e-03
4.957008372744635381e+02 -3.782000471270364518e-03 -1.015918245438669071e-02
4.957322402867155802e+02 -3.771569028116685852e-03 -1.064610562527452085e-02
4.957479336722935841e+02 -3.767863801952547973e-03 -1.080112986164283653e-02
4.957636262109535892e+02 -3.763523310353233953e-03 -1.093363180609873211e-02
4.957950186027482573e+02 -3.751514110002226576e-03 -1.110048879641589888e-02
4.958107387157854191e+02 -3.747072246943828830e-03 -1.114848391867564667e-02
4.958264593527605371e+02 -3.737719564081201911e-03 -1.117009633242769563e-02
4.958421996245590435e+02 -3.731360090108770677e-03 -1.116165633586699464e-02
4.958737365097336465e+02 -3.716372646056734057e-03 -1.110314997735866935e-02
4.958895254035094808e+02 -3.708087666724560645e-03 -1.103631512013556262e-02
4.959053146174690028e+02 -3.700307515843418663e-03 -1.096114629894966858e-02
4.959210767893142133e+02 -3.696602877606333312e-03 -1.087087165730015945e-02
4.959526042723305181e+02 -3.684714010646934681e-03 -1.066100125128619132e-02
4.959682982383613421e+02 -3.679873225124497774e-03 -1.054740733075249307e-02
4.959839262595040168e+02 -3.676416534736764042e-03 -1.042625350163915894e-02
4.960151529435605084e+02 -3.672656249343308858e-03 -1.015437909611033827e-02
4.960307859145222551e+02 -3.670715890203332232e-03 -1.001906669830678748e-02
4.960464425041637924e+02 -3.666787223163546581e-03 -9.887416607006149771e-03
4.960621281600898556e+02 -3.664699748492111601e-03 -9.759164394993226355e-03
4.960936505284882969e+02 -3.657139763058683303e-03 -9.519058585565195671e-03
4.961094476007132812e+02 -3.657863582658209354e-03 -9.409591570931749929e-03
4.961252079516439153e+02 -3.659540450337493180e-03 -9.304707633663282171e-03
4.961409150433648279e+02 -3.661310681053285901e-03 -9.198309104747030493e-03
4.961722706328439472e+02 -3.669975878289862947e-03 -8.992091924862317606e-03
4.961879347482571347e+02 -3.673643259331473270e-03 -8.903981381674931292e-03
4.962035760809042131e+02 -3.679245609604327779e-03 -8.838686086872377459e-03
4.962349097557461732e+02 -3.696408160102456018e-03 -8.682687861683592231e-03
4.962506027282191212e+02 -3.703685294169040652e-03 -8.588514156102178276e-03
4.962663115151683542e+02 -3.713127675356980937e-03 -8.493063556842856895e-03
4.962820283592886312e+02 -3.724545580264445981e-03 -8.396931081074547956e-03
4.963135097095725996e+02 -3.744173154572517058e-03 -8.187749564164133187e-03
4.963292572820424766e+02 -3.752737069172690492e-03 -8.082798378398498712e-03
4.963450329706790853e+02 -3.761107458076951883e-03 -7.984832250135262197e-03
4.963608100527073930e+02 -3.770503475010276474e-03 -7.889317052062383775e-03
4.963923631664706591e+02 -3.784327063604942584e-03 -7.750140105445200295e-03
4.964081185830323761e+02 -3.789637124527940690e-03 -7.737161624182625069e-03
4.964238576350492735e+02 -3.794867115995794078e-03 -7.576619346652157215e-03
4.964553066788728302e+02 -3.800885735477993552e-03 -7.546783283780619279e-03
4.964710103837371094e+02 -3.804741964827646969e-03 -7.660501885736710655e-03
4.964867052035735924e+02 -3.807072640169676270e-03 -7.939822545012213337e-03
4.965024038477488943e+02 -3.809132359820470957e-03 -8.347422463955863486e-03
4.965337965836494618e+02 -3.813408779232397693e-03 -8.478291963384839564e-03
4.965495052334230763e+02 -3.815393787272253721e-03 -8.750733312550896745e-03
4.965652317801983600e+02 -3.813299869427646226e-03 -8.982379269815342349e-03
4.965809478787163584e+02 -3.813127831217803278e-03 -9.111330234036195755e-03
4.966124535396584747e+02 -3.807744991376936766e-03 -9.205262722566869699e-03
4.966282415240901855e+02 -3.805864446246324997e-03 -9.331162452703566090e-03
4.966440257881936304e+02 -3.801085276680265124e-03 -9.459675460903854000e-03
4.966755483560199309e+02 -3.791266746995951807e-03 -9.840939074853925078e-03
4.966912880030276369e+02 -3.788360987611601172e-03 -9.996499395164738441e-03
4.967070091543103558e+02 -3.782846584584944553e-03 -1.023040453671955098e-02
4.967227069740760612e+02 -3.778274015481176539e-03 -1.048218284371845062e-02
4.967540895569831605e+02 -3.767085140030523947e-03 -1.083202733014947301e-02
4.967697810421651639e+02 -3.761298870051979406e-03 -1.095431663255151677e-02
4.967854745758659760e+02 -3.756066259254584559e-03 -1.104410394690257674e-02
4.968011833037245424e+02 -3.751706051422224603e-03 -1.110269016891775144e-02
4.968326325661309966e+02 -3.738370202212341897e-03 -1.115837150424119420e-02
4.968483843822942276e+02 -3.732334601083577789e-03 -1.114782151346396799e-02
4.968641442604189820e+02 -3.722655968119545529e-03 -1.112335674529039281e-02
4.968957256007230967e+02 -3.708983620679858970e-03 -1.100795137493205088e-02
4.969114940875268758e+02 -3.702302445357951669e-03 -1.092811578709344637e-02
4.969272601334064916e+02 -3.693750550630935364e-03 -1.083510461803453319e-02
4.969430336679824904e+02 -3.689816138555127717e-03 -1.073589204602566106e-02
4.969744462933536511e+02 -3.681233057984722827e-03 -1.050684717968137019e-02
4.969900602259534139e+02 -3.677383429973370924e-03 -1.037958287605966930e-02
4.970056683860553335e+02 -3.674915490813270187e-03 -1.024538048509605545e-02
4.970212880673008158e+02 -3.672502728700090084e-03 -1.010648356914812564e-02
4.970525913849367043e+02 -3.665724279254680557e-03 -9.843674952016800636e-03
4.970682961685902228e+02 -3.662934708458542767e-03 -9.716384286665156675e-03
4.970840569669038018e+02 -3.661041321095707176e-03 -9.594865398157268604e-03
4.971156214756245504e+02 -3.658649903766255772e-03 -9.374615951310522749e-03
4.971313747829065051e+02 -3.662934359643662142e-03 -9.271472519690423728e-03
4.971470816723241910e+02 -3.663372796764691360e-03 -9.161984140157088813e-03
4.971627480879690779e+02 -3.666392764959339884e-03 -9.060805251493525558e-03
4.971940663435877354e+02 -3.676709561264737604e-03 -8.878482373060580732e-03
4.972097155113297617e+02 -3.684650909552559389e-03 -8.815415537727699230e-03
4.972253783061330523e+02 -3.691688185146262732e-03 -8.740820095772771497e-03
4.972410581118463142e+02 -3.700241009460626240e-03 -8.653569488910691290e-03
4.972724662860793501e+02 -3.717033952620991868e-03 -8.461565353359280089e-03
4.972881845548649267e+02 -3.725937452921935979e-03 -8.363178124266150079e-03
4.973039224957512943e+02 -3.736211465975168306e-03 -8.259744925726482737e-03
4.973354376595180497e+02 -3.757783424006733587e-03 -8.052170520189947528e-03
4.973512133166427134e+02 -3.766405996794650740e-03 -7.955473978150748998e-03
4.973669943736895789e+02 -3.773288503148614862e-03 -7.858495532907905368e-03
4.973827755972907312e+02 -3.780499509968025806e-03 -7.764654311260167988e-03
4.974142804398828162e+02 -3.792062329216781998e-03 -7.701744892010134978e-03
4.974300212731548640e+02 -3.796787127502145379e-03 -7.535091180512580415e-03
4.974457469039211901e+02 -3.800466096688527584e-03 -7.496604917453737575e-03
4.974614618539646926e+02 -3.805207430911356631e-03 -7.564382840060759373e-03
4.974928597692279482e+02 -3.811455520699741622e-03 -8.044413848530124894e-03
4.975085552930754034e+02 -3.813221654106198778e-03 -8.364971811639611982e-03
4.975242483472812864e+02 -3.814509065552255246e-03 -8.325561276684758857e-03
4.975556645661500283e+02 -3.815102599483100217e-03 -8.828031693956213746e-03
4.975713888870787969e+02 -3.815168444459136887e-03 -9.028455366858440662e-03
4.975871145310316592e+02 -3.814876321620831560e-03 -9.110483060890016069e-03
4.976028683971260875e+02 -3.810906900350276294e-03 -9.131568624539340012e-03
4.976344232401764884e+02 -3.804717003582875311e-03 -9.351331680794251755e-03
4.976502169233150425e+02 -3.802445357054850313e-03 -9.496521709196599839e-03
4.976659698092475992e+02 -3.795773321686578532e-03 -9.690735574629748966e-03
4.976817138547080503e+02 -3.791820725275869310e-03 -9.873631860445949635e-03
4.977131609383392288e+02 -3.782439595037466636e-03 -1.030003179078012310e-02
4.977288551352526724e+02 -3.779046279205026601e-03 -1.053763674216514831e-02
4.977445484867840833e+02 -3.774173463777619197e-03 -1.072066019152738761e-02
4.977602418642246676e+02 -3.768322926875232980e-03 -1.086457416720854399e-02
4.977916250721208939e+02 -3.757080851839693716e-03 -1.105379363281214743e-02
4.978073432128359173e+02 -3.750779552411559730e-03 -1.110980386565567531e-02
4.978230682283708006e+02 -3.743700473039029367e-03 -1.114835455238374386e-02
4.978545593762464705e+02 -3.728544769426438664e-03 -1.113765428509785535e-02
4.978703240952653459e+02 -3.722723594617173472e-03 -1.110792059461530000e-02
4.978861191626370442e+02 -3.714397606120703032e-03 -1.105149092855162857e-02
4.979019119767595498e+02 -3.708187643187645446e-03 -1.098104020728837144e-02
4.979334325323180224e+02 -3.693989624288424728e-03 -1.080364638059131722e-02
4.979492031278119271e+02 -3.689449019391765564e-03 -1.069765174319817387e-02
4.979649254991406337e+02 -3.683503285311237607e-03 -1.058221719817453894e-02
4.979805738515434541e+02 -3.680697709531229479e-03 -1.046681743151739626e-02
4.980117975744089449e+02 -3.675863835344506808e-03 -1.020012610339803699e-02
4.980274224024549312e+02 -3.673356526575045303e-03 -1.006162652347394708e-02
4.980430643293370849e+02 -3.670206124525318518e-03 -9.932286043249810223e-03
4.980744627104397750e+02 -3.663033868298859463e-03 -9.676864670117479167e-03
4.980902340701691173e+02 -3.659498168167381674e-03 -9.559092661505796257e-03
4.981060376700095844e+02 -3.660272867829919476e-03 -9.448450233524117309e-03
4.981217938066166084e+02 -3.660725756002575302e-03 -9.341855430081298303e-03
4.981532288589979771e+02 -3.664303371552742397e-03 -9.131230687241089286e-03
4.981688868753710153e+02 -3.667347243522876832e-03 -9.027999811606941469e-03
4.981845479104084689e+02 -3.671891918711757321e-03 -8.930580917380474132e-03
4.982001871847504049e+02 -3.678701353586197580e-03 -8.856013091756131592e-03
4.982315104749856687e+02 -3.692720255084762804e-03 -8.713112893804303427e-03
4.982471977763786413e+02 -3.702176022550637303e-03 -8.622568299209081716e-03
4.982629028561538007e+02 -3.712383131092112081e-03 -8.528530256935694387e-03
4.982943402618853384e+02 -3.730693275607352248e-03 -8.332340889638460701e-03
4.983100868481080852e+02 -3.742216794416993592e-03 -8.230495801300308223e-03
4.983258404934605892e+02 -3.749798060122434308e-03 -8.125099459049449704e-03
4.983416101436353074e+02 -3.758464384978071112e-03 -8.024653386350319439e-03
4.983731786552937137e+02 -3.776093649206896039e-03 -7.829791936401946442e-03
4.983889426801111426e+02 -3.782387911825276210e-03 -7.743166767585739872e-03
4.984047070395309333e+02 -3.787955478683654315e-03 -7.737147918511665806e-03
4.984204430573054196e+02 -3.795724994385328739e-03 -7.660350056199579510e-03
4.984518937185305845e+02 -3.802486252244225828e-03 -7.504702784259179547e-03
4.984676035042407989e+02 -3.804822747652809260e-03 -7.588548127522401140e-03
4.984832990193764317e+02 -3.807428027676207534e-03 -7.764955799208968570e-03
4.985146959433737379e+02 -3.814766061383014807e-03 -8.345087561651604730e-03
4.985303913749286835e+02 -3.816620390004216590e-03 -8.350691845873128849e-03
4.985460974268717109e+02 -3.817116067408165593e-03 -8.613390974783851142e-03
4.985618190987913749e+02 -3.818745821809331215e-03 -8.893915232748706226e-03
4.985932767769854763e+02 -3.813715103710319052e-03 -9.109252878405006693e-03
4.986090349019901282e+02 -3.811872685510512507e-03 -9.145556328247267039e-03
4.986248127292917047e+02 -3.808402286633298921e-03 -9.254723326352784496e-03
4.986405982767936962e+02 -3.803630769109910426e-03 -9.373147890450975184e-03
4.986721325705326535e+02 -3.796967632115063034e-03 -9.729672633878184290e-03
4.986878759151706504e+02 -3.791566356111235672e-03 -9.912095008403714463e-03
4.987035965227248084e+02 -3.786279333071159228e-03 -1.011950470290876210e-02
4.987349927701781098e+02 -3.776110861297932338e-03 -1.058733373941691397e-02
4.987506857606608150e+02 -3.771197251472298718e-03 -1.076217177503259285e-02
4.987663784247268950e+02 -3.766699081416613557e-03 -1.089713517302973861e-02
4.987820707471494757e+02 -3.762258335811792965e-03 -1.099559958457481910e-02
4.988134991319356573e+02 -3.750112074242903382e-03 -1.112444736592754606e-02
4.988292171184563131e+02 -3.742924136946732070e-03 -1.115141938791645165e-02
4.988449646299264373e+02 -3.735500510467312622e-03 -1.115002422521477708e-02
4.988607254558549471e+02 -3.728598079421272145e-03 -1.113471118048314605e-02
4.988922954661917402e+02 -3.712960695046761423e-03 -1.103499085547153709e-02
4.989080763750040433e+02 -3.705864679488901463e-03 -1.096071416481532966e-02
4.989238340729984884e+02 -3.699398184456082796e-03 -1.087151193811803154e-02
4.989553627609822115e+02 -3.687480350057848084e-03 -1.066423417289116653e-02
4.989710562872628543e+02 -3.684008304536704782e-03 -1.055196616707335458e-02
4.989866877789822297e+02 -3.679665078129824157e-03 -1.042958015529508314e-02
4.990022977121077474e+02 -3.676313643780720637e-03 -1.029592160945026758e-02
4.990335432249004270e+02 -3.672644596282897706e-03 -1.002560498343036711e-02
4.990491944982110795e+02 -3.669806361194719382e-03 -9.893394463432611530e-03
4.990648833855308908e+02 -3.667310247262622717e-03 -9.765560513354646505e-03
4.990806253390596225e+02 -3.662085806252484733e-03 -9.641991640804871769e-03
4.991121988734118986e+02 -3.658214122652927655e-03 -9.418819072115855104e-03
4.991279588083561976e+02 -3.661303296038081502e-03 -9.314076773057301459e-03
4.991436632198259531e+02 -3.662523021978828907e-03 -9.205772985623323496e-03
4.991750141871689266e+02 -3.668103875564305335e-03 -8.998820653757065233e-03
4.991906685454177932e+02 -3.674004775107010071e-03 -8.906703095305504997e-03
4.992063103482769293e+02 -3.679176675929451881e-03 -8.837475500916089008e-03
4.992219644863714052e+02 -3.687699962164625762e-03 -8.772229857002850073e-03
4.992533321938526569e+02 -3.703971827764235107e-03 -8.595212392392553857e-03
4.992690417598918202e+02 -3.711657994703703237e-03 -8.501864620718873472e-03
4.992847584397056835e+02 -3.721340276795315899e-03 -8.407079442003055278e-03
4.993004905587966960e+02 -3.733379457460390960e-03 -8.304208749215575419e-03
4.993319999183307232e+02 -3.752935863842871145e-03 -8.097906768880653791e-03
4.993477791850332324e+02 -3.763222970140567801e-03 -7.999248492773168226e-03
4.993635570769220635e+02 -3.769867227783734679e-03 -7.903356583412006475e-03
4.993951080485130092e+02 -3.785459921363475665e-03 -7.729862050705765646e-03
4.994108513979626309e+02 -3.792064128487522643e-03 -7.732995707134364405e-03
4.994265921996325801e+02 -3.794401267920741345e-03 -7.615711291506540095e-03
4.994423211271090963e+02 -3.800540220739614776e-03 -7.490989928654885610e-03
4.994737392742404154e+02 -3.806976328789814061e-03 -7.623417078257131198e-03
4.994894333757839604e+02 -3.809963247907720372e-03 -7.841760953261891001e-03
4.995051311426586835e+02 -3.811953916244798218e-03 -8.237428211245871254e-03
4.995208264991141505e+02 -3.813142381671216601e-03 -8.344926262739697093e-03
4.995522371518766249e+02 -3.816313052938394984e-03 -8.710146116643025307e-03
4.995679627256706681e+02 -3.815087430276539650e-03 -8.943691435069045167e-03
4.995836855388101867e+02 -3.815367204153648478e-03 -9.085385890160285402e-03
4.996151921314617539e+02 -3.809382205081284899e-03 -9.168060278785561054e-03
4.996309851647847609e+02 -3.807496593314822243e-03 -9.279302492157035301e-03
4.996467747790961198e+02 -3.803795909446703715e-03 -9.405040304065987594e-03
4.996625363109585010e+02 -3.799386994378013607e-03 -9.573993465236978542e-03
4.996940216970208439e+02 -3.790329443157363504e-03 -9.968269633138888627e-03
4.997097391669279887e+02 -3.786706262161891514e-03 -1.019209788652885446e-02
4.997254384169260106e+02 -3.781412764811798149e-03 -1.042998084863423075e-02
4.997411278646208643e+02 -3.776214161662120716e-03 -1.063990645192051422e-02
4.997725087271851976e+02 -3.764687925935599963e-03 -1.092961883385955117e-02
4.997882022497065009e+02 -3.758924509632820179e-03 -1.101938785193243807e-02
4.998039154785040523e+02 -3.753385305705224297e-03 -1.108684583168735062e-02
4.998353697969677683e+02 -3.741384410249090717e-03 -1.115562728500974973e-02
4.998511226937847027e+02 -3.734383356833848901e-03 -1.115208893097649825e-02
4.998668846558272207e+02 -3.725612190001077045e-03 -1.113034194246020729e-02
4.998826803062236195e+02 -3.718476145271573489e-03 -1.108538443015793379e-02
4.999142308874890546e+02 -3.703575889760502872e-03 -1.093902714878394224e-02
4.999299903150399018e+02 -3.696357807098971365e-03 -1.084727766036102693e-02
4.999457640535883911e+02 -3.691135538239230865e-03 -1.074687835417995931e-02
4.999615058806792263e+02 -3.687746029486005210e-03 -1.063138106290123334e-02
4.999927988074047107e+02 -3.678703047954255331e-03 -1.038852288739952785e-02
