3.000147269259129530e+02 -5.438288917311450213e-03 -9.157175395189348296e-03
3.000308040135623173e+02 -5.431805358010993734e-03 -9.070026383048806345e-03
3.000469164460833440e+02 -5.421478071843619136e-03 -8.979289719243752771e-03
3.000630610047435880e+02 -5.413611388615642735e-03 -8.889248936615818525e-03
3.000954945961665885e+02 -5.389635211733056694e-03 -8.719266232750879156e-03
3.001118045229100062e+02 -5.376542902982308497e-03 -8.643815722672103588e-03
3.001281569250690495e+02 -5.359003099474610177e-03 -8.575060655752203206e-03
3.001444559887340802e+02 -5.344892842964172816e-03 -8.520557049801423186e-03
3.001606798980811845e+02 -5.327430027115809784e-03 -8.558571528263681991e-03
3.001929777511092539e+02 -5.293485848725801995e-03 -8.732662844972415364e-03
3.002090615017806385e+02 -5.274356606295094868e-03 -8.914237479603261821e-03
3.002251140244063663e+02 -5.254042715263571028e-03 -9.032036516001878609e-03
3.002411407510139725e+02 -5.237392041911576208e-03 -9.130337040164169388e-03
3.002731853319329502e+02 -5.199353043831472614e-03 -9.383972464370679903e-03
3.002892309285113015e+02 -5.181765105118312127e-03 -9.549273688827230114e-03
3.003053167890192299e+02 -5.158640475464231281e-03 -9.707333633376766246e-03
3.003214437190239892e+02 -5.136930599227647158e-03 -9.852601718645527529e-03
3.003538881430135916e+02 -5.098739825806502743e-03 -1.017950848793921191e-02
3.003702293982889273e+02 -5.080250811479033839e-03 -1.034373660036287841e-02
3.003865427933681644e+02 -5.064905750484710589e-03 -1.051230206627178955e-02
3.004027802416090935e+02 -5.049969270316481511e-03 -1.067254084831867171e-02
3.004350589972102625e+02 -5.024603580091399277e-03 -1.098748109195028626e-02
3.004511240568082258e+02 -5.012048943974134821e-03 -1.113187301408681724e-02
3.004671708550621929e+02 -5.002327813626568018e-03 -1.126327653831708450e-02
3.004831887414319453e+02 -4.990847302739993309e-03 -1.138542128720162680e-02
3.005152511838178953e+02 -4.969619951928905266e-03 -1.157340994382135592e-02
3.005313076295573751e+02 -4.959795178144051943e-03 -1.165135911384928419e-02
3.005474026136285488e+02 -4.948453449421789940e-03 -1.170009995950648668e-02
3.005635446800465047e+02 -4.940240547584073827e-03 -1.173859667944643012e-02
3.005960026205833060e+02 -4.930813704383357234e-03 -1.175565393012702013e-02
3.006122421566200273e+02 -4.940678063236374901e-03 -1.173305903353210645e-02
3.006284759720119837e+02 -4.952242472804516821e-03 -1.169190922812725006e-02
3.006446345587644942e+02 -4.971855277370850965e-03 -1.163583241709678813e-02
3.006607174282871142e+02 -4.995106553084117593e-03 -1.156747161456797221e-02
3.006929965171759704e+02 -5.047464496668596645e-03 -1.140585336864892961e-02
3.007092333650061278e+02 -5.073074392057538677e-03 -1.131401534994263061e-02
3.007254309538985808e+02 -5.098443444671179464e-03 -1.121418432002662356e-02
3.007415524545850758e+02 -5.116868823323549205e-03 -1.110552130492825119e-02
3.007735211990524249e+02 -5.147476955848702927e-03 -1.087516946542169474e-02
3.007894734207428655e+02 -5.162968731428496313e-03 -1.075529112380393428e-02
3.008054457725675093e+02 -5.169066979397131043e-03 -1.063416384913634660e-02
3.008214435221312897e+02 -5.173870981355000419e-03 -1.051595466144515829e-02
3.008537450606636980e+02 -5.179001544017921774e-03 -1.028708083947355023e-02
3.008700698197726524e+02 -5.176264821047388796e-03 -1.020481060667031807e-02
3.008863545860190243e+02 -5.171836924428726244e-03 -1.022796975503066294e-02
3.009025576580411894e+02 -5.167432574311820771e-03 -1.004974297746446567e-02
3.009347918761221763e+02 -5.153879545410723628e-03 -9.960174084223621591e-03
3.009508488424875736e+02 -5.144007607682848406e-03 -9.878682242495372481e-03
3.009668912381020505e+02 -5.134868288778602491e-03 -9.804002086404339442e-03
3.009829197902312217e+02 -5.124023479572494683e-03 -9.725484341985753470e-03
3.010150099877992602e+02 -5.098475877360146222e-03 -9.569788902963026478e-03
3.010310797656272257e+02 -5.085475731732660466e-03 -9.493493938597575080e-03
3.010471880494819175e+02 -5.070608735958231743e-03 -9.416244041327346756e-03
3.010633359737364003e+02 -5.058656898937758349e-03 -9.337568247634091267e-03
3.010957866140678902e+02 -5.031516388135921607e-03 -9.172830605262695738e-03
3.011121107073925032e+02 -5.019000405655804110e-03 -9.086457362409457519e-03
3.011284567619939025e+02 -5.001844660946882376e-03 -9.003600947405604113e-03
3.011447337732746519e+02 -4.988610186498139074e-03 -8.922115271341218151e-03
3.011609441801235221e+02 -4.971354546448563359e-03 -8.849814348500482930e-03
3.011932325821611016e+02 -4.937104776267308565e-03 -8.723329555510616826e-03
3.012093334137666147e+02 -4.917039472432618852e-03 -8.669662736296298092e-03
3.012254058308182039e+02 -4.897007859972538589e-03 -8.623466723538870948e-03
3.012414756290791615e+02 -4.878889924617339259e-03 -8.585225662480528916e-03
3.012736292491882750e+02 -4.841780448248849018e-03 -8.537922195743809922e-03
3.012897401602378977e+02 -4.825086428600008914e-03 -8.530703854316210380e-03
3.013058761123453451e+02 -4.805184526976460403e-03 -8.531798110589751058e-03
3.013220554860957918e+02 -4.785197097453082644e-03 -8.540693679474332944e-03
3.013545563928335582e+02 -4.747677281349878785e-03 -8.573444366555087875e-03
3.013709037468598808e+02 -4.729177363895982998e-03 -8.594067649333120631e-03
3.013872299905379464e+02 -4.709664930882316233e-03 -8.629423343171621977e-03
3.014034960992477181e+02 -4.688319971767134463e-03 -8.656682828610788236e-03
3.014358493656690712e+02 -4.649318383025755584e-03 -8.711606199669787859e-03
3.014519604395583201e+02 -4.629457628400879092e-03 -8.732118106434564805e-03
3.014680496910988268e+02 -4.611169665618215958e-03 -8.750067380466275066e-03
3.014841137440494094e+02 -4.591309167061260674e-03 -8.768908056721775451e-03
3.015001742070654700e+02 -4.572197679556017427e-03 -8.783645171217211930e-03
3.015323235438100369e+02 -4.537074740745833043e-03 -8.793576116048010607e-03
3.015484426282603181e+02 -4.519241866920337830e-03 -8.788865311126872401e-03
3.015645859086961309e+02 -4.507735313231269608e-03 -8.778186444572708830e-03
3.015808167897678800e+02 -4.497393100341711206e-03 -8.761837978502433344e-03
3.016133864428931020e+02 -4.496399725818340208e-03 -8.710790630602663343e-03
3.016296788421500423e+02 -4.498968353766188109e-03 -8.675078808187604643e-03
3.016459374476175981e+02 -4.508144693681929126e-03 -8.637475400247965340e-03
3.016622029441963946e+02 -4.517735331516860992e-03 -8.592982715288370946e-03
3.016947420383423832e+02 -4.544454961424665429e-03 -8.493686116489875329e-03
3.017109093071635471e+02 -4.556317528025124325e-03 -8.440942681512436652e-03
3.017269877609917899e+02 -4.565234662642591451e-03 -8.383975868874316353e-03
3.017430162505570479e+02 -4.580558824208548832e-03 -8.325818593118747279e-03
3.017749142048456292e+02 -4.613522504961125974e-03 -8.214542917804060207e-03
3.017908791787480709e+02 -4.632023638771214612e-03 -8.162083196006945582e-03
3.018068875614249578e+02 -4.644195136354508681e-03 -8.110753477214944704e-03
3.018229471940539383e+02 -4.658652120072782551e-03 -8.065288782829332925e-03
3.018553016548187315e+02 -4.689520073188616599e-03 -7.999983883597771780e-03
3.018716175805814714e+02 -4.706598898637899542e-03 -7.955265740917944611e-03
3.018878637785315959e+02 -4.719798125265727354e-03 -7.915185250700181030e-03
3.019040443876434665e+02 -4.732775852420356352e-03 -7.858173633504234729e-03
3.019201551466048841e+02 -4.746018947890092224e-03 -7.798685235873425471e-03
3.019522803020167316e+02 -4.761747360892072505e-03 -7.677916132058831659e-03
3.019683171959705419e+02 -4.767455704009042339e-03 -7.617848329775211459e-03
3.019843573715280058e+02 -4.769909208084531504e-03 -7.559003172947473086e-03
3.020004116518332467e+02 -4.769619269651960598e-03 -7.496284581538806453e-03
3.020325561676459643e+02 -4.764527092704840504e-03 -7.360361887234352120e-03
3.020486722181935875e+02 -4.758457627129801873e-03 -7.313746376149615237e-03
3.020648212845836724e+02 -4.754860524016746304e-03 -7.247566291238329884e-03
3.020810184707631834e+02 -4.747197919044553009e-03 -7.186705877189144068e-03
3.021135808806976684e+02 -4.730260046329441172e-03 -7.081339607014289390e-03
3.021299313590450311e+02 -4.716770092162241718e-03 -7.063212512226175674e-03
3.021462130944879618e+02 -4.707906671164050101e-03 -7.193049797349187514e-03
3.021624312408487754e+02 -4.692371172588461620e-03 -7.398776555746446396e-03
3.021947113965672429e+02 -4.665014262152826670e-03 -7.773742116991440125e-03
3.022108008084821904e+02 -4.648676353452604881e-03 -7.921438370695265546e-03
3.022268558059467978e+02 -4.632164862470061761e-03 -8.036905196462320808e-03
3.022429008892007687e+02 -4.616761948184607695e-03 -8.115826474323885320e-03
3.022750009259507920e+02 -4.583051856232089882e-03 -8.316423254123763570e-03
3.022910793128447722e+02 -4.567959949655015991e-03 -8.429741384863211756e-03
3.023071939873188398e+02 -4.548746288820084381e-03 -8.586968378482854811e-03
3.023233528944922455e+02 -4.530457810229376533e-03 -8.763197292561716520e-03
3.023558467180469052e+02 -4.497496224656018747e-03 -9.275949422227453001e-03
3.023722012742762786e+02 -4.484232135527152323e-03 -9.702763936967284675e-03
3.023884971259644203e+02 -4.469492439316736891e-03 -1.019223316742707067e-02
3.024047283390748930e+02 -4.458244209995575712e-03 -1.067225184115745858e-02
3.024208827465296849e+02 -4.446793150774942978e-03 -1.113749644539024052e-02
3.024530447065321823e+02 -4.427271004108489574e-03 -1.195500472815015647e-02
3.024690843969029856e+02 -4.421705541342147924e-03 -1.232369626966805555e-02
3.024851007724097371e+02 -4.413431005824003384e-03 -1.264935550415481787e-02
3.025011250547789246e+02 -4.407368910430272888e-03 -1.290713483601577984e-02
3.025332153017141081e+02 -4.398396616361533590e-03 -1.334686565257690166e-02
3.025493083307305824e+02 -4.394265270904665517e-03 -1.350105573720753946e-02
3.025654478315058213e+02 -4.393045670908475413e-03 -1.360664281093862740e-02
3.025816485903152966e+02 -4.390692971951487902e-03 -1.365307857623423472e-02
3.026142419669157562e+02 -4.387304584407674020e-03 -1.359929252068924933e-02
3.026305738965942851e+02 -4.385305098709578638e-03 -1.351399973512272361e-02
3.026468450523094589e+02 -4.387029927829148336e-03 -1.340018016256511874e-02
3.026630530004639468e+02 -4.385210372395299989e-03 -1.326380107898055515e-02
3.026952573525659318e+02 -4.386821397946513365e-03 -1.295868806863873131e-02
3.027112973559979423e+02 -4.385363382543894760e-03 -1.279909910066893801e-02
3.027273031331754396e+02 -4.382405691814753729e-03 -1.263464082873611526e-02
3.027433181591331390e+02 -4.380692247747390577e-03 -1.246908705980059873e-02
3.027754156170320812e+02 -4.376956098361645640e-03 -1.214826840946975003e-02
3.027915246572665069e+02 -4.379006767196685045e-03 -1.199141261255169330e-02
3.028076312428034385e+02 -4.378363160859238823e-03 -1.184232158025847088e-02
3.028237522159507762e+02 -4.377516798663023435e-03 -1.170189965524591653e-02
3.028561379449583910e+02 -4.376207149372683507e-03 -1.144379606319873184e-02
3.028724648883753616e+02 -4.376145181127135547e-03 -1.133037719421711026e-02
3.028887582127318865e+02 -4.374779533039393521e-03 -1.122893347702086375e-02
3.029049791021574265e+02 -4.375493962229839474e-03 -1.129694492238303948e-02
3.029211254206809940e+02 -4.376406846702059379e-03 -1.113092365479248676e-02
3.029532776376572656e+02 -4.375939426722161643e-03 -1.116348615436137635e-02
3.029693180076516796e+02 -4.377319837682821721e-03 -1.104202111508327359e-02
3.029853416617324910e+02 -4.375312729668392672e-03 -1.096222632670327060e-02
3.030013746144239803e+02 -4.374167494322434534e-03 -1.090754942516800920e-02
3.030334945896152590e+02 -4.371123792436801270e-03 -1.079423286999016927e-02
3.030496092783737367e+02 -4.368503944069183215e-03 -1.073383366642455088e-02
3.030657651643733175e+02 -4.367511728358711154e-03 -1.066445500069244587e-02
3.030819739034862437e+02 -4.365084476893987819e-03 -1.058593412659319943e-02
3.031145625388620601e+02 -4.358372783856409582e-03 -1.041597907434481038e-02
3.031308966510208052e+02 -4.352523779358568636e-03 -1.032380061768146257e-02
3.031471595442149578e+02 -4.348366221624405670e-03 -1.027194865995251401e-02
3.031633713191642983e+02 -4.339497912849027590e-03 -1.029666018409972246e-02
3.031956410013660275e+02 -4.323818613289625787e-03 -1.039609215561666800e-02
3.032117335300245600e+02 -4.313493240746171971e-03 -1.048538853665141081e-02
3.032277969053046149e+02 -4.302543528418697506e-03 -1.054886489434337521e-02
3.032438582898170694e+02 -4.292972982295552124e-03 -1.061173793304116125e-02
3.032760027768960640e+02 -4.271234176122781778e-03 -1.067392945021374343e-02
3.032921136129764932e+02 -4.261294092468246274e-03 -1.070361473427995300e-02
3.033082522636011618e+02 -4.248297429346290129e-03 -1.074558052165099087e-02
3.033244378114897586e+02 -4.235855394495231796e-03 -1.080676769780852288e-02
3.033406728638095160e+02 -4.223652358590624691e-03 -1.089528903842102922e-02
3.033733216194880242e+02 -4.200049807786042887e-03 -1.113780463411069739e-02
3.033896330248202844e+02 -4.184946589215406652e-03 -1.128972260752726491e-02
3.034058748329803734e+02 -4.173348423297332417e-03 -1.145344920264724370e-02
3.034220707512310469e+02 -4.161727409811969564e-03 -1.162688433148317130e-02
3.034542344255324906e+02 -4.154516216815537337e-03 -1.193647030648142641e-02
3.034701515770160540e+02 -4.167352226441213905e-03 -1.205981581371406465e-02
3.034860034042684447e+02 -4.182936744928009848e-03 -1.215722139803451785e-02
3.035019131569013666e+02 -4.213048763009675027e-03 -1.223182603856017188e-02
3.035339732444322749e+02 -4.296847759959646768e-03 -1.230583292420000564e-02
3.035501783741141821e+02 -4.349748812069734009e-03 -1.230635868915050911e-02
3.035664333376885793e+02 -4.405938435408380226e-03 -1.228682279907859949e-02
3.035826986840208406e+02 -4.463746076729270713e-03 -1.223616544536062882e-02
3.036152028029064240e+02 -4.581714255025143116e-03 -1.208497156587026201e-02
3.036314574663383610e+02 -4.644126985724908105e-03 -1.198358293433516089e-02
3.036477184963065952e+02 -4.717805306935182394e-03 -1.186971068444700288e-02
3.036640437805698411e+02 -4.780062473512510304e-03 -1.174801628893815467e-02
3.036803118305717817e+02 -4.841281088410641885e-03 -1.161905045200279860e-02
3.037125050062652463e+02 -4.947678438459078565e-03 -1.135983681512987321e-02
3.037285033037861126e+02 -4.997783636124214501e-03 -1.122993096872322571e-02
3.037444401865363375e+02 -5.048989797607589605e-03 -1.110059805244086560e-02
3.037603516532968797e+02 -5.095963937028599039e-03 -1.097407787730360872e-02
3.037922349337559353e+02 -5.178539301688652591e-03 -1.071995124214066876e-02
3.038082569283738508e+02 -5.211239931579427637e-03 -1.059323953779116832e-02
3.038243350993843706e+02 -5.241726851833766222e-03 -1.047097802002219281e-02
3.038404938421551265e+02 -5.270694543263974852e-03 -1.034927070639391974e-02
3.038730732481802761e+02 -5.314524988720773814e-03 -1.011079574815190209e-02
3.038893280309052898e+02 -5.328839912480201786e-03 -9.997114991094886369e-03
3.039055248357349797e+02 -5.342434439425980917e-03 -9.894657607123151510e-03
3.039216590482759557e+02 -5.352777579732056167e-03 -9.842396340669089944e-03
3.039538136949884688e+02 -5.360173478931365247e-03 -9.678878118062592822e-03
3.039698610333398960e+02 -5.363048346810667458e-03 -9.614445495660694022e-03
3.039859036259404661e+02 -5.358897584353268517e-03 -9.506290606724211376e-03
3.040019541989065033e+02 -5.353495441421590902e-03 -9.410318982520291670e-03
3.040341002777975064e+02 -5.337336734183746600e-03 -9.225148884995567136e-03
3.040502211454225403e+02 -5.326557217830134999e-03 -9.137462854795698475e-03
3.040663767816438394e+02 -5.317067191155610412e-03 -9.052970807297704842e-03
3.040825795171019763e+02 -5.304465509157079740e-03 -8.977596646418738863e-03
3.041151619191222721e+02 -5.275418408178360503e-03 -8.832492800421965634e-03
3.041315087414263871e+02 -5.259427920160150011e-03 -8.766496390996360646e-03
3.041477799033826841e+02 -5.244502744170649426e-03 -8.710203320922820999e-03
3.041639928185720692e+02 -5.224962990806167676e-03 -8.668080847104204373e-03
3.041801479827262256e+02 -5.207072443018880351e-03 -8.908329047648226931e-03
3.042123359791381745e+02 -5.172182198340762212e-03 -9.066171991807155106e-03
3.042283789006847883e+02 -5.154341567227730715e-03 -9.187018157836498999e-03
3.042444094400374297e+02 -5.136729417893027075e-03 -9.291138487475545174e-03
3.042604384414916581e+02 -5.118647159600346434e-03 -9.405118793480745157e-03
3.042925384843484267e+02 -5.083308155174867671e-03 -9.682383561920068771e-03
3.043086425010462222e+02 -5.062033640819270548e-03 -9.785485988150637721e-03
3.043247943321020443e+02 -5.042196530508320958e-03 -9.926586908597873418e-03
3.043410067306004407e+02 -5.024032702118218056e-03 -1.006730928735349515e-02
3.043736480063586782e+02 -4.992370965436529646e-03 -1.036585530610266599e-02
3.043899434797284016e+02 -4.976620951130084590e-03 -1.052601324973898717e-02
3.044061683973741310e+02 -4.965877561130874022e-03 -1.069264104973389334e-02
3.044223256222182385e+02 -4.953668315148969901e-03 -1.086235182322437508e-02
3.044544956421021880e+02 -4.928647293558159961e-03 -1.115945685640410377e-02
3.044705421520829418e+02 -4.919313614582819343e-03 -1.129341183047424986e-02
3.044865719545002776e+02 -4.905963153697561786e-03 -1.140802952070824050e-02
3.045026093921513848e+02 -4.895151107662394988e-03 -1.151482419131134166e-02
3.045347318202134943e+02 -4.874120327586379045e-03 -1.166004963704973633e-02
3.045508461767826702e+02 -4.864607153487143093e-03 -1.169819577731895377e-02
3.045670023845589753e+02 -4.855185957141337251e-03 -1.172314752905657953e-02
3.045832140829335799e+02 -4.855479922399194570e-03 -1.172230874393665086e-02
3.046156017847636122e+02 -4.874788538080892901e-03 -1.165409983164116849e-02
3.046318181639779255e+02 -4.895441130904326817e-03 -1.158885699906665560e-02
3.046479358649264100e+02 -4.922783587286909228e-03 -1.151093695777250826e-02
3.046640412118312611e+02 -4.950257376621161783e-03 -1.142077897398721155e-02
3.046801652712839541e+02 -4.986431065569039284e-03 -1.132310483773483513e-02
3.047126074882479543e+02 -5.061191800649791732e-03 -1.111183098964596723e-02
3.047287830583258597e+02 -5.091987607299729678e-03 -1.099668121137313201e-02
3.047448746090933582e+02 -5.123716193470426693e-03 -1.087598702957247657e-02
3.047608622250817803e+02 -5.150660388216479410e-03 -1.075216144689621588e-02
3.047927481002803916e+02 -5.195152762699783294e-03 -1.050138951487264265e-02
3.048086988560076520e+02 -5.214431685532618793e-03 -1.037663977368711264e-02
3.048247055211352290e+02 -5.228204987575656854e-03 -1.025489969462814802e-02
3.048408070736335276e+02 -5.241714611034725170e-03 -1.013753471205255420e-02
3.048733582683926215e+02 -5.256881091304786355e-03 -1.000761652423018053e-02
3.048896023691588084e+02 -5.260595479445526537e-03 -9.897778920876015504e-03
3.049057860625563308e+02 -5.262306122217870821e-03 -9.841226991029693866e-03
3.049219096279600194e+02 -5.261992318247614084e-03 -9.780937339314354356e-03
3.049540566147332470e+02 -5.249843912417708792e-03 -9.593333337048762927e-03
3.049700980861222206e+02 -5.243985562727029523e-03 -9.511307304417095793e-03
3.049861381460959819e+02 -5.232955880809408988e-03 -9.429564434070057330e-03
3.050021853114427017e+02 -5.221361977974479061e-03 -9.347355228242629557e-03
3.050343222639265264e+02 -5.196247526737487153e-03 -9.176604901034026568e-03
3.050504419289334805e+02 -5.182519881066103770e-03 -9.097003326060804432e-03
3.050666006308223928e+02 -5.170307285818262141e-03 -9.015337094193708392e-03
3.050828097939477175e+02 -5.156771044374875400e-03 -8.932730346362504487e-03
3.051154090549910620e+02 -5.126038971649842478e-03 -8.757546827909789069e-03
3.051317473942484071e+02 -5.109533558703937585e-03 -8.671863233965714998e-03
3.051480106475523257e+02 -5.093503589873644814e-03 -8.587261915465460929e-03
3.051642231837345207e+02 -5.073573556403056933e-03 -8.509087319379798897e-03
3.051803822264411110e+02 -5.054190778158122212e-03 -8.440684126108394941e-03
3.052125970837970499e+02 -5.015369365591372704e-03 -8.339644266364911254e-03
3.052286685774068928e+02 -4.994407807837889651e-03 -8.308761088029796571e-03
3.052447373129650146e+02 -4.974901164815989305e-03 -8.288981256652651342e-03
3.052608077043109915e+02 -4.954925432018309796e-03 -8.282852195421923705e-03
3.052930054932933217e+02 -4.915913462501860648e-03 -8.305431478859242461e-03
3.053091447617541689e+02 -4.895190798098077861e-03 -8.327966343149735204e-03
3.053253303805989844e+02 -4.874776677784388446e-03 -8.353344734679933603e-03
3.053415655582107320e+02 -4.854671916992496332e-03 -8.378707891471924921e-03
3.053742133353755435e+02 -4.815123802895447322e-03 -8.433617649913325437e-03
3.053905275251828471e+02 -4.792148766964956369e-03 -8.466079799367753900e-03
3.054067679797717005e+02 -4.774020886209674568e-03 -8.507333863688288159e-03
3.054229554240905031e+02 -4.752894560688462368e-03 -8.552299453892693581e-03
3.054551960756672884e+02 -4.711222362057863877e-03 -8.651488265821103557e-03
3.054712714954969783e+02 -4.692611464665629069e-03 -8.702773425707051660e-03
3.054873348730050111e+02 -4.671849834526204705e-03 -8.752799555790259645e-03
3.055033962215908332e+02 -4.652646053690861518e-03 -8.798872290195221268e-03
3.055355523529887023e+02 -4.617168712191326366e-03 -8.865250188208745330e-03
3.055516781088480229e+02 -4.600791858714388567e-03 -8.908544874829480570e-03
3.055678412277044345e+02 -4.586089006728777048e-03 -8.948731728459136461e-03
3.055840634324854364e+02 -4.572874758040280062e-03 -8.987038421004430247e-03
3.056003454236845869e+02 -4.558841241273304395e-03 -9.015726331444585268e-03
3.056330098291598460e+02 -4.533800584808420596e-03 -9.051971187868561655e-03
3.056493116881545689e+02 -4.523573743373331991e-03 -9.053152991516422859e-03
3.056655658145951975e+02 -4.514276192982735053e-03 -9.046777066434242426e-03
3.056817562699366704e+02 -4.505085930772079021e-03 -9.028910233710161701e-03
3.057139050719818556e+02 -4.489656042990728887e-03 -8.979612284243715034e-03
3.057299595663997707e+02 -4.483482605322362119e-03 -8.948864272893217522e-03
3.057460228873130177e+02 -4.477986815034977648e-03 -8.914867869300060685e-03
3.057620566894642025e+02 -4.473891516090537299e-03 -8.875099227151708042e-03
3.057941088626618011e+02 -4.465858811906734185e-03 -8.787255197875392179e-03
3.058101453420039206e+02 -4.468394399859064794e-03 -8.741263118103900776e-03
3.058262404240842329e+02 -4.469895895237187104e-03 -8.692738252542117627e-03
3.058424025749206407e+02 -4.473932922396954733e-03 -8.643387976958974428e-03
3.058749725716663761e+02 -4.486758053749404646e-03 -8.572847341701958154e-03
3.058912375056101496e+02 -4.494884970981999871e-03 -8.504540958851161334e-03
3.059074153117097694e+02 -4.506582315305947446e-03 -8.453729887129116799e-03
3.059235203948470598e+02 -4.517004339883041661e-03 -8.379029640855573113e-03
3.059555947966285316e+02 -4.536951675833392726e-03 -8.222404962224380900e-03
3.059715949199175498e+02 -4.547384550863286211e-03 -8.141547032516547461e-03
3.059876151439501086e+02 -4.554593586239323588e-03 -8.055850567877366475e-03
3.060036559325084227e+02 -4.562276404628596779e-03 -7.972193014239594561e-03
3.060358009987615446e+02 -4.569495415225060739e-03 -7.816069940706014962e-03
3.060519229649538602e+02 -4.571256529446578697e-03 -7.737379669271672762e-03
3.060680822613809937e+02 -4.572624768318782687e-03 -7.658560460762626858e-03
3.060842884512288720e+02 -4.573266177051171777e-03 -7.573908365167719703e-03
3.061005496788860114e+02 -4.571781660080096940e-03 -7.491422088840351927e-03
3.061332083663750723e+02 -4.564833705083375277e-03 -7.378212855632180003e-03
3.061494715031105329e+02 -4.558703999781994927e-03 -7.536095640715479403e-03
3.061656805437769435e+02 -4.551585449224919769e-03 -7.572684960867341955e-03
3.061818352456766092e+02 -4.543368464998962832e-03 -7.803570586200629829e-03
3.062140276797439356e+02 -4.523892986779156494e-03 -8.144116801930318880e-03
3.062300809449999974e+02 -4.513686927642602750e-03 -8.280383476239244755e-03
3.062461293862232310e+02 -4.502126592122437411e-03 -8.385497681369091794e-03
3.062621801075500798e+02 -4.490142949225559184e-03 -8.501478382524430347e-03
3.062943352321353245e+02 -4.464690958454326647e-03 -8.743877188576101508e-03
3.063104617260495957e+02 -4.451660419002664675e-03 -8.905605859658966006e-03
3.063266371960366996e+02 -4.438250748720898135e-03 -9.101069559377171145e-03
3.063428692986435635e+02 -4.425277234362790489e-03 -9.313929448937842068e-03
3.063755203025946798e+02 -4.400006107421150676e-03 -9.811119292342114148e-03
3.063918087859884736e+02 -4.387261469390441385e-03 -1.007566613852277707e-02
3.064080152859455097e+02 -4.379168274405180993e-03 -1.033905835061455294e-02
3.064241614546227765e+02 -4.368688669191406193e-03 -1.060486817988524552e-02
3.064402650346170276e+02 -4.357688513442832708e-03 -1.087907790973337806e-02
3.064723609776929152e+02 -4.340587922359822985e-03 -1.137628217270669762e-02
3.064883849876915747e+02 -4.332947151384736531e-03 -1.159329079918062014e-02
3.065044146962683840e+02 -4.326716856132742373e-03 -1.178136712176355155e-02
3.065204564554229592e+02 -4.321782850267455109e-03 -1.194166183184430276e-02
3.065526217990933446e+02 -4.314517347094888773e-03 -1.219408706686129183e-02
3.065687801301618833e+02 -4.313198961216437900e-03 -1.227235392253164803e-02
3.065849838712081237e+02 -4.313776928867031971e-03 -1.232984627564580500e-02
3.066012198875507693e+02 -4.314871713592785193e-03 -1.235841735884530244e-02
3.066338316058432270e+02 -4.314534761242324462e-03 -1.232582097799279214e-02
3.066500809858342222e+02 -4.313884170471610387e-03 -1.227218054880193678e-02
3.066662397311121708e+02 -4.315910664468102995e-03 -1.220438490010583750e-02
3.066823753785454301e+02 -4.321769921086657078e-03 -1.211971792322783306e-02
3.067146189641314891e+02 -4.335013896867011621e-03 -1.192032693419741753e-02
3.067307024670979558e+02 -4.343312721099073896e-03 -1.180871457464744041e-02
3.067467218470163175e+02 -4.352814626944794679e-03 -1.168733509684270408e-02
3.067627038218901134e+02 -4.365418791526635284e-03 -1.155750418692904659e-02
3.067946916320852324e+02 -4.397744970514727916e-03 -1.128761997940723634e-02
3.068107131532206040e+02 -4.418723210272349280e-03 -1.114968125658846558e-02
3.068267980710148208e+02 -4.440173220694200278e-03 -1.101082651264946241e-02
3.068429536017453074e+02 -4.463201759286820891e-03 -1.087133190810658269e-02
3.068755131212304263e+02 -4.516151250362599075e-03 -1.065235404656760324e-02
3.068917507405649303e+02 -4.542767971770364337e-03 -1.053124460039511767e-02
3.069079029878354845e+02 -4.570944412060557079e-03 -1.042757239360045211e-02
3.069239930324384886e+02 -4.595739595581051218e-03 -1.031021778445024087e-02
3.069400438446617727e+02 -4.618956611669737880e-03 -1.018057674719257538e-02
3.069720603955148022e+02 -4.661708386464156334e-03 -1.000222859595006376e-02
3.069880709947630635e+02 -4.679152433590505304e-03 -9.875837374611756703e-03
3.070040977227096732e+02 -4.696432603495791919e-03 -9.798491614438176872e-03
3.070201421187491064e+02 -4.711065183201786598e-03 -9.689831573155574529e-03
3.070523209419116597e+02 -4.731274403842006433e-03 -9.484696395707942901e-03
3.070684744393780079e+02 -4.739054630925291535e-03 -9.385468044758354250e-03
3.070846837695783620e+02 -4.745619164150126183e-03 -9.286540098746185953e-03
3.071009553243738992e+02 -4.751277266743866509e-03 -9.190860093854866936e-03
3.071336137072653401e+02 -4.756784772049591804e-03 -9.039418580937697706e-03
3.071498618189186800e+02 -4.755672554053127880e-03 -9.058685156513259298e-03
3.071660583106209970e+02 -4.754864809862188735e-03 -9.062801821341937708e-03
3.071822013751992131e+02 -4.752829385413173680e-03 -9.171747261581209010e-03
3.072143741862922752e+02 -4.743732704831859180e-03 -9.337324586334547899e-03
3.072304192215492549e+02 -4.738332945427313307e-03 -9.424252107797889688e-03
3.072464635469373775e+02 -4.731420069260779473e-03 -9.482928365728655537e-03
3.072625131488730403e+02 -4.723781897761041536e-03 -9.540042434293318635e-03
3.072946699787974012e+02 -4.705741688242890894e-03 -9.646735622401807209e-03
3.073107998466683171e+02 -4.696528464865475268e-03 -9.714211570174239793e-03
3.073269792175772182e+02 -4.686954108154691052e-03 -9.812452709919552984e-03
3.073432166631095015e+02 -4.678133815146853780e-03 -9.957678441963262184e-03
3.073758717877770437e+02 -4.660073834036847218e-03 -1.036610113015828429e-02
3.073921573356350336e+02 -4.650345038840373799e-03 -1.061519021475390914e-02
3.074083624434463218e+02 -4.644253771955456252e-03 -1.086385775130007530e-02
3.074245134687672021e+02 -4.635821277539341374e-03 -1.111360398876950172e-02
3.074406231355023351e+02 -4.626373344398426908e-03 -1.138469503621798370e-02
3.074727384115632276e+02 -4.611034289703291704e-03 -1.193558922761155452e-02
3.074887781046302280e+02 -4.603506946544006634e-03 -1.221309355015802456e-02
3.075048228829244295e+02 -4.596869711595409289e-03 -1.247535597308334007e-02
3.075208816959697629e+02 -4.591029370327733700e-03 -1.270885539913344658e-02
3.075530853903478601e+02 -4.579540194754809501e-03 -1.306327713887368847e-02
3.075692458548547847e+02 -4.574380679621266668e-03 -1.319909461014644875e-02
3.075854577662318547e+02 -4.571398248225787102e-03 -1.329837387280721588e-02
3.076017255317710237e+02 -4.569521927526392496e-03 -1.337839596032507766e-02
3.076343951285180083e+02 -4.567605251083762044e-03 -1.343072643858475579e-02
3.076506637737700203e+02 -4.564205464349093896e-03 -1.341403292245943284e-02
3.076668646963789229e+02 -4.562309505461062398e-03 -1.337808394326760880e-02
3.076829969557102800e+02 -4.558675567033943117e-03 -1.332170510351364870e-02
3.077151156842197679e+02 -4.549820447631142649e-03 -1.316246276624276693e-02
3.077311210331305915e+02 -4.545656673235934364e-03 -1.306344672493809506e-02
3.077471516446148030e+02 -4.540929577252067299e-03 -1.295066293575866320e-02
3.077632122964294012e+02 -4.539042672411167621e-03 -1.282291536908589449e-02
3.077952989233019707e+02 -4.536835088740473650e-03 -1.254733954449839192e-02
3.078113368519227038e+02 -4.538439902214116799e-03 -1.240421050458373128e-02
3.078274218000415203e+02 -4.539782855823128530e-03 -1.226049357718443818e-02
3.078435759249418879e+02 -4.541913244712161846e-03 -1.211574042232460395e-02
3.078761607104135578e+02 -4.552277516233344673e-03 -1.194373659185199443e-02
3.078924165668760224e+02 -4.560622283421610253e-03 -1.174398556162692224e-02
3.079085854256817925e+02 -4.572543510012678884e-03 -1.167255319130640692e-02
3.079246905002569861e+02 -4.581555466711228000e-03 -1.154855080500365519e-02
3.079407543033904631e+02 -4.592049475995887628e-03 -1.139524962690846924e-02
3.079727931908340679e+02 -4.610469557910178845e-03 -1.113495052304753694e-02
3.079888088050657302e+02 -4.619415120186278444e-03 -1.099460568661480772e-02
3.080048406467514610e+02 -4.628391544651496575e-03 -1.090760602884561191e-02
3.080208927695047123e+02 -4.635878062967505736e-03 -1.078363264437806786e-02
3.080530954540808466e+02 -4.646665749841584134e-03 -1.057425947138654863e-02
3.080692620865635263e+02 -4.650762512748318755e-03 -1.045860467525851038e-02
3.080854800018639139e+02 -4.654206910892449284e-03 -1.034389837862856321e-02
3.081017533515948799e+02 -4.656582079694574980e-03 -1.022482721552508272e-02
3.081344068153259173e+02 -4.655671537078590050e-03 -9.979729940487428938e-03
3.081506601501040450e+02 -4.651181255235936444e-03 -9.858592982915978867e-03
3.081668590009915647e+02 -4.647780097055824108e-03 -9.748711779701203090e-03
3.081830075114687588e+02 -4.642800033914308740e-03 -9.692215010174641196e-03
3.082152012653315865e+02 -4.628337764948540003e-03 -9.692723498879481439e-03
3.082312633980383794e+02 -4.620345398970394576e-03 -9.786368718606953607e-03
3.082473240476342653e+02 -4.611889683095156053e-03 -9.853003033609981920e-03
3.082633894532079353e+02 -4.603106487963752776e-03 -9.925789372109521114e-03
3.082955853286950401e+02 -4.581696540222621530e-03 -1.003547767665132449e-02
3.083117272533934283e+02 -4.572043461140164709e-03 -1.006023483510606192e-02
3.083279175005005754e+02 -4.561110062604015018e-03 -1.007919313495558335e-02
3.083441606492584697e+02 -4.550202133169380624e-03 -1.010113562049838945e-02
3.083604729065189076e+02 -4.538186444683356587e-03 -1.014354392755286056e-02
3.083931153175797135e+02 -4.513596331544723894e-03 -1.030230681679984196e-02
3.084093320144394852e+02 -4.502462322930691346e-03 -1.040856661949258501e-02
3.084254964308539115e+02 -4.490051216167336746e-03 -1.053087521070769639e-02
3.084416188184959537e+02 -4.476348272564260877e-03 -1.065372140861936545e-02
3.084737534186747894e+02 -4.457292321259158016e-03 -1.088118742466376646e-02
3.084896944198546862e+02 -4.456204708690057227e-03 -1.097628044517800182e-02
3.085055888075894472e+02 -4.461513383140986236e-03 -1.105572400180607553e-02
3.085215192773359831e+02 -4.474243228600795555e-03 -1.111283748520879543e-02
3.085538108756483666e+02 -4.518634888237973296e-03 -1.120117290631220987e-02
3.085700854507915096e+02 -4.550501903185472791e-03 -1.122484416359436840e-02
3.085863210952801410e+02 -4.579402712078728226e-03 -1.122966838503953665e-02
3.086025424180521668e+02 -4.607962430961899149e-03 -1.121488029128880730e-02
3.086350449049778604e+02 -4.674042955721283144e-03 -1.112625525111893970e-02
3.086513978606532191e+02 -4.706143901288449560e-03 -1.105964137193372714e-02
3.086676729569507529e+02 -4.740947636135155532e-03 -1.098180468490818178e-02
3.086838832667480119e+02 -4.774855602259817262e-03 -1.089551328678451531e-02
3.087000559923911283e+02 -4.806922355519186070e-03 -1.080576990313229270e-02
3.087321962327678762e+02 -4.876824876599370438e-03 -1.062268521398983256e-02
3.087481820876487859e+02 -4.915468548022597015e-03 -1.052522989818193908e-02
3.087641252195970196e+02 -4.953596955379471929e-03 -1.042254000277856654e-02
3.087800739188007242e+02 -4.992430053182599775e-03 -1.031434446808901680e-02
3.088120719751769343e+02 -5.064069099450605772e-03 -1.009910677577811715e-02
3.088281495382673256e+02 -5.098549928349954165e-03 -9.996084140021815889e-03
3.088443015533333664e+02 -5.130094778132754385e-03 -9.905447393310177345e-03
3.088605493090423693e+02 -5.164464859687255965e-03 -9.813668172591251404e-03
3.088930986740247704e+02 -5.222361613309627060e-03 -9.627309313925046241e-03
3.089092512660757279e+02 -5.249913064671159202e-03 -9.533726361110607742e-03
3.089253505690008978e+02 -5.270964343101828577e-03 -9.440258483580344154e-03
3.089414103826363771e+02 -5.290549863219052087e-03 -9.346986333535535832e-03
3.089734587797846643e+02 -5.318586881270160292e-03 -9.158720593100995802e-03
3.089894856637774865e+02 -5.329607527768073262e-03 -9.060981815522364119e-03
3.090055268754358053e+02 -5.337289317694206281e-03 -8.963036597449625109e-03
3.090215846095520078e+02 -5.341782924530345290e-03 -8.870426927825898408e-03
3.090537907346783868e+02 -5.342412672664167798e-03 -8.691450021560956016e-03
3.090699527282912413e+02 -5.340272499551207766e-03 -8.617445834091446571e-03
3.090861658068753854e+02 -5.338496517245050477e-03 -8.534171777848795909e-03
3.091024373344117180e+02 -5.335130706154677695e-03 -8.454948255042187347e-03
3.091351028889808390e+02 -5.322512879780969160e-03 -8.304966475807617696e-03
3.091513647135625433e+02 -5.310962792721618184e-03 -8.242153539268028128e-03
3.091675653189659556e+02 -5.301529874204887437e-03 -8.252099105671815635e-03
3.091837113069632323e+02 -5.291444712191923673e-03 -8.360611373029371712e-03
3.092158880578598428e+02 -5.268234603270768521e-03 -8.555530575172370228e-03
3.092319257192385180e+02 -5.255978802822421948e-03 -8.635154304921290394e-03
3.092479509271129245e+02 -5.241692435016728421e-03 -8.715633843817202284e-03
3.092639767991419149e+02 -5.227034089444314996e-03 -8.793947530856906919e-03
3.092800150407809383e+02 -5.211307685705490744e-03 -8.871802250223203082e-03
3.093121925697319625e+02 -5.175733476032551121e-03 -9.047266526244161083e-03
3.093283554160878452e+02 -5.158303025242754435e-03 -9.139508873408783846e-03
3.093445821849346657e+02 -5.141309106060683830e-03 -9.245189796389611386e-03
3.093608861791107074e+02 -5.125394692245100782e-03 -9.336892882650809494e-03
3.093935208531455032e+02 -5.096929411226580608e-03 -9.551034384147758655e-03
3.094097187166435674e+02 -5.084832719735625332e-03 -9.663868563060385580e-03
3.094258605690227455e+02 -5.071489192575504359e-03 -9.788254469967306096e-03
3.094419591843998205e+02 -5.059280013762812271e-03 -9.914916663478261227e-03
3.094740577381294315e+02 -5.031954203970082085e-03 -1.016587098518593850e-02
3.094900866464560067e+02 -5.020604049438172865e-03 -1.028002102197827367e-02
3.095061224755738181e+02 -5.009123513489847739e-03 -1.038372215604897036e-02
3.095221729732891163e+02 -4.998374798114037405e-03 -1.045857662911427177e-02
3.095543703055216724e+02 -4.977669088731638894e-03 -1.057079680845496479e-02
3.095705352438562272e+02 -4.967308918824121095e-03 -1.060389639396417186e-02
3.095867559674835547e+02 -4.958305109151767143e-03 -1.062096757406443687e-02
3.096030399388894807e+02 -4.949026150942130789e-03 -1.062361015783949356e-02
3.096356775925169700e+02 -4.952369156172321471e-03 -1.057955808050425883e-02
3.096518464171882101e+02 -4.958271069373690158e-03 -1.053979545012180205e-02
3.096679050296837090e+02 -4.972170446776665725e-03 -1.048827509700883849e-02
3.096839251916136391e+02 -4.991223300085466386e-03 -1.043021664652574350e-02
3.097161312618266606e+02 -5.039306619622821275e-03 -1.028612572196790052e-02
3.097323545064378436e+02 -5.065731032593493409e-03 -1.020359399246160287e-02
3.097485269773071082e+02 -5.089993302821912632e-03 -1.011504131789738199e-02
3.097646190014450553e+02 -5.106635292461085725e-03 -1.002360555351156091e-02
3.097806425432754054e+02 -5.121250381722876333e-03 -9.928734225733112581e-03
3.098125769261836240e+02 -5.141368444173525544e-03 -9.741133554571410405e-03
3.098286130010203578e+02 -5.145173875065437059e-03 -9.647691515374279617e-03
3.098447247846157779e+02 -5.144301955534392491e-03 -9.553665831272439152e-03
3.098609557731066957e+02 -5.143462548126925479e-03 -9.463076793164043946e-03
3.098935383173474065e+02 -5.131384383165463886e-03 -9.425238788411727242e-03
3.099097117566421389e+02 -5.125064769875046881e-03 -9.224508424023915992e-03
3.099258315711711020e+02 -5.114222163135392213e-03 -9.306948062605199454e-03
3.099419203102476104e+02 -5.103192783235657205e-03 -9.210402831128604653e-03
3.099740243808009836e+02 -5.075397054433148682e-03 -9.101105245501226945e-03
3.099900672528751215e+02 -5.061059911924445376e-03 -9.047883670888030513e-03
3.100061165365638658e+02 -5.046393438810202296e-03 -8.992565047143248613e-03
3.100221774276795372e+02 -5.031995575997020090e-03 -8.934846337763703919e-03
3.100543888439067928e+02 -5.002706160984308342e-03 -8.816590178492711080e-03
3.100705560252569626e+02 -4.987051626002558108e-03 -8.754181454068553359e-03
3.100867743369956884e+02 -4.972901973403475069e-03 -8.685654160183747460e-03
3.101030532807276359e+02 -4.958700892984327889e-03 -8.610805779550610717e-03
3.101357148420747762e+02 -4.927786071289316436e-03 -8.472493456211064797e-03
3.101519694452172189e+02 -4.908113919510973845e-03 -8.438657054216480713e-03
3.101681604148025713e+02 -4.890811346088801831e-03 -8.507788016498520067e-03
3.101843063097655886e+02 -4.873193785028194849e-03 -8.622435023457594716e-03
3.102004127212292701e+02 -4.853894560926603000e-03 -8.743412911881871113e-03
3.102325700955553316e+02 -4.816147096859400498e-03 -9.025212290694197351e-03
3.102486377635173085e+02 -4.796802904108749856e-03 -9.131245720715703770e-03
3.102647117138720887e+02 -4.777908865797953278e-03 -9.207211850861206012e-03
3.102808030678071987e+02 -4.759523649780575578e-03 -9.261027746638507765e-03
3.103130844653491636e+02 -4.720850222247966951e-03 -9.385028523082213081e-03
3.103292824866254591e+02 -4.702103921658565451e-03 -9.476895850673659055e-03
3.103455303198971933e+02 -4.683308327991827016e-03 -9.584662949274198179e-03
3.103618425194385395e+02 -4.664797470810880774e-03 -9.712449771272901183e-03
3.103945099517426911e+02 -4.632808371195759438e-03 -9.986146720481783173e-03
3.104107535684500476e+02 -4.618559351228272540e-03 -1.012518656775337166e-02
3.104269347931975176e+02 -4.613603407360985197e-03 -1.026239433934346239e-02
3.104429928931024847e+02 -4.621087972203685029e-03 -1.038206192720387069e-02
3.104748094993676659e+02 -4.669422999175843088e-03 -1.055329581242905879e-02
3.104907478217610901e+02 -4.712237406709637519e-03 -1.060065180647877699e-02
3.105067036912194567e+02 -4.756178563699532159e-03 -1.063013651894770609e-02
3.105227544533099149e+02 -4.807081480762462333e-03 -1.063974821100997607e-02
3.105552196357936623e+02 -4.927511971757704556e-03 -1.061450455784112776e-02
3.105713995966424363e+02 -4.977364870383868892e-03 -1.057083947423581409e-02
3.105875172653961158e+02 -5.032812558479806027e-03 -1.050606960667124778e-02
3.106036217881268726e+02 -5.086908078176198382e-03 -1.042355676930161769e-02
3.106359739957898114e+02 -5.199382116673159637e-03 -1.023695338987908043e-02
3.106522838293777227e+02 -5.242505977955307615e-03 -1.013267655948308504e-02
3.106685493159500311e+02 -5.286590040227126183e-03 -1.002575905932835861e-02
3.106847125992219958e+02 -5.323469675418445943e-03 -9.914327533337530945e-03
3.107007905994012731e+02 -5.359887362692235431e-03 -9.805124541052447767e-03
3.107327611367549025e+02 -5.430972283570285365e-03 -9.594721867602643006e-03
3.107486858615417873e+02 -5.463365411847819278e-03 -9.491845888641083084e-03
3.107646144641493606e+02 -5.492770566863325495e-03 -9.391451236641132350e-03
3.107805652283129234e+02 -5.518571373070141513e-03 -9.290309459199098951e-03
3.108126215556669081e+02 -5.560342373173324075e-03 -9.099682840893323285e-03
3.108287473984995017e+02 -5.577895543939720771e-03 -9.009958799994831000e-03
3.108449488598843686e+02 -5.592599060717860608e-03 -8.925530526388971569e-03
3.108612408087374206e+02 -5.605332651733650751e-03 -8.849822211561426608e-03
3.108938293789321961e+02 -5.621424629682216824e-03 -8.721014371189144548e-03
3.109100035050178690e+02 -5.627074345476281401e-03 -8.654711610482380621e-03
3.109261263729205780e+02 -5.629253243859602511e-03 -8.586976735280792486e-03
3.109422116010912305e+02 -5.630760890842289104e-03 -8.517484121135345324e-03
3.109743017454168807e+02 -5.623922747101360760e-03 -8.381735410628211522e-03
3.109903382319265575e+02 -5.619111928796841939e-03 -8.323541343905721882e-03
3.110063823480577980e+02 -5.611716324068493494e-03 -8.271620910084223621e-03
3.110224411171460588e+02 -5.603577455813411531e-03 -8.213525895664340604e-03
3.110546492480684719e+02 -5.583814722902248791e-03 -8.112860613099813489e-03
3.110708123670203804e+02 -5.571847614266594619e-03 -8.062617059900736502e-03
3.110870231525767053e+02 -5.560875896766975628e-03 -8.016482300726034474e-03
3.111032911681169253e+02 -5.550205216868363441e-03 -7.975823494229181826e-03
3.111359560347708566e+02 -5.524493339801207249e-03 -7.918079316556306951e-03
3.111522223848632507e+02 -5.507677972767168785e-03 -7.971764187489504064e-03
3.111684210019388388e+02 -5.493308195669393580e-03 -8.127724029859811905e-03
3.111845646367274867e+02 -5.478881484174370417e-03 -8.222040862513841503e-03
3.112006608354213881e+02 -5.462249024307932153e-03 -8.420642293270092990e-03
3.112327597419631502e+02 -5.429436462385460807e-03 -8.705900395462087479e-03
3.112487816571038479e+02 -5.409987155918643230e-03 -8.829776331949304100e-03
3.112648091743274676e+02 -5.389879583133778441e-03 -8.969453625901863819e-03
3.112808512003060741e+02 -5.369737064652680206e-03 -9.145185803791195181e-03
3.113130468436031038e+02 -5.329038874234538412e-03 -9.437819111278953135e-03
3.113292193414766871e+02 -5.310426343056041942e-03 -9.620718511923274929e-03
3.113454511681177905e+02 -5.292940848428970627e-03 -9.831524926110521076e-03
3.113617622970073739e+02 -5.277777378821707499e-03 -1.002006440918776567e-02
3.113943908050603113e+02 -5.248965471274559709e-03 -1.046108435012020783e-02
3.114105852878215615e+02 -5.234446584788596257e-03 -1.071216623767443261e-02
3.114267277029401839e+02 -5.219218426076482550e-03 -1.097649695334821165e-02
3.114428261364794253e+02 -5.205631104888282581e-03 -1.124069489824684222e-02
3.114749249547567160e+02 -5.175083617742731561e-03 -1.176554828094078867e-02
3.114909592748632576e+02 -5.163119142185301595e-03 -1.199768845905142128e-02
3.115070012149629974e+02 -5.149833584587905355e-03 -1.220202468798610267e-02
3.115230582694505301e+02 -5.137361310602337264e-03 -1.239674114255565063e-02
3.115552686705328256e+02 -5.112704609880390147e-03 -1.269155603213390111e-02
3.115714410415125712e+02 -5.099718990988645791e-03 -1.279679212106785667e-02
3.115876649309440154e+02 -5.087676793069390718e-03 -1.288129531448893583e-02
3.116039466646514029e+02 -5.076308974779846113e-03 -1.294122022142387383e-02
3.116202921238672161e+02 -5.063106029591961203e-03 -1.297161848799723363e-02
3.116528583836642383e+02 -5.033198910064106552e-03 -1.295630896144566412e-02
3.116690504081307154e+02 -5.017738818124871554e-03 -1.291793219655008353e-02
3.116851993018960343e+02 -5.002539931381552903e-03 -1.286758939985418321e-02
3.117013072558135605e+02 -4.985629602268075791e-03 -1.280545544211392217e-02
3.117334586423285714e+02 -4.951855438739256529e-03 -1.265588840203855057e-02
3.117495147250168088e+02 -4.938049392428090802e-03 -1.256887398988688551e-02
3.117655163723147780e+02 -4.930818750829016155e-03 -1.247493631139010538e-02
3.117814541991628516e+02 -4.924185254351180936e-03 -1.237423439890418531e-02
3.118136719824796046e+02 -4.918967114314277446e-03 -1.216267378271012646e-02
3.118299437440699649e+02 -4.918195140969857521e-03 -1.205046409350712076e-02
3.118461312332614739e+02 -4.918695779574593085e-03 -1.193915388557337080e-02
3.118623140850016853e+02 -4.918839669645110567e-03 -1.183244439294940664e-02
3.118949107597446755e+02 -4.913144929309607063e-03 -1.168815996492269388e-02
3.119111810458794594e+02 -4.909574249848822070e-03 -1.160355771905973929e-02
3.119273541998753672e+02 -4.903705451600967949e-03 -1.151792322253802035e-02
3.119434523338730401e+02 -4.898212381414895206e-03 -1.144215557356898644e-02
3.119754951717595759e+02 -4.882306539845805531e-03 -1.123796608200294811e-02
3.119914740108329738e+02 -4.879832317628572495e-03 -1.113956864741864720e-02
3.120074600741871222e+02 -4.873725447368923783e-03 -1.104043697652837275e-02
3.120234670258778920e+02 -4.868756021282789025e-03 -1.093995595196449976e-02
3.120556004666009358e+02 -4.858141925516288456e-03 -1.073358719136196897e-02
3.120717588117395849e+02 -4.851160295226513569e-03 -1.062840800470280130e-02
3.120879849508243638e+02 -4.844571720167794096e-03 -1.051956874111811303e-02
3.121042752659503208e+02 -4.838989654979877764e-03 -1.040695286648460512e-02
3.121206229201671363e+02 -4.831859752065486256e-03 -1.028896842352688620e-02
3.121531592400156683e+02 -4.811529407949123420e-03 -1.005681670580999346e-02
3.121693397096730109e+02 -4.801523139936649323e-03 -9.950052063180170325e-03
3.121854790731351272e+02 -4.790737743212483517e-03 -9.859535638647399722e-03
3.122015786948792311e+02 -4.777478681865529250e-03 -9.816574945338898961e-03
3.122337171001568095e+02 -4.748890293319121131e-03 -9.865755074106315192e-03
3.122497743380076827e+02 -4.732072223242331233e-03 -9.947116559215134907e-03
3.122658397170168882e+02 -4.714852034301740547e-03 -1.004804845211614527e-02
3.122819232735974992e+02 -4.697371658830704066e-03 -1.013715826869967390e-02
3.123141972999682139e+02 -4.660122289809227880e-03 -1.027322726952041403e-02
3.123303998811267661e+02 -4.640374690486834437e-03 -1.032278347940037387e-02
3.123466527838578486e+02 -4.620322300785596574e-03 -1.037166242506956833e-02
3.123629711411645076e+02 -4.601803244456024664e-03 -1.043353596912839805e-02
3.123956130686280517e+02 -4.561374338545007116e-03 -1.063447036502868440e-02
3.124118370318162192e+02 -4.539180292223738561e-03 -1.075916718416521090e-02
3.124280065881000610e+02 -4.518779292669026712e-03 -1.089424564495857124e-02
3.124441493208961447e+02 -4.507133007648039293e-03 -1.103050332328048451e-02
3.124602350596150586e+02 -4.491550223654054014e-03 -1.116247069164708408e-02
3.124920712366723023e+02 -4.489244080070355601e-03 -1.138947381431417057e-02
3.125079439450340146e+02 -4.501610084991075449e-03 -1.147712805970229136e-02
3.125238702487224600e+02 -4.525840820463689768e-03 -1.154199894754009102e-02
3.125561466952412957e+02 -4.594829871216317765e-03 -1.161081495310295128e-02
3.125724386336291332e+02 -4.635793883745542056e-03 -1.162439739416027198e-02
3.125887240452967717e+02 -4.677991592389600314e-03 -1.160631479801284630e-02
3.126050198626859355e+02 -4.721685377925524847e-03 -1.157034370800935109e-02
3.126213036578021729e+02 -4.766778231337281090e-03 -1.151145607743347954e-02
3.126538868545179639e+02 -4.864080060987957532e-03 -1.134096121538858901e-02
3.126702234510680682e+02 -4.915468659021060040e-03 -1.123894511277975794e-02
3.126864669037623798e+02 -4.963606258499678875e-03 -1.112979508026898552e-02
3.127026174552584621e+02 -5.005104639273326786e-03 -1.101665187930767932e-02
3.127347142916927396e+02 -5.085849728865748931e-03 -1.078831614513722781e-02
3.127506869483260061e+02 -5.127542454834902938e-03 -1.066952173676188366e-02
3.127666386110119561e+02 -5.166640377093113801e-03 -1.054791432318092324e-02
3.127826078065264142e+02 -5.204175684006022949e-03 -1.042193661856358894e-02
3.128146432325013961e+02 -5.272805371215004248e-03 -1.017888446467373441e-02
3.128307298028219066e+02 -5.303594265081529660e-03 -1.005759446637006366e-02
3.128468839069616365e+02 -5.331265556473745518e-03 -9.938074409520096519e-03
3.128631288807147257e+02 -5.362107491180494352e-03 -9.818962997143975552e-03
3.128956762958685545e+02 -5.410778427398568562e-03 -9.589468219866675511e-03
3.129118288414708786e+02 -5.429650531176552671e-03 -9.478822255455739490e-03
3.129279254442382694e+02 -5.444329207883411362e-03 -9.373406904746887577e-03
3.129439817846111396e+02 -5.459397502464303185e-03 -9.271777561279163915e-03
3.129600166539552788e+02 -5.468519778343973285e-03 -9.175684149075607685e-03
3.129920559282525119e+02 -5.479094209265526240e-03 -9.005883541138392026e-03
3.130080941566155843e+02 -5.479543887690252815e-03 -8.919602922366832651e-03
3.130241496702630002e+02 -5.477057709038376208e-03 -8.832467343202535931e-03
3.130402356963296597e+02 -5.474216629499242294e-03 -8.740122151486801744e-03
3.130725310103908896e+02 -5.456936277015407913e-03 -8.564415867799178572e-03
3.130887534378504711e+02 -5.447454006425517248e-03 -8.503863239607693456e-03
3.131050310951281404e+02 -5.438080654023254475e-03 -8.426693517077015610e-03
3.131213787169002671e+02 -5.428123425575380467e-03 -8.391178380252177840e-03
3.131539636524791490e+02 -5.400200279035246263e-03 -8.310560851944894661e-03
3.131701578305581961e+02 -5.386015601569996147e-03 -8.320173217332839377e-03
3.131863037415686790e+02 -5.372577068897594135e-03 -8.537964713736242300e-03
3.132024031753697386e+02 -5.357780311033978442e-03 -8.471761862741244292e-03
3.132345209265491803e+02 -5.328928035326835344e-03 -8.858073923563325805e-03
3.132505435683137875e+02 -5.313880510640876798e-03 -8.948672552794448634e-03
3.132665623710084901e+02 -5.298986116075018842e-03 -9.069546982694546775e-03
3.132825898781824776e+02 -5.283824796220137031e-03 -9.186491864818714659e-03
3.133147325816666466e+02 -5.250639454311116158e-03 -9.460037126140153144e-03
3.133308764461617102e+02 -5.231312819738482070e-03 -9.592864082515788898e-03
3.133470806741258343e+02 -5.211717414664612802e-03 -9.731950805776703670e-03
3.133633643642861557e+02 -5.194932199076868033e-03 -9.865347049659911605e-03
3.133959868809490104e+02 -5.164047885225978192e-03 -1.012807337743162547e-02
3.134121848719902346e+02 -5.149953081802049158e-03 -1.025841626585946402e-02
3.134283189919713095e+02 -5.137972444522076465e-03 -1.037855410737287785e-02
3.134444081620983980e+02 -5.128695426607855767e-03 -1.050132287880402131e-02
3.134604586077834938e+02 -5.117937082955276683e-03 -1.060720843881017388e-02
3.134924911626767994e+02 -5.097183384635690408e-03 -1.078808264245094233e-02
3.135085089579284841e+02 -5.087465589743053219e-03 -1.086555510415418424e-02
3.135245425937911818e+02 -5.077923362737838710e-03 -1.092765791750220303e-02
3.135406030779267326e+02 -5.070753552978229939e-03 -1.098301494453341083e-02
3.135728726597105265e+02 -5.048461116047974796e-03 -1.105229170818921962e-02
3.135891005354179697e+02 -5.040535573227299462e-03 -1.106444382358247498e-02
3.136053967916962506e+02 -5.037595689198609387e-03 -1.105723920081107953e-02
3.136217011025511283e+02 -5.043605455722746482e-03 -1.103174374193792440e-02
3.136539936731622333e+02 -5.059306403024481369e-03 -1.093837096155008369e-02
3.136700784999199527e+02 -5.074323507074576280e-03 -1.087619882381962201e-02
3.136862100421427044e+02 -5.088413930310263684e-03 -1.080441970816295796e-02
3.137024045966958852e+02 -5.107270518794913838e-03 -1.072546299330583673e-02
3.137347919320640131e+02 -5.138375605567940124e-03 -1.054685814322998266e-02
3.137508902756484872e+02 -5.148679541324814590e-03 -1.044673531063338053e-02
3.137668993667348332e+02 -5.157450118173304530e-03 -1.033671593261579688e-02
3.137828786881869405e+02 -5.163740945965748438e-03 -1.022422169777630757e-02
3.138148507213689413e+02 -5.174524088119756941e-03 -9.996950114649542571e-03
3.138309162595468251e+02 -5.173405304895768199e-03 -9.880773965309829279e-03
3.138470560290011235e+02 -5.170577879970340504e-03 -9.763583873804170671e-03
3.138633012122064088e+02 -5.169317581630997367e-03 -9.647565104210923184e-03
3.138958796248990097e+02 -5.159038104059008277e-03 -9.440529428680215912e-03
3.139120475443309033e+02 -5.151954355420764256e-03 -9.436449158822798194e-03
3.139281578281018596e+02 -5.144095989645857021e-03 -9.320840523487789950e-03
3.139442301598149925e+02 -5.138630339985422561e-03 -9.312707618749740610e-03
3.139602795174657786e+02 -5.128354499740995012e-03 -9.317600049846691546e-03
3.139923225885258375e+02 -5.109385742422044990e-03 -9.147884275989946398e-03
3.140083554209170416e+02 -5.098538906772439802e-03 -9.093953590383391586e-03
3.140243998548405671e+02 -5.087311559912563973e-03 -9.034166043391909581e-03
3.140404672351572799e+02 -5.078008510620422855e-03 -8.978057314717412946e-03
3.140727410807315891e+02 -5.051481467283499248e-03 -8.858642150346237101e-03
3.140889637792029703e+02 -5.039393525877119279e-03 -8.793114181649698199e-03
3.141052502521651490e+02 -5.028735665892037146e-03 -8.722443550240110283e-03
3.141216038797313672e+02 -5.018635589746012031e-03 -8.648404560259803989e-03
3.141541323657654061e+02 -4.991786880223103400e-03 -8.511030094409800448e-03
3.141702991085211920e+02 -4.979182277056397321e-03 -8.483878411333732952e-03
3.141864266941894925e+02 -4.965349780845970326e-03 -8.524227995697103433e-03
3.142025178384706692e+02 -4.950320456773036303e-03 -8.583708043469837762e-03
3.142346499452640955e+02 -4.919618239451428038e-03 -8.777582386554778557e-03
3.142507134898439745e+02 -4.902928832906644670e-03 -8.857821353523051208e-03
3.142667867559251249e+02 -4.886652012950735112e-03 -8.925399679447656651e-03
3.142828798197374454e+02 -4.870743864019714577e-03 -8.968264385750282508e-03
3.143151719622001679e+02 -4.839233414026113816e-03 -8.984789272765988585e-03
3.143313812245905297e+02 -4.822416542737297321e-03 -8.992361765851721381e-03
3.143476412402156939e+02 -4.805053976556314214e-03 -9.016271639859366194e-03
3.143639568714712027e+02 -4.789508539724836485e-03 -9.054249546896346243e-03
3.143803058602179021e+02 -4.769672890475331467e-03 -9.101182924232302865e-03
3.144128193574888428e+02 -4.731915045279387610e-03 -9.218541479735912689e-03
3.144290097409938198e+02 -4.719426217817426945e-03 -9.275881280795841149e-03
3.144451348680728984e+02 -4.705440639696814586e-03 -9.327377186452014829e-03
3.144611439046475994e+02 -4.697153409997834213e-03 -9.362789067355834285e-03
3.144929546503520328e+02 -4.711992400393304366e-03 -9.389069489461910126e-03
3.145089199796940420e+02 -4.734624722828558938e-03 -9.383948256404013935e-03
3.145250246547825554e+02 -4.767663568220761351e-03 -9.365029356502508479e-03
3.145412574078265493e+02 -4.805064593216740870e-03 -9.337045638450927956e-03
3.145736918431347817e+02 -4.881353423960850535e-03 -9.234963281283046013e-03
3.145898797656490729e+02 -4.918492471844797612e-03 -9.159201685660497624e-03
3.146060700594014179e+02 -4.963847366317258175e-03 -9.072417277689252824e-03
3.146222779233376627e+02 -5.008307188615657851e-03 -8.975714360203699421e-03
3.146548204051899233e+02 -5.103116454650051537e-03 -8.780457446528644114e-03
3.146710984089149861e+02 -5.143935403357335033e-03 -8.676363310713051946e-03
3.146872501458203715e+02 -5.184119767656098464e-03 -8.583806496130554423e-03
3.147033090009780949e+02 -5.220283827261276016e-03 -8.487371989300192612e-03
3.147352556585319121e+02 -5.283973162245397641e-03 -8.310221254296352653e-03
3.147511767888839813e+02 -5.314249561500441685e-03 -8.230847504155321126e-03
3.147671144985126261e+02 -5.340364731684248134e-03 -8.153924395411678988e-03
3.147830819505919635e+02 -5.364042055267262410e-03 -8.080424083177056502e-03
3.148151778956531075e+02 -5.403522900412324574e-03 -7.947341346833660877e-03
3.148313279285151793e+02 -5.419848852028360739e-03 -7.885293697280972361e-03
3.148475535853395399e+02 -5.433001143130679854e-03 -7.829530015464445172e-03
3.148638626513205736e+02 -5.446714702142138771e-03 -7.778297829422749221e-03
3.148801668134291845e+02 -5.454750649686387551e-03 -7.732243560664420895e-03
3.149125455383646113e+02 -5.468067122293815766e-03 -7.626925977199426089e-03
3.149286582268385359e+02 -5.470661351167834321e-03 -7.571017847792222907e-03
3.149447376597055950e+02 -5.473470678985130518e-03 -7.511473825823634584e-03
3.149608047947508567e+02 -5.469751517498099187e-03 -7.454186565747557107e-03
3.149929102600581814e+02 -5.458616561143376893e-03 -7.340326969756788208e-03
3.150089759817763024e+02 -5.450835893374403329e-03 -7.281081080433603366e-03
3.150250543667399938e+02 -5.441215234429075225e-03 -7.214841105046497158e-03
3.150411636066453411e+02 -5.432849263698645396e-03 -7.157337234597901596e-03
3.150734786745900351e+02 -5.405696390718029744e-03 -7.035936741734231774e-03
3.150897045084594197e+02 -5.390910628628668710e-03 -6.980067901665006937e-03
3.151059808240265170e+02 -5.375534645403821921e-03 -6.922514247598974581e-03
3.151223272324588720e+02 -5.361039803009960344e-03 -6.869769247763432563e-03
3.151549175429856291e+02 -5.324916828941228010e-03 -6.805757850999626622e-03
3.151711135489243816e+02 -5.305443573078919353e-03 -6.860920652928384489e-03
3.151872587163566095e+02 -5.287032764754657707e-03 -6.998072522475070299e-03
3.152033568303251059e+02 -5.267849971016057287e-03 -7.126611234683298546e-03
3.152354733293427103e+02 -5.228830596363298437e-03 -7.477377475352976928e-03
3.152515069803707206e+02 -5.207535217351993290e-03 -7.618851622892401990e-03
3.152675457200418805e+02 -5.185670704425961001e-03 -7.774874116991803592e-03
3.152835992419533113e+02 -5.163277150073326133e-03 -7.938339569171219690e-03
3.153158177969726239e+02 -5.117866626964236165e-03 -8.229220202377403662e-03
3.153320028262048140e+02 -5.095197821141313026e-03 -8.409590668471784644e-03
3.153482546837284417e+02 -5.073130425684833217e-03 -8.614537989613514635e-03
3.153645760325046012e+02 -5.053686158332368859e-03 -8.814895381767526988e-03
3.153809216827802970e+02 -5.035001467873227894e-03 -9.046031572702858611e-03
3.154133740291812273e+02 -5.001458966962517294e-03 -9.583079935242662384e-03
3.154295052644401380e+02 -4.985629393350806023e-03 -9.872993003734177944e-03
3.154455919864012117e+02 -4.972543977441139587e-03 -1.017913763934793353e-02
3.154616553478646779e+02 -4.957236253063016136e-03 -1.048669309039841971e-02
3.154937129583618116e+02 -4.932158755270177851e-03 -1.104697429090045063e-02
3.155097524266146820e+02 -4.920807046036182811e-03 -1.129664661289581443e-02
3.155258065629585644e+02 -4.909713048963915832e-03 -1.153203320834927936e-02
3.155418895652334186e+02 -4.901521925692054089e-03 -1.173350907573327342e-02
3.155741961743174784e+02 -4.880831036949278244e-03 -1.206262646479142400e-02
3.155904326745530284e+02 -4.872515753605614550e-03 -1.218310115308848980e-02
3.156067308247251049e+02 -4.862972853427437354e-03 -1.226355896055669054e-02
3.156230788017791724e+02 -4.856717122205035132e-03 -1.230482212064839577e-02
3.156555972182728738e+02 -4.836758244468880932e-03 -1.230265229209409616e-02
3.156717734667202535e+02 -4.825667675640791209e-03 -1.227214257358080589e-02
3.156879060921475002e+02 -4.814019711416236795e-03 -1.222576583864767343e-02
3.157040041628134190e+02 -4.802674199535110489e-03 -1.217292446099372399e-02
3.157200797025447514e+02 -4.792279897378677427e-03 -1.210789739848625556e-02
3.157521877159926476e+02 -4.777830051384174964e-03 -1.195480354552410154e-02
3.157680947503536117e+02 -4.776701639715809355e-03 -1.186625426640653541e-02
3.157839615810060536e+02 -4.781985932699805292e-03 -1.177037920806126362e-02
3.158162488428044981e+02 -4.800640245054597390e-03 -1.157713456172435040e-02
3.158325469956469078e+02 -4.814149764589382464e-03 -1.147758663711093488e-02
3.158487277281978436e+02 -4.823526725253693762e-03 -1.137866592055109850e-02
3.158649054466923189e+02 -4.832241816039120098e-03 -1.128507127186081233e-02
3.158811626712970337e+02 -4.831594140996095695e-03 -1.119900239745954922e-02
3.159137736899095898e+02 -4.833434248092509378e-03 -1.111718366765173001e-02
3.159299089876058133e+02 -4.829622724423528538e-03 -1.103524468837243332e-02
3.159459626512963837e+02 -4.824304845210498557e-03 -1.098957076660385217e-02
3.159619669773643977e+02 -4.820661187141264681e-03 -1.091983047946037955e-02
3.159939133097221315e+02 -4.809847465698412899e-03 -1.075755775257090582e-02
3.160099164087736199e+02 -4.804590950279160125e-03 -1.067972524687435705e-02
3.160259477377353505e+02 -4.799792150387146954e-03 -1.059650919857037417e-02
3.160420108741304830e+02 -4.797480728055516716e-03 -1.051213628064838999e-02
3.160743411136560326e+02 -4.782397445160048444e-03 -1.033266681496666436e-02
3.160905958087846557e+02 -4.776088547724096495e-03 -1.023694395240544106e-02
3.161068997707305357e+02 -4.765945467875583492e-03 -1.013723106146508131e-02
3.161232466864524895e+02 -4.758292636700729369e-03 -1.003378454926062008e-02
3.161557959723791100e+02 -4.735891734809838730e-03 -9.830068810894937101e-03
3.161719872634162130e+02 -4.722657051148480313e-03 -9.740427456247608556e-03
3.161881273690363514e+02 -4.709520242936952698e-03 -9.659528034671339275e-03
3.162042294684764556e+02 -4.696049234855364206e-03 -9.610632291524678558e-03
3.162203079714570322e+02 -4.683014813236315195e-03 -9.618197705308447268e-03
3.162524304025422452e+02 -4.648482019148044916e-03 -9.743077423058441738e-03
3.162685009560132698e+02 -4.631101352124002146e-03 -9.856737244897530170e-03
3.162845929759168371e+02 -4.613621546857930508e-03 -9.967196263341927473e-03
3.163007220640786272e+02 -4.595336732501246503e-03 -1.006866811878028879e-02
3.163330977587168036e+02 -4.560007322936403783e-03 -1.021953589636366913e-02
3.163493659685795478e+02 -4.540324858211768240e-03 -1.028584455877820485e-02
3.163656881618452985e+02 -4.521668434431967351e-03 -1.036418544510141898e-02
3.163820365288914900e+02 -4.502879429714532616e-03 -1.047733306883302275e-02
3.164145342179259615e+02 -4.463389019653386455e-03 -1.076652255286920760e-02
3.164307040590936140e+02 -4.443464306675319955e-03 -1.093342957799235335e-02
3.164468281407145582e+02 -4.424853209321395579e-03 -1.110410722895138584e-02
3.164629300697999952e+02 -4.405034708403434383e-03 -1.126774040708579741e-02
3.164950525442942535e+02 -4.374725947179871309e-03 -1.156853986627329189e-02
3.165109866578891911e+02 -4.371585006486176060e-03 -1.168683028332012826e-02
3.165268247628640665e+02 -4.374951359311539043e-03 -1.178548107319084097e-02
3.165427174392592065e+02 -4.385655337651537394e-03 -1.185064519653261476e-02
3.165750003051983299e+02 -4.440076512701680855e-03 -1.190460654418956307e-02
3.165913777232486268e+02 -4.476396731134309019e-03 -1.190254343231130635e-02
3.166076879970565869e+02 -4.511262058041699309e-03 -1.186175164270848910e-02
3.166239647010730209e+02 -4.553233486809785471e-03 -1.180170300100826658e-02
3.166402296490812205e+02 -4.590118169469982121e-03 -1.171692078140278842e-02
3.166727955860341694e+02 -4.684183210550005132e-03 -1.150242527063675968e-02
3.166890895820596370e+02 -4.732434083039418864e-03 -1.138070783842983630e-02
3.167052859254161490e+02 -4.780787014271720842e-03 -1.125479735951865658e-02
3.167213589240690794e+02 -4.824905534673375011e-03 -1.112926261073495307e-02
3.167534098060714882e+02 -4.911028206855865344e-03 -1.086666102635030877e-02
3.167693859648829289e+02 -4.954470645066374329e-03 -1.073179050489037056e-02
3.167853832886909231e+02 -4.995447362505252460e-03 -1.059643112303956802e-02
3.168013842266940401e+02 -5.033921166603025008e-03 -1.046134119017274287e-02
3.168334967970779417e+02 -5.110949184999644124e-03 -1.020711306601629342e-02
3.168496555463281084e+02 -5.145815361581831081e-03 -1.008935602223266954e-02
3.168659041007567225e+02 -5.179495302435778784e-03 -9.973343385224878871e-03
3.168822083745914711e+02 -5.212332600466032875e-03 -9.860977391648364718e-03
3.169145647700090080e+02 -5.265304261969871308e-03 -9.647942267038826444e-03
3.169306449779071500e+02 -5.289389895796190073e-03 -9.544531995465167090e-03
3.169466755811736220e+02 -5.311355146848225663e-03 -9.444630462793160430e-03
3.169626870131934311e+02 -5.329900259747512824e-03 -9.348848699610395538e-03
3.169946915613843998e+02 -5.355926553983843610e-03 -9.173963522759122705e-03
3.170107268276122454e+02 -5.363779666944661767e-03 -9.086297995887927803e-03
3.170267827612603924e+02 -5.367641199348413897e-03 -8.992264670387198691e-03
3.170428721790142390e+02 -5.369532023900311195e-03 -8.897374883488415667e-03
3.170751930579277769e+02 -5.362867239900170370e-03 -8.698457954594599265e-03
3.170914298667759113e+02 -5.358466653883860349e-03 -8.622964319872993000e-03
3.171077289665287253e+02 -5.350491100304154493e-03 -8.534579982389964986e-03
3.171240779489996271e+02 -5.344565419681217636e-03 -8.442436742857410345e-03
3.171403929297160857e+02 -5.331093992639424940e-03 -8.367738152007704600e-03
3.171728313708111386e+02 -5.307719402959804218e-03 -8.216617578558882071e-03
3.171889753494187971e+02 -5.293046827484611250e-03 -8.155096984945264804e-03
3.172050745663494808e+02 -5.279079136825902928e-03 -8.123955522754900543e-03
3.172211519417654131e+02 -5.266072036207249119e-03 -8.203950759875627483e-03
3.172532281182790257e+02 -5.233950462026969001e-03 -8.327149951668362873e-03
3.172692582996770625e+02 -5.218421991482209699e-03 -8.432472815390687146e-03
3.172853018388033774e+02 -5.203020325906150198e-03 -8.530252751995754182e-03
3.173013764561741823e+02 -5.185872720317342456e-03 -8.653574537355863613e-03
3.173336274140749538e+02 -5.151458333166142496e-03 -8.906350986715180426e-03
3.173498484967392983e+02 -5.130032994287386447e-03 -9.003619231923411931e-03
3.173661402659233772e+02 -5.107994613229245411e-03 -9.150172925673594887e-03
3.173824849998689501e+02 -5.088115440796675028e-03 -9.266863211900934483e-03
3.174149479553164497e+02 -5.050262438552191764e-03 -9.550395482417076490e-03
3.174310825716856357e+02 -5.035397126052416385e-03 -9.703103011093044267e-03
3.174471662943223009e+02 -5.021509321952020120e-03 -9.850943711400437716e-03
3.174632154193631095e+02 -5.010513801800074545e-03 -9.997069988271488003e-03
3.174952346691239882e+02 -4.988171385910245177e-03 -1.026818885411011004e-02
3.175112492791283785e+02 -4.977552210674688303e-03 -1.038795955530149272e-02
3.175272792015806544e+02 -4.967831884376914392e-03 -1.050440871001370735e-02
3.175433363511277207e+02 -4.959670032974776779e-03 -1.060193586701955668e-02
3.175756061703089017e+02 -4.940226848763705839e-03 -1.076403892038298692e-02
3.175918341607294906e+02 -4.932524626007184221e-03 -1.082138512455797438e-02
3.176081405605875148e+02 -4.924361195930264563e-03 -1.085844690330633328e-02
3.176244844162841900e+02 -4.921759052751916927e-03 -1.087293957053965185e-02
3.176407594035652551e+02 -4.917594004408107518e-03 -1.086940872896016187e-02
3.176729197741954636e+02 -4.939356453757402093e-03 -1.081681241646508668e-02
3.176888915173758505e+02 -4.953057448931239698e-03 -1.077275910410566834e-02
3.177048899648483484e+02 -4.969894516919133240e-03 -1.071961199356030389e-02
3.177209839471574355e+02 -4.993156600793392796e-03 -1.065874723628896029e-02
3.177533623789271928e+02 -5.038594296959540697e-03 -1.050590461120790714e-02
3.177694997935319634e+02 -5.058516492110487657e-03 -1.041239688176699707e-02
3.177855609372192589e+02 -5.074747784058408588e-03 -1.031405612406700867e-02
3.178015537736195597e+02 -5.087025599627279480e-03 -1.021277627769011376e-02
3.178335891868591148e+02 -5.111978120357179613e-03 -1.000053593589676076e-02
3.178496914050164719e+02 -5.121063559148808335e-03 -9.891108971428327554e-03
3.178658826740617087e+02 -5.123735834802785848e-03 -9.781768772809189619e-03
3.178821805890161158e+02 -5.128550358585396568e-03 -9.675725586815557555e-03
3.179145671703544167e+02 -5.124185670375708788e-03 -9.542571643225278288e-03
3.179306603255772075e+02 -5.122445398064529899e-03 -9.510870223646715124e-03
3.179467095884419336e+02 -5.118845127941633322e-03 -9.408168555282371906e-03
3.179627450136364928e+02 -5.112557024728068764e-03 -9.410046769562009639e-03
3.179947807543578051e+02 -5.097252390944744492e-03 -9.229442071392960148e-03
3.180108161857849041e+02 -5.087284755714295038e-03 -9.162314872013728115e-03
3.180268696103938737e+02 -5.076365479228963154e-03 -9.087742050838006763e-03
3.180429511751059977e+02 -5.066806815915141093e-03 -9.019206273946922536e-03
3.180752560644660889e+02 -5.041333462165924727e-03 -8.879856235082727797e-03
3.180914925282831405e+02 -5.030094760717231973e-03 -8.809695802994592026e-03
3.181077971463344625e+02 -5.017200881486960119e-03 -8.735723895204635173e-03
3.181241452294104874e+02 -5.007330619042896745e-03 -8.658321274876246837e-03
3.181404384325576302e+02 -4.991368956751811824e-03 -8.578098446083601628e-03
3.181728282054638157e+02 -4.964905752763263541e-03 -8.417155210538840651e-03
3.181889531505416358e+02 -4.947812138714483693e-03 -8.340802881231760765e-03
3.182050445459677235e+02 -4.931487308600314597e-03 -8.268322541831336567e-03
3.182211123373216992e+02 -4.916131399750257001e-03 -8.212758494138281198e-03
3.182532372637331832e+02 -4.879709916589864208e-03 -8.176597092456524066e-03
3.182693121442612778e+02 -4.862195823059063324e-03 -8.166642113927214883e-03
3.182854100215463973e+02 -4.844820480409113214e-03 -8.191365781358860357e-03
3.183015438879826320e+02 -4.827696879372223721e-03 -8.235230289928473224e-03
3.183339284105951492e+02 -4.794388479319862569e-03 -8.282714836625678506e-03
3.183501983776282032e+02 -4.775630973956867739e-03 -8.299299250260898375e-03
3.183665230877008412e+02 -4.756526165639685631e-03 -8.310438644331064051e-03
3.183828676501711357e+02 -4.738872877706581770e-03 -8.318875489691873737e-03
3.184153593332554806e+02 -4.699128398823581264e-03 -8.348331458426901108e-03
3.184315306808472883e+02 -4.678578089989852452e-03 -8.368859807364107187e-03
3.184476567980738082e+02 -4.658752917474858618e-03 -8.393939705546032623e-03
3.184637632858460847e+02 -4.638527987410376481e-03 -8.424747537480998735e-03
3.184959144142559353e+02 -4.597947315072880778e-03 -8.493137606864724701e-03
3.185119880956200404e+02 -4.584288419388736144e-03 -8.524400205756179141e-03
3.185280313678352968e+02 -4.574377512644276986e-03 -8.555234381438077407e-03
3.185439271383716573e+02 -4.567824826851704136e-03 -8.582402042073108278e-03
3.185759338172795765e+02 -4.582795465420032126e-03 -8.613971537387282024e-03
3.185922669302991608e+02 -4.607775990372361963e-03 -8.614877496354048092e-03
3.186085674112321726e+02 -4.628748575872435912e-03 -8.605346369698707240e-03
3.186248243229892978e+02 -4.659718479297915786e-03 -8.585312993271403820e-03
3.186410555377422043e+02 -4.682781374015379874e-03 -8.555356976724761905e-03
3.186735584012899949e+02 -4.744689621046342676e-03 -8.488460758593502006e-03
3.186897923696597559e+02 -4.776261959989675822e-03 -8.443774513079144520e-03
3.187059683096051685e+02 -4.810960790686337127e-03 -8.402356752448603139e-03
3.187221005750444078e+02 -4.841512928127428284e-03 -8.354213177634392529e-03
3.187542148952560979e+02 -4.900503358789096153e-03 -8.246108728966914866e-03
3.187701876318678842e+02 -4.929536664250553854e-03 -8.189355710113057490e-03
3.187861716302235777e+02 -4.957081381553405525e-03 -8.135419265463858865e-03
3.188021706673033009e+02 -4.979302787747137173e-03 -8.082049478168313109e-03
3.188343142498538896e+02 -5.023668896640258799e-03 -8.006088939283317538e-03
3.188505134131944487e+02 -5.044326975468080461e-03 -7.963235135697807957e-03
3.188667990580395895e+02 -5.061773092181761670e-03 -7.923975846283430255e-03
3.188831066632553757e+02 -5.079674478391731779e-03 -7.876009693992467448e-03
3.189154460718782502e+02 -5.104957812949358249e-03 -7.779913629658761175e-03
3.189315266596685206e+02 -5.117968590110820101e-03 -7.729741939133186190e-03
3.189475600079446735e+02 -5.128166171505924888e-03 -7.678854718331257906e-03
3.189635797850721133e+02 -5.135694859015038465e-03 -7.626379699485673347e-03
3.189956195158886203e+02 -5.143573168134359976e-03 -7.515191943558273240e-03
3.190116700374412630e+02 -5.142763791515001827e-03 -7.456018466409401572e-03
3.190277423208347614e+02 -5.138430483041783910e-03 -7.394805130312985184e-03
3.190438471646697280e+02 -5.133507393397616393e-03 -7.338285080344816684e-03
3.190761775884344615e+02 -5.118687905509306663e-03 -7.203592641079919166e-03
3.190924140010108658e+02 -5.109245759564127846e-03 -7.142848342572294569e-03
3.191087124851722479e+02 -5.096319146913441678e-03 -7.079591794792472817e-03
3.191250591451242826e+02 -5.085382318745326410e-03 -7.020123053824045556e-03
3.191413764994583175e+02 -5.068627097212232216e-03 -6.969615079014539888e-03
3.191738081791550030e+02 -5.038279398577838811e-03 -6.935386840763720778e-03
3.191899504991047820e+02 -5.019271641291208133e-03 -7.065989089320919535e-03
3.192060471393497778e+02 -5.000839184272274501e-03 -7.196373648320235870e-03
3.192221192526166078e+02 -4.982584296727453343e-03 -7.376616703776356539e-03
3.192542054401469613e+02 -4.941876179499047998e-03 -7.681847221416455811e-03
3.192702494831480067e+02 -4.921082959361897449e-03 -7.812297952529691572e-03
3.192863103730084049e+02 -4.900357322440295968e-03 -7.918391347839896094e-03
3.193024087721080946e+02 -4.877861012060786226e-03 -8.043903799663697923e-03
3.193347295625912921e+02 -4.833206657060654630e-03 -8.360027608311915506e-03
3.193509853449594402e+02 -4.809988742758287451e-03 -8.553479574234097021e-03
3.193673103445108268e+02 -4.785735950590419042e-03 -8.790279864021005585e-03
3.193836491509790108e+02 -4.766530418360561197e-03 -9.034749484005059894e-03
3.194160806452067050e+02 -4.726078745865784810e-03 -9.639326746439819821e-03
3.194322068979858500e+02 -4.709561442377472457e-03 -9.984064507153864870e-03
3.194482855877228076e+02 -4.693820610311088583e-03 -1.033423236237304699e-02
3.194643373484145172e+02 -4.679709921916679928e-03 -1.068100204534097077e-02
3.194803552231981030e+02 -4.666395559878862287e-03 -1.100683981810712808e-02
3.195124055496103210e+02 -4.642455785344608982e-03 -1.156400251077346897e-02
3.195284504401526533e+02 -4.632057306557513070e-03 -1.179163079602808632e-02
3.195445236313908026e+02 -4.623387058749109380e-03 -1.197655783001875564e-02
3.195606475073195725e+02 -4.614490108621178630e-03 -1.213452989888001883e-02
3.195930657995555748e+02 -4.601302627717226978e-03 -1.234609156494851680e-02
3.196093821284134151e+02 -4.594498843603881007e-03 -1.239668475807872289e-02
3.196257156125674328e+02 -4.589344880905029019e-03 -1.241771507229058255e-02
3.196419866778138612e+02 -4.582068605104835067e-03 -1.241329939346137202e-02
3.196743366650467806e+02 -4.570199794513590819e-03 -1.234970796080143984e-02
3.196904543833642833e+02 -4.560983668093019500e-03 -1.229657812177968775e-02
3.197065359374497007e+02 -4.557175020609927941e-03 -1.223662142608756068e-02
3.197225245382806520e+02 -4.564481875571783052e-03 -1.216927574188384105e-02
3.197542660019662435e+02 -4.584327277288571464e-03 -1.201444129596892889e-02
3.197703361966160287e+02 -4.601053326143286770e-03 -1.192571725590342059e-02
3.197865930698417287e+02 -4.619079944926700147e-03 -1.183397361739039338e-02
3.198027880283846116e+02 -4.637742324877695312e-03 -1.174109899483459854e-02
3.198349894896633145e+02 -4.667769397369198742e-03 -1.155830020073992520e-02
3.198511402600771589e+02 -4.673734354662678267e-03 -1.146577744945998997e-02
3.198673352823678897e+02 -4.680522226524370770e-03 -1.137517101572015597e-02
3.198836195411082599e+02 -4.685395443319085619e-03 -1.128841499433303613e-02
3.199160488481635980e+02 -4.686174860449706693e-03 -1.113495010202847704e-02
3.199321238889164079e+02 -4.686190601684657626e-03 -1.129800709319215418e-02
3.199481514908625854e+02 -4.684438906714072717e-03 -1.102943718170659206e-02
3.199641624990684363e+02 -4.684157427699903696e-03 -1.114872898043851868e-02
3.199801540413326961e+02 -4.680032234451003519e-03 -1.107585356335115227e-02
3.200122048650205215e+02 -4.669431554605560190e-03 -1.092507556862701810e-02
3.200282674363181172e+02 -4.661689904221616096e-03 -1.086756943246530716e-02
3.200443651630219506e+02 -4.655583595086620202e-03 -1.079525716136557970e-02
3.200605060160512494e+02 -4.646555528851461017e-03 -1.072229833757417337e-02
3.200929385110508747e+02 -4.630563868878534960e-03 -1.056075777143229873e-02
3.201092501831170125e+02 -4.620162738794872208e-03 -1.046843416860718419e-02
3.201255927625381901e+02 -4.611745226448623301e-03 -1.036893565819319019e-02
3.201418814246802071e+02 -4.599781851991767770e-03 -1.026627532982169085e-02
3.201742639723896104e+02 -4.578169126697850984e-03 -1.006568116496056424e-02
3.201903934413636534e+02 -4.563529606740526941e-03 -9.982223336581398307e-03
3.202064887654936456e+02 -4.548941930658800814e-03 -9.932886126391928319e-03
3.202225570496505611e+02 -4.535282738511900794e-03 -9.929879887651519091e-03
3.202546866183134853e+02 -4.505520086965667144e-03 -1.002851357984721123e-02
3.202707629270595362e+02 -4.490928818202674817e-03 -1.013595101356384864e-02
3.202868633168655492e+02 -4.476475675756151282e-03 -1.023457204361363608e-02
3.203029967151819619e+02 -4.461996607777945351e-03 -1.033862915107913553e-02
3.203353854284760587e+02 -4.433183972724969411e-03 -1.050717843212508121e-02
3.203516582977871963e+02 -4.417830229716138667e-03 -1.058336806288416761e-02
3.203679920126538150e+02 -4.400736439854317610e-03 -1.066214945368434454e-02
3.203843288969733294e+02 -4.386677555418450232e-03 -1.076867676246681324e-02
3.204005961653118675e+02 -4.368352658648143663e-03 -1.088323398860110980e-02
3.204329709075522601e+02 -4.335216584438898561e-03 -1.119269426991621394e-02
3.204490913063910966e+02 -4.317668242165042559e-03 -1.136673788723970360e-02
3.204651895428298189e+02 -4.300786003098372272e-03 -1.154027008414401818e-02
3.204812590526337885e+02 -4.282875673628513437e-03 -1.170744915468796728e-02
3.205133556283306007e+02 -4.264703809462242791e-03 -1.200145377464940932e-02
3.205292571548950491e+02 -4.262596571184795215e-03 -1.211612851147077750e-02
3.205451504800889779e+02 -4.267484732276850476e-03 -1.219406077731788156e-02
3.205611559011715030e+02 -4.282302067017332639e-03 -1.225305625762189259e-02
3.205937028837415710e+02 -4.338787835237987479e-03 -1.227938159325672740e-02
3.206100205901861386e+02 -4.371380783730555511e-03 -1.225511189708128681e-02
3.206262873943265390e+02 -4.409698211856353731e-03 -1.220443942551612329e-02
3.206425375848576778e+02 -4.445659102134455649e-03 -1.212603391072475389e-02
3.206750585494430652e+02 -4.539318156288461859e-03 -1.192612450909446772e-02
3.206913040979026164e+02 -4.586133112985733666e-03 -1.180914826952093530e-02
3.207074946668794269e+02 -4.637939257004916258e-03 -1.168476480007302719e-02
3.207236285227248231e+02 -4.687497851128972527e-03 -1.155906581190855632e-02
3.207557622527172612e+02 -4.784915053865400683e-03 -1.129173238819925276e-02
3.207717592430813056e+02 -4.835324505658899520e-03 -1.115239176322918579e-02
3.207877666150246796e+02 -4.886993182510603918e-03 -1.101296818935968910e-02
3.208037485691985466e+02 -4.932376171391509093e-03 -1.087113652620890110e-02
3.208358489784677658e+02 -5.024029131472067776e-03 -1.061018272423470965e-02
3.208520015554756242e+02 -5.065944312031257779e-03 -1.048535479799892096e-02
3.208682487406542805e+02 -5.104247334474329434e-03 -1.036418497650223869e-02
3.208845424492819234e+02 -5.141481528580728495e-03 -1.024632523560979787e-02
3.209007429420375956e+02 -5.176590919187960133e-03 -1.013320458272338326e-02
3.209329354214705177e+02 -5.237153659539561454e-03 -9.921335761876457632e-03
3.209489608335669004e+02 -5.261844249897597303e-03 -9.823920383022832076e-03
3.209649644408049767e+02 -5.284197880948532898e-03 -9.734908026372387363e-03
3.209809513642995853e+02 -5.301309183803368935e-03 -9.650394371961475148e-03
3.210129940180046333e+02 -5.324279486410649076e-03 -9.473685790210626886e-03
3.210290464546226303e+02 -5.330628523680141367e-03 -9.377095320574728443e-03
3.210451354105403539e+02 -5.332654227023100879e-03 -9.280948333076372708e-03
3.210612721833875298e+02 -5.332482352267381431e-03 -9.184403760687144189e-03
3.210937046685016298e+02 -5.328583392141292979e-03 -9.008080277722612175e-03
3.211100184650501888e+02 -5.323161055547500492e-03 -8.915220684497198247e-03
3.211263662633455738e+02 -5.316122172108561292e-03 -8.827859339241980394e-03
3.211426653518939247e+02 -5.306428636675864993e-03 -8.744027147123082516e-03
3.211750657127013255e+02 -5.285605105833201221e-03 -8.586867423516329409e-03
3.211912007403379334e+02 -5.271579335593607786e-03 -8.517673230077184646e-03
3.212072945205491692e+02 -5.256549925844218249e-03 -8.465553309187447140e-03
3.212233610383902942e+02 -5.241052415257664576e-03 -8.574329865467293643e-03
3.212554363100783803e+02 -5.211195400493772757e-03 -8.710441087452109113e-03
3.212714712372458052e+02 -5.195475588828466634e-03 -8.880490546688215095e-03
3.212875222042341079e+02 -5.180782266283571677e-03 -8.976594011856560071e-03
3.213036068398313887e+02 -5.162849075235917927e-03 -9.104619778572077896e-03
3.213358919805133951e+02 -5.127118797834062658e-03 -9.356308405110064230e-03
3.213521328027690060e+02 -5.107054443232584943e-03 -9.457406318306554524e-03
3.213684486770432045e+02 -5.084856736154991577e-03 -9.608416181338326131e-03
3.213847833373777689e+02 -5.066550217798673587e-03 -9.734804469030453045e-03
3.214010327726048786e+02 -5.046368695746333670e-03 -9.885191325493213749e-03
3.214333368740941523e+02 -5.014457057972216379e-03 -1.020440395413998481e-02
3.214494177467864233e+02 -5.000335953224184331e-03 -1.036824039773079006e-02
3.214654679537385960e+02 -4.988223147360466674e-03 -1.052506973130784909e-02
3.214814820536985280e+02 -4.977398357035575649e-03 -1.067271398835351916e-02
3.215135241801053212e+02 -4.954003904175599202e-03 -1.094360212110485377e-02
3.215295675374002258e+02 -4.943318339724227413e-03 -1.106173793294387697e-02
3.215456430514930162e+02 -4.932485271588175901e-03 -1.116527035610226024e-02
3.215617664277655194e+02 -4.922669385506393477e-03 -1.125664658893863780e-02
3.215941880046286201e+02 -4.905929590894989034e-03 -1.138815959187158833e-02
3.216105078041921388e+02 -4.898687597874030325e-03 -1.142495710323373874e-02
3.216268539077505011e+02 -4.895905960710792912e-03 -1.143930090259000394e-02
3.216431238538291950e+02 -4.895329353152391358e-03 -1.143416239894323033e-02
3.216752572707256377e+02 -4.919405603664726671e-03 -1.136975541967419519e-02
3.216912219798788328e+02 -4.940610941866650438e-03 -1.131915833703195720e-02
3.217072132351747769e+02 -4.963513854180688113e-03 -1.125947312845892480e-02
3.217233013637796830e+02 -4.992465099984164795e-03 -1.119055001751184317e-02
3.217556815548445570e+02 -5.055642317299939743e-03 -1.102087886592200729e-02
3.217718190690663391e+02 -5.082958930981871723e-03 -1.091710203018252633e-02
3.217878705535553649e+02 -5.107795521281506719e-03 -1.080793089762118603e-02
3.218038564107387174e+02 -5.127208462803670673e-03 -1.069315152686260185e-02
3.218358845561889439e+02 -5.168799445465147371e-03 -1.045365561438459275e-02
3.218519792864819919e+02 -5.182043875655809907e-03 -1.032898013061461090e-02
3.218681743461245333e+02 -5.191096246386588293e-03 -1.020596540555992505e-02
3.218844676044421931e+02 -5.198790416292858700e-03 -1.008334543859369485e-02
3.219006751900196832e+02 -5.203607458683387997e-03 -9.969352746208595684e-03
3.219328913462391597e+02 -5.205751660401747825e-03 -9.906322775713806081e-03
3.219489367489554184e+02 -5.202200873922519994e-03 -9.741857776659108153e-03
3.219649722995712295e+02 -5.197196096342629468e-03 -9.733810892011713484e-03
3.219809881258663040e+02 -5.190824349304819577e-03 -9.653661684577237792e-03
3.220130503547802618e+02 -5.171779617967766848e-03 -9.473069596893391245e-03
3.220291059823395585e+02 -5.160911621697550876e-03 -9.391332675620254686e-03
3.220451925018033990e+02 -5.149146890839613293e-03 -9.307357887415096745e-03
3.220613243019611218e+02 -5.136945059360376389e-03 -9.225251006193648309e-03
3.220937587563362854e+02 -5.113923943893498338e-03 -9.060640363067622854e-03
3.221100774920864183e+02 -5.101530849471261515e-03 -8.977427401391542897e-03
3.221264208825861601e+02 -5.088670907782510619e-03 -8.892255261581091808e-03
3.221427030113366641e+02 -5.074296666554742666e-03 -8.805338941079583412e-03
3.221750761902603131e+02 -5.045835489674609271e-03 -8.637485426957936321e-03
3.221912023096326152e+02 -5.028026030448259909e-03 -8.559396150286197047e-03
3.222072980713563766e+02 -5.009563075750379790e-03 -8.496182467781256131e-03
3.222233653638970168e+02 -4.991835319226692845e-03 -8.442719939893587877e-03
3.222554953758271949e+02 -4.955691560404843973e-03 -8.364299969227714099e-03
3.222715724372432078e+02 -4.937684326476740083e-03 -8.333323790033146661e-03
3.222876746192644646e+02 -4.920247613873899618e-03 -8.308977207098855802e-03
3.223038092738023579e+02 -4.902043325845163377e-03 -8.292817877850957795e-03
3.223362014308300445e+02 -4.865751893785086497e-03 -8.289498496632075053e-03
3.223524761868085307e+02 -4.847292076238883703e-03 -8.302359338191645302e-03
3.223688144414917360e+02 -4.826860199918190167e-03 -8.324199815683719361e-03
3.223851465831072005e+02 -4.809771502002539376e-03 -8.352052609973041261e-03
3.224014146157445566e+02 -4.787277601607665967e-03 -8.385742077998289967e-03
3.224337821520667262e+02 -4.747946462206499921e-03 -8.480390863475746610e-03
3.224498993078810827e+02 -4.727072769926181535e-03 -8.553747281244432690e-03
3.224659976477643113e+02 -4.707067315793909794e-03 -8.630803822411403994e-03
3.224820687445543967e+02 -4.686778350412418651e-03 -8.708521278394880383e-03
3.225142033685764886e+02 -4.647813998699936756e-03 -8.849660385404564678e-03
3.225302870283923653e+02 -4.629472146745147211e-03 -8.908587426187481936e-03
3.225464041192381615e+02 -4.609923462299947601e-03 -8.953264847461919057e-03
3.225625494857665103e+02 -4.593751506796057461e-03 -8.991888097448080819e-03
3.225949899964313090e+02 -4.561794933975605280e-03 -9.034284829872779934e-03
3.226113126305208425e+02 -4.546375867976885747e-03 -9.036005397279618656e-03
3.226276449770713839e+02 -4.530700709618647182e-03 -9.021807207942149354e-03
3.226438894556971491e+02 -4.518520184755331522e-03 -8.992563608528680863e-03
3.226601071071182787e+02 -4.505023865046465376e-03 -8.963478162597180929e-03
3.226925137835459623e+02 -4.485936949527020642e-03 -8.891984160071988996e-03
3.227086588493917816e+02 -4.479109694445353868e-03 -8.850777697880478009e-03
3.227247695288419322e+02 -4.471245815923815918e-03 -8.803881928078113872e-03
3.227408153772483956e+02 -4.465797334307301976e-03 -8.749330220011454842e-03
3.227727970831542734e+02 -4.455606200609724121e-03 -8.633116068025558851e-03
3.227888271759865688e+02 -4.455312138384291340e-03 -8.571539047672233763e-03
3.228048642299718836e+02 -4.451355416897023569e-03 -8.507713803467499211e-03
3.228209182889806357e+02 -4.451582540262721648e-03 -8.443915885455025028e-03
3.228531975102313254e+02 -4.459699207515824097e-03 -8.318253417874867800e-03
3.228694735190144911e+02 -4.465645376856665523e-03 -8.256109684674488303e-03
3.228857910785005174e+02 -4.474344848001912504e-03 -8.193976822025461973e-03
3.229020114766004781e+02 -4.483576205711876754e-03 -8.148671929553413101e-03
3.229342169024124019e+02 -4.506730622354948416e-03 -8.047044306534627267e-03
3.229502414381381641e+02 -4.517642310509186604e-03 -7.995680993015718066e-03
3.229662489702259904e+02 -4.530379854724541321e-03 -7.935223443053291900e-03
3.229822375615440819e+02 -4.541346128680099486e-03 -7.872060850910515828e-03
3.230142817476374262e+02 -4.559568339859292573e-03 -7.734754667075635116e-03
3.230303393842029323e+02 -4.566293487622602801e-03 -7.660551475093713321e-03
3.230464369069337636e+02 -4.570354056903868332e-03 -7.582295553637530966e-03
3.230625829906381909e+02 -4.574265295248553138e-03 -7.503146988913913899e-03
3.230950261028851855e+02 -4.578617019604346028e-03 -7.358725549614511009e-03
3.231113399909334589e+02 -4.578854385926344958e-03 -7.289858421736948070e-03
3.231276821361499856e+02 -4.576045279189067637e-03 -7.220453074703812521e-03
3.231439659539747709e+02 -4.573425353167672944e-03 -7.149551421040182403e-03
3.231601830930987944e+02 -4.569011551689749866e-03 -7.088376286631001451e-03
3.231924870862199555e+02 -4.555785748844257133e-03 -7.130173243902739218e-03
3.232085889765521074e+02 -4.546255929465493201e-03 -7.244210820008504734e-03
3.232246597930724761e+02 -4.535798386797985741e-03 -7.367301649721212306e-03
3.232407178122915639e+02 -4.526375097367365055e-03 -7.561466476433335686e-03
3.232728333153155518e+02 -4.503963395490711077e-03 -7.815070595966439743e-03
3.232889197108751205e+02 -4.492819457006100824e-03 -7.899698138544516274e-03
3.233050401368705025e+02 -4.478332543750906079e-03 -7.990464034169841509e-03
3.233212003039217848e+02 -4.463530867210242260e-03 -8.071832480905254126e-03
3.233536854903837821e+02 -4.435421677518616018e-03 -8.282480583325967441e-03
3.233700335442102869e+02 -4.420242786375237938e-03 -8.439888595946945862e-03
3.233863462469851697e+02 -4.406073753754197013e-03 -8.633324860673537160e-03
3.234025913181862961e+02 -4.390060171891510023e-03 -8.861580256904913119e-03
3.234348848467187167e+02 -4.363970151756980248e-03 -9.388972525580126932e-03
3.234509581772533124e+02 -4.350706312013266110e-03 -9.712610815925433114e-03
3.234670131817749166e+02 -4.339848264664559682e-03 -1.006404658053829983e-02
3.234830386382516281e+02 -4.328436394357349469e-03 -1.041594777208221072e-02
3.235151075246890855e+02 -4.307739318528827979e-03 -1.108998639662447418e-02
3.235311601877709222e+02 -4.299774671330247600e-03 -1.138520974299734971e-02
3.235472466353884897e+02 -4.292039201664378002e-03 -1.164362465893315456e-02
3.235633801382247725e+02 -4.287259823992579759e-03 -1.187079822211231303e-02
3.235958127715051660e+02 -4.279123326231065727e-03 -1.220304234483252613e-02
3.236121299118669867e+02 -4.278483492172208830e-03 -1.232563933494672595e-02
3.236284751990163500e+02 -4.275404313371787730e-03 -1.241114537992443929e-02
3.236447565062802028e+02 -4.276507508874677344e-03 -1.245637038097021677e-02
3.236609561116547411e+02 -4.274491352797431080e-03 -1.247393737548301886e-02
3.236931725950040004e+02 -4.271959579703320589e-03 -1.241470512887366505e-02
3.237092132749118605e+02 -4.269749767355759430e-03 -1.234917864872778388e-02
3.237252237441453531e+02 -4.268364461474360647e-03 -1.226297253823641423e-02
3.237412495240936892e+02 -4.271391984473882873e-03 -1.215728683403666764e-02
3.237733899417162888e+02 -4.279893689125420682e-03 -1.190508967262355645e-02
3.237894435938676452e+02 -4.287319073502785828e-03 -1.176258145510354625e-02
3.238054818410215034e+02 -4.290814485219847374e-03 -1.161231549599878350e-02
3.238215468505435979e+02 -4.295530741646298722e-03 -1.146106411917398316e-02
3.238538484750270641e+02 -4.311743348510041832e-03 -1.114999942802119039e-02
3.238701425290557836e+02 -4.322807503625537666e-03 -1.099668295768308282e-02
3.238864428406651541e+02 -4.335115025571640787e-03 -1.084896301193677762e-02
3.239026515303385736e+02 -4.349053811547030392e-03 -1.071590676175699156e-02
3.239348542353570792e+02 -4.381252474904127718e-03 -1.049814938111222513e-02
3.239508839645887974e+02 -4.397262830360935265e-03 -1.039756265924498928e-02
3.239668970134691790e+02 -4.415807690125750709e-03 -1.029937259665288443e-02
3.239828833126389327e+02 -4.432295867302642189e-03 -1.018726158490773463e-02
3.240149163936417835e+02 -4.462284219297084353e-03 -1.001944957985159354e-02
3.240309625045579764e+02 -4.475467305136212638e-03 -9.977936659672510811e-03
3.240470432496252329e+02 -4.485880493522480944e-03 -9.886036228404990189e-03
3.240631790998556880e+02 -4.496263852721979308e-03 -9.790735289392398996e-03
3.240956156792015577e+02 -4.511806315449491331e-03 -9.616687785201138983e-03
3.241119357514589865e+02 -4.519039539597341504e-03 -9.524299646562480598e-03
3.241282717273242042e+02 -4.521474352246105700e-03 -9.431222162530389710e-03
3.241445379734875019e+02 -4.526509768199789112e-03 -9.337789662321774667e-03
3.241607382472579957e+02 -4.528117670768607231e-03 -9.251814379912523881e-03
3.241930087454398972e+02 -4.529252085257139127e-03 -9.172137586565353926e-03
3.242090981266589438e+02 -4.526428945336242321e-03 -9.164691508796519656e-03
3.242251562050200846e+02 -4.522097429873592547e-03 -9.225904697658028619e-03
3.242412106109132992e+02 -4.519145896393231797e-03 -9.296256805718095678e-03
3.242733306556414732e+02 -4.509647738116767668e-03 -9.459801815659505536e-03
3.242894215073153532e+02 -4.504780378306193558e-03 -9.533605002377962961e-03
3.243055491035002547e+02 -4.496335503893118812e-03 -9.602516814652940769e-03
3.243217204193853718e+02 -4.487928323251061738e-03 -9.667540332702810255e-03
3.243542241043170407e+02 -4.473165940088867296e-03 -9.795866564679392083e-03
3.243705746058335535e+02 -4.465572096254056926e-03 -9.883598766184789608e-03
3.243868807571222419e+02 -4.457066684176940775e-03 -1.000794069991227213e-02
3.244031261867180547e+02 -4.446149122843303172e-03 -1.016189835140040264e-02
3.244354320472680797e+02 -4.428969660320141929e-03 -1.054532568032227023e-02
3.244515209911772331e+02 -4.418956110898577573e-03 -1.076077128128123672e-02
3.244675908250288217e+02 -4.410079536857682350e-03 -1.097426304476970156e-02
3.244836386285185768e+02 -4.400508988148511824e-03 -1.118197002748378896e-02
3.245157493925588597e+02 -4.383316728415270758e-03 -1.156542454518523499e-02
3.245318258966205462e+02 -4.375987207232408770e-03 -1.172446242618995979e-02
3.245479413460245155e+02 -4.368625817051642601e-03 -1.186526500059922884e-02
3.245641118414459925e+02 -4.366226398718157410e-03 -1.199265695837866373e-02
3.245803536190173872e+02 -4.362954967593886575e-03 -1.210029055617205598e-02
3.246128779483544804e+02 -4.362475822906167894e-03 -1.224614903055902364e-02
3.246291724430633963e+02 -4.360775733773821113e-03 -1.228366523076660985e-02
3.246455162049207956e+02 -4.364389366585626207e-03 -1.230019355880460942e-02
3.246618348991726748e+02 -4.367938592279987237e-03 -1.228322508993670396e-02
3.246942625077731464e+02 -4.377042177306516950e-03 -1.220617539287876217e-02
3.247103484604167534e+02 -4.381699833889881809e-03 -1.214841716289356659e-02
3.247263960875704356e+02 -4.385806457788881361e-03 -1.208383817515954958e-02
3.247423965176971024e+02 -4.397011948788479355e-03 -1.201036415563972067e-02
3.247743427473216116e+02 -4.422450405954394745e-03 -1.183830878007651605e-02
3.247903401563575585e+02 -4.441640584050296145e-03 -1.174078709933516936e-02
3.248063374876080047e+02 -4.457836731549997406e-03 -1.163260660806789831e-02
3.248223828916127900e+02 -4.479286445102821645e-03 -1.152088203889658005e-02
3.248546766966562700e+02 -4.533075310987285528e-03 -1.128183787107139846e-02
3.248709654779551101e+02 -4.562445693148158704e-03 -1.116001818569711812e-02
3.248872427070041908e+02 -4.591196554090037386e-03 -1.106859228247043629e-02
3.249034286301504721e+02 -4.621483887448464556e-03 -1.100426343766472068e-02
3.249355892343967867e+02 -4.682112412014952096e-03 -1.079620848554149401e-02
3.249516006042630352e+02 -4.709125860563379874e-03 -1.068026506285976729e-02
3.249675960431785029e+02 -4.738241594042426168e-03 -1.055979402332678056e-02
3.249835727791734143e+02 -4.762370334633570131e-03 -1.044371428850447009e-02
3.250155942777931841e+02 -4.806576242365960538e-03 -1.020454013399691058e-02
3.250316429493020678e+02 -4.825263909097405636e-03 -1.007998023056197109e-02
3.250477308675923496e+02 -4.840223037026569579e-03 -9.956222466084118164e-03
3.250638765949921662e+02 -4.854727536155736649e-03 -9.855352332993750145e-03
3.250800797744322495e+02 -4.865363666642320492e-03 -9.747740762070274470e-03
3.251126602230190770e+02 -4.883474156370436192e-03 -9.526272365224450200e-03
3.251289971482930810e+02 -4.886009310154071882e-03 -9.415959257923324846e-03
3.251452631863581360e+02 -4.892294872558292269e-03 -9.307675638513189867e-03
3.251614719214627485e+02 -4.892713343037182784e-03 -9.205213381802631462e-03
3.251937517473029970e+02 -4.892156335179371172e-03 -9.006423429317346810e-03
3.252098455486291755e+02 -4.887756229508381095e-03 -8.914299877455858501e-03
3.252259075314323695e+02 -4.881569500639088878e-03 -8.861006779803577010e-03
3.252419612273861276e+02 -4.877175583038051952e-03 -8.924979463498277504e-03
3.252740775102032558e+02 -4.863423562604716685e-03 -8.998356758150130238e-03
3.252901650205961346e+02 -4.856792579657131723e-03 -9.040285985536120061e-03
3.253062855120398922e+02 -4.845533866573893331e-03 -9.109965145321590949e-03
3.253224493237581783e+02 -4.834285504281014313e-03 -9.172721897166389790e-03
3.253549432986268357e+02 -4.812951518256025976e-03 -9.254679362616131597e-03
3.253712956746416580e+02 -4.803009959812020238e-03 -9.314608368867102056e-03
3.253875989423671626e+02 -4.790413086925074219e-03 -9.394939481681669965e-03
3.254038405200927855e+02 -4.778520946201645324e-03 -9.482359676442616431e-03
3.254200073121168657e+02 -4.767664072957644716e-03 -9.599593802401291259e-03
3.254522023294111364e+02 -4.746484570778888162e-03 -9.893523770159678640e-03
3.254682598918309964e+02 -4.737734779803954438e-03 -1.006086358893007113e-02
3.254842940968173934e+02 -4.726713308627306445e-03 -1.025113769502091453e-02
3.255003331092893859e+02 -4.716250893652720357e-03 -1.044847820225172641e-02
3.255324487453468123e+02 -4.698652301769534918e-03 -1.089563490294778378e-02
3.255485539812522688e+02 -4.690007592683933559e-03 -1.111841960355232882e-02
3.255647000052749149e+02 -4.684988764384070102e-03 -1.134666000353728652e-02
3.255809033075527168e+02 -4.679067966023502806e-03 -1.153317103936989108e-02
3.256134922830142955e+02 -4.670018030837400948e-03 -1.180286887485968404e-02
3.256298197651970554e+02 -4.663826287962490914e-03 -1.186979238010809137e-02
3.256460661943777950e+02 -4.661258068330541467e-03 -1.190906849596499312e-02
3.256622579374030693e+02 -4.654604183272488017e-03 -1.192622502775301380e-02
3.256944983662835398e+02 -4.651327679927826086e-03 -1.190197568008065018e-02
3.257104988528868148e+02 -4.659842279610754666e-03 -1.186869293320984807e-02
3.257263657924218023e+02 -4.669900395949594558e-03 -1.181772745832635092e-02
3.257422825598068243e+02 -4.687881490099214329e-03 -1.175231675525486089e-02
3.257746084635813304e+02 -4.733112874888370340e-03 -1.157402132342070546e-02
3.257907589696572472e+02 -4.755322878466939143e-03 -1.146359658740171705e-02
3.258068489554170810e+02 -4.773858222724709950e-03 -1.134620368257096765e-02
3.258229136589321229e+02 -4.786349310048103149e-03 -1.122502942226459750e-02
3.258551667568028165e+02 -4.815416030884353549e-03 -1.096901156393817987e-02
3.258713871830135531e+02 -4.825699382960993780e-03 -1.083994675778390468e-02
3.258876930440290494e+02 -4.834947035490606143e-03 -1.071263675543210163e-02
3.259039042483420303e+02 -4.842826286325151684e-03 -1.058986241094997047e-02
3.259200149750373043e+02 -4.850272426008613025e-03 -1.047657474295161754e-02
3.259520838028223579e+02 -4.857674083872176758e-03 -1.028859931451468236e-02
3.259680959418217299e+02 -4.862885698556069711e-03 -1.031616044334682930e-02
3.259840986171186046e+02 -4.862161611508239271e-03 -1.014182919729949249e-02
3.260001327930085040e+02 -4.859753222227138243e-03 -1.015865840118600379e-02
3.260322671332787650e+02 -4.851783579465439311e-03 -9.949075160662665396e-03
3.260483817703338900e+02 -4.844789748103469317e-03 -9.869910141692717423e-03
3.260645327596942593e+02 -4.840085478782988997e-03 -9.788810490732909389e-03
3.260807351440405455e+02 -4.832945271624677561e-03 -9.700326690648864922e-03
3.261133110323324900e+02 -4.819024405352834509e-03 -9.516223579395336266e-03
3.261296517369533490e+02 -4.807327850361070749e-03 -9.418848025390426371e-03
3.261459210726661127e+02 -4.799988947497806600e-03 -9.321467021609915193e-03
3.261621317251931487e+02 -4.787113665132457750e-03 -9.230285434518896090e-03
3.261944079100907743e+02 -4.763266473523418768e-03 -9.050090933294570317e-03
3.262105026647730028e+02 -4.747924443501069791e-03 -8.965709655329823918e-03
3.262265668502501512e+02 -4.732407841177570414e-03 -8.884496282809862741e-03
3.262426271174334147e+02 -4.718771170424352658e-03 -8.814006036367678931e-03
3.262747670333509404e+02 -4.688549844487996214e-03 -8.741436920965160035e-03
3.262908723003769751e+02 -4.675113637342821586e-03 -8.739504102575562997e-03
3.263070074868013535e+02 -4.657782505084472578e-03 -8.754267261819808493e-03
3.263231877720882608e+02 -4.640931300681864873e-03 -8.776574388969777055e-03
3.263557054220150349e+02 -4.608325613340642085e-03 -8.845144003331459337e-03
3.263720598472704069e+02 -4.593451586141222495e-03 -8.875393184392295354e-03
3.263883734139507169e+02 -4.575526339220526567e-03 -8.907672182874247155e-03
3.264046244242534272e+02 -4.558815295170655195e-03 -8.940771078644186784e-03
3.264208087483058875e+02 -4.541203621428010345e-03 -8.987720361581139419e-03
3.264530499801879841e+02 -4.507504472808365227e-03 -9.092658692180602756e-03
3.264691285851531006e+02 -4.491926470779183250e-03 -9.152333299280989223e-03
3.264851882281495818e+02 -4.474100256184431260e-03 -9.215568140597684907e-03
3.265012465684660583e+02 -4.457347817712662731e-03 -9.283872651556496561e-03
3.265333951223496456e+02 -4.426476502608280884e-03 -9.426394451614318257e-03
3.265495160778090167e+02 -4.411219561775635636e-03 -9.491018732351424667e-03
3.265656717125777959e+02 -4.399203081678745332e-03 -9.549420590808288881e-03
3.265818790760673096e+02 -4.386215906940676805e-03 -9.593772570769957750e-03
3.266144747690298686e+02 -4.362583707326328324e-03 -9.663731082155620905e-03
3.266308075265947082e+02 -4.350449636130710764e-03 -9.702705236174625700e-03
3.266470556745462659e+02 -4.341727458713170833e-03 -9.733352779839546040e-03
3.266632685894642236e+02 -4.330340284578056663e-03 -9.761765382016316522e-03
3.266956059303121833e+02 -4.316042836924139335e-03 -9.792922233355356651e-03
3.267117292451144976e+02 -4.310858654270108455e-03 -9.795704569409903473e-03
3.267278206347697846e+02 -4.305204094637376036e-03 -9.786642007610056593e-03
3.267438524083543712e+02 -4.301095326558445654e-03 -9.771812155834823724e-03
3.267758948858022450e+02 -4.294903247996992822e-03 -9.718149115531170279e-03
3.267919435249853564e+02 -4.293103154775309259e-03 -9.683279891985949878e-03
3.268079841388321256e+02 -4.290511778278245994e-03 -9.641595013698944089e-03
3.268240576328047382e+02 -4.289189458242266724e-03 -9.591414232862086747e-03
3.268401754904934933e+02 -4.291653546588683477e-03 -9.536704625666496057e-03
3.268726438001281736e+02 -4.305228729463161236e-03 -9.412323107421440016e-03
3.268889611690677839e+02 -4.315012648838940923e-03 -9.346380192179166296e-03
3.269051833495392998e+02 -4.324845427895703150e-03 -9.280856081427498946e-03
3.269213240468737922e+02 -4.339038892157252511e-03 -9.242481036346610057e-03
3.269534010887262525e+02 -4.366075277373076408e-03 -9.122452858624223448e-03
3.269693935125222310e+02 -4.383304060842141414e-03 -9.086003259871945625e-03
3.269853645395425588e+02 -4.394928816511180919e-03 -8.996618155669957456e-03
3.270013582323556989e+02 -4.408666050122489813e-03 -8.913529303232615997e-03
3.270334245590830733e+02 -4.433002779377401281e-03 -8.736027089287104128e-03
3.270495167892390782e+02 -4.441556412375686699e-03 -8.643323378229072693e-03
3.270656644352420699e+02 -4.450976124655827044e-03 -8.548961285348849470e-03
3.270818694585465209e+02 -4.457442971561924490e-03 -8.463364772245433529e-03
3.271144558463057592e+02 -4.466275495384153423e-03 -8.282156497992170657e-03
3.271307849220206663e+02 -4.467729608886744988e-03 -8.195491765701532622e-03
3.271470432730019411e+02 -4.470333534886687839e-03 -8.103294714604358795e-03
3.271632524901504553e+02 -4.467357014753740689e-03 -8.019718482445424221e-03
3.271955190525169428e+02 -4.462451923565724857e-03 -7.960716739546411583e-03
3.272116102765575079e+02 -4.456674793438661006e-03 -8.093454956594333186e-03
3.272276695050081230e+02 -4.449674523097006500e-03 -8.141171262772865097e-03
3.272437209808587113e+02 -4.443476394295452214e-03 -8.379079969894084531e-03
3.272758368485061169e+02 -4.426630942894534994e-03 -8.622449575476422504e-03
3.272919275437124611e+02 -4.418652374826803619e-03 -8.720509870817658854e-03
3.273080500106223667e+02 -4.406692252784937328e-03 -8.808919031037502553e-03
3.273242190483171044e+02 -4.394958863750032460e-03 -8.882801932393546984e-03
3.273404438073815754e+02 -4.383036912766441300e-03 -8.951240550903245830e-03
3.273730869654123694e+02 -4.360191729165401042e-03 -9.148656371870046711e-03
3.273893862361649667e+02 -4.345807575416838452e-03 -9.289829994534785571e-03
3.274056165720297145e+02 -4.335244763411331796e-03 -9.462359677525481946e-03
3.274217787640976667e+02 -4.322984296350495560e-03 -9.667069106120132135e-03
3.274539561228290836e+02 -4.299611395378733283e-03 -1.013858972345803647e-02
3.274700026083072544e+02 -4.290932324507296808e-03 -1.038719867147022517e-02
3.274860296776358268e+02 -4.278845925765292421e-03 -1.062645432141746428e-02
3.275020615024071731e+02 -4.268448693348222793e-03 -1.085742660352208115e-02
3.275341605408311807e+02 -4.251663626751797306e-03 -1.127849189837474252e-02
3.275502592796879640e+02 -4.244818202215699943e-03 -1.144967718684350259e-02
3.275664008063620827e+02 -4.240519421069847278e-03 -1.159003543923681212e-02
3.275826000226862220e+02 -4.235789849978208697e-03 -1.170473205722096129e-02
3.276151885033211215e+02 -4.229374910401219843e-03 -1.185662759245538316e-02
3.276315330536979786e+02 -4.233093211661791665e-03 -1.189197019660392755e-02
3.276477972249608683e+02 -4.237177481013834623e-03 -1.189642724420443033e-02
3.276639285149585135e+02 -4.241989804561809366e-03 -1.187282386767691232e-02
3.276959745821637853e+02 -4.258379561699102665e-03 -1.177645977307612349e-02
3.277120658551553447e+02 -4.269776016190804206e-03 -1.170782299567137662e-02
3.277282266967679902e+02 -4.284258313122261616e-03 -1.162896925843387441e-02
3.277443702035785691e+02 -4.300902446417629969e-03 -1.153818843681183627e-02
3.277604589105461059e+02 -4.318084531520527923e-03 -1.143595976914411720e-02
3.277925498925242209e+02 -4.356748284616302445e-03 -1.120606452062771104e-02
3.278085449774180802e+02 -4.381732477700738503e-03 -1.108335462750499947e-02
3.278245926787579378e+02 -4.407160667960956756e-03 -1.095528862123439084e-02
3.278406960653921942e+02 -4.436638496165704569e-03 -1.082389790792562430e-02
3.278731250266153552e+02 -4.501243621367818568e-03 -1.055666969834027046e-02
3.278894182288887578e+02 -4.536578229847538016e-03 -1.042602022425400538e-02
3.279056110647435958e+02 -4.569877449765154774e-03 -1.030830948714523895e-02
3.279217192613695602e+02 -4.605849248959489710e-03 -1.022096373955938033e-02
3.279537380074479529e+02 -4.669680112172670296e-03 -1.003576200054177511e-02
3.279697179920227654e+02 -4.701423599859369355e-03 -9.955432567007318004e-03
3.279856890372627163e+02 -4.725773226787544426e-03 -9.870580760058462674e-03
3.280016810277231230e+02 -4.750204867109871811e-03 -9.774395909811158661e-03
3.280337347060364550e+02 -4.792336455018108600e-03 -9.582159397129337911e-03
3.280498141446896057e+02 -4.808065361123583549e-03 -9.477732965072373575e-03
3.280659424983440999e+02 -4.823223926582335779e-03 -9.375431152698903911e-03
3.280821347055858723e+02 -4.834620408926439128e-03 -9.288148148547174104e-03
3.281147212817137984e+02 -4.850667948509916790e-03 -9.103489851235718397e-03
3.281310509583536259e+02 -4.856205121431155652e-03 -9.016492536877470515e-03
3.281473001580995970e+02 -4.861532945745900870e-03 -8.925993260494442111e-03
3.281634999337087493e+02 -4.861259444526035492e-03 -8.841523475330957324e-03
3.281957524925455800e+02 -4.862124569731824004e-03 -8.720692031323551766e-03
3.282118349616855539e+02 -4.858269001928219866e-03 -8.775822065987953779e-03
3.282278856460139309e+02 -4.853285449604167849e-03 -8.807627890926652062e-03
3.282439280948483997e+02 -4.848530904427720417e-03 -8.903221672154432165e-03
3.282760213373760507e+02 -4.833617439513789200e-03 -9.112850495338798221e-03
3.282920999921076373e+02 -4.826006877476464625e-03 -9.186107506115167784e-03
3.283082167376400662e+02 -4.813999276466875664e-03 -9.258975072371899290e-03
3.283243811481566468e+02 -4.801865940986169839e-03 -9.318881275509149562e-03
3.283406028926785893e+02 -4.790148035559479121e-03 -9.362954560399976145e-03
3.283732450671558354e+02 -4.768466657412127191e-03 -9.544763276135083060e-03
3.283895384190467439e+02 -4.754741836665760807e-03 -9.671769640783518460e-03
3.284057632898581005e+02 -4.745848800660999733e-03 -9.841036109153785891e-03
3.284219212058539483e+02 -4.735216674534692416e-03 -1.005441802801389055e-02
3.284540941844360873e+02 -4.714146756507770278e-03 -1.063973680813117342e-02
3.284701398422832881e+02 -4.707094884251006826e-03 -1.096266330825348273e-02
3.284861675253989119e+02 -4.695814457365831383e-03 -1.131544231602572143e-02
3.285022023587713988e+02 -4.686552224756438366e-03 -1.167804776650419561e-02
3.285343122563526777e+02 -4.670718806200289605e-03 -1.234126324586836895e-02
3.285504183941196175e+02 -4.663671466447135566e-03 -1.264251636717683876e-02
3.285665665653163501e+02 -4.658945177079912639e-03 -1.290629930312320664e-02
3.285827729816213605e+02 -4.653790286184284267e-03 -1.313416711905879448e-02
3.286153742502937121e+02 -4.643029254789106386e-03 -1.349229425542576577e-02
3.286316936110387132e+02 -4.638654532339567260e-03 -1.362102873965145150e-02
3.286479321389089705e+02 -4.633829908304456721e-03 -1.370490146062466365e-02
3.286641226084249752e+02 -4.626568580507799122e-03 -1.375099511893881216e-02
3.286802606854919873e+02 -4.620065911951516495e-03 -1.376595999635793315e-02
3.287124357198271696e+02 -4.606695210347318617e-03 -1.371889748014636437e-02
3.287284887038309762e+02 -4.598396774642804150e-03 -1.366380983210705759e-02
3.287445433680665587e+02 -4.590494519263208471e-03 -1.359084016109642426e-02
3.287606006692213327e+02 -4.589427098316537293e-03 -1.350031266665998632e-02
3.287925941040259090e+02 -4.594104487068279702e-03 -1.327648012363072914e-02
3.288086884380023776e+02 -4.598915407562512679e-03 -1.314966467367569350e-02
3.288249457931443658e+02 -4.606439420818891385e-03 -1.301566791485159365e-02
3.288411944423189084e+02 -4.614332767014682306e-03 -1.287706608400165584e-02
3.288736147211172920e+02 -4.624617504644006408e-03 -1.259628852492019821e-02
3.288899294641892652e+02 -4.625522217857585237e-03 -1.245754845374917770e-02
3.289062380601968130e+02 -4.627569952828855526e-03 -1.232294525381495004e-02
3.289224458798735782e+02 -4.627929282578041939e-03 -1.219559259526417638e-02
3.289546113144398305e+02 -4.626565556764770590e-03 -1.197842777637762868e-02
3.289706354716553278e+02 -4.628126171818762978e-03 -1.198976416408692458e-02
3.289866175280938023e+02 -4.626191367786519973e-03 -1.183419086556624332e-02
3.290025971942681053e+02 -4.625956176596634530e-03 -1.180385204134698669e-02
3.290346304705708462e+02 -4.626477911151067289e-03 -1.159466846111671494e-02
3.290507104244115908e+02 -4.626561214779614621e-03 -1.149508334928503635e-02
3.290668481019996534e+02 -4.627355211633389295e-03 -1.139573350643938165e-02
3.290830558844618281e+02 -4.626190972931250832e-03 -1.128679906348628061e-02
3.291156616252184222e+02 -4.621547230398316899e-03 -1.105442373786087382e-02
3.291319783417087024e+02 -4.618995371167108205e-03 -1.093328478079871359e-02
3.291482205504717058e+02 -4.614930629778207609e-03 -1.080845194582508509e-02
3.291644155330706099e+02 -4.608641034340997186e-03 -1.068244113481208596e-02
3.291805561922024026e+02 -4.601647674325674668e-03 -1.055406479822225234e-02
3.292127334993841714e+02 -4.585147712547433738e-03 -1.031959967701053839e-02
3.292287830875212649e+02 -4.575040017338182809e-03 -1.021800624236358229e-02
3.292448333574486696e+02 -4.564190422214395478e-03 -1.014760364372226803e-02
3.292608916695879770e+02 -4.552282253578019203e-03 -1.012611968394431551e-02
3.292930724159963916e+02 -4.528148337133849552e-03 -1.019802698552567041e-02
3.293092120177122410e+02 -4.514458696788324794e-03 -1.030310401316184357e-02
3.293254015588002517e+02 -4.500882027038709265e-03 -1.036232808715965674e-02
3.293416428141772485e+02 -4.487477307454064077e-03 -1.045401641947951710e-02
3.293742986944244535e+02 -4.459743587163059013e-03 -1.055274067763189126e-02
3.293906076133626470e+02 -4.442384165889884037e-03 -1.060787522191980470e-02
3.294068444624844574e+02 -4.429114790124965943e-03 -1.068005113791212386e-02
3.294230289782204295e+02 -4.412633475173441400e-03 -1.077594287139337081e-02
3.294552681412604898e+02 -4.379174053691686080e-03 -1.102741342702481808e-02
3.294713439893956206e+02 -4.364117146417092682e-03 -1.116277109217546359e-02
3.294874042346356191e+02 -4.345994076787058208e-03 -1.129493880434374355e-02
3.295034603558250978e+02 -4.335129655676624172e-03 -1.142000606296076672e-02
3.295354108294006892e+02 -4.322313156608152164e-03 -1.164928787087487171e-02
3.295512817748597740e+02 -4.325856774618016751e-03 -1.173884427313499380e-02
3.295672899063953309e+02 -4.340058474902931153e-03 -1.180551913885288795e-02
3.295835421101943439e+02 -4.361622612233531128e-03 -1.184604779819515251e-02
3.296161603149786856e+02 -4.414524398988655014e-03 -1.185882042766139496e-02
3.296324022016811455e+02 -4.443564645756884271e-03 -1.182326678502572739e-02
3.296486409824508996e+02 -4.475971194318024808e-03 -1.176635327904864553e-02
3.296648968761072069e+02 -4.509335680497900817e-03 -1.169336504996003161e-02
3.296811859680951216e+02 -4.539097590819362801e-03 -1.160088806282816125e-02
3.297135325483890824e+02 -4.612408816269444531e-03 -1.139270016840220057e-02
3.297296507846638747e+02 -4.646595877051672499e-03 -1.127867445485440483e-02
3.297457392581911790e+02 -4.682662584807359418e-03 -1.115832578586471724e-02
3.297617842043097767e+02 -4.720240262702794960e-03 -1.103331283946601404e-02
3.297938233328462161e+02 -4.794548437126827829e-03 -1.076927573570963907e-02
3.298098254894774755e+02 -4.837383431993942141e-03 -1.063447696003139674e-02
3.298258774894252383e+02 -4.876578951782070161e-03 -1.050027730380595839e-02
3.298419832767206685e+02 -4.915601037058505915e-03 -1.036568073427259103e-02
3.298744355611169112e+02 -4.992341688225024679e-03 -1.010912128352782664e-02
3.298907194204732605e+02 -5.030313068157941762e-03 -9.991086639382659382e-03
3.299069157331238671e+02 -5.065215271850334426e-03 -9.878342330797224707e-03
3.299230345522196330e+02 -5.098536341484746597e-03 -9.772167502053258348e-03
3.299550928449601201e+02 -5.154770777443019175e-03 -9.573091990365703227e-03
3.299710779450483074e+02 -5.181355821831815610e-03 -9.483214185695058515e-03
3.299870496370028832e+02 -5.201096935102966952e-03 -9.395157075718552422e-03
3.300030428573419954e+02 -5.219251545359128788e-03 -9.309737850299794337e-03
3.300351028775806981e+02 -5.247201659934346701e-03 -9.135518368259383515e-03
3.300511946469533768e+02 -5.255374315305844091e-03 -9.046378060526851644e-03
3.300673355745020672e+02 -5.261728748907575082e-03 -8.957478328326308470e-03
3.300835372731104371e+02 -5.264738875140118068e-03 -8.866148013050460797e-03
3.301161366319736885e+02 -5.264079726313586165e-03 -8.736874855412498156e-03
3.301324696948033193e+02 -5.262982846045015546e-03 -8.639946456725337148e-03
3.301487242768275792e+02 -5.258801442673557112e-03 -8.588336781915041629e-03
3.301649288729945511e+02 -5.251337899649153804e-03 -8.517714935904675821e-03
3.301810844171028521e+02 -5.243463303498709961e-03 -8.456387595306879418e-03
3.302132834516471576e+02 -5.226054909131294494e-03 -8.429516132857509461e-03
3.302293389096197416e+02 -5.216379502602058217e-03 -8.539600927642929107e-03
3.302453776289885923e+02 -5.206242890782858748e-03 -8.549500400585944432e-03
3.302614097852820123e+02 -5.195436115694305156e-03 -8.768478303414850225e-03
3.302935105812028951e+02 -5.171541315661442283e-03 -8.948461960374751514e-03
3.303095935009954474e+02 -5.158173705027944284e-03 -9.064800354488405237e-03
3.303257227956622728e+02 -5.143399557433478604e-03 -9.176719827216421946e-03
3.303419071476864701e+02 -5.127516498305223838e-03 -9.252605457007540002e-03
3.303744979648504341e+02 -5.091449692384389034e-03 -9.461384851786304451e-03
3.303908120217607802e+02 -5.071089159513019091e-03 -9.575763070284055642e-03
3.304070475233694424e+02 -5.054232891067147668e-03 -9.691419395095601796e-03
3.304232127853614429e+02 -5.038105134579945465e-03 -9.827938663311110504e-03
3.304553770777729369e+02 -5.007122505109687718e-03 -1.009893244740846414e-02
3.304714182997735747e+02 -4.994878098540567538e-03 -1.023271430709982513e-02
3.304874267187559553e+02 -4.981078656400960390e-03 -1.036082937267278348e-02
3.305034364777601468e+02 -4.968974155538936031e-03 -1.048723004211477537e-02
3.305355070158834110e+02 -4.945146949910629412e-03 -1.071203402675203337e-02
3.305515972246230945e+02 -4.933570804525000408e-03 -1.080562828105399546e-02
3.305677300719871141e+02 -4.923305241463184732e-03 -1.089081821676030765e-02
3.305839272734150427e+02 -4.912691696677864983e-03 -1.095670086220706593e-02
3.306001980438162491e+02 -4.902140833595446286e-03 -1.100938501845885771e-02
3.306328495539925143e+02 -4.888647663872688898e-03 -1.104921493854042064e-02
3.306490724019158733e+02 -4.883460445998376309e-03 -1.104433927959496894e-02
3.306651658289637226e+02 -4.886090177800319657e-03 -1.102153733832567269e-02
3.306811566321651412e+02 -4.894492117172504625e-03 -1.098927247605735458e-02
3.307131341281338450e+02 -4.922747827033241257e-03 -1.089348059123432591e-02
3.307292488180898999e+02 -4.941953384212999754e-03 -1.083008477245150925e-02
3.307454461684116609e+02 -4.961651078190167964e-03 -1.075500290346705426e-02
3.307616190152676836e+02 -4.981032819705698104e-03 -1.067112673372798762e-02
3.307937618126341590e+02 -5.003880837047700730e-03 -1.047705290998425173e-02
3.308097690563272408e+02 -5.016070694504620557e-03 -1.037186804257063215e-02
3.308257951355449222e+02 -5.024924575818961146e-03 -1.026393391218451481e-02
3.308418688129307270e+02 -5.029401282168684435e-03 -1.015204718259877029e-02
3.308742643466731010e+02 -5.038617471099151451e-03 -9.924291562138086095e-03
3.308905467823884692e+02 -5.039105721652682376e-03 -9.810589525040385936e-03
3.309067454019005936e+02 -5.036814503967710147e-03 -9.700944160425124113e-03
3.309228740925605621e+02 -5.034007821716609751e-03 -9.595068312715131567e-03
3.309549814151329201e+02 -5.020691963016053055e-03 -9.618888908007673308e-03
3.309710095042375428e+02 -5.015056679670930155e-03 -9.322110139373592300e-03
3.309870273820183684e+02 -5.003724815922361117e-03 -9.441915463534178432e-03
3.310030537434431039e+02 -4.992941809525315577e-03 -9.372879669612954254e-03
3.310351554861840668e+02 -4.969488987442932312e-03 -9.215236762874435411e-03
3.310512554182828353e+02 -4.957092221112963625e-03 -9.170336843495385803e-03
3.310673968859156275e+02 -4.945883556653514826e-03 -9.108881272201102899e-03
3.310835990226505601e+02 -4.934025745795934427e-03 -9.048374262859506384e-03
3.311162015515860162e+02 -4.908574597132282606e-03 -8.920479033639261771e-03
3.311325270427188343e+02 -4.897170536972937638e-03 -8.850481489502300125e-03
3.311487689262943377e+02 -4.884153058006681508e-03 -8.773006626453650966e-03
3.311649606352740420e+02 -4.869492839746470715e-03 -8.689569317794076930e-03
3.311811018668685165e+02 -4.854706543475435093e-03 -8.611982316264950657e-03
3.312132762310915268e+02 -4.824530532934722879e-03 -8.521410159379360499e-03
3.312293301983974061e+02 -4.808593741563269887e-03 -8.553655134315918049e-03
3.312453890213134855e+02 -4.792735136735539782e-03 -8.623758773266208474e-03
3.312614538716528614e+02 -4.776253766291038705e-03 -8.739109087852208260e-03
3.312936487859377053e+02 -4.744061848739229877e-03 -8.959688482469056400e-03
3.313097938621060621e+02 -4.727373294385326871e-03 -9.052939199548276639e-03
3.313259869247018514e+02 -4.710834089690073626e-03 -9.123664713663865930e-03
3.313422299790235570e+02 -4.694475011640219207e-03 -9.170876372434594997e-03
3.313748859688950006e+02 -4.660093377799130222e-03 -9.236257487722740120e-03
3.313911943279903767e+02 -4.639600595663466269e-03 -9.283549702381353047e-03
3.314074330717379553e+02 -4.622739480372519381e-03 -9.350391635086521130e-03
3.314236240512055360e+02 -4.603022390445982853e-03 -9.430356272805178602e-03
3.314558916771113104e+02 -4.569339210495582289e-03 -9.614762184785140969e-03
3.314719768736087531e+02 -4.553667855348958286e-03 -9.702961764301616318e-03
3.314879502657770445e+02 -4.547383064220681184e-03 -9.790002752506181405e-03
3.315038077436674939e+02 -4.553300975802926885e-03 -9.859928356100677166e-03
3.315356954334042712e+02 -4.592017327823959272e-03 -9.962145279770082476e-03
3.315518418955869038e+02 -4.626008173052978227e-03 -9.985716995353338329e-03
3.315681332812134201e+02 -4.670990436267145537e-03 -9.991074939647006867e-03
3.315844521145007775e+02 -4.715351626552919360e-03 -9.977350557571974116e-03
3.316007527254869274e+02 -4.760110894556950772e-03 -9.943042422924231252e-03
3.316333310214102994e+02 -4.855559515527297677e-03 -9.813493855666552759e-03
3.316496280878282619e+02 -4.908184344104745897e-03 -9.727371022378727625e-03
3.316659580924744546e+02 -4.962238705174849829e-03 -9.630310366719798190e-03
3.316822612718667074e+02 -5.010227057335002107e-03 -9.533846937192783783e-03
3.317144835468495216e+02 -5.098557530208588928e-03 -9.337103777091121729e-03
3.317304998331260322e+02 -5.138264044848082739e-03 -9.241239646211435108e-03
3.317464618196585775e+02 -5.176327440404053168e-03 -9.139324668690400680e-03
3.317623851484455599e+02 -5.214094059685558426e-03 -9.040131560846025732e-03
3.317943091844326204e+02 -5.276603917809570901e-03 -8.849856693738871599e-03
3.318103280785291531e+02 -5.304874719160013880e-03 -8.759295660178923956e-03
3.318264094766622634e+02 -5.330598803190228496e-03 -8.671336688553972494e-03
3.318425672397320909e+02 -5.353457548585929988e-03 -8.585863460122657859e-03
3.318751321472092286e+02 -5.393967808000280778e-03 -8.422615709944869869e-03
3.318913821585088613e+02 -5.410155943892463147e-03 -8.349348709533098434e-03
3.319075585556429360e+02 -5.426156761046194502e-03 -8.287066892447412028e-03
3.319236768285933863e+02 -5.437642780162047287e-03 -8.232633090171172230e-03
3.319557939974595229e+02 -5.450634282939001429e-03 -8.125270030962991261e-03
3.319718157692958016e+02 -5.456034125816618639e-03 -8.069499459440991271e-03
3.319878397056453423e+02 -5.456254057405197574e-03 -8.009704652187487478e-03
3.320038752524378083e+02 -5.455162830286752057e-03 -7.950697408587378834e-03
3.320360045085955107e+02 -5.446525948392999354e-03 -7.830729066329360222e-03
3.320521240523262350e+02 -5.440588232879382986e-03 -7.761628300505413539e-03
3.320682862168393967e+02 -5.433799868311079730e-03 -7.704357460532375475e-03
3.320845013125351670e+02 -5.427280152446581872e-03 -7.639911562694019082e-03
3.321007743621318582e+02 -5.418188472246674055e-03 -7.585053653950935525e-03
3.321334414675640119e+02 -5.396269436154847027e-03 -7.475880789257195909e-03
3.321497051416472459e+02 -5.382288918034855429e-03 -7.425966706203763860e-03
3.321659173834019043e+02 -5.367969567447822450e-03 -7.379681096665439456e-03
3.321820771193825408e+02 -5.352996728366968791e-03 -7.339078523452989035e-03
3.322142798245160407e+02 -5.322004213823552585e-03 -7.405742867727197268e-03
3.322303320981947650e+02 -5.306655319500040539e-03 -7.489884065992027419e-03
3.322463699778495538e+02 -5.289945882316821925e-03 -7.622225845789876338e-03
3.322624061882941078e+02 -5.272847120155277865e-03 -7.818377323628038916e-03
3.322945265512699393e+02 -5.235264538398318006e-03 -8.088840250267907012e-03
3.323106358800009161e+02 -5.214778495265288624e-03 -8.231388996587447188e-03
3.323267968400988366e+02 -5.193127533959114410e-03 -8.370604160769932328e-03
3.323430176489145538e+02 -5.171771669142882083e-03 -8.488963903790947008e-03
3.323756663811497560e+02 -5.130296896938704200e-03 -8.749260862732588517e-03
3.323919657289915790e+02 -5.110359536632036632e-03 -8.901300172863784929e-03
3.324081842881782336e+02 -5.094664108536639362e-03 -9.077621663044698266e-03
3.324243416253701753e+02 -5.076887035774303204e-03 -9.278351730004037040e-03
3.324404524989012657e+02 -5.059356871310866435e-03 -9.515387159974251011e-03
3.324725622969796177e+02 -5.026893853755887327e-03 -1.004877075854467526e-02
3.324885918899940407e+02 -5.010635828026094134e-03 -1.033436218343390667e-02
3.325046260140302934e+02 -4.995188234899648576e-03 -1.060768544621578345e-02
3.325206730180033219e+02 -4.981140707918637126e-03 -1.088360419320832592e-02
3.325528532284297967e+02 -4.955463189677185645e-03 -1.137951391924789044e-02
3.325690086828362269e+02 -4.943976521795205234e-03 -1.158932710194720932e-02
3.325852235704235795e+02 -4.934014063727037991e-03 -1.177104724316319420e-02
3.326015033823127851e+02 -4.924522665400951973e-03 -1.192710516810899929e-02
3.326341534175016363e+02 -4.904759360227558575e-03 -1.215860313865484675e-02
3.326503951498075935e+02 -4.891664732167465106e-03 -1.223421042061349079e-02
3.326665856640091192e+02 -4.880662261247023168e-03 -1.229450146096142810e-02
3.326827302722180093e+02 -4.868844162145059308e-03 -1.231824838826650614e-02
3.327149211558427169e+02 -4.841242742941875496e-03 -1.231849752057053750e-02
3.327309856688820560e+02 -4.827530201041075296e-03 -1.229339889777441262e-02
3.327470468213184063e+02 -4.812954256181380293e-03 -1.225514967212441332e-02
3.327631096963700088e+02 -4.809809535222348172e-03 -1.220150524169910829e-02
3.327950147983855800e+02 -4.803582225350628600e-03 -1.206704886156391952e-02
3.328108684156297841e+02 -4.814532648745799975e-03 -1.198829508808015379e-02
3.328269456283451859e+02 -4.825837005368312921e-03 -1.189998365798680680e-02
3.328432742167788092e+02 -4.847672747884159035e-03 -1.180260651103706010e-02
3.328757923797988951e+02 -4.882715688182491173e-03 -1.159724206988311558e-02
3.328920702057470749e+02 -4.888714052386037949e-03 -1.149183865506121956e-02
3.329084234590289384e+02 -4.902600659054396140e-03 -1.138882848130653644e-02
3.329246943803817089e+02 -4.906167467290268452e-03 -1.129618327799215144e-02
3.329408361220669690e+02 -4.905781223710566248e-03 -1.124383863777152735e-02
3.329728556124126158e+02 -4.898492745999898958e-03 -1.109544161990401109e-02
3.329887974247606053e+02 -4.897008303728026674e-03 -1.104200164375998897e-02
3.330047440427852621e+02 -4.892382864979112449e-03 -1.094797915194041862e-02
3.330207290327346072e+02 -4.885417497284379879e-03 -1.085587500594415583e-02
3.330528397946201267e+02 -4.873875438270447447e-03 -1.066757248996662993e-02
3.330689833790934813e+02 -4.867681516497970699e-03 -1.056742059960688596e-02
3.330852124844178093e+02 -4.859551754538803982e-03 -1.046472439221692897e-02
3.331015151294903376e+02 -4.852409193833117328e-03 -1.035690645430503362e-02
3.331341650102853578e+02 -4.832146879117715961e-03 -1.013541555916693329e-02
3.331504085384801783e+02 -4.818284560561526819e-03 -1.002239592242658468e-02
3.331666062738685810e+02 -4.806339950119643302e-03 -9.909723133604249681e-03
3.331827578639052376e+02 -4.793629037235205143e-03 -9.802039074026368606e-03
3.332149513224605357e+02 -4.764314984060992811e-03 -9.610605305930801021e-03
3.332310114188215948e+02 -4.749131621398668818e-03 -9.533124976667873771e-03
3.332470695992444689e+02 -4.732417913807306781e-03 -9.484759643804232740e-03
3.332631317364837855e+02 -4.715254553922044838e-03 -9.484322253094411639e-03
3.332953244637711805e+02 -4.678635843927913228e-03 -9.602896613590842720e-03
3.333114680971648340e+02 -4.661161019211255453e-03 -9.716385857106383389e-03
3.333276608137653056e+02 -4.642921502114998392e-03 -9.839530129303936459e-03
3.333439072367321501e+02 -4.624585764396184004e-03 -9.948254938670115718e-03
3.333602199560774579e+02 -4.604856677691002327e-03 -1.003623689242829145e-02
3.333928762728194215e+02 -4.565487093206500695e-03 -1.019174786640122954e-02
3.334091075232964840e+02 -4.546558566973801264e-03 -1.028412541301427716e-02
3.334252915402342410e+02 -4.526799013838565464e-03 -1.040388193516094892e-02
3.334414354335498842e+02 -4.505797730893648309e-03 -1.054270475860700010e-02
3.334736267823479920e+02 -4.464016148870542967e-03 -1.085658446494681267e-02
3.334896945704186919e+02 -4.443924216529502799e-03 -1.101629665751314643e-02
3.335057562549703789e+02 -4.423086742626286538e-03 -1.116216525538569690e-02
3.335218267385870377e+02 -4.408734887962613251e-03 -1.130982196250442107e-02
3.335538101318053918e+02 -4.393318143531177618e-03 -1.154395387303177450e-02
3.335697826012703899e+02 -4.395751207852880565e-03 -1.162256730854514634e-02
3.335859232516075394e+02 -4.404507820672562239e-03 -1.167355497065548225e-02
3.336022368161651457e+02 -4.424853884051760042e-03 -1.169686977638671223e-02
3.336347052742756318e+02 -4.469797156709931669e-03 -1.167610557786239421e-02
3.336508942334821768e+02 -4.492680996443038088e-03 -1.162964689508465439e-02
3.336670977290499422e+02 -4.522661559350206646e-03 -1.156088135259371145e-02
3.336833413075272574e+02 -4.552629201658853556e-03 -1.147751091303839295e-02
3.337157951125695377e+02 -4.621155654405881968e-03 -1.127664443326704957e-02
3.337319083682871224e+02 -4.657045292834624019e-03 -1.116872691767590957e-02
3.337479683925377003e+02 -4.691204886789082304e-03 -1.105523561996777163e-02
3.337640031122010100e+02 -4.728050392047984489e-03 -1.093215133583389301e-02
3.337800411501899589e+02 -4.765626037089660573e-03 -1.080496126409731875e-02
3.338120650558681746e+02 -4.842681597683246367e-03 -1.054621451836102938e-02
3.338281251505268870e+02 -4.882856365841762789e-03 -1.041445702276649551e-02
3.338442478254817729e+02 -4.920743364727584931e-03 -1.028259410895672639e-02
3.338604420889669200e+02 -4.958851238032916525e-03 -1.015286483911172037e-02
3.338930028700663684e+02 -5.033763642740332438e-03 -9.909138369273987751e-03
3.339091842820612328e+02 -5.071059594202321184e-03 -9.794868944089304974e-03
3.339252886681097721e+02 -5.102324274183452080e-03 -9.687801203957860374e-03
3.339413368900095520e+02 -5.134728285138526367e-03 -9.584311781806013897e-03
3.339733171112827108e+02 -5.185259602824026162e-03 -9.388013026332972868e-03
3.339892876526001260e+02 -5.208452816115428409e-03 -9.292365774632899839e-03
3.340052754935333610e+02 -5.226834837224522863e-03 -9.199573071905844945e-03
3.340212898744146059e+02 -5.243694612931650012e-03 -9.107404546384718219e-03
3.340534292115661970e+02 -5.265580840157272485e-03 -8.931591712308648706e-03
3.340695764186255019e+02 -5.271748274023329781e-03 -8.841849360596237481e-03
3.340857892823270276e+02 -5.274682513217976952e-03 -8.748971697915991844e-03
3.341020712411016120e+02 -5.277235758272035351e-03 -8.651050593243187620e-03
3.341347306135926374e+02 -5.274371759442616353e-03 -8.491215148816715769e-03
3.341509811943919317e+02 -5.266297160656242295e-03 -8.406539892169580599e-03
3.341671794565849609e+02 -5.260098894991608980e-03 -8.335945289696278238e-03
3.341833291381507252e+02 -5.252320496141884079e-03 -8.276785217462542810e-03
3.342155284940723163e+02 -5.231704182632398135e-03 -8.160283981039725965e-03
3.342315851711774144e+02 -5.221233440381004703e-03 -8.151337801054961765e-03
3.342476277141904575e+02 -5.209440647698278769e-03 -8.257163479808720188e-03
3.342636659490971169e+02 -5.197730438433087810e-03 -8.234832651362168285e-03
3.342957873228287440e+02 -5.170204603859133996e-03 -8.519746739862331039e-03
3.343118764881355673e+02 -5.158125023055903056e-03 -8.633353487159552142e-03
3.343280108107235264e+02 -5.143999315610843677e-03 -8.771427012386793023e-03
3.343441981654832489e+02 -5.129154104255403274e-03 -8.895330785141252264e-03
3.343604579191889457e+02 -5.113274155811707404e-03 -8.995597089007247027e-03
3.343931062121490072e+02 -5.075110550161787519e-03 -9.235021161674763363e-03
3.344093338768406625e+02 -5.058462447749862041e-03 -9.360513924398489172e-03
3.344254946708385319e+02 -5.040397238473935324e-03 -9.504161173384133993e-03
3.344415981838137100e+02 -5.025587854867365895e-03 -9.654083456509334610e-03
3.344736882446119921e+02 -4.994982719468413906e-03 -9.947111881799482191e-03
3.344896940122063143e+02 -4.984981990041341751e-03 -1.007696947509796603e-02
3.345056974037233886e+02 -4.974793686141623476e-03 -1.019949830553192917e-02
3.345217140344294080e+02 -4.965070221341670934e-03 -1.031033650582864961e-02
3.345538464534426453e+02 -4.946007897845420935e-03 -1.051658784274202806e-02
3.345699790003802150e+02 -4.936364465180928009e-03 -1.060523603547560735e-02
3.345861770966547510e+02 -4.927441491440955924e-03 -1.067957173186818293e-02
3.346024479996945615e+02 -4.920094699912037038e-03 -1.074146735003805343e-02
3.346350816023480661e+02 -4.904031428473365831e-03 -1.080828966823073160e-02
3.346513024241250491e+02 -4.900815680329277495e-03 -1.081734509807680614e-02
3.346674424541035933e+02 -4.904908427008779388e-03 -1.080720772204517462e-02
3.346834376686531982e+02 -4.910454711437799158e-03 -1.078595887989442295e-02
3.347153285414361790e+02 -4.930578034575350960e-03 -1.071084466806881443e-02
3.347313780122661910e+02 -4.946335188600332888e-03 -1.065983527728477966e-02
3.347475516228112724e+02 -4.964966268382080793e-03 -1.059902149071432174e-02
3.347637352525656524e+02 -4.985435891484882309e-03 -1.052460579247377868e-02
3.347959310762810787e+02 -5.010065896316751033e-03 -1.034432806625926876e-02
3.348119946925917816e+02 -5.025733253343113091e-03 -1.024393799575189223e-02
3.348280363624568849e+02 -5.038108391628147789e-03 -1.013895746262020135e-02
3.348441215015253078e+02 -5.046865760683151222e-03 -1.002737732747181407e-02
3.348602639672909618e+02 -5.056670448292112721e-03 -9.914814158379392159e-03
3.348927824847669399e+02 -5.068654520446309007e-03 -9.686978531467983072e-03
3.349089759542140428e+02 -5.072309473763067511e-03 -9.577288162863552279e-03
3.349250903696359387e+02 -5.072442864568413312e-03 -9.471008613860937286e-03
3.349411508564598421e+02 -5.074563284144842021e-03 -9.379950677463983963e-03
3.349731844347771244e+02 -5.065493399018244566e-03 -9.362206901936134806e-03
3.349891905473124325e+02 -5.059919239629795569e-03 -9.212434331990648761e-03
3.350052109447464659e+02 -5.053580742705569145e-03 -9.238531628253754055e-03
3.350212452875348390e+02 -5.046050295255458812e-03 -9.148740345226915455e-03
3.350534033545322359e+02 -5.028348298895375657e-03 -9.010375073578007557e-03
3.350695489201579562e+02 -5.018301840555001656e-03 -8.946746343362040402e-03
3.350857575866585307e+02 -5.008360060074229340e-03 -8.881677748339289122e-03
3.351020356800023592e+02 -4.999405798336587110e-03 -8.817211656193769606e-03
3.351346889599797123e+02 -4.979138976996525488e-03 -8.682459186806894616e-03
3.351509263148936384e+02 -4.964920207015571622e-03 -8.609724007214294289e-03
3.351671074944270003e+02 -4.953532625020784334e-03 -8.532827214923115536e-03
3.351832389525867484e+02 -4.941612892170764090e-03 -8.455483386966987716e-03
3.352154038650052712e+02 -4.912413650071921663e-03 -8.323303086482554403e-03
3.352314550895229672e+02 -4.898004865505217915e-03 -8.276867739282418521e-03
3.352475115941325612e+02 -4.882232273488777870e-03 -8.284629038229272130e-03
3.352635755932388975e+02 -4.866692397693037943e-03 -8.296283520093369196e-03
3.352957730635241091e+02 -4.834197852061670499e-03 -8.424109436247649921e-03
3.353119215437209846e+02 -4.819431363560648489e-03 -8.497231503891469404e-03
3.353281191422003076e+02 -4.804290428296179895e-03 -8.560349099044134089e-03
3.353443698450876695e+02 -4.788860418107770446e-03 -8.605784612203357456e-03
3.353606859506977003e+02 -4.772131151257930429e-03 -8.633497464986782111e-03
3.353933308395425001e+02 -4.736842142029917130e-03 -8.662856967204283706e-03
3.354095568515148216e+02 -4.718964335854607985e-03 -8.683148346056395253e-03
3.354257378108274565e+02 -4.700943426602528438e-03 -8.705613324534289266e-03
3.354418799526885095e+02 -4.681387166016864713e-03 -8.731870586966235248e-03
3.354740781693117242e+02 -4.641485034925890187e-03 -8.796525881088933935e-03
3.354901540685384589e+02 -4.622883055933274012e-03 -8.829040131458415139e-03
3.355062257309557481e+02 -4.603153412659545009e-03 -8.862686583407514834e-03
3.355223084931351991e+02 -4.590600633508860190e-03 -8.884934397331088751e-03
3.355543085784603932e+02 -4.577631977593031240e-03 -8.914836193021299232e-03
3.355702775887049825e+02 -4.584034027054252787e-03 -8.914806269193194591e-03
3.355864483325747756e+02 -4.599266934566073259e-03 -8.902453792753553183e-03
3.356027606791562903e+02 -4.627825216524528683e-03 -8.875306167955747741e-03
3.356352262156005963e+02 -4.686953000334095377e-03 -8.783163567554382045e-03
3.356514285254658034e+02 -4.716943537504116220e-03 -8.721797742811248158e-03
3.356676324438082020e+02 -4.753886615766316111e-03 -8.652546243790771099e-03
3.356838453607265365e+02 -4.795226795102375088e-03 -8.576937477762289555e-03
3.357000670905960078e+02 -4.838839253593603743e-03 -8.496909063108154525e-03
3.357324125396281147e+02 -4.929817972032798402e-03 -8.345642024964213326e-03
3.357484812395235281e+02 -4.973188503873751665e-03 -8.267824645830793365e-03
3.357644709589557692e+02 -5.017337871520941538e-03 -8.191936064984960478e-03
3.357804395454189148e+02 -5.060688302439371108e-03 -8.114799427880823451e-03
3.358123959098021487e+02 -5.140713501042514649e-03 -7.981522579599970024e-03
3.358284538585369887e+02 -5.176165761659884401e-03 -7.928932859978327780e-03
3.358445906927132114e+02 -5.207219953904659165e-03 -7.875799374975725117e-03
3.358608228389428518e+02 -5.238665195903835677e-03 -7.830889195289897700e-03
3.358933760745425730e+02 -5.291217688618363689e-03 -7.743693473069496180e-03
3.359095255024643052e+02 -5.314980923408717944e-03 -7.701937999267305900e-03
3.359256150957338036e+02 -5.331792916668617009e-03 -7.666734609678248560e-03
3.359416634689167722e+02 -5.348867511567053680e-03 -7.635454374362933734e-03
3.359736873551841541e+02 -5.368452186604472445e-03 -7.580032467485941020e-03
3.359897078080954884e+02 -5.374552991710940253e-03 -7.551006673515758653e-03
3.360057468182355933e+02 -5.377740821505315807e-03 -7.521712572657167188e-03
3.360218083061101879e+02 -5.377416403058811467e-03 -7.487134728942720745e-03
3.360540304443933906e+02 -5.368291729627344515e-03 -7.409947393109585743e-03
3.360702034603883135e+02 -5.360882519803677505e-03 -7.365229158283187819e-03
3.360864256844901092e+02 -5.353582873436512311e-03 -7.310413520093497763e-03
3.361027020373391565e+02 -5.344079943139803078e-03 -7.261837275552588712e-03
3.361353729258817111e+02 -5.318906892518931138e-03 -7.159215754355792265e-03
3.361516432133719263e+02 -5.300465985960780765e-03 -7.111514219588273983e-03
3.361678518474986959e+02 -5.283871206702510891e-03 -7.060188866909599889e-03
3.361840108398707798e+02 -5.266404874185596878e-03 -7.014683813217846217e-03
3.362001274138081044e+02 -5.247056364985694388e-03 -6.975946045913639440e-03
3.362322824994710118e+02 -5.207689040689056879e-03 -7.036345993354557737e-03
3.362483314152495950e+02 -5.186297801425062901e-03 -7.146672204232807496e-03
3.362643789132114875e+02 -5.164956004783981432e-03 -7.292590100211318246e-03
3.362804389124236195e+02 -5.143066115097507870e-03 -7.460685438796146873e-03
3.363126530555250611e+02 -5.096217951989127394e-03 -7.751552259021422461e-03
3.363288233171169281e+02 -5.072229106408276435e-03 -7.906132667132670030e-03
3.363450516638890804e+02 -5.047650823584146074e-03 -8.034476960074077995e-03
3.363613553586341141e+02 -5.022865659058100250e-03 -8.135181218321853661e-03
3.363939983538916749e+02 -4.972864497067202086e-03 -8.421242497576086894e-03
3.364102047752965632e+02 -4.949580434855933679e-03 -8.601479100547895079e-03
3.364263572872974351e+02 -4.926359091205276784e-03 -8.819907836314377220e-03
3.364424635833454431e+02 -4.905602361961359549e-03 -9.082312918165318452e-03
3.364745673874429031e+02 -4.863622454188354198e-03 -9.665481858069138385e-03
3.364905936915737925e+02 -4.846919834621907924e-03 -9.964890690993617045e-03
3.365066247984189545e+02 -4.829690249080915813e-03 -1.024237436796277337e-02
3.365226707158751651e+02 -4.813611513034592865e-03 -1.051813987109886765e-02
3.365548523410242865e+02 -4.785543112046433505e-03 -1.099925691419898800e-02
3.365710109797145151e+02 -4.772026941687813190e-03 -1.120321154208567434e-02
3.365872284829098930e+02 -4.760817481686409162e-03 -1.137397624831164647e-02
3.366035142580348065e+02 -4.752048842325497582e-03 -1.151925382090156040e-02
3.366361501112701831e+02 -4.734443723386176986e-03 -1.172929947102994801e-02
3.366523789803813997e+02 -4.722674473390103649e-03 -1.179488471892884381e-02
3.366685459975508934e+02 -4.714042355414334133e-03 -1.182528204676573137e-02
3.366846723229002123e+02 -4.704984243331726025e-03 -1.183186719065251399e-02
3.367007624514454847e+02 -4.694285433006653400e-03 -1.182385459043689552e-02
3.367328898319366886e+02 -4.679662678540779351e-03 -1.176521485844233411e-02
3.367488431356659362e+02 -4.687900857108250746e-03 -1.172446842073347241e-02
3.367646522166073169e+02 -4.699430083960147095e-03 -1.166848249204228798e-02
3.367804991024828496e+02 -4.718832650650882192e-03 -1.160800383207575941e-02
3.368128630525008020e+02 -4.768902951704969383e-03 -1.144980064250806888e-02
3.368291178335205132e+02 -4.801225562793200174e-03 -1.136092528010754395e-02
3.368452712218848433e+02 -4.828568666638739099e-03 -1.126764518848740251e-02
3.368614535645405113e+02 -4.849762365239066071e-03 -1.117241655825377926e-02
3.368939935875943092e+02 -4.884620133760429923e-03 -1.097922948287475761e-02
3.369102968684080111e+02 -4.896093634625082319e-03 -1.088408850610622647e-02
3.369264513894517563e+02 -4.902817284524666266e-03 -1.079640994852562250e-02
3.369424960544694727e+02 -4.911144854791119063e-03 -1.071979150044353839e-02
3.369744452151015253e+02 -4.912830341535908904e-03 -1.067735767559888430e-02
3.369904011384300020e+02 -4.916100457780113800e-03 -1.059025927704344838e-02
3.370063964422205913e+02 -4.912685345141216790e-03 -1.056516431754949380e-02
3.370224284704015645e+02 -4.908245133454926246e-03 -1.048426379503753642e-02
3.370546195736509958e+02 -4.894457853972306559e-03 -1.031504809677097692e-02
3.370707998996706465e+02 -4.884751975857545489e-03 -1.023122398041140940e-02
3.370870307064555504e+02 -4.875408044011539550e-03 -1.014280319190924602e-02
3.371033167868674241e+02 -4.866727933892450730e-03 -1.005065619268874673e-02
3.371359674034729892e+02 -4.844561282760288974e-03 -9.858949746023188201e-03
3.371522129893822921e+02 -4.829350003970864051e-03 -9.758390806787618083e-03
3.371683956192702567e+02 -4.816776792521179802e-03 -9.655492189263216105e-03
3.371845326361973321e+02 -4.803596005118968872e-03 -9.554306828134469243e-03
3.372006298334390522e+02 -4.787582724650686107e-03 -9.456008402856373382e-03
3.372327702171423880e+02 -4.755228677792276530e-03 -9.299691405912255751e-03
3.372488320851695107e+02 -4.737738095960191201e-03 -9.246596326065562726e-03
3.372649018022522682e+02 -4.720716970793138387e-03 -9.236396235452826523e-03
3.372809888092670576e+02 -4.704069115180974960e-03 -9.259987089966373666e-03
3.373132657342222274e+02 -4.669446547711719568e-03 -9.415238107959295402e-03
3.373294668850036828e+02 -4.652250293639204233e-03 -9.513575727389008210e-03
3.373457179513342226e+02 -4.635255589875125759e-03 -9.629515248505866876e-03
3.373620327370474001e+02 -4.618580377226930850e-03 -9.722011646544266930e-03
3.373946780767699920e+02 -4.581964544148700927e-03 -9.896643431317143566e-03
3.374109037911808286e+02 -4.562035948426525558e-03 -9.986575072611265230e-03
3.374270820504510766e+02 -4.543759539574494105e-03 -1.010130985325168040e-02
3.374432191283143538e+02 -4.525154158930565738e-03 -1.024516139674358679e-02
3.374754051315624679e+02 -4.484133293339378351e-03 -1.058332073262319845e-02
3.374914733765978667e+02 -4.465759623967707065e-03 -1.076729766864096410e-02
3.375075389396461105e+02 -4.447220024279951306e-03 -1.092984219324818693e-02
3.375236148680606902e+02 -4.428516460680746551e-03 -1.110959749897303360e-02
3.375558302977383391e+02 -4.403689115650054331e-03 -1.140190560538492659e-02
3.375718517660446309e+02 -4.395616667190219498e-03 -1.150445771544773670e-02
3.375879201989895932e+02 -4.399010549781096589e-03 -1.157856722369121800e-02
3.376041580590157309e+02 -4.409620121803196381e-03 -1.162455995567568921e-02
3.376204296704175363e+02 -4.425781034617729849e-03 -1.163935895045048984e-02
3.376527881165545750e+02 -4.465382213840590579e-03 -1.159497123113135443e-02
3.376689485122376482e+02 -4.489487892222553123e-03 -1.153157111956346938e-02
3.376851396004764752e+02 -4.519454614775645328e-03 -1.145426888329811356e-02
3.377013753545214740e+02 -4.548010327495528859e-03 -1.135664438042850548e-02
3.377337088165360228e+02 -4.613579083253134018e-03 -1.114386124935701564e-02
3.377497814555430296e+02 -4.647313310662780361e-03 -1.102970072595464007e-02
3.377658474222885161e+02 -4.682030543136885513e-03 -1.090478940208536827e-02
3.377819081510539831e+02 -4.719788665472729808e-03 -1.077747693307269487e-02
3.378139513947638761e+02 -4.803057195183007243e-03 -1.051766259047478246e-02
3.378300059589496414e+02 -4.846250662692739956e-03 -1.038557146012296199e-02
3.378461165198478966e+02 -4.891936864209003345e-03 -1.025317629549932913e-02
3.378623002155393351e+02 -4.935298692995537112e-03 -1.012318132846301913e-02
3.378948536812260954e+02 -5.019025352294488596e-03 -9.884100236753705013e-03
3.379110242265699640e+02 -5.059710885539130121e-03 -9.774049961651395599e-03
3.379271156700635856e+02 -5.096555114658648036e-03 -9.671047353050644599e-03
3.379431532347281291e+02 -5.134758150272908384e-03 -9.572797747743068061e-03
3.379751170249151642e+02 -5.193260356464952932e-03 -9.384448308238117417e-03
3.379910821930570819e+02 -5.222303336089920839e-03 -9.293468607592085193e-03
3.380070658266581631e+02 -5.246013399942390729e-03 -9.208066554587423722e-03
3.380230745161570667e+02 -5.267137979964834835e-03 -9.124326881918231463e-03
3.380552067738722144e+02 -5.298427408621068924e-03 -8.948436681141976740e-03
3.380713587929046184e+02 -5.306971144013851796e-03 -8.856808027444191753e-03
3.380875756129480010e+02 -5.313273011009833104e-03 -8.761374791211355706e-03
3.381038613850295746e+02 -5.319141799228922947e-03 -8.663325496193741843e-03
3.381202101117022494e+02 -5.321056566068477905e-03 -8.580324084539327212e-03
3.381527565373190782e+02 -5.316384513216716040e-03 -8.404165001217201586e-03
3.381689414909631068e+02 -5.313021341508032160e-03 -8.329769990413984221e-03
3.381850830594917738e+02 -5.307969420270585749e-03 -8.249985615162753680e-03
3.382011828543411411e+02 -5.299484200423981370e-03 -8.178483732943955808e-03
3.382333190500445994e+02 -5.281468430473276916e-03 -8.051601765821890522e-03
3.382493615336950370e+02 -5.270316569498461126e-03 -8.017519834423794678e-03
3.382654021239467852e+02 -5.259076061853044069e-03 -8.074337890505900797e-03
3.382814540984578571e+02 -5.246864155406715663e-03 -8.085657641841104137e-03
3.383136417937585634e+02 -5.219754432703841568e-03 -8.332311750269102285e-03
3.383297931527000628e+02 -5.204939828184895236e-03 -8.473107522179688933e-03
3.383459967165197213e+02 -5.189247001551802220e-03 -8.628442610630811596e-03
3.383622758355226665e+02 -5.173863622121908576e-03 -8.787143268179798544e-03
3.383949187279359876e+02 -5.135154690732373489e-03 -9.067128189228307322e-03
3.384111299558261976e+02 -5.115542505666900545e-03 -9.223705693508601686e-03
3.384272777268429309e+02 -5.096430331300122636e-03 -9.387308590463043501e-03
3.384433753949514312e+02 -5.080611418351280335e-03 -9.558641068268954391e-03
3.384754568209351646e+02 -5.046699593012502795e-03 -9.916260299287105173e-03
3.384914624122625924e+02 -5.035581109432136007e-03 -1.008675354408243227e-02
3.385074729325194198e+02 -5.023959080306071405e-03 -1.025376037168798313e-02
3.385234982887165529e+02 -5.012819452616392238e-03 -1.042146210225201701e-02
3.385556491355284834e+02 -4.991103003668354021e-03 -1.072417575557053047e-02
3.385717988304474488e+02 -4.979423055188406978e-03 -1.085473483739042740e-02
3.385880096231088601e+02 -4.969548887337145449e-03 -1.097262935419042983e-02
3.386042888741015986e+02 -4.961617149947055404e-03 -1.107509892154423872e-02
3.386206337758643485e+02 -4.954030362192657702e-03 -1.115861791974431978e-02
3.386531393837374821e+02 -4.936873148098474932e-03 -1.125710507056137261e-02
3.386692938833818403e+02 -4.929720991707785618e-03 -1.127304378844922080e-02
3.386854036563107684e+02 -4.927750230981966899e-03 -1.127386327344434384e-02
3.387014692537960059e+02 -4.925027663785317734e-03 -1.125703006571488439e-02
3.387332667937964175e+02 -4.939765616763837526e-03 -1.119025226321106181e-02
3.387491660855807254e+02 -4.953381730718500221e-03 -1.113925575508198720e-02
3.387652316490086264e+02 -4.972962288528419948e-03 -1.106873014640052076e-02
3.387814614753837077e+02 -4.992476008203543779e-03 -1.098444219252823172e-02
3.388137990839464919e+02 -5.029096971013422707e-03 -1.078817845495253815e-02
3.388299296136685825e+02 -5.043906311547607935e-03 -1.067824321981133973e-02
3.388460687503302893e+02 -5.060523861167966729e-03 -1.056145696542566854e-02
3.388622421643937628e+02 -5.074513740754401508e-03 -1.044223831743482621e-02
3.388947713249851859e+02 -5.096016684987390681e-03 -1.019811630768323492e-02
3.389110021997313993e+02 -5.104400352286585577e-03 -1.007764939779682775e-02
3.389271200732924854e+02 -5.110412847818172379e-03 -9.961837170815408121e-03
3.389431631173773098e+02 -5.117108671345211614e-03 -9.851240199802423561e-03
3.389751245474771508e+02 -5.117656911469916844e-03 -9.756960780489763382e-03
3.389910961146943009e+02 -5.118609708253924785e-03 -9.646218693910055958e-03
3.390071043240174617e+02 -5.115367409212964733e-03 -9.592675355036477808e-03
3.390231448688608680e+02 -5.110017911701173442e-03 -9.569503285818160843e-03
3.390553357859177481e+02 -5.094008272724071321e-03 -9.380830323849660354e-03
3.390715040420349169e+02 -5.082510947295391587e-03 -9.310774444239840186e-03
3.390877284411222945e+02 -5.071928981963720259e-03 -9.233969837920045706e-03
3.391040155546196502e+02 -5.062308129205521021e-03 -9.159337462898722859e-03
3.391203655345397010e+02 -5.051023692752878470e-03 -9.084733402131710961e-03
3.391529016116575121e+02 -5.023667325063659039e-03 -8.937828637535272930e-03
3.391690767530812991e+02 -5.010786595454668792e-03 -8.857931855652992348e-03
3.391852093907415338e+02 -4.996886989888242418e-03 -8.777260020995355030e-03
3.392013028939998094e+02 -4.980502948690479839e-03 -8.697142222762617100e-03
3.392334358843921791e+02 -4.947531940954433098e-03 -8.544183057551356375e-03
3.392494948507828099e+02 -4.929472448553229129e-03 -8.476734744429658200e-03
3.392655630768616675e+02 -4.911971589139618385e-03 -8.415916723613426839e-03
3.392816500629529060e+02 -4.894595765371363358e-03 -8.361681951297442877e-03
3.393139306127692976e+02 -4.859507987926105395e-03 -8.269390207267014042e-03
3.393301371462074485e+02 -4.841545007982689212e-03 -8.232237144856942301e-03
3.393463928808526475e+02 -4.823739270889029589e-03 -8.207494342549477573e-03
3.393627111757305670e+02 -4.807140492682401497e-03 -8.193030406436466531e-03
3.393953463665306458e+02 -4.769092163087254588e-03 -8.190531820705395163e-03
3.394115723073801973e+02 -4.747470068669419271e-03 -8.201151722136463748e-03
3.394277489600363538e+02 -4.728190491740397704e-03 -8.216366116979054168e-03
3.394438850798382532e+02 -4.709031478416498065e-03 -8.253500491558292754e-03
3.394760758039909661e+02 -4.666189393510795404e-03 -8.316279600381499063e-03
3.394921466453410517e+02 -4.647223579860757306e-03 -8.367792053041526665e-03
3.395082152244709164e+02 -4.628023948098973668e-03 -8.404402603345207182e-03
3.395242950909138244e+02 -4.609413358247186829e-03 -8.444560382118389275e-03
3.395404035169328836e+02 -4.593102851812203187e-03 -8.482022327508978790e-03
3.395727162082115456e+02 -4.554968934428475086e-03 -8.548360153178703735e-03
3.395889454761314710e+02 -4.537441538546775448e-03 -8.572122806364095016e-03
3.396052285828935169e+02 -4.521016248962701246e-03 -8.596581902595917118e-03
3.396215787036720712e+02 -4.506657442619926672e-03 -8.609466546066058337e-03
3.396540886250065228e+02 -4.477274528145156786e-03 -8.613226794083134186e-03
3.396701883536396167e+02 -4.471224138404966512e-03 -8.605774753195129592e-03
3.396862614183893925e+02 -4.469011700593231162e-03 -8.589099659779305188e-03
3.397022762428503029e+02 -4.472108329643805121e-03 -8.565179110875217883e-03
3.397342699830756487e+02 -4.491291852180332063e-03 -8.500189261190281217e-03
3.397504101947249637e+02 -4.507156381427987295e-03 -8.454532929677191846e-03
3.397666309366039172e+02 -4.527275720682752934e-03 -8.401541822493710510e-03
3.397827703416725171e+02 -4.546088721457825985e-03 -8.347064303050023837e-03
3.398148753641391977e+02 -4.588493427015051702e-03 -8.236463891665454437e-03
3.398309264703864869e+02 -4.611078164234026777e-03 -8.180274234078206003e-03
3.398470140677127347e+02 -4.636494825787479748e-03 -8.125682043484939998e-03
3.398631686207199323e+02 -4.659875771460995734e-03 -8.071960523399122206e-03
3.398957159207059249e+02 -4.700642671283584810e-03 -7.967922992946741001e-03
3.399119213651951554e+02 -4.720800632803443149e-03 -7.920362203326047207e-03
3.399280285148801113e+02 -4.742113109121167888e-03 -7.883677648631638377e-03
3.399440639898356835e+02 -4.765137303499839862e-03 -7.856418187600361022e-03
3.399600528590860904e+02 -4.783898452954379703e-03 -7.827136005957788245e-03
3.399919807332299797e+02 -4.816697534900734809e-03 -7.761848630281360101e-03
3.400079744925545242e+02 -4.830905670494180931e-03 -7.720606958421709701e-03
3.400240005113762436e+02 -4.842577500884791795e-03 -7.671996025472549788e-03
3.400400573342814710e+02 -4.853632170466529866e-03 -7.620128963861614972e-03
3.400723404262117811e+02 -4.861853657534254657e-03 -7.499653877864483585e-03
3.400885711161982954e+02 -4.863935751229198426e-03 -7.432656452835806338e-03
3.401048591299742725e+02 -4.865072479381576769e-03 -7.363396099685667190e-03
3.401212077099913813e+02 -4.864821808034591570e-03 -7.289609891068313599e-03
3.401537511750051976e+02 -4.854704248342008900e-03 -7.156915487434914284e-03
3.401699335786675533e+02 -4.848265527684902758e-03 -7.089716305220239087e-03
3.401860738424446140e+02 -4.840437506652761797e-03 -7.033491815445954906e-03
3.402021748100326590e+02 -4.830209408117186118e-03 -6.982469572770534823e-03
3.402343191425825921e+02 -4.807332924779097148e-03 -6.965151120262503236e-03
3.402503733755567055e+02 -4.794064407399094285e-03 -7.066521697173513451e-03
3.402664321096023059e+02 -4.780248389533441923e-03 -7.210792813012702890e-03
3.402825061984764261e+02 -4.765525011820818252e-03 -7.378423849888154917e-03
3.403147512811509614e+02 -4.733357246553083174e-03 -7.668527884078557393e-03
3.403309395941157618e+02 -4.715186085355435076e-03 -7.778920466498761427e-03
3.403471827623311583e+02 -4.696343506453965963e-03 -7.884617056507330080e-03
3.403634965293309165e+02 -4.678974465275802068e-03 -7.976563696069392112e-03
3.403961230271224849e+02 -4.640722673545545629e-03 -8.223694045847185566e-03
3.404123267465058120e+02 -4.619303627096434627e-03 -8.456176136908851587e-03
3.404284693131906465e+02 -4.600145407006466652e-03 -8.817230909170383629e-03
3.404445655103766626e+02 -4.583584353600050204e-03 -9.305207159877617457e-03
3.404606273930836551e+02 -4.565331008135984671e-03 -9.877159560612634379e-03
3.404926716477183959e+02 -4.533758401630658998e-03 -1.087064980218198536e-02
3.405086969929369616e+02 -4.519756599456658565e-03 -1.125417548600758134e-02
3.405247340432065926e+02 -4.506417372380081172e-03 -1.166704169192389444e-02
3.405407939338911660e+02 -4.496154533373170753e-03 -1.202344009072745142e-02
3.405730583793214237e+02 -4.473362322462193924e-03 -1.262822238037162627e-02
3.405892777370499402e+02 -4.464930767732503206e-03 -1.289084239997679952e-02
3.406055638476631202e+02 -4.458763149377216461e-03 -1.305304733305045865e-02
3.406219093190778722e+02 -4.454743568670675377e-03 -1.315463308748537202e-02
3.406543924127785203e+02 -4.445523588109044806e-03 -1.321542198414795213e-02
3.406705344852815074e+02 -4.443233029505256303e-03 -1.317767680922995142e-02
3.406866329376786666e+02 -4.440314495676323664e-03 -1.310849187258215226e-02
3.407026962829338572e+02 -4.437291653534842888e-03 -1.301247069042334517e-02
3.407347781484777443e+02 -4.436965213663327662e-03 -1.276645079544314575e-02
3.407508196352535492e+02 -4.437681800688615848e-03 -1.262290140338858876e-02
3.407667779093376339e+02 -4.443883496696649990e-03 -1.247443473133029619e-02
3.407827791743492867e+02 -4.452971107836564343e-03 -1.232193776612805665e-02
3.408151872551509314e+02 -4.474055851184309887e-03 -1.201654257121053185e-02
3.408313409636577944e+02 -4.482680072344975668e-03 -1.186865297471039610e-02
3.408474708856227267e+02 -4.492602857271508175e-03 -1.172481686363715386e-02
3.408636412649730687e+02 -4.500154206331270779e-03 -1.158797079342206889e-02
3.408962334539291987e+02 -4.507732380599239162e-03 -1.133281628292719286e-02
3.409124766241548059e+02 -4.507808465397338156e-03 -1.121507958519470452e-02
3.409286001257326006e+02 -4.509619638262516057e-03 -1.110991081346034311e-02
3.409446448191918080e+02 -4.511585543688393166e-03 -1.101272635775091963e-02
3.409606336087494469e+02 -4.513583860814892289e-03 -1.092599243820012445e-02
3.409925750425123283e+02 -4.513445067371848161e-03 -1.077081740245547370e-02
3.410085857210457903e+02 -4.513465807352889762e-03 -1.069803900144899837e-02
3.410246218778251546e+02 -4.512322724673305772e-03 -1.063247188848763861e-02
3.410406877554494827e+02 -4.512254558933758916e-03 -1.068649177100438816e-02
3.410729845496627490e+02 -4.503289582892508296e-03 -1.065472052743412362e-02
3.410892178614234354e+02 -4.499688184244132923e-03 -1.062719148595319719e-02
3.411055089319979743e+02 -4.495725548120792572e-03 -1.059327675693144503e-02
3.411218573028583023e+02 -4.492522774359697553e-03 -1.056558171908089303e-02
3.411543718012742374e+02 -4.479662403017529645e-03 -1.047503079051203059e-02
3.411705381985152599e+02 -4.473372810479396035e-03 -1.041553792490276450e-02
3.411866634933409159e+02 -4.465975878324326097e-03 -1.035214367618443772e-02
3.412027533668312458e+02 -4.457271171086558612e-03 -1.029267277702194429e-02
3.412348768193575097e+02 -4.438634602928263201e-03 -1.020824063224170034e-02
3.412509325834483889e+02 -4.427831245676632811e-03 -1.019650763047990662e-02
3.412669980039884194e+02 -4.417061470877114981e-03 -1.020940863542844391e-02
3.412830810338570586e+02 -4.406054140664633113e-03 -1.024652021270460595e-02
3.413153574088975120e+02 -4.384259839871444686e-03 -1.038815449399484517e-02
3.413315644684118979e+02 -4.372280182061507453e-03 -1.047486782001198942e-02
3.413478282788951219e+02 -4.359813508927775499e-03 -1.056187189336705787e-02
3.413641520747359550e+02 -4.349174982396318730e-03 -1.063251721904785035e-02
3.413804953364883659e+02 -4.334738530222061875e-03 -1.069715882482518907e-02
3.414129808419914411e+02 -4.308015765756803561e-03 -1.084032474557675152e-02
3.414291408646424202e+02 -4.294140214290038081e-03 -1.095316287169681088e-02
3.414452604795739035e+02 -4.281165024608907764e-03 -1.109377793488242753e-02
3.414613572627568487e+02 -4.265845423663059376e-03 -1.125460450709772978e-02
3.414934866178774087e+02 -4.237382969224949905e-03 -1.160988815067789080e-02
3.415095513927178672e+02 -4.223808231054385597e-03 -1.176883560266871534e-02
3.415256286938621884e+02 -4.210213122564456824e-03 -1.195380756670517790e-02
3.415417368470773454e+02 -4.201662601609470679e-03 -1.210954856162638725e-02
3.415739456218520900e+02 -4.188081892544105213e-03 -1.236140039624073796e-02
3.415900604600223005e+02 -4.193113588419653329e-03 -1.243877559368596238e-02
3.416063284453419442e+02 -4.203884023327759609e-03 -1.248601658966777550e-02
3.416225851203942625e+02 -4.223630587533810585e-03 -1.250236693863902675e-02
3.416549260301146660e+02 -4.266271268456109204e-03 -1.243406491714163509e-02
3.416710805180220518e+02 -4.289059241906530845e-03 -1.235821661701096835e-02
3.416872346653840395e+02 -4.321787448926213589e-03 -1.227767508238956397e-02
3.417034346865928569e+02 -4.352623915919842483e-03 -1.216814865651486693e-02
3.417357721042359913e+02 -4.429553064187592877e-03 -1.193893017160256413e-02
3.417518753229265940e+02 -4.471062365674443456e-03 -1.181218863072464216e-02
3.417679759056833291e+02 -4.513518792834349605e-03 -1.167342584279994905e-02
3.417840378152693575e+02 -4.557018416919567799e-03 -1.153124993107636394e-02
3.418000471915936487e+02 -4.602419974286808303e-03 -1.138537178591070287e-02
3.418321432530346442e+02 -4.699773028117230737e-03 -1.109487540735320382e-02
3.418482541713676710e+02 -4.752447438647531414e-03 -1.094742841065929860e-02
3.418644352655396688e+02 -4.800099974254519453e-03 -1.080529532956127359e-02
3.418807111453403991e+02 -4.844516208405035516e-03 -1.067229627191663630e-02
3.419131534242626458e+02 -4.931866550096967138e-03 -1.042251354627123094e-02
3.419292351487486599e+02 -4.974631436139017454e-03 -1.030792451918680422e-02
3.419452589977239541e+02 -5.014934696740411431e-03 -1.019865043348502053e-02
3.419612437324697680e+02 -5.051381886000479333e-03 -1.009748343408637707e-02
3.419931552051516519e+02 -5.111398149276371282e-03 -9.917940696617640398e-03
3.420091344353540990e+02 -5.137503752720861197e-03 -9.845778984211399354e-03
3.420251408387846936e+02 -5.160816939262945560e-03 -9.766830198315205186e-03
3.420411778910893759e+02 -5.182149855382225598e-03 -9.685788915204463292e-03
3.420734325905001469e+02 -5.206041385248818751e-03 -9.507087200553175632e-03
3.420896603169572359e+02 -5.213688267938589027e-03 -9.413081145983116446e-03
3.421059540070233993e+02 -5.219205172484899825e-03 -9.317580435182411594e-03
3.421223047555118910e+02 -5.224429500383968687e-03 -9.222021096301533105e-03
3.421548223393692183e+02 -5.222686896383347578e-03 -9.053346085284888836e-03
3.421709954951074337e+02 -5.219562236034106829e-03 -8.965417124289356415e-03
3.421871280920379945e+02 -5.214067907599407269e-03 -8.892026976485214659e-03
3.422032218161185710e+02 -5.206825785924717662e-03 -8.813906019231564082e-03
3.422353517372258125e+02 -5.188772103854564187e-03 -8.660653474969002424e-03
3.422513980017039330e+02 -5.177505855346509547e-03 -8.589408260352345351e-03
3.422674468387519369e+02 -5.165527592779501319e-03 -8.551961930651141505e-03
3.422835088120802993e+02 -5.152769236110181506e-03 -8.640106850491763649e-03
3.423157263982550944e+02 -5.125051131204453811e-03 -8.759600856798223714e-03
3.423318976866104322e+02 -5.108803440271363072e-03 -8.913036392192080076e-03
3.423481301079646073e+02 -5.091441549739666485e-03 -9.013711496816921576e-03
3.423644308936064817e+02 -5.074237782885105373e-03 -9.151106970703771701e-03
3.423807763170328826e+02 -5.054043402002799355e-03 -9.306622963563430939e-03
3.424132519317008700e+02 -5.015291378542050850e-03 -9.589595707797382573e-03
3.424293880387526769e+02 -4.996118301936994417e-03 -9.749015233235795025e-03
3.424454775520902672e+02 -4.979705204621741495e-03 -9.901982065652202569e-03
3.424615342070408701e+02 -4.962937622956897603e-03 -1.005575087585498101e-02
3.424935720290586687e+02 -4.933135783768487562e-03 -1.038247681975604589e-02
3.425095939426417999e+02 -4.920026738119440655e-03 -1.054292859247982217e-02
3.425256315775533267e+02 -4.907159312582214800e-03 -1.070094586633718765e-02
3.425416982970446043e+02 -4.896950513215030977e-03 -1.084197465389492333e-02
3.425739780633531950e+02 -4.870603892963107362e-03 -1.109712332768209020e-02
3.425902061250619681e+02 -4.860307093885231529e-03 -1.120528484614835910e-02
3.426065027568120627e+02 -4.850881539942202524e-03 -1.129631596302525971e-02
3.426228494084804197e+02 -4.844826943621028531e-03 -1.137351693311639163e-02
3.426553378001784722e+02 -4.827666652250032185e-03 -1.145981805637233918e-02
3.426714942537218462e+02 -4.818824914381607954e-03 -1.147262914404953427e-02
3.426876019950839805e+02 -4.815559153755364849e-03 -1.146621039372287300e-02
3.427036088168853780e+02 -4.825488619425675856e-03 -1.144645053409010932e-02
3.427353372276169807e+02 -4.853847231343617549e-03 -1.137439074245030768e-02
3.427512885535952023e+02 -4.877012172287399638e-03 -1.132386782372275455e-02
3.427674297901410796e+02 -4.908562111724236628e-03 -1.125299402912879713e-02
3.427836751448543851e+02 -4.939370907575449041e-03 -1.117123346725528397e-02
3.428159685701419903e+02 -4.996008389093071697e-03 -1.097096322759589203e-02
3.428320945819041867e+02 -5.019153852923779503e-03 -1.085928730698238961e-02
3.428482184712781304e+02 -5.046104507219582348e-03 -1.073953535696478903e-02
3.428643653805058307e+02 -5.070281922457738066e-03 -1.061624734265743421e-02
3.428805830011647799e+02 -5.085463056935472966e-03 -1.048937046966194782e-02
3.429130808038867713e+02 -5.117528045750067457e-03 -1.023624337597543385e-02
3.429291684526356221e+02 -5.131248275397970633e-03 -1.011524817892506083e-02
3.429451960819835108e+02 -5.141596324890545903e-03 -9.996567520159460249e-03
3.429611829813968598e+02 -5.148602710802353127e-03 -9.879829915719133895e-03
3.429931379008125418e+02 -5.150904796592113005e-03 -9.792142787120398581e-03
3.430091642770026965e+02 -5.149329196477080497e-03 -9.672930918293883365e-03
3.430252148886909254e+02 -5.143976793283534972e-03 -9.662672947667625550e-03
3.430412938070238624e+02 -5.139512618587311309e-03 -9.551069623017750809e-03
3.430735884021345328e+02 -5.117449257800293742e-03 -9.383747368256872487e-03
3.430898179488602295e+02 -5.106777505733679605e-03 -9.299039615709998874e-03
3.431061098020903160e+02 -5.095907593218520527e-03 -9.210081652349268524e-03
3.431224611940671139e+02 -5.086569403381311846e-03 -9.123758316446631961e-03
3.431549785472985832e+02 -5.059128628417615230e-03 -8.954724902770877862e-03
3.431711466409963123e+02 -5.045075987947717118e-03 -8.871161439094714385e-03
3.431872732505224803e+02 -5.029494446664235785e-03 -8.785842815880927359e-03
3.432033661989236180e+02 -5.013323741362746451e-03 -8.699513928544049673e-03
3.432354985194049277e+02 -4.979718141282589092e-03 -8.535283507588784652e-03
3.432515592341803767e+02 -4.961601167428650316e-03 -8.460766518741093256e-03
3.432676296271170600e+02 -4.943817609063368840e-03 -8.397322436292403713e-03
3.432837195656791778e+02 -4.926141763739813779e-03 -8.346490016586089952e-03
3.433160069238347774e+02 -4.892007457711853961e-03 -8.285609629005378368e-03
3.433322161979756970e+02 -4.873672003085733825e-03 -8.269940383485344104e-03
3.433484822889525390e+02 -4.854588973246967351e-03 -8.264002959569182252e-03
3.433648027764785979e+02 -4.837156467850523521e-03 -8.269498368489027612e-03
3.433811490339747934e+02 -4.817080462051528608e-03 -8.280877006703249790e-03
3.434136458412488651e+02 -4.777507391478408132e-03 -8.319536625611113900e-03
3.434298124914021173e+02 -4.757479445653410230e-03 -8.342997372493403743e-03
3.434459360265155397e+02 -4.738577623203002985e-03 -8.365016216334826213e-03
3.434620375046744698e+02 -4.717412756823788356e-03 -8.391584193815427792e-03
3.434941760745867327e+02 -4.677287974058348327e-03 -8.487650295335470718e-03
3.435102422656177055e+02 -4.657780864374675388e-03 -8.541182439150094355e-03
3.435263206028532181e+02 -4.638661492925953179e-03 -8.606206743837281625e-03
3.435424297235895779e+02 -4.621251629385559126e-03 -8.657675018980234144e-03
3.435747535453823502e+02 -4.583854755144473048e-03 -8.756677663256971084e-03
3.435909922182183323e+02 -4.566674425231954416e-03 -8.797890212811741370e-03
3.436072926717803284e+02 -4.549415348306131562e-03 -8.833652803054529989e-03
3.436236436952091253e+02 -4.535495552170185941e-03 -8.857987042065643829e-03
3.436561734787572959e+02 -4.503308322995011083e-03 -8.881532222444626229e-03
3.436723490818582150e+02 -4.487224483875306737e-03 -8.901056764050733344e-03
3.436884802820418940e+02 -4.471433796706050443e-03 -8.910023150046103568e-03
3.437045944450940169e+02 -4.457723088960136373e-03 -8.914798697663744304e-03
3.437206977624556998e+02 -4.447174736730454339e-03 -8.918117064591781287e-03
3.437528296549244260e+02 -4.428567371432645498e-03 -8.895163963926462289e-03
3.437688552154144759e+02 -4.420365371858567261e-03 -8.873217010802307916e-03
3.437848597110588003e+02 -4.415056490850067725e-03 -8.847775563449931241e-03
3.438009235916230750e+02 -4.408705849316129320e-03 -8.812123568585371325e-03
3.438332522352752676e+02 -4.403827971736566128e-03 -8.727291390206693214e-03
3.438494495393559873e+02 -4.401610065148154477e-03 -8.678203277103535215e-03
3.438656770067181014e+02 -4.400522665026279298e-03 -8.625366889613284710e-03
3.438819851687484288e+02 -4.399734193273272150e-03 -8.569152017337353794e-03
3.439145402665606071e+02 -4.405978772846116595e-03 -8.455270474054222066e-03
3.439306763398907947e+02 -4.411656930400392924e-03 -8.400917043502414278e-03
3.439467492114031302e+02 -4.417577980828884913e-03 -8.348584634032140198e-03
3.439627688111801262e+02 -4.427337411824509329e-03 -8.323219439884054285e-03
3.439947149180428596e+02 -4.447151504031845656e-03 -8.225721514239586751e-03
3.440106900585176959e+02 -4.457401396481727382e-03 -8.176052273118775485e-03
3.440266891263553930e+02 -4.469450066133313047e-03 -8.105825040638609327e-03
3.440427195079983562e+02 -4.482824858308724278e-03 -8.033640964451367605e-03
3.440749789657359656e+02 -4.501130826916712076e-03 -7.874616973315430937e-03
3.440912113284485372e+02 -4.510109822685756317e-03 -7.799945988226834534e-03
3.441075153575363856e+02 -4.515744763425030145e-03 -7.722425005553576471e-03
3.441238510308573950e+02 -4.523528854446143797e-03 -7.643267139083474368e-03
3.441401295407387693e+02 -4.525001955418266053e-03 -7.566889555889680027e-03
3.441725120984762611e+02 -4.528241008323372063e-03 -7.404385949022790347e-03
3.441886367304460919e+02 -4.526310231233725279e-03 -7.322700170843543868e-03
3.442047287332717360e+02 -4.523632824014672989e-03 -7.246056549213597195e-03
3.442207968222979844e+02 -4.521137978660775408e-03 -7.188318587466503359e-03
3.442529038978594826e+02 -4.508492722493294587e-03 -7.230289296609323027e-03
3.442689649033560499e+02 -4.501111289738430644e-03 -7.317393106697968330e-03
3.442850441134547168e+02 -4.492559084051207102e-03 -7.480238387533077841e-03
3.443011596584042309e+02 -4.482932885997660023e-03 -7.638345042146317196e-03
3.443335085992526388e+02 -4.463245083657346908e-03 -7.891733814706751449e-03
3.443497711252217073e+02 -4.450736231876076775e-03 -8.019554219032875089e-03
3.443660945474860569e+02 -4.437731694998944994e-03 -8.126632785779517795e-03
3.443824379424088988e+02 -4.425915437604992057e-03 -8.226896103067248348e-03
3.444148916251923538e+02 -4.397749307138770422e-03 -8.518909375936167469e-03
3.444310318753450701e+02 -4.383774116512000572e-03 -8.708460671405212142e-03
3.444471204586548652e+02 -4.370665287684106712e-03 -8.941844002600165750e-03
3.444631839030361107e+02 -4.357739161413793152e-03 -9.210409715128308264e-03
3.444952406692468685e+02 -4.332524897466446569e-03 -9.815401221779264732e-03
3.445112737574851849e+02 -4.320388080035543824e-03 -1.013771446319633278e-02
3.445273196354067977e+02 -4.309002371726859508e-03 -1.044933183312202890e-02
3.445433941617429809e+02 -4.300040499700064078e-03 -1.076532456675537847e-02
3.445756870262734424e+02 -4.281731537072652402e-03 -1.136494989784172897e-02
3.445919193971974437e+02 -4.275690632529463228e-03 -1.162640291970572400e-02
3.446082261400832181e+02 -4.269484983073091287e-03 -1.184919234899904118e-02
3.446245622742352452e+02 -4.266930560491315194e-03 -1.203992746721733835e-02
3.446408331952778212e+02 -4.262342632116011137e-03 -1.219175028943032292e-02
3.446731674108846164e+02 -4.258957738773438972e-03 -1.239001542997562183e-02
3.446892752899753987e+02 -4.255600922245207293e-03 -1.243835572421540976e-02
3.447053625616960062e+02 -4.258976013827650217e-03 -1.246257920851193135e-02
3.447214207812518794e+02 -4.264485820740361241e-03 -1.246114022768821453e-02
3.447532045259542315e+02 -4.281584135066975570e-03 -1.240470355239363560e-02
3.447691887581119090e+02 -4.291756686240541692e-03 -1.233601080869760162e-02
3.447853447923915269e+02 -4.304663348960790191e-03 -1.225765094693188721e-02
3.448015035747407637e+02 -4.318456935822678061e-03 -1.215334386334118028e-02
3.448337236419727105e+02 -4.347116954701917176e-03 -1.190945220712514782e-02
3.448498849638584716e+02 -4.360587911860693694e-03 -1.177326332194589611e-02
3.448661112608078270e+02 -4.373842501685478931e-03 -1.162830713114096880e-02
3.448824169847122221e+02 -4.388744675908634596e-03 -1.148077733489416205e-02
3.449149265270087881e+02 -4.422341454340455655e-03 -1.118455274739289101e-02
3.449310446037314932e+02 -4.442306231518959418e-03 -1.104014699655184693e-02
3.449470864613628578e+02 -4.461826994747372481e-03 -1.089951989977488121e-02
3.449630767483729983e+02 -4.484563620767265286e-03 -1.076264398672479097e-02
3.449949924413115809e+02 -4.524153084878175177e-03 -1.056204626865875351e-02
3.450109679181241518e+02 -4.542286015578961278e-03 -1.050763180386519134e-02
3.450269720880938280e+02 -4.560608877671514308e-03 -1.036526139705756626e-02
3.450430078593248027e+02 -4.579144129958874661e-03 -1.032636187132611981e-02
3.450752634545371507e+02 -4.604642945356459717e-03 -1.008184196256081688e-02
3.450914938305053283e+02 -4.615653470454888531e-03 -9.975457933483431253e-03
3.451077987964096110e+02 -4.622472251886038802e-03 -9.865438314246686644e-03
3.451241359539400833e+02 -4.631954591719215052e-03 -9.752011800071267583e-03
3.451404147699424243e+02 -4.635027028270097965e-03 -9.644441154662623111e-03
3.451727853946554774e+02 -4.641083790380015617e-03 -9.441829846496068226e-03
3.451889036789849570e+02 -4.639523064904628978e-03 -9.343930209666060846e-03
3.452049890904697236e+02 -4.637736487435446982e-03 -9.249583846345997215e-03
3.452210517495071826e+02 -4.635952803459497326e-03 -9.164381825641552612e-03
3.452531612623333785e+02 -4.623993239060682561e-03 -9.074600504594644221e-03
3.452692239518726751e+02 -4.617283850527338467e-03 -9.086490496731439853e-03
3.452853056435121744e+02 -4.609218206237111586e-03 -9.122860344401113528e-03
3.453014240899461242e+02 -4.600356530466223788e-03 -9.190833455171770749e-03
3.453337803671513484e+02 -4.582513619174779888e-03 -9.346473500799892115e-03
3.453500464612646965e+02 -4.570980691011336354e-03 -9.411921880332446005e-03
3.453663730434496415e+02 -4.558956081543510952e-03 -9.464457269493036298e-03
3.453827117591502542e+02 -4.548026960568381932e-03 -9.518688686664049381e-03
3.454151631690119757e+02 -4.522140587109228435e-03 -9.669672655193604915e-03
3.454313063145690990e+02 -4.508791073803540377e-03 -9.784812347900729429e-03
3.454474000095425481e+02 -4.496411170638366789e-03 -9.939473046789144492e-03
3.454634711889037817e+02 -4.483079446736391860e-03 -1.012082031654904651e-02
3.454955540006325236e+02 -4.458238299827356303e-03 -1.054465500815258104e-02
3.455116001212185211e+02 -4.445580134315953516e-03 -1.074961939368108618e-02
3.455276593564994982e+02 -4.433551481922403878e-03 -1.097159705903085272e-02
3.455437487185601526e+02 -4.423160198921902153e-03 -1.116618906411006619e-02
3.455760622186397200e+02 -4.402859365659266173e-03 -1.155750444230783935e-02
3.455923030950064003e+02 -4.394989373536613286e-03 -1.173133427586282168e-02
3.456086165728902984e+02 -4.386890118522333501e-03 -1.189954175362839886e-02
3.456249549946750221e+02 -4.382188591178505857e-03 -1.205143212022866638e-02
3.456412253678654452e+02 -4.375279486491657870e-03 -1.217727679402364621e-02
3.456736161748088989e+02 -4.368013534276799469e-03 -1.234735686497208731e-02
3.456897822240338769e+02 -4.364731778077860121e-03 -1.238028066654024532e-02
3.457059052203822489e+02 -4.363826301006563761e-03 -1.240196917113709114e-02
3.457219955064778674e+02 -4.364329020124620845e-03 -1.239949025785729540e-02
3.457539844105339739e+02 -4.365204721477920075e-03 -1.236279571347512901e-02
3.457700080327322212e+02 -4.368247948533627092e-03 -1.231566395491253026e-02
3.457860955725099643e+02 -4.373530049794436408e-03 -1.226761202045142767e-02
3.458021849033192439e+02 -4.380098411492929812e-03 -1.219435902127634537e-02
3.458343697364115883e+02 -4.400986444374441718e-03 -1.200496764938395813e-02
3.458505142158907688e+02 -4.415830017366660989e-03 -1.189105064303977270e-02
3.458667292063223613e+02 -4.431476797105456458e-03 -1.176620093974659227e-02
3.458830415188187999e+02 -4.452223119121181613e-03 -1.163337752115004356e-02
3.459154952823640770e+02 -4.498946326926138266e-03 -1.136150251493283844e-02
3.459315968720281376e+02 -4.527086817147935732e-03 -1.122609134913787367e-02
3.459476266905627426e+02 -4.554801789304675254e-03 -1.109023009437476621e-02
3.459636111771552009e+02 -4.586420757381672909e-03 -1.106330282054556434e-02
3.459955023529540199e+02 -4.640223769057850133e-03 -1.080829818037628426e-02
3.460114752368974109e+02 -4.666118597062039047e-03 -1.067812315429083996e-02
3.460274810054903014e+02 -4.691775772896858085e-03 -1.053585708249407324e-02
3.460435200191032550e+02 -4.716657039048043412e-03 -1.040475027397065773e-02
3.460757877031853127e+02 -4.753995908329912597e-03 -1.014309825188785923e-02
3.460920235808515599e+02 -4.770214297541811553e-03 -1.000853448950840205e-02
3.461083330042284842e+02 -4.781601437130543475e-03 -9.886871486704598699e-03
3.461246673836079140e+02 -4.794949222023434966e-03 -9.773547419852464044e-03
3.461409437791613755e+02 -4.801746453713938781e-03 -9.646340496004188886e-03
3.461733091968656595e+02 -4.816045898922819563e-03 -9.429287577362149148e-03
3.461894294612947078e+02 -4.817547060394252248e-03 -9.320821962296622562e-03
3.462055152718697855e+02 -4.818862674575665438e-03 -9.217193693893828074e-03
3.462215777875923663e+02 -4.819883444559110511e-03 -9.113518149010280817e-03
3.462536843845140311e+02 -4.813603252876480672e-03 -8.914176368082634902e-03
3.462697442827076202e+02 -4.809452126274429799e-03 -8.833692285828901106e-03
3.462858227721768003e+02 -4.803773744932339669e-03 -8.869547096213136611e-03
3.463019368296602352e+02 -4.797138582286712173e-03 -8.815861477874843352e-03
3.463342845891127126e+02 -4.783127950877696759e-03 -8.977986940465889493e-03
3.463505475673984506e+02 -4.774137778634217344e-03 -9.061756183436861858e-03
3.463668745947103957e+02 -4.763552366600741841e-03 -9.145723299004992340e-03
3.463832094692617716e+02 -4.755119944752425956e-03 -9.218712704256165971e-03
3.464156490848402541e+02 -4.732567231707569821e-03 -9.373479729243894970e-03
3.464317857614596505e+02 -4.721536135308013193e-03 -9.485048913771445059e-03
3.464478735001512746e+02 -4.710499451867781844e-03 -9.600773495814261121e-03
3.464639382196237420e+02 -4.699537756644976000e-03 -9.737551117274281104e-03
3.464960087051065329e+02 -4.678659028598266927e-03 -1.007086942417431165e-02
3.465120501108860935e+02 -4.668187014916057830e-03 -1.025261894965063571e-02
3.465281060332785046e+02 -4.658157267973340142e-03 -1.046801317922426387e-02
3.465441920015637720e+02 -4.649330284909598647e-03 -1.068902370736752629e-02
3.465603208089704026e+02 -4.640278140754911483e-03 -1.093259483199907761e-02
3.465927456137868603e+02 -4.626593076911084297e-03 -1.141290420784127693e-02
3.466090631692036936e+02 -4.619860622548388647e-03 -1.163560104153797160e-02
3.466253985562786966e+02 -4.616096351889515011e-03 -1.184884839654939438e-02
3.466416709260416837e+02 -4.609855298636081518e-03 -1.203474166330150558e-02
3.466740121355649649e+02 -4.602648340416796297e-03 -1.233059642100814771e-02
3.466901205711624243e+02 -4.596210833641719770e-03 -1.242573482416741044e-02
3.467061987731926820e+02 -4.590634004959856865e-03 -1.248946270312043319e-02
3.467222459765528129e+02 -4.592831524852750147e-03 -1.252777242494292412e-02
3.467541954961012607e+02 -4.596973102689151311e-03 -1.254159159776518581e-02
3.467700672934327031e+02 -4.609470266380278139e-03 -1.249744718831835404e-02
3.467861113548067920e+02 -4.623619256015484673e-03 -1.244480980686409749e-02
3.468023863178437978e+02 -4.643697326890875929e-03 -1.235646461828833649e-02
3.468347282288445967e+02 -4.682386040836846244e-03 -1.212847452209017858e-02
3.468508624202453916e+02 -4.695177279918185884e-03 -1.199370677630968302e-02
3.468670495050898808e+02 -4.708171032672253502e-03 -1.184942569223066365e-02
3.468833230102636094e+02 -4.719961777451648147e-03 -1.169950231583144658e-02
3.469158730291105712e+02 -4.736560343023213035e-03 -1.139743356767630895e-02
3.469319639045413624e+02 -4.743585980935913042e-03 -1.125030934491569323e-02
3.469479796969182530e+02 -4.748376213314022161e-03 -1.110832855531208342e-02
3.469639532080562390e+02 -4.758178037616900106e-03 -1.097063946299800356e-02
3.469958869225733906e+02 -4.762073659209818156e-03 -1.070577397693985022e-02
3.470119078065957865e+02 -4.763474991808606777e-03 -1.071668416930404363e-02
3.470279565039369913e+02 -4.763323997282218475e-03 -1.052130664076490578e-02
3.470440436207558150e+02 -4.763777251999124114e-03 -1.049594617138071076e-02
3.470601887023591985e+02 -4.759383475731554687e-03 -1.039403650170369307e-02
3.470926284766063077e+02 -4.752599194913091456e-03 -1.017109005628211681e-02
3.471089409084688100e+02 -4.745923672840159438e-03 -1.006834645007695893e-02
3.471252799401982543e+02 -4.741529001427486137e-03 -9.960985648060376521e-03
3.471415623705873941e+02 -4.733211443208030361e-03 -9.854911906363072321e-03
3.471739395353590112e+02 -4.718943149513419623e-03 -9.652395127472407008e-03
3.471900652776443508e+02 -4.707626420291631704e-03 -9.554871044997359508e-03
3.472061572597828558e+02 -4.696186231827222980e-03 -9.462208400005132913e-03
3.472222235125678367e+02 -4.685446197852220079e-03 -9.370368678130132356e-03
3.472543437570799369e+02 -4.659409083760169580e-03 -9.210886311398554238e-03
3.472704136635809391e+02 -4.646314851715112847e-03 -9.158601264585012475e-03
3.472865049498691405e+02 -4.632991003087559220e-03 -9.146960769354513243e-03
3.473026320640244649e+02 -4.619508362466091464e-03 -9.151778827901198288e-03
3.473350119298020786e+02 -4.592716751469471011e-03 -9.213686490133109891e-03
3.473512840656673575e+02 -4.578090793961715754e-03 -9.257236984402403626e-03
3.473676184363391712e+02 -4.561837604087901239e-03 -9.284310095568791207e-03
3.473839543361137885e+02 -4.548414961755244644e-03 -9.293722074679860307e-03
3.474002164680436522e+02 -4.530895372246553955e-03 -9.300066044752945335e-03
3.474325822761329619e+02 -4.498264509209447259e-03 -9.331101950919068813e-03
3.474486965313265614e+02 -4.480884015516080690e-03 -9.362549326297738353e-03
3.474647881914144705e+02 -4.463857318414601004e-03 -9.409541337416652343e-03
3.474808531263294640e+02 -4.446962944066079268e-03 -9.466729400486420185e-03
3.475129781063979522e+02 -4.413960925289732613e-03 -9.609416012244386893e-03
3.475290542111273453e+02 -4.397733116884877669e-03 -9.696523914195814831e-03
3.475451631461485817e+02 -4.381053400602357914e-03 -9.780736171399408499e-03
3.475613016000296511e+02 -4.365914168641685071e-03 -9.865060857953196483e-03
3.475937283382568808e+02 -4.345231342548712232e-03 -9.995801204498763748e-03
3.476100016320835948e+02 -4.340764054632157733e-03 -1.004217498890825656e-02
3.476262720626145324e+02 -4.342877260998517265e-03 -1.006760769591755547e-02
3.476424660946372569e+02 -4.348993207160641722e-03 -1.007825759753036739e-02
3.476747659145685816e+02 -4.374415945319230434e-03 -1.004473013747974111e-02
3.476909408667789876e+02 -4.386917282067536589e-03 -1.000432686705837217e-02
3.477071447411957479e+02 -4.403550056942527949e-03 -9.955382068638243126e-03
3.477233119432878539e+02 -4.425987045026966681e-03 -9.903407377425284958e-03
3.477555119269758279e+02 -4.474188627279690467e-03 -9.762278623881619211e-03
3.477716313199484262e+02 -4.501526916850848332e-03 -9.676547849921349198e-03
3.477877018930248028e+02 -4.533556525012867600e-03 -9.586123611321141491e-03
3.478037138883265698e+02 -4.566755372172617844e-03 -9.488450728978026216e-03
3.478357956892997436e+02 -4.643405670816617287e-03 -9.288187325753087531e-03
3.478519126733204416e+02 -4.680542009797233546e-03 -9.185091373393280967e-03
3.478681129609653908e+02 -4.716278283774295692e-03 -9.082267796209055055e-03
3.478844144583447928e+02 -4.752502074423276164e-03 -8.981062505686710981e-03
3.479006522452105514e+02 -4.789173777352579743e-03 -8.883543034528278495e-03
3.479328610527367687e+02 -4.855454327274053711e-03 -8.714089397764463243e-03
3.479488797794681432e+02 -4.883932727925534636e-03 -8.646587256820603695e-03
3.479648664099840971e+02 -4.914298797935078358e-03 -8.583177529226129060e-03
3.479808244940566624e+02 -4.938682537166708478e-03 -8.525240495693120132e-03
3.480127970152927332e+02 -4.978279546868068575e-03 -8.411220546621106520e-03
3.480288201383847877e+02 -4.995450226682823791e-03 -8.347677936239234972e-03
3.480448757048628750e+02 -5.008494896320504416e-03 -8.280320830563675863e-03
3.480609917122436627e+02 -5.018119307509859295e-03 -8.211995587248934955e-03
3.480934081244942604e+02 -5.030895397816536295e-03 -8.072360343016492593e-03
3.481097241506055866e+02 -5.032928696150767989e-03 -8.002409334094474566e-03
3.481260637935527029e+02 -5.034193612027262378e-03 -7.922274941608789187e-03
3.481423477323733096e+02 -5.032036572315093034e-03 -7.858042962239594406e-03
3.481747348491663274e+02 -5.026203984724676721e-03 -7.728720648515113693e-03
3.481908680105610756e+02 -5.018920090991440576e-03 -7.670402678269711873e-03
3.482069631538503813e+02 -5.010161691041774973e-03 -7.609196544833120822e-03
3.482230333492427121e+02 -5.001447910473592363e-03 -7.551949894211230745e-03
3.482551233196119256e+02 -4.981015521477226080e-03 -7.576639808751428271e-03
3.482711663338699282e+02 -4.969478160380041108e-03 -7.734351926789680143e-03
3.482872269872627840e+02 -4.957934567198266432e-03 -7.787254856713821810e-03
3.483033205916723318e+02 -4.943363486551674048e-03 -8.042178586013200292e-03
3.483356250673160730e+02 -4.913102575542833798e-03 -8.328347067676870885e-03
3.483518718199296131e+02 -4.895331096947488393e-03 -8.483650647252394608e-03
3.483681914667784554e+02 -4.874059014640770397e-03 -8.641989429592203051e-03
3.483845276213185116e+02 -4.856263264352354662e-03 -8.786979176010303871e-03
3.484007775940323199e+02 -4.834826231199199076e-03 -8.912255346856509663e-03
3.484330841598637676e+02 -4.797924128109995121e-03 -9.184582520149697782e-03
3.484491640496140690e+02 -4.780094347635647188e-03 -9.336140974235440301e-03
3.484652151439004228e+02 -4.764560023134327936e-03 -9.507133949603164408e-03
3.484812315707927155e+02 -4.749856865719349723e-03 -9.683255211952301184e-03
3.485132740150704649e+02 -4.721600593989402211e-03 -1.006011239103255135e-02
3.485293156173317470e+02 -4.708540744848313010e-03 -1.024361240509761954e-02
3.485453911779515010e+02 -4.695379889789514163e-03 -1.041292102000985174e-02
3.485615130164607081e+02 -4.683376035373491841e-03 -1.057250329351804539e-02
3.485939301421636856e+02 -4.663513600444758357e-03 -1.082211789068165952e-02
3.486102480569124964e+02 -4.655051031850567650e-03 -1.091394606074936810e-02
3.486265813323383327e+02 -4.645393755010357451e-03 -1.098014842720659856e-02
3.486428623317187885e+02 -4.646590551248211062e-03 -1.102299581673438743e-02
3.486750664297254616e+02 -4.662419987254059865e-03 -1.104154359024348692e-02
3.486909996190848346e+02 -4.683975262637262577e-03 -1.102862801816155425e-02
3.487069230836550560e+02 -4.707510994505549780e-03 -1.100218896551302672e-02
3.487229116289729518e+02 -4.739136355066940823e-03 -1.096867668272711281e-02
3.487551768229614595e+02 -4.809351152744509653e-03 -1.086828891241332570e-02
3.487713580958828175e+02 -4.849267142393708790e-03 -1.079603164284307151e-02
3.487874864809363089e+02 -4.884386065887402414e-03 -1.071439412569941477e-02
3.488035632073517718e+02 -4.916469626711768119e-03 -1.062502356229547140e-02
3.488356309213364739e+02 -4.986032054907545141e-03 -1.043035757809066509e-02
3.488517006178095698e+02 -5.016340530564716502e-03 -1.032524705294269804e-02
3.488678413458517298e+02 -5.042940528077827222e-03 -1.021819386030201927e-02
3.488841015690904328e+02 -5.066271468794024228e-03 -1.010993889202155965e-02
3.489003382802836200e+02 -5.085104621570146928e-03 -1.000405028959051520e-02
3.489325515666014894e+02 -5.114201863503435065e-03 -9.801209377423994798e-03
3.489485856389293303e+02 -5.122703467257226986e-03 -9.727104245823004619e-03
3.489646024626915164e+02 -5.129531512074036494e-03 -9.731422407351896994e-03
3.489805997100305603e+02 -5.131974932821942170e-03 -9.643914303044233763e-03
3.490126245650623673e+02 -5.130856254427414512e-03 -9.559212062526342701e-03
3.490286581030481443e+02 -5.127911084225689545e-03 -9.473295659659588738e-03
3.490447236511535039e+02 -5.123031461127325673e-03 -9.397629615494560926e-03
3.490608412469493373e+02 -5.116277673782016096e-03 -9.323508124195764232e-03
3.490932527413444859e+02 -5.101733645579940857e-03 -9.166186833223998257e-03
3.491095696855938968e+02 -5.093141916259004247e-03 -9.085058843107889082e-03
3.491259079785835979e+02 -5.084605094412253043e-03 -9.000332049251887068e-03
3.491421856903001526e+02 -5.073923196553254723e-03 -8.913990747853029611e-03
3.491745449894102080e+02 -5.053450274012888030e-03 -8.733982162586287692e-03
3.491906660380477092e+02 -5.038612424192708342e-03 -8.641130519013563369e-03
3.492067552445461160e+02 -5.023349640596259935e-03 -8.550021182342382176e-03
3.492228181665977331e+02 -5.008719195720224768e-03 -8.468818105274684288e-03
3.492549385409528782e+02 -4.975775793341852271e-03 -8.354466940080254589e-03
3.492710087231404259e+02 -4.959121962260303919e-03 -8.356968351302885428e-03
3.492871013432733207e+02 -4.942586190003039025e-03 -8.377787951238920353e-03
3.493032293103681241e+02 -4.925315233644769752e-03 -8.436402122095539372e-03
3.493356100485706861e+02 -4.890219935684819892e-03 -8.623245466086369021e-03
3.493518842129025757e+02 -4.871628725211627972e-03 -8.738148809198638053e-03
3.493682227240992120e+02 -4.851377216846686040e-03 -8.836844495917640235e-03
3.493845555170718171e+02 -4.834380308003354693e-03 -8.925231578089359852e-03
3.494008179821312865e+02 -4.811934063181363269e-03 -9.011462614275966496e-03
3.494331717674359084e+02 -4.772346267981297102e-03 -9.242871106257285682e-03
3.494492805008608229e+02 -4.751247057462674485e-03 -9.407519784962349932e-03
3.494653663156121866e+02 -4.730882045271904771e-03 -9.591108839363655936e-03
3.494814241933564745e+02 -4.711151812586506990e-03 -9.794572755103415213e-03
3.495135430116215502e+02 -4.671441996351243832e-03 -1.020155370221955890e-02
3.495296188888279971e+02 -4.652397716703290421e-03 -1.041090693165337179e-02
3.495457307853689599e+02 -4.632595229589393272e-03 -1.060093261713212880e-02
3.495618753226194144e+02 -4.615446339661865086e-03 -1.078178101077474464e-02
3.495943273994811875e+02 -4.583923165510046804e-03 -1.106042460827749187e-02
3.496106748584928710e+02 -4.570545599880892866e-03 -1.116007778041922666e-02
3.496269678816960322e+02 -4.557954639791492700e-03 -1.123857922259626288e-02
3.496431948866525090e+02 -4.548595603280855722e-03 -1.129449709671744885e-02
3.496756290077757399e+02 -4.535317324699453603e-03 -1.133952378033616266e-02
3.496918507720244520e+02 -4.529201156073664469e-03 -1.132947789611233463e-02
3.497080270201263943e+02 -4.529424449365965222e-03 -1.129849434994872198e-02
3.497241535040047324e+02 -4.529149288985484523e-03 -1.126432022550927572e-02
3.497401767982904630e+02 -4.534999484465031087e-03 -1.121758007598986327e-02
3.497722594930874038e+02 -4.550547163447224777e-03 -1.109934145479145144e-02
3.497883731766438586e+02 -4.563302302735818168e-03 -1.103251042419917984e-02
3.498044435246449666e+02 -4.578647784581604471e-03 -1.095153028231798942e-02
3.498205100498686875e+02 -4.599397307044724575e-03 -1.086234165637724874e-02
3.498527247407774325e+02 -4.658471294693263681e-03 -1.066345183593296782e-02
3.498689241015462699e+02 -4.690403894511771185e-03 -1.055493264081723385e-02
3.498852182448660528e+02 -4.726214839694702942e-03 -1.044238691820030887e-02
3.499014958490540153e+02 -4.761805954881051864e-03 -1.033394860706608222e-02
3.499337400410556143e+02 -4.835508253857081704e-03 -1.013591295686877211e-02
3.499497561498421874e+02 -4.871489722467475282e-03 -1.004203706950118104e-02
3.499657315193531417e+02 -4.911862102227287745e-03 -9.957730166524450185e-03
3.499816710236960944e+02 -4.945774715983760131e-03 -9.878315482974282455e-03
3.500135771592076139e+02 -5.005250470325623216e-03 -9.709023988276532444e-03
3.500295712764671521e+02 -5.033942514801550798e-03 -9.618034390958620644e-03
3.500455991992313898e+02 -5.057827178705063750e-03 -9.516600470413626514e-03
3.500616963172258806e+02 -5.080489557604582831e-03 -9.417878780503359179e-03
3.500940970472871072e+02 -5.117375113498191276e-03 -9.220945525049761837e-03
3.501104118740320246e+02 -5.130718240277441430e-03 -9.123728607793219619e-03
3.501267410547878853e+02 -5.141617010055766351e-03 -9.019126807723256908e-03
3.501430068995424563e+02 -5.150670327025893766e-03 -8.915379270553823454e-03
3.501753486857726898e+02 -5.162470597085630671e-03 -8.737113423499852718e-03
3.501914615595305804e+02 -5.163293431912028934e-03 -8.656206964036277512e-03
3.502075465449938747e+02 -5.161816114273787108e-03 -8.575689629206946149e-03
3.502236036877325205e+02 -5.159069472020644427e-03 -8.491704287669423964e-03
3.502557054333678934e+02 -5.149617071665208920e-03 -8.329847975099290841e-03
3.502717641939113946e+02 -5.143511412657036930e-03 -8.272694952927572495e-03
3.502878435647096467e+02 -5.136260720146047093e-03 -8.274215026058786768e-03
3.503039572330291094e+02 -5.126446856697457546e-03 -8.354981742900892752e-03
3.503201058272068167e+02 -5.115848469708662687e-03 -8.394016046421029151e-03
3.503525687767694876e+02 -5.094346846151707325e-03 -8.654476003871574424e-03
3.503689039973596664e+02 -5.079965327121631520e-03 -8.781963877522605197e-03
3.503852267669562366e+02 -5.068813046281477920e-03 -8.907006457989473033e-03
3.504014732750144390e+02 -5.052868032558988781e-03 -9.073397991390829212e-03
3.504337773890653693e+02 -5.026468643375914258e-03 -9.401263026878084808e-03
3.504498554347263735e+02 -5.012554642091660885e-03 -9.585077931473220611e-03
3.504659117457227921e+02 -5.000251335055885642e-03 -9.772220424981197667e-03
3.504819350869707364e+02 -4.987846902899588201e-03 -9.935384874088803303e-03
3.505139981274778052e+02 -4.963137516130590801e-03 -1.033306431057493847e-02
3.505300496086788371e+02 -4.952097811389439934e-03 -1.053899991888964695e-02
3.505461370866691482e+02 -4.940362885126371728e-03 -1.075982497084416664e-02
3.505622678940171681e+02 -4.930428504812464988e-03 -1.098094485172938783e-02
3.505947002719532861e+02 -4.914139986972813900e-03 -1.137714547699732008e-02
3.506110242512525588e+02 -4.907917365913195933e-03 -1.154058226268836126e-02
3.506273568430796672e+02 -4.900986873956337392e-03 -1.166769864898271371e-02
3.506436175645081335e+02 -4.896329950645573158e-03 -1.176000565128766315e-02
3.506759414308731380e+02 -4.885884186952633122e-03 -1.186514946176107053e-02
3.506920446388643882e+02 -4.879755161310779348e-03 -1.188639290418690847e-02
3.507081224500861936e+02 -4.871700426497941640e-03 -1.188971015099117741e-02
3.507241695697575778e+02 -4.868665310624428408e-03 -1.187965468480665920e-02
3.507401344869236937e+02 -4.879966576464957705e-03 -1.184964564737692183e-02
3.507718240217478183e+02 -4.911124034668169595e-03 -1.174136957419915674e-02
3.507879053486903445e+02 -4.936495296315938745e-03 -1.166143395982708296e-02
3.508041991989439907e+02 -4.967571223916561994e-03 -1.155879558064995365e-02
3.508204152726285088e+02 -4.999833156456710836e-03 -1.144850998728943157e-02
3.508527111419933817e+02 -5.048159067765193610e-03 -1.120121017345604431e-02
3.508689218500484799e+02 -5.070145416505570345e-03 -1.107079206573312845e-02
3.508851899257486480e+02 -5.095894240484230737e-03 -1.093694796746124548e-02
3.509015179606486186e+02 -5.110904398947040649e-03 -1.080580488529334603e-02
3.509338285948509792e+02 -5.136559302886473458e-03 -1.055280051789912049e-02
3.509498414153106296e+02 -5.144947948895290876e-03 -1.043452904908909705e-02
3.509658109254265241e+02 -5.158919124146779320e-03 -1.032036219807918632e-02
3.509817588748030062e+02 -5.164266056553265365e-03 -1.020941508814034691e-02
3.510137385207005423e+02 -5.164613975469078098e-03 -1.011473660993159572e-02
3.510297816672919566e+02 -5.163898514217845487e-03 -9.978060141842295255e-03
3.510458677106730079e+02 -5.160231443931536863e-03 -9.986279420002623641e-03
3.510620137209135123e+02 -5.154543614951749390e-03 -9.861282443876294088e-03
3.510944648991842882e+02 -5.142966376368456050e-03 -9.700350684649874933e-03
3.511107876511875361e+02 -5.135473652378982207e-03 -9.615086244824119430e-03
3.511271248622363146e+02 -5.125915629354152979e-03 -9.526216595966826781e-03
3.511433951202710659e+02 -5.116756781337185138e-03 -9.439611434022068814e-03
3.511757528196767453e+02 -5.095935236695673699e-03 -9.264518734359511801e-03
3.511918717916157675e+02 -5.082565709607104673e-03 -9.175671530055126354e-03
3.512079642188813864e+02 -5.067155455980193110e-03 -9.090336685442585579e-03
3.512240276685387812e+02 -5.051680138480812120e-03 -9.008664900874067613e-03
3.512400887268105407e+02 -5.036531475578882172e-03 -8.930932835209608872e-03
3.512722250201518932e+02 -5.004924070212266561e-03 -8.817715112231703373e-03
3.512883241816491591e+02 -4.989766391301888974e-03 -8.794288322899593280e-03
3.513044569152971235e+02 -4.972767383422962983e-03 -8.797941940680195291e-03
3.513206279538763397e+02 -4.955111203671627197e-03 -8.825704223268620793e-03
3.513531240068911075e+02 -4.922472715788916639e-03 -8.889149299400439172e-03
3.513694675240063816e+02 -4.904274234677866683e-03 -8.927073100128683769e-03
3.513857932498214041e+02 -4.888159796863784587e-03 -8.946696295471309388e-03
3.514020576058969141e+02 -4.866999607873698751e-03 -8.968352823224808382e-03
3.514344117769481386e+02 -4.829935048663774010e-03 -9.030255157430054289e-03
3.514505231316410914e+02 -4.809896831936878898e-03 -9.078779916933449670e-03
3.514666149318857720e+02 -4.790854934271055257e-03 -9.144540944009859479e-03
3.514826804724787053e+02 -4.771050781270608741e-03 -9.222360012904280702e-03
3.515148045740923521e+02 -4.731865359420083135e-03 -9.404592468628198559e-03
3.515308825428431305e+02 -4.712909603803342763e-03 -9.507490611786566237e-03
3.515469954794606906e+02 -4.692622500359967461e-03 -9.612239680705429376e-03
3.515631395960047598e+02 -4.675440504770340434e-03 -9.714238824190101623e-03
3.515955858823396056e+02 -4.643452379063480427e-03 -9.883743066304519556e-03
3.516118970505122547e+02 -4.634061524497032694e-03 -9.948599698412476100e-03
3.516281751242296991e+02 -4.626881061414126611e-03 -9.996986970982979157e-03
3.516443724391836554e+02 -4.626751334658598704e-03 -1.002234455256797822e-02
3.516605414876563032e+02 -4.625721819653669763e-03 -1.003058793487421850e-02
3.516928948621317090e+02 -4.636155026669028408e-03 -9.990131533107328432e-03
3.517090755677479592e+02 -4.643361305846350345e-03 -9.950573830825070951e-03
3.517251906375430508e+02 -4.655653917965840542e-03 -9.909629536393195146e-03
3.517412718856509741e+02 -4.672076537647262481e-03 -9.848295007487328431e-03
3.517735084590205474e+02 -4.711913090727726412e-03 -9.714515541742329771e-03
3.517895742727264974e+02 -4.738547854697866372e-03 -9.634517593283493941e-03
3.518055930041119836e+02 -4.763903999284594196e-03 -9.545279029223039183e-03
3.518216301407000515e+02 -4.792220638688101352e-03 -9.452757733817750488e-03
3.518538374506207447e+02 -4.858948971174125581e-03 -9.256823608990126517e-03
3.518700611120753479e+02 -4.891484454723904127e-03 -9.155091888427512731e-03
3.518863737575920254e+02 -4.923733728899993764e-03 -9.051734524109369268e-03
3.519026087152354876e+02 -4.956663196446831933e-03 -8.951441147377182592e-03
3.519348124638647164e+02 -5.018801530946193946e-03 -8.763850443465713916e-03
3.519508246678253158e+02 -5.046647595690492184e-03 -8.684687708978223314e-03
3.519668089409900631e+02 -5.077104528307674336e-03 -8.609954218191521666e-03
3.519827649925516653e+02 -5.100164580289038088e-03 -8.542756791813764169e-03
3.520147342730085143e+02 -5.140495409026354587e-03 -8.427956809228124083e-03
3.520307565836147319e+02 -5.158051871889987594e-03 -8.392858916830036806e-03
3.520468169075120386e+02 -5.169856916821633820e-03 -8.344431647003987956e-03
3.520629380010277600e+02 -5.181342640881020367e-03 -8.292782051197915977e-03
3.520953625844476278e+02 -5.194103945567840434e-03 -8.168520341719489805e-03
3.521116810888239002e+02 -5.199176765514335746e-03 -8.100235828420485756e-03
3.521280193677998227e+02 -5.198521290135945001e-03 -8.039233159337164786e-03
3.521442922895341212e+02 -5.199905727041307692e-03 -7.981364567611363633e-03
3.521605007548945423e+02 -5.197226263132037963e-03 -7.929669885011394331e-03
3.521927926231677475e+02 -5.186782435090468019e-03 -7.830114393528224762e-03
3.522088860119179685e+02 -5.177651228183226782e-03 -7.775779251581957548e-03
3.522249517158172694e+02 -5.167385491395428722e-03 -7.716425171122118926e-03
3.522409975927088794e+02 -5.158642271790032062e-03 -7.655492431570363500e-03
3.522730759942390932e+02 -5.136677567706997814e-03 -7.573206780473640438e-03
3.522891396714925918e+02 -5.126318616428822417e-03 -7.637995957583846272e-03
3.523052363518012271e+02 -5.110114569222231652e-03 -7.673895208150679874e-03
3.523213711652767302e+02 -5.093395153477445723e-03 -7.775351539049160134e-03
3.523538080416834077e+02 -5.059318706506443775e-03 -8.050124075783765196e-03
3.523701400254016107e+02 -5.039445305874475957e-03 -8.178424168130700445e-03
3.523864613022854542e+02 -5.020406219003888636e-03 -8.322037175487429286e-03
3.524027078212457127e+02 -5.000070895672789964e-03 -8.448002347360785563e-03
3.524349958868493786e+02 -4.965129210199282876e-03 -8.633220896842075040e-03
3.524510647088212636e+02 -4.948718085875600421e-03 -8.712324090259479167e-03
3.524671122657533147e+02 -4.935655538285456737e-03 -8.791095269017199648e-03
3.524831261473461268e+02 -4.921584247769708945e-03 -8.860231163474223404e-03
3.525151683431840297e+02 -4.896270160199235263e-03 -8.989064504250904655e-03
3.525312142317101802e+02 -4.884769421024616823e-03 -9.042241321354185790e-03
3.525472980054863115e+02 -4.872084026111413863e-03 -9.081781373770771854e-03
3.525634270596837041e+02 -4.862397254438312506e-03 -9.115695913605410122e-03
3.525958609470529836e+02 -4.843702306457651000e-03 -9.157879101899395885e-03
3.526121842890634070e+02 -4.837860703509806216e-03 -9.162835856872511564e-03
3.526285171332100958e+02 -4.827523982656068725e-03 -9.156482495718857098e-03
3.526447938525815289e+02 -4.831370326271057676e-03 -9.142004867186626776e-03
3.526609516375977478e+02 -4.839696955445515342e-03 -9.119458167213927158e-03
3.526929191847587504e+02 -4.881298879235361661e-03 -9.064461784944945200e-03
3.527088310160490323e+02 -4.908683962392557630e-03 -9.031122580331785166e-03
3.527248143662764051e+02 -4.946509627918455054e-03 -9.003060898950556584e-03
3.527408979101618911e+02 -4.987900123615188371e-03 -8.974150860726531898e-03
3.527732823109390665e+02 -5.074180219589284439e-03 -8.886691288323205970e-03
3.527893858660320916e+02 -5.110345619690688165e-03 -8.832525649579810872e-03
3.528054328154429413e+02 -5.144137847009028902e-03 -8.769124651749489116e-03
3.528214403052539865e+02 -5.177061980896285366e-03 -8.707360112420426193e-03
3.528535453143002769e+02 -5.240115970993602414e-03 -8.572312890096463883e-03
3.528697191840012124e+02 -5.261354018541951165e-03 -8.502071539212742099e-03
3.528859978581531891e+02 -5.279237039193650054e-03 -8.429550452205251607e-03
3.529022071050745240e+02 -5.294535115546577901e-03 -8.359213725517697022e-03
3.529343934912146210e+02 -5.311799820857831221e-03 -8.224225703272526958e-03
3.529504187837944187e+02 -5.313934198001338607e-03 -8.175217354075945894e-03
3.529664401859380973e+02 -5.314212698439733581e-03 -8.171631724066904037e-03
3.529824548982245460e+02 -5.310684700318838922e-03 -8.214208529414851120e-03
3.530145332678781074e+02 -5.293518883762388452e-03 -8.193142162532576420e-03
3.530305915361018947e+02 -5.283384308787953017e-03 -8.115982703938852405e-03
3.530466825780362115e+02 -5.270145158952683866e-03 -8.065059217446872430e-03
3.530628129091531378e+02 -5.258356445529163530e-03 -8.028344230840341392e-03
3.530952398485874255e+02 -5.233085833616392228e-03 -7.938581817092338344e-03
3.531115602100186948e+02 -5.221832474199730734e-03 -7.888574572499029713e-03
3.531279004304684577e+02 -5.206468583893741203e-03 -7.837834426961273748e-03
3.531441693561982333e+02 -5.194155746848443979e-03 -7.785094703000340448e-03
3.531603657046963463e+02 -5.179902378701422769e-03 -7.728162640036632426e-03
3.531926305932237256e+02 -5.148586649841754327e-03 -7.605601817773558100e-03
3.532087192713006516e+02 -5.130076700530522386e-03 -7.542925912658009734e-03
3.532247783843733373e+02 -5.111340069600630621e-03 -7.485061614301631583e-03
3.532408371392785398e+02 -5.093996899953902140e-03 -7.431268093570395777e-03
3.532729723346944297e+02 -5.057545493671365168e-03 -7.406128986326611201e-03
3.532890729379502659e+02 -5.040825936285606851e-03 -7.444609368045898914e-03
3.533052073456764219e+02 -5.021607324265753985e-03 -7.524736247721868811e-03
3.533213835399062646e+02 -5.001698136562151079e-03 -7.628206326047722030e-03
3.533538892799984410e+02 -4.965321249873623499e-03 -7.881300534572348998e-03
3.533702385811581053e+02 -4.946442893670320584e-03 -8.027764900508178175e-03
3.533865594915122301e+02 -4.927781580455983627e-03 -8.136124772025790305e-03
3.534028212848414796e+02 -4.905562990365981528e-03 -8.264528024172502693e-03
3.534351662405969137e+02 -4.865803465528750239e-03 -8.563858393344746245e-03
3.534512744741006145e+02 -4.844754571540140463e-03 -8.742093596161647218e-03
3.534673630946561502e+02 -4.825014748270500982e-03 -8.937505557424058403e-03
3.534834289603602429e+02 -4.804120714218432925e-03 -9.136944898058638881e-03
3.535155607219242597e+02 -4.763706874422124482e-03 -9.544628185648376326e-03
3.535316454628433007e+02 -4.744621365185158236e-03 -9.750536084340852630e-03
3.535477660618041114e+02 -4.724281452296051620e-03 -9.943273442651199417e-03
3.535639184980577738e+02 -4.706623536600443823e-03 -1.012892319340497234e-02
3.535801242714360342e+02 -4.691059279546262034e-03 -1.028564186432567515e-02
3.536126540591043863e+02 -4.675132778419482764e-03 -1.051518959901336960e-02
3.536289193414040710e+02 -4.673911327661771191e-03 -1.058627948146375133e-02
3.536450957661369898e+02 -4.681045206276154141e-03 -1.062873847117493629e-02
3.536612512794030181e+02 -4.687625261121032734e-03 -1.064185161818612113e-02
3.536935911185916552e+02 -4.717637733725723627e-03 -1.059227685542742797e-02
3.537097642104177453e+02 -4.735348621902635627e-03 -1.053750624767603103e-02
3.537259273630909888e+02 -4.755278576729841770e-03 -1.048023305887931314e-02
3.537420541795759164e+02 -4.778946201749041146e-03 -1.040874502648092906e-02
3.537742419900064306e+02 -4.835628178676098891e-03 -1.024645283237183256e-02
3.537903280305492899e+02 -4.868395600795994739e-03 -1.015241114554574220e-02
3.538063829711975927e+02 -4.901956671244480854e-03 -1.004968877989707680e-02
3.538224283886393096e+02 -4.940837131986699354e-03 -9.942138189888465732e-03
3.538546350235793057e+02 -5.030316165470468878e-03 -9.716575717269805915e-03
3.538708453499269240e+02 -5.076040457267801294e-03 -9.600801005530063340e-03
3.538871476472548352e+02 -5.122331507979996541e-03 -9.491111309853800596e-03
3.539034126158833260e+02 -5.165595452135262645e-03 -9.385068185344071570e-03
3.539356257364270846e+02 -5.252424591685484791e-03 -9.190963424247281313e-03
3.539516330843712808e+02 -5.292562469744160891e-03 -9.099678991432965172e-03
3.539676084683100044e+02 -5.334231873049745387e-03 -9.014114947356696717e-03
3.539835500496960208e+02 -5.366996741147257027e-03 -8.931931749755600211e-03
3.540154706423896869e+02 -5.426333542416033294e-03 -8.785873884927106886e-03
3.540314695834865688e+02 -5.453197896982492528e-03 -8.742036389559570270e-03
3.540475054992946866e+02 -5.473637020468605924e-03 -8.668087332043905927e-03
3.540636093786554852e+02 -5.494547679613655082e-03 -8.602957162646017800e-03
3.540960252547337745e+02 -5.522051023635947409e-03 -8.446942650958046833e-03
3.541123465284683789e+02 -5.533601861599238975e-03 -8.370486650376037646e-03
3.541286760252247063e+02 -5.538585587125204740e-03 -8.290978041442445892e-03
3.541449307631201009e+02 -5.545739546183476969e-03 -8.204463501675432480e-03
3.541611213381274865e+02 -5.545775224092414080e-03 -8.132566106747644505e-03
3.541933813752392552e+02 -5.543370519214726490e-03 -7.995492503149315491e-03
3.542094692697765481e+02 -5.536514692279990470e-03 -7.934065043602308090e-03
3.542255275724497778e+02 -5.527824900523891326e-03 -7.869178616438101195e-03
3.542415796025577492e+02 -5.520256308024321622e-03 -7.803143669252138315e-03
3.542736868477712733e+02 -5.499137907408933011e-03 -7.695581300624224248e-03
3.542897680154165982e+02 -5.488722288507685322e-03 -7.688854869854737026e-03
3.543058807125950125e+02 -5.473032851644235239e-03 -7.782274680035508423e-03
3.543220344093617769e+02 -5.456902400401452032e-03 -7.877104775986123672e-03
3.543545014480509963e+02 -5.424710482943701645e-03 -8.193542417360859254e-03
3.543708425018191406e+02 -5.407497990450884327e-03 -8.385520994844091261e-03
3.543871582190642471e+02 -5.389003367007170163e-03 -8.563978093834981320e-03
3.544034067934318841e+02 -5.369706575965263462e-03 -8.803671192106409665e-03
3.544356981179447530e+02 -5.334222050383604849e-03 -9.219177574644079123e-03
3.544517673793552035e+02 -5.316367418573512450e-03 -9.419094503952831973e-03
3.544678165296276688e+02 -5.301846883558749418e-03 -9.626067145081913801e-03
3.544838344629793028e+02 -5.284428547405875705e-03 -9.816026715723461665e-03
3.545158881989266320e+02 -5.254173458121440959e-03 -1.024906886848712083e-02
3.545319378037200408e+02 -5.240799816766833832e-03 -1.047669829042718360e-02
3.545480271608244607e+02 -5.226344107299317823e-03 -1.069884009951094922e-02
3.545641587273422033e+02 -5.214957460212420355e-03 -1.091750217611579636e-02
3.545803505646467784e+02 -5.202857750247238434e-03 -1.111262809195053165e-02
3.546129328920073362e+02 -5.185261827617736533e-03 -1.140862759172715443e-02
3.546292618332021220e+02 -5.175899860528783945e-03 -1.151742852025541136e-02
3.546455070284984572e+02 -5.171329105941741174e-03 -1.160491579038908962e-02
3.546616895469962287e+02 -5.162474417218248027e-03 -1.166414975053603822e-02
3.546939193630097407e+02 -5.149020917358237796e-03 -1.171780711192447512e-02
3.547099944869515298e+02 -5.138617025672531646e-03 -1.171485530363145303e-02
3.547260395304386407e+02 -5.138230011230679288e-03 -1.169776514650644125e-02
3.547420771511855264e+02 -5.139480183232575036e-03 -1.166260466988636689e-02
3.547737596336456818e+02 -5.161572093276894577e-03 -1.154381015624531166e-02
3.547896953472323958e+02 -5.188497239075748162e-03 -1.146174602670491614e-02
3.548058923777825839e+02 -5.218044603938833646e-03 -1.135881123187293743e-02
3.548222175750127008e+02 -5.251228084616310632e-03 -1.124604522253136799e-02
3.548545709107954735e+02 -5.304801336656090639e-03 -1.099783849154516678e-02
3.548708038225032624e+02 -5.328692859442149717e-03 -1.086715464372415771e-02
3.548870841972985204e+02 -5.357427953586105587e-03 -1.073547489782712347e-02
3.549034238159328538e+02 -5.372301441675520275e-03 -1.060397663870761564e-02
3.549357614198208921e+02 -5.400172954757434529e-03 -1.035457513181456748e-02
3.549517811870350670e+02 -5.409303539664509115e-03 -1.023760600833004478e-02
3.549677490270688622e+02 -5.420473879363363681e-03 -1.012419536268484126e-02
3.549836834089380204e+02 -5.423501328015232874e-03 -1.001375228332280175e-02
3.550156410230250685e+02 -5.423033597206114269e-03 -9.891788471570246710e-03
3.550316776257887454e+02 -5.420185046910538929e-03 -9.794471413097064275e-03
3.550477630838493610e+02 -5.413212149116424649e-03 -9.779473439112540065e-03
3.550639151194822603e+02 -5.406274836921887671e-03 -9.663441994573267538e-03
3.550801288201146804e+02 -5.397651842817109344e-03 -9.582451597263598464e-03
3.551127259778582470e+02 -5.379344565315823112e-03 -9.419419290524415345e-03
3.551290612454357642e+02 -5.365626940483297219e-03 -9.332341047717403887e-03
3.551453208661718008e+02 -5.356004440131116595e-03 -9.248560445652705131e-03
3.551615208291975705e+02 -5.341518510014495007e-03 -9.162852148262283503e-03
3.551937834136153924e+02 -5.313801436736337140e-03 -8.991045300919214486e-03
3.552098721813647444e+02 -5.295801060772853050e-03 -8.911220396228117235e-03
3.552259324696749445e+02 -5.277364219883011638e-03 -8.831792293892406706e-03
3.552419926965508807e+02 -5.260802106975922231e-03 -8.751554716403542322e-03
3.552741322572112495e+02 -5.224815384465287572e-03 -8.611073074979430989e-03
3.552902366556108973e+02 -5.208934712771548514e-03 -8.554985924036995551e-03
3.553063721851336254e+02 -5.189256528563317844e-03 -8.519174449812073890e-03
3.553225523636085086e+02 -5.169753584076310776e-03 -8.512365875136386137e-03
3.553550659108460081e+02 -5.132470277281303908e-03 -8.592549764399460069e-03
3.553714177414435085e+02 -5.114298731262707266e-03 -8.644356797697223121e-03
3.553877368927395537e+02 -5.094128914680876898e-03 -8.714403636831923039e-03
3.554039964508547769e+02 -5.072933064507291825e-03 -8.772698380281742508e-03
3.554201908832950494e+02 -5.051874287893623472e-03 -8.818746326904318422e-03
3.554524550973829946e+02 -5.010503294100986972e-03 -8.918757265145880325e-03
3.554685480256997039e+02 -4.990730548591721175e-03 -8.990143801611163651e-03
3.554846192023056801e+02 -4.968382586604190923e-03 -9.080228058657786178e-03
3.555006846443744166e+02 -4.947000505795510518e-03 -9.183391192549907392e-03
3.555328411991910684e+02 -4.906081721008672542e-03 -9.417637871018276138e-03
3.555489626044197848e+02 -4.884877037435416021e-03 -9.536455694240643377e-03
3.555651144800464749e+02 -4.866834441394085782e-03 -9.662191060908773346e-03
3.555813182957955405e+02 -4.847008626679659427e-03 -9.781241724106517349e-03
3.556139045543818042e+02 -4.811219981620125721e-03 -9.993058132998286838e-03
3.556302277005496535e+02 -4.797838817098869051e-03 -1.007825838823579387e-02
3.556464208106037859e+02 -4.792485963820364639e-03 -1.014444692845959360e-02
3.556625386846408219e+02 -4.786069318976932975e-03 -1.018699626887945714e-02
3.556947536144608648e+02 -4.791638250851449829e-03 -1.020959337485473351e-02
3.557109189560711116e+02 -4.796843641609479375e-03 -1.019798940669047922e-02
3.557271030933974316e+02 -4.805235381250954133e-03 -1.018071633143849929e-02
3.557432550258551487e+02 -4.813693031833357096e-03 -1.014855192737145265e-02
3.557754045346876524e+02 -4.829413902064934316e-03 -1.006192727782409535e-02
3.557914562346463754e+02 -4.839712355014132161e-03 -1.000500060280537853e-02
3.558074791825088710e+02 -4.849213241243877093e-03 -9.937743614219351346e-03
3.558235252774855439e+02 -4.861542025177861479e-03 -9.862627355026427206e-03
3.558557306806586098e+02 -4.897869322531295082e-03 -9.692041728941542741e-03
3.558719438218074629e+02 -4.919798150140515872e-03 -9.600309729443133946e-03
3.558882576338843933e+02 -4.943097426004452663e-03 -9.504419002663204788e-03
3.559045197709884860e+02 -4.965474933933987541e-03 -9.409201820194397492e-03
3.559206758404117750e+02 -4.991010583829889533e-03 -9.315735455644348975e-03
3.559527596655123034e+02 -5.041729225934338081e-03 -9.147739345525580587e-03
3.559687414008424184e+02 -5.069403633566108534e-03 -9.073197931533764915e-03
3.559846896221223460e+02 -5.089801413299199252e-03 -9.002482388001225785e-03
3.560006505210184287e+02 -5.111121112819708157e-03 -8.935373226272518010e-03
3.560326572572789701e+02 -5.150871521643222983e-03 -8.806966891482361295e-03
3.560487169211389187e+02 -5.166552786236747186e-03 -8.740147454731988369e-03
3.560648405324886312e+02 -5.182475117736673464e-03 -8.667997869299427782e-03
3.560810342593360360e+02 -5.194139778087972920e-03 -8.588608693904948438e-03
3.561136191473921144e+02 -5.210493562831570481e-03 -8.437048877431744393e-03
3.561299452176916702e+02 -5.213623767208110105e-03 -8.352782546928338991e-03
3.561461948706847238e+02 -5.218545792126366885e-03 -8.274044344671979689e-03
3.561623948321671946e+02 -5.216416775629561207e-03 -8.192290943413416474e-03
3.561946635555450484e+02 -5.212349036598749007e-03 -8.037391124933004546e-03
3.562107569405697518e+02 -5.205573781997119634e-03 -7.961921620622976897e-03
3.562268198064279545e+02 -5.197059593468865597e-03 -7.891148467586569029e-03
3.562428738505460046e+02 -5.190230490511022095e-03 -7.824211326187699433e-03
3.562749856939499296e+02 -5.171244908272916267e-03 -7.702212888675168991e-03
3.562910722006614606e+02 -5.162327386393478386e-03 -7.651818482662267260e-03
3.563071856491652625e+02 -5.147560022263133854e-03 -7.613241674270927045e-03
3.563233417194416006e+02 -5.132608939732621021e-03 -7.590342641429029605e-03
3.563558198100093932e+02 -5.100659879468479388e-03 -7.602440451506689047e-03
3.563721669273800217e+02 -5.084934536730170013e-03 -7.639414791900029679e-03
3.563884791752742558e+02 -5.065399033818689979e-03 -7.683966261491468643e-03
3.564047252868849682e+02 -5.047586440809440772e-03 -7.738894871082095846e-03
3.564208944505112981e+02 -5.028787587660905022e-03 -7.802124930164143317e-03
3.564530751801567590e+02 -4.993235966827925393e-03 -7.944822372947852110e-03
3.564691198168712276e+02 -4.979242560370735100e-03 -8.016976782366061136e-03
3.564851338741841573e+02 -4.961359744508736166e-03 -8.091260735761411291e-03
3.565011520794910780e+02 -4.946498546560359165e-03 -8.165917709771522773e-03
3.565332263743258068e+02 -4.919600022666300795e-03 -8.295180910168285446e-03
3.565493131073466202e+02 -4.906515649169829185e-03 -8.353903135196669161e-03
3.565654425241043555e+02 -4.896742447425800338e-03 -8.408010870352160618e-03
3.565816327108266819e+02 -4.886923230047415627e-03 -8.459545840379195658e-03
3.566142148031028682e+02 -4.871528229661300363e-03 -8.553620043909714032e-03
3.566305372625685663e+02 -4.865398533887532219e-03 -8.595764494692122865e-03
3.566467712490575650e+02 -4.862891126414233510e-03 -8.633837183067195192e-03
3.566629464563824286e+02 -4.856376517166280209e-03 -8.665065416171811863e-03
3.566951472190067420e+02 -4.848822246205967100e-03 -8.710949736556290735e-03
3.567112104709414098e+02 -4.842624957549243256e-03 -8.726176671215616493e-03
3.567272486412113608e+02 -4.836252908448844881e-03 -8.735474848616526025e-03
3.567432951162663812e+02 -4.831362764543335395e-03 -8.741103329920611731e-03
3.567754199907399766e+02 -4.816384730597851258e-03 -8.736080296346227306e-03
3.567915187808960127e+02 -4.815438210259437475e-03 -8.725219450797428236e-03
3.568076104859755446e+02 -4.814945322482984055e-03 -8.704254213676142563e-03
3.568236895392818724e+02 -4.815422898326166684e-03 -8.679177338133420294e-03
3.568563180178588254e+02 -4.828185078857556364e-03 -8.614349220831783727e-03
3.568726286668280068e+02 -4.835797148421561685e-03 -8.576913033235909062e-03
3.568889289200371877e+02 -4.839988282198485862e-03 -8.536121318582685219e-03
3.569052837387879435e+02 -4.845021265129031279e-03 -8.492733737777582656e-03
3.569215856157686062e+02 -4.846945331476380271e-03 -8.447057002004806914e-03
3.569539047472698030e+02 -4.842979612136834137e-03 -8.355046994369182134e-03
3.569699251016281210e+02 -4.838078399572705648e-03 -8.308613021698269333e-03
3.569858952607109472e+02 -4.829223749989282159e-03 -8.262545144234818145e-03
3.570018423382791184e+02 -4.822899326701907997e-03 -8.217552398857502077e-03
3.570338082624083427e+02 -4.805214655369592289e-03 -8.260591345022020790e-03
3.570498649269345037e+02 -4.795577589862837914e-03 -8.110103079832070225e-03
3.570659865843356329e+02 -4.787185227177112416e-03 -8.186815662031755869e-03
3.570821838127960746e+02 -4.777196697437711796e-03 -8.138932472566874285e-03
3.571147988415898453e+02 -4.758402483843215611e-03 -8.058693094218093850e-03
3.571311191150234094e+02 -4.749665758453814647e-03 -8.018718944153582773e-03
3.571473542731928887e+02 -4.742115240226201650e-03 -7.973128722821959738e-03
3.571635381935678311e+02 -4.730664319205138760e-03 -7.925022615821186028e-03
3.571957660430875308e+02 -4.712706399629096841e-03 -7.824249410394895285e-03
3.572118442382685544e+02 -4.700967114358677382e-03 -7.771519678161036178e-03
3.572278959541852714e+02 -4.688742226006306635e-03 -7.720309597351668850e-03
3.572439509299942983e+02 -4.678304090403788071e-03 -7.678926726616302698e-03
3.572600114256041479e+02 -4.666862174832220669e-03 -7.646454208821810115e-03
3.572921900583394290e+02 -4.645126211929058793e-03 -7.698395945347367465e-03
3.573083290350350580e+02 -4.632463374745846192e-03 -7.791524454032160152e-03
3.573245149575055848e+02 -4.620521055916738951e-03 -7.913861286679393231e-03
3.573407523280349096e+02 -4.608459016798998470e-03 -8.051087822751519865e-03
3.573734006233144100e+02 -4.584423375640273024e-03 -8.335065081248487981e-03
3.573897101011941686e+02 -4.568415721801367090e-03 -8.487137687655292584e-03
3.574059530215589007e+02 -4.555532888548893475e-03 -8.600180065507169805e-03
3.574221446350720726e+02 -4.539356650196782299e-03 -8.711706099495387240e-03
3.574544021565928347e+02 -4.508292509946545609e-03 -9.005808817381293421e-03
3.574704915008123862e+02 -4.494031645011569223e-03 -9.198832293149024689e-03
3.574865658891682187e+02 -4.477279922495032427e-03 -9.416247230626683534e-03
3.575026348084851406e+02 -4.462003679613184282e-03 -9.644861518705654183e-03
3.575348034753955062e+02 -4.432178819762237418e-03 -1.010720957572525114e-02
3.575509314660586142e+02 -4.421778255929259029e-03 -1.032169154340446295e-02
3.575670820664075791e+02 -4.412988706708233233e-03 -1.052335021102777067e-02
3.575831439298507348e+02 -4.409063192841965878e-03 -1.069580438927173263e-02
3.576154725486285315e+02 -4.428633335379574335e-03 -1.095166794416429536e-02
3.576316706450676861e+02 -4.454392131118715438e-03 -1.103902384714970479e-02
3.576477868555211330e+02 -4.483127282497527052e-03 -1.108882064116581585e-02
3.576638874359728675e+02 -4.515352965724667156e-03 -1.111143673636380905e-02
3.576960954062732867e+02 -4.594600845908188014e-03 -1.107033269400784295e-02
3.577122959884072770e+02 -4.638814004310574252e-03 -1.101658552558154765e-02
3.577285293490644449e+02 -4.684494826251280053e-03 -1.095094785666892410e-02
3.577447066929098014e+02 -4.731707042991737701e-03 -1.088525470714715553e-02
3.577608005870138186e+02 -4.779346442127563148e-03 -1.080159457416539175e-02
3.577927641296981278e+02 -4.872975636721055964e-03 -1.061731811758848468e-02
3.578087153214817135e+02 -4.920647821773822816e-03 -1.051275475164062043e-02
3.578247224225888203e+02 -4.965140788142491206e-03 -1.040082684442158144e-02
3.578407868968424737e+02 -5.009347698128613011e-03 -1.028584224028462023e-02
3.578731808690080243e+02 -5.096855902051548870e-03 -1.005328870433224581e-02
3.578894791365288484e+02 -5.137957410850851891e-03 -9.936946916419123199e-03
3.579056690409735779e+02 -5.175846441887396038e-03 -9.822391547067087572e-03
3.579217790330268940e+02 -5.214939187886357547e-03 -9.711895237087207408e-03
3.579538144441106624e+02 -5.278669569963631569e-03 -9.504062801221391937e-03
3.579697941635758980e+02 -5.309422197880176060e-03 -9.406417864157527037e-03
3.579857574522566210e+02 -5.331011289446938722e-03 -9.311544269070918048e-03
3.580017453838402730e+02 -5.352008745911732666e-03 -9.219234273151518527e-03
3.580337921497882121e+02 -5.386186860840651638e-03 -9.062010391494155354e-03
3.580498720767964755e+02 -5.397107123069262193e-03 -9.032195848658740311e-03
3.580660049348964549e+02 -5.407537574094008898e-03 -8.956276112207769979e-03
3.580822023552415772e+02 -5.414200519677624807e-03 -8.892092232458617337e-03
3.581148030045580413e+02 -5.419938104369402890e-03 -8.720146192014060701e-03
3.581311296387616494e+02 -5.420454298693365945e-03 -8.642351430265734005e-03
3.581473739754095504e+02 -5.420486115340766853e-03 -8.559126076924024676e-03
3.581635702013111313e+02 -5.414707324788313805e-03 -8.480291617912966498e-03
3.581958201438843048e+02 -5.404795250382618717e-03 -8.343143565929436040e-03
3.582119064651803910e+02 -5.395172404554832504e-03 -8.278086159953295872e-03
3.582279638761560250e+02 -5.384482494936271985e-03 -8.212138502620799918e-03
3.582440172019718148e+02 -5.375180390300425895e-03 -8.147051248253619690e-03
3.582600705383280228e+02 -5.364336690198775667e-03 -8.091192542600073034e-03
3.582922258319533739e+02 -5.341856519069300424e-03 -8.104772977699672629e-03
3.583083436205337762e+02 -5.327241073014630721e-03 -8.187271610666790878e-03
3.583245045081179683e+02 -5.312785183000668862e-03 -8.282726762627701245e-03
3.583407160667517815e+02 -5.298142103868664146e-03 -8.446716716839681310e-03
3.583733342463154941e+02 -5.269666975854682758e-03 -8.760223249645820651e-03
3.583896447196877943e+02 -5.250945739775854208e-03 -8.935403918469043624e-03
3.584058845679960541e+02 -5.236207872243030075e-03 -9.124797815924241828e-03
3.584220547535819605e+02 -5.218807313624129925e-03 -9.288966034022369186e-03
3.584542315921510749e+02 -5.185045948738239985e-03 -9.660008972584588696e-03
3.584702765193160303e+02 -5.171644970242906397e-03 -9.848616381604016756e-03
3.584862962010692513e+02 -5.154979859770263302e-03 -1.004911692930818799e-02
3.585023190721037167e+02 -5.141372779240331939e-03 -1.023960295276363924e-02
3.585344065826220685e+02 -5.117178818170987561e-03 -1.067068469031235561e-02
3.585505037015541348e+02 -5.105451841816702717e-03 -1.088458527088642831e-02
3.585666405984518406e+02 -5.095959608500396504e-03 -1.109213691608977939e-02
3.585828385026496221e+02 -5.086336166422081306e-03 -1.129190288261349741e-02
3.586154408949567483e+02 -5.069040187148880078e-03 -1.164992122902648239e-02
3.586317581446068630e+02 -5.063672951436988187e-03 -1.180501938626966722e-02
3.586479879288347092e+02 -5.058317575830989336e-03 -1.193454291272763070e-02
3.586641661165930373e+02 -5.050832854635105632e-03 -1.202863272890745440e-02
3.586802905956725454e+02 -5.044625497505664767e-03 -1.209730114687660417e-02
3.587124439985693698e+02 -5.032853843645087276e-03 -1.215819842879276719e-02
3.587284895547636552e+02 -5.024121968172446176e-03 -1.216547235911603561e-02
3.587445449088899068e+02 -5.024695853751655339e-03 -1.215640999394354722e-02
3.587605039145521459e+02 -5.039315957547597577e-03 -1.213011492057242471e-02
3.587921575033025761e+02 -5.078315757157631644e-03 -1.202048556071038353e-02
3.588081764922844172e+02 -5.112073819536940879e-03 -1.194082796792749618e-02
3.588244746533781608e+02 -5.155677303435437370e-03 -1.183958756193608484e-02
3.588408073249870540e+02 -5.194766708057115510e-03 -1.172780813125450829e-02
3.588732741946230362e+02 -5.266303742830774279e-03 -1.147621361169184548e-02
3.588895758108720315e+02 -5.296068288009556438e-03 -1.134192482978776950e-02
3.589059300253130118e+02 -5.329224497090063149e-03 -1.120689399024382867e-02
3.589222154202647630e+02 -5.353227253174473038e-03 -1.107282259573265891e-02
3.589543953550092965e+02 -5.395507066028657275e-03 -1.081730297255298519e-02
3.589703627349481394e+02 -5.412867174822216625e-03 -1.069413838429061035e-02
3.589862839319679892e+02 -5.424278991582686012e-03 -1.057748893261285274e-02
3.590022018774080834e+02 -5.435319118211822363e-03 -1.045301223199710840e-02
3.590341732115286959e+02 -5.443259433014118256e-03 -1.028923195979240465e-02
3.590502383110056712e+02 -5.444452096055309338e-03 -1.024640324891195990e-02
3.590663859545331320e+02 -5.444085534207040999e-03 -1.017953710781589576e-02
3.590826101737992531e+02 -5.439496022673074617e-03 -1.006785100018181035e-02
3.591152415313868573e+02 -5.423375117511381079e-03 -9.888090495367598057e-03
3.591315623707160398e+02 -5.412965098132428883e-03 -9.793746844278436101e-03
3.591478073397778985e+02 -5.402999069826114852e-03 -9.702907719984355320e-03
3.591640074452999443e+02 -5.388933959827413127e-03 -9.610532990465802880e-03
3.591801536332462774e+02 -5.375199831793892220e-03 -9.520450256814515580e-03
3.592123425716484917e+02 -5.345277598136321563e-03 -9.342199303234653349e-03
3.592284022688877485e+02 -5.327738278825358033e-03 -9.257880809280850248e-03
3.592444621503032067e+02 -5.311064194165437090e-03 -9.171817117940831224e-03
3.592605261409693185e+02 -5.293164125766510429e-03 -9.087203275190235477e-03
3.592927138746000537e+02 -5.258304653002226180e-03 -8.928768323875386700e-03
3.593088530376534777e+02 -5.238987395691595446e-03 -8.864380090857116798e-03
3.593250391637763528e+02 -5.220059280635448891e-03 -8.827595026232410921e-03
3.593412766501010083e+02 -5.201359475507275933e-03 -8.845293101102607788e-03
3.593739260154285944e+02 -5.163604027436983698e-03 -8.944054382600419989e-03
3.593902395897883366e+02 -5.140503150904975407e-03 -9.016576143119821654e-03
3.594064830067377443e+02 -5.121720419110578452e-03 -9.087626755530106917e-03
3.594226759334471808e+02 -5.099472242126544368e-03 -9.134926757475986259e-03
3.594549333854594124e+02 -5.055618998518594635e-03 -9.229790488823174516e-03
3.594710210570123650e+02 -5.035309701714106925e-03 -9.288663639550618148e-03
3.594870937098424974e+02 -5.012232275999548015e-03 -9.369461648000626183e-03
3.595031606050591790e+02 -4.990471309923283881e-03 -9.466079541248518733e-03
3.595353270153279936e+02 -4.948769147515181925e-03 -9.704200055444983306e-03
3.595514546869480910e+02 -4.928078779900518097e-03 -9.832654569376072032e-03
3.595676171800909628e+02 -4.908778203760036547e-03 -9.959136574247250823e-03
3.595838284181220388e+02 -4.889541615817834946e-03 -1.008446414699291568e-02
3.596000998580515784e+02 -4.869198907622386899e-03 -1.019905574889087320e-02
3.596327646339107105e+02 -4.833698700623881815e-03 -1.038244240666247147e-02
3.596489790947665597e+02 -4.820134332805148247e-03 -1.046308754535517881e-02
3.596650932207457458e+02 -4.808355364099635258e-03 -1.053088424398187714e-02
3.596811688627709032e+02 -4.802655789834077774e-03 -1.057750026201438077e-02
3.597134175695110798e+02 -4.796369229601559966e-03 -1.063688331690755204e-02
3.597295891634729514e+02 -4.798359968059066373e-03 -1.064126484034765528e-02
3.597457315382926026e+02 -4.802562491031050693e-03 -1.063271317645960758e-02
3.597618151078895607e+02 -4.804061368707887233e-03 -1.060872603457723058e-02
3.597939308783708725e+02 -4.805082963517732196e-03 -1.053639020350289300e-02
3.598099929235693821e+02 -4.810352847832674236e-03 -1.048527730988092245e-02
3.598260698400327442e+02 -4.816195674041193198e-03 -1.042281796694369787e-02
3.598421686811179825e+02 -4.824617760531702514e-03 -1.035194683106027171e-02
3.598745312866637391e+02 -4.856021263432121898e-03 -1.018717327897215690e-02
3.598908459408487488e+02 -4.871001258702881836e-03 -1.009561671555669025e-02
3.599071052945369047e+02 -4.891505232389697748e-03 -1.000183728680896673e-02
3.599232658374825178e+02 -4.912418206253785745e-03 -9.908490763185062722e-03
3.599553404134391599e+02 -4.959736714793919546e-03 -9.724228602251958065e-03
3.599713205003372991e+02 -4.984330189659227917e-03 -9.637901839435934759e-03
3.599872644551298890e+02 -5.006129933787794271e-03 -9.563539939829758529e-03
3.600032224019493583e+02 -5.027628922076049327e-03 -9.494256464635298515e-03
3.600352228555941565e+02 -5.068913796640351320e-03 -9.337329202324579080e-03
3.600512836936663916e+02 -5.088311540383745439e-03 -9.246116798043818932e-03
3.600674101901608424e+02 -5.107126333658770778e-03 -9.151302930360646209e-03
3.600836118606511604e+02 -5.121265547039203711e-03 -9.053812571445756657e-03
3.601162222166166202e+02 -5.140490464740241246e-03 -8.858464878892937516e-03
3.601325302978067953e+02 -5.148793741821102408e-03 -8.768296967366310396e-03
3.601487645177264199e+02 -5.152674811857511222e-03 -8.671445136592872277e-03
3.601649566826051228e+02 -5.154449159034627664e-03 -8.582033533505235845e-03
3.601811025417972019e+02 -5.154451211990618634e-03 -8.488178960796462225e-03
3.602132921469302005e+02 -5.149321013466410385e-03 -8.304838489874379059e-03
3.602293519685301249e+02 -5.143757204547336204e-03 -8.215791588475450727e-03
3.602454075192857204e+02 -5.138263426440201412e-03 -8.129756809069885876e-03
3.602614646238263276e+02 -5.131249865313412123e-03 -8.050190594794651502e-03
3.602936318863984866e+02 -5.112826836817299485e-03 -7.916374841281026073e-03
3.603097548373175982e+02 -5.101521100747296276e-03 -7.871807671959567612e-03
3.603259246718935174e+02 -5.088888185699043561e-03 -7.846079815456879700e-03
3.603421463980213844e+02 -5.075504551998561223e-03 -7.845685415199575921e-03
3.603747830152985898e+02 -5.046662997957339532e-03 -7.897092865991163849e-03
3.603910930487670612e+02 -5.028486095336247123e-03 -7.947493428376913721e-03
3.604073238321827262e+02 -5.014966113036185488e-03 -8.016905405728672399e-03
3.604234907312148266e+02 -4.997355914198563405e-03 -8.073837988400226623e-03
3.604556735714984370e+02 -4.962424123818241252e-03 -8.207284703126406511e-03
3.604717157447854561e+02 -4.946716967127107872e-03 -8.268975701864392583e-03
3.604877380984767115e+02 -4.929314442017879508e-03 -8.336143766544909864e-03
3.605037633169882270e+02 -4.913436687537701443e-03 -8.417770999188044570e-03
3.605358525750332319e+02 -4.884783657571134009e-03 -8.559645980607355140e-03
3.605519504170190999e+02 -4.871489579272848119e-03 -8.628295956256323493e-03
3.605680900434360296e+02 -4.859946688003013472e-03 -8.698772443614775571e-03
3.605842897489021652e+02 -4.849295957428008397e-03 -8.766793085816322953e-03
3.606005636401670245e+02 -4.839123556767786251e-03 -8.829746737219234740e-03
3.606332098966440753e+02 -4.824566643553963342e-03 -8.949041859949912955e-03
3.606494333034729038e+02 -4.816709028537054411e-03 -8.995042901102597022e-03
3.606656050092739747e+02 -4.810398873026824895e-03 -9.032984030627850061e-03
3.606817245303180357e+02 -4.804947626684357570e-03 -9.063699539928837465e-03
3.607138568260718898e+02 -4.793809632140291939e-03 -9.104741582353902477e-03
3.607298952975236261e+02 -4.788717012188920506e-03 -9.119727852895767248e-03
3.607459421940852735e+02 -4.782902955797216013e-03 -9.129835806176054072e-03
3.607619992816261743e+02 -4.776387811799279702e-03 -9.132705486812624576e-03
3.607941754876276832e+02 -4.773761234177068859e-03 -9.110464937809814590e-03
3.608101847360442775e+02 -4.779679743755322306e-03 -9.086228096749564970e-03
3.608261830091752245e+02 -4.789122362763790185e-03 -9.053805822401684786e-03
3.608423772361633723e+02 -4.805290716277450802e-03 -9.013775414527851193e-03
3.608749924118750414e+02 -4.843440364791244158e-03 -8.916298572896011465e-03
3.608912755467456464e+02 -4.858211918707704829e-03 -8.860493753666506475e-03
3.609076098532738683e+02 -4.877792983436968731e-03 -8.803288716070264974e-03
3.609239342454549160e+02 -4.891753788678396449e-03 -8.744279507625697320e-03
3.609401513471582916e+02 -4.900349552370615418e-03 -8.686073936263508447e-03
3.609722611838305966e+02 -4.908585065358082693e-03 -8.571262916869108045e-03
3.609882023798438127e+02 -4.912837806175720558e-03 -8.514775417623757225e-03
3.610041117331251144e+02 -4.917149312504556086e-03 -8.460466786042264084e-03
3.610200491129752436e+02 -4.915639328011681478e-03 -8.405694068592886592e-03
3.610520794540094585e+02 -4.910468853903805601e-03 -8.377862092802407928e-03
3.610682117600123320e+02 -4.908141971739432390e-03 -8.309961654035739886e-03
3.610844282068215989e+02 -4.902939010612843325e-03 -8.343908735041202090e-03
3.611007265214628887e+02 -4.897122085270127177e-03 -8.271479703928677485e-03
3.611333701309019375e+02 -4.882442038203158377e-03 -8.191519210897285283e-03
3.611495993145815078e+02 -4.871976883588723974e-03 -8.146710542661365212e-03
3.611657857798853684e+02 -4.862340289232947206e-03 -8.098749112001762604e-03
3.611819288825594754e+02 -4.851515112026283903e-03 -8.050204089298922464e-03
3.612141161472290491e+02 -4.827666687732734899e-03 -7.948759991975922964e-03
3.612301757201882424e+02 -4.814870496366412123e-03 -7.898253443182276512e-03
3.612462367278331499e+02 -4.802063924756067373e-03 -7.851661623435817958e-03
3.612623021960675374e+02 -4.788690587033138206e-03 -7.815662427280687524e-03
3.612944913697898528e+02 -4.760327457859147259e-03 -7.830790895362316206e-03
3.613106312119268182e+02 -4.746844162660042617e-03 -7.908752154711155141e-03
3.613268203547191320e+02 -4.732433145264854264e-03 -8.033818152158906864e-03
3.613430620974525596e+02 -4.718121323941881599e-03 -8.167906768989617594e-03
3.613757198340532000e+02 -4.686769002777532028e-03 -8.461305098354627088e-03
3.613920233464770604e+02 -4.668967149514735224e-03 -8.605876655821876123e-03
3.614082555573638160e+02 -4.653720379739783967e-03 -8.712798026078306945e-03
3.614244397338462136e+02 -4.636167074304133225e-03 -8.815830237574262540e-03
3.614405850312149369e+02 -4.616836103707068137e-03 -8.935509896705199143e-03
3.614727796883607880e+02 -4.580477679077195850e-03 -9.238172872548451250e-03
3.614888536616934402e+02 -4.562248087695104301e-03 -9.423759027331184493e-03
3.615049225762930405e+02 -4.544752853231959905e-03 -9.627315640037492628e-03
3.615209988907355410e+02 -4.527940216424820169e-03 -9.837470108159090260e-03
3.615532275557887374e+02 -4.498046580726463781e-03 -1.022424841458326704e-02
3.615693160722859716e+02 -4.493859719955692507e-03 -1.040357273017041700e-02
3.615853158647051941e+02 -4.494512710765011937e-03 -1.055782938904661558e-02
3.616013847303519242e+02 -4.504984962878208661e-03 -1.068584819463802918e-02
3.616337988167944673e+02 -4.557568136953080509e-03 -1.085959483116447251e-02
3.616498856954167991e+02 -4.590547756807538890e-03 -1.090206031021330631e-02
3.616659500030293088e+02 -4.630808914802346000e-03 -1.091720917828824591e-02
3.616820235842784541e+02 -4.672953087448096163e-03 -1.090549061098921614e-02
3.617143585110534332e+02 -4.771868085831686666e-03 -1.081996976818710467e-02
3.617305940213437339e+02 -4.827183958972419350e-03 -1.075830030838746329e-02
3.617467742413995779e+02 -4.883750277284553895e-03 -1.069364728805870246e-02
3.617628643463500566e+02 -4.936564682943984407e-03 -1.060989888177170555e-02
3.617948268510880894e+02 -5.039656680288368169e-03 -1.042660341435092293e-02
3.618107953896233653e+02 -5.093180965137567191e-03 -1.032229067173809703e-02
3.618268095567570413e+02 -5.144307737374514619e-03 -1.021112127245287979e-02
3.618428871886658271e+02 -5.190445589522673861e-03 -1.009681445017309061e-02
3.618752928432082285e+02 -5.283049188039541134e-03 -9.867706306488630008e-03
3.618915820715493510e+02 -5.324891788689125292e-03 -9.754428197454050389e-03
3.619077679048942286e+02 -5.364785611376710062e-03 -9.643059852161321374e-03
3.619238750346581242e+02 -5.400210920508661389e-03 -9.536600053860665172e-03
3.619559160664338719e+02 -5.460913307106707651e-03 -9.333996397172097947e-03
3.619718968688509904e+02 -5.486227971344435211e-03 -9.238957407542906439e-03
3.619878657168790141e+02 -5.506281610063653263e-03 -9.146218867388238721e-03
3.620038548782760586e+02 -5.523591894640636317e-03 -9.058689460450786851e-03
3.620358969018564608e+02 -5.551262260162730285e-03 -8.897922422045083726e-03
3.620519776541679562e+02 -5.560329938810865992e-03 -8.829500940288758856e-03
3.620681083492918333e+02 -5.567319101364993049e-03 -8.784040135983823064e-03
3.620843051127242802e+02 -5.571243054194294914e-03 -8.735390621356458468e-03
3.621005758504817891e+02 -5.572315516219761809e-03 -8.663772315911944313e-03
3.621332261312296623e+02 -5.571707317267024680e-03 -8.508762221506335419e-03
3.621494581873321295e+02 -5.566711085207670141e-03 -8.448134706191238671e-03
3.621656410755035154e+02 -5.561663193996609252e-03 -8.373047153072478085e-03
3.621817759372629553e+02 -5.554864754727578680e-03 -8.320377218484430529e-03
3.622139471959818593e+02 -5.536449893156733179e-03 -8.211447773190326191e-03
3.622299983779552122e+02 -5.526232461189813615e-03 -8.158626812835512859e-03
3.622460480244350265e+02 -5.514647194156208597e-03 -8.107461564557260150e-03
3.622620994506700072e+02 -5.502493411877890095e-03 -8.066380037704696734e-03
3.622942509466690808e+02 -5.476095263572049003e-03 -8.128461362714290914e-03
3.623103647528356532e+02 -5.462060288752860517e-03 -8.207224150733898396e-03
3.623265247852119160e+02 -5.447004835173640397e-03 -8.355517203362299028e-03
3.623427368532544506e+02 -5.431562218979811736e-03 -8.511144675624866818e-03
3.623753615102632466e+02 -5.397650154495196514e-03 -8.846225859473796915e-03
3.623916695892223743e+02 -5.377361618312134772e-03 -9.019142492546752474e-03
3.624078967310911708e+02 -5.361215369044884833e-03 -9.205845708107177755e-03
3.624240597705818914e+02 -5.341093739989005718e-03 -9.389715827456471264e-03
3.624401710169996136e+02 -5.320992291245964061e-03 -9.573553230124622754e-03
3.624722722361386218e+02 -5.283463472268034103e-03 -9.955490412722943494e-03
3.624882935473739849e+02 -5.266031806219499158e-03 -1.014148298332119384e-02
3.625043174470973213e+02 -5.249966010037414484e-03 -1.032500718423145190e-02
3.625203533235011264e+02 -5.235177177682716343e-03 -1.052030419886539406e-02
3.625525155582948855e+02 -5.207711717297332059e-03 -1.092029752979878539e-02
3.625686618889380952e+02 -5.194583405013801156e-03 -1.111595774361597705e-02
3.625848687802819654e+02 -5.182539723341462144e-03 -1.131334591224877201e-02
3.626011471763326881e+02 -5.170775589195330396e-03 -1.149898746700552844e-02
3.626337947759240024e+02 -5.151072653882732277e-03 -1.183503384698754088e-02
3.626500229597438647e+02 -5.138772766649219587e-03 -1.198136045794702918e-02
3.626661981455644082e+02 -5.129056861447492226e-03 -1.210231555619550002e-02
3.626823250355863593e+02 -5.119378559696609321e-03 -1.219677044560720305e-02
3.627144825988871162e+02 -5.097121203531242671e-03 -1.232326326931304679e-02
3.627305346533321426e+02 -5.085623212903419774e-03 -1.235357894819015014e-02
3.627465930793719622e+02 -5.081194202849932846e-03 -1.237104880566407446e-02
3.627626484757362846e+02 -5.078268422975597621e-03 -1.236752705274765142e-02
3.627943407466776762e+02 -5.099455716383588001e-03 -1.230920959519888128e-02
3.628102509075054058e+02 -5.119989845247994997e-03 -1.225113000571659283e-02
3.628263821855867377e+02 -5.151673297629220591e-03 -1.217084048846809631e-02
3.628427281581862189e+02 -5.192402094626548392e-03 -1.207373369691050469e-02
3.628752916855290778e+02 -5.262362897957306197e-03 -1.184201396692807426e-02
3.628916109252945148e+02 -5.286629258951642402e-03 -1.171204750164619481e-02
3.629079867174777974e+02 -5.323417874753019578e-03 -1.157893546653825621e-02
3.629242939819146727e+02 -5.348474301333774536e-03 -1.144379481515133898e-02
3.629404784191624458e+02 -5.368836725552740378e-03 -1.131156410966826370e-02
3.629725119362777832e+02 -5.402830575881624464e-03 -1.105122284479835570e-02
3.629884390011038704e+02 -5.418151476163018260e-03 -1.092822569876466046e-02
3.630043458137758989e+02 -5.432507077667393831e-03 -1.080879823725164682e-02
3.630202815452040568e+02 -5.437919235608199009e-03 -1.080305714193509695e-02
3.630523056057270423e+02 -5.442089588648188134e-03 -1.059009786999334443e-02
3.630684301106086878e+02 -5.442515079054599005e-03 -1.045982343635045234e-02
3.630846396302887911e+02 -5.438103440616175177e-03 -1.035260100870308113e-02
3.631009330163107620e+02 -5.431808082756816800e-03 -1.024798729750739032e-02
3.631335821868353264e+02 -5.414633483985616634e-03 -1.003681552376295763e-02
3.631498122536017945e+02 -5.401051210492635070e-03 -9.935385839403362493e-03
3.631659952359593717e+02 -5.388348758387074763e-03 -9.832496508910250343e-03
3.631821316381540896e+02 -5.374572296913775020e-03 -9.732084210853151132e-03
3.632143064085257151e+02 -5.342573638197717530e-03 -9.534100449951947442e-03
3.632303618221869215e+02 -5.325895852270172599e-03 -9.441146586060527451e-03
3.632464205857429533e+02 -5.308385899671424699e-03 -9.352096019874583596e-03
3.632624858882399508e+02 -5.290506948909443584e-03 -9.262225579148901378e-03
3.632946797444791969e+02 -5.253756475973669383e-03 -9.090954600489869683e-03
3.633108231386657963e+02 -5.236194602100079434e-03 -9.015571518676443810e-03
3.633270158771612728e+02 -5.217947931524171724e-03 -8.964423930159953410e-03
3.633432603176929661e+02 -5.199660255057642587e-03 -8.962665536903478142e-03
3.633759199367461292e+02 -5.159783701947478693e-03 -9.078117006141573492e-03
3.633922259314160215e+02 -5.137773262917165462e-03 -9.162760321236376737e-03
3.634084608058985850e+02 -5.118081753969523987e-03 -9.246233702126079035e-03
3.634246480439477978e+02 -5.096417384108398521e-03 -9.320642076286148048e-03
3.634407968964428619e+02 -5.073022243113527521e-03 -9.375472000389736132e-03
3.634729992163164525e+02 -5.027535393416145658e-03 -9.497924855333522362e-03
3.634890731905001644e+02 -5.004767352967192176e-03 -9.574257842636307164e-03
3.635051407229084930e+02 -4.982486650447957161e-03 -9.662974280993691378e-03
3.635212152300262005e+02 -4.960619844343859899e-03 -9.766656574854712738e-03
3.635534399210773131e+02 -4.917469922630660073e-03 -1.001941894436399715e-02
3.635696037418285300e+02 -4.895496917777272632e-03 -1.015248612965822562e-02
3.635858179125713150e+02 -4.875074927193284897e-03 -1.028568268220172652e-02
3.636020917358980000e+02 -4.854622512347393087e-03 -1.041102244697387699e-02
3.636347330815520991e+02 -4.823114870268636542e-03 -1.061928869907273823e-02
3.636509114816213923e+02 -4.812616255538482331e-03 -1.069707012087111643e-02
3.636670149598329544e+02 -4.806820093883171045e-03 -1.076456193415727992e-02
3.636830919415660901e+02 -4.810061397982291244e-03 -1.081480247684590661e-02
3.637153596502640198e+02 -4.816294711489506677e-03 -1.086090646762092812e-02
3.637315391884278597e+02 -4.826140419380476991e-03 -1.085977299255380842e-02
3.637476851783781058e+02 -4.835763215716738610e-03 -1.084413581128770669e-02
3.637637661284781530e+02 -4.842608368360511346e-03 -1.080956393923317854e-02
3.637958716797777470e+02 -4.853353136660772463e-03 -1.071839802827321067e-02
3.638119115577610501e+02 -4.866423529433639220e-03 -1.065057860642422936e-02
3.638279645343171751e+02 -4.878994378635428779e-03 -1.057370683053071407e-02
3.638440549082943107e+02 -4.893173096091383775e-03 -1.048591297005723941e-02
3.638602055794217449e+02 -4.911841499750550961e-03 -1.039047959824673101e-02
3.638927620325658268e+02 -4.954379837775384730e-03 -1.017886673922267435e-02
3.639090088910623422e+02 -4.981201657790090831e-03 -1.006852409032260760e-02
3.639251583810785178e+02 -5.005590205214047010e-03 -9.960226198212405666e-03
3.639412232827146454e+02 -5.034566656480719479e-03 -9.853364633899724251e-03
3.639731921205948311e+02 -5.088757710896027985e-03 -9.648660800597874329e-03
3.639891326248308019e+02 -5.117018308239509525e-03 -9.560953014868159294e-03
3.640050869183780833e+02 -5.142183148754834662e-03 -9.474074222307336465e-03
3.640210675858377840e+02 -5.165836339795650857e-03 -9.389918469574442400e-03
3.640531373327381175e+02 -5.209897058525527966e-03 -9.208942259818924531e-03
3.640692582178846237e+02 -5.229583599931340171e-03 -9.112231095699217798e-03
3.640854563110283380e+02 -5.245730306699219504e-03 -9.012637124989671816e-03
3.641017327605467244e+02 -5.259694752452167069e-03 -8.910644630463206498e-03
3.641343621427180892e+02 -5.278596303470856066e-03 -8.700838699617782779e-03
3.641505883669649961e+02 -5.281286796350066239e-03 -8.608146570330698147e-03
3.641667672665536770e+02 -5.285554452073772114e-03 -8.521031635819114464e-03
3.641828997564246606e+02 -5.287351346242898098e-03 -8.425094370670445018e-03
3.642150760483710314e+02 -5.282346679927969225e-03 -8.252711126904021394e-03
3.642311322301166001e+02 -5.278169986809288020e-03 -8.166013729522787409e-03
3.642471858216705414e+02 -5.272450993758285437e-03 -8.086858754512817396e-03
3.642632416648073104e+02 -5.265984392828736149e-03 -8.009009868784985886e-03
3.642954088852991390e+02 -5.247566162808034798e-03 -7.879258231687552919e-03
3.643115294403426674e+02 -5.238797814957994216e-03 -7.889074626824478867e-03
3.643276959129713646e+02 -5.227873599962974335e-03 -7.953396889700207334e-03
3.643439144897503752e+02 -5.216664078120478165e-03 -8.020040687345937960e-03
3.643602024520388909e+02 -5.204380215051417416e-03 -8.140985173430283911e-03
3.643928529120084363e+02 -5.175619268273545098e-03 -8.363483292673976749e-03
3.644090760569679333e+02 -5.161783980577846001e-03 -8.477206907547947534e-03
3.644252388620311081e+02 -5.144284542730305845e-03 -8.613844160483686077e-03
3.644413510084168024e+02 -5.127564086033657015e-03 -8.757554576421095610e-03
3.644734477498677734e+02 -5.090866355859895685e-03 -9.017105337037790991e-03
3.644894622080282716e+02 -5.075354452456759362e-03 -9.138646975783010218e-03
3.645054785621893529e+02 -5.059738255737391589e-03 -9.260352770025039731e-03
3.645215067430965519e+02 -5.045342222848766753e-03 -9.379546891400173184e-03
3.645536523719902107e+02 -5.019704517708787131e-03 -9.628529137593700576e-03
3.645697901922401911e+02 -5.007439799318712595e-03 -9.747450970095317829e-03
3.645859914382248803e+02 -4.996319707393297518e-03 -9.867316102613361492e-03
3.646022656791438976e+02 -4.986573564792777004e-03 -9.992451467996883718e-03
3.646349072761125285e+02 -4.969787941914380509e-03 -1.022980574035505137e-02
3.646511302459725243e+02 -4.959916597876865181e-03 -1.033176871117358168e-02
3.646672937862622348e+02 -4.953645584550585464e-03 -1.041201678608920378e-02
3.646834064849537071e+02 -4.947962147656395117e-03 -1.046952247524910416e-02
3.647155368487303235e+02 -4.933394445498272621e-03 -1.053411974482420382e-02
3.647315773955593841e+02 -4.926472353006161077e-03 -1.055185964375347091e-02
3.647476273351987288e+02 -4.916710001642279546e-03 -1.056221677839030808e-02
3.647636873825525754e+02 -4.914390663656905724e-03 -1.055630966919661115e-02
3.647955959164464730e+02 -4.922478569775123013e-03 -1.051298744917602938e-02
3.648116154641356275e+02 -4.935148626957318839e-03 -1.046802171426973981e-02
3.648278919933609359e+02 -4.950014374459810358e-03 -1.040846319155549864e-02
3.648442233566977393e+02 -4.969545374803718135e-03 -1.033742987254871425e-02
3.648604608479282660e+02 -4.985576428538557314e-03 -1.025649364064857606e-02
3.648930031841310893e+02 -5.010250182113782334e-03 -1.007416006054564356e-02
3.649093660831859438e+02 -5.023847109154994627e-03 -9.976071462523305663e-03
3.649256254150089944e+02 -5.029475454589071512e-03 -9.876474948628061190e-03
3.649417508851971661e+02 -5.033713361129683872e-03 -9.778128452207282550e-03
3.649737482920903062e+02 -5.030593917318060791e-03 -9.581091907221972806e-03
3.649896729917814469e+02 -5.032303909776114810e-03 -9.485014343703069423e-03
3.650056185466404486e+02 -5.027831912936187551e-03 -9.390546875882893607e-03
3.650216126999274593e+02 -5.020791463471170439e-03 -9.331655422983862677e-03
3.650537423223329370e+02 -5.005625849140616854e-03 -9.178083232484502210e-03
3.650698984291262832e+02 -4.996415555315107844e-03 -9.204843320073428578e-03
3.650861284889849117e+02 -4.986079027101540662e-03 -9.096892675858888472e-03
3.651024232855041305e+02 -4.976778038226494297e-03 -9.033914581012655182e-03
3.651350693236612415e+02 -4.955813923999216435e-03 -8.902736690922600019e-03
3.651513019260057149e+02 -4.941182976909362125e-03 -8.832830261443123943e-03
3.651674797248028312e+02 -4.929854842138084101e-03 -8.762446597406495924e-03
3.651836120680549698e+02 -4.918137211280623582e-03 -8.694689842747146610e-03
3.652157813461830642e+02 -4.889658779116951362e-03 -8.566274229035792526e-03
3.652318358451306608e+02 -4.875587756151179668e-03 -8.500491455425222484e-03
3.652478910702131429e+02 -4.860125427391362614e-03 -8.431715474961919837e-03
3.652639531512159579e+02 -4.845126943379610487e-03 -8.369317429373877848e-03
3.652800315620883680e+02 -4.830088607422719504e-03 -8.316246922656051616e-03
3.653122878435491430e+02 -4.799422422229929208e-03 -8.335224979440938528e-03
3.653284816771892451e+02 -4.784436422057877780e-03 -8.425311561893718618e-03
3.653447308074859734e+02 -4.769501024909430197e-03 -8.508229051517256572e-03
3.653610476436961676e+02 -4.754042969376594610e-03 -8.636105190360100770e-03
3.653936883544499210e+02 -4.720813745694839129e-03 -8.863544804529667823e-03
3.654099094127851117e+02 -4.703817497815327049e-03 -8.956948120840304076e-03
3.654260860463664926e+02 -4.686616711442759958e-03 -9.028123009244810523e-03
3.654422233515147695e+02 -4.668086106859185673e-03 -9.095075979184630288e-03
3.654744129115006785e+02 -4.629387830402085201e-03 -9.258742748229797925e-03
3.654904864772955193e+02 -4.611656459560774420e-03 -9.370191447643328592e-03
3.655065556142089918e+02 -4.593984201775601177e-03 -9.479736090765826170e-03
3.655226342059708031e+02 -4.577085350095540933e-03 -9.610892607680051464e-03
3.655548719979927910e+02 -4.548217318051588770e-03 -9.870590783915392935e-03
3.655709917981321269e+02 -4.539838306500893275e-03 -9.988781319263336650e-03
3.655869689373871552e+02 -4.538884977416716114e-03 -1.009329518367127303e-02
3.656030124881385177e+02 -4.548846041322093803e-03 -1.017207084557034992e-02
3.656353746080852147e+02 -4.599743518798654965e-03 -1.027025032932449115e-02
3.656514521182556905e+02 -4.634690575811102262e-03 -1.028494922590877762e-02
3.656675004640094926e+02 -4.677039232881399083e-03 -1.027331293598343631e-02
3.656835586897518056e+02 -4.720224006204244011e-03 -1.024395238490389756e-02
3.657158734259832045e+02 -4.818008473444815830e-03 -1.013716686924828574e-02
3.657321048862350494e+02 -4.873544646925177110e-03 -1.007112693399799495e-02
3.657482831091126059e+02 -4.928441331371458470e-03 -9.992527199283124037e-03
3.657643675749908425e+02 -4.978431354093477805e-03 -9.905180605314149039e-03
3.657803678269888223e+02 -5.027722005510491463e-03 -9.819315867238857451e-03
3.658122834280100619e+02 -5.124957949099010618e-03 -9.619598008445237602e-03
3.658282942569100555e+02 -5.171545372214126322e-03 -9.514540555470771960e-03
3.658443727462430957e+02 -5.212537605008647941e-03 -9.406970038415911686e-03
3.658605405926869025e+02 -5.253255266206300136e-03 -9.302190293246156635e-03
3.658930967530207568e+02 -5.325758910498876696e-03 -9.095562332235728256e-03
3.659092772151543613e+02 -5.360522243919106644e-03 -8.998635851650553519e-03
3.659253769138238681e+02 -5.388964560351571995e-03 -8.906590507148990157e-03
3.659414202908128573e+02 -5.418088030493167610e-03 -8.818181768308544846e-03
3.659733948528207179e+02 -5.459769459525733171e-03 -8.655448268385615429e-03
3.659893682073696937e+02 -5.478213534032806697e-03 -8.582348046975493000e-03
3.660053619554475404e+02 -5.492471686140386333e-03 -8.518469314538399534e-03
3.660213767085527934e+02 -5.505169604837937408e-03 -8.458566696688357006e-03
3.660535058874923493e+02 -5.521727606154257575e-03 -8.348369141746952299e-03
3.660696455768904229e+02 -5.525830346826665282e-03 -8.288661623973065176e-03
3.660858531809489591e+02 -5.527716975722378988e-03 -8.222702807516534679e-03
3.661021343381439692e+02 -5.528839079018264824e-03 -8.152981947739220553e-03
3.661347796469433433e+02 -5.525131591134845033e-03 -8.008935278233323546e-03
3.661510131331582443e+02 -5.516695679790102093e-03 -7.945156517797676357e-03
3.661671934657337601e+02 -5.511189543833886449e-03 -7.884527459018887685e-03
3.661833297802944571e+02 -5.503370091562504590e-03 -7.831135413363445388e-03
3.662155139484771098e+02 -5.480555954236297420e-03 -7.732438068119646540e-03
3.662315740003972451e+02 -5.468663624048627353e-03 -7.679263992431832435e-03
3.662476291883085082e+02 -5.455793196045615086e-03 -7.623001908558288409e-03
3.662636846470660998e+02 -5.442851112452799095e-03 -7.575068454456125415e-03
3.662958478184079922e+02 -5.412659403928710145e-03 -7.549383083153438784e-03
3.663119642296547340e+02 -5.398660977868561736e-03 -7.692462778081650930e-03
3.663281260246457123e+02 -5.382748177971212987e-03 -7.758472806983818075e-03
3.663443408377384571e+02 -5.366574751693547508e-03 -7.956575261509536701e-03
3.663606267413369437e+02 -5.349572256444183951e-03 -8.115789464373895229e-03
3.663932768989153033e+02 -5.310722363300637329e-03 -8.459233599792547256e-03
3.664094970619216269e+02 -5.291334981081130366e-03 -8.603959905288142626e-03
3.664256576705588486e+02 -5.269455183660366575e-03 -8.844284427518127670e-03
3.664417673005660845e+02 -5.248140017437594868e-03 -9.002166373801023802e-03
3.664738714543070159e+02 -5.202660987262523046e-03 -9.386226096454945711e-03
3.664898941742276293e+02 -5.184114986994506173e-03 -9.587578732169295057e-03
3.665059181831410910e+02 -5.165450371185461090e-03 -9.763518897581599867e-03
3.665219556298749239e+02 -5.148219413573846930e-03 -9.950623040810105749e-03
3.665541239125138304e+02 -5.117188795779410194e-03 -1.035230566671887023e-02
3.665702734745156022e+02 -5.101095202218340965e-03 -1.054975891099126963e-02
3.665864840522560257e+02 -5.087039088948610427e-03 -1.075216462408661033e-02
3.666027653374690658e+02 -5.074434176876004357e-03 -1.094720514649477096e-02
3.666354057594826372e+02 -5.051650358564499683e-03 -1.131247399416857903e-02
3.666516335436450618e+02 -5.037760064679700465e-03 -1.147355486411433777e-02
3.666677986497994652e+02 -5.027816565709036095e-03 -1.161373771526666779e-02
3.666839180742348958e+02 -5.017966677893566374e-03 -1.172561829418797448e-02
3.667160649478406640e+02 -4.994619233332231630e-03 -1.187011372007462998e-02
3.667321148767280761e+02 -4.982860272511682904e-03 -1.191379465240681099e-02
3.667481710673746989e+02 -4.970654424332979042e-03 -1.193665635352042856e-02
3.667642347578499766e+02 -4.965608070076982239e-03 -1.194574274718488045e-02
3.667801742412863746e+02 -4.978714014770345073e-03 -1.194140089081915414e-02
3.668117721466994681e+02 -5.013848537756916690e-03 -1.186765669457817696e-02
3.668277921571322508e+02 -5.044504854253136980e-03 -1.179834065597966039e-02
3.668440861377994224e+02 -5.089443112264152753e-03 -1.171000695674809418e-02
3.668603919263745752e+02 -5.131176004989640958e-03 -1.160776202313884911e-02
3.668929880066316400e+02 -5.204295873918437891e-03 -1.136763077771028342e-02
3.669093505726114586e+02 -5.244099673041301840e-03 -1.123809263354460901e-02
3.669256789143287278e+02 -5.279916287879903025e-03 -1.110693219191464381e-02
3.669418820095508522e+02 -5.304711976329578964e-03 -1.097664529594975964e-02
3.669739428947906390e+02 -5.343762695532563133e-03 -1.071926433296221427e-02
3.669898672411622442e+02 -5.364262524581993145e-03 -1.059600676255485936e-02
3.670057642948557941e+02 -5.381971085758525432e-03 -1.045957033282625577e-02
3.670216912275638492e+02 -5.392025010831259443e-03 -1.046737245635994545e-02
3.670536996452307790e+02 -5.400890746270255866e-03 -1.023923794128489551e-02
3.670698202785819717e+02 -5.401446475609283579e-03 -1.013997167990210099e-02
3.670860284314239266e+02 -5.398716527045356595e-03 -1.002828505377643606e-02
3.671023230102985622e+02 -5.394516982567148546e-03 -9.930919203696896014e-03
3.671349627181749611e+02 -5.378843064946691593e-03 -9.732888464547404320e-03
3.671511919845823400e+02 -5.364311971868686302e-03 -9.636634023999772480e-03
3.671673649428589670e+02 -5.353068884353274527e-03 -9.543296240215926735e-03
3.671834933322313645e+02 -5.340508701427626806e-03 -9.450193991894775478e-03
3.672156602182487859e+02 -5.308774706922661513e-03 -9.268373280620292518e-03
3.672317130532238139e+02 -5.292588474015830040e-03 -9.182311668842799146e-03
3.672477702006402183e+02 -5.274718888847971209e-03 -9.097510884765340478e-03
3.672638352158265889e+02 -5.257032001097997585e-03 -9.012047994616570121e-03
3.672960327732741348e+02 -5.219719633452080121e-03 -8.843464507108822481e-03
3.673121802630669777e+02 -5.202743373651126657e-03 -8.768801529746151138e-03
3.673283759658588110e+02 -5.184878978829995759e-03 -8.714761562318954977e-03
3.673446247231902930e+02 -5.166866408388397745e-03 -8.713729845685486836e-03
3.673609390029048427e+02 -5.147706544644748729e-03 -8.777168620349841063e-03
3.673935882239485409e+02 -5.106856926292561646e-03 -8.946244663109318221e-03
3.674098155005304989e+02 -5.085885407677186339e-03 -9.049475060611081659e-03
3.674259974230046168e+02 -5.065109283852470973e-03 -9.142839172505516643e-03
3.674421402289120806e+02 -5.042888706536603240e-03 -9.216561263037360840e-03
3.674743382302185069e+02 -4.996275237777336557e-03 -9.371013035050541548e-03
3.674904112533616285e+02 -4.974464258290113745e-03 -9.458710630671083447e-03
3.675064783072760974e+02 -4.952505289593895146e-03 -9.554659296889558145e-03
3.675225531762689002e+02 -4.930926668479161321e-03 -9.675207836645478496e-03
3.675547829983454449e+02 -4.887869927234235121e-03 -9.952789345739232463e-03
3.675709516718588930e+02 -4.865042191821498767e-03 -1.009976711948845293e-02
3.675871684582464809e+02 -4.844074855914301536e-03 -1.024962672279894349e-02
3.676034456498745158e+02 -4.823176180403142277e-03 -1.039331164193044166e-02
3.676361000656679607e+02 -4.791352641842763424e-03 -1.063621719475213792e-02
3.676522934799613722e+02 -4.778224660120620679e-03 -1.072729648499640316e-02
3.676683877508550609e+02 -4.773391723257944946e-03 -1.081093684231758910e-02
3.676844403031398656e+02 -4.773447816954740942e-03 -1.086831429464950316e-02
3.677005132107777285e+02 -4.777378961683442608e-03 -1.090790496132861345e-02
3.677328284081038987e+02 -4.793385555058440883e-03 -1.093730234810302154e-02
3.677489862403127177e+02 -4.804111280701997035e-03 -1.092870373845264594e-02
3.677650908044755056e+02 -4.813607016297138247e-03 -1.089935903495191892e-02
3.677811458799924935e+02 -4.822122196092239535e-03 -1.086792531466976817e-02
3.678132106940365702e+02 -4.841448309385592598e-03 -1.075458316326370449e-02
3.678292848937324493e+02 -4.853983087114924731e-03 -1.067979070390447441e-02
3.678453829360050236e+02 -4.868070463143442383e-03 -1.059363776445152935e-02
3.678615281221460123e+02 -4.886092754406674149e-03 -1.049972523909574809e-02
3.678940769254883207e+02 -4.923936944812024041e-03 -1.029039540484369582e-02
3.679103257067721415e+02 -4.948649440563990080e-03 -1.017931034821772246e-02
3.679264750804277924e+02 -4.972300263957385273e-03 -1.007145493837747346e-02
3.679425372802537026e+02 -5.000055395944989246e-03 -9.963964399008750153e-03
3.679745080375102475e+02 -5.050662555832387095e-03 -9.755904853567301180e-03
3.679904456627098170e+02 -5.080599425666829788e-03 -9.660933096348146495e-03
3.680063969701782867e+02 -5.105707374000272719e-03 -9.576361876841556209e-03
3.680223769207278224e+02 -5.129857890970609610e-03 -9.487716878545597587e-03
3.680544470863152924e+02 -5.174908199297401264e-03 -9.310188546704603954e-03
3.680705705415938382e+02 -5.194457087537691052e-03 -9.212609646123666798e-03
3.680867738218842646e+02 -5.211855233215390189e-03 -9.112305209884111190e-03
3.681030540782871299e+02 -5.227819361970404040e-03 -9.010673894305029630e-03
3.681356723305032688e+02 -5.249343056922923904e-03 -8.800632282393331882e-03
3.681518962339372933e+02 -5.253433540785275996e-03 -8.696457906882762781e-03
3.681680643095651817e+02 -5.258975900758725355e-03 -8.596305650207197377e-03
3.681841919504598764e+02 -5.262311732019000522e-03 -8.515235318470175049e-03
3.682002831435018493e+02 -5.261870490012073541e-03 -8.419219619378958200e-03
3.682324176277692800e+02 -5.257217835581499618e-03 -8.246250533435420943e-03
3.682484718044546526e+02 -5.252219941728278503e-03 -8.157722315172250341e-03
3.682645303244250385e+02 -5.246630998976606688e-03 -8.078646630976278262e-03
3.682806028166162946e+02 -5.239725103647380373e-03 -8.005062787524790460e-03
3.683128368929442900e+02 -5.221236001289433597e-03 -7.927793542020505554e-03
3.683290114151714647e+02 -5.210458541478497733e-03 -7.999352557055246921e-03
3.683452376125104593e+02 -5.199469708861718421e-03 -8.023630545777737585e-03
3.683615344214366019e+02 -5.188673516340958254e-03 -8.150588767661486739e-03
3.683941800860407625e+02 -5.161399625190182285e-03 -8.332953558312275466e-03
3.684103954861369061e+02 -5.146247972363408169e-03 -8.434117073396214109e-03
3.684265537557975563e+02 -5.129853101305228286e-03 -8.545561478241085751e-03
3.684426623665321472e+02 -5.115040251302009969e-03 -8.680830166199591039e-03
3.684747586802060937e+02 -5.079225888664310254e-03 -8.929853165766445458e-03
3.684907757544099809e+02 -5.064736196482993308e-03 -9.056787624445597831e-03
3.685067950314306700e+02 -5.049136365738545427e-03 -9.181927767824178688e-03
3.685228261645398220e+02 -5.034558999477140549e-03 -9.307606999404118009e-03
3.685549802419618004e+02 -5.008827674962735427e-03 -9.564319394389300677e-03
3.685711235027715702e+02 -4.995899520458974355e-03 -9.684442952760368567e-03
3.685873265372910623e+02 -4.984507777765697333e-03 -9.799297596728337098e-03
3.686036030204930398e+02 -4.974819465439590631e-03 -9.916339299556813092e-03
3.686362443705818350e+02 -4.957021030623923359e-03 -1.014390463553565061e-02
3.686524687208419664e+02 -4.947826895187687653e-03 -1.024841161051325174e-02
3.686686244714495615e+02 -4.941826531543177387e-03 -1.033646514395144579e-02
3.686847327614379424e+02 -4.936292296862817425e-03 -1.041262934422498669e-02
3.687008014221054282e+02 -4.929702229853831497e-03 -1.047295899787085288e-02
3.687328914226362144e+02 -4.917063558842182762e-03 -1.055206507748740474e-02
3.687489384422205489e+02 -4.910828895161553284e-03 -1.057810736274396139e-02
3.687649966317104031e+02 -4.908820238796638216e-03 -1.058445263328110231e-02
3.687809679138916295e+02 -4.915857619972483980e-03 -1.058975124156274691e-02
3.688129445155774988e+02 -4.937830059651049548e-03 -1.054355309800178268e-02
3.688292482353591595e+02 -4.954521845674212006e-03 -1.049787372334381498e-02
3.688455490165285937e+02 -4.974240234178516420e-03 -1.043722257417804659e-02
3.688617722477397365e+02 -4.993832805266100461e-03 -1.036535990583149769e-02
3.688943330859993353e+02 -5.022979987791109657e-03 -1.019302949720709076e-02
3.689106905648569636e+02 -5.036004825472890738e-03 -1.009853327459528903e-02
3.689269365893516692e+02 -5.045063282750995165e-03 -1.000028162687550265e-02
3.689430501371459741e+02 -5.052486731506250668e-03 -9.900829786405921165e-03
3.689750317351342233e+02 -5.056538852666862642e-03 -9.696885567271142092e-03
3.689909484489561464e+02 -5.064853158135888302e-03 -9.594150239634001084e-03
3.690068838703049892e+02 -5.066030357390596296e-03 -9.494371983917978056e-03
3.690228672339827654e+02 -5.064458887515939194e-03 -9.397214434580724793e-03
3.690549854606356917e+02 -5.059786847053700763e-03 -9.315709436830301240e-03
3.690711463185863863e+02 -5.054052299696202601e-03 -9.197337151981350989e-03
3.690873787302114124e+02 -5.047403658416610948e-03 -9.240135692525415501e-03
3.691036758439815344e+02 -5.041660049523905701e-03 -9.130004394084387243e-03
3.691200271354373967e+02 -5.033345001195634570e-03 -9.069875730066630226e-03
3.691525511820345855e+02 -5.013327283387304656e-03 -8.941458196998926938e-03
3.691687198013447642e+02 -5.004307592709961346e-03 -8.877439196050015621e-03
3.691848438321201797e+02 -4.994441095041896733e-03 -8.815648559274951584e-03
3.692009276019599611e+02 -4.982145822180200981e-03 -8.756540141332957647e-03
3.692330390856513986e+02 -4.956538312763236233e-03 -8.642082363983562623e-03
3.692490887805613511e+02 -4.941538718946638861e-03 -8.576824451912368891e-03
3.692651476968940756e+02 -4.926685339667578011e-03 -8.505216797619596578e-03
3.692812238930613375e+02 -4.911786986431284328e-03 -8.430298498229541956e-03
3.693134855632022777e+02 -4.881828394977587478e-03 -8.293858505383033472e-03
3.693296858612375786e+02 -4.866488044297765519e-03 -8.246234439468624541e-03
3.693459411960286047e+02 -4.851455549415732704e-03 -8.252542527678128487e-03
3.693622650289000831e+02 -4.837659486372020146e-03 -8.292323826162802114e-03
3.693948919617067190e+02 -4.805492489997327185e-03 -8.388414801698348619e-03
3.694111070631414577e+02 -4.787334924238034056e-03 -8.429167149174543808e-03
3.694272751349305395e+02 -4.770188269045907807e-03 -8.454508016320175581e-03
3.694434052912218363e+02 -4.752829619977561558e-03 -8.457322172279580982e-03
3.694755853222497421e+02 -4.713616563230453062e-03 -8.441309372979771339e-03
3.694916555605542499e+02 -4.696441542155220875e-03 -8.439213014915935770e-03
3.695077246076000961e+02 -4.679020512667045849e-03 -8.442518932524479061e-03
3.695238043182574756e+02 -4.662108120078884213e-03 -8.458130053659354206e-03
3.695560475586856342e+02 -4.629129313678250965e-03 -8.502060492851615942e-03
3.695722268607457863e+02 -4.611434000285782007e-03 -8.531875127221458591e-03
3.695884549773220442e+02 -4.594859049825192332e-03 -8.565441512002299959e-03
3.696047372109204048e+02 -4.580260042296162293e-03 -8.598569235152727502e-03
3.696210939792339900e+02 -4.567721991041968389e-03 -8.628410552579436621e-03
3.696535476801430491e+02 -4.564719088507863433e-03 -8.666142377564660035e-03
3.696695996569358158e+02 -4.578593430342467983e-03 -8.671258121003846964e-03
3.696856046707486598e+02 -4.596629263133807791e-03 -8.667601592664300053e-03
3.697016254506089012e+02 -4.621711124179014862e-03 -8.658051402525195409e-03
3.697338044201687808e+02 -4.690527094732179457e-03 -8.614609815932655276e-03
3.697499830837675177e+02 -4.728899253252693072e-03 -8.579723942377865883e-03
3.697661694299901001e+02 -4.769394632658465263e-03 -8.528336503550056763e-03
3.697823094736286293e+02 -4.808564273860049636e-03 -8.474556752105469326e-03
3.698144242430902295e+02 -4.884656972486135264e-03 -8.347399891281713502e-03
3.698304726272772314e+02 -4.924064800422791113e-03 -8.277970428195297742e-03
3.698465495165524430e+02 -4.965088515035363630e-03 -8.204970767646429727e-03
3.698626915302500038e+02 -5.005967743864788398e-03 -8.130795402542322081e-03
3.698952348066763420e+02 -5.076393079309588635e-03 -7.985092715272000541e-03
3.699114748437755793e+02 -5.109867091964233679e-03 -7.917720711175574647e-03
3.699276049024103372e+02 -5.141997151293271028e-03 -7.861821115041571495e-03
3.699436582725340372e+02 -5.173527457058925243e-03 -7.814165524945057562e-03
3.699756305396766720e+02 -5.223248445439378738e-03 -7.726095276270721242e-03
3.699915780987334415e+02 -5.249400998769556195e-03 -7.684217320983057972e-03
3.700075408661282950e+02 -5.268583497483439286e-03 -7.646354637475767657e-03
3.700235301337517058e+02 -5.286328459417976612e-03 -7.608053748644065181e-03
3.700556242899333483e+02 -5.314203363731317617e-03 -7.533814462025520929e-03
3.700717633709366510e+02 -5.322336530143383614e-03 -7.492062055104400931e-03
3.700879760863081174e+02 -5.327782876179429014e-03 -7.445698417674541381e-03
3.701042622542859704e+02 -5.332340202986425928e-03 -7.396769183710171294e-03
3.701206091108643932e+02 -5.333797644276771187e-03 -7.344391198222314891e-03
3.701531216841926266e+02 -5.325915156057193720e-03 -7.236827498222383852e-03
3.701692908513625753e+02 -5.321001266205766314e-03 -7.178270205048326892e-03
3.701854251973873602e+02 -5.313452577996570503e-03 -7.116102311856009784e-03
3.702015257206930414e+02 -5.302464781859700903e-03 -7.060611476132844580e-03
3.702336785076325896e+02 -5.277234586067237714e-03 -6.949986469645281877e-03
3.702497402156960788e+02 -5.262423908280494667e-03 -6.900466661446453230e-03
3.702658049978487611e+02 -5.247081571006176164e-03 -6.853466721064781567e-03
3.702818842113986761e+02 -5.230989485825988071e-03 -6.813480949290382643e-03
3.703141311417551265e+02 -5.194507371029774730e-03 -6.851728028978195349e-03
3.703303148439044321e+02 -5.174321214599461420e-03 -6.990157434695281821e-03
3.703465488457915740e+02 -5.153943153842812860e-03 -7.126914085470141200e-03
3.703628539428636941e+02 -5.134708702256346805e-03 -7.279497021657675877e-03
3.703954968126648168e+02 -5.090359356925222914e-03 -7.630128324494016637e-03
3.704117134054822600e+02 -5.064945715968154939e-03 -7.780020568277225962e-03
3.704278698067644200e+02 -5.040650717657380389e-03 -7.975736017842920481e-03
3.704439773959216495e+02 -5.018178483209112355e-03 -8.143411185219761109e-03
3.704600472642798081e+02 -4.993345022487279995e-03 -8.349054411915208390e-03
3.704921018126120202e+02 -4.946026295352921008e-03 -8.769171779908791278e-03
3.705081262808679980e+02 -4.923793078990698624e-03 -8.988247426737566714e-03
3.705241630335707441e+02 -4.902851237409222226e-03 -9.233351273266921996e-03
3.705402240150371540e+02 -4.886165606017009617e-03 -9.477554035735471019e-03
3.705724863764343127e+02 -4.848001919769835168e-03 -9.996363160639353679e-03
3.705887038688574648e+02 -4.831644337559949133e-03 -1.024741261994121383e-02
3.706049894974440804e+02 -4.817378419935473312e-03 -1.048630249038536195e-02
3.706213410035304037e+02 -4.805503174577306635e-03 -1.071238730754882178e-02
3.706538439373675260e+02 -4.781747658548895358e-03 -1.110957920287579392e-02
3.706699908312290290e+02 -4.772905934710133975e-03 -1.127373816521790202e-02
3.706860953576355655e+02 -4.764376068626341443e-03 -1.141152566284433026e-02
3.707021623182531584e+02 -4.755158389491915931e-03 -1.152220450888684529e-02
3.707342489232169669e+02 -4.738147709383935119e-03 -1.168343179706743049e-02
3.707502952020899443e+02 -4.726825282762052091e-03 -1.173291278687822042e-02
3.707663549176972992e+02 -4.728005831325362250e-03 -1.175588129725575054e-02
3.707823896597245152e+02 -4.733813556856606743e-03 -1.176811045911748538e-02
3.708140468638841867e+02 -4.767466782077166634e-03 -1.172046784112025161e-02
3.708300421528533093e+02 -4.795875697224266827e-03 -1.166674433792261843e-02
3.708463243164100049e+02 -4.833115545930410061e-03 -1.159664333190368705e-02
3.708625966682932926e+02 -4.876995824050304844e-03 -1.151077862218832792e-02
3.708951786356006437e+02 -4.949473109646468361e-03 -1.130717234059861950e-02
3.709115305933991067e+02 -4.982656634763976862e-03 -1.119615097280326869e-02
3.709278452444450522e+02 -5.018162063562450932e-03 -1.108176698994418376e-02
3.709440372123673910e+02 -5.040832346036491426e-03 -1.096780206604627481e-02
3.709601099745134434e+02 -5.062299817999683753e-03 -1.085437105267367600e-02
3.709920062469719255e+02 -5.097700894518418686e-03 -1.062854583915767877e-02
3.710078976595961535e+02 -5.114770751602907770e-03 -1.052175057422612484e-02
3.710238237773257879e+02 -5.125453116541860664e-03 -1.041356584366514085e-02
3.710558550861519507e+02 -5.137326483332859198e-03 -1.029702927577725961e-02
3.710719943624915231e+02 -5.136883491866002863e-03 -1.018889821083102457e-02
3.710882196151599715e+02 -5.134197763378971213e-03 -1.018259532591446817e-02
3.711045243837855310e+02 -5.130679357135655219e-03 -1.006433816450431201e-02
3.711208745848365425e+02 -5.124750475230648201e-03 -9.983761663973689249e-03
3.711533874114261380e+02 -5.104630633535057506e-03 -9.815847225741155743e-03
3.711695504683722788e+02 -5.095323427215745112e-03 -9.733163585773144805e-03
3.711856739484014156e+02 -5.084494749213967942e-03 -9.651271316679834594e-03
3.712017601594055236e+02 -5.071448739125406814e-03 -9.569074835464236317e-03
3.712338736106567012e+02 -5.043546294140253267e-03 -9.409179733247115957e-03
3.712499272382935374e+02 -5.027111508424832523e-03 -9.327652422984358122e-03
3.712659904922364262e+02 -5.010928054945088840e-03 -9.244529624512437885e-03
3.712820716260154654e+02 -4.994771361163962732e-03 -9.158175847607948408e-03
3.713143447376871791e+02 -4.962477162925172346e-03 -8.996792425529724288e-03
3.713305508847859642e+02 -4.945346483752817088e-03 -8.936290671528951748e-03
3.713468086417047402e+02 -4.928225011003165880e-03 -8.930181743686722157e-03
3.713631303200984348e+02 -4.912954928313036443e-03 -9.006075804316955591e-03
3.713957574622846209e+02 -4.876859216419540156e-03 -9.184272301013022069e-03
3.714119790778030392e+02 -4.855654170168189482e-03 -9.315780620616840105e-03
3.714281498620850357e+02 -4.836536638812029103e-03 -9.410128138491140673e-03
3.714442812784515127e+02 -4.817844424905778043e-03 -9.494040346914062178e-03
3.714603881224903148e+02 -4.796240062428591168e-03 -9.573059616034060651e-03
3.714925366883013567e+02 -4.755429641062551387e-03 -9.744470140330918628e-03
3.715086048391841587e+02 -4.735668003453115567e-03 -9.848598071482859637e-03
3.715246830435035008e+02 -4.716070476564779117e-03 -9.992815916626282199e-03
3.715407900427907180e+02 -4.698530699249713928e-03 -1.014469208163395857e-02
3.715731011814145290e+02 -4.657017717787668119e-03 -1.049204325249097555e-02
3.715893321224443184e+02 -4.637456236095906584e-03 -1.066832337228403038e-02
3.716056183452864161e+02 -4.618996802293539976e-03 -1.083072558915661177e-02
3.716219768080650852e+02 -4.601337192768499562e-03 -1.097936289981093182e-02
3.716545068403029290e+02 -4.574576556606399329e-03 -1.121745614615475388e-02
3.716705879432693678e+02 -4.569740484037456904e-03 -1.129031506330234989e-02
3.716866027715799419e+02 -4.571799543501936687e-03 -1.133189894194274253e-02
3.717026144870002895e+02 -4.578563660599164684e-03 -1.135175319550790415e-02
3.717348017303286838e+02 -4.609816324874387895e-03 -1.133341163751526090e-02
3.717509873040641537e+02 -4.627035289289913901e-03 -1.130675992663203455e-02
3.717671511870475456e+02 -4.647960765000124471e-03 -1.125584672443602670e-02
3.717832510864986943e+02 -4.665363058342922135e-03 -1.120115163042166052e-02
3.718153644972150573e+02 -4.703681402691962596e-03 -1.104286885905655415e-02
3.718314539546190645e+02 -4.723330987060477167e-03 -1.094826763752462101e-02
3.718475634863353889e+02 -4.747735999700108608e-03 -1.084445793152859043e-02
3.718637137736715204e+02 -4.774192795509482959e-03 -1.073476614806462455e-02
3.718962383835147989e+02 -4.828449684714057437e-03 -1.049760816695794775e-02
3.719125216335727941e+02 -4.856390450212278408e-03 -1.037603636514016110e-02
3.719286877911263787e+02 -4.887566820075920672e-03 -1.025870664309654762e-02
3.719447606738035006e+02 -4.918982480130330154e-03 -1.014440554117256553e-02
3.719607530677507157e+02 -4.951891033897394372e-03 -1.003538999680005789e-02
3.719926502133644135e+02 -5.015705672323208034e-03 -9.838987845942948063e-03
3.720085866767888660e+02 -5.045318438315375340e-03 -9.747101004504741401e-03
3.720245474318897436e+02 -5.073378630189828188e-03 -9.661885928925617248e-03
3.720405408053815108e+02 -5.101489535402287459e-03 -9.582370116142479091e-03
3.720727272174030986e+02 -5.143764337973772555e-03 -9.419069833790582116e-03
3.720889328254722841e+02 -5.162069053063405265e-03 -9.327763097520076416e-03
3.721052164089686585e+02 -5.178374314056718476e-03 -9.234669937662141545e-03
3.721215548457769842e+02 -5.193092215595790200e-03 -9.138923642088243871e-03
3.721540336931292359e+02 -5.207953859973860761e-03 -8.939225855785262395e-03
3.721701839222835133e+02 -5.213127007921190305e-03 -8.844663740603227187e-03
3.721863023661095440e+02 -5.215322553484505290e-03 -8.760173635274969353e-03
3.722023888266123777e+02 -5.214889615273251948e-03 -8.670140823913903907e-03
3.722345157105683029e+02 -5.209130610516638296e-03 -8.484924083505708883e-03
3.722505723931002990e+02 -5.203098116844501707e-03 -8.393239060442501953e-03
3.722666346124838128e+02 -5.195963460851277770e-03 -8.305327139429392880e-03
3.722827128882282750e+02 -5.187630946036764917e-03 -8.221883396275806583e-03
3.723149654684144139e+02 -5.167579624553633906e-03 -8.075599638283560699e-03
3.723311512664403722e+02 -5.154899208265036406e-03 -8.027504756100404051e-03
3.723473894126437926e+02 -5.141521275348049508e-03 -8.028843040999877889e-03
3.723636935544172388e+02 -5.129839286457074828e-03 -8.100816703284829945e-03
3.723800418733977722e+02 -5.113443611512121824e-03 -8.183789222490535017e-03
3.724125418310360374e+02 -5.082591981669428056e-03 -8.407441888837284896e-03
3.724286946066814039e+02 -5.065367957611462656e-03 -8.512198752344357286e-03
3.724447991913151554e+02 -5.049662510234403240e-03 -8.637699785578130743e-03
3.724608658908099414e+02 -5.031323731711401410e-03 -8.746291845616845431e-03
3.724929140753358752e+02 -4.994751150284801496e-03 -9.031510135877796400e-03
3.725089349719120833e+02 -4.977085909152092168e-03 -9.156793933807296990e-03
3.725249672473356668e+02 -4.960250932921159844e-03 -9.293100854195610397e-03
3.725410240404488036e+02 -4.947501405249072129e-03 -9.438317924596607497e-03
3.725732759123852134e+02 -4.916095910381603970e-03 -9.724656181126271892e-03
3.725894899396913615e+02 -4.902876640766910474e-03 -9.863930763250159175e-03
3.726057737839107062e+02 -4.890536678675664294e-03 -9.997736475495545838e-03
3.726221281431655257e+02 -4.881215342677392051e-03 -1.013453049520704474e-02
3.726546291632498651e+02 -4.862172905877525445e-03 -1.041665453442080710e-02
3.726707751897232015e+02 -4.854514246382664149e-03 -1.055162133038678798e-02
3.726868761296514663e+02 -4.847275142586602095e-03 -1.067691504928590038e-02
3.727029396227957818e+02 -4.839682074815845891e-03 -1.078442281497125725e-02
3.727350193048159213e+02 -4.826102728773181208e-03 -1.092875347670435766e-02
3.727510629150759200e+02 -4.817715296630438286e-03 -1.097612152238695328e-02
3.727671201778863974e+02 -4.809159488085276539e-03 -1.100218337643850755e-02
3.727832002675966123e+02 -4.803795960664502401e-03 -1.102609172267688363e-02
3.728153268733269101e+02 -4.808964776921268412e-03 -1.101513269158854030e-02
3.728313106887903245e+02 -4.817808013977061508e-03 -1.098355909079420240e-02
3.728474638774915206e+02 -4.831313961476681532e-03 -1.093582957336387308e-02
3.728637536088014031e+02 -4.854423384787072068e-03 -1.087114294451488154e-02
3.728962547569662433e+02 -4.897697518739764153e-03 -1.070845783659588393e-02
3.729125632868862112e+02 -4.915689252153095275e-03 -1.061539589055592037e-02
3.729288891530110277e+02 -4.935083863416233306e-03 -1.051546944312832001e-02
3.729451065808622161e+02 -4.947472208500244481e-03 -1.041321441122300233e-02
3.729612134474413097e+02 -4.957539896356545801e-03 -1.030736260983645437e-02
3.729931559999424735e+02 -4.969050901763740966e-03 -1.009059483816845959e-02
3.730090574207389409e+02 -4.975201370988494541e-03 -9.984941562764840586e-03
3.730249812727882386e+02 -4.977298765313021948e-03 -9.882949753673089463e-03
3.730409481467556816e+02 -4.979594532065622844e-03 -9.777175394223661456e-03
3.730731386891238230e+02 -4.968428084910617160e-03 -9.651402584466077864e-03
3.730893578479031021e+02 -4.962780669452401469e-03 -9.592372583517047233e-03
3.731056599828651201e+02 -4.955686973743163304e-03 -9.559132656311241164e-03
3.731220024233188042e+02 -4.950159975247521611e-03 -9.456915665245953576e-03
3.731544829908849579e+02 -4.930350107871076665e-03 -9.311123556544950025e-03
3.731706342939130536e+02 -4.921138375384127676e-03 -9.232135648538510042e-03
3.731867469974724258e+02 -4.910454338285771651e-03 -9.157220214059538094e-03
3.732028290154110550e+02 -4.898833479709313078e-03 -9.083451803276916536e-03
3.732349409882502300e+02 -4.873595165374261691e-03 -8.945157502587727100e-03
3.732509958940658521e+02 -4.859265892168312083e-03 -8.877480030145620468e-03
3.732670605220010316e+02 -4.845149566484419253e-03 -8.808593617783039981e-03
3.732831439019640243e+02 -4.831026429908597854e-03 -8.740325057893506139e-03
3.733154207563991918e+02 -4.803395057639777734e-03 -8.610496027430440333e-03
3.733316270495614049e+02 -4.788325155394399998e-03 -8.553814513993606219e-03
3.733478912240823888e+02 -4.772584268631386087e-03 -8.507467851336793924e-03
3.733642148529969518e+02 -4.758796120786851040e-03 -8.471116825349721616e-03
3.733805588422180790e+02 -4.740844092398987034e-03 -8.440465317417333163e-03
3.734130501181693376e+02 -4.706835550555005590e-03 -8.397411288319585679e-03
3.734292158183174593e+02 -4.688924115506738419e-03 -8.382922115342359912e-03
3.734453418709894663e+02 -4.671927915251727903e-03 -8.373545911427677721e-03
3.734614466441301488e+02 -4.652386971492275189e-03 -8.369143534127990863e-03
3.734935967313398351e+02 -4.615056392112059161e-03 -8.372142654180535215e-03
3.735096676909336679e+02 -4.597171976829583090e-03 -8.380116505690553622e-03
3.735257493150409118e+02 -4.579555351846797268e-03 -8.394249959286507329e-03
3.735418623669049225e+02 -4.563650039294929982e-03 -8.410155085909103503e-03
3.735741820974200209e+02 -4.526661100468713610e-03 -8.455525140111943075e-03
3.735904151172387060e+02 -4.509134652374570743e-03 -8.482859276865034950e-03
3.736067063936594081e+02 -4.491613980077616489e-03 -8.515194377861686620e-03
3.736230603227273832e+02 -4.476502623506273780e-03 -8.549127365628498079e-03
3.736556154120744964e+02 -4.441082826284630837e-03 -8.613172619784944389e-03
3.736717985803172155e+02 -4.425004925053164888e-03 -8.638459073232488891e-03
3.736879090981146305e+02 -4.411721344133473846e-03 -8.655084241864733491e-03
3.737039541230559507e+02 -4.400227050519717360e-03 -8.661912274094045114e-03
3.737200087703949407e+02 -4.392900118228530194e-03 -8.659866344386290757e-03
3.737521899648568819e+02 -4.384405086668497972e-03 -8.632092790255525144e-03
3.737683071770669017e+02 -4.386190962174998410e-03 -8.599945406782768392e-03
3.737844386127381995e+02 -4.389010366145183230e-03 -8.569300008949344918e-03
3.738005134217336831e+02 -4.391419006743213331e-03 -8.528819566777196340e-03
3.738326704201143684e+02 -4.401531729150188338e-03 -8.423412085673697217e-03
3.738488078527698235e+02 -4.410075642061242994e-03 -8.359953799494189430e-03
3.738650096512990899e+02 -4.417093127314172633e-03 -8.291341043585351289e-03
3.738813070935549376e+02 -4.424292417053002184e-03 -8.215907723623433467e-03
3.739138006834616590e+02 -4.443055222387051056e-03 -8.058715240926014531e-03
3.739299165360163215e+02 -4.455815024793097386e-03 -7.981724274439935124e-03
3.739459701899928064e+02 -4.468504150718857412e-03 -7.907354200257663002e-03
3.739619733765811702e+02 -4.482993562033276043e-03 -7.835666512858408331e-03
3.739939006191744397e+02 -4.510066340295050026e-03 -7.713846545026620954e-03
3.740098708195288282e+02 -4.522734598511208952e-03 -7.657550730527051125e-03
3.740258709600192901e+02 -4.536445927806913823e-03 -7.598549494760306090e-03
3.740419049933587985e+02 -4.551480528259812738e-03 -7.539440589023393112e-03
3.740741541765480633e+02 -4.570147498825562551e-03 -7.398585136617919292e-03
3.740903861270098218e+02 -4.578386870765665563e-03 -7.325909314072399404e-03
3.741066893262800477e+02 -4.584166463284299574e-03 -7.251901705941619231e-03
3.741230300003836078e+02 -4.591569560668682694e-03 -7.177107853188411692e-03
3.741555159961653771e+02 -4.595336489262101531e-03 -7.024734488739500619e-03
3.741716794424718273e+02 -4.595070760076736503e-03 -6.965372013682153557e-03
3.741878029238746421e+02 -4.593225172344305753e-03 -6.902642928988528964e-03
3.742038941665311995e+02 -4.590699250608577461e-03 -6.842519573309846677e-03
3.742360246131373174e+02 -4.581554981100407348e-03 -6.731479435216322464e-03
3.742520807499806210e+02 -4.575421428482755008e-03 -6.673812609009775222e-03
3.742681437056153300e+02 -4.568388536829569996e-03 -6.613409751357359791e-03
3.742842240714841751e+02 -4.560385129613157146e-03 -6.562384708805986226e-03
3.743003387090810179e+02 -4.551140474132193102e-03 -6.539916800709233077e-03
3.743326784566914966e+02 -4.532524112396862231e-03 -6.723081617055083788e-03
3.743489348551810281e+02 -4.520317772734391490e-03 -6.851109620433983895e-03
3.743652504778707453e+02 -4.508752727592975004e-03 -7.024873753118904968e-03
3.743815969458414088e+02 -4.496344502307738147e-03 -7.163918683674760056e-03
3.744140701463417713e+02 -4.469008188886833266e-03 -7.457776893852094066e-03
3.744302155917989126e+02 -4.455079251574689710e-03 -7.653643401251616907e-03
3.744463122691407762e+02 -4.442155841805369050e-03 -7.821334795435818873e-03
3.744623826075756483e+02 -4.428093888469901949e-03 -7.994100658796157027e-03
3.744944443969171175e+02 -4.401399220998553075e-03 -8.434884590528539394e-03
3.745104757760449843e+02 -4.388494570507772696e-03 -8.680266708094025105e-03
3.745265192135035477e+02 -4.376219777350458078e-03 -8.954019671560748544e-03
3.745425876011203741e+02 -4.366429777836226649e-03 -9.248654843464461719e-03
3.745748636642318274e+02 -4.343402648575163741e-03 -9.905664864184334992e-03
3.745910876107759577e+02 -4.334804119012631608e-03 -1.024338148847732388e-02
3.746073871752410014e+02 -4.326110976565379108e-03 -1.057837988403641759e-02
3.746237324408802465e+02 -4.321753988952775800e-03 -1.089685207052697516e-02
3.746400073086281282e+02 -4.315140695517746990e-03 -1.118844503537934007e-02
3.746723506807654758e+02 -4.310495975550610037e-03 -1.168600265778456555e-02
3.746884434877274543e+02 -4.307267004808364684e-03 -1.188550299461983359e-02
3.747044999865999557e+02 -4.304766860976792266e-03 -1.204780653625525146e-02
3.747205316672583422e+02 -4.304845828264044008e-03 -1.217442356487085341e-02
3.747526007505818484e+02 -4.299329093834462073e-03 -1.236759725921655201e-02
3.747686544787785579e+02 -4.296722496254042414e-03 -1.242056007593118905e-02
3.747847297349023279e+02 -4.293239600099130887e-03 -1.245870838372508706e-02
3.748008452631308387e+02 -4.289738390823089574e-03 -1.246439649961717314e-02
3.748331990729153063e+02 -4.302548550809142010e-03 -1.240446465027720234e-02
3.748493035560318845e+02 -4.316097846439813715e-03 -1.234285921398312232e-02
3.748654332717063085e+02 -4.336629445742971878e-03 -1.226350399448577176e-02
3.748816409193678396e+02 -4.363620365892575265e-03 -1.216851826974448686e-02
3.749139133660355583e+02 -4.421895261583206824e-03 -1.195358608444800110e-02
3.749301192147398183e+02 -4.452350575643021849e-03 -1.183980242119875813e-02
3.749463927973503132e+02 -4.486872542017800690e-03 -1.172177258807287001e-02
3.749626020650632654e+02 -4.512509430123472914e-03 -1.160413071800295466e-02
3.749947130329518359e+02 -4.552667629195801188e-03 -1.136001501341669072e-02
3.750106330472962100e+02 -4.569838850669262140e-03 -1.124052005983472782e-02
3.750265350080829307e+02 -4.587584338638363464e-03 -1.112325160506737881e-02
3.750424651440547450e+02 -4.600825620182998933e-03 -1.101064401588523929e-02
3.750745347009908528e+02 -4.618566025016308633e-03 -1.093006929411338007e-02
3.750907223114995759e+02 -4.624497132154492193e-03 -1.071607916870060025e-02
3.751070170830269603e+02 -4.626149311353152001e-03 -1.071550926152218045e-02
3.751233448014879741e+02 -4.631365160189294256e-03 -1.062164432726446159e-02
3.751557740436418271e+02 -4.630071052661716494e-03 -1.041163954121120984e-02
3.751719126364624799e+02 -4.627972348387987024e-03 -1.031345728507125289e-02
3.751880146201366415e+02 -4.622569524537472468e-03 -1.021545349153757734e-02
3.752040884216809218e+02 -4.617212022257612299e-03 -1.012070485343907755e-02
3.752201426495397527e+02 -4.611766183408055886e-03 -1.002804676196348416e-02
3.752522453410298908e+02 -4.591565167088649049e-03 -9.836589797247169073e-03
3.752683071008941624e+02 -4.581184335035746839e-03 -9.738149324715420982e-03
3.752843900916544726e+02 -4.570222223224325829e-03 -9.641309402084402916e-03
3.753005116949514104e+02 -4.558727343490198355e-03 -9.553265122138495519e-03
3.753328787137406835e+02 -4.537371253654120390e-03 -9.443506726460708378e-03
3.753491508544644262e+02 -4.524111024402329047e-03 -9.448527643561920736e-03
3.753654776984263890e+02 -4.511726471576327224e-03 -9.492570245428979744e-03
3.753818171456430264e+02 -4.498110746991347726e-03 -9.555557370877008905e-03
3.754142954870806648e+02 -4.468099441624980191e-03 -9.707329407802587490e-03
3.754304579899115879e+02 -4.451985696020599112e-03 -9.777512105887450206e-03
3.754465773249715994e+02 -4.436927966002716418e-03 -9.831148280429021641e-03
3.754626771938892489e+02 -4.420055636164591482e-03 -9.894477095280400369e-03
3.754948192079701812e+02 -4.386954676119152186e-03 -1.001026775117308878e-02
3.755108878188308950e+02 -4.370930693656114620e-03 -1.009677989366497899e-02
3.755269680033375721e+02 -4.354992991234145350e-03 -1.020052794480789081e-02
3.755430797990873089e+02 -4.339712524980852970e-03 -1.032115712173819165e-02
3.755754011218128312e+02 -4.307396852033606657e-03 -1.062108345586528640e-02
3.755916370934328370e+02 -4.292079293104193553e-03 -1.077965680732204806e-02
3.756079389678334337e+02 -4.276208111432449298e-03 -1.093596271893195089e-02
3.756242965301799472e+02 -4.265354300934995520e-03 -1.108307101576746709e-02
3.756405758665711687e+02 -4.259230442439888679e-03 -1.121457973055188517e-02
3.756727903733055314e+02 -4.273450300303161496e-03 -1.142314860001198730e-02
3.756887758836625721e+02 -4.290531117302732837e-03 -1.148173762350327906e-02
3.757047682359325904e+02 -4.313400441399492698e-03 -1.151232080264800138e-02
3.757208025960635496e+02 -4.343305782768156278e-03 -1.151669193484979557e-02
3.757530064979087570e+02 -4.412986933799786446e-03 -1.147818637341476052e-02
3.757691822674124182e+02 -4.454366698623606416e-03 -1.142623749007066689e-02
3.757853608182260814e+02 -4.496584590780302801e-03 -1.137139300408946709e-02
3.758014998341816977e+02 -4.540225099768106266e-03 -1.129795418619348318e-02
3.758336917035029501e+02 -4.635120432525552218e-03 -1.110180629529598437e-02
3.758498024028589839e+02 -4.685587322117027234e-03 -1.098894330467091451e-02
3.758659495630800507e+02 -4.738171682190305337e-03 -1.086818761111068773e-02
3.758821741378010870e+02 -4.787344785184146669e-03 -1.073947152765484907e-02
3.759147743326375917e+02 -4.888841221523197896e-03 -1.047711214870723946e-02
3.759309263398260441e+02 -4.936177588180661220e-03 -1.034863253782082430e-02
3.759469839032209961e+02 -4.981591472106409145e-03 -1.022498769998627342e-02
3.759629644221840863e+02 -5.029361130414087937e-03 -1.010643897101681267e-02
3.759948350626600018e+02 -5.111963403334075957e-03 -9.881453284197918782e-03
3.760107676644936987e+02 -5.148153167841166243e-03 -9.774292025985148458e-03
3.760267249935830591e+02 -5.179804936918152962e-03 -9.667296661987115000e-03
3.760427150866174202e+02 -5.210597256106951590e-03 -9.567659233033843150e-03
3.760748928329978185e+02 -5.256300928633534861e-03 -9.381935824037238719e-03
3.760910889244842679e+02 -5.275136568114580267e-03 -9.312956203975332123e-03
3.761073708272220983e+02 -5.286979780289608778e-03 -9.239484292566761681e-03
3.761237067365620419e+02 -5.300349885085863313e-03 -9.149022122993913375e-03
3.761561770006833854e+02 -5.313196314902523393e-03 -8.967684640905490209e-03
3.761723233244185280e+02 -5.316610718681375955e-03 -8.872609770095562023e-03
3.761884277003292141e+02 -5.315257468808985870e-03 -8.784480952038445367e-03
3.762045039203026704e+02 -5.312730782705006594e-03 -8.695627331240556729e-03
3.762205613496398655e+02 -5.310443958809101320e-03 -8.618613225086687799e-03
3.762526605191181943e+02 -5.293431476948234730e-03 -8.471134943465390837e-03
3.762687191552682293e+02 -5.283791136253050864e-03 -8.412236455984212213e-03
3.762847936903292521e+02 -5.272674443845389892e-03 -8.342319006157290773e-03
3.763009041769477108e+02 -5.260211979188364820e-03 -8.275772437796306835e-03
3.763332342665536316e+02 -5.234735520050635277e-03 -8.157575993042546006e-03
3.763494832850873877e+02 -5.219040454564802776e-03 -8.108944873542890674e-03
3.763657902672965179e+02 -5.202982120641027643e-03 -8.087108642299764560e-03
3.763821370751809354e+02 -5.187699258680168041e-03 -8.282565684924135183e-03
3.764146174143817802e+02 -5.152284037668661623e-03 -8.455916861021647163e-03
3.764307653382668946e+02 -5.134443951330317293e-03 -8.569805767249652484e-03
3.764468598993679507e+02 -5.116372264488211821e-03 -8.659153137487973426e-03
3.764629179589843488e+02 -5.098265539920732517e-03 -8.761120499700868203e-03
3.764949449514895718e+02 -5.062280667056930257e-03 -9.045926252206473728e-03
3.765109581928944635e+02 -5.044982798408872808e-03 -9.170109557032568581e-03
3.765269840099923044e+02 -5.028845554667461804e-03 -9.295985694690261578e-03
3.765430368452753100e+02 -5.016293946718787360e-03 -9.419702472255531839e-03
3.765752940732923548e+02 -4.987717573373872705e-03 -9.653276439352884500e-03
3.765915122036809635e+02 -4.976011964963834334e-03 -9.779146230816148158e-03
3.766078092984259911e+02 -4.963361207688548986e-03 -9.907973945603630594e-03
3.766241583006200813e+02 -4.954948493382649657e-03 -1.003770499866970742e-02
3.766404399430147691e+02 -4.944341563701173080e-03 -1.016813348590288324e-02
3.766727895258872536e+02 -4.929245702169085530e-03 -1.040251607299794677e-02
3.766888863659034996e+02 -4.919567379455834499e-03 -1.049777165295359867e-02
3.767049497996579817e+02 -4.911014165071371507e-03 -1.057747419475963714e-02
3.767209917622038802e+02 -4.904694344135159846e-03 -1.063694041171817442e-02
3.767530807759216032e+02 -4.883682723022145060e-03 -1.070793720406258871e-02
3.767691445610784626e+02 -4.873081823602766309e-03 -1.071443959309086903e-02
3.767852317097172090e+02 -4.871447638164932460e-03 -1.071557918357965607e-02
3.768013409690230446e+02 -4.869412603885794714e-03 -1.069489841023363481e-02
3.768332815243001619e+02 -4.886743419218500008e-03 -1.060199841819864375e-02
3.768494141602037644e+02 -4.903067221730293516e-03 -1.053106079195459052e-02
3.768656907760300214e+02 -4.926834773837486005e-03 -1.044545839215921951e-02
3.768819324639701449e+02 -4.953118355990518591e-03 -1.034838387601264703e-02
3.769144688760687814e+02 -5.004898963422026864e-03 -1.013544314642065257e-02
3.769307912016058708e+02 -5.025704872932843827e-03 -1.002434112887559854e-02
3.769470308803177545e+02 -5.048680423721078024e-03 -9.911762288141900273e-03
3.769631550266512932e+02 -5.065427793298543126e-03 -9.797645912833158680e-03
3.769951317233382611e+02 -5.092365291854404098e-03 -9.565944057363972783e-03
3.770110249656135579e+02 -5.105216920466681269e-03 -9.453778100928594830e-03
3.770269264328971985e+02 -5.115808384172156227e-03 -9.346024489478617012e-03
3.770428719540106499e+02 -5.121271080107572642e-03 -9.238608998652633394e-03
3.770750138487602499e+02 -5.121679828012442107e-03 -9.080035437379762805e-03
3.770912206087467098e+02 -5.119713443223703093e-03 -9.078565175364193898e-03
3.771075253661645093e+02 -5.112010437487803961e-03 -8.990737879253711887e-03
3.771238562066111513e+02 -5.108182204519192554e-03 -8.901960958329135226e-03
3.771401162480954099e+02 -5.098662764572875830e-03 -8.826026930664133269e-03
3.771724542247071668e+02 -5.081157286152735396e-03 -8.670141615399497986e-03
3.771885535433658561e+02 -5.068372081143318435e-03 -8.594853911613603570e-03
3.772046247156333152e+02 -5.055831024672368529e-03 -8.521433006299407309e-03
3.772206744156271156e+02 -5.044254486033453687e-03 -8.452304059959175539e-03
3.772527779595532138e+02 -5.011605320620156866e-03 -8.323181928699147775e-03
3.772688449121677081e+02 -4.995845416401619409e-03 -8.257629046714278984e-03
3.772849316600468796e+02 -4.979999287202134181e-03 -8.190067541114617183e-03
3.773010578311270820e+02 -4.964151271699192638e-03 -8.120111500000800481e-03
3.773334359564909732e+02 -4.933981286568821234e-03 -7.989851524469149605e-03
3.773497096695612072e+02 -4.916443075429753964e-03 -7.939309356920609684e-03
3.773660392206881511e+02 -4.899114102908095660e-03 -7.906270095111094312e-03
3.773823787337530007e+02 -4.881804044069183203e-03 -7.893539764347782747e-03
3.774148583655090761e+02 -4.843240119075320309e-03 -7.908922114864722422e-03
3.774310233258563585e+02 -4.822717529425200531e-03 -7.930339978270521673e-03
3.774471444971221672e+02 -4.803309318458441439e-03 -7.950329718760845016e-03
3.774632481487140012e+02 -4.782534152369046811e-03 -7.965184877111591844e-03
3.774954003754037331e+02 -4.741848453174455323e-03 -7.984966813638416649e-03
3.775114737575898403e+02 -4.722263575489321109e-03 -7.994895569461826779e-03
3.775275589741965518e+02 -4.702938771929153668e-03 -8.007105345490452691e-03
3.775436753859588066e+02 -4.683243397091409362e-03 -8.024266964923023812e-03
3.775760005877006620e+02 -4.644413049450189616e-03 -8.078123175639084427e-03
3.775922367341713652e+02 -4.625114994516799256e-03 -8.114106948075490780e-03
3.776085386615009725e+02 -4.604563988280885832e-03 -8.160057187053759709e-03
3.776248884253735127e+02 -4.586743891653322254e-03 -8.204459786383519818e-03
3.776412006020793797e+02 -4.565345184593972219e-03 -8.257078473884009451e-03
3.776736157848098401e+02 -4.529972259077040368e-03 -8.350077751541560775e-03
3.776897510425818041e+02 -4.511174457719304039e-03 -8.387021282973796885e-03
3.777057927998308173e+02 -4.497184165579207887e-03 -8.411384059032349370e-03
3.777217814702363512e+02 -4.486214373484635233e-03 -8.427336768142033169e-03
3.777539650766700561e+02 -4.470309189794733316e-03 -8.434133128465460399e-03
3.777700950666299491e+02 -4.470419473430727562e-03 -8.413971125794087944e-03
3.777862042234283990e+02 -4.475406715226638681e-03 -8.392946883007072062e-03
3.778022979518836451e+02 -4.481993576532947339e-03 -8.361150906819606737e-03
3.778346437102559889e+02 -4.504351160395549461e-03 -8.260869347553856032e-03
3.778508377569866070e+02 -4.517156595626738505e-03 -8.199673229033090441e-03
3.778670361234254074e+02 -4.534338993684430483e-03 -8.132109178046943720e-03
3.778832927492463227e+02 -4.553556273692615716e-03 -8.059383128248151507e-03
3.779158848378465336e+02 -4.594345511114587832e-03 -7.907669372710271483e-03
3.779320366060184710e+02 -4.613428532167018932e-03 -7.832659892705618257e-03
3.779481109106948793e+02 -4.633843076644433324e-03 -7.759948248744398362e-03
3.779641161975884529e+02 -4.657367769538638472e-03 -7.689539700059549836e-03
3.779801006021741046e+02 -4.678905795294410752e-03 -7.622892124834068465e-03
3.780119897300319280e+02 -4.721415551262416431e-03 -7.508702927450192077e-03
3.780279489818306615e+02 -4.741196736309970933e-03 -7.461260777865539283e-03
3.780439385698081196e+02 -4.760617713233536441e-03 -7.413419588832718780e-03
3.780761231899301151e+02 -4.794175814995568774e-03 -7.312569189817957026e-03
3.780923303921798038e+02 -4.810029474405627149e-03 -7.254143647102400533e-03
3.781086305296977912e+02 -4.820582596871548185e-03 -7.193639248739555798e-03
3.781249518719799880e+02 -4.832193205450829344e-03 -7.128828364486406582e-03
3.781412118783334222e+02 -4.838568386303992823e-03 -7.063621332887817100e-03
3.781735411750377693e+02 -4.848040446098508469e-03 -6.935727277551336986e-03
3.781896506590955482e+02 -4.846740159662787754e-03 -6.871048878255923108e-03
3.782057309492386139e+02 -4.845388165885741727e-03 -6.803377401670718597e-03
3.782217895775532952e+02 -4.843558066886424762e-03 -6.746710052499839058e-03
3.782539034163680185e+02 -4.831104076102763975e-03 -6.627364902853321790e-03
3.782699673272105656e+02 -4.823666421222813465e-03 -6.575878788927261472e-03
3.782860509922072083e+02 -4.814857122022554031e-03 -6.516452775332829024e-03
3.783021690244864885e+02 -4.804912987768254068e-03 -6.463717641553731047e-03
3.783345183990962255e+02 -4.783356089410706162e-03 -6.555318483436579913e-03
3.783507772067766268e+02 -4.769836084315361505e-03 -6.712357926899090860e-03
3.783670989139197900e+02 -4.753948493647379946e-03 -6.835125890285803467e-03
3.783834441366439592e+02 -4.740775241360012729e-03 -7.046217028896126396e-03
3.784159072557993113e+02 -4.706532086440725487e-03 -7.351372776481233592e-03
3.784320509080422426e+02 -4.689989987199129177e-03 -7.522395398321261688e-03
3.784481447421761118e+02 -4.672597079490875376e-03 -7.736905339029855055e-03
3.784642078167037766e+02 -4.656373833043712246e-03 -7.959553368298304468e-03
3.784802350213483351e+02 -4.640448885472061268e-03 -8.151859270353526907e-03
3.785122837539535112e+02 -4.606683253692468380e-03 -8.577368041739905080e-03
3.785283216717193682e+02 -4.591062284797328870e-03 -8.820045036750398179e-03
3.785443866138366502e+02 -4.576696092692665932e-03 -9.068442497222828358e-03
3.785604983797675231e+02 -4.562301372052207128e-03 -9.347762346623617741e-03
3.785928858175519736e+02 -4.537563408321619238e-03 -9.882151232042309455e-03
3.786091910464593866e+02 -4.526074974148958270e-03 -1.013441922700697093e-02
3.786255332151427524e+02 -4.517445359310826893e-03 -1.037048199986331104e-02
3.786418082352456622e+02 -4.508862020405983960e-03 -1.058099289196934474e-02
3.786741388869202183e+02 -4.498182671094886134e-03 -1.093455983818275926e-02
3.786902332215396427e+02 -4.491321065441881456e-03 -1.105176809875498684e-02
3.787062896618635364e+02 -4.485402355609261101e-03 -1.114249170607121107e-02
3.787223139611168108e+02 -4.486483949268600668e-03 -1.120525631064749929e-02
3.787542240350601901e+02 -4.503545532870232605e-03 -1.128195569924466020e-02
3.787700154556408734e+02 -4.524305902964042246e-03 -1.128743007317971683e-02
3.787858628389013234e+02 -4.553808740336253574e-03 -1.129010632364160945e-02
3.788019238375019313e+02 -4.588721258189877063e-03 -1.126273868918993039e-02
3.788345006597994598e+02 -4.675860439710028370e-03 -1.114962603534855670e-02
3.788506924181724003e+02 -4.714014102836457110e-03 -1.107085896823567853e-02
3.788669136274326092e+02 -4.750078585479222855e-03 -1.097845143021952512e-02
3.788831916384130523e+02 -4.787189484532587518e-03 -1.087700315037940305e-02
3.789158376782285131e+02 -4.860067274454687308e-03 -1.065824900496965995e-02
3.789320316384028615e+02 -4.888799682457868091e-03 -1.054732073108101235e-02
3.789480914548506689e+02 -4.915426302231442647e-03 -1.043726411531186067e-02
3.789640544898672374e+02 -4.944979308900945142e-03 -1.032808039295364175e-02
3.789959028787684474e+02 -4.988036185692796588e-03 -1.010846780764627917e-02
3.790118545662427323e+02 -5.000787520172341426e-03 -1.000184791954464476e-02
3.790278517115121417e+02 -5.012130177548581797e-03 -9.897656937713605885e-03
3.790438979891840745e+02 -5.021716754639392495e-03 -9.802724112896052389e-03
3.790600159089192402e+02 -5.026087408721175223e-03 -9.763473762948164658e-03
3.790924233863469226e+02 -5.029345862033221017e-03 -9.628295263932386619e-03
3.791087268347038730e+02 -5.027003853552054931e-03 -9.663365731644875042e-03
3.791250620605237600e+02 -5.025852591543696762e-03 -9.546624328337126666e-03
3.791413389571524135e+02 -5.021024374965379726e-03 -9.467573775850196549e-03
3.791736839153027177e+02 -5.012645620904871389e-03 -9.317543905063395068e-03
3.791897886420526333e+02 -5.003581563851912210e-03 -9.245642308948842300e-03
3.792058616517933274e+02 -4.993915111074037801e-03 -9.176673714526403097e-03
3.792219090418789165e+02 -4.985326219760633296e-03 -9.109762533676143623e-03
3.792540076385732846e+02 -4.959734645465576318e-03 -8.962630518497221796e-03
3.792700708195189918e+02 -4.946902444626153153e-03 -8.879888349854989441e-03
3.792861541083903489e+02 -4.933650161157644883e-03 -8.799261546849129409e-03
3.793022784577536299e+02 -4.920445517168929063e-03 -8.722632038429907822e-03
3.793346548524605168e+02 -4.894734585249240107e-03 -8.634612517227647707e-03
3.793509285800972179e+02 -4.880251722681231211e-03 -8.676892003841711956e-03
3.793672636251729955e+02 -4.864207955139373575e-03 -8.735058301615208909e-03
3.793835979368139988e+02 -4.850528736368267362e-03 -8.816433676028122626e-03
3.794160591931780004e+02 -4.816277386662297551e-03 -9.015392723410023401e-03
3.794322110314034830e+02 -4.798819503168259837e-03 -9.085658925134942540e-03
3.794483199862988840e+02 -4.780604959785267685e-03 -9.170472591764348286e-03
3.794644075679635762e+02 -4.762208337161029544e-03 -9.242815800219839756e-03
3.794804667400798621e+02 -4.744161047771719084e-03 -9.322132359619024131e-03
3.795125847071028602e+02 -4.707084747430923845e-03 -9.547870751065034786e-03
3.795286571516336949e+02 -4.688908523700287441e-03 -9.707586584853962822e-03
3.795447605923422429e+02 -4.670565131954288428e-03 -9.868136738819593620e-03
3.795608965304406865e+02 -4.653521348980211789e-03 -1.005708160489541918e-02
3.795933264551668458e+02 -4.620200162071249304e-03 -1.044190556829991540e-02
3.796096430874299585e+02 -4.603294284788720346e-03 -1.062896533686923974e-02
3.796259918117277152e+02 -4.588198793199265747e-03 -1.080762070387976392e-02
3.796422809841395178e+02 -4.571351418889362840e-03 -1.097743639511904352e-02
3.796746501738043662e+02 -4.543350486524384835e-03 -1.128798039892411030e-02
3.796907698640210356e+02 -4.527499508043186446e-03 -1.142078938053577714e-02
3.797068595108201521e+02 -4.512890570889488764e-03 -1.153272811062145027e-02
3.797229396664133105e+02 -4.500599673651997992e-03 -1.161983249888880014e-02
3.797550950541995007e+02 -4.480641431254204707e-03 -1.172811841591652610e-02
3.797711560257178007e+02 -4.473467785353194871e-03 -1.174310878287199676e-02
3.797872305800364074e+02 -4.467109290447213513e-03 -1.175664091565608790e-02
3.798032896791404482e+02 -4.460243114752779348e-03 -1.175714577103341429e-02
3.798354972671023120e+02 -4.456042130987955194e-03 -1.170089555211397715e-02
3.798517063649683791e+02 -4.456632997135290437e-03 -1.164505925316143033e-02
3.798679630741582400e+02 -4.456162770255013041e-03 -1.157231563673347292e-02
3.798842699165493855e+02 -4.459686683435083732e-03 -1.148635045257461601e-02
3.799006244664247447e+02 -4.464098110070225181e-03 -1.138974154315635159e-02
3.799331126205374858e+02 -4.484325119214559174e-03 -1.117945086852979025e-02
3.799492223544041281e+02 -4.499399926498527484e-03 -1.106923365048415216e-02
3.799652448325838918e+02 -4.520738748388871547e-03 -1.095829125545417018e-02
3.799812515450237242e+02 -4.542315661086617634e-03 -1.084426803890404037e-02
3.800131389853563064e+02 -4.592382710232532396e-03 -1.062161672074271417e-02
3.800290853865997178e+02 -4.618941630172983780e-03 -1.055323144007524680e-02
3.800450664989193683e+02 -4.644458494200750381e-03 -1.045337374855771599e-02
3.800610980974531117e+02 -4.671059449852595254e-03 -1.035866730561568229e-02
3.800933669245250712e+02 -4.723838611325362896e-03 -1.014154532526120693e-02
3.801096420853259019e+02 -4.748021436457507127e-03 -1.002274287517755658e-02
3.801259515540570533e+02 -4.771250083106732751e-03 -9.901276282637799103e-03
3.801421937159905156e+02 -4.792103023791750502e-03 -9.782932864076294283e-03
3.801744698437897227e+02 -4.828618270924341788e-03 -9.559269110608042269e-03
3.801905494508048378e+02 -4.841147288657450011e-03 -9.458388960294526054e-03
3.802066036064088053e+02 -4.850884945655435654e-03 -9.353417178685055622e-03
3.802226330096059996e+02 -4.860222328993686440e-03 -9.246514857977431237e-03
3.802547167453343491e+02 -4.870164562689771257e-03 -9.042545585354040336e-03
3.802707760218458475e+02 -4.872235855314595125e-03 -8.940491108343355184e-03
3.802868564811119541e+02 -4.871981288208023474e-03 -8.840844366507016189e-03
3.803029751027493717e+02 -4.871131994115728003e-03 -8.747652761041124075e-03
3.803353415766552530e+02 -4.867277912097746004e-03 -8.556041967934985976e-03
3.803516114502721734e+02 -4.864093979606710742e-03 -8.481521388209158074e-03
3.803679449899633482e+02 -4.857055326127096562e-03 -8.477759904044783121e-03
3.803842751879811317e+02 -4.853158333046568400e-03 -8.595483613221478053e-03
3.804005269213043334e+02 -4.843941570888847525e-03 -8.581673207590009150e-03
3.804328585916631482e+02 -4.827190727917833948e-03 -8.833080656976582609e-03
3.804489522430964712e+02 -4.816730394821286745e-03 -8.904517137998130966e-03
3.804650210829672119e+02 -4.806219354870180580e-03 -8.976777984326961973e-03
3.804810584770212927e+02 -4.795667421810762519e-03 -9.041355322111676793e-03
3.805131364720747911e+02 -4.770680728909777388e-03 -9.274389677540068391e-03
3.805291916894383917e+02 -4.758462982336683980e-03 -9.403365645389325650e-03
3.805452771010440642e+02 -4.745432861369309162e-03 -9.561732322923430921e-03
3.805614021378645475e+02 -4.734016894092839441e-03 -9.741660678242192520e-03
3.805938190026892585e+02 -4.712717164852719964e-03 -1.013893706822148640e-02
3.806101331569030890e+02 -4.703044378600074876e-03 -1.036866029914986463e-02
3.806264744203544979e+02 -4.694088721506284312e-03 -1.061338516680751867e-02
3.806427508208747099e+02 -4.686061964385930534e-03 -1.085564357994683524e-02
3.806750844317011229e+02 -4.673160599087606767e-03 -1.131524099732006926e-02
3.806911847911065934e+02 -4.665681062079220752e-03 -1.151582326483185231e-02
3.807072541086259889e+02 -4.658085036154617671e-03 -1.165933728692741464e-02
3.807232934870511372e+02 -4.652224478788855727e-03 -1.177366310110026550e-02
3.807553810278229207e+02 -4.640090596149200677e-03 -1.191728401829122638e-02
3.807714433311024322e+02 -4.634566702853865072e-03 -1.194884429092889742e-02
3.807875296479252256e+02 -4.627740616087596716e-03 -1.196727908136908242e-02
3.808036567044999288e+02 -4.631631605038537269e-03 -1.195492420477589808e-02
3.808358110088116746e+02 -4.644654623847070153e-03 -1.184335377907996985e-02
3.808519538280072538e+02 -4.660956557282231599e-03 -1.175506733414132324e-02
3.808682194723376142e+02 -4.680710808791078634e-03 -1.165071337403392020e-02
3.808844113212337561e+02 -4.706578486908870318e-03 -1.153386734064322690e-02
3.809006150152452506e+02 -4.728661266361900740e-03 -1.140830945340817748e-02
3.809331568731104198e+02 -4.775157667149106284e-03 -1.114147362497256398e-02
3.809493934774261561e+02 -4.796120042531411623e-03 -1.100705488505918962e-02
3.809654997931608591e+02 -4.811308351094535640e-03 -1.087356205332368556e-02
3.809815222778425436e+02 -4.823308309919709796e-03 -1.074051199940314477e-02
3.810133545007112161e+02 -4.846772848140604682e-03 -1.048668553706570174e-02
3.810292710369981819e+02 -4.854921232930227946e-03 -1.036518894694622717e-02
3.810452307752676120e+02 -4.857969685374218492e-03 -1.025178893396655293e-02
3.810612856492411424e+02 -4.860262959706297681e-03 -1.014483397715240307e-02
3.810936601846297549e+02 -4.861653869698711987e-03 -1.010221356534224922e-02
3.811099921266504111e+02 -4.860590048383955399e-03 -9.849802485582507747e-03
3.811263102454977911e+02 -4.857069393099942671e-03 -9.913179517451286074e-03
3.811425683628245338e+02 -4.852397890909273918e-03 -9.804191465542838949e-03
3.811748988629602763e+02 -4.843133719517521418e-03 -9.651317239789864583e-03
3.811910064941923224e+02 -4.834968889991265832e-03 -9.578384218727198363e-03
3.812070881095129380e+02 -4.825808462698108134e-03 -9.505864721397794953e-03
3.812231424576277732e+02 -4.816876618864317748e-03 -9.436631130856161856e-03
3.812552518313484597e+02 -4.795141106338295101e-03 -9.294986328779142673e-03
3.812713202681802045e+02 -4.784084978351901309e-03 -9.218571343314560865e-03
3.812874112520176482e+02 -4.772603728782682034e-03 -9.145256263421564988e-03
3.813035386697620766e+02 -4.760441814023960022e-03 -9.072030044919231553e-03
3.813359202418595828e+02 -4.736071185434529394e-03 -8.934384817542434867e-03
3.813521939836663250e+02 -4.723131876176380785e-03 -8.895118390990885970e-03
3.813685320514383648e+02 -4.707746140977420342e-03 -8.889964449848151984e-03
3.813848596543952567e+02 -4.695537742482627959e-03 -8.926873247068783934e-03
3.814011204109554001e+02 -4.677763426105248021e-03 -8.994479943759015050e-03
3.814334744174958018e+02 -4.646234382396109523e-03 -9.103718677541609849e-03
3.814495862516510556e+02 -4.628770825647468730e-03 -9.138392805354231610e-03
3.814656790888890328e+02 -4.611669461169729672e-03 -9.144371507328824880e-03
3.814817467372710666e+02 -4.594339820374246201e-03 -9.149170605101963200e-03
3.815138800505687300e+02 -4.559607351875253137e-03 -9.173812012634226937e-03
3.815299634843045737e+02 -4.542574642281458665e-03 -9.210885477434482826e-03
3.815460815631948321e+02 -4.523911679225510289e-03 -9.259237429747062612e-03
3.815622253383806424e+02 -4.507775626355067095e-03 -9.325844452747502483e-03
3.815946640972674686e+02 -4.475195819029133097e-03 -9.482360232551599946e-03
3.816109800091531952e+02 -4.459051457830685156e-03 -9.568740993267982678e-03
3.816273301487962613e+02 -4.442265309513077423e-03 -9.658530172066861000e-03
3.816436181161363947e+02 -4.426856957785354346e-03 -9.746423060781359698e-03
3.816759462304007116e+02 -4.405557890264024008e-03 -9.892214747158161597e-03
3.816919517949705210e+02 -4.401134372309131564e-03 -9.939947352957584359e-03
3.817079342284898757e+02 -4.397929104192654579e-03 -9.972713495501691131e-03
3.817239680328523832e+02 -4.400316413260077671e-03 -9.988392920939418926e-03
3.817400801001863897e+02 -4.407993222810960461e-03 -9.990306626385182451e-03
3.817724144177798848e+02 -4.432256577008809525e-03 -9.948035259837964550e-03
3.817885420777741956e+02 -4.446660656653520470e-03 -9.907333468829142981e-03
3.818046242570470667e+02 -4.460186958971019446e-03 -9.845900620798330588e-03
3.818207361860617652e+02 -4.478656131894953422e-03 -9.779714924515786958e-03
3.818530746072023589e+02 -4.527827894154465641e-03 -9.608933498905573162e-03
3.818692737099560759e+02 -4.556721090901953188e-03 -9.515037873058761198e-03
3.818855298196514809e+02 -4.594936104681090171e-03 -9.414249786244610618e-03
3.819018608098665482e+02 -4.627240051368825338e-03 -9.310624819720701023e-03
3.819342563335849263e+02 -4.695223774145799653e-03 -9.105717249625625009e-03
3.819503173795095563e+02 -4.729443536963995678e-03 -9.007945182346282012e-03
3.819663033245494148e+02 -4.767023370385706921e-03 -8.912424368619149481e-03
3.819822603720795655e+02 -4.799478034949551317e-03 -8.819827759081480534e-03
3.820141236420493556e+02 -4.860569485700939885e-03 -8.654071084386314935e-03
3.820300869024052872e+02 -4.887900051761347522e-03 -8.580403289314714882e-03
3.820460892688047920e+02 -4.911249664240144135e-03 -8.515531335951427930e-03
3.820621610717398084e+02 -4.934325863762848395e-03 -8.455860315951035239e-03
3.820945121832472751e+02 -4.971766104184942650e-03 -8.340860173386102638e-03
3.821108175798999014e+02 -4.986757782971066102e-03 -8.278492583568945046e-03
3.821271396801211608e+02 -4.996286119825744769e-03 -8.212107536487081930e-03
3.821433956793109132e+02 -5.006284742432590834e-03 -8.143644134130673812e-03
3.821757097548564843e+02 -5.015767014493017865e-03 -8.011945435357131773e-03
3.821918118827354078e+02 -5.016581054347649636e-03 -7.941824180524427110e-03
3.822078915064017224e+02 -5.014591754944975124e-03 -7.873992694511984178e-03
3.822239444325080626e+02 -5.010858395375800654e-03 -7.813635300481697882e-03
3.822560478245268882e+02 -4.999746007012612070e-03 -7.686977123708686743e-03
3.822721084896318757e+02 -4.992756969112997420e-03 -7.626121932456883003e-03
3.822881917814002009e+02 -4.985239888006800721e-03 -7.557332443220978954e-03
3.823043063834512623e+02 -4.974516143283351337e-03 -7.492605519540646887e-03
3.823204546278042812e+02 -4.963201769816095836e-03 -7.444345372054204067e-03
3.823529037282751233e+02 -4.940874694705702300e-03 -7.677226978681591166e-03
3.823692293916896574e+02 -4.925679667315265194e-03 -7.675344043220117332e-03
3.823855625798802862e+02 -4.912717103634074017e-03 -7.930279348374591475e-03
3.824018235466641045e+02 -4.893964612266207131e-03 -8.068695019753779202e-03
3.824341466874993785e+02 -4.860069515294517840e-03 -8.345028886361498949e-03
3.824502300175104210e+02 -4.841078157436692550e-03 -8.540588580549143480e-03
3.824662840239768116e+02 -4.823810699859808551e-03 -8.746557056843592623e-03
3.824823007931576058e+02 -4.805623391942051049e-03 -8.872883667394566506e-03
3.825143377300253746e+02 -4.770000980609612543e-03 -9.150471010585702752e-03
3.825303736423116447e+02 -4.754136369151688336e-03 -9.280018064308342626e-03
3.825464435985991258e+02 -4.738129851931218058e-03 -9.417942067899915184e-03
3.825625596070348706e+02 -4.724575690542615232e-03 -9.554769487882794343e-03
3.825949639172425236e+02 -4.698910277975877278e-03 -9.805695231342281826e-03
3.826112800245979884e+02 -4.688489131489518603e-03 -9.912444887011295433e-03
3.826276197186209060e+02 -4.676989836682308825e-03 -1.000872229364174748e-02
3.826438874044314957e+02 -4.669007735989458806e-03 -1.009326162969971172e-02
3.826600718552153353e+02 -4.660678730986266005e-03 -1.016186045121534980e-02
3.826923006622007506e+02 -4.644111232185262582e-03 -1.024603608092590837e-02
3.827083666198637957e+02 -4.633212769036489272e-03 -1.026271810609150244e-02
3.827244001369631405e+02 -4.631586847327021084e-03 -1.026656310707100249e-02
3.827403760345675323e+02 -4.643790912012950474e-03 -1.026239571613268842e-02
3.827719494075636248e+02 -4.678838096849957141e-03 -1.023151662993040945e-02
3.827878895899908116e+02 -4.711004850950216948e-03 -1.020687646014029233e-02
3.828040745710418378e+02 -4.750050354981548949e-03 -1.016407478871228683e-02
3.828203739519301507e+02 -4.794639321869794552e-03 -1.010843041389163088e-02
3.828527795173204140e+02 -4.866334592884383019e-03 -9.968866970211402376e-03
3.828690275335532078e+02 -4.900214428927944336e-03 -9.887543979672409541e-03
3.828852913715863906e+02 -4.942136372233296888e-03 -9.799522752253224736e-03
3.829016145518087910e+02 -4.972539899441389202e-03 -9.710062990586233039e-03
3.829340630815420923e+02 -5.027655049896506863e-03 -9.523257549486196377e-03
3.829501119001965890e+02 -5.048691656596471754e-03 -9.430589927566511085e-03
3.829660796884218712e+02 -5.071415113196598920e-03 -9.338793113935782431e-03
3.829820251662945338e+02 -5.086307637235570715e-03 -9.247163378836390293e-03
3.830139279412290989e+02 -5.105602383553709510e-03 -9.072053587499066818e-03
3.830299315276936341e+02 -5.111516975755686296e-03 -9.136488680499413664e-03
3.830459852396145379e+02 -5.113707587351856709e-03 -8.945426776903738636e-03
3.830621042976345052e+02 -5.113972297216122856e-03 -8.995529292849519312e-03
3.830945167309450881e+02 -5.109503067197187533e-03 -8.827075804509166082e-03
3.831108327616992142e+02 -5.105592792506112761e-03 -8.759226747018998907e-03
3.831271639305950316e+02 -5.098538152697841899e-03 -8.685061506909889928e-03
3.831434283591464123e+02 -5.093036166852967644e-03 -8.609092049104587197e-03
3.831757502721579272e+02 -5.077715289055680439e-03 -8.466460317590658938e-03
3.831918515228036881e+02 -5.067369544416128885e-03 -8.396571608281409860e-03
3.832079292685195924e+02 -5.054559599409335670e-03 -8.326069616992438222e-03
3.832239779687222381e+02 -5.041123256721148464e-03 -8.252561326486523852e-03
3.832400301313460886e+02 -5.026949823127027650e-03 -8.174825972594723655e-03
3.832721558054730053e+02 -4.997394927521730916e-03 -8.014992926457175162e-03
3.832882492246451420e+02 -4.983063755542489065e-03 -7.935259084814343111e-03
3.833043806637399484e+02 -4.966907006306168701e-03 -7.862654309442652228e-03
3.833205498509159952e+02 -4.950067151695489338e-03 -7.799626308676456399e-03
3.833530476529907105e+02 -4.918597181261739372e-03 -7.789640021764948803e-03
3.833693922981379956e+02 -4.900626565599190687e-03 -7.865764258703047615e-03
3.833857161200186852e+02 -4.884506477975507528e-03 -7.969580552507607787e-03
3.834019780954116072e+02 -4.863207682602508838e-03 -8.080702278681434203e-03
3.834343262895192765e+02 -4.825400370343830778e-03 -8.291617612548153951e-03
3.834504363155180044e+02 -4.804649556882851710e-03 -8.386823269665317701e-03
3.834665274313024952e+02 -4.784560908409690554e-03 -8.442979430325346299e-03
3.834825931830018249e+02 -4.763829450580834603e-03 -8.530822420550025764e-03
3.835147222212598308e+02 -4.722162696885448888e-03 -8.725621933863409591e-03
3.835308034820924945e+02 -4.701911859177512580e-03 -8.871279767177064207e-03
3.835469197540351161e+02 -4.680199482172675389e-03 -9.025959598737236939e-03
3.835630663339214266e+02 -4.661306640452327066e-03 -9.205311255528763822e-03
3.835955141142318325e+02 -4.622970898672438232e-03 -9.586138770356149655e-03
3.836118368386101452e+02 -4.605561080569733380e-03 -9.768894140288661085e-03
3.836281865707426846e+02 -4.585883062845665104e-03 -9.952051055422591816e-03
3.836444650615202363e+02 -4.568938979150338753e-03 -1.011036418693348100e-02
3.836606689864223654e+02 -4.553159235045569145e-03 -1.025856069847747541e-02
3.836927931897871531e+02 -4.538348725637637859e-03 -1.046164933683681186e-02
3.837087716195772487e+02 -4.533517535423777292e-03 -1.052434362511775121e-02
3.837248111792465579e+02 -4.534723444816282818e-03 -1.056379135376845670e-02
3.837409425579829190e+02 -4.541923184804747687e-03 -1.058427925230076561e-02
3.837732768025410337e+02 -4.563331371051587357e-03 -1.058484474768051943e-02
3.837893724847886006e+02 -4.575151169139766820e-03 -1.056450915518714929e-02
3.838054346971460404e+02 -4.585556698007032563e-03 -1.052670265148007711e-02
3.838215100305690726e+02 -4.599038165977316697e-03 -1.048028832496434616e-02
3.838537706667033831e+02 -4.641182966062450295e-03 -1.035293879573117616e-02
3.838699557935301527e+02 -4.663419172066140227e-03 -1.027724710920435020e-02
3.838862118897772007e+02 -4.693195022473324249e-03 -1.018744737927723167e-02
3.839025457032302029e+02 -4.720323574132764995e-03 -1.009395328445129511e-02
3.839349656179656449e+02 -4.783223447790464072e-03 -9.899968263099551136e-03
3.839510322709666070e+02 -4.817202562794984690e-03 -9.804207743286188353e-03
3.839670177804129594e+02 -4.853861825906167354e-03 -9.713635332355927479e-03
3.839829738198823748e+02 -4.887155842166275750e-03 -9.629473660455710460e-03
3.840148209547715510e+02 -4.954069193314806184e-03 -9.464793872812602565e-03
3.840307774505699285e+02 -4.985296897206973818e-03 -9.383124815664214621e-03
3.840467720178703530e+02 -5.013123846207593118e-03 -9.303152903139585983e-03
3.840628415969857201e+02 -5.041308640804020511e-03 -9.227763064440813734e-03
3.840951890146906749e+02 -5.089868491538589342e-03 -9.088800823956501296e-03
3.841114929785536560e+02 -5.112177097482939123e-03 -9.022775888052270848e-03
3.841278013618597242e+02 -5.127649891592880003e-03 -8.946695060579776607e-03
3.841440415806027318e+02 -5.145410356131423397e-03 -8.862813986941889960e-03
3.841602058189732816e+02 -5.157652898800316708e-03 -8.781817899074872633e-03
3.841924183871527703e+02 -5.173596375614885473e-03 -8.624827009128538044e-03
3.842084892137107772e+02 -5.176765796029875535e-03 -8.544624334999683171e-03
3.842245355661191297e+02 -5.177157276383819416e-03 -8.461629879321804631e-03
3.842405868932386852e+02 -5.177361398463793327e-03 -8.382421942468959788e-03
3.842727084801304045e+02 -5.171974236220319536e-03 -8.226275783572318048e-03
3.842887985272293463e+02 -5.167942202934334289e-03 -8.151487661871178320e-03
3.843049234077171832e+02 -5.160048825725677482e-03 -8.074346934660105862e-03
3.843210875306658068e+02 -5.151266487450298706e-03 -7.999664168843741152e-03
3.843535718090582236e+02 -5.134679219042697675e-03 -7.892637201583847795e-03
3.843699141376954458e+02 -5.123683132178759661e-03 -7.955750758556586616e-03
3.843862348770348376e+02 -5.112755478678898680e-03 -8.097692030058821835e-03
3.844024894389866631e+02 -5.098261297067776393e-03 -8.188065571318381072e-03
3.844348068643693637e+02 -5.072435513690552907e-03 -8.505917121265164568e-03
3.844508923438777970e+02 -5.057601324514804896e-03 -8.651557238374650571e-03
3.844669572182156116e+02 -5.044465193228048726e-03 -8.764474746308962075e-03
3.844829906815660934e+02 -5.028624009132042112e-03 -8.940507855481755195e-03
3.845150644483540532e+02 -4.996201530793651681e-03 -9.264572543820778772e-03
3.845311195856930340e+02 -4.981241737071082087e-03 -9.421666141957598870e-03
3.845472085941541422e+02 -4.964649828337854703e-03 -9.596555363013757611e-03
3.845633378167268575e+02 -4.951276669428286356e-03 -9.769032589864059049e-03
3.845957658930728371e+02 -4.924446779769002698e-03 -1.013921540176636674e-02
3.846120868541925120e+02 -4.914180564108572118e-03 -1.034384055891169121e-02
3.846284293174203412e+02 -4.902192066952375596e-03 -1.055115691738546004e-02
3.846446956164284074e+02 -4.894065998489552718e-03 -1.075890017398322546e-02
3.846608828291022633e+02 -4.883814251224139792e-03 -1.097242450689793480e-02
3.846931155312652777e+02 -4.865954814818699084e-03 -1.135007945090162583e-02
3.847091858205342874e+02 -4.856333321497122331e-03 -1.150163968058005859e-02
3.847252259889710899e+02 -4.847378469033268231e-03 -1.165141628646156925e-02
3.847412702958922637e+02 -4.839972441490261561e-03 -1.174531953541145188e-02
3.847733878723296925e+02 -4.824053061866355810e-03 -1.186987692838639870e-02
3.847894819097094796e+02 -4.817020591350478116e-03 -1.188861363945455975e-02
3.848056127382413933e+02 -4.810681751796426139e-03 -1.189166253058405488e-02
3.848217885978044706e+02 -4.808765898588170454e-03 -1.187185889563132507e-02
3.848539093280584780e+02 -4.833734544703367601e-03 -1.175712141011309858e-02
3.848701073159143107e+02 -4.854622291407937988e-03 -1.166975345156589725e-02
3.848862730192557251e+02 -4.880101678334428962e-03 -1.156808861191810367e-02
3.849024170655088142e+02 -4.908552418150370286e-03 -1.145665147858625395e-02
3.849348348725784490e+02 -4.969804120063711986e-03 -1.120648763386810146e-02
3.849511129682494470e+02 -4.996523979363046500e-03 -1.107396433621584374e-02
3.849672682407080515e+02 -5.018715673601678758e-03 -1.094009418287237266e-02
3.849833281089055390e+02 -5.031874215370584630e-03 -1.080562445123128476e-02
3.850151814643738817e+02 -5.058871978878032825e-03 -1.054457670824764971e-02
3.850310899175073018e+02 -5.069982027889770142e-03 -1.041802987844693898e-02
3.850470377058014151e+02 -5.074156408404218235e-03 -1.029783475759252394e-02
3.850630653973556718e+02 -5.077928760499356847e-03 -1.018396909125464031e-02
3.850954092444299022e+02 -5.075538871352559649e-03 -1.007199880318310203e-02
3.851117375272125969e+02 -5.074248431183261791e-03 -9.906682507230429521e-03
3.851280453330600722e+02 -5.068870610045865879e-03 -9.899196190924584166e-03
3.851442844427394903e+02 -5.064854787370389085e-03 -9.786142278120505203e-03
3.851604582272070729e+02 -5.056770383773177661e-03 -9.697936599484908646e-03
3.851926978624681510e+02 -5.037045960056404578e-03 -9.524147761964247075e-03
3.852087812937605236e+02 -5.024378678682359795e-03 -9.435501248256344953e-03
3.852248393325568259e+02 -5.011341164914513355e-03 -9.350733433995483609e-03
3.852408962513788993e+02 -4.999155945754665473e-03 -9.264850963965674466e-03
3.852730218863355276e+02 -4.972701173987110687e-03 -9.091961834016842534e-03
3.852891178889652224e+02 -4.960090669971161347e-03 -9.004034093062716557e-03
3.853052483476745351e+02 -4.944622575534278301e-03 -8.927304548290366723e-03
3.853214210945270111e+02 -4.928512907537244483e-03 -8.859789721406940988e-03
3.853539221375826287e+02 -4.898204794003270003e-03 -8.739913855336817194e-03
3.853702676424709921e+02 -4.881797105952891645e-03 -8.719153009936215365e-03
3.853865882764204684e+02 -4.865532593742252082e-03 -8.726934204073374945e-03
3.854028493464548433e+02 -4.845530211689787030e-03 -8.772389906192966380e-03
3.854351976626969645e+02 -4.809095431378111393e-03 -8.875099997661221873e-03
3.854513101789157759e+02 -4.789520655586824646e-03 -8.921297098016639851e-03
3.854674061815024402e+02 -4.770998582898321877e-03 -8.939684259814527356e-03
3.854834799932436908e+02 -4.750771055256543252e-03 -8.942662848990912822e-03
3.855156214838371511e+02 -4.711474665472955604e-03 -8.945066849781949450e-03
3.855317104601929259e+02 -4.692571118918608883e-03 -8.964788357275876862e-03
3.855478338472804580e+02 -4.671604123802234297e-03 -8.994224627278871523e-03
3.855639855385038572e+02 -4.653547277878669793e-03 -9.042027741344490360e-03
3.855801850629689511e+02 -4.634000741024484928e-03 -9.100858030625363221e-03
3.856127519800675145e+02 -4.597486679652544768e-03 -9.243495795748655347e-03
3.856291040688333283e+02 -4.575749905807194491e-03 -9.326493654916712811e-03
3.856453877910408892e+02 -4.562367443429978832e-03 -9.414219399047369513e-03
3.856615825081262869e+02 -4.547685073396510319e-03 -9.496089423188414091e-03
3.856936626823110146e+02 -4.533314537354175139e-03 -9.632681733461661774e-03
3.857096695231784338e+02 -4.531387901493637987e-03 -9.677744322186843454e-03
3.857257251234146906e+02 -4.536203375515546546e-03 -9.705294509001261005e-03
3.857418295183272221e+02 -4.547208882349128289e-03 -9.719288139580185490e-03
3.857741288314836083e+02 -4.576933948433776871e-03 -9.702935134688710911e-03
3.857902793960500389e+02 -4.595954888268693160e-03 -9.679174801736519645e-03
3.858064128448179417e+02 -4.614880464934278601e-03 -9.646241130802198777e-03
3.858225272789297833e+02 -4.635630554150998485e-03 -9.592807416304239415e-03
3.858547762186598220e+02 -4.691390567754439092e-03 -9.461102556237057162e-03
3.858709579097530309e+02 -4.720330204662687851e-03 -9.380829410825266418e-03
3.858872300884308402e+02 -4.754462263199528242e-03 -9.292820150252104408e-03
3.859035552210446554e+02 -4.781640482909184191e-03 -9.201677248471058085e-03
3.859358945233105942e+02 -4.840286651903599746e-03 -9.015050300981819476e-03
3.859519468863800284e+02 -4.869789301013537249e-03 -8.922348991655799227e-03
3.859679419805433440e+02 -4.901889139629386598e-03 -8.830088800861907866e-03
3.859838969791499039e+02 -4.928188717020244407e-03 -8.738549582325300796e-03
3.860157709676796003e+02 -4.981820892178461836e-03 -8.566980149776821235e-03
3.860317363952837013e+02 -5.006485673369012214e-03 -8.482099078410696227e-03
3.860477423859586565e+02 -5.027581778310922372e-03 -8.403121122808894505e-03
3.860638174920409824e+02 -5.048630692470620039e-03 -8.328248047350224337e-03
3.860961856682474149e+02 -5.079438105306916321e-03 -8.191742436320353232e-03
3.861124966332762938e+02 -5.093373153301297869e-03 -8.134854741443342876e-03
3.861288191834140093e+02 -5.100398318635252642e-03 -8.094430492553488996e-03
3.861450643889879188e+02 -5.110152364117320246e-03 -8.038253295766691064e-03
3.861612394572190965e+02 -5.112676539585532531e-03 -7.974381243336178468e-03
3.861934678665503498e+02 -5.115790489185937685e-03 -7.842949263798450199e-03
3.862095444082551126e+02 -5.112618459168452589e-03 -7.788485671844914277e-03
3.862255940864396848e+02 -5.107081687169958382e-03 -7.733689169263273724e-03
3.862416438586800496e+02 -5.102275949808331677e-03 -7.686482388733484328e-03
3.862737549167421776e+02 -5.087009858074568840e-03 -7.584485556997930603e-03
3.862898403559355529e+02 -5.079717114548399498e-03 -7.525438291193763292e-03
3.863059558518356766e+02 -5.067291613632357410e-03 -7.464438187741919556e-03
3.863221114155771261e+02 -5.054360138899046707e-03 -7.408168818928456863e-03
3.863545751036558045e+02 -5.028510166017463590e-03 -7.312635336050769298e-03
3.863709110377129718e+02 -5.014170578708787573e-03 -7.283568864972648008e-03
3.863872354789659198e+02 -4.998002412399936770e-03 -7.305135404429609521e-03
3.864034931929721211e+02 -4.979757844058249096e-03 -7.451046670093648336e-03
3.864357982928103752e+02 -4.945060786363677553e-03 -7.640772699562451906e-03
3.864518715998756875e+02 -4.926420320547978716e-03 -7.788818907060242325e-03
3.864679203486153369e+02 -4.910772164108389952e-03 -7.818294726234098838e-03
3.864839325174305031e+02 -4.891803525559055600e-03 -7.952077943879096514e-03
3.865159642785989718e+02 -4.858083437202548489e-03 -8.068287611498047018e-03
3.865319985697142329e+02 -4.843283087523686525e-03 -8.136856218659631670e-03
3.865480703353197782e+02 -4.828542853713465276e-03 -8.191139667247382405e-03
3.865641860543451571e+02 -4.817018137261726458e-03 -8.252286947591636404e-03
3.865803631440927575e+02 -4.804742508673381061e-03 -8.300922441736757057e-03
3.866129229450638718e+02 -4.783962932764014575e-03 -8.403683129477063085e-03
3.866292605423943769e+02 -4.773926539901847572e-03 -8.455321673214210090e-03
3.866455136643609762e+02 -4.768579139505081319e-03 -8.506983638022864655e-03
3.866616938826645082e+02 -4.759632966923234808e-03 -8.551491518348355164e-03
3.866939079264976158e+02 -4.747192491517506288e-03 -8.624295350694035148e-03
3.867099705918205359e+02 -4.739124896729406816e-03 -8.651728860666608317e-03
3.867260058258127060e+02 -4.731386514628868785e-03 -8.674370374445782364e-03
3.867420474851506356e+02 -4.724848306099250356e-03 -8.692350216232439669e-03
3.867741626063153717e+02 -4.708870273875656078e-03 -8.713866105583915542e-03
3.867902600846712176e+02 -4.705546272618732831e-03 -8.718506126413951354e-03
3.868063676952134529e+02 -4.708907208507875919e-03 -8.712750942344721361e-03
3.868224556554338278e+02 -4.717482039344773372e-03 -8.697136034991132664e-03
3.868546819461845985e+02 -4.745728641919423271e-03 -8.645087907220442083e-03
3.868709818093014405e+02 -4.766561764989296623e-03 -8.607010193168623466e-03
3.868872454516622383e+02 -4.790566893869102442e-03 -8.564681876656318055e-03
3.869035121214787978e+02 -4.815997252962209152e-03 -8.518464398588552686e-03
3.869360950355462592e+02 -4.873443444362079990e-03 -8.412635669504012897e-03
3.869523317497839798e+02 -4.900980611837062878e-03 -8.357088708661109325e-03
3.869684371038949280e+02 -4.924919690171948930e-03 -8.299228243890422255e-03
3.869844703261062477e+02 -4.943594446241982542e-03 -8.240021868208010844e-03
3.870004058791973875e+02 -4.963340774848041745e-03 -8.179700511256736417e-03
3.870322020466315962e+02 -4.999553929488858607e-03 -8.056498514164553426e-03
3.870481578548334483e+02 -5.009256604976209011e-03 -8.065864845545575243e-03
3.870641859949579953e+02 -5.019517086305173327e-03 -8.019738536702670367e-03
3.870803015858590470e+02 -5.024276684857575427e-03 -7.988109321331066104e-03
3.871128271313771734e+02 -5.029012836536632738e-03 -7.933761364384551290e-03
3.871291293774101518e+02 -5.027177698663013589e-03 -7.892504768824876865e-03
3.871453531923943956e+02 -5.026294551606894437e-03 -7.844678046333907959e-03
3.871615155507118970e+02 -5.020256269541324007e-03 -7.792665541037468134e-03
3.871937230330990474e+02 -5.005054831433873239e-03 -7.684994359708111067e-03
3.872097954709979604e+02 -4.993061200015333316e-03 -7.630237403634411268e-03
3.872258429862773141e+02 -4.980248858803995420e-03 -7.577237050584466858e-03
3.872418968380681008e+02 -4.968262284580140034e-03 -7.534185571045819672e-03
3.872740240506470286e+02 -4.940450913509879596e-03 -7.432491421169567375e-03
3.872901208004597038e+02 -4.927777213838934779e-03 -7.379157500790052560e-03
3.873062536591528442e+02 -4.911394812144730289e-03 -7.322160832549050834e-03
3.873224312423669744e+02 -4.895009602768463260e-03 -7.270657953513117236e-03
3.873549499355739272e+02 -4.863397461341067984e-03 -7.272595866867056190e-03
3.873713047831259360e+02 -4.847820123906921262e-03 -7.379397686202764962e-03
3.873876168460928398e+02 -4.829853787072350274e-03 -7.502401475635330289e-03
3.874038704197700440e+02 -4.810479101425626895e-03 -7.641658922509180114e-03
3.874200585900059082e+02 -4.791209721594619393e-03 -7.769151854257751524e-03
3.874523201249845101e+02 -4.752295702668475619e-03 -7.995017658335044561e-03
3.874684140470876059e+02 -4.733259611367590311e-03 -8.083712607241624881e-03
3.874844895222854007e+02 -4.712276681385786821e-03 -8.184533251635374776e-03
3.875005611348873344e+02 -4.692089116624798342e-03 -8.293084417883594961e-03
3.875327291291127381e+02 -4.653735135816346874e-03 -8.563313736243707841e-03
3.875488542289787119e+02 -4.633337378021137355e-03 -8.731969279830411462e-03
3.875650093479965221e+02 -4.615585055694744997e-03 -8.905428845249897807e-03
3.875812110898064020e+02 -4.595780001688392312e-03 -9.089755774199440377e-03
3.876137847170163013e+02 -4.558117263209234341e-03 -9.465972269909573439e-03
3.876301517447327001e+02 -4.543301377538569441e-03 -9.641343916636051919e-03
3.876464347170576730e+02 -4.533333876055848158e-03 -9.803170905931930107e-03
3.876625992754213712e+02 -4.524590617698699690e-03 -9.948166008707997471e-03
3.876946296753052366e+02 -4.545470373390568704e-03 -1.015608189132117742e-02
3.877105902333493077e+02 -4.566031806857958827e-03 -1.021474144249213956e-02
3.877265803556528567e+02 -4.595515613030866191e-03 -1.024703767429903378e-02
3.877425775006594222e+02 -4.633614009422840421e-03 -1.025519366780338129e-02
3.877748410375294270e+02 -4.720503373076104757e-03 -1.022515818880338941e-02
3.877910402027420105e+02 -4.767153211765382675e-03 -1.018722542473842960e-02
3.878072032119052892e+02 -4.813269272197310926e-03 -1.014439200799090342e-02
3.878232895912352660e+02 -4.860103704533943504e-03 -1.007896923109027898e-02
3.878554386764438391e+02 -4.964270177667268712e-03 -9.915386872514531102e-03
3.878715946764878595e+02 -5.013674089352978223e-03 -9.818033345890698343e-03
3.878878593177005314e+02 -5.065093634298669691e-03 -9.711911748796936070e-03
3.879041656593672087e+02 -5.106790499561323672e-03 -9.606461765716665588e-03
3.879203535491141679e+02 -5.150527587157646518e-03 -9.497522963371146307e-03
3.879524602048878137e+02 -5.228007454898367899e-03 -9.292119251731180765e-03
3.879684359444111124e+02 -5.266956915716095554e-03 -9.195055912220282540e-03
3.879843684113679387e+02 -5.297692429009689431e-03 -9.100761099609708249e-03
3.880002976586087584e+02 -5.327402862046181145e-03 -9.007536893543249823e-03
3.880322383504542358e+02 -5.378465869199726759e-03 -8.821667088672003817e-03
3.880482638229174199e+02 -5.398028320986013838e-03 -8.731520691982946197e-03
3.880643586502195035e+02 -5.417733460542521751e-03 -8.645270196404234928e-03
3.880805266343751327e+02 -5.430607763252327282e-03 -8.564135563563866210e-03
3.881130781091072208e+02 -5.451759137079020476e-03 -8.456077546746801690e-03
3.881294036807247494e+02 -5.455593008015018237e-03 -8.397285474757041832e-03
3.881456493397635654e+02 -5.462554482628137649e-03 -8.321682052014502465e-03
3.881618304392300161e+02 -5.461941971859522217e-03 -8.257254901274385314e-03
3.881940575338324493e+02 -5.460495356194122914e-03 -8.091430623630515434e-03
3.882101341700834496e+02 -5.454602903658765239e-03 -8.025166141675097245e-03
3.882261810628515946e+02 -5.446699880429528053e-03 -7.960383546611413813e-03
3.882422282166205036e+02 -5.440029132002689033e-03 -7.899049797463860573e-03
3.882743425195050690e+02 -5.419707486972868450e-03 -7.782040328850866294e-03
3.882904319862046236e+02 -5.410155512173594160e-03 -7.716590127300335805e-03
3.883065561517220772e+02 -5.395578548576586767e-03 -7.651897941471036066e-03
3.883227227176074621e+02 -5.381195188109232259e-03 -7.589987966772132263e-03
3.883552157530189675e+02 -5.353418411521555093e-03 -7.516524728675495065e-03
3.883715639495044911e+02 -5.340477582939050054e-03 -7.625483851866575284e-03
3.883878775607142870e+02 -5.324144233773287459e-03 -7.742882403643214749e-03
3.884041290643758089e+02 -5.308811569662615776e-03 -7.935290306710111527e-03
3.884203055394846729e+02 -5.292674988122078768e-03 -8.139563580803196169e-03
3.884525107287445849e+02 -5.260882253292595810e-03 -8.499824543428003559e-03
3.884685668189179069e+02 -5.247132113041008683e-03 -8.728569670997859964e-03
3.884845922849466433e+02 -5.228030913351974611e-03 -8.892604845446398787e-03
3.885006180327908396e+02 -5.210668819466076490e-03 -9.121411409003642862e-03
3.885326997457210041e+02 -5.178492837738992577e-03 -9.478264272073813265e-03
3.885487853503635165e+02 -5.162133308645839962e-03 -9.663166135444054353e-03
3.885649135346889693e+02 -5.149529714313679299e-03 -9.848629347888323421e-03
3.885811018654521831e+02 -5.135676684867143509e-03 -1.005355431668455111e-02
3.886136789324415304e+02 -5.112043319467442226e-03 -1.046314991545318346e-02
3.886300188649653933e+02 -5.100404434619034560e-03 -1.068193931933951631e-02
3.886462713481435571e+02 -5.092680504864711272e-03 -1.090589163813186942e-02
3.886624575915802211e+02 -5.080091171909920447e-03 -1.111958653371719619e-02
3.886946785790165109e+02 -5.062141804656253123e-03 -1.152676819140021486e-02
3.887107456990028140e+02 -5.051855418066479066e-03 -1.169096943306329600e-02
3.887267849249384994e+02 -5.041896703895857972e-03 -1.183256136716304661e-02
3.887428312491435918e+02 -5.033834803710636289e-03 -1.196425602711483939e-02
3.887749545889029150e+02 -5.014642691600005274e-03 -1.212858003126201546e-02
3.887910538921676675e+02 -5.006831698625942469e-03 -1.218171954335007558e-02
3.888071889231109139e+02 -4.995566721449972575e-03 -1.219173592085954702e-02
3.888233684304351527e+02 -4.985018401504205665e-03 -1.218347154343834247e-02
3.888558870382688610e+02 -4.966753671430483227e-03 -1.208247674431605495e-02
3.888722405541819285e+02 -4.966604035168542021e-03 -1.199800506418297746e-02
3.888884525734931685e+02 -4.969152949458910049e-03 -1.189668971554456479e-02
3.889045774781783393e+02 -4.978173921676043445e-03 -1.178278189387043338e-02
3.889206497557717057e+02 -4.992595524547402755e-03 -1.166071712632757093e-02
3.889528708517996733e+02 -5.025283355854133667e-03 -1.139969138194855611e-02
3.889690924002898669e+02 -5.048681899868295506e-03 -1.126017575594814857e-02
3.889853037470180084e+02 -5.069873209007968833e-03 -1.111898651215278977e-02
3.890014323171110391e+02 -5.085844132856180873e-03 -1.097840493189105454e-02
3.890334951253865370e+02 -5.110482578370263533e-03 -1.070761137785440631e-02
3.890494678795131449e+02 -5.118505624987995141e-03 -1.058172954314481537e-02
3.890654499196469374e+02 -5.130059819318504716e-03 -1.046896933300442770e-02
3.890814952653761907e+02 -5.133424399544180006e-03 -1.036633595619290173e-02
3.891138613319782849e+02 -5.135059429011681192e-03 -1.019512195927818089e-02
3.891301738849559229e+02 -5.134760304708728233e-03 -1.010061500050365990e-02
3.891464066579903829e+02 -5.132305071862890838e-03 -1.002214407028779834e-02
3.891625554994342906e+02 -5.128590538266441547e-03 -9.919851663305489023e-03
3.891947095964649748e+02 -5.118764817557287100e-03 -9.727228292688398781e-03
3.892107553442550056e+02 -5.109833751723615904e-03 -9.630669612029709586e-03
3.892267816750166958e+02 -5.100395143613422125e-03 -9.533998169568796630e-03
3.892428257042381574e+02 -5.091877557767992245e-03 -9.437819443681522147e-03
3.892749527088403170e+02 -5.068923510975477560e-03 -9.251605421892204750e-03
3.892910516351857950e+02 -5.058403227641714885e-03 -9.157029352058211266e-03
3.893071870604373999e+02 -5.044116272651996864e-03 -9.065953326818832272e-03
3.893233674301120573e+02 -5.030288278688063025e-03 -8.975054639745464607e-03
3.893558891683809975e+02 -5.001961584443276841e-03 -8.837701882338079226e-03
3.893722427039668901e+02 -4.988868929258810994e-03 -8.764596720646116931e-03
3.893885508476303130e+02 -4.971248954036184414e-03 -8.730809497134211367e-03
3.894047984719635451e+02 -4.954494091242194614e-03 -8.719732219923939306e-03
3.894209850565486590e+02 -4.935861519811943210e-03 -8.749708332140785499e-03
3.894532387512700780e+02 -4.899013428439152884e-03 -8.881620127703106563e-03
3.894693298714146863e+02 -4.881224425463250548e-03 -8.952961536068646670e-03
3.894854047471810645e+02 -4.860449997931624681e-03 -9.015534458467016482e-03
3.895014758805965016e+02 -4.840783115687453952e-03 -9.047117368302836499e-03
3.895336471401200242e+02 -4.802456185629373070e-03 -9.067279773471706092e-03
3.895497743874830689e+02 -4.782216522235464666e-03 -9.082061617172896770e-03
3.895659334357353032e+02 -4.764222738484941849e-03 -9.120884726624502864e-03
3.895821360190973905e+02 -4.743686757621897072e-03 -9.181011010399097588e-03
3.896147110936091735e+02 -4.704128335013759050e-03 -9.344307397213069341e-03
3.896310612948398102e+02 -4.683130928102000393e-03 -9.445042243758994607e-03
3.896473395126365631e+02 -4.665125924605849350e-03 -9.548530199822567732e-03
3.896635646094446201e+02 -4.645391266292456418e-03 -9.658372374635482496e-03
3.896957669000383930e+02 -4.619566253563855973e-03 -9.849525944507215094e-03
3.897117138289808054e+02 -4.617187712712090761e-03 -9.922545679692669832e-03
3.897276297597878738e+02 -4.617742317377037178e-03 -9.977724413287267571e-03
3.897436156636990177e+02 -4.629678455569133551e-03 -1.001465553984725969e-02
3.897758863645582892e+02 -4.670078823077463206e-03 -1.004454320216491975e-02
3.897920878588973892e+02 -4.695796793770291161e-03 -1.004718612941211432e-02
3.898082695934515414e+02 -4.720861100305614316e-03 -1.002615598461393046e-02
3.898244156806440515e+02 -4.742508943080114316e-03 -9.989040382990466843e-03
3.898405418502051134e+02 -4.768127918035830123e-03 -9.936220025694941782e-03
3.898729017814584950e+02 -4.830054233848793052e-03 -9.790309714432843258e-03
3.898891675764754723e+02 -4.861460645504333752e-03 -9.702172814554719041e-03
3.899054889216399147e+02 -4.890527345542478727e-03 -9.609505004096234593e-03
3.899217516365503684e+02 -4.917096756298781554e-03 -9.512888692998424864e-03
3.899540204556959679e+02 -4.976085034097909275e-03 -9.319067623700732009e-03
3.899700410589582020e+02 -5.005994791983799444e-03 -9.221453078889470592e-03
3.899860298819088484e+02 -5.032390637724419580e-03 -9.123178153472530708e-03
3.900019612829374296e+02 -5.062863308178972704e-03 -9.024960884492134322e-03
3.900338603070298973e+02 -5.117905399395469672e-03 -8.841093847320397395e-03
3.900498740998945664e+02 -5.140932803242608679e-03 -8.756854789931496630e-03
3.900659344228108125e+02 -5.165438111739799332e-03 -8.677311449101710733e-03
3.900820704589557977e+02 -5.186417669825055254e-03 -8.599086469738236732e-03
3.901145910337222062e+02 -5.221486000025935860e-03 -8.453019256204214946e-03
3.901309007943507936e+02 -5.234984808149063980e-03 -8.380486407282432965e-03
3.901471207193279724e+02 -5.247181747967233356e-03 -8.305828365864983617e-03
3.901632834641772547e+02 -5.254016028612119860e-03 -8.227886435189077710e-03
3.901954681865325938e+02 -5.265622717741171369e-03 -8.075436528443663900e-03
3.902115322693637722e+02 -5.265335463918064014e-03 -8.006399982331092319e-03
3.902275759942256741e+02 -5.262621668177008827e-03 -7.950541674223194841e-03
3.902436278253674118e+02 -5.260271924127575202e-03 -7.873045901358741508e-03
3.902757535399189806e+02 -5.247807919891695101e-03 -7.732600296296279242e-03
3.902918505077420832e+02 -5.241651000277452489e-03 -7.659208980013308167e-03
3.903079735266438774e+02 -5.230402804083673224e-03 -7.588449965220349543e-03
3.903241383704202008e+02 -5.218941128832121565e-03 -7.523535209380906308e-03
3.903403512790853824e+02 -5.206755041385080669e-03 -7.465144564907570321e-03
3.903729632661254527e+02 -5.183057736074806604e-03 -7.437900026021379389e-03
3.903892874925768979e+02 -5.166763587019462117e-03 -7.458018234714098270e-03
3.904055445971588938e+02 -5.153139458050706029e-03 -7.516193834263407494e-03
3.904217331801160071e+02 -5.137495389462212216e-03 -7.574865825272437264e-03
3.904539405433466186e+02 -5.102798631047161977e-03 -7.724545386472414163e-03
3.904699966186934716e+02 -5.086273693984673210e-03 -7.809560003844097896e-03
3.904860153011819648e+02 -5.064307975213805206e-03 -7.887764098240941657e-03
3.905020238314143057e+02 -5.043938568760971894e-03 -7.976017424875810058e-03
3.905340671803084547e+02 -5.004298329112174051e-03 -8.150558032635316780e-03
3.905501361136470564e+02 -4.985053001169523386e-03 -8.240591303846089150e-03
3.905662442808946935e+02 -4.969544667208213376e-03 -8.332270518859024450e-03
3.905824140850336335e+02 -4.953078802521299062e-03 -8.427835474100420221e-03
3.906149715262839095e+02 -4.924084453095882441e-03 -8.616370127728917652e-03
3.906313097218891812e+02 -4.912210625752557597e-03 -8.714040996648476575e-03
3.906475553746706737e+02 -4.902390626012593719e-03 -8.796796912625672038e-03
3.906637322623720365e+02 -4.890874850472563817e-03 -8.874832962522890417e-03
3.906959187985606263e+02 -4.876309382895384348e-03 -8.992837929300506392e-03
3.907119658838644796e+02 -4.868588328887027937e-03 -9.040175008017249311e-03
3.907279816485648780e+02 -4.861963535673028032e-03 -9.077805168831002552e-03
3.907440052469614216e+02 -4.856670725422942633e-03 -9.110408127367790321e-03
3.907600402764009004e+02 -4.849922616780001638e-03 -9.136517099194612843e-03
3.907921747149921998e+02 -4.836548500902086711e-03 -9.167907897273947296e-03
3.908083056808064271e+02 -4.826815395076176560e-03 -9.168904318698432518e-03
3.908244848570915906e+02 -4.818354756841926323e-03 -9.159229289559880915e-03
3.908407205844561645e+02 -4.810948953296174425e-03 -9.136324750906100675e-03
3.908733437432073288e+02 -4.808740711822137408e-03 -9.061649831452491671e-03
3.908895437765796714e+02 -4.812109931656650443e-03 -9.011787921029681611e-03
3.909056659965482368e+02 -4.819439283690867687e-03 -8.956112236415354755e-03
3.909217720254076198e+02 -4.829447865651343742e-03 -8.898289221587796921e-03
3.909541090498877338e+02 -4.852362784012313225e-03 -8.775466653518006199e-03
3.909703188240861209e+02 -4.864583559325220269e-03 -8.710349084473482939e-03
3.909864703587459758e+02 -4.872903832190999748e-03 -8.642324418197443528e-03
3.910025464067016969e+02 -4.877848240827477484e-03 -8.573451695195450847e-03
3.910345219878010994e+02 -4.881319691824741874e-03 -8.426742979526622226e-03
3.910505165609600908e+02 -4.877782192220386087e-03 -8.354579055188908129e-03
3.910665232154250361e+02 -4.877585364767630417e-03 -8.284846056662173441e-03
3.910826091028851579e+02 -4.871591179963305311e-03 -8.219277410203429043e-03
3.911150595657725830e+02 -4.857052250261399001e-03 -8.196146584863391732e-03
3.911313859095349130e+02 -4.849918498363358331e-03 -8.090792833518982430e-03
3.911476170087968285e+02 -4.842795582419199239e-03 -8.104595400969680230e-03
3.911637750207458453e+02 -4.833925037209442326e-03 -8.081835487032998019e-03
3.911959402700453552e+02 -4.818544709577597326e-03 -7.981532379079140857e-03
3.912119856547328709e+02 -4.809131573223252194e-03 -7.936042972989144906e-03
3.912280079992364676e+02 -4.800138649237422304e-03 -7.887484985871958884e-03
3.912440420864073758e+02 -4.791417395497513283e-03 -7.838333370533887706e-03
3.912600857642312349e+02 -4.781689633738255875e-03 -7.788546339451373618e-03
3.912922349279987770e+02 -4.762979826622149720e-03 -7.698529575214756865e-03
3.913083671941008106e+02 -4.751333160401007526e-03 -7.655124094764081261e-03
3.913245473865456461e+02 -4.740738923947009596e-03 -7.611793055078476880e-03
3.913407859913291986e+02 -4.730987136393764204e-03 -7.585665085075013123e-03
3.913734421917219493e+02 -4.711579313780171578e-03 -7.699202796123852215e-03
3.913897378294661280e+02 -4.697772608813923986e-03 -7.845766442300623755e-03
3.914059661696893500e+02 -4.687327367087401088e-03 -7.999603699898728479e-03
3.914221443616640954e+02 -4.673634240819389031e-03 -8.151600188561390625e-03
3.914543855538332195e+02 -4.645214216397975000e-03 -8.399015551922829614e-03
3.914704698363533453e+02 -4.631626713587230770e-03 -8.490163811825213180e-03
3.914865440406937864e+02 -4.615768237422453353e-03 -8.578459671033026104e-03
3.915026174904280083e+02 -4.601130351713902944e-03 -8.660096145366478343e-03
3.915347982460114622e+02 -4.572940179406628607e-03 -8.885281321764644524e-03
3.915509273529332859e+02 -4.558347641601944236e-03 -9.035374546561700942e-03
3.915670912112607880e+02 -4.544722102519547710e-03 -9.193720363253252842e-03
3.915832950661816767e+02 -4.529295945537190234e-03 -9.373959526344646104e-03
3.916158668701792180e+02 -4.502963459246445144e-03 -9.748737689361219524e-03
3.916322308400937686e+02 -4.490469894243690786e-03 -9.928958700460292081e-03
3.916485142016178429e+02 -4.487234045678891760e-03 -1.009891980978913986e-02
3.916646912345137252e+02 -4.493003162413963976e-03 -1.025197760635305697e-02
3.916807074834325135e+02 -4.511257407034824536e-03 -1.038547365600838400e-02
3.917125885265830902e+02 -4.574439491940118438e-03 -1.055405968098019343e-02
3.917285805613224738e+02 -4.613227312881900202e-03 -1.059826721597996457e-02
3.917446256202302379e+02 -4.661981268861614333e-03 -1.061760140082830886e-02
3.917607954087737312e+02 -4.710457417347632507e-03 -1.061962263875199965e-02
3.917931290341126100e+02 -4.804322873839943740e-03 -1.057202551540977788e-02
3.918092094425693972e+02 -4.848439001730043586e-03 -1.052389997958649501e-02
3.918252242803263812e+02 -4.892724357991861187e-03 -1.046804916952179948e-02
3.918412577072333534e+02 -4.936068031985431717e-03 -1.038904132177691231e-02
3.918735170041301785e+02 -5.023538490307889043e-03 -1.020777767832660790e-02
3.918897949101566951e+02 -5.057791716810078157e-03 -1.010064163688379098e-02
3.919060715654952674e+02 -5.089641291961329896e-03 -9.996265429285271231e-03
3.919222440458766528e+02 -5.120816311094357996e-03 -9.888095949559713368e-03
3.919543342479203716e+02 -5.176133835428881752e-03 -9.677860259519792743e-03
3.919703149262702482e+02 -5.202564106215478920e-03 -9.575478370080967722e-03
3.919862531397109251e+02 -5.222032292232430678e-03 -9.473457301311797793e-03
3.920021998431554380e+02 -5.241333370929196142e-03 -9.373063248388406252e-03
3.920341755042811656e+02 -5.273659222925910356e-03 -9.172431119419977366e-03
3.920502225982714890e+02 -5.286986250461127995e-03 -9.074422740032297985e-03
3.920663321836368596e+02 -5.299645568606605774e-03 -8.983211904765463565e-03
3.920825100849669411e+02 -5.307851326913379762e-03 -8.897295938120445419e-03
3.921150803618373857e+02 -5.318012510890765890e-03 -8.755559428336258387e-03
3.921313992926300784e+02 -5.321679941332491288e-03 -8.702494630003202239e-03
3.921476312214776954e+02 -5.323797239039622202e-03 -8.633782254662518071e-03
3.921638089451603832e+02 -5.321224287496079293e-03 -8.560853740810628332e-03
3.921960171629190199e+02 -5.317571092007234400e-03 -8.405628719066218085e-03
3.922120878737421776e+02 -5.311450408551609756e-03 -8.336150285898617784e-03
3.922281317693908136e+02 -5.304532460847535304e-03 -8.265597231529005565e-03
3.922441813190745847e+02 -5.298091257723856577e-03 -8.199704583586295975e-03
3.922602370469896300e+02 -5.289544033023440076e-03 -8.135019500953175053e-03
3.922924026704673111e+02 -5.271311031877222962e-03 -8.004907831818883213e-03
3.923085336128123117e+02 -5.259547297612612339e-03 -7.940904358639110094e-03
3.923247091486007321e+02 -5.247756538971939250e-03 -7.883832232683884653e-03
3.923409348158595549e+02 -5.235962799337400345e-03 -7.845931523899675811e-03
3.923735707354534270e+02 -5.212626000117413609e-03 -7.998616920764856780e-03
3.923898840537777915e+02 -5.196271559571083616e-03 -8.113804122527136509e-03
3.924061255931200094e+02 -5.184877105053635124e-03 -8.290141740797058248e-03
3.924223055997265419e+02 -5.169621008937608578e-03 -8.427129716381322536e-03
3.924545111142867881e+02 -5.139290166142665081e-03 -8.724955303505994159e-03
3.924705656719179387e+02 -5.125578949544786975e-03 -8.863726096558147485e-03
3.924865948764962127e+02 -5.107258396152209931e-03 -9.049499341132026184e-03
3.925026221489214322e+02 -5.090401385140949121e-03 -9.200212787136102105e-03
3.925347075908083525e+02 -5.058506360382618652e-03 -9.532635800141457671e-03
3.925507985565029685e+02 -5.043086783943825230e-03 -9.710165602739108393e-03
3.925669289070166315e+02 -5.030361970325161920e-03 -9.888292827058072984e-03
3.925831193284917049e+02 -5.017151640475891149e-03 -1.008277343220190247e-02
3.926157118890806146e+02 -4.992090149088914200e-03 -1.050013675530435744e-02
3.926320447800418947e+02 -4.982977166891337968e-03 -1.072608716455618512e-02
3.926482851404674079e+02 -4.973248238341589078e-03 -1.095768193899017418e-02
3.926644659082579096e+02 -4.961944257459320606e-03 -1.119988737893577030e-02
3.926805918072003578e+02 -4.953123453078474292e-03 -1.142595194258812924e-02
3.927127246720647804e+02 -4.938315749353248268e-03 -1.181747222491485831e-02
3.927287547175659483e+02 -4.931370762568884798e-03 -1.197539215618225947e-02
3.927447934906395517e+02 -4.925228444785223654e-03 -1.212676270935250308e-02
3.927608418630128426e+02 -4.918226022851162303e-03 -1.225576717326964417e-02
3.927930050355154208e+02 -4.904500147808916154e-03 -1.243579578226726434e-02
3.928091420749525469e+02 -4.896381086215271031e-03 -1.248462135328337434e-02
3.928253271025732261e+02 -4.889025228580361204e-03 -1.250243639710771001e-02
3.928415658854414687e+02 -4.882027564146375169e-03 -1.249210438552635950e-02
3.928742131936874671e+02 -4.865610370011146102e-03 -1.239765106604349791e-02
3.928905122527278309e+02 -4.855350288828900497e-03 -1.232159219637467100e-02
3.929067390829354167e+02 -4.852471040304829480e-03 -1.223399151606570541e-02
3.929228328736025446e+02 -4.853587488145375169e-03 -1.213560477025070819e-02
3.929547918062432359e+02 -4.865177528719646233e-03 -1.192247059057812385e-02
3.929708196185002294e+02 -4.876350726754910374e-03 -1.180662336531016279e-02
3.929869467675279111e+02 -4.889616009474480503e-03 -1.168614595055761200e-02
3.930031471111514634e+02 -4.905057936276669903e-03 -1.156307893464805260e-02
3.930353694891426812e+02 -4.931373412641069931e-03 -1.131757335140474129e-02
3.930514006239326363e+02 -4.938171711880605559e-03 -1.119887332827721425e-02
3.930674680573872593e+02 -4.945158907758117652e-03 -1.108639814394961516e-02
3.930835475971223900e+02 -4.950766672362674758e-03 -1.097775630734410847e-02
3.931159060838484152e+02 -4.954088688382622327e-03 -1.082295102778965852e-02
3.931322071014550943e+02 -4.955134874659943359e-03 -1.076790699229182580e-02
3.931484420819659817e+02 -4.952616996588452350e-03 -1.067729218920451459e-02
3.931645937746096138e+02 -4.949565052221986672e-03 -1.062580038086918290e-02
3.931806854121451238e+02 -4.949600497650132221e-03 -1.054058717841642456e-02
3.932127559328286566e+02 -4.944354666940005590e-03 -1.037032202671611843e-02
3.932287591657617440e+02 -4.940179801114388640e-03 -1.028084781818737123e-02
3.932447827052428693e+02 -4.935530315855209647e-03 -1.018697833529105638e-02
3.932608243198421860e+02 -4.929582606583763314e-03 -1.009344263371085050e-02
3.932929794074565848e+02 -4.915145809924398486e-03 -9.898096571168555485e-03
3.933091134269272402e+02 -4.905227265530146333e-03 -9.797924160929514029e-03
3.933252948043027004e+02 -4.896338811210216267e-03 -9.695493949584840787e-03
3.933415302341186361e+02 -4.887650834515715539e-03 -9.594792845522589000e-03
3.933741795786698390e+02 -4.868070260202641067e-03 -9.418898619004825029e-03
3.933904764225050030e+02 -4.853666865044431455e-03 -9.355563744069780516e-03
3.934067025553833332e+02 -4.843394120780653705e-03 -9.349208951933109940e-03
3.934228790908520068e+02 -4.829245431195977600e-03 -9.405863077945783926e-03
3.934551105326531797e+02 -4.799022201645864946e-03 -9.549803622190055491e-03
3.934711876532317092e+02 -4.785046129102163252e-03 -9.648411288400649682e-03
3.934872555974378088e+02 -4.768238513597429507e-03 -9.711282828201982589e-03
3.935033230110292948e+02 -4.752351057434239801e-03 -9.769732266091242512e-03
3.935354970500446257e+02 -4.720465033496565842e-03 -9.854117446301421945e-03
3.935516272577154950e+02 -4.704434970255333068e-03 -9.890501800430651774e-03
3.935677928909770458e+02 -4.688999689604178567e-03 -9.940683854405886824e-03
3.935840042771341132e+02 -4.673202201235833984e-03 -1.000923929360831265e-02
3.936002715877961577e+02 -4.655748249005569120e-03 -1.009880262373352537e-02
3.936329407292493556e+02 -4.622161956907845995e-03 -1.031568461016942224e-02
3.936492113138703530e+02 -4.603186925747576250e-03 -1.043243317524817325e-02
3.936654387312252652e+02 -4.589831443603049205e-03 -1.055137007103908522e-02
3.936815788867093602e+02 -4.581864166556531316e-03 -1.066151662202039288e-02
3.937135246169763718e+02 -4.588340350951371910e-03 -1.082634258126320345e-02
3.937294235284327328e+02 -4.601983241381452615e-03 -1.087401995952970782e-02
3.937453907038823218e+02 -4.625292879469380600e-03 -1.090213457884792354e-02
3.937614343612043513e+02 -4.653564696629997402e-03 -1.090943487497714713e-02
3.937938288084794749e+02 -4.732338293954005230e-03 -1.088562625386039172e-02
3.938100353966809735e+02 -4.769020834642913494e-03 -1.085110044646388390e-02
3.938261982107108565e+02 -4.804613746103045778e-03 -1.079285938072349106e-02
3.938423118796168865e+02 -4.840279809483889056e-03 -1.071905462958999689e-02
3.938746415855061969e+02 -4.920351921924647626e-03 -1.053403127268479934e-02
3.938908985695221077e+02 -4.952646708288028707e-03 -1.042675398390769184e-02
3.939072177319943648e+02 -4.988994495862579363e-03 -1.031605251301028099e-02
3.939234774158003916e+02 -5.017821524266830036e-03 -1.020179941943074285e-02
3.939557509284160801e+02 -5.080780771067508472e-03 -9.974805798461593501e-03
3.939717732055011084e+02 -5.110969996844085504e-03 -9.862515370300197273e-03
3.939877582387622397e+02 -5.141815118093525511e-03 -9.748658134739794298e-03
3.940036904953425960e+02 -5.173824618133400846e-03 -9.638378674454429335e-03
3.940355910200688072e+02 -5.231839138333404908e-03 -9.426371492667329904e-03
3.940516080472842759e+02 -5.255475543745197209e-03 -9.326399962151345549e-03
3.940676663156945665e+02 -5.280384979503732409e-03 -9.233157028361889743e-03
3.940837994348090092e+02 -5.302685022257156745e-03 -9.140414674928317579e-03
3.941000200874484563e+02 -5.323233942160261398e-03 -9.050143672837665867e-03
3.941326334560704936e+02 -5.355605461455734129e-03 -8.882464277897810304e-03
3.941488448703859149e+02 -5.366121930177432213e-03 -8.801289986880974844e-03
3.941650011678311785e+02 -5.374885155719144429e-03 -8.718305681722944567e-03
3.941811073101657144e+02 -5.382009061602625009e-03 -8.635983526649992567e-03
3.942132260866877118e+02 -5.387077030108303535e-03 -8.470725873026847125e-03
3.942292605318917253e+02 -5.386393142991352002e-03 -8.387217666216322323e-03
3.942453057144966806e+02 -5.383660215887862456e-03 -8.323046326784948670e-03
3.942613600819938711e+02 -5.378105213864071629e-03 -8.250360733394026050e-03
3.942935295074350961e+02 -5.363316262185348869e-03 -8.102404644435227954e-03
3.943096592665377784e+02 -5.353500458908355512e-03 -8.027537874179840882e-03
3.943258332257120173e+02 -5.342601848583138427e-03 -7.960086559446563625e-03
3.943420550365765962e+02 -5.330830486894296526e-03 -7.896400506113744264e-03
3.943746822995604475e+02 -5.306117029536870297e-03 -7.791568143295041216e-03
3.943910046101348712e+02 -5.289931443236945731e-03 -7.758085999499830625e-03
3.944072509581688450e+02 -5.278228355115882273e-03 -7.778942395360798415e-03
3.944234373416123276e+02 -5.262837030774976561e-03 -7.863431142557390091e-03
3.944556493153360748e+02 -5.230062210257440530e-03 -8.045258533711083584e-03
3.944717050837813304e+02 -5.213364158739003558e-03 -8.149259791334921912e-03
3.944877256816591284e+02 -5.194359746683046945e-03 -8.239741651037739423e-03
3.945037365598771544e+02 -5.175019531215615219e-03 -8.329638257789212172e-03
3.945357857414116438e+02 -5.134623919366466255e-03 -8.523209839455975559e-03
3.945518596428785258e+02 -5.114040944521061442e-03 -8.620735685113449509e-03
3.945679736735762617e+02 -5.096292983889032409e-03 -8.709315206266561582e-03
3.945841512133015385e+02 -5.078008810991367986e-03 -8.804308894417129175e-03
3.946004013675560032e+02 -5.061441649991494512e-03 -8.892326670749574682e-03
3.946330614496695262e+02 -5.031127954890362783e-03 -9.078972919328333335e-03
3.946493011027840794e+02 -5.017355551044854964e-03 -9.174717984836220155e-03
3.946654777147979303e+02 -5.003369621099637565e-03 -9.259477579432854460e-03
3.946815996796605077e+02 -4.991934624268546533e-03 -9.338607915349189312e-03
3.947137211144487310e+02 -4.969891866297949760e-03 -9.464914265943502950e-03
3.947297407071702651e+02 -4.960134979617484077e-03 -9.516847735459098290e-03
3.947457674235619152e+02 -4.950418603517086832e-03 -9.564899739345962895e-03
3.947618054367848117e+02 -4.940101871833160914e-03 -9.605399440834059069e-03
3.947939498400626235e+02 -4.919522422855975019e-03 -9.666371325763777056e-03
3.948100851659951900e+02 -4.908187803377600175e-03 -9.680015397345479583e-03
3.948262710728754428e+02 -4.897442368193396893e-03 -9.680480938412878641e-03
3.948425138943084107e+02 -4.896585510861224157e-03 -9.666931555527615363e-03
3.948750402655782068e+02 -4.895657391718139136e-03 -9.604175205803143142e-03
3.948912446652676067e+02 -4.903864910614346914e-03 -9.558521034131651009e-03
3.949073468799728630e+02 -4.919170847476045556e-03 -9.506739934750686738e-03
3.949234404181095783e+02 -4.934334934150638209e-03 -9.450248046913018243e-03
3.949558068324053011e+02 -4.965460403641410760e-03 -9.328725033044230064e-03
3.949720129059431315e+02 -4.984680988188001927e-03 -9.262261489292166611e-03
3.949881433569206024e+02 -4.995315214969412235e-03 -9.191240868218241919e-03
3.950041847849518035e+02 -5.002099230788871823e-03 -9.119181292904938660e-03
3.950201466070806191e+02 -5.007320962025140973e-03 -9.041370333088395370e-03
3.950520859716623363e+02 -5.006582821185347025e-03 -8.888274675611254269e-03
3.950680966222370785e+02 -5.002950389040070056e-03 -8.815305581766023219e-03
3.950842018476229782e+02 -4.994677134317669284e-03 -8.732557652667099352e-03
3.951004126069632889e+02 -4.986139563054528025e-03 -8.800491200989472157e-03
3.951330497209277155e+02 -4.964549555088316850e-03 -8.667090367559316874e-03
3.951492703348482678e+02 -4.952655723551319805e-03 -8.602642100351252236e-03
3.951654298239358809e+02 -4.939371553962467604e-03 -8.542565372465492704e-03
3.951815439403136452e+02 -4.926986807724423323e-03 -8.504523397836982052e-03
3.952136715718346522e+02 -4.900632544995958337e-03 -8.402966912738387903e-03
3.952297058386045023e+02 -4.887613606833739362e-03 -8.352067712459346205e-03
3.952457506246024082e+02 -4.873726231011885068e-03 -8.301820019196578040e-03
3.952618028396109935e+02 -4.858993405335612983e-03 -8.248593012151193490e-03
3.952939686835686075e+02 -4.831068857091395247e-03 -8.145738349285816873e-03
3.953101066697112742e+02 -4.817084827370986949e-03 -8.087072876181048559e-03
3.953262927217982110e+02 -4.803188206182616021e-03 -8.026616035641276695e-03
3.953425335741487174e+02 -4.789733206358179687e-03 -7.974248738583015680e-03
3.953751917768623798e+02 -4.761573037596764091e-03 -8.011846646997427407e-03
3.953914877347016841e+02 -4.744177169554387487e-03 -8.144624544372581348e-03
3.954077112004308105e+02 -4.730691010812739135e-03 -8.285467010102406243e-03
3.954238862145173812e+02 -4.713793985252698847e-03 -8.439964301898065027e-03
3.954400235638766503e+02 -4.694850851777612397e-03 -8.587022766811060540e-03
3.954722093493454054e+02 -4.660211584746521210e-03 -8.777706059185985676e-03
3.954882832928491894e+02 -4.641775240224673381e-03 -8.857329113648620619e-03
3.955043556204909692e+02 -4.624238014051884789e-03 -8.919207135634982589e-03
3.955204364599846372e+02 -4.607233993139674307e-03 -9.001861659516963501e-03
3.955526720332891273e+02 -4.573421306268012944e-03 -9.212436085135049246e-03
3.955688398675665667e+02 -4.556214068580355207e-03 -9.340382227850762067e-03
3.955850521053880584e+02 -4.539515799651741568e-03 -9.483033547800716334e-03
3.956013178367903720e+02 -4.520041066408183456e-03 -9.632122846712921904e-03
3.956339456731766404e+02 -4.501853288426934351e-03 -9.925164675819397181e-03
3.956501895857381896e+02 -4.500966447213191300e-03 -1.005866441090895805e-02
3.956663262104920022e+02 -4.513189282859678304e-03 -1.017584441931625172e-02
3.956823037797942106e+02 -4.537009300318878974e-03 -1.027003496574730758e-02
3.957141471115480726e+02 -4.610784956896005725e-03 -1.037532794922095200e-02
3.957301345081523323e+02 -4.653916397282156087e-03 -1.039234938554994651e-02
3.957461954331560605e+02 -4.705162631391014705e-03 -1.039120706098332902e-02
3.957623988650332194e+02 -4.756173152142158071e-03 -1.037402651031276574e-02
3.957947134617009510e+02 -4.854912313921755200e-03 -1.029587962652329415e-02
3.958107821042603973e+02 -4.903140144236430367e-03 -1.023249838920472186e-02
3.958267961599618729e+02 -4.951367994508703609e-03 -1.015079690039942008e-02
3.958428309323103349e+02 -4.994928102149265650e-03 -1.006776699029130959e-02
3.958751169669720866e+02 -5.083870125115050147e-03 -9.869192574004068824e-03
3.958914071554674479e+02 -5.116239375165379522e-03 -9.762887647989359693e-03
3.959076838409558832e+02 -5.151868765856730016e-03 -9.656003255836268645e-03
3.959238548792852157e+02 -5.180863651412599170e-03 -9.549722670116930767e-03
3.959559422544737117e+02 -5.238319537959650746e-03 -9.343374410401054930e-03
3.959719189492042801e+02 -5.263266588761440594e-03 -9.245566495664039527e-03
3.959878547808232270e+02 -5.285073258387905197e-03 -9.148181800036571734e-03
3.960038009423097378e+02 -5.304119060451041243e-03 -9.054936811182140097e-03
3.960357757972366812e+02 -5.335557583454877614e-03 -8.871872777934716042e-03
3.960518281229269064e+02 -5.349224505576071972e-03 -8.784700658122005998e-03
3.960679386039841461e+02 -5.360732788722248100e-03 -8.706801096839706516e-03
3.960841188697613120e+02 -5.368884272230037974e-03 -8.637398792309821174e-03
3.961003751380858944e+02 -5.374666804615872359e-03 -8.579283562606178706e-03
3.961330126348087219e+02 -5.380918830778478289e-03 -8.461802259541342450e-03
3.961492355780093817e+02 -5.379522686996794818e-03 -8.394687480118971992e-03
3.961654082815291531e+02 -5.378229222264033563e-03 -8.321774645842936954e-03
3.961815300272186278e+02 -5.375874677710517149e-03 -8.247989549997015654e-03
3.962136729242294564e+02 -5.365153991465533914e-03 -8.115625384671604908e-03
3.962297150168112125e+02 -5.358300319427749744e-03 -8.055199438719075691e-03
3.962457649513261799e+02 -5.349572477673768083e-03 -7.994713590645500037e-03
3.962618218608770917e+02 -5.339580128627093372e-03 -7.937866282371331197e-03
3.962939934386851633e+02 -5.317821570555902357e-03 -7.825048621357069342e-03
3.963101240411712638e+02 -5.306399365250212725e-03 -7.770101901558156866e-03
3.963262992365650348e+02 -5.293853091403810142e-03 -7.721284258695081983e-03
3.963425236032981616e+02 -5.281069982752479436e-03 -7.680728248888011277e-03
3.963751552499205673e+02 -5.254022213972552036e-03 -7.713466891616053978e-03
3.963914719023429143e+02 -5.237505714231126437e-03 -7.893924231732629693e-03
3.964077096504898350e+02 -5.225589599054066871e-03 -8.028317424016686438e-03
3.964238863388469554e+02 -5.209469408818305156e-03 -8.235679446084760366e-03
3.964400116588784613e+02 -5.192158188580693265e-03 -8.391639757238675626e-03
3.964721350233505177e+02 -5.156895717492783818e-03 -8.689423639597326429e-03
3.964881600494816212e+02 -5.137688519013553119e-03 -8.821747231563349667e-03
3.965041831294110466e+02 -5.118381854928839500e-03 -9.035147124261479895e-03
3.965202158482897516e+02 -5.099398481527532903e-03 -9.175299077683093940e-03
3.965523604487635225e+02 -5.065102362397514921e-03 -9.522178971004307407e-03
3.965684952229963187e+02 -5.050345040906527652e-03 -9.701928075425466508e-03
3.965846898261413003e+02 -5.035906822564820660e-03 -9.902982437728295728e-03
3.966009572107747090e+02 -5.022195630765868488e-03 -1.010060241862058283e-02
3.966336220034513644e+02 -4.997001208100771037e-03 -1.055571291836460666e-02
3.966498569824327660e+02 -4.983299005110243020e-03 -1.079730270074664988e-02
3.966660340539019103e+02 -4.970237397456409544e-03 -1.103631552784305019e-02
3.966821566936150703e+02 -4.959744178186558695e-03 -1.128321876583290514e-02
3.967142883948287135e+02 -4.938173050705345866e-03 -1.171005850886818606e-02
3.967303217048956867e+02 -4.929209353647705238e-03 -1.188260093845700839e-02
3.967463630107247354e+02 -4.918860950595701706e-03 -1.202867298751572091e-02
3.967624143026021670e+02 -4.908302171525969447e-03 -1.214653260985175398e-02
3.967945865464764665e+02 -4.886761296539549743e-03 -1.232482588523682067e-02
3.968107247294366857e+02 -4.877111896167926272e-03 -1.238846207918887013e-02
3.968269134483679750e+02 -4.866694042227514422e-03 -1.242990203245721015e-02
3.968431563575243217e+02 -4.856296131266776492e-03 -1.244487733898778058e-02
3.968758089544972449e+02 -4.831810195918123489e-03 -1.239723120890113411e-02
3.968921077746048809e+02 -4.817264346423969293e-03 -1.233939515036786699e-02
3.969083368152669209e+02 -4.804478083035666064e-03 -1.226753187107518239e-02
3.969245197090721149e+02 -4.794632777943372108e-03 -1.218390918050406800e-02
3.969406071119717012e+02 -4.791020173596426297e-03 -1.209203942695541087e-02
3.969724419866012681e+02 -4.796718295213271525e-03 -1.189159337090215512e-02
3.969884157607797874e+02 -4.804124976180647495e-03 -1.177929382512138065e-02
3.970045281546304068e+02 -4.815636083796070652e-03 -1.166754601360317847e-02
3.970207682659190596e+02 -4.829029422241790451e-03 -1.154606749529294221e-02
3.970529646989319303e+02 -4.850383596854411158e-03 -1.130852727776917796e-02
3.970690345025548140e+02 -4.857315784954103523e-03 -1.119519337434144238e-02
3.970851341648976813e+02 -4.862620037032042153e-03 -1.109007251123533822e-02
3.971012797667048062e+02 -4.864320280524550739e-03 -1.102819343422428364e-02
3.971338167876454577e+02 -4.860080862024644503e-03 -1.086108769042117873e-02
3.971500540667732366e+02 -4.857101306981083735e-03 -1.082551317186158241e-02
3.971662039801705077e+02 -4.853070390690949337e-03 -1.072534101082872615e-02
3.971822922417110817e+02 -4.850630171971544516e-03 -1.064141140434135199e-02
3.972143478386782363e+02 -4.841849481601493560e-03 -1.046666948657520857e-02
3.972303443446254505e+02 -4.836108914793683065e-03 -1.037440890284255755e-02
3.972463662192201923e+02 -4.828707005028052418e-03 -1.027973929326487547e-02
3.972624125675281448e+02 -4.820516557322889611e-03 -1.018583385112902494e-02
3.972945827789815780e+02 -4.801039091944766905e-03 -9.996091275655283673e-03
3.973107208758892170e+02 -4.790797406809165632e-03 -9.898851519739368041e-03
3.973269071685477911e+02 -4.780315978383738000e-03 -9.801281467587030088e-03
3.973431457888094087e+02 -4.769677092233187178e-03 -9.702834515643656704e-03
3.973757980963933960e+02 -4.744706354028037365e-03 -9.512622814470194504e-03
3.973920906420113965e+02 -4.729393807267686864e-03 -9.430668102479985992e-03
3.974083083412861015e+02 -4.717452626180760472e-03 -9.365423344219006921e-03
3.974244757592505835e+02 -4.701878041506027395e-03 -9.350085325914478732e-03
3.974406052426260771e+02 -4.684002684670616687e-03 -9.383521604953122888e-03
3.974727737403504761e+02 -4.648810003010451011e-03 -9.551083951758005883e-03
3.974888407374019152e+02 -4.630713537833573527e-03 -9.649590354612998244e-03
3.975049085671544162e+02 -4.612860092982604132e-03 -9.727766321191240809e-03
3.975209864525103853e+02 -4.595127714893168167e-03 -9.789996948213921038e-03
3.975532206957253152e+02 -4.560281476189716361e-03 -9.864191873551456449e-03
3.975693894436109304e+02 -4.542048216949856436e-03 -9.909630908697718635e-03
3.975856057667418213e+02 -4.525114366360679860e-03 -9.977648382689519382e-03
3.976018766783144542e+02 -4.506980266670981145e-03 -1.006766867278130473e-02
3.976345485672113682e+02 -4.471714271219430492e-03 -1.029091352327356906e-02
3.976508155616037357e+02 -4.451248063037894880e-03 -1.041092575860084156e-02
3.976670230305912241e+02 -4.432737951045335328e-03 -1.053823112222932769e-02
3.976831835123156225e+02 -4.420988743265357943e-03 -1.065589673696193049e-02
3.977152656206566235e+02 -4.404405719213440665e-03 -1.084808054298676272e-02
3.977311379865205367e+02 -4.410857658704390311e-03 -1.091557954622092950e-02
3.977470334167409192e+02 -4.422868438408928023e-03 -1.096137859801307561e-02
3.977629777560243269e+02 -4.441566262253451684e-03 -1.098303909769367433e-02
3.977952783364152651e+02 -4.505102766882323681e-03 -1.098306045509940543e-02
3.978115304932655363e+02 -4.540109835038647242e-03 -1.095528053022217646e-02
3.978277571692425454e+02 -4.575657357018609456e-03 -1.090983924383674350e-02
3.978439576702961631e+02 -4.609734456593815588e-03 -1.084718850945617236e-02
3.978601378962475223e+02 -4.644814449630953711e-03 -1.076927013749430680e-02
3.978925737379968268e+02 -4.720349101761755692e-03 -1.058572436253971648e-02
3.979089040860357613e+02 -4.760708589685359350e-03 -1.048472719148987008e-02
3.979251347011215216e+02 -4.792157549100842934e-03 -1.037961793394883390e-02
3.979412623077890885e+02 -4.823092751614264928e-03 -1.027494343032444440e-02
3.979733811124672798e+02 -4.879413934071557928e-03 -1.006488605792685634e-02
3.979893838296080730e+02 -4.911015232367753856e-03 -9.958249952104919825e-03
3.980053334379967964e+02 -4.941627661567630191e-03 -9.856778469521671610e-03
3.980212816065351262e+02 -4.971016491202769408e-03 -9.749415397572663150e-03
3.980532690878594622e+02 -5.024491093400839867e-03 -9.546207664870210233e-03
3.980693213728205819e+02 -5.049449465828979682e-03 -9.456171216135225363e-03
3.980854552017336232e+02 -5.072154402352911130e-03 -9.366325580866936146e-03
3.981016731058689402e+02 -5.095259680337822089e-03 -9.277463169263864759e-03
3.981342701087151568e+02 -5.131238805819261783e-03 -9.102951475745097581e-03
3.981504688939500625e+02 -5.144104209590350321e-03 -9.015557377534080818e-03
3.981666146016160042e+02 -5.157185815206253958e-03 -8.931225128208333808e-03
3.981827061242364607e+02 -5.168380446600432179e-03 -8.846534045917798725e-03
3.982148032401701698e+02 -5.179974173286280674e-03 -8.674024033485020976e-03
3.982308315285096683e+02 -5.184005135757180881e-03 -8.584101862426241764e-03
3.982468725790361077e+02 -5.183729607531353117e-03 -8.490685260957302194e-03
3.982629263991034918e+02 -5.181248708194583982e-03 -8.394452620121534148e-03
3.982951031457080830e+02 -5.170382871222535363e-03 -8.240950806662592984e-03
3.983112385657912569e+02 -5.164940163858546332e-03 -8.138619876509156637e-03
3.983274209840186018e+02 -5.157115537779153984e-03 -8.065704384170681307e-03
3.983436536344892147e+02 -5.148657925579050096e-03 -7.992762777551698852e-03
3.983762949124824786e+02 -5.127211056960676201e-03 -7.873150933355773512e-03
3.983926109491045509e+02 -5.114926389621923808e-03 -7.964189160092349090e-03
3.984088493473561812e+02 -5.104752984810784731e-03 -7.988671264539020170e-03
3.984250324882077052e+02 -5.091850998090310249e-03 -8.122170197311994605e-03
3.984411683115725964e+02 -5.078734568081179866e-03 -8.266072394266837237e-03
3.984733149679202029e+02 -5.048498470280650581e-03 -8.442766858339284183e-03
3.984893413435207208e+02 -5.034930261203387006e-03 -8.566511830424464180e-03
3.985053526968270603e+02 -5.019833699675292117e-03 -8.738098679169008925e-03
3.985213683524721091e+02 -5.003231841121414183e-03 -8.848121285054624460e-03
3.985534741744562552e+02 -4.967119983409954039e-03 -9.121468014024412471e-03
3.985695817139742871e+02 -4.949301962125869994e-03 -9.246704038843742146e-03
3.985857510591575306e+02 -4.932065539066316125e-03 -9.386023315603918282e-03
3.986019951437471605e+02 -4.916124241670471844e-03 -9.530839134187434752e-03
3.986346488238957022e+02 -4.886379076194971929e-03 -9.810178808470708042e-03
3.986508908897995411e+02 -4.872490142995821068e-03 -9.945984732704695255e-03
3.986670627766946495e+02 -4.860126430699687056e-03 -1.006748439367443140e-02
3.986831773657237932e+02 -4.850261406314242477e-03 -1.018293510449251593e-02
3.987152926687999184e+02 -4.829612244869590371e-03 -1.037400092231146979e-02
3.987313032555546215e+02 -4.820842536467961729e-03 -1.044814498183979298e-02
3.987473205655808783e+02 -4.812378391657450363e-03 -1.050800746843416622e-02
3.987633501161894287e+02 -4.803795495509206176e-03 -1.054896087841064069e-02
3.987954784118975908e+02 -4.785905470937702050e-03 -1.059763435454340839e-02
3.988116096196483227e+02 -4.780904746713549383e-03 -1.059886544900953687e-02
3.988277936066315874e+02 -4.779252573730013477e-03 -1.058511680838923608e-02
3.988439455473133535e+02 -4.785068577258227290e-03 -1.055332342156570756e-02
3.988601834728165159e+02 -4.795365678012613285e-03 -1.050804605098839585e-02
3.988925912766106876e+02 -4.823258931630536143e-03 -1.038148322714482936e-02
3.989087791985561466e+02 -4.838796520976757637e-03 -1.030591689610239371e-02
3.989250074345378039e+02 -4.859584944328608491e-03 -1.022533878467184534e-02
3.989412857997884316e+02 -4.872225024813647658e-03 -1.014103970308739486e-02
3.989736328093618454e+02 -4.893964761808796381e-03 -9.960282849762424479e-03
3.989896763856127109e+02 -4.901847395068320047e-03 -9.864438509856597592e-03
3.990056223840656457e+02 -4.908148416645952312e-03 -9.767309214164101444e-03
3.990215481269440829e+02 -4.912876840889765853e-03 -9.666504973853712324e-03
3.990534756171522872e+02 -4.912813152424234941e-03 -9.466536974306029306e-03
3.990695158235822646e+02 -4.909478665441538783e-03 -9.368175647152244406e-03
3.990856572571041738e+02 -4.905246883240893876e-03 -9.270892645360630582e-03
3.991018976857246230e+02 -4.901180554546818828e-03 -9.173159344333053564e-03
3.991345289682668067e+02 -4.885815841365415656e-03 -9.090319531689417670e-03
3.991507434057479600e+02 -4.875726274198926083e-03 -8.942483415359005205e-03
3.991669063657316769e+02 -4.866609354452524662e-03 -9.035797225727735041e-03
3.991830179515102373e+02 -4.858296776481007759e-03 -8.956535952490742372e-03
3.992151427160468984e+02 -4.837072897883432955e-03 -8.865872347551954566e-03
3.992311750249832585e+02 -4.827217958488830805e-03 -8.821397253278642769e-03
3.992472119410843447e+02 -4.814798327246269487e-03 -8.777429139213626524e-03
3.992632564159995354e+02 -4.802134380853270365e-03 -8.733835816477656874e-03
3.992954116726202187e+02 -4.776341519396959390e-03 -8.638923809494167619e-03
3.993115449855663996e+02 -4.764190735410739862e-03 -8.578503008563522630e-03
3.993277288643004113e+02 -4.752067644902733222e-03 -8.509114360839863112e-03
3.993439718693184091e+02 -4.740041773402869918e-03 -8.433355340966661173e-03
3.993602875935252996e+02 -4.727284975122610262e-03 -8.363927398654005807e-03
3.993929208997867590e+02 -4.699853341165031485e-03 -8.305501824950050835e-03
3.994091305871222630e+02 -4.687381868617746319e-03 -8.352388379466123974e-03
3.994252922412276234e+02 -4.672554540851026061e-03 -8.423994206584906053e-03
3.994414165182055285e+02 -4.656191859400455810e-03 -8.513327064355246179e-03
3.994735806811509065e+02 -4.622323339050608132e-03 -8.656206841847639832e-03
3.994896472004852512e+02 -4.605800940849709077e-03 -8.712798472010166093e-03
3.995057155512793088e+02 -4.589327613831302444e-03 -8.730799332516832670e-03
3.995217955606286182e+02 -4.573146033903290053e-03 -8.729685028868255925e-03
3.995540367222004647e+02 -4.541235659523685034e-03 -8.739598416965831118e-03
3.995702094403566775e+02 -4.524492610105826720e-03 -8.766520627044204622e-03
3.995864297089277102e+02 -4.509268568733674175e-03 -8.807359411851470310e-03
3.996027039479607765e+02 -4.493175437895642783e-03 -8.855088021816941157e-03
3.996353836718793673e+02 -4.459152664905187413e-03 -8.961237111186029503e-03
3.996516697281934398e+02 -4.442671877819358468e-03 -9.014247859159404616e-03
3.996678573934030965e+02 -4.437524577567558866e-03 -9.058392097714187616e-03
3.996839248636084108e+02 -4.435275073342346761e-03 -9.089018088421881719e-03
3.997158176105818370e+02 -4.461710022652171613e-03 -9.099505872079433760e-03
3.997317936619526222e+02 -4.485676754980117559e-03 -9.087491487789534084e-03
3.997478217825567981e+02 -4.516179477625112577e-03 -9.063752369819483637e-03
3.997639551781185787e+02 -4.553873676764476873e-03 -9.027948679429805001e-03
3.997801485665511905e+02 -4.596431609806747413e-03 -8.986338183445234662e-03
3.998125100406815022e+02 -4.680268260434996934e-03 -8.854985182004289357e-03
3.998286363613541425e+02 -4.724134419388886959e-03 -8.771521572373694453e-03
3.998447382057204322e+02 -4.771656927110182016e-03 -8.678298643498612991e-03
3.998608557358659255e+02 -4.817637952942309745e-03 -8.579864131962133475e-03
3.998932889866935056e+02 -4.904291629281701259e-03 -8.384198994685275810e-03
3.999095767004648678e+02 -4.945957203766416892e-03 -8.287088746267608219e-03
3.999257541103823996e+02 -4.978740715580761908e-03 -8.192722242563432386e-03
3.999418351861496603e+02 -5.012301078223055893e-03 -8.103292877876314831e-03
3.999738355379918744e+02 -5.064945560773051643e-03 -7.943292619640777291e-03
3.999897841350890531e+02 -5.093162280680818034e-03 -7.870619123784158844e-03
