1.100014784949674777e+03 -3.338117918825339852e-03 -9.214213412181006951e-03
1.100030407393941232e+03 -3.336305288890921081e-03 -9.093138697621572231e-03
1.100046052158239263e+03 -3.332739689209589067e-03 -8.974384289203442625e-03
1.100061725416851459e+03 -3.330542668879164434e-03 -8.859207750372107351e-03
1.100093227474502783e+03 -3.321819851453021531e-03 -8.641584361801154038e-03
1.100109028271846228e+03 -3.321734079420180299e-03 -8.542184830559318778e-03
1.100124789611261576e+03 -3.322110966390468597e-03 -8.446468919609000439e-03
1.100140501590840586e+03 -3.322864611420430370e-03 -8.350524482608477281e-03
1.100171864231666405e+03 -3.328779768451953572e-03 -8.161977564354558692e-03
1.100187523770483949e+03 -3.331157842749932728e-03 -8.072739620332209862e-03
1.100203157065302776e+03 -3.335767112839386171e-03 -8.000341664358702823e-03
1.100234478277400740e+03 -3.350264388179024881e-03 -7.874440286225388788e-03
1.100250167095204915e+03 -3.356789979098478288e-03 -7.790769020879246588e-03
1.100265874035605975e+03 -3.365439359231112322e-03 -7.707844827973102560e-03
1.100281587356942055e+03 -3.375645816493322206e-03 -7.623755500690374866e-03
1.100313068057974078e+03 -3.394159235681461651e-03 -7.443072845218376421e-03
1.100328820036112120e+03 -3.402176480562295931e-03 -7.350103738541549289e-03
1.100344598861313216e+03 -3.410054739801309225e-03 -7.259811613838775511e-03
1.100360377038605293e+03 -3.419211312434001972e-03 -7.173601054381285869e-03
1.100391925930897742e+03 -3.432487389357241885e-03 -7.002247639290091856e-03
1.100407678440162499e+03 -3.437674397458540410e-03 -6.985062072222686380e-03
1.100423415424505720e+03 -3.443634104697882847e-03 -6.946085123408183258e-03
1.100454861535760983e+03 -3.449653485879393584e-03 -6.763153008857918785e-03
1.100470565673607553e+03 -3.453452141417938208e-03 -6.821768968516500262e-03
1.100486260752927137e+03 -3.455823302954217930e-03 -6.945687743748418623e-03
1.100501960039162668e+03 -3.458175215961496480e-03 -7.230233670781910024e-03
1.100533354543918449e+03 -3.463245153401742910e-03 -7.528374206114176945e-03
1.100549063281859617e+03 -3.465316929134472021e-03 -7.698928430594035102e-03
1.100564790485383810e+03 -3.464087606841404626e-03 -7.996333950873291130e-03
1.100580506675349852e+03 -3.464003115381282440e-03 -8.175131210748963831e-03
1.100612012386775177e+03 -3.460055376236392376e-03 -8.236974176924111851e-03
1.100627799154295190e+03 -3.458451067137782286e-03 -8.324036027915633282e-03
1.100643582897195984e+03 -3.454215241225524861e-03 -8.431590939033279178e-03
1.100675107523526549e+03 -3.446120119262474461e-03 -8.724949409379106208e-03
1.100690848150763941e+03 -3.443582990682984152e-03 -8.899925302754463363e-03
1.100706569388160915e+03 -3.438589210595839087e-03 -9.092541461418525775e-03
1.100722267853858511e+03 -3.434851151416794951e-03 -9.304760879828340853e-03
1.100753649874268604e+03 -3.425019754308627346e-03 -9.665591069607593414e-03
1.100769341413690427e+03 -3.420011417878156268e-03 -9.791232281031935977e-03
1.100785034759483096e+03 -3.415523944746611841e-03 -9.882430768239153923e-03
1.100800742598347142e+03 -3.411722274772030494e-03 -9.954230317065167200e-03
1.100832190941636554e+03 -3.399697869170595875e-03 -1.004532835487729862e-02
1.100847942501663056e+03 -3.394017187839412034e-03 -1.005136601445206015e-02
1.100863702671151259e+03 -3.385576873878432241e-03 -1.004433316114898035e-02
1.100895282416443706e+03 -3.373043130394417968e-03 -9.964772647405610237e-03
1.100911050889465969e+03 -3.366790554965357670e-03 -9.900680159269594285e-03
1.100926806144712828e+03 -3.358603099013330456e-03 -9.823300321528730811e-03
1.100942573237469105e+03 -3.354886642891138394e-03 -9.739914677179621963e-03
1.100974022935589801e+03 -3.346372600368673848e-03 -9.538706766193580031e-03
1.100989654273092810e+03 -3.342214777269505738e-03 -9.428902697951812087e-03
1.101005266312106414e+03 -3.338870287362203336e-03 -9.310242107307889828e-03
1.101020879437421172e+03 -3.336342920370696710e-03 -9.185223521027038526e-03
1.101052159337036528e+03 -3.331031526440558169e-03 -8.947183535182512068e-03
1.101067851142440986e+03 -3.327786126553734184e-03 -8.832975025133348382e-03
1.101083600379329255e+03 -3.324520304315287025e-03 -8.722893191192978776e-03
1.101115164384470290e+03 -3.320671615525925234e-03 -8.521502951875510948e-03
1.101130921404089349e+03 -3.323709823847136122e-03 -8.427530996565719620e-03
1.101146630089835526e+03 -3.323252752419920703e-03 -8.328115349721549113e-03
1.101162304788412257e+03 -3.325310219621855582e-03 -8.235875363519858453e-03
1.101193617326267258e+03 -3.332777806202185614e-03 -8.055774435143915613e-03
1.101209258913549547e+03 -3.339230488009801729e-03 -7.988320680451440128e-03
1.101224914737270637e+03 -3.345035476175584749e-03 -7.930835777077208798e-03
1.101240588319033350e+03 -3.352769204526089442e-03 -7.857535786540794862e-03
1.101271991668164446e+03 -3.367501767905902669e-03 -7.687896949714066556e-03
1.101287707252806740e+03 -3.375371404064036410e-03 -7.602516399625324287e-03
1.101303444816673391e+03 -3.385258726799083521e-03 -7.513150996806038442e-03
1.101334965914518989e+03 -3.405432207254118285e-03 -7.330328494944826981e-03
1.101350744756762424e+03 -3.413877013140793198e-03 -7.241489389079916981e-03
1.101366525304746347e+03 -3.419955740228158413e-03 -7.155664545922897982e-03
1.101382305117170745e+03 -3.427073509674013595e-03 -7.067179343523051840e-03
1.101413802381574669e+03 -3.439236836610620653e-03 -6.988099097830042031e-03
1.101429542832378047e+03 -3.443505380518395789e-03 -6.914620909525490307e-03
1.101445266798652483e+03 -3.447394150412782382e-03 -6.779573322649102424e-03
1.101460980341964614e+03 -3.452317586869642178e-03 -6.778353846581609485e-03
1.101492378415545772e+03 -3.458245531583708024e-03 -7.008302858097508956e-03
1.101508074608475454e+03 -3.460385689819250616e-03 -7.327364198113409631e-03
1.101523768874083771e+03 -3.461904052291876581e-03 -7.551092034537032656e-03
1.101555185956629884e+03 -3.463342107277355298e-03 -7.806070788167389883e-03
1.101570911329233240e+03 -3.463911680569317988e-03 -8.061307636302797106e-03
1.101586637145016084e+03 -3.464001676997894349e-03 -8.212745390285854444e-03
1.101602390602739206e+03 -3.461214090245796297e-03 -8.231909991325262257e-03
1.101633944755689527e+03 -3.455866032374015073e-03 -8.353976600787649601e-03
1.101649738624408428e+03 -3.454060142256033892e-03 -8.463145892502001166e-03
1.101665491743640359e+03 -3.448302276441151098e-03 -8.600799961221306661e-03
1.101681236576990614e+03 -3.444778956486501450e-03 -8.773603943228782884e-03
1.101712685420081016e+03 -3.437206374488177389e-03 -9.164075289043725411e-03
1.101728379841559899e+03 -3.434239386986934206e-03 -9.368859597871278741e-03
1.101744073421414214e+03 -3.429807280153518434e-03 -9.555185064882789139e-03
1.101775453959339075e+03 -3.419790292491119241e-03 -9.826592297431241407e-03
1.101791148088985210e+03 -3.414764126573076493e-03 -9.911163719168584671e-03
1.101806865579367468e+03 -3.409103968271438856e-03 -9.976086193274745495e-03
1.101822591482902453e+03 -3.403134164871045135e-03 -1.003240122201363299e-02
1.101854080404320712e+03 -3.389513911046857994e-03 -1.005833018888121870e-02
1.101869844995330368e+03 -3.384240642790951707e-03 -1.004503448297105854e-02
1.101885640270318163e+03 -3.376736257659323105e-03 -1.000924572076994541e-02
1.101901433236598677e+03 -3.371071256988290247e-03 -9.950536650454385942e-03
1.101932940052427057e+03 -3.357681706145435908e-03 -9.803723597566892101e-03
1.101948704674425926e+03 -3.352848092667562712e-03 -9.714766783359916544e-03
1.101964446328350959e+03 -3.347569585499277425e-03 -9.611717736923439462e-03
1.101980119144385526e+03 -3.344868235540836808e-03 -9.510942021114188183e-03
1.102011356088977891e+03 -3.338421784794621053e-03 -9.274707527569717169e-03
1.102026971157404432e+03 -3.336644848139403915e-03 -9.149635766752305457e-03
1.102042600221453540e+03 -3.333519790193998841e-03 -9.033364390352056558e-03
1.102073975000845167e+03 -3.326078950322377756e-03 -8.802217819965494142e-03
1.102089736794911460e+03 -3.322770694694092246e-03 -8.694490363375093067e-03
1.102105538462840741e+03 -3.322271599306319753e-03 -8.593244888537803980e-03
1.102121296433507496e+03 -3.321724175747792912e-03 -8.495465804941449220e-03
1.102152743176150807e+03 -3.323561176353002564e-03 -8.303818684378287684e-03
1.102168404746254964e+03 -3.325067307695734036e-03 -8.209540862601992853e-03
1.102184064450760616e+03 -3.328693355972923637e-03 -8.117300992281547764e-03
1.102215346544760450e+03 -3.339031442753622077e-03 -7.973321353749483059e-03
1.102231007673396334e+03 -3.346092415782907833e-03 -7.910935526134395615e-03
1.102246689604749236e+03 -3.354608625944854351e-03 -7.832116770207278242e-03
1.102262392874894431e+03 -3.363391654818917269e-03 -7.748937107308622070e-03
1.102293824768056083e+03 -3.379701193634214711e-03 -7.577277539022833630e-03
1.102309570361146370e+03 -3.390224745647428626e-03 -7.488990548012905944e-03
1.102325328798636519e+03 -3.397793058367116776e-03 -7.397456570712312648e-03
1.102341100554612240e+03 -3.406200824374122638e-03 -7.306229152988274848e-03
1.102372670229769710e+03 -3.422705242631531031e-03 -7.132028533705500259e-03
1.102388432074151069e+03 -3.428834954352303309e-03 -7.042813868103778296e-03
1.102404192361540254e+03 -3.434646148021860794e-03 -6.981189103021066128e-03
1.102435657338958890e+03 -3.445270163297940551e-03 -6.875130584821349464e-03
1.102451373585309057e+03 -3.449498462456205335e-03 -6.766980257959609966e-03
1.102467083062245592e+03 -3.451607098968169363e-03 -6.793827470603790858e-03
1.102482778968949333e+03 -3.454438424591500627e-03 -6.884712309902761736e-03
1.102514177327548168e+03 -3.462144458008217188e-03 -7.416381727448894193e-03
1.102529874056011295e+03 -3.463966028856199295e-03 -7.535512863366548679e-03
1.102545579186153873e+03 -3.464757754532392028e-03 -7.621624952636873486e-03
1.102561301660228537e+03 -3.466910639160478581e-03 -7.876774191242077311e-03
1.102592760163720186e+03 -3.463160739127542440e-03 -8.233813381684265340e-03
1.102608518211005503e+03 -3.461622621043316302e-03 -8.229880456773806460e-03
1.102624293699436976e+03 -3.458733350053741929e-03 -8.280949436290433591e-03
1.102640080424812368e+03 -3.454711415842204921e-03 -8.380666799329163780e-03
1.102671616196521654e+03 -3.449427409467846917e-03 -8.643364621238134454e-03
1.102687359300321759e+03 -3.444701509116447017e-03 -8.828732551590787528e-03
1.102703081126952839e+03 -3.440247756847370809e-03 -9.024385863913140030e-03
1.102734478401692968e+03 -3.431383334701678355e-03 -9.423242475332915466e-03
1.102750171103275306e+03 -3.427364682188221729e-03 -9.605575324520004496e-03
1.102765863477816083e+03 -3.423665746249512053e-03 -9.751233429128054048e-03
1.102781555567373971e+03 -3.419686377256437367e-03 -9.850572109636704377e-03
1.102812982334394746e+03 -3.409237809361444476e-03 -9.992404656159499868e-03
1.102828700884193722e+03 -3.402263489025060018e-03 -1.004293849574068240e-02
1.102844446928501611e+03 -3.395721766647305951e-03 -1.005750081557855828e-02
1.102860208108007555e+03 -3.389699738696582993e-03 -1.005868675674288955e-02
1.102891777034207735e+03 -3.375259902951009347e-03 -9.996390764573096638e-03
1.102907559141941420e+03 -3.368384032027737108e-03 -9.935645786546218675e-03
1.102923311134592723e+03 -3.363040138488859569e-03 -9.863307011907863561e-03
1.102954825511230638e+03 -3.351533236679549946e-03 -9.687405443775054525e-03
1.102970545409785018e+03 -3.347893034508084113e-03 -9.586652783610476181e-03
1.102986198505689345e+03 -3.343643955102607989e-03 -9.481410103427385591e-03
1.103001817205505631e+03 -3.340173024218174875e-03 -9.364028746758533417e-03
1.103033048557011625e+03 -3.336630811409802781e-03 -9.121381681960890123e-03
1.103048688225563183e+03 -3.333971673237277802e-03 -8.999836551739142862e-03
1.103064365129984253e+03 -3.331014659251464814e-03 -8.884609696444627572e-03
1.103080093119763205e+03 -3.325941031583171635e-03 -8.773169084047674135e-03
1.103111660629360358e+03 -3.320867123067721294e-03 -8.568449603477551468e-03
1.103127422897342058e+03 -3.322493755334147807e-03 -8.472272348470935577e-03
1.103143130248082798e+03 -3.323116636396668960e-03 -8.374300417522123965e-03
1.103174489808472117e+03 -3.326969405526014178e-03 -8.184691623211969025e-03
1.103190142542069452e+03 -3.331128130440209455e-03 -8.094889852392773630e-03
1.103205775779580790e+03 -3.335158359538992721e-03 -8.016078664030172260e-03
1.103221422702554491e+03 -3.343021066599873026e-03 -7.957835252579537055e-03
1.103252779749189358e+03 -3.356959362241804332e-03 -7.809877535627296648e-03
1.103268487366853606e+03 -3.363823195868387642e-03 -7.726678390172090662e-03
1.103284200983346409e+03 -3.372945828781474462e-03 -7.644002790185545036e-03
1.103315690724209162e+03 -3.393634793296025631e-03 -7.466777596225730208e-03
1.103331444961672560e+03 -3.402175918707334504e-03 -7.375116180470195348e-03
1.103347227384910639e+03 -3.411401807246331949e-03 -7.284747059278316901e-03
1.103363005622796891e+03 -3.418245764953694449e-03 -7.197356948217934966e-03
1.103394551483288978e+03 -3.433262612270302893e-03 -7.021168931561367482e-03
1.103410292027995865e+03 -3.439830122668282707e-03 -6.974210157937793704e-03
1.103426031310378448e+03 -3.442506264553687242e-03 -6.967406330970516391e-03
1.103441758554541593e+03 -3.448628457902758269e-03 -6.839664970150059753e-03
1.103473174198928518e+03 -3.454954805450534058e-03 -6.813271897794484673e-03
1.103488869241840121e+03 -3.457879214897043810e-03 -6.923533676438450336e-03
1.103504568066691945e+03 -3.460118121412144969e-03 -7.152001141967544336e-03
1.103520264633257511e+03 -3.461743932124490206e-03 -7.486770581672601808e-03
1.103551675772752105e+03 -3.465918007340323785e-03 -7.665654957032858388e-03
1.103567401759331688e+03 -3.464777339165036382e-03 -7.963684642498459337e-03
1.103583124348622960e+03 -3.465576805371568640e-03 -8.183355628274430540e-03
1.103614631219337980e+03 -3.460892247885592396e-03 -8.235113572349579691e-03
1.103630423913863979e+03 -3.459642697229857369e-03 -8.305579976209688173e-03
1.103646211610163164e+03 -3.456354027832233070e-03 -8.405767009269697609e-03
1.103661975672311883e+03 -3.452891397182790596e-03 -8.526693285294296987e-03
1.103693462367300526e+03 -3.445032777144261052e-03 -8.879854985479765025e-03
1.103709180952127099e+03 -3.441841705243798427e-03 -9.082941254388693028e-03
1.103724879819340231e+03 -3.437115498196783008e-03 -9.285724014998619075e-03
1.103740568533795113e+03 -3.432796714451404399e-03 -9.474482256761073556e-03
1.103771949400167841e+03 -3.422542208517536776e-03 -9.783331503018041428e-03
1.103787642834306780e+03 -3.417510252198981656e-03 -9.878645706170342822e-03
1.103803355115773456e+03 -3.412849933244001526e-03 -9.953106489923419301e-03
1.103834809270827009e+03 -3.401932041938522406e-03 -1.005838330705824749e-02
1.103850561452498141e+03 -3.396189796181143996e-03 -1.007132889303254293e-02
1.103866323008431436e+03 -3.387751880895886226e-03 -1.006872986704467760e-02
1.103882118661204686e+03 -3.381540144249523070e-03 -1.004505743557338425e-02
1.103913668446966767e+03 -3.367806565016579195e-03 -9.931412519472181122e-03
1.103929419960636551e+03 -3.360831069125558897e-03 -9.854821996225022335e-03
1.103945177138810550e+03 -3.356247809142308414e-03 -9.771195826285406297e-03
1.103960928679221070e+03 -3.353138308707334734e-03 -9.670069406403841022e-03
1.103992270123328353e+03 -3.343845346883212930e-03 -9.457772757406918140e-03
1.104007881226882091e+03 -3.340778666927359235e-03 -9.339393752685833452e-03
1.104023491919228945e+03 -3.338387985597427408e-03 -9.212850098909548813e-03
1.104054764575890886e+03 -3.332411854201069654e-03 -8.975253035067012539e-03
1.104070457593473975e+03 -3.327628078946589293e-03 -8.861417674504950062e-03
1.104086205711330649e+03 -3.327480701038336604e-03 -8.751471988746165054e-03
1.104101993244822324e+03 -3.324970652416736529e-03 -8.648145800066522892e-03
1.104133516073529108e+03 -3.323464090510678311e-03 -8.454467655263446166e-03
1.104149230748153514e+03 -3.324371381901451011e-03 -8.354102049329176563e-03
1.104164897891029796e+03 -3.324542672299945524e-03 -8.260764959360844539e-03
1.104180563366124034e+03 -3.327801146027960146e-03 -8.166614573834250074e-03
1.104211842054874978e+03 -3.338680399291455922e-03 -8.004682361581225841e-03
1.104227494630486035e+03 -3.345995174633161276e-03 -7.947799250303141244e-03
1.104243171542527307e+03 -3.353091052399767569e-03 -7.877394131867516275e-03
1.104274575740202408e+03 -3.368291035219867641e-03 -7.709288991458686756e-03
1.104290291520389474e+03 -3.376847128696870530e-03 -7.625444137981094751e-03
1.104306031674229871e+03 -3.386408857872434154e-03 -7.538598286521292456e-03
1.104321794772004296e+03 -3.395537018087911498e-03 -7.448959252308870634e-03
1.104353343019659860e+03 -3.412599644261962457e-03 -7.268236235867484366e-03
1.104369126128189237e+03 -3.421272599267681860e-03 -7.181047717055290443e-03
1.104384895605569909e+03 -3.428304580501422179e-03 -7.093589334340964607e-03
1.104400659111183359e+03 -3.436258991413517882e-03 -7.007748498625600286e-03
1.104432125031880787e+03 -3.445732348649790857e-03 -6.951928145394359326e-03
1.104447844399642918e+03 -3.449731448242862250e-03 -6.814660430980229097e-03
1.104463556844388904e+03 -3.452603409001995735e-03 -6.776327009099705756e-03
1.104494953138926348e+03 -3.461141573658498786e-03 -6.979261637129348037e-03
1.104510653948200797e+03 -3.463188348032691499e-03 -7.239844614607674270e-03
1.104526347424730830e+03 -3.464879464724220180e-03 -7.538937803863425373e-03
1.104542046444693597e+03 -3.466248404259398858e-03 -7.576982194443933512e-03
1.104573491087706316e+03 -3.466215981736617702e-03 -8.056723543550910888e-03
1.104589222913244612e+03 -3.466696307740419966e-03 -8.218241855821361089e-03
1.104604980734340415e+03 -3.462879625225200909e-03 -8.240023853541512608e-03
1.104620742352650495e+03 -3.462011423904399945e-03 -8.256176712247943403e-03
1.104652328370116720e+03 -3.455858369902217384e-03 -8.437933045490075140e-03
1.104668080509444962e+03 -3.451352090912756469e-03 -8.566956751388962038e-03
1.104683822272317002e+03 -3.448304675401392926e-03 -8.737544977037157642e-03
1.104715263480801241e+03 -3.439389497992874530e-03 -9.148723660034106461e-03
1.104730956415820401e+03 -3.436090838304381358e-03 -9.345849530363934884e-03
1.104746648632781444e+03 -3.432944376737825237e-03 -9.531441408003656773e-03
1.104762341001580353e+03 -3.428773950127654048e-03 -9.699155053601308391e-03
1.104793728941517202e+03 -3.418408407138171217e-03 -9.910703102014237209e-03
1.104809448870836150e+03 -3.413869448878737931e-03 -9.979537788637766332e-03
1.104825171246430273e+03 -3.405896825343524264e-03 -1.004534614533824852e-02
1.104840908042180217e+03 -3.400718030210713328e-03 -1.007476399457564280e-02
1.104872440079420585e+03 -3.387041269303785792e-03 -1.007819315933646855e-02
1.104888232420646091e+03 -3.379416661545145591e-03 -1.004569544992666569e-02
1.104904022265439608e+03 -3.372358224134746132e-03 -9.989270000877997074e-03
1.104935522825965108e+03 -3.360690424943138781e-03 -9.844091475083220286e-03
1.104951274476527942e+03 -3.355633523529476941e-03 -9.754266703296095992e-03
1.104967014682696117e+03 -3.349952495579936254e-03 -9.650979662507034110e-03
1.104982693859056326e+03 -3.346302271417995935e-03 -9.549080498284394369e-03
1.105013935075546669e+03 -3.340802961063505609e-03 -9.309856134299202002e-03
1.105029550321046372e+03 -3.338657418381220810e-03 -9.187974992624897003e-03
1.105045180351827867e+03 -3.335618933567502647e-03 -9.066069678098094553e-03
1.105060838595737778e+03 -3.333908187943649369e-03 -8.949284140898084924e-03
1.105092312119079679e+03 -3.324340211148804885e-03 -8.728284890037988838e-03
1.105108113320485245e+03 -3.324316895756261169e-03 -8.626254743875641506e-03
1.105123874192283893e+03 -3.323421267326028081e-03 -8.528458169040705958e-03
1.105155305498890812e+03 -3.324498462270090646e-03 -8.335006073632269391e-03
1.105170967489504392e+03 -3.328084506336202383e-03 -8.239705423212962884e-03
1.105186625799013200e+03 -3.329948312506320410e-03 -8.147262836464266508e-03
1.105202253847386146e+03 -3.334177074232096399e-03 -8.061512552880487764e-03
1.105233559843915145e+03 -3.347320800062694029e-03 -7.935289558294917125e-03
1.105249243383910652e+03 -3.354362395620076251e-03 -7.857328348267675344e-03
1.105264948129438835e+03 -3.363149969272153598e-03 -7.774300228383333559e-03
1.105280658196765216e+03 -3.372649454278300440e-03 -7.691953503690822196e-03
1.105312134311178170e+03 -3.391657997642206438e-03 -7.518659473372034732e-03
1.105327891166022710e+03 -3.399464386519744207e-03 -7.428456192896883310e-03
1.105343670686480891e+03 -3.407435205977469780e-03 -7.337674839309707431e-03
1.105375241259998802e+03 -3.424779829102819143e-03 -7.162340458382307484e-03
1.105390995771403368e+03 -3.431080432602282102e-03 -7.074061447368600909e-03
1.105406747255696018e+03 -3.436404621819961515e-03 -6.996324368073880348e-03
1.105422481097963555e+03 -3.444086054093470003e-03 -6.979163783637074535e-03
1.105453924537599733e+03 -3.450574788709069932e-03 -6.795235180222097826e-03
1.105469629618554791e+03 -3.454468643211410818e-03 -6.793846812860585352e-03
1.105485325468005612e+03 -3.457048364008612640e-03 -6.877366888877745055e-03
1.105501025743259106e+03 -3.459875220454561133e-03 -7.042988527978921894e-03
1.105532421388131297e+03 -3.466278601121537684e-03 -7.583829601178372973e-03
1.105548129795794921e+03 -3.468195062021665453e-03 -7.601293846760998410e-03
1.105563856358682642e+03 -3.468190413462846761e-03 -7.856137979377666655e-03
1.105595320166889906e+03 -3.466221622159480417e-03 -8.243379179814241953e-03
1.105611077552944153e+03 -3.464687994838924930e-03 -8.243651189865051909e-03
1.105626862155330855e+03 -3.462871669064412558e-03 -8.279595166313229518e-03
1.105642645195472369e+03 -3.458582363773816601e-03 -8.366195011630444753e-03
1.105674173816188841e+03 -3.451700945058289258e-03 -8.610791753774802576e-03
1.105689916411188733e+03 -3.448749985631285875e-03 -8.794857493366258980e-03
1.105705636386263222e+03 -3.443759678046885361e-03 -9.004988368334793450e-03
1.105721336853436014e+03 -3.440332597972983568e-03 -9.212603626926833128e-03
1.105752718974836853e+03 -3.430770107886181412e-03 -9.584190164049702018e-03
1.105768410725953117e+03 -3.426119489852897868e-03 -9.738243794492749961e-03
1.105784103633747463e+03 -3.422014989472880932e-03 -9.847018995749303241e-03
1.105815536974309225e+03 -3.410968739758022533e-03 -1.000034505258235069e-02
1.105831256146200531e+03 -3.406102964697559077e-03 -1.005643357781911378e-02
1.105847007014228893e+03 -3.399879129059924388e-03 -1.007809781087595953e-02
1.105862767571621362e+03 -3.392321946325259265e-03 -1.008576369286476836e-02
1.105894343826580098e+03 -3.379349347882712462e-03 -1.002816838248967758e-02
1.105910116019593033e+03 -3.373068122697559044e-03 -9.971004104300164317e-03
1.105925867675598056e+03 -3.365054716080859241e-03 -9.898731333967807425e-03
1.105941618634250517e+03 -3.360775807500670804e-03 -9.817765867769175092e-03
1.105973091154211716e+03 -3.351033741186267532e-03 -9.618960890931411295e-03
1.105988748597564381e+03 -3.346619299967275741e-03 -9.512605779333282302e-03
1.106004368042029682e+03 -3.342517282752500377e-03 -9.395229327368137540e-03
1.106035596882280743e+03 -3.338069210944588118e-03 -9.151254426382714885e-03
1.106051235734544662e+03 -3.335580689267419064e-03 -9.027912661595464960e-03
1.106066909948860484e+03 -3.332411287490845767e-03 -8.913652034963956416e-03
1.106082644247152075e+03 -3.328453305088470426e-03 -8.802186252297066957e-03
1.106114204828023048e+03 -3.323638520662143461e-03 -8.596771405857083631e-03
1.106129964000627069e+03 -3.326300531946639431e-03 -8.500419017026758853e-03
1.106145671604857625e+03 -3.325329902204831808e-03 -8.400683125434625295e-03
1.106161359526455044e+03 -3.327274677335022995e-03 -8.306450979019195519e-03
1.106192671501766881e+03 -3.332919416511160356e-03 -8.120683771871750611e-03
1.106208306956724073e+03 -3.338519100219563412e-03 -8.037863012517050890e-03
1.106223951852069831e+03 -3.344469067271127558e-03 -7.975904362890124874e-03
1.106255309133988021e+03 -3.359216246201938982e-03 -7.831414953069744736e-03
1.106271015802125476e+03 -3.366403711208487085e-03 -7.746682889710004849e-03
1.106286729375493906e+03 -3.374382668033625802e-03 -7.664492536907872508e-03
1.106302464209059053e+03 -3.384750018469830004e-03 -7.578235908382816022e-03
1.106333988175524837e+03 -3.404729609716410175e-03 -7.400655266028836887e-03
1.106349770258419539e+03 -3.414254143998716410e-03 -7.310428298075194627e-03
1.106365549328447287e+03 -3.419972867717499705e-03 -7.222620115344893267e-03
1.106381329496540729e+03 -3.427897275525565966e-03 -7.136241563440423423e-03
1.106412820528689053e+03 -3.441923277630236887e-03 -6.980259050733278632e-03
1.106428560169215416e+03 -3.445609078207801431e-03 -6.973763143587758014e-03
1.106444282834633441e+03 -3.450547439086534482e-03 -6.887921860003516292e-03
1.106475696241348714e+03 -3.459031578119968562e-03 -6.808882259702356450e-03
1.106491392690771818e+03 -3.461903776363897331e-03 -6.909508512042126550e-03
1.106507090358835512e+03 -3.464450212852869439e-03 -7.103768656469077770e-03
1.106522785988400983e+03 -3.466198059416946385e-03 -7.428095529532260065e-03
1.106554202428603730e+03 -3.468761195948193762e-03 -7.671319854122914984e-03
1.106569928854783484e+03 -3.469538182748045305e-03 -7.932891357853640024e-03
1.106585654768161248e+03 -3.470002993687190933e-03 -8.178962919710963328e-03
1.106601406657025109e+03 -3.468562720858990676e-03 -8.252265934175244053e-03
1.106632959587504729e+03 -3.462954023048544269e-03 -8.298312313056548095e-03
1.106648753146614581e+03 -3.460943276537883050e-03 -8.389001372804027329e-03
1.106664507839888984e+03 -3.455902490752395598e-03 -8.503424154626305562e-03
1.106680253940056673e+03 -3.451971078458593214e-03 -8.658561507678394498e-03
1.106711705243194046e+03 -3.445614506665868170e-03 -9.065884652491279505e-03
1.106727400916297029e+03 -3.442313441013651609e-03 -9.266918023965039011e-03
1.106743094304490114e+03 -3.437576115813311978e-03 -9.448680310236507590e-03
1.106774472861665572e+03 -3.427849671419156124e-03 -9.762714510900518533e-03
1.106790166707952494e+03 -3.422813356033863660e-03 -9.864084737995510582e-03
1.106805882695584842e+03 -3.417268263855125464e-03 -9.939932916667049839e-03
1.106821609914787132e+03 -3.411847361873783079e-03 -1.001044440863510174e-02
1.106853094884760139e+03 -3.398614265997587126e-03 -1.007318431409723845e-02
1.106868859161975706e+03 -3.392853105067921305e-03 -1.007525709117894699e-02
1.106884654720897743e+03 -3.385516011273648120e-03 -1.005418682653538148e-02
1.106900448147196812e+03 -3.380080338707442452e-03 -1.000329591438151033e-02
1.106931949694991999e+03 -3.365753440639370452e-03 -9.868346728470384771e-03
1.106947697778383827e+03 -3.360232499031698232e-03 -9.785333505921610386e-03
1.106963446707349931e+03 -3.355188258646359372e-03 -9.684119580883223180e-03
1.106994795349482274e+03 -3.347240720930640730e-03 -9.471862865061114051e-03
1.107010409820138648e+03 -3.343463302838876883e-03 -9.353030278448771009e-03
1.107026017617481330e+03 -3.341678705340582218e-03 -9.228393724843939744e-03
1.107041636732988763e+03 -3.338793187452732646e-03 -9.109974761992791631e-03
1.107072977067412239e+03 -3.331831882299429639e-03 -8.877220207833630417e-03
1.107088726654617858e+03 -3.329670956961189830e-03 -8.767511670128864260e-03
1.107104519593071700e+03 -3.328320371591994651e-03 -8.664692007000363710e-03
1.107120282893673448e+03 -3.326999614064926267e-03 -8.564438652039187139e-03
1.107151739308489141e+03 -3.327852486258451106e-03 -8.370369483073434452e-03
1.107167406382149920e+03 -3.328317804035067166e-03 -8.275278602438224801e-03
1.107183068340378895e+03 -3.331727699461328740e-03 -8.181170349046343673e-03
1.107214339217836823e+03 -3.341177128884182269e-03 -8.014459327846244763e-03
1.107229991918509313e+03 -3.348445069370539068e-03 -7.954854070862736604e-03
1.107245667834881715e+03 -3.356987580974051932e-03 -7.886884064790140522e-03
1.107261368012149887e+03 -3.364830156552309822e-03 -7.804356081504319927e-03
1.107292793121871455e+03 -3.381552602804738326e-03 -7.637512793427492924e-03
1.107308536286999470e+03 -3.391679080937773285e-03 -7.552393072382386670e-03
1.107324298802811654e+03 -3.399785870282539830e-03 -7.464006954472490220e-03
1.107340071574694548e+03 -3.409329256407576166e-03 -7.373839635453837207e-03
1.107371641355182646e+03 -3.426021748110587815e-03 -7.196299152459393819e-03
1.107387402571225266e+03 -3.432672814644846266e-03 -7.108859888944704664e-03
1.107403160790584934e+03 -3.439602247357193259e-03 -7.020754125476693849e-03
1.107434621788194818e+03 -3.450852191864613519e-03 -6.959309518056182482e-03
1.107450336478814961e+03 -3.455793973647347181e-03 -6.849008596749168488e-03
1.107466046108152796e+03 -3.457778014489535333e-03 -6.770476133605668294e-03
1.107481742809015714e+03 -3.461354066131109956e-03 -6.825816935255912821e-03
1.107513142539480896e+03 -3.469725176675824471e-03 -7.165521010475731610e-03
1.107528840986094792e+03 -3.471423776895406470e-03 -7.493970943337922505e-03
1.107544542765006099e+03 -3.472690236689951557e-03 -7.612015132653224096e-03
1.107560266125598218e+03 -3.475077088473502857e-03 -7.706287512305476720e-03
1.107591724022191784e+03 -3.472442766867615913e-03 -8.219897615925089024e-03
1.107607482167239823e+03 -3.470465987345737555e-03 -8.244358594567922915e-03
1.107623252880538075e+03 -3.468215766301405330e-03 -8.249292597044731445e-03
1.107654831700641125e+03 -3.460727674421414796e-03 -8.412994943337148007e-03
1.107670582113818000e+03 -3.459340727658004582e-03 -8.537840285234975929e-03
1.107686323523446845e+03 -3.454978092141870998e-03 -8.704806803179497565e-03
1.107702047522576777e+03 -3.450724909118455495e-03 -8.905652087363092467e-03
1.107733447317555601e+03 -3.441940045918976190e-03 -9.311583754386809977e-03
1.107749139918881156e+03 -3.438481549472606914e-03 -9.493338706388194936e-03
1.107764831841006981e+03 -3.435070555061227153e-03 -9.660615161839095077e-03
1.107780523715923664e+03 -3.430742650160070392e-03 -9.784935826771553810e-03
1.107811947169785526e+03 -3.420936347106963253e-03 -9.955224963440978403e-03
1.107827666884787959e+03 -3.413014155118061430e-03 -1.002504686193982607e-02
1.107843410045167957e+03 -3.406846856352660925e-03 -1.006073667158350997e-02
1.107874953868652710e+03 -3.393748293280042863e-03 -1.007613744319190222e-02
1.107890738733689886e+03 -3.386049547370056749e-03 -1.004638941637456956e-02
1.107906523609123496e+03 -3.378675524485679534e-03 -9.994598206174726968e-03
1.107922273961360588e+03 -3.374335009503210726e-03 -9.930367159964374052e-03
1.107953764820262450e+03 -3.361304418392392201e-03 -9.764143541184006764e-03
1.107969501055840738e+03 -3.356676606459958485e-03 -9.662518389335059132e-03
1.107985185432521348e+03 -3.351721835789461292e-03 -9.560939799478876400e-03
1.108000821337298021e+03 -3.347999321200676240e-03 -9.445565020185583624e-03
1.108032042894000142e+03 -3.343832551083129358e-03 -9.203496823823729966e-03
1.108047670928355501e+03 -3.341113840071012475e-03 -9.078747520063613560e-03
1.108063328081216014e+03 -3.339043059339105550e-03 -8.963223679485824574e-03
1.108094798689715390e+03 -3.331004621975470516e-03 -8.742924186670201006e-03
1.108110596269523285e+03 -3.328656804096632310e-03 -8.641257010473928427e-03
1.108126360629785495e+03 -3.329210262384472204e-03 -8.543433887112081293e-03
1.108142070783224881e+03 -3.329334137339601263e-03 -8.445584126051713242e-03
1.108173441088700201e+03 -3.332641105378508339e-03 -8.252722805537794984e-03
1.108189097875756715e+03 -3.335046741771211225e-03 -8.160827114172918353e-03
1.108204723039524879e+03 -3.338769018294885250e-03 -8.072202252078662307e-03
1.108220362003083892e+03 -3.346506533701415487e-03 -7.999028830896722994e-03
1.108251706605235768e+03 -3.360127751594451685e-03 -7.868149248320384717e-03
1.108267410115243820e+03 -3.367029064161408940e-03 -7.784275068586890729e-03
1.108283121767335615e+03 -3.376733750154136543e-03 -7.703646528349617287e-03
1.108314608525229232e+03 -3.397306160055951242e-03 -7.533698490387059216e-03
1.108330364855584321e+03 -3.405752417695352870e-03 -7.444952512512023612e-03
1.108346150124049700e+03 -3.414560842665612713e-03 -7.354695337892524359e-03
1.108361928496584142e+03 -3.422869657388377500e-03 -7.265517817735235410e-03
1.108393469436340411e+03 -3.438420585078282021e-03 -7.088610870463283448e-03
1.108409210461321209e+03 -3.445067108157498156e-03 -7.004057061675004678e-03
1.108424947077518937e+03 -3.449324951145973754e-03 -6.958278584165007198e-03
1.108440673147380494e+03 -3.455523390949191264e-03 -6.944754035387547091e-03
1.108472086125325632e+03 -3.462361511003741663e-03 -6.779403608481468155e-03
1.108487782217688391e+03 -3.465343485977616291e-03 -6.851641762893843045e-03
1.108503482179469984e+03 -3.467930302993017539e-03 -6.997872978420415467e-03
1.108534878589503705e+03 -3.472951850797225369e-03 -7.564095230100294567e-03
1.108550590401448289e+03 -3.475851899004338708e-03 -7.611869638183946067e-03
1.108566317096815055e+03 -3.474575711553328991e-03 -7.800104762199294543e-03
1.108582037726770750e+03 -3.475724404234901543e-03 -8.103521840847574542e-03
1.108613544842610509e+03 -3.471788936716814749e-03 -8.245404697612465639e-03
1.108629335849930612e+03 -3.470833527674411535e-03 -8.267848317491803198e-03
1.108645121209170838e+03 -3.467329461774454509e-03 -8.345307473205743412e-03
1.108660890484016136e+03 -3.464413030786461008e-03 -8.442933685193276805e-03
1.108692378774035888e+03 -3.456769011948024328e-03 -8.753522032006969683e-03
1.108708099817509265e+03 -3.453040926467716449e-03 -8.965594415721991894e-03
1.108723797263924780e+03 -3.448681276548467168e-03 -9.176992356810050391e-03
1.108755177075955771e+03 -3.439383156128100749e-03 -9.541668477527824252e-03
1.108770867498600865e+03 -3.434241408866786117e-03 -9.698299336959445224e-03
1.108786560819218039e+03 -3.429438180346756557e-03 -9.815514617987564777e-03
1.108802271249805017e+03 -3.425280223562995104e-03 -9.905341693827876895e-03
1.108833723602270311e+03 -3.413828577577046348e-03 -1.004267815113746645e-02
1.108849475333227929e+03 -3.408688041651282679e-03 -1.007343893135277495e-02
1.108865236202200322e+03 -3.399689561165986085e-03 -1.008825544994670920e-02
1.108881031325207005e+03 -3.393980094237258622e-03 -1.007963153972886786e-02
1.108912582208787853e+03 -3.380168846970914211e-03 -9.985856444135778054e-03
1.108928332447258299e+03 -3.372247024937786736e-03 -9.915286659739092068e-03
1.108944077407475561e+03 -3.367353699677039409e-03 -9.836038531596707699e-03
1.108975546926857305e+03 -3.358200696956191098e-03 -9.638431167468772612e-03
1.108991213028797347e+03 -3.353286650247072793e-03 -9.531582241799887653e-03
1.109006835709370080e+03 -3.349062703842880552e-03 -9.414126663283966037e-03
1.109022442756637702e+03 -3.345986663722979367e-03 -9.288341309298361534e-03
1.109053691972959768e+03 -3.340969845190975424e-03 -9.047702201963971069e-03
1.109069365760762366e+03 -3.337118510393526083e-03 -8.933298880885882573e-03
1.109085100525282314e+03 -3.336180113379076315e-03 -8.822172616701854167e-03
1.109100871506091607e+03 -3.333804704601755087e-03 -8.716690540508224144e-03
1.109132409114959501e+03 -3.331727330176261371e-03 -8.519878956622279481e-03
1.109148122149413439e+03 -3.330988212549508814e-03 -8.418793847671558750e-03
1.109163799366499234e+03 -3.331254128070532550e-03 -8.324162684667369208e-03
1.109195107721845261e+03 -3.338449948570443825e-03 -8.138324359178788006e-03
1.109210739812282554e+03 -3.343968107306891785e-03 -8.051109894675943443e-03
1.109226384866899707e+03 -3.350159843094073411e-03 -7.984050571436791463e-03
1.109242053462835429e+03 -3.356792306578177277e-03 -7.925792711843071547e-03
1.109273447086359965e+03 -3.372329921856231840e-03 -7.760871746830579065e-03
1.109289162926179188e+03 -3.380820734439326288e-03 -7.680560377269134674e-03
1.109304900650860645e+03 -3.390353489238663934e-03 -7.597383812213693091e-03
1.109320664990420255e+03 -3.400232202328150322e-03 -7.511229869972153687e-03
1.109352217776055795e+03 -3.418266141837468519e-03 -7.332149455167778947e-03
1.109367998617271496e+03 -3.426232213917096252e-03 -7.243327178815222971e-03
1.109383768561757961e+03 -3.434077757765514188e-03 -7.155858104021621362e-03
1.109415255520413211e+03 -3.446731246368288371e-03 -6.985975525838132756e-03
1.109430992237881355e+03 -3.453159503877572829e-03 -6.952545721933238096e-03
1.109446709930291490e+03 -3.457107933259221267e-03 -6.923422193561356436e-03
1.109462420887842654e+03 -3.461592725864995595e-03 -6.800282255179436984e-03
1.109493819856898654e+03 -3.469845370311445618e-03 -6.883168862064208485e-03
1.109509519147474293e+03 -3.472045929158814551e-03 -7.049931378781173694e-03
1.109525213326673793e+03 -3.474362691405088934e-03 -7.329289762471819306e-03
1.109540912552690997e+03 -3.475886963044555206e-03 -7.598791184886748845e-03
1.109572358688747954e+03 -3.477158382455361810e-03 -7.886851466796337973e-03
1.109588088227635126e+03 -3.477848237921480224e-03 -8.167893209548074060e-03
1.109603844247492134e+03 -3.474270690980290569e-03 -8.259301860770762102e-03
1.109635399242242329e+03 -3.470182076879687987e-03 -8.288065584095104590e-03
1.109651192373963795e+03 -3.468466849139398029e-03 -8.368565390214164484e-03
1.109666945168354914e+03 -3.463147677918136311e-03 -8.476156870162284557e-03
1.109682688474305223e+03 -3.460232523352245806e-03 -8.623072619295502755e-03
1.109714133647333711e+03 -3.452002482490961269e-03 -9.025740248994220186e-03
1.109729827117907234e+03 -3.449273856137580196e-03 -9.228691509499394735e-03
1.109745518994158147e+03 -3.445663866952294093e-03 -9.408751612468355466e-03
1.109761212491363722e+03 -3.441073009003939743e-03 -9.583517847462938097e-03
1.109792596409070484e+03 -3.431043289402942523e-03 -9.836105581846036131e-03
1.109808315620142366e+03 -3.425828955204370148e-03 -9.918751548335127260e-03
1.109824039548720975e+03 -3.418729530826074628e-03 -9.998091724588781953e-03
1.109855534595106974e+03 -3.405590432768505066e-03 -1.007527028167741132e-02
1.109871301596251442e+03 -3.399986321581717225e-03 -1.008453219490044322e-02
1.109887095941542157e+03 -3.392232485906471542e-03 -1.006879658082244708e-02
1.109902886993961602e+03 -3.385718693952684179e-03 -1.002182424699661102e-02
1.109934384217584466e+03 -3.372886971758743205e-03 -9.891322660165168326e-03
1.109950123047706256e+03 -3.367212515991704729e-03 -9.808275809361437225e-03
1.109965865096773086e+03 -3.361295525834773982e-03 -9.706738957144859375e-03
1.109981571030466057e+03 -3.357139557734748880e-03 -9.608376204304790169e-03
1.110012843900562075e+03 -3.350111741941534486e-03 -9.373852444010365159e-03
1.110028452324464752e+03 -3.347402841394249168e-03 -9.253256642974962837e-03
1.110044067536346802e+03 -3.345108924554946340e-03 -9.130116579764077644e-03
1.110075403576008284e+03 -3.338751550266376347e-03 -8.898538332628404962e-03
1.110091151260052584e+03 -3.334001500892407044e-03 -8.789779990114402961e-03
1.110106945585250969e+03 -3.333818864443382872e-03 -8.685871218857247819e-03
1.110122708231464685e+03 -3.332180672176878952e-03 -8.585648323737583160e-03
1.110154153775440591e+03 -3.332187568676744493e-03 -8.390869758174266876e-03
1.110169820602885693e+03 -3.334529371624654799e-03 -8.294473434399826997e-03
1.110185480152016680e+03 -3.336644288706403557e-03 -8.200801943533314597e-03
1.110201107096466330e+03 -3.340589401918034589e-03 -8.111092170445054206e-03
1.110232396336242118e+03 -3.352131499267687036e-03 -7.965663551316651617e-03
1.110248072160138690e+03 -3.360017143317611549e-03 -7.901329422205061181e-03
1.110263769780528492e+03 -3.368771912458198847e-03 -7.819995283069631695e-03
1.110295203858786408e+03 -3.386257465847956286e-03 -7.654169953099006565e-03
1.110310949498341188e+03 -3.396745079386257610e-03 -7.571987530761092704e-03
1.110326711174972388e+03 -3.404442738007818631e-03 -7.485215567160950940e-03
1.110342491516048312e+03 -3.412598154184458363e-03 -7.396143172217851079e-03
1.110374062028766730e+03 -3.430699972359096614e-03 -7.217409570204988412e-03
1.110389814646495779e+03 -3.437518767409233032e-03 -7.129042673967055273e-03
1.110405566471414204e+03 -3.443354144152073124e-03 -7.041148058013703762e-03
1.110421296959907068e+03 -3.452294785501328761e-03 -6.965562742987288676e-03
1.110452736363796930e+03 -3.459925581338529378e-03 -6.893160275594602433e-03
1.110468442484799425e+03 -3.463536187076063973e-03 -6.781813505755406556e-03
1.110484139139729223e+03 -3.466395031319685714e-03 -6.807766418927738671e-03
1.110515540182710538e+03 -3.474276334487817752e-03 -7.102678430383165160e-03
1.110531237335899505e+03 -3.477285349228228031e-03 -7.416963607457198633e-03
1.110546945926690114e+03 -3.479014477119150069e-03 -7.630215502558696135e-03
1.110562670098750004e+03 -3.480663045410193560e-03 -7.689281796869156665e-03
1.110594132709083624e+03 -3.478135944640019673e-03 -8.215547160041998878e-03
1.110609890575293775e+03 -3.477231165426526976e-03 -8.256583918041272840e-03
1.110625672053433391e+03 -3.474931683544229578e-03 -8.249196518616464316e-03
1.110641455498094047e+03 -3.470876070207193700e-03 -8.306215969397475959e-03
1.110672988317197223e+03 -3.465341348716107026e-03 -8.511118587874778180e-03
1.110688732070771948e+03 -3.461402509624182840e-03 -8.666839905458068732e-03
1.110704451990069629e+03 -3.456825493333100675e-03 -8.862988118581459351e-03
1.110720155249530990e+03 -3.453390640481416793e-03 -9.079279390164578592e-03
1.110751537833519706e+03 -3.444156464277829156e-03 -9.450366879131645928e-03
1.110767229718818953e+03 -3.439994061601658274e-03 -9.617722486529109091e-03
1.110782921968937444e+03 -3.436186199608228312e-03 -9.749213308253311394e-03
1.110814352960700717e+03 -3.425191604203260080e-03 -9.933771334228123570e-03
1.110830070726242184e+03 -3.419609421514450617e-03 -1.000851281371803979e-02
1.110845819814281640e+03 -3.412959698815042856e-03 -1.005056482771649919e-02
1.110861580953383736e+03 -3.406315223998317761e-03 -1.007773858734326011e-02
1.110893153421464149e+03 -3.392501149006073996e-03 -1.005401252371105301e-02
1.110908930138130700e+03 -3.385969153252539089e-03 -1.000627552635582895e-02
1.110924681137061725e+03 -3.378649360392888337e-03 -9.943879060507363962e-03
1.110940426540630824e+03 -3.373459141111911311e-03 -9.868234478432087384e-03
1.110971892645507751e+03 -3.362829796504118642e-03 -9.677623916208759683e-03
1.110987582435188415e+03 -3.357665627539599840e-03 -9.576656514478464402e-03
1.111003224467750215e+03 -3.352997277425678706e-03 -9.461114823570329624e-03
1.111034444641938762e+03 -3.348555316269476341e-03 -9.218711584616953031e-03
1.111050069848186695e+03 -3.346093321475000337e-03 -9.093915436227400714e-03
1.111065726942146284e+03 -3.343156654516180309e-03 -8.978624808984274688e-03
1.111081440238011965e+03 -3.338791700643713861e-03 -8.865987883103406894e-03
1.111112990685899604e+03 -3.332864860897992703e-03 -8.656858962076142625e-03
1.111128753137267950e+03 -3.334684774807284823e-03 -8.558955657310867229e-03
1.111144460955194518e+03 -3.333839194314610309e-03 -8.459476299144301839e-03
1.111160159647964520e+03 -3.335712877904507129e-03 -8.363173332212986075e-03
1.111191477733992087e+03 -3.339240665768607608e-03 -8.174862726760972337e-03
1.111207107082107768e+03 -3.343584529432409077e-03 -8.084880433158012081e-03
1.111222741762059513e+03 -3.350008462540158757e-03 -8.006315112163431280e-03
1.111254083065653731e+03 -3.364115952562104269e-03 -7.878810967769678611e-03
1.111269785801830267e+03 -3.370771747661394004e-03 -7.792947311035249361e-03
1.111285500242728858e+03 -3.379356344308807620e-03 -7.713364766009353501e-03
1.111301231474103815e+03 -3.390102255394749926e-03 -7.630469354865923072e-03
1.111332755548312207e+03 -3.409412452874507980e-03 -7.460400441527017049e-03
1.111348542193899675e+03 -3.419277158934767337e-03 -7.370864325659207475e-03
1.111364320027667873e+03 -3.425384414596945384e-03 -7.281339122154398096e-03
1.111380099678149918e+03 -3.434232684766649370e-03 -7.192918430287517824e-03
1.111411586743770158e+03 -3.449672594297213419e-03 -7.017352135528360374e-03
1.111427324338400012e+03 -3.452902726281614591e-03 -6.947065587788520645e-03
1.111443045273477537e+03 -3.459269078754556755e-03 -6.935389761323376007e-03
1.111474457353216167e+03 -3.467260326501676176e-03 -6.774442243739290347e-03
1.111490152923886399e+03 -3.470777240971709577e-03 -6.825537844942758565e-03
1.111505852348279404e+03 -3.473572845538171888e-03 -6.955390670960617458e-03
1.111521549947975700e+03 -3.475648319044310954e-03 -7.166096671429056722e-03
1.111552964962750139e+03 -3.479792414376129978e-03 -7.638494102369839181e-03
1.111568692095419465e+03 -3.480168684343480385e-03 -7.757964019874712125e-03
1.111584417659664723e+03 -3.481156023246647670e-03 -8.063923019941512602e-03
1.111600168275492933e+03 -3.481176846922931414e-03 -8.243525719151885423e-03
1.111631719287529450e+03 -3.475460659633956492e-03 -8.260061524463858593e-03
1.111647510949375828e+03 -3.473033799601949693e-03 -8.325588933868534672e-03
1.111663269711204975e+03 -3.469066807913112529e-03 -8.419584627815664829e-03
1.111694754235473056e+03 -3.461930566820137917e-03 -8.713866029799711976e-03
1.111710471313781682e+03 -3.459092463962290011e-03 -8.921452648229121277e-03
1.111726169903821301e+03 -3.455114318236440687e-03 -9.133690269587248223e-03
1.111741860145896453e+03 -3.450422850284109045e-03 -9.315276415734720025e-03
1.111773238713943556e+03 -3.440669427017561434e-03 -9.648131508130498510e-03
1.111788932085132956e+03 -3.435584886099292239e-03 -9.770944811802883753e-03
1.111804646282713747e+03 -3.430391921078988771e-03 -9.865292905058657691e-03
1.111820374298994693e+03 -3.425094516841326302e-03 -9.950961463564817963e-03
1.111851855304758828e+03 -3.412870517684357761e-03 -1.005338335751052199e-02
1.111867618758564277e+03 -3.405778532566427954e-03 -1.007489346339587519e-02
1.111883414638319664e+03 -3.398850809634456401e-03 -1.007169535259873870e-02
1.111914962304235587e+03 -3.384523984416147081e-03 -9.984883884868109294e-03
1.111930710352823553e+03 -3.377990229191463103e-03 -9.917452790869519391e-03
1.111946450015029768e+03 -3.372156314900692179e-03 -9.839979908602304939e-03
1.111962188000208016e+03 -3.367601331738978316e-03 -9.744090171619540150e-03
1.111993587789861294e+03 -3.358407071943326615e-03 -9.537639034663243295e-03
1.112009216275042263e+03 -3.353749135822617963e-03 -9.419848797539745813e-03
1.112024821403153055e+03 -3.351102919158427222e-03 -9.296462331545827379e-03
1.112040429451643377e+03 -3.348292024128034748e-03 -9.176318872316955796e-03
1.112071737589012400e+03 -3.341928123488459995e-03 -8.941312005637174626e-03
1.112087469655461518e+03 -3.340865701813812514e-03 -8.831080579267094194e-03
1.112103243216429973e+03 -3.338202396414033726e-03 -8.726362325192195749e-03
1.112134767841626854e+03 -3.333513045280334357e-03 -8.528156201475263834e-03
1.112150482063068694e+03 -3.335730030624390902e-03 -8.427596200813184529e-03
1.112166154671728918e+03 -3.335233315899526103e-03 -8.331983379546282695e-03
1.112181821488591368e+03 -3.338192100491269194e-03 -8.236287265390265441e-03
1.112213088739495561e+03 -3.346758820281304277e-03 -8.056788202201736748e-03
1.112228732421541963e+03 -3.353722918867089575e-03 -7.983433314169391740e-03
1.112244400705115368e+03 -3.361304883617901359e-03 -7.926096547481520718e-03
1.112260091631593468e+03 -3.368236365674966148e-03 -7.851882831385426781e-03
1.112291513238392554e+03 -3.385012554805262672e-03 -7.686320730283338100e-03
1.112307252329275570e+03 -3.394683663685219097e-03 -7.604648224447777514e-03
1.112323017725323780e+03 -3.403245434743502971e-03 -7.520538985780459221e-03
1.112354580074229716e+03 -3.420759355591843943e-03 -7.343072079106715937e-03
1.112370360687287302e+03 -3.430326035478278770e-03 -7.253509515894956093e-03
1.112386121034779535e+03 -3.437836473589062167e-03 -7.165373612207525181e-03
1.112401878115384307e+03 -3.445975540720063336e-03 -7.075161983199602413e-03
1.112433335965990636e+03 -3.457784915219035311e-03 -6.929893972706938771e-03
1.112449049274400295e+03 -3.462795564165583023e-03 -6.923165265218383935e-03
1.112464759041588195e+03 -3.465254579075552777e-03 -6.825934258545928238e-03
1.112480456109587067e+03 -3.469921341916449523e-03 -6.773497363262367954e-03
1.112511858077310535e+03 -3.478140735922724460e-03 -6.994524583221326496e-03
1.112527555367830246e+03 -3.479910269309592543e-03 -7.237840150578100061e-03
1.112543255254404585e+03 -3.481860474916671343e-03 -7.562700555926592412e-03
1.112574700754807054e+03 -3.482290966522593595e-03 -7.823361133284472899e-03
1.112590436277811705e+03 -3.483045943211372005e-03 -8.137324356916841167e-03
1.112606195033504491e+03 -3.480295634011030745e-03 -8.257688578401050153e-03
1.112621960026983288e+03 -3.479168375472858465e-03 -8.242819012904720882e-03
1.112653543765719178e+03 -3.472650852166816147e-03 -8.344072452851495139e-03
1.112669295757955297e+03 -3.469896300539499628e-03 -8.449555008461456448e-03
1.112685036326024147e+03 -3.466501463571496165e-03 -8.588107784097213579e-03
1.112700762936062119e+03 -3.462444235693021375e-03 -8.765521953360437546e-03
1.112732166089157317e+03 -3.454031825507324592e-03 -9.178741449616483611e-03
1.112747858402819929e+03 -3.451085273160097843e-03 -9.357034178994484350e-03
1.112763549886314649e+03 -3.447468881419266974e-03 -9.529364098725547072e-03
1.112794940863545207e+03 -3.437036407985894718e-03 -9.786306267152895116e-03
1.112810660996927936e+03 -3.433154628720460570e-03 -9.876988609690329213e-03
1.112826382029291608e+03 -3.424737150194479864e-03 -9.960312629485516475e-03
1.112842121675502312e+03 -3.419102603666910982e-03 -1.001585760905950029e-02
1.112873659672200802e+03 -3.405448364751787957e-03 -1.006749868267808705e-02
1.112889448570094146e+03 -3.397884172090053466e-03 -1.005673856161474686e-02
1.112905236103211109e+03 -3.390241274924457766e-03 -1.001522100091914447e-02
1.112920986803876531e+03 -3.385949759446834056e-03 -9.960768241944901666e-03
1.112952462882493592e+03 -3.372287064102465811e-03 -9.809077206748593319e-03
1.112968195449575887e+03 -3.366963692441968074e-03 -9.709932278938749814e-03
1.112983904070837525e+03 -3.361586469084116777e-03 -9.612186066559837497e-03
1.113015192482608654e+03 -3.354973652085998723e-03 -9.378281523723693350e-03
1.113030797813484924e+03 -3.351984399398227291e-03 -9.261432994370762811e-03
1.113046413905721238e+03 -3.349599067601283925e-03 -9.135581670472212729e-03
1.113062052818031134e+03 -3.348394333245566755e-03 -9.019981512471747162e-03
1.113093488180417580e+03 -3.338967398336614538e-03 -8.797798983964230310e-03
1.113109281247678155e+03 -3.337374896744929771e-03 -8.693717513020095267e-03
1.113125047482922128e+03 -3.336358437206226289e-03 -8.593707637750851169e-03
1.113140764957041711e+03 -3.336061303516432881e-03 -8.496221226408836105e-03
1.113172141134684580e+03 -3.339437222068712598e-03 -8.301091999496648666e-03
1.113187803684080336e+03 -3.340507219556924229e-03 -8.207584082829283770e-03
1.113203427137221297e+03 -3.343620493199245172e-03 -8.116718180613245043e-03
1.113234712210295356e+03 -3.356690217324413087e-03 -7.964400538867221629e-03
1.113250387321765857e+03 -3.363379765644913463e-03 -7.903126077026092003e-03
1.113266084604741764e+03 -3.370753398626962372e-03 -7.823402386423613727e-03
1.113281795137524796e+03 -3.380646960067774584e-03 -7.741536693366035844e-03
1.113313273288690425e+03 -3.400528135790489414e-03 -7.579637813638451932e-03
1.113329034611167572e+03 -3.408478288859588534e-03 -7.494863249119524534e-03
1.113344821651360235e+03 -3.416809292256889515e-03 -7.406190803261339384e-03
1.113360601388452096e+03 -3.426763864397167330e-03 -7.315895017758808523e-03
1.113392135607867885e+03 -3.442313289492094155e-03 -7.136965856284216599e-03
1.113407878507815894e+03 -3.448850355373215930e-03 -7.048902002333108652e-03
1.113423611314828804e+03 -3.455735402240265545e-03 -6.964052562166029095e-03
1.113455046046639154e+03 -3.464221191500209320e-03 -6.904660778419703659e-03
1.113470748356575541e+03 -3.468909875756020274e-03 -6.796283807674365074e-03
1.113486444659196195e+03 -3.471977643243100500e-03 -6.779989956425709619e-03
1.113502145288208339e+03 -3.475001994892002247e-03 -6.873811986990933064e-03
1.113533544101257576e+03 -3.481732248844583363e-03 -7.317393775815000945e-03
1.113549254247503995e+03 -3.484785510014452338e-03 -7.620259231793372577e-03
1.113564982750140871e+03 -3.484232682610610265e-03 -7.669728748504897609e-03
1.113580700333171535e+03 -3.485022457340778042e-03 -7.914067455580689817e-03
1.113612206726880913e+03 -3.482332548533283341e-03 -8.252251627572343429e-03
1.113627994216226853e+03 -3.481263546821957138e-03 -8.240933892479035752e-03
1.113643778396135758e+03 -3.477522696400941939e-03 -8.286548277570821713e-03
1.113675302995319498e+03 -3.470047884752384178e-03 -8.479538732181145580e-03
1.113691043559348827e+03 -3.467958164996731273e-03 -8.627358614921551080e-03
1.113706765415515520e+03 -3.463373159245924232e-03 -8.816353023371539810e-03
1.113722463735693736e+03 -3.459885219854940460e-03 -9.028610534927332745e-03
1.113753844701886237e+03 -3.450506784154254870e-03 -9.397558412318552865e-03
1.113769535431775466e+03 -3.445607167828931578e-03 -9.563295206983324012e-03
1.113785228200045822e+03 -3.441182883439349981e-03 -9.698117545865752795e-03
1.113800936077594770e+03 -3.437431997442071552e-03 -9.804098788486145105e-03
1.113832384896908479e+03 -3.425521683635951616e-03 -9.974158922086499499e-03
1.113848136363461208e+03 -3.419972612197716422e-03 -1.002641875299760919e-02
1.113863897109768686e+03 -3.411373285362119447e-03 -1.005998684370592970e-02
1.113895477355017420e+03 -3.398568391619413362e-03 -1.004849326160584845e-02
1.113911244020929644e+03 -3.392003160747092492e-03 -1.000501632212813692e-02
1.113926994578647736e+03 -3.383313363319668393e-03 -9.945737232886810164e-03
1.113942736571626028e+03 -3.378422939704256531e-03 -9.873608164287733455e-03
1.113974193789338187e+03 -3.367742815584684381e-03 -9.685459978848223392e-03
1.113989889409793022e+03 -3.362912273778227105e-03 -9.585622769533331394e-03
1.114005539258643239e+03 -3.357887105923789209e-03 -9.470603755981035765e-03
1.114021155036517030e+03 -3.353873111357694604e-03 -9.346825857283348055e-03
1.114052382892294872e+03 -3.349549093593042880e-03 -9.105362556753669734e-03
1.114068038222463883e+03 -3.346053693499268303e-03 -8.989779823782483026e-03
1.114083752539125726e+03 -3.343193301327755228e-03 -8.877268618180314888e-03
1.114115293110859284e+03 -3.337457372304282292e-03 -8.668309161905205298e-03
1.114131053839320884e+03 -3.339424049706990385e-03 -8.570628022262343285e-03
1.114146761750968835e+03 -3.337436031204632243e-03 -8.469293685068490785e-03
1.114162448645170798e+03 -3.338274943145538246e-03 -8.373502645271617070e-03
1.114193766875479469e+03 -3.343096379557802984e-03 -8.184687730321717550e-03
1.114209394776095223e+03 -3.348566849234512009e-03 -8.093838894805879466e-03
1.114225032287109798e+03 -3.353336254151071446e-03 -8.010610189523592606e-03
1.114240689506012359e+03 -3.359866124819780361e-03 -7.948930019889357407e-03
1.114272071052068441e+03 -3.374719445717042250e-03 -7.799489201228014014e-03
1.114287786422044746e+03 -3.383100592517993867e-03 -7.719677724424880635e-03
1.114303519393243732e+03 -3.392111775177033411e-03 -7.640067260039909262e-03
1.114335053566672514e+03 -3.413374920752255525e-03 -7.473837967848340202e-03
1.114350841272706475e+03 -3.421682594779393814e-03 -7.384255422944405352e-03
1.114366617791659337e+03 -3.428530451417880019e-03 -7.294561663214012975e-03
1.114382388605897404e+03 -3.437044320987288175e-03 -7.205390172330882956e-03
1.114413870340158155e+03 -3.451910865043463384e-03 -7.027511548569791329e-03
1.114429606820375511e+03 -3.457617480979737444e-03 -6.942935684864551260e-03
1.114445323868856576e+03 -3.462361043774851103e-03 -6.907099216020549416e-03
1.114461033449749038e+03 -3.468336268112298670e-03 -6.884738608944244477e-03
1.114492432373499241e+03 -3.475692611727800203e-03 -6.795188603445296953e-03
1.114508130977314295e+03 -3.478661648275752603e-03 -6.908684134497770565e-03
1.114523827420537827e+03 -3.481189111372565235e-03 -7.094327484340907757e-03
1.114555247200748227e+03 -3.484275127541529640e-03 -7.649367477589053173e-03
1.114570973734163317e+03 -3.485620200638092116e-03 -7.723309844031252258e-03
1.114586700637743434e+03 -3.486486785191689891e-03 -8.007749865481217713e-03
1.114602454299674946e+03 -3.484241367020265642e-03 -8.226863794494092968e-03
1.114634008503563336e+03 -3.479996077501761910e-03 -8.249845061307858538e-03
1.114649802844324540e+03 -3.478698701701331709e-03 -8.306932257257131774e-03
1.114665556295617762e+03 -3.473252115001745563e-03 -8.395606049694128922e-03
1.114681301285700783e+03 -3.470071484554371807e-03 -8.517248742059821409e-03
1.114712750751106569e+03 -3.463137142637625048e-03 -8.877093913391155208e-03
1.114728445241874851e+03 -3.460463239074671512e-03 -9.083741018065008901e-03
1.114744138418927150e+03 -3.456259841960930817e-03 -9.267109039339700705e-03
1.114775517619908669e+03 -3.446540256687483875e-03 -9.596764389636186846e-03
1.114791211227579879e+03 -3.441579233934988734e-03 -9.723874436552197575e-03
1.114806928607281634e+03 -3.435944058768135127e-03 -9.825430473463290723e-03
1.114822654477683500e+03 -3.429938120007255432e-03 -9.917222609925150159e-03
1.114854143465500556e+03 -3.416308460110603542e-03 -1.003553101168867985e-02
1.114869908514959207e+03 -3.411043759091569004e-03 -1.006320554777926854e-02
1.114885703900249837e+03 -3.403334971350338752e-03 -1.006645609915672590e-02
1.114901496222964624e+03 -3.397455309236934850e-03 -1.003647613829962253e-02
1.114932994482644972e+03 -3.383086895899041577e-03 -9.926450305127440532e-03
1.114948728220535031e+03 -3.376961552049616028e-03 -9.850814190672744358e-03
1.114964458300900105e+03 -3.370304837405419928e-03 -9.756236395089577101e-03
1.114980177992411200e+03 -3.366587662343794706e-03 -9.659563256834013609e-03
1.115011507277858755e+03 -3.357080419655902610e-03 -9.433722774740440492e-03
1.115027116311981899e+03 -3.353819483192774925e-03 -9.313071169278369990e-03
1.115042720790951535e+03 -3.351323527366974545e-03 -9.191261709085282727e-03
1.115074022099219064e+03 -3.345537236536427587e-03 -8.957063324508749216e-03
1.115089750834314145e+03 -3.341599898672681195e-03 -8.847238854593954954e-03
1.115105526426601273e+03 -3.340255223986810310e-03 -8.742661726798391097e-03
1.115121296514415462e+03 -3.338073213298650872e-03 -8.639705618294095738e-03
1.115152750858284435e+03 -3.338157947793634825e-03 -8.442973397670392594e-03
1.115168420907266636e+03 -3.338718254190458680e-03 -8.345385622655547217e-03
1.115184086606732762e+03 -3.341310093815175793e-03 -8.250356730278466527e-03
1.115215349366085093e+03 -3.348714102354600954e-03 -8.069409117368846890e-03
1.115230993948712467e+03 -3.354869596699046851e-03 -7.988797864332519358e-03
1.115246660357266364e+03 -3.362749627755121703e-03 -7.929577327038271617e-03
1.115262348928867823e+03 -3.370951591231961895e-03 -7.861453782084831809e-03
1.115293775500611900e+03 -3.387095651393919830e-03 -7.696341868057271669e-03
1.115309516688402709e+03 -3.397162204894213153e-03 -7.617948681393102786e-03
1.115325282006489260e+03 -3.404933156771695630e-03 -7.536217413943029596e-03
1.115341063276311388e+03 -3.413811917676787960e-03 -7.449718289619320852e-03
1.115372631271339515e+03 -3.432301454007004315e-03 -7.269112490449978689e-03
1.115388383688369231e+03 -3.439555943074624859e-03 -7.180033511598572261e-03
1.115404136032396082e+03 -3.446435502996402639e-03 -7.089045543899484027e-03
1.115435590742981503e+03 -3.459861122587093961e-03 -6.920236710951178753e-03
1.115451300860339416e+03 -3.464982026025470972e-03 -6.898246787635856948e-03
1.115467008160282376e+03 -3.468084703616068805e-03 -6.860063691012169805e-03
1.115482705044504655e+03 -3.471592572922694870e-03 -6.771251325644850327e-03
1.115514106945116964e+03 -3.481037111264289208e-03 -6.943414243435299879e-03
1.115529805568589836e+03 -3.483634440565842264e-03 -7.154626484705946254e-03
1.115545511485523548e+03 -3.485261474042097591e-03 -7.492309793298801597e-03
1.115561235437807682e+03 -3.488247471845052489e-03 -7.680678114503726624e-03
1.115592695549577229e+03 -3.485951744216758252e-03 -8.090903677910222733e-03
1.115608453391115745e+03 -3.484992863451103276e-03 -8.248373250895108325e-03
1.115624228872694857e+03 -3.482667278373827516e-03 -8.239626873250440603e-03
1.115640015753516082e+03 -3.479065133515646391e-03 -8.262491163505735273e-03
1.115671552558589838e+03 -3.474635885043294951e-03 -8.422275080361835142e-03
1.115687295733229575e+03 -3.470215395784458177e-03 -8.554701350720615369e-03
1.115703018245186968e+03 -3.466069576999977753e-03 -8.726665384267343409e-03
1.115734416135549054e+03 -3.457723099963977420e-03 -9.128269067004944615e-03
1.115750108468294229e+03 -3.453911017117597751e-03 -9.308656728322546592e-03
1.115765800076407231e+03 -3.450355221051833957e-03 -9.479937752592718092e-03
1.115781491244778636e+03 -3.446449722653685023e-03 -9.625248634825202265e-03
1.115812917372418497e+03 -3.436096481267934388e-03 -9.844137311789333267e-03
1.115828635808534273e+03 -3.429026222482463391e-03 -9.932652183129395476e-03
1.115844381137396113e+03 -3.422478957759440832e-03 -9.998253660831936396e-03
1.115860142828537846e+03 -3.416446873428675805e-03 -1.004330663954918976e-02
1.115891711638093739e+03 -3.401772766391209131e-03 -1.006016965665902478e-02
1.115907493216683406e+03 -3.394543635198185583e-03 -1.002486623410579585e-02
1.115923243547110360e+03 -3.388816940835913307e-03 -9.974219978261939651e-03
1.115954714610493738e+03 -3.375132102885623937e-03 -9.828499827275152118e-03
1.115970438150958216e+03 -3.369925245913635552e-03 -9.730463972346538315e-03
1.115986150787471161e+03 -3.363813376170403640e-03 -9.633610049442624390e-03
1.116001825462337365e+03 -3.359060933511992184e-03 -9.522554114448539969e-03
1.116033065663005573e+03 -3.353372731293695602e-03 -9.283354370931041696e-03
1.116048678711804087e+03 -3.350675305191860073e-03 -9.158879440448327094e-03
1.116064317952499778e+03 -3.348311272044721901e-03 -9.042207760442651579e-03
1.116080007338566929e+03 -3.344282008496348661e-03 -8.927126518922958928e-03
1.116111534227199854e+03 -3.337267629129780054e-03 -8.716001185217085723e-03
1.116127301605564071e+03 -3.337549721287892679e-03 -8.615177019476104661e-03
1.116143013074660757e+03 -3.337307473015920997e-03 -8.515766138441648037e-03
1.116174383011677264e+03 -3.339209450436933513e-03 -8.319726649696356988e-03
1.116190046062713691e+03 -3.341649013985372244e-03 -8.226439579743498320e-03
1.116205671797923287e+03 -3.344665220810157623e-03 -8.134547726929087022e-03
1.116221301060241103e+03 -3.351159919348718937e-03 -8.045609790766631436e-03
1.116252624883054523e+03 -3.364236292625983824e-03 -7.913115836965153513e-03
1.116268320219619227e+03 -3.370356084199927979e-03 -7.837583993514116859e-03
1.116284032146241316e+03 -3.379294328343678770e-03 -7.755881328738493952e-03
1.116315515986589389e+03 -3.400713472876032255e-03 -7.597533070854206247e-03
1.116331280795877547e+03 -3.408705894923902933e-03 -7.515271055707042729e-03
1.116347071743188963e+03 -3.418031173631265376e-03 -7.427372746386649328e-03
1.116362848065061598e+03 -3.425716407549541948e-03 -7.336664476792716105e-03
1.116394377164225489e+03 -3.443127239633345538e-03 -7.155556957398705002e-03
1.116410111593180090e+03 -3.451016061732987538e-03 -7.066482715008612879e-03
1.116425846521432049e+03 -3.454937225574334324e-03 -6.976771031468581748e-03
1.116441567105634022e+03 -3.462238428992943026e-03 -6.901184143658326865e-03
1.116472977200764490e+03 -3.470299550145257081e-03 -6.837534984153504497e-03
1.116488673090037537e+03 -3.473947755611831150e-03 -6.771890875819934832e-03
1.116504373499478561e+03 -3.476948205722222348e-03 -6.837431414222707067e-03
1.116520073126964235e+03 -3.479556970179312290e-03 -6.983772370907198254e-03
1.116551486696420170e+03 -3.485605326695833707e-03 -7.572882599742789683e-03
1.116567213847743005e+03 -3.485147547513283046e-03 -7.688695471830524902e-03
1.116582936844964479e+03 -3.486765061481618150e-03 -7.855754975358383851e-03
1.116614443573739891e+03 -3.483455996803819493e-03 -8.250138294767629318e-03
1.116630236304272103e+03 -3.482740999951698928e-03 -8.241946779641228307e-03
1.116646023855971862e+03 -3.479870628374646512e-03 -8.280279636972080748e-03
1.116661789180297319e+03 -3.476910820548365089e-03 -8.349623110078287225e-03
1.116693276640542081e+03 -3.469664140312724455e-03 -8.594858735842271155e-03
1.116708996347425909e+03 -3.466715513372573172e-03 -8.777998811044972899e-03
1.116724695297222070e+03 -3.462270993200170042e-03 -8.981278340823139333e-03
1.116740383870368078e+03 -3.458167332755716916e-03 -9.169909980730254345e-03
1.116771763550515971e+03 -3.448139738118010961e-03 -9.512498841442992847e-03
1.116787456192827676e+03 -3.443205768550675755e-03 -9.650142905086247710e-03
1.116803167848921021e+03 -3.438649386733701272e-03 -9.761581373135683887e-03
1.116834621276045709e+03 -3.427584606854632530e-03 -9.947241550740131347e-03
1.116850372991936183e+03 -3.422004038136863650e-03 -1.000833259842951600e-02
1.116866134702747786e+03 -3.413361512436034750e-03 -1.004992594590315910e-02
1.116881930382632845e+03 -3.407139590645038522e-03 -1.006583771034239017e-02
1.116913479193456624e+03 -3.392871235059964977e-03 -1.001348292405648994e-02
1.116929228349835284e+03 -3.385145433446495704e-03 -9.959519750106423167e-03
1.116944967611695802e+03 -3.379457094990882555e-03 -9.890414025996442995e-03
1.116960691819717795e+03 -3.374690474362000269e-03 -9.804539982637068204e-03
1.116992120624780910e+03 -3.363301601449646561e-03 -9.606107566028981512e-03
1.117007780264230405e+03 -3.358265852122066519e-03 -9.491195817705147530e-03
1.117023400716903780e+03 -3.353825719412039438e-03 -9.368179365876850434e-03
1.117054625477601348e+03 -3.348569386225136967e-03 -9.128462038181146126e-03
1.117070278749457884e+03 -3.344958445448390719e-03 -9.011089132492591455e-03
1.117085989629627647e+03 -3.342808713614705586e-03 -8.898559502630281476e-03
1.117101740099690232e+03 -3.340200345915140916e-03 -8.793051212206822939e-03
1.117133281749118623e+03 -3.335748357888703407e-03 -8.590593243254788375e-03
1.117148992096807433e+03 -3.336475455978003390e-03 -8.487941202646528613e-03
1.117164669400553748e+03 -3.336194479047637287e-03 -8.391054636729610230e-03
1.117180338592163480e+03 -3.338394171755253853e-03 -8.294184475267278242e-03
1.117211613902646377e+03 -3.347124901170899988e-03 -8.109645618385927929e-03
1.117227250277300072e+03 -3.352758351956796994e-03 -8.022093947308055889e-03
1.117242909670718518e+03 -3.358735457350060013e-03 -7.952617508492240000e-03
1.117274286389189911e+03 -3.373350401943075397e-03 -7.812856758570092125e-03
1.117290001474690143e+03 -3.381984961412350544e-03 -7.732125325855550291e-03
1.117305736334996027e+03 -3.390614343487649909e-03 -7.653843901137350088e-03
1.117321501972507122e+03 -3.400036792553417370e-03 -7.575546827935372880e-03
1.117353069427579157e+03 -3.418700921007057289e-03 -7.402632558523889600e-03
1.117368844045846799e+03 -3.427939324308953897e-03 -7.312260087657829026e-03
1.117384604788610659e+03 -3.436279273697476124e-03 -7.222852364136855309e-03
1.117400361369969005e+03 -3.445557805454530029e-03 -7.129633086964635817e-03
1.117431817062187974e+03 -3.458046161795015963e-03 -6.951001003254390735e-03
1.117447530139819719e+03 -3.462740192378185606e-03 -6.884737306830633098e-03
1.117463239613313590e+03 -3.466775312785221833e-03 -6.878849588455520671e-03
1.117494637093248230e+03 -3.476797120676265208e-03 -6.775507657639199231e-03
1.117510340144664269e+03 -3.479597320315601806e-03 -6.865923436740360361e-03
1.117526035402591560e+03 -3.482297619013638174e-03 -7.033999247546312422e-03
1.117541735477514067e+03 -3.484445221645276862e-03 -7.305796413498646599e-03
1.117573182717292639e+03 -3.486144199373070185e-03 -7.717231825948536739e-03
1.117588914303485353e+03 -3.487384100496768950e-03 -7.941903789878038133e-03
1.117604671368965683e+03 -3.484113110610110534e-03 -8.205174751666422656e-03
1.117620432584152240e+03 -3.483825336974845886e-03 -8.247886624402444092e-03
1.117652019568575270e+03 -3.478935931325170469e-03 -8.299748483400799445e-03
1.117667772132657774e+03 -3.474489106814308576e-03 -8.376242070145105759e-03
1.117683514398145462e+03 -3.471804025740178861e-03 -8.488569257172106156e-03
1.117714957880236398e+03 -3.463581585120401648e-03 -8.835879491299106908e-03
1.117730651117415391e+03 -3.460669932821269865e-03 -9.032259301931615941e-03
1.117746343043966363e+03 -3.457591925084242158e-03 -9.215604415154732276e-03
1.117762035199863021e+03 -3.453437176680161994e-03 -9.390754590603915888e-03
1.117793420377846587e+03 -3.443233473066542507e-03 -9.673116147252290922e-03
1.117809139990081803e+03 -3.438482189494928513e-03 -9.781285385546050620e-03
1.117824862521268415e+03 -3.430675026756199036e-03 -9.882647827113363523e-03
1.117840597958104127e+03 -3.425512175071848860e-03 -9.958591731248170667e-03
1.117872129047050976e+03 -3.411736725092277735e-03 -1.004967099900645928e-02
1.117887922157672165e+03 -3.403945547351832496e-03 -1.005939052556218891e-02
1.117903711791154365e+03 -3.396786113262039233e-03 -1.003662605852566510e-02
1.117935207061485698e+03 -3.383853961265591466e-03 -9.936416711130553747e-03
1.117950936051412555e+03 -3.377542218504284415e-03 -9.864189604841163903e-03
1.117966657671061512e+03 -3.370579389698064032e-03 -9.772222880293062949e-03
1.117982375816381591e+03 -3.365396993013720830e-03 -9.676059543235205826e-03
1.118013724286314982e+03 -3.356967523344435694e-03 -9.451260131265178804e-03
1.118029338531591293e+03 -3.352946133334668271e-03 -9.333724780367553403e-03
1.118044945188513793e+03 -3.350158914812467314e-03 -9.209409455218810561e-03
1.118060567855816316e+03 -3.349773146593874526e-03 -9.092783417439052190e-03
1.118091961993821087e+03 -3.339381086325824734e-03 -8.866301534143855925e-03
1.118107736643994258e+03 -3.338088636003941258e-03 -8.760994279078140184e-03
1.118123507932456050e+03 -3.335686911131321899e-03 -8.657956229906664525e-03
1.118154950219437978e+03 -3.336161745823198587e-03 -8.458789138567311683e-03
1.118170617321666441e+03 -3.338204375840381818e-03 -8.360586805754013570e-03
1.118186283775620495e+03 -3.339395120620744940e-03 -8.265230772396950365e-03
1.118201912736089071e+03 -3.342470144210910737e-03 -8.173206038328573522e-03
1.118233187099448969e+03 -3.353218751179184217e-03 -7.996567376179111730e-03
1.118248851892273706e+03 -3.359802936724353740e-03 -7.931377559706669772e-03
1.118264538140121886e+03 -3.368064773653338048e-03 -7.869779781351912348e-03
1.118280245310586679e+03 -3.377316577741436288e-03 -7.787610066144244093e-03
1.118311712197504221e+03 -3.396257351776820962e-03 -7.629586009989182925e-03
1.118327478776009002e+03 -3.403883487337386500e-03 -7.550738622985858628e-03
1.118343265860086376e+03 -3.412272961487711545e-03 -7.465137484322151122e-03
1.118374829676834906e+03 -3.431768905567909693e-03 -7.284075736179395320e-03
1.118390576082190137e+03 -3.439330485567482915e-03 -7.194303579860168545e-03
1.118406322491832270e+03 -3.445807204120316086e-03 -7.102090009349638390e-03
1.118422050858233888e+03 -3.455265184166331389e-03 -7.012219279200451912e-03
1.118453483432823305e+03 -3.463955501484432004e-03 -6.868486177889304017e-03
1.118469187850207845e+03 -3.468742820498649845e-03 -6.865024488285811910e-03
1.118484884447529794e+03 -3.472002399379459266e-03 -6.792127109016937204e-03
1.118500585541002692e+03 -3.475734698791901802e-03 -6.783099450131257688e-03
1.118531985697634809e+03 -3.484031046640007241e-03 -7.084336493826240422e-03
1.118547695229290639e+03 -3.486572798566686584e-03 -7.393710551627760350e-03
1.118563421888215998e+03 -3.487815561370850859e-03 -7.690454277782077935e-03
1.118594885631194757e+03 -3.486870127002715189e-03 -8.028716485237450892e-03
1.118610642775758151e+03 -3.486178034418133641e-03 -8.235152199593410299e-03
1.118626426476253073e+03 -3.484694667765436682e-03 -8.236573354734986682e-03
1.118642209569779880e+03 -3.480803210293376658e-03 -8.255992703517135364e-03
1.118673740339318329e+03 -3.475105037460470524e-03 -8.401817816749335491e-03
1.118689483760633038e+03 -3.472047410111262899e-03 -8.526657146618654703e-03
1.118705204124968986e+03 -3.467425109681751636e-03 -8.693705966295145818e-03
1.118720906071286436e+03 -3.464244400621202015e-03 -8.888319100627189301e-03
1.118752288138862468e+03 -3.455030086969790738e-03 -9.257345225331340549e-03
1.118767979306280722e+03 -3.450607228214996880e-03 -9.427561266644656976e-03
1.118783671047524422e+03 -3.446684772256118634e-03 -9.573557610551107835e-03
1.118815103122432447e+03 -3.435584785704995196e-03 -9.800518900932185876e-03
1.118830821053922364e+03 -3.430478258944153272e-03 -9.896736501086907806e-03
1.118846570825275421e+03 -3.424001992552092900e-03 -9.968404177621872225e-03
1.118862331923336342e+03 -3.416766540572584426e-03 -1.002148500618387644e-02
1.118893906407914983e+03 -3.403236087533185582e-03 -1.005064782109346341e-02
1.118909679756911601e+03 -3.396632221791648538e-03 -1.002247218951776188e-02
1.118925430366172122e+03 -3.388302771590869043e-03 -9.977441978780473425e-03
1.118941173011788806e+03 -3.383068755087290363e-03 -9.915580521697615890e-03
1.118972612775758762e+03 -3.370636600809281437e-03 -9.742585074148419830e-03
1.118988325364200364e+03 -3.364843033571856840e-03 -9.647288549112282077e-03
1.119004009592330249e+03 -3.359462650132704307e-03 -9.537729637071034813e-03
1.119035259120268165e+03 -3.352414685862926090e-03 -9.298350258973355278e-03
1.119050871458233132e+03 -3.350486940071725501e-03 -9.176057994001255921e-03
1.119066506619416487e+03 -3.346086418577220480e-03 -9.059142733430983543e-03
1.119082196476899071e+03 -3.342965247918743953e-03 -8.943538683008150914e-03
1.119113715563072219e+03 -3.336496229101057996e-03 -8.732661614337411740e-03
1.119129483230813776e+03 -3.337852229121006983e-03 -8.631125082792599074e-03
1.119145190723475480e+03 -3.335781603283933996e-03 -8.529627027271778281e-03
1.119160885486958705e+03 -3.337683196301656496e-03 -8.431149463156649079e-03
1.119192212439269724e+03 -3.341045505666408438e-03 -8.239111545291340211e-03
1.119207842110621414e+03 -3.345082029392259983e-03 -8.146558112040463637e-03
1.119223470963888758e+03 -3.349878175693412220e-03 -8.056089837642483806e-03
1.119254788526120365e+03 -3.363477983235379533e-03 -7.914548921406258999e-03
1.119270482397538444e+03 -3.369760466720236967e-03 -7.845018680828855576e-03
1.119286194510400264e+03 -3.377762896350678008e-03 -7.763016756577309670e-03
1.119301923319630532e+03 -3.387182179811301999e-03 -7.682693734687942415e-03
1.119333455440493026e+03 -3.408039279677143717e-03 -7.527611280467724590e-03
1.119349246914405512e+03 -3.418055663547135779e-03 -7.440210850224704929e-03
1.119365020021698911e+03 -3.424498273145083586e-03 -7.350151853634997838e-03
1.119380791544971544e+03 -3.433909024168114305e-03 -7.259779540711190290e-03
1.119412270464828225e+03 -3.450743873893680116e-03 -7.076329316626591391e-03
1.119428005441078085e+03 -3.455297757290678486e-03 -6.984772951506966303e-03
1.119443722191662800e+03 -3.461884344950906089e-03 -6.898944146179750332e-03
1.119475132368823552e+03 -3.471373462779527193e-03 -6.850037508506638499e-03
1.119490828244810473e+03 -3.475336986433007636e-03 -6.776561901245713865e-03
1.119506528108797738e+03 -3.478600379114225784e-03 -6.799768076520989503e-03
1.119522226640855024e+03 -3.481256856310755658e-03 -6.929735870371324727e-03
1.119553644582934567e+03 -3.485819771154012852e-03 -7.487621061669915562e-03
1.119569371919945979e+03 -3.487096878541959526e-03 -7.706927555130019779e-03
1.119585098005007239e+03 -3.488414713507631462e-03 -7.796659618552117567e-03
1.119600848723959189e+03 -3.488256281396952957e-03 -8.111486940704584758e-03
1.119632400543451240e+03 -3.483461271834127886e-03 -8.234705858674267256e-03
1.119648193655606065e+03 -3.481666918683016827e-03 -8.271290223001718372e-03
1.119663950095794917e+03 -3.477423688659147388e-03 -8.338076997927941492e-03
1.119695433553909197e+03 -3.470896069751416672e-03 -8.568622346815905552e-03
1.119711150757036421e+03 -3.468095652489682976e-03 -8.745467017411977934e-03
1.119726848011013317e+03 -3.464683406646972257e-03 -8.935386273118737718e-03
1.119742540185620101e+03 -3.459969569982924379e-03 -9.119997640962943658e-03
1.119773917322339912e+03 -3.450440286637390837e-03 -9.459914022858374738e-03
1.119789610102764073e+03 -3.445384162380310707e-03 -9.597760072413667395e-03
1.119805324963917428e+03 -3.439930200987810060e-03 -9.711113539246127302e-03
1.119821052417456258e+03 -3.434595962276257297e-03 -9.820919966746530921e-03
1.119852534530451294e+03 -3.421643447515933852e-03 -9.979170927002175423e-03
1.119868298621983286e+03 -3.415292665856994869e-03 -1.002712730197247507e-02
1.119884094433485643e+03 -3.407972334715116732e-03 -1.004972909816996031e-02
1.119915640668173864e+03 -3.393252778456967971e-03 -1.001070029744325143e-02
1.119931387703767768e+03 -3.386847820467743780e-03 -9.961012616235248585e-03
1.119947123333865193e+03 -3.380330845432755887e-03 -9.896579882975030731e-03
1.119962844199468464e+03 -3.374297837668585598e-03 -9.813595989019480506e-03
1.119994270147712086e+03 -3.364839553627462128e-03 -9.618997377504262883e-03
1.120009943951045216e+03 -3.358796764263458339e-03 -9.504677751197921146e-03
1.120025568279766276e+03 -3.354306856900159811e-03 -9.383688798182028556e-03
1.120041173713069611e+03 -3.351126804395266386e-03 -9.264083088586262671e-03
1.120072442537605184e+03 -3.345446517410657471e-03 -9.027096025832771764e-03
1.120088149629743384e+03 -3.342093824988191016e-03 -8.914629699539365973e-03
1.120103899791802405e+03 -3.339352450094898710e-03 -8.809506656001959285e-03
1.120135432281112571e+03 -3.333179935530053949e-03 -8.605099425909380415e-03
1.120151142535934696e+03 -3.336194160390595562e-03 -8.502515928414193166e-03
1.120166815848320766e+03 -3.335891019616650868e-03 -8.403851995258447213e-03
1.120182484149088850e+03 -3.338654528313770697e-03 -8.306472481567751462e-03
1.120213755579731696e+03 -3.345823538349599214e-03 -8.121066415350101236e-03
1.120229392736942600e+03 -3.351694094381000091e-03 -8.030026269865091215e-03
1.120245049118099587e+03 -3.358797047996246472e-03 -7.953088935855421454e-03
1.120260726584200711e+03 -3.365544072097110227e-03 -7.896902621195165534e-03
1.120292140733610040e+03 -3.381453803948698388e-03 -7.739070427500932894e-03
1.120307877547380713e+03 -3.390798719711279711e-03 -7.661723768180471114e-03
1.120323644834370498e+03 -3.399208040328797510e-03 -7.586215431273648190e-03
1.120355216859386701e+03 -3.418100161465910392e-03 -7.415375063891844164e-03
1.120370991171470223e+03 -3.428209549656563958e-03 -7.324396926179792093e-03
1.120386744308924790e+03 -3.436055278022124779e-03 -7.235024221376230337e-03
1.120402496838878278e+03 -3.444490858352744489e-03 -7.140771725019722828e-03
1.120433947910882353e+03 -3.458413930699310180e-03 -6.958033138163063208e-03
1.120449657643007640e+03 -3.464085990635975155e-03 -6.878062586425425472e-03
1.120465366119968394e+03 -3.466981819793573359e-03 -6.849895851830919979e-03
1.120481063614888399e+03 -3.471856226107895155e-03 -6.833774698763541745e-03
1.120512466030257656e+03 -3.481560190240393614e-03 -6.820977721309495409e-03
1.120528165812153702e+03 -3.483841732299652882e-03 -6.976270398443215615e-03
1.120543867047121694e+03 -3.486131094174092521e-03 -7.216783679917907618e-03
1.120575312571943641e+03 -3.487350908516036446e-03 -7.722764522658110385e-03
1.120591049505909268e+03 -3.488395483173317366e-03 -7.868729408043145801e-03
1.120606807655974535e+03 -3.486492568260030067e-03 -8.175267969554398523e-03
1.120622575041029449e+03 -3.485332992013505469e-03 -8.242823546314646116e-03
1.120654156745080172e+03 -3.479070777607138742e-03 -8.289242059088038767e-03
1.120669908318894613e+03 -3.477376706098331185e-03 -8.362753027858375876e-03
1.120685649088145510e+03 -3.473749989237572434e-03 -8.466600847986017683e-03
1.120701375189834607e+03 -3.469817995526613009e-03 -8.615350169274256856e-03
1.120732777550021183e+03 -3.461561064770039310e-03 -8.983981245444359540e-03
1.120748469983740051e+03 -3.458536094226612959e-03 -9.166112272141209438e-03
1.120764161203028380e+03 -3.455153931705185096e-03 -9.339384394462343919e-03
1.120795552490021919e+03 -3.444863590577330794e-03 -9.622957796302050032e-03
1.120811272519087197e+03 -3.441017731927072543e-03 -9.735074602928491666e-03
1.120826992532239046e+03 -3.432661794355540159e-03 -9.843552807643717734e-03
1.120842733117166972e+03 -3.426728659604056683e-03 -9.928636099124459741e-03
1.120874274007853955e+03 -3.413182922598026470e-03 -1.003281140158486517e-02
1.120890060866853219e+03 -3.405603708026306957e-03 -1.004916563162202084e-02
1.120905846808426077e+03 -3.397719623226431399e-03 -1.003344828253834205e-02
1.120921596409939411e+03 -3.393199803171533142e-03 -9.997679428065456980e-03
1.120953066897047620e+03 -3.378595903891458505e-03 -9.875791609356745701e-03
1.120968781177365599e+03 -3.372463412936090293e-03 -9.786445092968980991e-03
1.120984494627062986e+03 -3.366429458175966560e-03 -9.691469884675948249e-03
1.121000197380567670e+03 -3.361429543628299040e-03 -9.587695225314290040e-03
1.121031478819682434e+03 -3.353983873432845198e-03 -9.353231003986996542e-03
1.121047087944811210e+03 -3.350451985126716263e-03 -9.229506197020120872e-03
1.121062710566249052e+03 -3.349499386721621879e-03 -9.112581474698204162e-03
1.121094096439581790e+03 -3.340212030054214715e-03 -8.885314922506699561e-03
1.121109872168806305e+03 -3.337225273174680013e-03 -8.779905129509942008e-03
1.121125645925577828e+03 -3.336042449324745814e-03 -8.676497295548028788e-03
1.121141366744771631e+03 -3.335617266635547765e-03 -8.576227251989483602e-03
1.121172738991739607e+03 -3.338313460061681330e-03 -8.375632851308746629e-03
1.121188408119423457e+03 -3.339208491312104041e-03 -8.280134415086178729e-03
1.121204035626512223e+03 -3.341869235442055091e-03 -8.186235853544434823e-03
1.121235307693345703e+03 -3.353408024068995491e-03 -8.006572362763281214e-03
1.121250969516323494e+03 -3.359424922947891468e-03 -7.933993364072708041e-03
1.121266654649440170e+03 -3.366219084930655112e-03 -7.876104421092204599e-03
1.121282362037125949e+03 -3.375799286181720323e-03 -7.798123282382844225e-03
1.121313835405908094e+03 -3.395784700656727297e-03 -7.640144171291183249e-03
1.121329602602941804e+03 -3.404050556265735342e-03 -7.563698204325371502e-03
1.121345394561153171e+03 -3.412915387870863772e-03 -7.479113683438555656e-03
1.121361171673907165e+03 -3.422911906410682891e-03 -7.389393960419320638e-03
1.121392695240027706e+03 -3.440080136916717855e-03 -7.207614334158438975e-03
1.121408432887814115e+03 -3.447565051837745125e-03 -7.114290290100903046e-03
1.121424163679093681e+03 -3.454177881882473846e-03 -7.022385668941039626e-03
1.121455592527247745e+03 -3.464718218328801096e-03 -6.858288614883349676e-03
1.121471293614249134e+03 -3.469901184105782764e-03 -6.843916858908827110e-03
1.121486990168295961e+03 -3.473474072517615443e-03 -6.814707951046545913e-03
1.121502690901964570e+03 -3.476819676203197953e-03 -6.768033114156395830e-03
1.121534091696654059e+03 -3.484070228767198029e-03 -7.025125115244248292e-03
1.121549803501275392e+03 -3.487770863482449451e-03 -7.302195104906485448e-03
1.121565532040184280e+03 -3.487369357490642703e-03 -7.667341285359615538e-03
1.121581250669120436e+03 -3.488925835685790459e-03 -7.723832272938184126e-03
1.121612756941765156e+03 -3.486780142745830435e-03 -8.218974927326554505e-03
1.121628545954322817e+03 -3.486231706051604994e-03 -8.234689991998138045e-03
1.121644330415349259e+03 -3.482973583192947812e-03 -8.247650024478499556e-03
1.121660103294153942e+03 -3.480626038740374309e-03 -8.310257294110149143e-03
1.121691592858845070e+03 -3.473800241247632092e-03 -8.503503645933019675e-03
1.121707315501299945e+03 -3.469739457533034359e-03 -8.666895226523117085e-03
1.121723013490759286e+03 -3.466145275426971064e-03 -8.850917915477124476e-03
1.121754394080425527e+03 -3.456972788972707041e-03 -9.210442214707606837e-03
1.121770084136175228e+03 -3.452037782879591697e-03 -9.378676711696263407e-03
1.121785776276802608e+03 -3.447503207620171688e-03 -9.527008339237369103e-03
1.121801484767669081e+03 -3.443651874343440795e-03 -9.646656665862630639e-03
1.121832934359958699e+03 -3.431841068112376561e-03 -9.864412065190902509e-03
1.121848685478046264e+03 -3.426582839738880493e-03 -9.942894272141646755e-03
1.121864446319485523e+03 -3.417646113512489217e-03 -1.000154731829034326e-02
1.121880241011697535e+03 -3.412252711660522780e-03 -1.003671018978091918e-02
1.121911792052590954e+03 -3.397886391440733695e-03 -1.002349215122666330e-02
1.121927541996847594e+03 -3.389096983942372753e-03 -9.982513713914094658e-03
1.121943282731627960e+03 -3.383755407377432144e-03 -9.925727155936448290e-03
1.121974716306705659e+03 -3.371661565088751155e-03 -9.758589305762309374e-03
1.121990426922855931e+03 -3.366088963191342810e-03 -9.664829347902930204e-03
1.122006118690375160e+03 -3.360644803794427590e-03 -9.556191535832366662e-03
1.122021765737956457e+03 -3.355531872960054642e-03 -9.434759937211817729e-03
1.122052993036592625e+03 -3.350170944126642288e-03 -9.197498560361663453e-03
1.122068629320993523e+03 -3.345814426721536051e-03 -9.079374650935202740e-03
1.122084319739022021e+03 -3.343545903738720428e-03 -8.963647313915823825e-03
1.122100046270092434e+03 -3.340999044300933460e-03 -8.857083140751478151e-03
1.122131597810162020e+03 -3.337617794474119493e-03 -8.650255153484670209e-03
1.122147306008279884e+03 -3.335339336214339454e-03 -8.546582834451718277e-03
1.122162990700562659e+03 -3.335907189298043321e-03 -8.447115652477485068e-03
1.122194314388942985e+03 -3.341109599143709565e-03 -8.253954314702707448e-03
1.122209944473673204e+03 -3.345721243297215559e-03 -8.159995713552367982e-03
1.122225577751690935e+03 -3.349610807011743283e-03 -8.068782640708985904e-03
1.122241224823735820e+03 -3.355240871488028662e-03 -7.982187931998179983e-03
1.122272582342608075e+03 -3.369339817732951506e-03 -7.854093427810531283e-03
1.122288293523834454e+03 -3.377590928448624599e-03 -7.772346218917533696e-03
1.122304024268494913e+03 -3.385786079207610526e-03 -7.692653988603456727e-03
1.122335564273124646e+03 -3.408352375281798168e-03 -7.541230989802472084e-03
1.122351357074493080e+03 -3.416594006986959850e-03 -7.454041587956539150e-03
1.122367127237497471e+03 -3.424444400481248870e-03 -7.364463345122317789e-03
1.122382890669700146e+03 -3.433545690372042172e-03 -7.273733431891611124e-03
1.122414365404884165e+03 -3.449331188340742232e-03 -7.087476845033863736e-03
1.122430098012510825e+03 -3.456459958314613695e-03 -6.994760618595381556e-03
1.122445811335583130e+03 -3.461699256381268151e-03 -6.906335995339847426e-03
1.122461519600800557e+03 -3.467922680608185714e-03 -6.841172468327374676e-03
1.122492919153289222e+03 -3.476615744335271110e-03 -6.794073108776693681e-03
1.122508618837497352e+03 -3.479899073475937413e-03 -6.774887284050032897e-03
1.122524315657607758e+03 -3.483024953552532870e-03 -6.884835456338518796e-03
1.122540015861873144e+03 -3.485307995331656927e-03 -7.079395449763707659e-03
1.122571463835273562e+03 -3.488544016179252489e-03 -7.717746876255199631e-03
1.122587191630595044e+03 -3.489917643369774922e-03 -7.755585849697791898e-03
1.122602945745984471e+03 -3.487585691022892630e-03 -8.053392795242014096e-03
1.122634499955279352e+03 -3.484383269252138999e-03 -8.233098642050981283e-03
1.122650293727725284e+03 -3.483413332834917487e-03 -8.263582622591841148e-03
1.122666046923857039e+03 -3.478132581228231875e-03 -8.332813095098128703e-03
1.122681791520209799e+03 -3.475337957894876918e-03 -8.420034439826029615e-03
1.122713240714304220e+03 -3.468340783139354025e-03 -8.721362202684461093e-03
1.122728935086245201e+03 -3.465917565579056461e-03 -8.901286781368243986e-03
1.122744627651662313e+03 -3.462043310795997163e-03 -9.081835667948562688e-03
1.122760320065779069e+03 -3.457202940656226020e-03 -9.255236413551084021e-03
1.122791700547407117e+03 -3.447552242479870813e-03 -9.555252685218670189e-03
1.122807418405565386e+03 -3.441989262401181845e-03 -9.672300870720722948e-03
1.122823143317596760e+03 -3.435607769576257565e-03 -9.784682689529290711e-03
1.122854633899481087e+03 -3.422001652686574094e-03 -9.957037869255466397e-03
1.122870399369339793e+03 -3.416748664605225722e-03 -1.001098594878409472e-02
1.122886194596859696e+03 -3.408904614915467864e-03 -1.003915244355087569e-02
1.122901986150117182e+03 -3.402724175052605424e-03 -1.003723843063016388e-02
1.122933482797140186e+03 -3.388298038171103956e-03 -9.966623124624408858e-03
1.122949214215866505e+03 -3.381635354500174898e-03 -9.905571174605226278e-03
1.122964932090472303e+03 -3.374388486517428207e-03 -9.825769280974365125e-03
1.122980640681589648e+03 -3.369755596261412092e-03 -9.732851425485463531e-03
1.123012037090064496e+03 -3.359969050740693308e-03 -9.521396562090876994e-03
1.123027672608275680e+03 -3.354392831016593957e-03 -9.403458654789921892e-03
1.123043280751382554e+03 -3.351399513906113976e-03 -9.283042793477011556e-03
1.123074550481178676e+03 -3.345700529031507466e-03 -9.046999628149606995e-03
1.123090254143658967e+03 -3.341036344554351115e-03 -8.934504385585472636e-03
1.123106004143584641e+03 -3.339093243220066492e-03 -8.829132897852247364e-03
1.123121782178185867e+03 -3.336498644495637222e-03 -8.723543760081071269e-03
1.123153239445904546e+03 -3.336029605105980851e-03 -8.520302611645273055e-03
1.123168909215892882e+03 -3.336670008628403461e-03 -8.419469860185666357e-03
1.123184575607203215e+03 -3.338726647443342622e-03 -8.322493078579112219e-03
1.123200213583984350e+03 -3.342306507465702455e-03 -8.228049250189701722e-03
1.123231482175666770e+03 -3.350543131106887597e-03 -8.042586653791809759e-03
1.123247136133213871e+03 -3.357410001103471823e-03 -7.958706582148061814e-03
1.123262810166944973e+03 -3.365423761475180853e-03 -7.900726248240277569e-03
1.123294227665821609e+03 -3.381002048810196909e-03 -7.748148757725320697e-03
1.123309967128258450e+03 -3.391268558698849137e-03 -7.672121078921083706e-03
1.123325736069510185e+03 -3.399200414015094134e-03 -7.598659198507010971e-03
1.123341521318104697e+03 -3.408406999430456472e-03 -7.518251418366330395e-03
1.123373083204992099e+03 -3.428297976050235715e-03 -7.338397950705072802e-03
1.123388829840949256e+03 -3.436098761686538772e-03 -7.248813120475151341e-03
1.123404577884660966e+03 -3.443353671186975915e-03 -7.153718485122019695e-03
1.123420302860416996e+03 -3.453179630592511599e-03 -7.060636213753449311e-03
1.123451732829070124e+03 -3.464060721094913524e-03 -6.882628519988232170e-03
1.123467438953534156e+03 -3.468050011037914371e-03 -6.828112064957146329e-03
1.123483136268950830e+03 -3.471864124199584931e-03 -6.834458732392741792e-03
1.123514539469828378e+03 -3.482081196822704987e-03 -6.787336489742067797e-03
1.123530238323596677e+03 -3.485360591608306895e-03 -6.928868206182433459e-03
1.123545946377310884e+03 -3.487478111833742372e-03 -7.145053295161019058e-03
1.123561670768874137e+03 -3.490674302337690073e-03 -7.512178999740073276e-03
1.123593131741541356e+03 -3.489272825023280889e-03 -7.805265225415886077e-03
1.123608889377887863e+03 -3.488894501426513355e-03 -8.135434641187754348e-03
1.123624666835739390e+03 -3.486924779078157208e-03 -8.243897711739599579e-03
1.123640452083902574e+03 -3.483552021052813141e-03 -8.235174069932967023e-03
1.123671987562341201e+03 -3.479473174422847981e-03 -8.358431932890431071e-03
1.123687731337073956e+03 -3.475281389749054848e-03 -8.456239457099740814e-03
1.123703453558205865e+03 -3.471257510085494838e-03 -8.600522250610000835e-03
1.123734850965693568e+03 -3.463301125081870435e-03 -8.949016076788546617e-03
1.123750543219483916e+03 -3.459374045956657619e-03 -9.127116993982258703e-03
1.123766234635457977e+03 -3.455701822058351771e-03 -9.295910028467293737e-03
1.123781925346306025e+03 -3.451961298979364622e-03 -9.451662867634592208e-03
1.123813352278455341e+03 -3.441375686828727996e-03 -9.696047521131134078e-03
1.123829070031345736e+03 -3.434769343227859172e-03 -9.808382563428055118e-03
1.123844816061238362e+03 -3.428130630334433240e-03 -9.901143116343772560e-03
1.123860577682608209e+03 -3.421981612580725016e-03 -9.971038616512448508e-03
1.123892147274937997e+03 -3.407469684347378455e-03 -1.003837670720944715e-02
1.123907927116875726e+03 -3.400255975928185952e-03 -1.003065468789896518e-02
1.123923677114628163e+03 -3.393750474304655946e-03 -9.999350569766293773e-03
1.123955145300678851e+03 -3.379817658719792492e-03 -9.886118647754921912e-03
1.123970853323049823e+03 -3.374372769599841802e-03 -9.799969219649536795e-03
1.123986561654828847e+03 -3.367768010434468110e-03 -9.707848223517046710e-03
1.124002268656890010e+03 -3.361971575965720486e-03 -9.606338811828424654e-03
1.124033569261426919e+03 -3.354295161311711144e-03 -9.373289484099021213e-03
1.124049180868970097e+03 -3.350874198758635632e-03 -9.252612413903467392e-03
1.124064808822212399e+03 -3.346957674763677455e-03 -9.134875794281767727e-03
1.124080477517951522e+03 -3.344586424236176657e-03 -9.016723200353470719e-03
1.124111964411265490e+03 -3.336813424611308893e-03 -8.802363840966888689e-03
1.124127737342738783e+03 -3.336746713524932090e-03 -8.698230153968759121e-03
1.124143453753420545e+03 -3.335751094100703005e-03 -8.595722058972165777e-03
1.124174819860472553e+03 -3.337548438625043482e-03 -8.393424920230829062e-03
1.124190486114678379e+03 -3.339900185396680460e-03 -8.298024458300929523e-03
1.124206118446511027e+03 -3.342303927153032761e-03 -8.202904380462948050e-03
1.124221745920497369e+03 -3.347409953061981740e-03 -8.110440266272863144e-03
1.124253045152837558e+03 -3.359626705169687071e-03 -7.940673112667996983e-03
1.124268730169257196e+03 -3.365729513962235214e-03 -7.883973864189510600e-03
1.124284436448625911e+03 -3.373599597696966268e-03 -7.811593558044448680e-03
1.124300160301182814e+03 -3.383913186680650650e-03 -7.726580232256257015e-03
1.124331686275036191e+03 -3.403683935509560238e-03 -7.579332466461808672e-03
1.124347480408667479e+03 -3.413654637989478428e-03 -7.495899625519593032e-03
1.124363252434824744e+03 -3.421503201566714926e-03 -7.406578804007111355e-03
1.124394771727986154e+03 -3.440179682071204444e-03 -7.223487524578391800e-03
1.124410500714409636e+03 -3.448831915861958180e-03 -7.129070891511520361e-03
1.124426232466056945e+03 -3.453349157688346410e-03 -7.034930724025593822e-03
1.124441949330003581e+03 -3.461375528827714734e-03 -6.943296457543647777e-03
1.124473357580577840e+03 -3.470752613413181486e-03 -6.821530011125463526e-03
1.124489053833417984e+03 -3.474946535235025162e-03 -6.826721028585994687e-03
1.124504754538038924e+03 -3.478257734644533798e-03 -6.770169271304785422e-03
1.124520454724245155e+03 -3.481267991010217160e-03 -6.812190227918774217e-03
1.124551870295804747e+03 -3.487901295504623658e-03 -7.223008007312713315e-03
1.124567597846062426e+03 -3.488179665822956337e-03 -7.617733938742164528e-03
1.124583321687822263e+03 -3.490128465697076715e-03 -7.735141771643575491e-03
1.124614828208799736e+03 -3.487594739536982978e-03 -8.194423792565052808e-03
1.124630621185678365e+03 -3.487071654203760182e-03 -8.238845050742845538e-03
1.124646409572238781e+03 -3.484703986157047535e-03 -8.243443906976200344e-03
1.124662172903764258e+03 -3.481797777874930284e-03 -8.302197340665132264e-03
1.124693660200449585e+03 -3.474982774103684956e-03 -8.494060450110698171e-03
1.124709379517842081e+03 -3.472347969647187824e-03 -8.650324206797663229e-03
1.124725079258524147e+03 -3.468114557002292386e-03 -8.822656767563490099e-03
1.124740768085210675e+03 -3.464004306673705222e-03 -8.997914367382384149e-03
1.124772147083331902e+03 -3.454196765346753944e-03 -9.338669007662264016e-03
1.124787839182120479e+03 -3.449252009289779323e-03 -9.486570786230677510e-03
1.124803551158852315e+03 -3.444534589127834587e-03 -9.610768645602049687e-03
1.124835004554383204e+03 -3.433642315096203674e-03 -9.836583285089300563e-03
1.124850756426079670e+03 -3.427743308100329560e-03 -9.922556726985084022e-03
1.124866518628570930e+03 -3.419413075235586911e-03 -9.987101010788312916e-03
1.124882314515557937e+03 -3.412987007299859207e-03 -1.002850358416695550e-02
1.124913862118841962e+03 -3.398415870380535556e-03 -1.002771857944275390e-02
1.124929610527598925e+03 -3.390743112609796370e-03 -9.990390441158184670e-03
1.124945348797903534e+03 -3.384676347406193747e-03 -9.938175845230550962e-03
1.124961068993706476e+03 -3.379377572268511473e-03 -9.867997680730700855e-03
1.124992486679275089e+03 -3.367272004377825940e-03 -9.686140494217246322e-03
1.125008184525177512e+03 -3.361645816432632782e-03 -9.578220132298106634e-03
1.125023840055793471e+03 -3.356612146151469970e-03 -9.458382991224131842e-03
1.125055078461144149e+03 -3.348921330208187979e-03 -9.223785650659416940e-03
1.125070719013083590e+03 -3.346273584647162583e-03 -9.104660442693250644e-03
1.125086406411598318e+03 -3.344249313098368072e-03 -8.989124776458417773e-03
1.125102131389222222e+03 -3.341052403478475194e-03 -8.882256325693739171e-03
1.125133676195199996e+03 -3.334916998813025613e-03 -8.674453971618421508e-03
1.125149386809145426e+03 -3.335705691295305728e-03 -8.569515313867825598e-03
1.125165065512531555e+03 -3.335244492681765406e-03 -8.468472621881426021e-03
1.125180730682299099e+03 -3.337390749924652299e-03 -8.369666477780384264e-03
1.125212016360997723e+03 -3.344825643520679508e-03 -8.179244922801066908e-03
1.125227649193725483e+03 -3.349810394523200507e-03 -8.086801917077184390e-03
1.125243297971655011e+03 -3.355198821213750422e-03 -7.996162640006607841e-03
1.125274652106762687e+03 -3.368519774850809757e-03 -7.867336832865903795e-03
1.125290360892508033e+03 -3.377257898080284447e-03 -7.788910912018536664e-03
1.125306094115748010e+03 -3.385567229789583112e-03 -7.707330028381372856e-03
1.125321861002640162e+03 -3.394596862665118318e-03 -7.635113216230384088e-03
1.125353434187927405e+03 -3.414561512014193615e-03 -7.473296059121125462e-03
1.125369202380813704e+03 -3.424399996136647840e-03 -7.383292696668394481e-03
1.125384956907113974e+03 -3.433087965947892017e-03 -7.292816608201076883e-03
1.125400709341370430e+03 -3.442790281181903108e-03 -7.198158508889321815e-03
1.125432157104996577e+03 -3.457005599409069662e-03 -7.009459739818167667e-03
1.125447867074910391e+03 -3.462555509053577042e-03 -6.920231080593204631e-03
1.125463575322605493e+03 -3.466564157852214910e-03 -6.842554152892659294e-03
1.125494973235574662e+03 -3.477645158119912257e-03 -6.815686035821176374e-03
1.125510677560771455e+03 -3.481108852988430442e-03 -6.768009300823107054e-03
1.125526373764505024e+03 -3.484089273588353904e-03 -6.851982992416253727e-03
1.125542074387206412e+03 -3.486694161161043096e-03 -7.029361258110672188e-03
1.125573522264227677e+03 -3.489010097988759322e-03 -7.706710275102514850e-03
1.125589255063452356e+03 -3.490732823754274291e-03 -7.740309322584721860e-03
1.125605012543804833e+03 -3.487896899373102346e-03 -7.983223058017581419e-03
1.125620774147173279e+03 -3.487943283524018358e-03 -8.229553373217251069e-03
1.125652360025487496e+03 -3.483418448625031499e-03 -8.259106801037823312e-03
1.125668112448833426e+03 -3.479527301693627166e-03 -8.328801488051880419e-03
1.125683854456051677e+03 -3.476997326160322175e-03 -8.413165506445679023e-03
1.125715297494943115e+03 -3.469013571470594762e-03 -8.701842546024452646e-03
1.125730990885298525e+03 -3.466073729379895527e-03 -8.872173719270574216e-03
1.125746683047048236e+03 -3.463234551100389212e-03 -9.048542902305807892e-03
1.125762374709225014e+03 -3.459291215679338293e-03 -9.219833781393779737e-03
1.125793760156378539e+03 -3.449116630921008047e-03 -9.519542058118578287e-03
1.125809479662754029e+03 -3.444613659645976746e-03 -9.643161562631910599e-03
1.125825201516043307e+03 -3.436572090985853117e-03 -9.757198301024670381e-03
1.125840937443959092e+03 -3.431312815390468850e-03 -9.864229971281043841e-03
1.125872469831908120e+03 -3.417590057757997467e-03 -1.000386395315752339e-02
1.125888262225092376e+03 -3.409817911939013336e-03 -1.003680239155353704e-02
1.125904051132195036e+03 -3.402348737122881748e-03 -1.004118722820492547e-02
1.125935545370583895e+03 -3.389275790641802216e-03 -9.979489217002555923e-03
1.125951273186857179e+03 -3.382514188716867747e-03 -9.922703352199456830e-03
1.125966987340269270e+03 -3.375293823353010467e-03 -9.845844507475366714e-03
1.125982690808781854e+03 -3.369523726231278375e-03 -9.753624790075231601e-03
1.126014095373437158e+03 -3.360308462177598061e-03 -9.544829157199445635e-03
1.126029741764252094e+03 -3.354872015933833308e-03 -9.430500152378191309e-03
1.126045359768608478e+03 -3.350879257264097796e-03 -9.309210145318835145e-03
1.126060978575270610e+03 -3.350640113102621234e-03 -9.192716449235277532e-03
1.126092332142800615e+03 -3.340967373714272878e-03 -8.960946490654262894e-03
1.126108082081635757e+03 -3.338558638842347229e-03 -8.854871265506211037e-03
1.126123861680013761e+03 -3.336218815189400961e-03 -8.749559662592781492e-03
1.126155309903308535e+03 -3.336122127799291941e-03 -8.543525526792956210e-03
1.126170974239269754e+03 -3.337809461621529371e-03 -8.442176586480150055e-03
1.126186641569407129e+03 -3.338608577245143899e-03 -8.345017465609083987e-03
1.126202277045632400e+03 -3.340931613532218628e-03 -8.249862432376081287e-03
1.126233546827545979e+03 -3.350187567228173416e-03 -8.063043136924033516e-03
1.126249200091280045e+03 -3.356038669846600486e-03 -7.973382760759303856e-03
1.126264874022636604e+03 -3.363966759941549277e-03 -7.911059023506113522e-03
1.126280573742920751e+03 -3.373090770245018404e-03 -7.849284587771412913e-03
1.126312034687402502e+03 -3.391186928091160374e-03 -7.687687010372978857e-03
1.126327804482072224e+03 -3.399221442177218899e-03 -7.616515864886474856e-03
1.126343594194684101e+03 -3.408043495020275128e-03 -7.537677781138758283e-03
1.126375150100312112e+03 -3.428133021911942187e-03 -7.358105966487193429e-03
1.126390891804735929e+03 -3.436130373519167766e-03 -7.268108201214262820e-03
1.126406633271622923e+03 -3.443202255591564648e-03 -7.172862882123581980e-03
1.126422358291667024e+03 -3.453065988375914920e-03 -7.077988131054860875e-03
1.126453785220641294e+03 -3.463036736990112233e-03 -6.897078270553191892e-03
1.126469488980023925e+03 -3.468512192598559047e-03 -6.826216259060944973e-03
1.126485186021550362e+03 -3.472130158954855276e-03 -6.824679910703128523e-03
1.126500887222491656e+03 -3.476183275917870893e-03 -6.799824539121067553e-03
1.126532288880691340e+03 -3.485131707906893514e-03 -6.891608580579023681e-03
1.126547998982424133e+03 -3.488191545119252984e-03 -7.090893423829308477e-03
1.126563726960528584e+03 -3.489498184358682132e-03 -7.429301606767504430e-03
1.126595191824903395e+03 -3.489707875520104644e-03 -7.764583633384329608e-03
1.126610948709959530e+03 -3.489267825766903964e-03 -8.076927783131890304e-03
1.126626733134388360e+03 -3.488311686551497093e-03 -8.248264416211199129e-03
1.126642515934046969e+03 -3.484688101906366266e-03 -8.237882714350823476e-03
1.126674045538333075e+03 -3.479156096653163513e-03 -8.354006528174138732e-03
1.126689788759889552e+03 -3.476575587542694162e-03 -8.448207183985142338e-03
1.126705509761429994e+03 -3.472066834948459978e-03 -8.587114807937121577e-03
1.126721211393532485e+03 -3.469062322937888857e-03 -8.751194367996064510e-03
1.126752593656280851e+03 -3.460029928807206809e-03 -9.093968963839845626e-03
1.126768284593791350e+03 -3.455577686947219201e-03 -9.263495777415383867e-03
1.126783975917735006e+03 -3.451635248050075912e-03 -9.419191718855777357e-03
1.126815407691403379e+03 -3.440576049083866623e-03 -9.670837100689999577e-03
1.126831125823003958e+03 -3.435631736346970132e-03 -9.785403479830893578e-03
1.126846875699763359e+03 -3.429301591926752022e-03 -9.886650849538066929e-03
1.126862636751596483e+03 -3.421829688037562617e-03 -9.961468977711081599e-03
1.126894211955142737e+03 -3.408425302604875268e-03 -1.003914176456965381e-02
1.126909983893699746e+03 -3.401752176659525190e-03 -1.003874413795000434e-02
1.126925734047267269e+03 -3.393037070117613328e-03 -1.001059438501668807e-02
1.126941475983616328e+03 -3.387692019420698863e-03 -9.965983786988480767e-03
1.126972904187629638e+03 -3.374758380960813948e-03 -9.820244087198977748e-03
1.126988608167753000e+03 -3.368374577871998884e-03 -9.730700008074686866e-03
1.127004317901227296e+03 -3.362010123991911702e-03 -9.630066559277216179e-03
1.127035634467869386e+03 -3.352863038467710118e-03 -9.396919903349985198e-03
1.127051252635875699e+03 -3.350218208882019180e-03 -9.278518654168486229e-03
1.127066883615883398e+03 -3.344349723575981616e-03 -9.160697497585574070e-03
1.127082555155081309e+03 -3.343755500712484400e-03 -9.042856417873433930e-03
1.127114035748623337e+03 -3.337006672439783109e-03 -8.828511999220063286e-03
1.127129808290910660e+03 -3.338034934633598953e-03 -8.723660909037537353e-03
1.127145522011219100e+03 -3.335390029572158233e-03 -8.619668144639951526e-03
1.127161216539995166e+03 -3.336799918434624895e-03 -8.516729842362793027e-03
1.127192540897635126e+03 -3.339920156467782435e-03 -8.320411120931858057e-03
1.127208177145007312e+03 -3.343463262474099390e-03 -8.224570915632976181e-03
1.127223806960910679e+03 -3.346881379692189483e-03 -8.131287734816354529e-03
1.127255103869017830e+03 -3.359604317884631788e-03 -7.954212623057300632e-03
1.127270787630059203e+03 -3.365885923824672027e-03 -7.895696178878974791e-03
1.127286491680592462e+03 -3.372822352384968574e-03 -7.828120319034837654e-03
1.127302218360454390e+03 -3.381829564399507423e-03 -7.742645650737535294e-03
1.127333753511668419e+03 -3.403190492673965808e-03 -7.597015549214241291e-03
1.127349548150051305e+03 -3.413623712618083211e-03 -7.514618972196473318e-03
1.127365315028908071e+03 -3.420503395247177954e-03 -7.425874559369729198e-03
1.127381080319508783e+03 -3.430376596413558035e-03 -7.334496065594184842e-03
1.127412551133427314e+03 -3.447901810300593728e-03 -7.146930008588179770e-03
1.127428282735566427e+03 -3.453421932021289928e-03 -7.051060409710578451e-03
1.127443996530979121e+03 -3.460342328019894598e-03 -6.958924579439211902e-03
1.127475405304712694e+03 -3.471046337042302254e-03 -6.814738730094800460e-03
1.127491101931979074e+03 -3.475303367198948664e-03 -6.826941703626502982e-03
1.127506802153873650e+03 -3.478854183836471627e-03 -6.783401279161538171e-03
1.127522501019102265e+03 -3.481970912191417484e-03 -6.796902758818401842e-03
1.127553920541492516e+03 -3.487125455891424645e-03 -7.161449028015748862e-03
1.127569648293296495e+03 -3.488907937148945110e-03 -7.548339432876969776e-03
1.127585374940026668e+03 -3.490584713627552151e-03 -7.756126741330229314e-03
1.127601126113149803e+03 -3.490519267526418206e-03 -7.823762335971389328e-03
1.127632678068017412e+03 -3.486530677709814320e-03 -8.246632808440965481e-03
1.127648471248443457e+03 -3.485189511549964796e-03 -8.243429214022447368e-03
1.127664226773604923e+03 -3.480928050101830123e-03 -8.301219266675562147e-03
1.127695710043873078e+03 -3.474850873872665016e-03 -8.487184714453544984e-03
1.127711427438305691e+03 -3.472128638336043852e-03 -8.634601714229766037e-03
1.127727124414541095e+03 -3.469047049219654236e-03 -8.797024173516644271e-03
1.127742817471726767e+03 -3.464471889882519019e-03 -8.966995944675029348e-03
1.127774194352727363e+03 -3.455111738281619726e-03 -9.303858205382462693e-03
1.127789886623562779e+03 -3.450134673143644224e-03 -9.449188206155112804e-03
1.127805601434614573e+03 -3.444628763289222552e-03 -9.579262351583867768e-03
1.127821328390627741e+03 -3.439247599701487999e-03 -9.696899540172967263e-03
1.127852811032933005e+03 -3.426104866767198942e-03 -9.906214413480598710e-03
1.127868575281072481e+03 -3.420050293384629091e-03 -9.976090691789061757e-03
1.127884371125285952e+03 -3.412615084009232216e-03 -1.002280481883320237e-02
1.127900163933203658e+03 -3.406876505689246642e-03 -1.003962989233220943e-02
1.127931662742585786e+03 -3.391231201815760044e-03 -9.999233393869827111e-03
1.127947397360336709e+03 -3.384502110858951529e-03 -9.951250439175910942e-03
1.127963116165029305e+03 -3.377836065892951632e-03 -9.883696584993445153e-03
1.127994528577317169e+03 -3.367456957632676291e-03 -9.707190419744131035e-03
1.128010234756618956e+03 -3.361191780795681500e-03 -9.599213967231122122e-03
1.128025896800925011e+03 -3.355928672827857874e-03 -9.482606413161622297e-03
1.128041525163993356e+03 -3.351218473165389240e-03 -9.365400363035484774e-03
1.128072792486222170e+03 -3.345451776402499303e-03 -9.129168606175212461e-03
1.128088473976041314e+03 -3.342688655713344642e-03 -9.013607196980378058e-03
1.128104198885354663e+03 -3.339641827585942014e-03 -8.906602239913997965e-03
1.128135735181577957e+03 -3.332493591667482543e-03 -8.697942387538145845e-03
1.128151446979668208e+03 -3.335494849570182045e-03 -8.592725790031117625e-03
1.128167120361113120e+03 -3.335562597171936282e-03 -8.489654499330584816e-03
1.128182783338901118e+03 -3.337506805271738246e-03 -8.390737189825716452e-03
1.128214065723904469e+03 -3.343530283492711450e-03 -8.199560289907899605e-03
1.128229700365938697e+03 -3.348751285510148581e-03 -8.105184830983287042e-03
1.128245348633740832e+03 -3.355299673987884989e-03 -8.011995801772831341e-03
1.128261014421061191e+03 -3.361714250311358034e-03 -7.936353583208230131e-03
1.128292411485143703e+03 -3.376692047302841480e-03 -7.804921486935163452e-03
1.128308147176788225e+03 -3.385727824839094863e-03 -7.721823426680047252e-03
1.128323916780394939e+03 -3.394230192627859660e-03 -7.650257601609084315e-03
1.128355491057750442e+03 -3.414215876463400513e-03 -7.491288830223723563e-03
1.128371258576124774e+03 -3.424585886927845359e-03 -7.400671901580034746e-03
1.128387006281833465e+03 -3.432637368974287423e-03 -7.310880209550664650e-03
1.128402755169087868e+03 -3.441422776049999407e-03 -7.216112379809455808e-03
1.128434198694407542e+03 -3.456802205852803692e-03 -7.024286550101004924e-03
1.128449906271043119e+03 -3.463216100236893302e-03 -6.934717825397254849e-03
1.128465613567841956e+03 -3.466295604664186222e-03 -6.851429263879016754e-03
1.128481311635918701e+03 -3.471474650615229661e-03 -6.807331664351842435e-03
1.128512714991737312e+03 -3.482182697245125684e-03 -6.772504358502060007e-03
1.128528415622371313e+03 -3.484875486486454545e-03 -6.821892292752681011e-03
1.128544117779734961e+03 -3.487424626951482736e-03 -6.986170583166759554e-03
1.128575563858679516e+03 -3.489352653764491146e-03 -7.662156837783246251e-03
1.128591301842472603e+03 -3.490695898304649672e-03 -7.743969743916688520e-03
1.128607059817893287e+03 -3.489318712399950596e-03 -7.909211373781685483e-03
1.128622828368442470e+03 -3.488327311067210886e-03 -8.209052666491134520e-03
1.128654408452803864e+03 -3.482468205549863003e-03 -8.257292440329744299e-03
1.128670159879672610e+03 -3.481272080285374802e-03 -8.324816701395516827e-03
1.128685901094308974e+03 -3.477641633008374950e-03 -8.411945273131708756e-03
1.128701627052676713e+03 -3.473879513856207614e-03 -8.531192015662757491e-03
1.128733029531853163e+03 -3.465854866028887475e-03 -8.843791504031112138e-03
1.128748722134603213e+03 -3.462829838549231088e-03 -9.014333159310314314e-03
1.128764413365079008e+03 -3.459563334278637891e-03 -9.182347862358187021e-03
1.128780104008828857e+03 -3.455177019282332056e-03 -9.341232855615661315e-03
1.128811524021685273e+03 -3.445554060091256601e-03 -9.606931463765594481e-03
1.128827243438096957e+03 -3.437304573233158390e-03 -9.722187576241035981e-03
1.128842984354117561e+03 -3.431267226439958361e-03 -9.834294698834050025e-03
1.128874526475999801e+03 -3.417880669437245097e-03 -9.986646316078547081e-03
1.128890312490162842e+03 -3.410247693043070780e-03 -1.002342665577686531e-02
1.128906097603617127e+03 -3.402271070773713393e-03 -1.003474355732995697e-02
1.128921846686235540e+03 -3.397488581778302773e-03 -1.001894019689811115e-02
1.128953315841116591e+03 -3.382394777870726104e-03 -9.929446659048331292e-03
1.128969025981292589e+03 -3.376128942879318400e-03 -9.856525543401561257e-03
1.128984726149990365e+03 -3.369385023319675099e-03 -9.766407521998376334e-03
1.129000439408501506e+03 -3.363698727638130773e-03 -9.675145941252334333e-03
1.129031791787236216e+03 -3.354573876250703524e-03 -9.449720271300938307e-03
1.129047418973675349e+03 -3.349930274711795941e-03 -9.330287842221346092e-03
1.129063045313878320e+03 -3.348058752111564111e-03 -9.213158980885937516e-03
1.129094391963654743e+03 -3.340951178698384205e-03 -8.982187872487612523e-03
1.129110143561925724e+03 -3.337482498426616942e-03 -8.875907558895971758e-03
1.129125921687611708e+03 -3.336190353782688637e-03 -8.770907653285442765e-03
1.129141651641039289e+03 -3.335503816724479358e-03 -8.668119073879475625e-03
1.129173019785828728e+03 -3.337666540085926919e-03 -8.460684571596585601e-03
1.129188687102471476e+03 -3.338593904435708994e-03 -8.363472736730109477e-03
1.129204321419416601e+03 -3.340428263895218498e-03 -8.266511839043689386e-03
1.129235591247768070e+03 -3.350560067603793046e-03 -8.079662563158073602e-03
1.129251244223733011e+03 -3.356172142959149441e-03 -7.986083802313422020e-03
1.129266918409751725e+03 -3.362824821864359489e-03 -7.918511153913260214e-03
1.129282615788856674e+03 -3.371309131314182035e-03 -7.861606945573430469e-03
1.129314083535773079e+03 -3.391080896121320253e-03 -7.700091542300984554e-03
1.129329853769208512e+03 -3.399448400935142084e-03 -7.630300549351693926e-03
1.129345647731029885e+03 -3.408889358059922006e-03 -7.553448927266427637e-03
1.129361421651839237e+03 -3.418931698018842433e-03 -7.465703264464031153e-03
1.129392934066951057e+03 -3.437097651496775434e-03 -7.284046675057135808e-03
1.129408666439803028e+03 -3.445251000548730635e-03 -7.188198920223982762e-03
1.129424393947585031e+03 -3.452244967284448865e-03 -7.091429984344481581e-03
1.129440112881106870e+03 -3.459733659251481089e-03 -6.996476619317439950e-03
1.129471519171658201e+03 -3.470010440445327280e-03 -6.828559607991548271e-03
1.129487216296440920e+03 -3.473924000363264736e-03 -6.806555810590742689e-03
1.129502917561409959e+03 -3.477511433748546165e-03 -6.812335842597485799e-03
1.129534319325608749e+03 -3.485326643757748893e-03 -6.853151563892961005e-03
1.129550032154671044e+03 -3.489434961085845915e-03 -7.037333944924188157e-03
1.129565760947556100e+03 -3.489391141368805224e-03 -7.338832378184301578e-03
1.129581480328747830e+03 -3.491379467607140692e-03 -7.740257713687808024e-03
1.129612986866485244e+03 -3.489864956895086245e-03 -7.998284782398829354e-03
1.129628776312204764e+03 -3.489670721153194724e-03 -8.239970458340828072e-03
1.129644560709594771e+03 -3.486759277620455569e-03 -8.239589784321689481e-03
1.129660332484104174e+03 -3.484617297322074262e-03 -8.271213732721872242e-03
1.129691822415423303e+03 -3.478068419826983899e-03 -8.444468128035589188e-03
1.129707545249829536e+03 -3.474341446089042156e-03 -8.576509694253229080e-03
1.129723243516663842e+03 -3.470758774104523107e-03 -8.727759051513407987e-03
1.129754624161097809e+03 -3.461777513699179631e-03 -9.057182772066742563e-03
1.129770314002333407e+03 -3.456883145481754252e-03 -9.223419904150771675e-03
1.129786005628795920e+03 -3.452326017532749477e-03 -9.373834863542420889e-03
1.129801713964806822e+03 -3.448421922430525751e-03 -9.505122471616826718e-03
1.129833163395576094e+03 -3.436656683084673199e-03 -9.747047499865543058e-03
1.129848914377756500e+03 -3.431483375232874649e-03 -9.851792662701792588e-03
1.129864675386035742e+03 -3.422478253756986843e-03 -9.931918414381008323e-03
1.129880470269745501e+03 -3.416997454032639353e-03 -9.991882096648585510e-03
1.129912020380606691e+03 -3.402505082910668895e-03 -1.002630249825226492e-02
1.129927769758312024e+03 -3.393611044088262925e-03 -1.000297447857878726e-02
1.129943509713680669e+03 -3.388021134112322117e-03 -9.963302616118252172e-03
1.129974935977510313e+03 -3.375487670638745857e-03 -9.825969264404431011e-03
1.129990636425811999e+03 -3.369135231902057551e-03 -9.740252237004256089e-03
1.130006347005060661e+03 -3.362823236638383395e-03 -9.641440271388105818e-03
1.130022031915116941e+03 -3.357192680965611319e-03 -9.526730845537531231e-03
1.130053305411013753e+03 -3.349181381057198502e-03 -9.295735356941739469e-03
1.130068944652806294e+03 -3.344688115302488652e-03 -9.178404336679034728e-03
1.130084614254339385e+03 -3.343812875382684568e-03 -9.061102657307638572e-03
1.130100313760641257e+03 -3.341967895772869450e-03 -8.951643327936031208e-03
1.130131856278290797e+03 -3.338114855035735889e-03 -8.742298835260878601e-03
1.130147570975127110e+03 -3.335638844858452006e-03 -8.636752669391279530e-03
1.130163257075141928e+03 -3.335879765750203192e-03 -8.532756760949155098e-03
1.130194574422880805e+03 -3.340565966795978545e-03 -8.335852456753769721e-03
1.130210210392628824e+03 -3.344438452789858483e-03 -8.238661141342478941e-03
1.130225844804650478e+03 -3.347831127031983788e-03 -8.145175593246154616e-03
1.130241486985044958e+03 -3.352616923382280029e-03 -8.051052954605305775e-03
1.130272823061314284e+03 -3.365915137936353885e-03 -7.901104999998921283e-03
1.130288524751182649e+03 -3.373411346907202388e-03 -7.838906449863188020e-03
1.130304253087445659e+03 -3.381560582682748874e-03 -7.755114495163787161e-03
1.130320017465656747e+03 -3.391341152955833303e-03 -7.679493889229826835e-03
1.130351591214139489e+03 -3.412898015163614435e-03 -7.529054520959875367e-03
1.130367354036244251e+03 -3.421399938379208854e-03 -7.440430896942536350e-03
1.130383110787393207e+03 -3.430988626152056253e-03 -7.349417473008538169e-03
1.130414577028954682e+03 -3.447485896235221153e-03 -7.159421201917567749e-03
1.130430306259555664e+03 -3.455511315010431888e-03 -7.062372718509286711e-03
1.130446017645380380e+03 -3.461311769790754046e-03 -6.969703847681523769e-03
1.130461724882479984e+03 -3.467955233990851430e-03 -6.881958055350870240e-03
1.130493125437644267e+03 -3.477638852944463232e-03 -6.810220214598993599e-03
1.130508826245957607e+03 -3.481206379508162887e-03 -6.794527359820481428e-03
1.130524523257247210e+03 -3.484786410806129699e-03 -6.774498512254277516e-03
1.130540223943035471e+03 -3.487432822050699158e-03 -6.890958446444296441e-03
1.130571672739665246e+03 -3.491256722446375166e-03 -7.455129003616838175e-03
1.130587401232967977e+03 -3.493061511634882894e-03 -7.770064770734413928e-03
1.130603155753441570e+03 -3.490871832346861998e-03 -7.764904109521204162e-03
1.130634709516272324e+03 -3.488398151232420443e-03 -8.245953516494120353e-03
1.130650502886534241e+03 -3.487661436894133257e-03 -8.240651636460873466e-03
1.130666256223075834e+03 -3.482606490569600203e-03 -8.290346884688748128e-03
1.130682000930328741e+03 -3.480057912203467652e-03 -8.374180551134029205e-03
1.130713450038861538e+03 -3.473201154394172339e-03 -8.621336318320977493e-03
1.130729144628009635e+03 -3.470918851601450736e-03 -8.771011785369972613e-03
1.130744837082102549e+03 -3.467233858521301913e-03 -8.935161628652913204e-03
1.130760529870326764e+03 -3.462527330782299521e-03 -9.101127258961836872e-03
1.130791909709877245e+03 -3.452907068431531126e-03 -9.403538315371337900e-03
1.130807627274130937e+03 -3.447397098252051508e-03 -9.536900507522759127e-03
1.130823351489981178e+03 -3.440836024728833632e-03 -9.657205403429165377e-03
1.130854842802234771e+03 -3.427283150205959802e-03 -9.872648198607104214e-03
1.130870608529247647e+03 -3.422000479405000201e-03 -9.949018732385253583e-03
1.130886403701690142e+03 -3.414109724974266624e-03 -9.999518815406673380e-03
1.130902194694377386e+03 -3.407741556419132713e-03 -1.002183642538574670e-02
1.130933690218321317e+03 -3.393142449985721461e-03 -9.990457174973425836e-03
1.130949420486683948e+03 -3.386256599002612083e-03 -9.946880892202638116e-03
1.130965137126961736e+03 -3.378688230870939037e-03 -9.884501873315883549e-03
1.130980836341178701e+03 -3.373500454602753208e-03 -9.798936697001435145e-03
1.131012254357675147e+03 -3.362951030628603694e-03 -9.608136752992726959e-03
1.131027930095604916e+03 -3.357024121810469382e-03 -9.496120336533514852e-03
1.131043565513640260e+03 -3.351886439516076413e-03 -9.378793019350665019e-03
1.131074842874547812e+03 -3.345288769717324681e-03 -9.145202832883968236e-03
1.131090519905202655e+03 -3.342546773951763847e-03 -9.030296438667151371e-03
1.131106243239644755e+03 -3.340253379526669265e-03 -8.922918357172534773e-03
1.131122019253102053e+03 -3.337226376105473583e-03 -8.817268731037350080e-03
1.131153484870791317e+03 -3.336726234885926609e-03 -8.608668433910808201e-03
1.131169153533244980e+03 -3.337453795693254982e-03 -8.504453492715075696e-03
1.131184813270956283e+03 -3.338853105045447734e-03 -8.406102749708405097e-03
1.131200455517054934e+03 -3.341771005845407816e-03 -8.309067081991351050e-03
1.131231727124743429e+03 -3.348815780985061556e-03 -8.118497941075308519e-03
1.131247375927329585e+03 -3.355166031418348096e-03 -8.023239369611672583e-03
1.131263039845904814e+03 -3.362829977565513252e-03 -7.942655025196284149e-03
1.131294438779117399e+03 -3.377052780189557669e-03 -7.815940300885891243e-03
1.131310176510261726e+03 -3.387233298761575719e-03 -7.732799943321081240e-03
1.131325947476015244e+03 -3.395510950995732705e-03 -7.660801654425410633e-03
1.131341734201288091e+03 -3.404938529552152711e-03 -7.589651064076608812e-03
1.131373288362100993e+03 -3.425683763162200648e-03 -7.414186517076025787e-03
1.131389029277758937e+03 -3.433861046151248046e-03 -7.324900020010501576e-03
1.131404772822919767e+03 -3.441631795428409888e-03 -7.229434770625787002e-03
1.131420493769076529e+03 -3.452336064264233985e-03 -7.131727046608356095e-03
1.131451920054140601e+03 -3.464364071601051635e-03 -6.944898807567728531e-03
1.131467625345159377e+03 -3.468777094428869383e-03 -6.858289148486659652e-03
1.131483323292813111e+03 -3.472942449090538324e-03 -6.799330727037797284e-03
1.131514727998551734e+03 -3.483877550909641064e-03 -6.775351599568915986e-03
1.131530427131404394e+03 -3.487665884141360421e-03 -6.790796492687595567e-03
1.131546136233468360e+03 -3.490139222121703150e-03 -6.937845924930008228e-03
1.131561861171742294e+03 -3.493529145020508615e-03 -7.170666880388393283e-03
1.131593322826651047e+03 -3.492922258300850628e-03 -7.756005014191366675e-03
1.131609080426437913e+03 -3.492941497155145451e-03 -7.831124897583231770e-03
1.131624858467941749e+03 -3.491319149533303381e-03 -8.166948158630253293e-03
1.131640642854278212e+03 -3.488137320381630609e-03 -8.247779530422336483e-03
1.131672178068567746e+03 -3.484387809679133884e-03 -8.314629669074896645e-03
1.131687922189027177e+03 -3.480417432553816522e-03 -8.405216692263784567e-03
1.131703644250093475e+03 -3.476510721299512236e-03 -8.523284629484829608e-03
1.131735041781526434e+03 -3.468832557219601442e-03 -8.816785300508315007e-03
1.131750734058001854e+03 -3.464894495023016982e-03 -8.982157776950277714e-03
1.131766425442371201e+03 -3.461204216080017437e-03 -9.149265309288884609e-03
1.131782115889167471e+03 -3.457530462329976711e-03 -9.307280838838005374e-03
1.131813542352291279e+03 -3.446843690548326636e-03 -9.573194586134807504e-03
1.131829259603584660e+03 -3.440443185356876609e-03 -9.692593217201948483e-03
1.131845005892538438e+03 -3.433767412680849458e-03 -9.808225213855166491e-03
1.131860767645467831e+03 -3.427558970790669894e-03 -9.899845203292807067e-03
1.131892337546503541e+03 -3.413141039664587765e-03 -1.001016115553599213e-02
1.131908116543208052e+03 -3.405906518599356378e-03 -1.002785649696943775e-02
1.131923866174078285e+03 -3.398990135152139651e-03 -1.001566761045510727e-02
1.131955332768645121e+03 -3.384769006525378907e-03 -9.933282168434609885e-03
1.131971038738055086e+03 -3.378963047544807086e-03 -9.863046611924627602e-03
1.131986736415926089e+03 -3.372028743186069981e-03 -9.776254066701409867e-03
1.132002447313552238e+03 -3.365487369031192662e-03 -9.686918513387090743e-03
1.132033815809403677e+03 -3.356294537213896315e-03 -9.462901866934650061e-03
1.132049450242840066e+03 -3.351929895157174967e-03 -9.347318407707996130e-03
1.132065086649912473e+03 -3.346980126423517322e-03 -9.230517304531444048e-03
1.132080741568532630e+03 -3.345432257572891147e-03 -9.112875283331432416e-03
1.132112179276433608e+03 -3.338900819396888563e-03 -8.894853090422445013e-03
1.132127956499139373e+03 -3.338931663375034001e-03 -8.789992814348748101e-03
1.132143681638769067e+03 -3.337242120767256251e-03 -8.685975517717532332e-03
1.132175042489342786e+03 -3.338565278950283814e-03 -8.477615518732561223e-03
1.132190704840171520e+03 -3.340572868060943858e-03 -8.380621570997037403e-03
1.132206341691093940e+03 -3.342591242152593775e-03 -8.282917957912415072e-03
1.132221972087710810e+03 -3.346814249060757734e-03 -8.188006218099168343e-03
1.132253263974208721e+03 -3.358169525696481396e-03 -7.999358939830411228e-03
1.132268937564253065e+03 -3.364221612248122998e-03 -7.926125117514394927e-03
1.132284633793931789e+03 -3.370773406849486478e-03 -7.871793512736067339e-03
1.132300353100052007e+03 -3.380831952972087034e-03 -7.793038992421410203e-03
1.132331880959601676e+03 -3.400640262436967036e-03 -7.642996067784421296e-03
1.132347677364653691e+03 -3.411225299477059405e-03 -7.567862475441414390e-03
1.132363444961069263e+03 -3.419303480941006043e-03 -7.480748465424474740e-03
1.132394953358038038e+03 -3.438744264452734973e-03 -7.298885974159409137e-03
1.132410677279981883e+03 -3.447976384325461812e-03 -7.201818462925166538e-03
1.132426406440251412e+03 -3.453239211067862281e-03 -7.104223048030200265e-03
1.132442121158818281e+03 -3.461707139176977300e-03 -7.009145292025989807e-03
1.132473528327544955e+03 -3.472211549112084582e-03 -6.837369230302724199e-03
1.132489225160578599e+03 -3.476803945342507064e-03 -6.799192490086554581e-03
1.132504926735702156e+03 -3.480278185649266637e-03 -6.815335596040292265e-03
1.132520627225125963e+03 -3.483588076500887358e-03 -6.761475891512555049e-03
1.132552044318641038e+03 -3.490816279499298590e-03 -6.990777011605905575e-03
1.132567772246318327e+03 -3.491599636621450179e-03 -7.262122912876632121e-03
1.132583496540576107e+03 -3.493816577961506194e-03 -7.694288234329762707e-03
1.132615003240921624e+03 -3.491929560359412904e-03 -7.919964405989826650e-03
1.132630796015282158e+03 -3.491575213690111413e-03 -8.218702241960865879e-03
1.132646584713434777e+03 -3.489569736820517017e-03 -8.240044867255895758e-03
1.132662347256114117e+03 -3.486761922804960598e-03 -8.262854154888884736e-03
1.132693834750712313e+03 -3.480312861375550477e-03 -8.436562130926463995e-03
1.132709553905284110e+03 -3.477866748478874830e-03 -8.565731337097296297e-03
1.132725254153782544e+03 -3.473820301533852000e-03 -8.709575353355092364e-03
1.132740943304079565e+03 -3.469731738238665281e-03 -8.862686363024429789e-03
1.132772322108750132e+03 -3.460098927882202923e-03 -9.195492080816200509e-03
1.132788013792188394e+03 -3.455178205542622574e-03 -9.346255805632620872e-03
1.132803725465670368e+03 -3.450401363501480294e-03 -9.480117618281299133e-03
1.132835178210968934e+03 -3.439564977767312851e-03 -9.729750268166956206e-03
1.132850930236147178e+03 -3.433524218845815466e-03 -9.840507113664086897e-03
1.132866692706554886e+03 -3.425369682501005521e-03 -9.925760181327842116e-03
1.132882488702264027e+03 -3.418857420661913695e-03 -9.989975560329385218e-03
1.132914035649416064e+03 -3.404126620267707362e-03 -1.003241055618266965e-02
1.132929783446245665e+03 -3.396413334052504011e-03 -1.001240135136642791e-02
1.132945520668571135e+03 -3.390106273948568193e-03 -9.975412864846794347e-03
1.132961240057046098e+03 -3.384481308742584398e-03 -9.921069508229799633e-03
1.132992644423333331e+03 -3.371620706792696938e-03 -9.758643352399216583e-03
1.133008354376201396e+03 -3.365472146238476618e-03 -9.660491501087135544e-03
1.133024044513389299e+03 -3.360008834167522648e-03 -9.547991834593715782e-03
1.133055334678555710e+03 -3.350274019621948471e-03 -9.317353225801140379e-03
1.133070982451156169e+03 -3.347286784260131327e-03 -9.200387407657755617e-03
1.133086645911099822e+03 -3.345572642192805660e-03 -9.083872145098859791e-03
1.133102345000566629e+03 -3.343076657093605169e-03 -8.974232400781174263e-03
1.133133884672502290e+03 -3.336789675637933349e-03 -8.765128468185735475e-03
1.133149598336631698e+03 -3.337713199749792626e-03 -8.658620324006778557e-03
1.133165278620781919e+03 -3.337229195934183091e-03 -8.553746865664688462e-03
1.133180935778955927e+03 -3.338770021994391136e-03 -8.453569103373193006e-03
1.133212224319918505e+03 -3.345143784769626528e-03 -8.258790423703589803e-03
1.133227859217593050e+03 -3.349636798236852505e-03 -8.164241599622538287e-03
1.133243507009250834e+03 -3.354411550404707773e-03 -8.068989367962327644e-03
1.133274841827084629e+03 -3.366504563653575834e-03 -7.912600587197515106e-03
1.133290542582426269e+03 -3.374570062906774321e-03 -7.854329858302205522e-03
1.133306272493337929e+03 -3.382963789213487213e-03 -7.771665853784509755e-03
1.133322040705164909e+03 -3.391683973234364130e-03 -7.694165069525732599e-03
1.133353616778101696e+03 -3.412493859559349862e-03 -7.546055114396368543e-03
1.133369378670403421e+03 -3.422882827931284649e-03 -7.456952151966108298e-03
1.133385126994234042e+03 -3.431823576945022651e-03 -7.366676594916327959e-03
1.133400875564639136e+03 -3.441756205942561424e-03 -7.273405651756663544e-03
1.133432316851217593e+03 -3.456992972626567271e-03 -7.078295491426272144e-03
1.133448025344849384e+03 -3.463280033261072286e-03 -6.985707994411737703e-03
1.133463732624742534e+03 -3.467612553160388713e-03 -6.897565358116793631e-03
1.133495131347810457e+03 -3.479400479077882080e-03 -6.805098365129399682e-03
1.133510836660366067e+03 -3.483378943815389640e-03 -6.803422374446474637e-03
1.133526533497123864e+03 -3.486618563099793278e-03 -6.759735030453081252e-03
1.133542234746893428e+03 -3.489577653844738118e-03 -6.862516885982707267e-03
1.133573683393344481e+03 -3.492427944209973868e-03 -7.375287916294422617e-03
1.133589416997569288e+03 -3.494512851498368742e-03 -7.757805329690391737e-03
1.133605174828440113e+03 -3.492015829687522468e-03 -7.733252517850420019e-03
1.133620936562108000e+03 -3.492330775499406532e-03 -8.027499352580201586e-03
1.133652521571778834e+03 -3.488172690111548523e-03 -8.241955461605351627e-03
1.133668274153855918e+03 -3.484650254704552749e-03 -8.286284237375691683e-03
1.133684016192690933e+03 -3.482254821813359283e-03 -8.369779703411768870e-03
1.133715458989368244e+03 -3.474524548173342324e-03 -8.609763152947244591e-03
1.133731152697157540e+03 -3.471619462558537487e-03 -8.752507355018045859e-03
1.133746845052890876e+03 -3.468921058258910093e-03 -8.909838225454722385e-03
1.133762536608384835e+03 -3.465113766527695184e-03 -9.074482564774749571e-03
1.133793921895282210e+03 -3.455001609731520127e-03 -9.383391428719110167e-03
1.133809640939888368e+03 -3.450629428299122059e-03 -9.519902224790667208e-03
1.133825362196987498e+03 -3.442500666697347316e-03 -9.643907509241631676e-03
1.133841098236275229e+03 -3.437199013891263297e-03 -9.768029751886142878e-03
1.133872631347305060e+03 -3.423562525936563617e-03 -9.954081515298531316e-03
1.133888423435662844e+03 -3.415801018485037713e-03 -1.000762100863933704e-02
1.133904211901135113e+03 -3.408169531204367341e-03 -1.003499629361282244e-02
1.133935705169508765e+03 -3.394944967963369614e-03 -1.000991120687561194e-02
1.133951431820023799e+03 -3.387966566279672527e-03 -9.968660763862061125e-03
1.133967145094361513e+03 -3.380621686660017361e-03 -9.907563145817400996e-03
1.133982843098277954e+03 -3.374353183310234688e-03 -9.822238566308110277e-03
1.134014259491911616e+03 -3.364431277893972349e-03 -9.632543993677848693e-03
1.134029943388914489e+03 -3.359343630010282970e-03 -9.521236289835085381e-03
1.134045592185984788e+03 -3.353421634982888411e-03 -9.404318694266885353e-03
1.134061227919693010e+03 -3.351627965570716083e-03 -9.288686938947354754e-03
1.134092551007434622e+03 -3.343867463742331795e-03 -9.057206963430024932e-03
1.134108275790158132e+03 -3.341486927962897344e-03 -8.948752584577017791e-03
1.134124055502748206e+03 -3.338480469897604774e-03 -8.843525068234776854e-03
1.134155512641191990e+03 -3.337989773427130474e-03 -8.632861005551936001e-03
1.134171174475413181e+03 -3.339019641968679532e-03 -8.529094347264861917e-03
1.134186835655302048e+03 -3.339833067590174728e-03 -8.430512147234689099e-03
1.134202472734136791e+03 -3.341351166687668225e-03 -8.333302055819983081e-03
1.134233746371477991e+03 -3.349342589665159527e-03 -8.142155923417611352e-03
1.134249397486933503e+03 -3.354648705268361945e-03 -8.044980147598763259e-03
1.134265061974694163e+03 -3.361828489502811414e-03 -7.960420393300502578e-03
1.134280750475728837e+03 -3.370123212602616977e-03 -7.901363977813824491e-03
1.134312203154240706e+03 -3.387654354143121872e-03 -7.751454816770034055e-03
1.134327974934246640e+03 -3.395870612119643653e-03 -7.678485508712143241e-03
1.134343766305515146e+03 -3.405078323812929346e-03 -7.608157651254335123e-03
1.134375314037022918e+03 -3.425733036993718235e-03 -7.433296456505201523e-03
1.134391050619453836e+03 -3.434224820881311320e-03 -7.344215513587951973e-03
1.134406787370821576e+03 -3.441892861868883335e-03 -7.248218079857614293e-03
1.134422509639607824e+03 -3.452175719786440555e-03 -7.150875204849006794e-03
1.134453933172864708e+03 -3.463343404594822726e-03 -6.963052703660353032e-03
1.134469635791047494e+03 -3.469364528716035751e-03 -6.875626323996407094e-03
1.134485333405974870e+03 -3.473214915216658611e-03 -6.809282067637434550e-03
1.134501035565914663e+03 -3.477561536559223808e-03 -6.814315072527558220e-03
1.134532438303854406e+03 -3.487146024976506536e-03 -6.777617871535968064e-03
1.134548149362606409e+03 -3.490594573940195792e-03 -6.907444994557778578e-03
1.134563878262678600e+03 -3.492115355295490140e-03 -7.121357253374063084e-03
1.134595343969396254e+03 -3.493182472927452466e-03 -7.764993049487815303e-03
1.134611100764768707e+03 -3.493015696339632145e-03 -7.777613583789822968e-03
1.134626885279578346e+03 -3.492442876862981646e-03 -8.118414233789960494e-03
1.134642667867843329e+03 -3.489060663236800107e-03 -8.251378613480100238e-03
1.134674197080940985e+03 -3.483797219606230618e-03 -8.311232581570139263e-03
1.134689940173677087e+03 -3.481538042901442115e-03 -8.404677448168812112e-03
1.134705661415385066e+03 -3.477170673501400831e-03 -8.516877080733778124e-03
1.134721363070446159e+03 -3.474314246433767971e-03 -8.650873127562880294e-03
1.134752745591486246e+03 -3.465485707861958638e-03 -8.952451176959171433e-03
1.134768436513291363e+03 -3.461075331976864924e-03 -9.117806559363618793e-03
1.134784127595147538e+03 -3.457147417355767825e-03 -9.275978701776236776e-03
1.134815558600171926e+03 -3.446151471611411110e-03 -9.549372748206996775e-03
1.134831276680518386e+03 -3.441298495117974584e-03 -9.672494503221055334e-03
1.134847026470434002e+03 -3.435071079084487267e-03 -9.795035192286864062e-03
1.134862787598169007e+03 -3.427499714195175306e-03 -9.891810866747247771e-03
1.134894363163862636e+03 -3.414197851448227787e-03 -1.001240834424813042e-02
1.134910134419819997e+03 -3.407492824334774299e-03 -1.003498285286883590e-02
1.134925884213851532e+03 -3.398569055786039572e-03 -1.002621143520544648e-02
1.134941625276942887e+03 -3.393076717009353878e-03 -9.996979775516372929e-03
1.134973051743185579e+03 -3.379572198502130490e-03 -9.881980202131808097e-03
1.134988747367612859e+03 -3.373065004619862830e-03 -9.798674837102831769e-03
1.135004455553374328e+03 -3.366102114627775744e-03 -9.709703514312582190e-03
1.135020160358337762e+03 -3.360309517598375310e-03 -9.599380267407482681e-03
1.135051481033924347e+03 -3.352371673806819191e-03 -9.371455927760072649e-03
1.135067127352748685e+03 -3.345728644093577588e-03 -9.255721738771942667e-03
1.135082783370107109e+03 -3.345456574757491291e-03 -9.138611321547389019e-03
1.135114214587526703e+03 -3.340095380911622513e-03 -8.920884433162809893e-03
1.135129994794350750e+03 -3.340634746950133568e-03 -8.815595794840657556e-03
1.135145715224421792e+03 -3.337077451143054263e-03 -8.710154925779539301e-03
1.135161411058683825e+03 -3.337218211274469142e-03 -8.603695985271501284e-03
1.135192725671433209e+03 -3.340113825126288065e-03 -8.404037954441025832e-03
1.135208362776543709e+03 -3.343257874191938109e-03 -8.306139062501183626e-03
1.135223995488375749e+03 -3.345979843312766634e-03 -8.210584419823207386e-03
1.135255288962397344e+03 -3.357182028473524107e-03 -8.019329843235461011e-03
1.135270961735141100e+03 -3.363236727019437190e-03 -7.940969890142157012e-03
1.135286656415006519e+03 -3.369159180853607740e-03 -7.886055729443256987e-03
1.135302378498797680e+03 -3.378018913570127960e-03 -7.811821922014396298e-03
1.135333915345291416e+03 -3.399353991530905048e-03 -7.659883293321736834e-03
1.135349712339005691e+03 -3.410166418971440506e-03 -7.585953826050334352e-03
1.135365473528143411e+03 -3.417497057577677678e-03 -7.499702993432322967e-03
1.135381232603423541e+03 -3.427872326425873955e-03 -7.408221842252741066e-03
1.135412694557630630e+03 -3.445993902065200374e-03 -7.220047183117993261e-03
1.135428423604074169e+03 -3.452386409952450889e-03 -7.122201769665476197e-03
1.135444135647428311e+03 -3.459632629700075748e-03 -7.026806524672603131e-03
1.135475542882832315e+03 -3.471505974029779305e-03 -6.852695428951552023e-03
1.135491240432172162e+03 -3.476087729008817823e-03 -6.799554776656799825e-03
1.135506941529982214e+03 -3.479833620917892941e-03 -6.818195166425634543e-03
1.135522640609819064e+03 -3.483306119070747001e-03 -6.761399244521125972e-03
1.135554062149181163e+03 -3.489134159109553296e-03 -6.954547723154284010e-03
1.135569790137853715e+03 -3.491316973697033976e-03 -7.201424217000399960e-03
1.135585517213128469e+03 -3.493335055771197746e-03 -7.625402904995142069e-03
1.135601268912180331e+03 -3.493478405859276256e-03 -7.744607855100981049e-03
1.135632820616948038e+03 -3.490160681554683748e-03 -8.191735661950388936e-03
1.135648613732962986e+03 -3.489195108333875348e-03 -8.248887612575823286e-03
1.135664368911086967e+03 -3.485020357056919319e-03 -8.260463123864358881e-03
1.135680115824692166e+03 -3.481668326836750635e-03 -8.340889327704355607e-03
1.135711569550016975e+03 -3.476772987446327765e-03 -8.557063355125890669e-03
1.135727266609272419e+03 -3.473941616386268770e-03 -8.688866559964397718e-03
1.135742960116124323e+03 -3.469518355146278266e-03 -8.836702385048208694e-03
1.135774337028955415e+03 -3.460353173842686120e-03 -9.158016950667619005e-03
1.135790028974323377e+03 -3.455466643148489680e-03 -9.306954623104707683e-03
1.135805743482442040e+03 -3.449968470146596005e-03 -9.446128423641729152e-03
1.135821469882823521e+03 -3.444585055564619754e-03 -9.577008362141904707e-03
1.135852952643382650e+03 -3.431424869979360880e-03 -9.819506444164861556e-03
1.135868716983354034e+03 -3.425534226216905495e-03 -9.911638382612275588e-03
1.135884512927613514e+03 -3.418072678980437710e-03 -9.981526135501711527e-03
1.135900305328660124e+03 -3.412332400861259243e-03 -1.001959771272446093e-02
1.135931803443386116e+03 -3.396550509621439583e-03 -1.001833747158888989e-02
1.135947536889202865e+03 -3.389666294498181430e-03 -9.985465950387415260e-03
1.135963255006947065e+03 -3.382771489687086582e-03 -9.934900512342626638e-03
1.135994654500887918e+03 -3.371701643723305081e-03 -9.778185283689176319e-03
1.136010368000842846e+03 -3.365207154211218282e-03 -9.681588100406852623e-03
1.136026063646010698e+03 -3.359529424451151731e-03 -9.570761800275240719e-03
1.136041725865588660e+03 -3.354488662652574827e-03 -9.456599334644861729e-03
1.136073025087234555e+03 -3.346266403148306055e-03 -9.224833974730541064e-03
1.136088683990863728e+03 -3.344371529992506975e-03 -9.109671212721038441e-03
1.136104382634089689e+03 -3.341439649367704875e-03 -8.999372081525113323e-03
1.136120151186178873e+03 -3.339270290023441112e-03 -8.893383525556819783e-03
1.136151630076902165e+03 -3.337289827269011768e-03 -8.682727164287468505e-03
1.136167305393474862e+03 -3.336646696328784099e-03 -8.576523716991590190e-03
1.136182960728354146e+03 -3.338130624616028087e-03 -8.476100994371297409e-03
1.136214242780508130e+03 -3.343043929928807539e-03 -8.280898692183513710e-03
1.136229880195666283e+03 -3.347422301521929457e-03 -8.184467948945568783e-03
1.136245528431873026e+03 -3.353423174319079044e-03 -8.088028241361091414e-03
1.136261187412001846e+03 -3.359253158471912654e-03 -7.995351966617457451e-03
1.136292566579642880e+03 -3.372967217906165920e-03 -7.869509208100939485e-03
1.136308298975830439e+03 -3.382025996739987730e-03 -7.789530995034178555e-03
1.136324068895670052e+03 -3.390553100417531638e-03 -7.710374690304474046e-03
1.136355645226713932e+03 -3.410952312788441063e-03 -7.564625930731199745e-03
1.136371407149965989e+03 -3.421503761898583504e-03 -7.475115502272246422e-03
1.136387148889373520e+03 -3.429659380584976127e-03 -7.385293217283719035e-03
1.136402893508644411e+03 -3.438835948055610475e-03 -7.291567362473336603e-03
1.136434331614756957e+03 -3.455237141593726219e-03 -7.095580478605732072e-03
1.136450037756057782e+03 -3.462347004179900951e-03 -7.002695719547628699e-03
1.136465743675762496e+03 -3.465921906268010135e-03 -6.913974446436826557e-03
1.136481441799639924e+03 -3.471263159893841696e-03 -6.833046276614314525e-03
1.136512846635763253e+03 -3.482746315082875695e-03 -6.811566272360387517e-03
1.136528547894743042e+03 -3.485872026041603872e-03 -6.753929513086800139e-03
1.136544251284089341e+03 -3.488685222553697309e-03 -6.837691261382732207e-03
1.136575698144182525e+03 -3.491319697578048817e-03 -7.298858975238678957e-03
1.136591437094737103e+03 -3.492985635127855357e-03 -7.717954048205221892e-03
1.136607195130747414e+03 -3.492038672991064612e-03 -7.723345703739611240e-03
1.136622964309984809e+03 -3.491277398837628818e-03 -7.952985552998136087e-03
1.136654543189575634e+03 -3.485881723445014534e-03 -8.247240355584961949e-03
1.136670294600634634e+03 -3.485064355469062996e-03 -8.281613834549129624e-03
1.136686036038647899e+03 -3.481542125337314542e-03 -8.375061699234178855e-03
1.136701761730515727e+03 -3.477985127338819021e-03 -8.477852427950838959e-03
1.136733164488390003e+03 -3.470273895889219862e-03 -8.730910322642121066e-03
1.136748857235129663e+03 -3.467337804485149094e-03 -8.881233860370464639e-03
1.136764548583639908e+03 -3.464199584222055553e-03 -9.040352188530366428e-03
1.136780238985111964e+03 -3.459966045782089574e-03 -9.200336414563945603e-03
1.136811658661360980e+03 -3.450440218946454213e-03 -9.481572269137539255e-03
1.136827377500485454e+03 -3.442313838005151179e-03 -9.608239212183926001e-03
1.136843118384153513e+03 -3.436271440155489604e-03 -9.737058345761677794e-03
1.136874661174425455e+03 -3.423077133640504977e-03 -9.933446356014058801e-03
1.136890446863459147e+03 -3.415440843340947913e-03 -9.991004591805761892e-03
1.136906231576853315e+03 -3.407465261081993411e-03 -1.002420206396607491e-02
1.136921980381813000e+03 -3.402535573508532266e-03 -1.002784544469112644e-02
1.136953447861576024e+03 -3.387172682877366992e-03 -9.970556782950069571e-03
1.136969157282450169e+03 -3.380778744299990646e-03 -9.912053143586369020e-03
1.136984854028704603e+03 -3.373674231004017247e-03 -9.831365096491488306e-03
1.137000557346331334e+03 -3.367655308695040664e-03 -9.750373068730501872e-03
1.137031960823278951e+03 -3.358220549665307062e-03 -9.535562444432856000e-03
1.137047619195016750e+03 -3.352952199607521239e-03 -9.422393124611265144e-03
1.137063267152499066e+03 -3.349219610031553118e-03 -9.306814826188341758e-03
1.137094582390465121e+03 -3.343346746013833252e-03 -9.077511600007919998e-03
1.137110308609691629e+03 -3.340389016242251499e-03 -8.968355155944926146e-03
1.137126089361374170e+03 -3.338829662372533313e-03 -8.863463455518191120e-03
1.137141826102804771e+03 -3.337871970767028896e-03 -8.760003208503388747e-03
1.137173192296402931e+03 -3.338261611865640972e-03 -8.547123845496764835e-03
1.137188853627534172e+03 -3.339287270296964743e-03 -8.448437034212668770e-03
1.137204486685221809e+03 -3.340596519631531744e-03 -8.349629301212276380e-03
1.137220119057459897e+03 -3.344640603089956733e-03 -8.252461823065661631e-03
1.137251411856762388e+03 -3.354451543891056806e-03 -8.059521336093996430e-03
1.137267076904700161e+03 -3.360458801002153256e-03 -7.971370045455609954e-03
1.137282764602432962e+03 -3.368131109807040533e-03 -7.909964175199176578e-03
1.137314225052480424e+03 -3.387365611544851905e-03 -7.764344349218826880e-03
1.137329996983072760e+03 -3.395890010342946051e-03 -7.689973423589620966e-03
1.137345793064706868e+03 -3.405600532629888925e-03 -7.620893001518581379e-03
1.137361564280027324e+03 -3.415582103751863777e-03 -7.538546882312740366e-03
1.137393067000119117e+03 -3.434568353046501144e-03 -7.357788226491095498e-03
1.137408794973233398e+03 -3.443161608464883217e-03 -7.261447025296817459e-03
1.137424520462005148e+03 -3.450445953667957005e-03 -7.163991449535676674e-03
1.137440237264598636e+03 -3.458537282540444409e-03 -7.066724731846414989e-03
1.137471641128123792e+03 -3.469625306581373622e-03 -6.888274170833405367e-03
1.137487338889317471e+03 -3.473841871557836400e-03 -6.816221304291929239e-03
1.137503041104306249e+03 -3.477663204382188018e-03 -6.808265753258510231e-03
1.137534443716743453e+03 -3.485961237314423849e-03 -6.759517628045947323e-03
1.137550157881509676e+03 -3.490429359026830589e-03 -6.876862546660069721e-03
1.137565886960350781e+03 -3.490746272397488113e-03 -7.071711040318124329e-03
1.137581607149852744e+03 -3.493093347482871536e-03 -7.418705848583014018e-03
1.137613114475526572e+03 -3.492246878520937053e-03 -7.740528182937763020e-03
1.137628904127595888e+03 -3.492358029218147093e-03 -8.054055447802157403e-03
1.137644688333881732e+03 -3.489734378185668524e-03 -8.252508865462311605e-03
1.137660459344981291e+03 -3.487825683998908681e-03 -8.248642313379772259e-03
1.137691949187549881e+03 -3.481657672488876198e-03 -8.404255415334956764e-03
1.137707671961315100e+03 -3.478222744892072935e-03 -8.514307029088433523e-03
1.137723370602981504e+03 -3.474748083773228531e-03 -8.636876042355341385e-03
1.137754751469499297e+03 -3.466097101015052674e-03 -8.923038806308397977e-03
1.137770441393917736e+03 -3.461325067335444417e-03 -9.086054399405876086e-03
1.137786132866162006e+03 -3.456837998877864467e-03 -9.239737753291919764e-03
1.137801841052428699e+03 -3.452979839918703282e-03 -9.378415992399696463e-03
1.137833289897614350e+03 -3.441400235041556805e-03 -9.641497624890449022e-03
1.137849040591324638e+03 -3.436331751572530274e-03 -9.766870129708187312e-03
1.137864801672581734e+03 -3.427371521281754544e-03 -9.866712522500060284e-03
1.137880596732312370e+03 -3.421899068964919660e-03 -9.949576633055108241e-03
1.137912146383633853e+03 -3.407461489955658594e-03 -1.002237788444611775e-02
1.137927895275659466e+03 -3.398541548108807188e-03 -1.001765196664648576e-02
1.137943634366726883e+03 -3.392846952656943058e-03 -9.992547902450847619e-03
1.137975059267866754e+03 -3.379868993829855933e-03 -9.882864120682151657e-03
1.137990753660923701e+03 -3.373534004287039121e-03 -9.803242150953277861e-03
1.138006459636443651e+03 -3.366748869291919400e-03 -9.716162313819345919e-03
1.138022167856629267e+03 -3.360732081818155071e-03 -9.608661232063267152e-03
1.138053502405966356e+03 -3.351923763054725450e-03 -9.384112656762873261e-03
1.138069157029843382e+03 -3.346819843081987478e-03 -9.268707121622190778e-03
1.138084809302565645e+03 -3.345877534458384372e-03 -9.153633883486018280e-03
1.138100484489840483e+03 -3.345046815883280598e-03 -9.042030799793236359e-03
1.138132016341694907e+03 -3.340887836932327545e-03 -8.831326291332045747e-03
1.138147733604287168e+03 -3.337710112446252205e-03 -8.725021956102044229e-03
1.138163420102069267e+03 -3.336922245807721378e-03 -8.617787939707653722e-03
1.138194729000157849e+03 -3.341617142395963361e-03 -8.417842452821131319e-03
1.138210363395699233e+03 -3.344664010767577165e-03 -8.318808706054408100e-03
1.138225999714599993e+03 -3.347791969169053305e-03 -8.223161796510050289e-03
1.138241644756707046e+03 -3.351801069726721531e-03 -8.127137126634074310e-03
1.138272967064567638e+03 -3.364331776555123943e-03 -7.948173855220477119e-03
1.138288660824703129e+03 -3.371002710176792920e-03 -7.891991324069098923e-03
1.138304385720776736e+03 -3.379067444407508111e-03 -7.822606910011990419e-03
1.138320148726617390e+03 -3.388439955084111225e-03 -7.738810255480794986e-03
1.138351726564926139e+03 -3.410431846418559166e-03 -7.595941461234006868e-03
1.138367484562984373e+03 -3.419314392715047668e-03 -7.510524153659185395e-03
1.138383236679080710e+03 -3.429144551880779213e-03 -7.419005328358625230e-03
1.138414695741277910e+03 -3.445953559107190096e-03 -7.229826071733978961e-03
1.138430422880710012e+03 -3.454520808906207194e-03 -7.132263008362792027e-03
1.138446132316074909e+03 -3.460585467030604691e-03 -7.037259606452085300e-03
1.138461838237182292e+03 -3.467661235135639178e-03 -6.946725159799677779e-03
1.138493238947416330e+03 -3.477969649921996021e-03 -6.801493597193672587e-03
1.138508940438703348e+03 -3.481697193582251101e-03 -6.815367717956127835e-03
1.138524637692006081e+03 -3.485563928352519974e-03 -6.754613871849415169e-03
1.138540339459876577e+03 -3.488552129098790484e-03 -6.779291335224638636e-03
1.138571789675021137e+03 -3.492948565605434944e-03 -7.145924431288904442e-03
1.138587519325281392e+03 -3.495115522721648979e-03 -7.545158358993642699e-03
1.138603274550328933e+03 -3.493146205561756777e-03 -7.741425937335891759e-03
1.138634828245224526e+03 -3.491280315107504143e-03 -8.147421529595967951e-03
1.138650621184927786e+03 -3.490774774169384722e-03 -8.256603580901463596e-03
1.138666374363299383e+03 -3.485948728517152852e-03 -8.252920005560935787e-03
1.138682118966840790e+03 -3.483669611997774508e-03 -8.331713187085462713e-03
1.138713567780954236e+03 -3.477119938313875253e-03 -8.549351041012002994e-03
1.138729262742974470e+03 -3.475030208492339758e-03 -8.672599766318185577e-03
1.138744955319434212e+03 -3.471576209697144720e-03 -8.813345803889354596e-03
1.138760648422532995e+03 -3.467064214614299159e-03 -8.966608572389336493e-03
1.138792028253253193e+03 -3.457679051721960009e-03 -9.276448235319373001e-03
1.138807745552917595e+03 -3.452298362563457467e-03 -9.416215645949278790e-03
1.138823469109608823e+03 -3.445733979252345747e-03 -9.547155763021402883e-03
1.138854960325992124e+03 -3.432383294562368643e-03 -9.796832285429608878e-03
1.138870726192692928e+03 -3.427155878340843939e-03 -9.892355949620070324e-03
1.138886521492079737e+03 -3.419320995430672350e-03 -9.964149489557578773e-03
1.138902312094784520e+03 -3.412902050651817586e-03 -1.000624611784757013e-02
1.138933806694910345e+03 -3.398324200146565863e-03 -1.001018380051098798e-02
1.138949535958194701e+03 -3.391304030941572154e-03 -9.980568639885644897e-03
1.138965251937378753e+03 -3.383611017920547769e-03 -9.930828708390149542e-03
1.138980950341372363e+03 -3.377966565322119454e-03 -9.856133208004273089e-03
1.139012362034276975e+03 -3.367169487830059919e-03 -9.683796289068201391e-03
1.139028066839927533e+03 -3.361071955914791964e-03 -9.574569283254150825e-03
1.139043733819675481e+03 -3.355830564369866129e-03 -9.462730007473571167e-03
1.139075039182755063e+03 -3.347076324096763793e-03 -9.234116402556027253e-03
1.139090696062136658e+03 -3.345701442740495277e-03 -9.120872959643333902e-03
1.139106396583302512e+03 -3.343358075793698841e-03 -9.010780191722547044e-03
1.139122164131696536e+03 -3.340965572968058843e-03 -8.904577993243395842e-03
1.139153636472147809e+03 -3.339172394824284438e-03 -8.694291066187702713e-03
1.139169306254915455e+03 -3.339015240474194676e-03 -8.587549233163398188e-03
1.139184959887386185e+03 -3.340376331829546415e-03 -8.487673749661275163e-03
1.139200599432674835e+03 -3.342589698200352979e-03 -8.389348505216205273e-03
1.139231873934399118e+03 -3.348720936310523814e-03 -8.194845564320363956e-03
1.139247524367894584e+03 -3.354504267703859420e-03 -8.097245853272804286e-03
1.139263182726478135e+03 -3.361517022670186539e-03 -8.003490584429057489e-03
1.139294565334500021e+03 -3.375227976616010026e-03 -7.874710377084528576e-03
1.139310299776265310e+03 -3.384948948107789797e-03 -7.797876383046569750e-03
1.139326070652866292e+03 -3.393322441549076647e-03 -7.717259525161162571e-03
1.139341859569085500e+03 -3.402403832148985594e-03 -7.649435200984544547e-03
1.139373409129685797e+03 -3.423486647365882145e-03 -7.482609576701489823e-03
1.139389145046982776e+03 -3.431741052568435153e-03 -7.392840227617128619e-03
1.139404884874325035e+03 -3.439909215257312084e-03 -7.298100282963316046e-03
1.139420603153738966e+03 -3.450989119078761401e-03 -7.200882600572277269e-03
1.139452025705182677e+03 -3.463653914768471172e-03 -7.010355762380058621e-03
1.139467729337402261e+03 -3.468509669410414081e-03 -6.920701163940255925e-03
1.139483427237807064e+03 -3.472727915916944824e-03 -6.840447684909705707e-03
1.139514833079341315e+03 -3.484074465006429828e-03 -6.808717627896036968e-03
1.139530532892154270e+03 -3.488350265094097586e-03 -6.737921404219835569e-03
1.139546243385307207e+03 -3.491075780763560742e-03 -6.811321242055021381e-03
1.139561969213761358e+03 -3.494702024716322443e-03 -6.968588871316220082e-03
1.139593432872138919e+03 -3.494799342412232505e-03 -7.656204941981265347e-03
1.139609190836315520e+03 -3.495196838964590835e-03 -7.709719936172296229e-03
1.139624969705143258e+03 -3.493887879721527603e-03 -7.876493786131741337e-03
1.139640753240080812e+03 -3.490944322277179934e-03 -8.206817501168504198e-03
1.139672287904628774e+03 -3.487597069762067483e-03 -8.268501599408712918e-03
1.139688031998579618e+03 -3.483881960718365842e-03 -8.363019837203921822e-03
1.139703753809736327e+03 -3.480195651580193610e-03 -8.468728573602112009e-03
1.139735151793480554e+03 -3.472964440721417519e-03 -8.709156445926059115e-03
1.139750844194225010e+03 -3.469168892178103002e-03 -8.853051923736180231e-03
1.139766535790357239e+03 -3.465606356710445451e-03 -9.010696521696741693e-03
1.139782226240576847e+03 -3.462098692241474471e-03 -9.171554370196443109e-03
1.139813652324668737e+03 -3.451583010229458594e-03 -9.453609486997367750e-03
1.139829368922465846e+03 -3.445406237389356686e-03 -9.582037845179894667e-03
1.139845114929163174e+03 -3.438816956401673057e-03 -9.716478024842246930e-03
1.139860876673511257e+03 -3.432661831767511249e-03 -9.826059814660038916e-03
1.139892446906598252e+03 -3.418452477649395506e-03 -9.977487979363377016e-03
1.139908225399283765e+03 -3.411299938632445655e-03 -1.001362292370697876e-02
1.139923974701527641e+03 -3.404217136926024085e-03 -1.001988318137621639e-02
1.139955439970083944e+03 -3.389860787924903023e-03 -9.967656730595951878e-03
1.139971145221273446e+03 -3.383927717516415756e-03 -9.909784234092179275e-03
1.139986841104263931e+03 -3.376779391738110158e-03 -9.831558079867233277e-03
1.140002542702147821e+03 -3.370121410212341753e-03 -9.751349855579608331e-03
1.140033952952718209e+03 -3.359788753546615134e-03 -9.538202833164127065e-03
1.140049617636223957e+03 -3.355801908077253419e-03 -9.428925730939858446e-03
1.140065274559907266e+03 -3.349307414376590918e-03 -9.313797699727403151e-03
1.140080920525203510e+03 -3.347982661051946904e-03 -9.199527608502275355e-03
1.140112314693322787e+03 -3.342422968851757343e-03 -8.978816564511436435e-03
1.140128092143110280e+03 -3.342189315039030637e-03 -8.873925300481966955e-03
1.140143823983786888e+03 -3.339836257865910589e-03 -8.770159493542444354e-03
1.140175183596969646e+03 -3.339817495040348690e-03 -8.557235169737475652e-03
1.140190840298652802e+03 -3.341619381277734745e-03 -8.458771692171344891e-03
1.140206475002213210e+03 -3.343358927805687147e-03 -8.359794914754187581e-03
1.140222106445000691e+03 -3.346964506165108107e-03 -8.262626769315276759e-03
1.140253401849920920e+03 -3.357187308842378946e-03 -8.068470182903663898e-03
1.140269067493728244e+03 -3.362911302836214117e-03 -7.978149129489579133e-03
1.140284753781839527e+03 -3.369178539308656344e-03 -7.914528405605671113e-03
1.140300468432115622e+03 -3.378906935876646242e-03 -7.854129306239304373e-03
1.140331995249669035e+03 -3.398257118690378286e-03 -7.696160297161473013e-03
1.140347794398085625e+03 -3.409059237111956246e-03 -7.626981204853755178e-03
1.140363558156930139e+03 -3.416941817844253420e-03 -7.545516726615957882e-03
1.140395058388700818e+03 -3.436816026287149196e-03 -7.363726618347303174e-03
1.140410778292461828e+03 -3.446150928354195855e-03 -7.266913430604248283e-03
1.140426505450166360e+03 -3.451900358420645527e-03 -7.169816819852238912e-03
1.140442218001069023e+03 -3.460637457211905403e-03 -7.073332891391533386e-03
1.140473622255510008e+03 -3.471875562943952439e-03 -6.894820947105714457e-03
1.140489319676154537e+03 -3.476733753062265838e-03 -6.820103280478950931e-03
1.140505021822893468e+03 -3.480397771385073096e-03 -6.807346991452931616e-03
1.140520722321761241e+03 -3.483917768182478135e-03 -6.781071343025162589e-03
1.140552141826162142e+03 -3.491658694720397010e-03 -6.849678852687344881e-03
1.140567870490747282e+03 -3.492864654013775900e-03 -7.025766181512813589e-03
1.140583596030097397e+03 -3.495372056098982293e-03 -7.349443912233801293e-03
1.140615103947053285e+03 -3.494187943546648526e-03 -7.706706974600109616e-03
1.140630896695524825e+03 -3.493993940691609602e-03 -7.982495067192021954e-03
1.140646685326225452e+03 -3.492321893542809242e-03 -8.246738456801228773e-03
1.140662447173763667e+03 -3.489701229857293356e-03 -8.244596575125598056e-03
1.140693934388646085e+03 -3.483751645399815831e-03 -8.397865748261625421e-03
1.140709653488649565e+03 -3.481562961503039191e-03 -8.501881419149601507e-03
1.140725354196935541e+03 -3.477792677309551710e-03 -8.614222923319512365e-03
1.140741043704367030e+03 -3.473865222122778963e-03 -8.745719004702088434e-03
1.140772422711467925e+03 -3.464633457706067440e-03 -9.053457822321402809e-03
1.140788114332740633e+03 -3.459856887755884732e-03 -9.207155213471821670e-03
1.140803825822185900e+03 -3.455167757069515025e-03 -9.351629216461878127e-03
1.140835277549309922e+03 -3.444592862348118921e-03 -9.618563989175429180e-03
1.140851029432162477e+03 -3.438571367303883998e-03 -9.750367298162525287e-03
1.140866792054254347e+03 -3.430615100035726370e-03 -9.853858060956607878e-03
1.140882588241713165e+03 -3.424147564079158598e-03 -9.939677954907357241e-03
1.140914134664819358e+03 -3.409493738795110578e-03 -1.001874490677395757e-02
1.140929881917712237e+03 -3.401807218300722298e-03 -1.001786517365327485e-02
1.140945618374183368e+03 -3.395478748309025806e-03 -9.995795701206478326e-03
1.140961337186106903e+03 -3.389621584991344208e-03 -9.954023758003797961e-03
1.140992736808351538e+03 -3.376730302650302919e-03 -9.810368450469850524e-03
1.141008440545198027e+03 -3.370169318305844038e-03 -9.725048032514763477e-03
1.141024150523806838e+03 -3.364275196688120990e-03 -9.618792965869857325e-03
1.141055499028732356e+03 -3.354006426247533451e-03 -9.396156259444787828e-03
1.141071155198051429e+03 -3.350218588501635304e-03 -9.281310075372870352e-03
1.141086803714044208e+03 -3.348447037890220964e-03 -9.167958414890908445e-03
1.141102483049204011e+03 -3.346314387984754973e-03 -9.056729410893502724e-03
1.141134011411355459e+03 -3.339666194881647527e-03 -8.845947367021071359e-03
1.141149727354972356e+03 -3.339763660442869164e-03 -8.739131718466165710e-03
1.141165409364852621e+03 -3.338745003028775315e-03 -8.631320312402624220e-03
1.141181060840527152e+03 -3.340336701242736361e-03 -8.529186471476856921e-03
1.141212343990787758e+03 -3.345932332094877885e-03 -8.331585445402757070e-03
1.141227980528513399e+03 -3.350216966692679942e-03 -8.234895878671188649e-03
1.141243630911998252e+03 -3.354445977408684974e-03 -8.137987555999775038e-03
1.141274954689928109e+03 -3.366136224069720285e-03 -7.956138789599930330e-03
1.141290647264130712e+03 -3.373559524539547581e-03 -7.898722156165700545e-03
1.141306373787893563e+03 -3.381960909900662022e-03 -7.832044069738872474e-03
1.141322139908636245e+03 -3.390152421910033395e-03 -7.747770164237065098e-03
1.141353719333313393e+03 -3.411066872427818714e-03 -7.604561969896754189e-03
1.141369476468358243e+03 -3.421727101452355473e-03 -7.519301040273857102e-03
1.141385220588468883e+03 -3.430657201814142371e-03 -7.427938390996133289e-03
1.141400965450140347e+03 -3.440647207550151347e-03 -7.335437570659763575e-03
1.141432401714502930e+03 -3.456548714284117356e-03 -7.140572880267011605e-03
1.141448108232243385e+03 -3.463208412639059812e-03 -7.046105899451390528e-03
1.141463813821234908e+03 -3.467901584444130474e-03 -6.955499729730195944e-03
1.141495212782065209e+03 -3.479985912206904741e-03 -6.805474953808476370e-03
1.141510918265328201e+03 -3.484244138051942764e-03 -6.813505739427157606e-03
1.141526615735020869e+03 -3.487734861482660962e-03 -6.750321701014910282e-03
1.141542318129663499e+03 -3.491018358930451145e-03 -6.753684997345409634e-03
1.141573768325522451e+03 -3.494432287686150950e-03 -7.091785157327373974e-03
1.141589503426285319e+03 -3.496847153957189421e-03 -7.473572612301125108e-03
1.141605261967306660e+03 -3.494696081226717453e-03 -7.725908450076827451e-03
1.141621024320893184e+03 -3.495256149258841802e-03 -7.733297595349575282e-03
1.141652608358775296e+03 -3.491516219595799074e-03 -8.256006441736527326e-03
1.141668360858329606e+03 -3.488336147058412190e-03 -8.246023267661902953e-03
1.141684102774779831e+03 -3.486138393181516162e-03 -8.323761433753401953e-03
1.141715545362586681e+03 -3.478859420152700770e-03 -8.535259636010112533e-03
1.141731239411713204e+03 -3.476121077880565697e-03 -8.649494681449002020e-03
1.141746932002876065e+03 -3.473655018990834484e-03 -8.786131162192366284e-03
1.141762623691819272e+03 -3.470058588439018689e-03 -8.934864784937780399e-03
1.141794009222290697e+03 -3.460256450470154763e-03 -9.242796127828084227e-03
1.141809727910120500e+03 -3.456069209075608804e-03 -9.389480799347964951e-03
1.141825448519415886e+03 -3.448006264064626056e-03 -9.521215245131355726e-03
1.141841184212059261e+03 -3.442785915091371891e-03 -9.656134571752744353e-03
1.141872717698419137e+03 -3.429376769227711081e-03 -9.879600303428461711e-03
1.141888509743038185e+03 -3.421705529414334566e-03 -9.954415018043701394e-03
1.141904297814633310e+03 -3.414076756478268745e-03 -9.999658604668013387e-03
1.141920048364147988e+03 -3.408578966377610094e-03 -1.001880675333240156e-02
1.141951515994443525e+03 -3.393769026193551707e-03 -9.983793985849470989e-03
1.141967228671899193e+03 -3.386380837563384566e-03 -9.935594258004989618e-03
1.141982926205225795e+03 -3.379787048329762917e-03 -9.862824701671289718e-03
1.142014336348520146e+03 -3.369704036618206139e-03 -9.693308668437152290e-03
1.142030044970795643e+03 -3.364176349602942054e-03 -9.583610122830796968e-03
1.142045723223394134e+03 -3.358261096129815885e-03 -9.475054128513699797e-03
1.142061383303197317e+03 -3.355519428662790977e-03 -9.361089657867749381e-03
1.142092684619724650e+03 -3.347604897692958281e-03 -9.135394739000489081e-03
1.142108389933459193e+03 -3.345463411551320276e-03 -9.024868621656714079e-03
1.142124159730057954e+03 -3.342633879539089366e-03 -8.918171545490169438e-03
1.142155625397586846e+03 -3.340662562190214405e-03 -8.706635847585795715e-03
1.142171287743860148e+03 -3.340942338547955252e-03 -8.600383022809337391e-03
1.142186942589949240e+03 -3.341967253217868056e-03 -8.500186604038248092e-03
1.142202575708326776e+03 -3.343141365370444831e-03 -8.401918884510481758e-03
1.142233850372567986e+03 -3.350628027350011171e-03 -8.206931528634260273e-03
1.142249504052538441e+03 -3.355469807142579149e-03 -8.107831979252300147e-03
1.142265164647163829e+03 -3.362237169209390114e-03 -8.013101126887949704e-03
1.142280842314615938e+03 -3.370448096572806022e-03 -7.935762863388283461e-03
1.142312285225114692e+03 -3.387545557746867407e-03 -7.806374772948921487e-03
1.142328056649346763e+03 -3.395982252481526218e-03 -7.724962263061315067e-03
1.142343850328035160e+03 -3.404853497085072542e-03 -7.656475332028579370e-03
1.142375393056044459e+03 -3.425617920205427207e-03 -7.490495532080018726e-03
1.142391125386542171e+03 -3.434261553293527832e-03 -7.400286572871124513e-03
1.142406858273040143e+03 -3.442235265569291471e-03 -7.304902384401418952e-03
1.142422578375059629e+03 -3.452716263515661754e-03 -7.208055410974275115e-03
1.142453998523560358e+03 -3.464554466960128882e-03 -7.017620019999430518e-03
1.142469699614316369e+03 -3.470946819177640578e-03 -6.927999905926992934e-03
1.142485397672779982e+03 -3.474907890514198142e-03 -6.847729726794259640e-03
1.142501100342454038e+03 -3.479438623601690747e-03 -6.799848127538902880e-03
1.142532503762877468e+03 -3.489584306934980906e-03 -6.726648289116100854e-03
1.142548215930100241e+03 -3.493283537399578201e-03 -6.782467326669626602e-03
1.142563945604047831e+03 -3.495020244851036739e-03 -6.937146737119780950e-03
1.142595413528978042e+03 -3.496776225297154681e-03 -7.590485686874254637e-03
1.142611170767174372e+03 -3.496883663726151406e-03 -7.702058662941651569e-03
1.142626955690619980e+03 -3.496626235172607591e-03 -7.803774176838402729e-03
1.142642737825790846e+03 -3.493451096088434800e-03 -8.172419814962810988e-03
1.142674266471508645e+03 -3.488543315494595926e-03 -8.260797278769230201e-03
1.142690009322769129e+03 -3.486569044107020680e-03 -8.353776557327882019e-03
1.142705730603953270e+03 -3.482407819810642846e-03 -8.462943030915567530e-03
1.142721432453518446e+03 -3.479757948587005375e-03 -8.566104937401708072e-03
1.142752815395462449e+03 -3.471330573759551924e-03 -8.822741283299196866e-03
1.142768506543517333e+03 -3.467080056523329408e-03 -8.976664520607498601e-03
1.142784197718796804e+03 -3.463284383570347860e-03 -9.133986944406802949e-03
1.142815628169848878e+03 -3.452548333631691013e-03 -9.424214925255273642e-03
1.142831345849869422e+03 -3.447837678880604547e-03 -9.554210320517890487e-03
1.142847095237088070e+03 -3.441757942176075155e-03 -9.692106245042473103e-03
1.142862856447757622e+03 -3.434227152891459675e-03 -9.806456474800013395e-03
1.142894432319207453e+03 -3.421143143848723485e-03 -9.966755020334261070e-03
1.142910202932706170e+03 -3.414504859340786094e-03 -1.000543414367266286e-02
1.142925952134810359e+03 -3.405541817742897912e-03 -1.001611810076736414e-02
1.142941692658572038e+03 -3.400022648070158676e-03 -1.000304533976593968e-02
1.142973117933018102e+03 -3.386315022307460551e-03 -9.914589997203859112e-03
1.142988812752278591e+03 -3.379700929664820191e-03 -9.838292927708923788e-03
1.143004512645593650e+03 -3.372742501219976301e-03 -9.759869480915334475e-03
1.143020226502739888e+03 -3.366291107728660182e-03 -9.659927851773886243e-03
1.143051602531150365e+03 -3.358213321433104609e-03 -9.441585426588438787e-03
1.143067262640013723e+03 -3.350696895651343252e-03 -9.327256018368035306e-03
1.143082907444856801e+03 -3.349843911671522480e-03 -9.214539954744640007e-03
1.143114302947644319e+03 -3.344609510600918875e-03 -8.994602568634116335e-03
1.143130080963029059e+03 -3.344993493416961901e-03 -8.889095894890770497e-03
1.143145808725138750e+03 -3.340889204627790939e-03 -8.784570232172763879e-03
1.143161506521739966e+03 -3.339822846257986099e-03 -8.675670078740857494e-03
1.143192812816339938e+03 -3.343384749478639333e-03 -8.472785163728759755e-03
1.143208446262919097e+03 -3.346128191035141128e-03 -8.373765782020975781e-03
1.143224079032074087e+03 -3.348580908380182578e-03 -8.276091013846865671e-03
1.143255377541355301e+03 -3.358848630504556333e-03 -8.080442827045933654e-03
1.143271043265452590e+03 -3.364986311642497764e-03 -7.987837624640928627e-03
1.143286727442902475e+03 -3.371132784769681739e-03 -7.920073318052884073e-03
1.143302444319073857e+03 -3.379453114282914439e-03 -7.862706436564576712e-03
1.143333979640874986e+03 -3.400393577536380083e-03 -7.705220347947912274e-03
1.143349779254542000e+03 -3.411312535292066860e-03 -7.635939158429010803e-03
1.143365535868588495e+03 -3.418748703151894448e-03 -7.555727190550436470e-03
1.143381291905469880e+03 -3.429254055634762058e-03 -7.464217930334289194e-03
1.143412746374996232e+03 -3.447327345326790197e-03 -7.276282331807429858e-03
1.143428473825958463e+03 -3.454171061199809347e-03 -7.178951248077289869e-03
1.143444184162018246e+03 -3.461679257843903405e-03 -7.082922567402157553e-03
1.143475588719877351e+03 -3.474250500466074306e-03 -6.903854232684241733e-03
1.143491287116765761e+03 -3.479017171223402691e-03 -6.826361286757540864e-03
1.143506988292384221e+03 -3.482908123469821010e-03 -6.803474815689290744e-03
1.143522687460147381e+03 -3.486588845093096297e-03 -6.781842761378250976e-03
1.143554110865735993e+03 -3.492943990774352407e-03 -6.821987164329492564e-03
1.143569839641029148e+03 -3.495417050895806461e-03 -6.986302211663442639e-03
1.143585568069610417e+03 -3.497736662746833095e-03 -7.274752617068828107e-03
1.143601320730579801e+03 -3.498096203194509847e-03 -7.673246085015387845e-03
1.143632872845074417e+03 -3.495336152133868800e-03 -7.901901756720829464e-03
1.143648665548438203e+03 -3.494648856071441538e-03 -8.217556154483612527e-03
1.143664420389364977e+03 -3.490610474424611469e-03 -8.246969247403550599e-03
1.143680167264319834e+03 -3.487530802475857002e-03 -8.281625911567089965e-03
1.143711620776475002e+03 -3.483032150917633046e-03 -8.496507604808141434e-03
1.143727318157525588e+03 -3.480458587417752971e-03 -8.598561264943516136e-03
1.143743012016231887e+03 -3.476245730682801360e-03 -8.720694675626389225e-03
1.143774389407550871e+03 -3.467451336526707409e-03 -9.020150792454675881e-03
1.143790081384128825e+03 -3.462733147673430732e-03 -9.169126950826521349e-03
1.143805795653945779e+03 -3.457356769211746787e-03 -9.317621393936766777e-03
1.143821521492310012e+03 -3.452103504179339973e-03 -9.457674848040205015e-03
1.143853003595709879e+03 -3.439122850569373366e-03 -9.724550629489982917e-03
1.143868767983445878e+03 -3.433382946949790730e-03 -9.833001191510638145e-03
1.143884564138648557e+03 -3.426009323573903607e-03 -9.922980135735857965e-03
1.143900356211643157e+03 -3.420350433866864697e-03 -9.978740869474218150e-03
1.143931853270755710e+03 -3.404600066205346574e-03 -1.001268011188329032e-02
1.143947586199535181e+03 -3.397700374145316317e-03 -9.993390660578343326e-03
1.143963303812881350e+03 -3.390653055577366477e-03 -9.955006172183497246e-03
1.143994700473698913e+03 -3.379461467992544727e-03 -9.815012067263760229e-03
1.144010406591018864e+03 -3.372676775853404758e-03 -9.733654595112757255e-03
1.144026118617114889e+03 -3.366829081066028892e-03 -9.627960947559388236e-03
1.144041809548877382e+03 -3.361816483282443688e-03 -9.520329967035466578e-03
1.144073134209372938e+03 -3.351784712965488310e-03 -9.295833132814937741e-03
1.144088780895844366e+03 -3.350744967947513926e-03 -9.184304294305173019e-03
1.144104465128972151e+03 -3.346788833693986522e-03 -9.073615843959924668e-03
1.144120216585050684e+03 -3.344839233030722381e-03 -8.965429915124526958e-03
1.144151704123971967e+03 -3.341428980375459219e-03 -8.755571878884593762e-03
1.144167382720725300e+03 -3.340490145122346644e-03 -8.646680752259407882e-03
1.144183031596232013e+03 -3.342108627083617989e-03 -8.544438151315258620e-03
1.144214307329490566e+03 -3.346551786821115333e-03 -8.346845783222532275e-03
1.144229945195823575e+03 -3.350630176064866954e-03 -8.248542838079223408e-03
1.144245596659179000e+03 -3.356167754246543872e-03 -8.150742394879289740e-03
1.144261256884283739e+03 -3.361651439441881110e-03 -8.053300304851823688e-03
1.144292617288998372e+03 -3.375268168047847617e-03 -7.905791302061848311e-03
1.144308344746312059e+03 -3.384218253879274843e-03 -7.842650548133402871e-03
1.144324112734828759e+03 -3.392454832551217679e-03 -7.758999825436553241e-03
1.144355692107744062e+03 -3.413021989083683469e-03 -7.615334787637602354e-03
1.144371449699049208e+03 -3.423478683526391935e-03 -7.530569337740497006e-03
1.144387187339201546e+03 -3.431559944339358272e-03 -7.439285469759730589e-03
1.144402928168197604e+03 -3.440928804790526537e-03 -7.346246223021817880e-03
1.144434362277600258e+03 -3.457928426450218758e-03 -7.151195196415136707e-03
1.144450066382549039e+03 -3.465445690663024759e-03 -7.056739535559910896e-03
1.144465770635662466e+03 -3.469358441513210184e-03 -6.965720801713507979e-03
1.144481468761542374e+03 -3.474732150947301874e-03 -6.880536043010971985e-03
1.144512873992243158e+03 -3.486635576492219928e-03 -6.808739438065946649e-03
1.144528575931377418e+03 -3.490104660180618889e-03 -6.752421504058361661e-03
1.144544280368349519e+03 -3.493185948699434329e-03 -6.731177837317936855e-03
1.144560007184796405e+03 -3.497015714632345507e-03 -6.866066052038842515e-03
1.144591469424126444e+03 -3.498334174140718851e-03 -7.394920209576820447e-03
1.144607228044462317e+03 -3.497758738690040677e-03 -7.707334350295095594e-03
1.144622998018676071e+03 -3.497236616564345941e-03 -7.695881316334592971e-03
1.144654575741140206e+03 -3.492278278206770257e-03 -8.250197778718795089e-03
1.144670327043935458e+03 -3.491730583494683307e-03 -8.247237352379465161e-03
1.144686068406325148e+03 -3.488374945804715178e-03 -8.307991100056854109e-03
1.144701793869030780e+03 -3.485101004590255690e-03 -8.421170436095420583e-03
1.144733197229930738e+03 -3.477817452442141712e-03 -8.630562910307323921e-03
1.144748890176331315e+03 -3.475092024337161131e-03 -8.757950087473622552e-03
1.144764581792876243e+03 -3.472159429161447534e-03 -8.903534704222624066e-03
1.144780272359600758e+03 -3.468129013228966450e-03 -9.060781091860644482e-03
1.144811691662693647e+03 -3.458890902945171378e-03 -9.353785581732727838e-03
1.144827409874451860e+03 -3.450909311966081274e-03 -9.489022359407442778e-03
1.144843150251766019e+03 -3.444979413325926360e-03 -9.627245392989874570e-03
1.144874693185097385e+03 -3.432032699627387065e-03 -9.857658404214451886e-03
1.144890478926821743e+03 -3.424474608415871337e-03 -9.936376566196900365e-03
1.144906263279451423e+03 -3.416572707863390831e-03 -9.985418558797389682e-03
1.144922011466373533e+03 -3.411655577952579874e-03 -1.000816672735731043e-02
1.144953478050734248e+03 -3.396190070581392613e-03 -9.979765403393028866e-03
1.144969186901389776e+03 -3.389757810394662153e-03 -9.934337056772685193e-03
1.144984883383840952e+03 -3.382529115976471053e-03 -9.864428084989114442e-03
1.145000581620484354e+03 -3.376490201856079815e-03 -9.789274689433998325e-03
1.145032004227213520e+03 -3.366330493421230800e-03 -9.591171715297852965e-03
1.145047690878806634e+03 -3.361069432817179615e-03 -9.487065487072919578e-03
1.145063357530318854e+03 -3.356689327627576484e-03 -9.373328545765540615e-03
1.145094653285477989e+03 -3.349834067375571586e-03 -9.150767078331132134e-03
1.145110366302194734e+03 -3.347019833062331480e-03 -9.039991845985901817e-03
1.145126135441132874e+03 -3.344887507145935003e-03 -8.933149393659524720e-03
1.145141880755533975e+03 -3.343187735420281165e-03 -8.831181131231160067e-03
1.145173249967386255e+03 -3.342598985024836013e-03 -8.614928497140307215e-03
1.145188905509352708e+03 -3.343700032874414359e-03 -8.514735236900180734e-03
1.145204533903289530e+03 -3.344890749248909979e-03 -8.415274735837422609e-03
1.145220164562448190e+03 -3.348659323423150598e-03 -8.316181627775177942e-03
1.145251463803774413e+03 -3.357482750205940079e-03 -8.120055136842043927e-03
1.145267126681066657e+03 -3.363314722046634349e-03 -8.023959433118949339e-03
1.145282803458357648e+03 -3.371151581539871562e-03 -7.943335102342317933e-03
1.145314251206039899e+03 -3.390064437630609193e-03 -7.816787218613533914e-03
1.145330023703716506e+03 -3.398371000850263727e-03 -7.734523144060373966e-03
1.145345822116211593e+03 -3.408052445961254426e-03 -7.665252539274212094e-03
1.145361591035151832e+03 -3.417715064029071964e-03 -7.589554045564554825e-03
1.145393085956478444e+03 -3.437003916676027292e-03 -7.410038663381382680e-03
1.145408810009014587e+03 -3.445868804948733037e-03 -7.314637598902408271e-03
1.145424533695844048e+03 -3.453427073004374480e-03 -7.217463487216540033e-03
1.145440248790699570e+03 -3.461877199753821046e-03 -7.120522492041038778e-03
1.145471649536294763e+03 -3.473666581432268471e-03 -6.937753557876968208e-03
1.145487347940770860e+03 -3.478060512268149607e-03 -6.856089510852568687e-03
1.145503050379105616e+03 -3.482130270096312451e-03 -6.801192914296217903e-03
1.145534453853363175e+03 -3.490911975710071953e-03 -6.723361557322238453e-03
1.145550169035768022e+03 -3.495634819749556498e-03 -6.754637550655906257e-03
1.145565898797240834e+03 -3.496291426650016427e-03 -6.911475330334959297e-03
1.145581620259870533e+03 -3.498915686149097620e-03 -7.110668765307369237e-03
1.145613129219561415e+03 -3.498762411901089938e-03 -7.697972621595287369e-03
1.145628919023077970e+03 -3.499151120386148790e-03 -7.741070926840784745e-03
1.145644702822555246e+03 -3.496759012971108020e-03 -8.109346331800319774e-03
1.145660473411511703e+03 -3.495081111749336923e-03 -8.257526321056904428e-03
1.145691962975841989e+03 -3.489379414496117902e-03 -8.340418754726335732e-03
1.145707685728647675e+03 -3.486182603070354068e-03 -8.455707231342087654e-03
1.145723384759608052e+03 -3.482931926008729206e-03 -8.556813326939321021e-03
1.145754766124745856e+03 -3.474726156839288115e-03 -8.796143722312792235e-03
1.145770456362397454e+03 -3.470157901991697668e-03 -8.947715794630228120e-03
1.145786147936049929e+03 -3.465835621009105260e-03 -9.100255004770765183e-03
1.145801855996237236e+03 -3.462123771486990721e-03 -9.245873047894676011e-03
1.145833303867677841e+03 -3.450832239668531146e-03 -9.525331148030911910e-03
1.145849054155246222e+03 -3.445895801593749311e-03 -9.665787137675916144e-03
1.145864815246675107e+03 -3.437040301784493809e-03 -9.782594472980764289e-03
1.145880610433265474e+03 -3.431680292414742480e-03 -9.883814769096260083e-03
1.145912159638304274e+03 -3.417413470698211966e-03 -9.991971676113596199e-03
1.145927907914262732e+03 -3.408508502674378014e-03 -1.000654501110837674e-02
1.145943646709893073e+03 -3.402830399302782163e-03 -9.996165263646196453e-03
1.145975070544188611e+03 -3.389724350199211853e-03 -9.912227130996631094e-03
1.145990764482782879e+03 -3.383196841638643967e-03 -9.837436798144237951e-03
1.146006462591801437e+03 -3.376404833432382086e-03 -9.762468256435946970e-03
1.146022176062036579e+03 -3.370039315866078973e-03 -9.664784662043453961e-03
1.146053563264022841e+03 -3.360760095617089296e-03 -9.450528828006406201e-03
1.146069223651706807e+03 -3.354965267678592083e-03 -9.336816791604439503e-03
1.146084868150095872e+03 -3.353017703273720746e-03 -9.226117594028694982e-03
1.146100531283735108e+03 -3.353058484539078038e-03 -9.115974792170619678e-03
1.146132045988471418e+03 -3.347203952222810135e-03 -8.901291387800347801e-03
1.146147769419919086e+03 -3.343837611803947892e-03 -8.796788780104944014e-03
1.146163459089385924e+03 -3.341849079489971931e-03 -8.687124714771340267e-03
1.146194761064150953e+03 -3.347140834368414822e-03 -8.483819091308422711e-03
1.146210391125644037e+03 -3.349434764357664927e-03 -8.383829542041244115e-03
1.146226026713050032e+03 -3.352483061517573006e-03 -8.286145959779242162e-03
1.146241674899556983e+03 -3.355899117039987372e-03 -8.188706955233287024e-03
1.146272995970623469e+03 -3.368131501374235868e-03 -7.994788485094836764e-03
1.146288678845847471e+03 -3.374653549747672759e-03 -7.923375950890017630e-03
1.146304396747919782e+03 -3.382389642190730683e-03 -7.868803290189192723e-03
1.146320155798501446e+03 -3.391467906404820130e-03 -7.789486278939916283e-03
1.146351737736774567e+03 -3.413442381486043314e-03 -7.641896247749704885e-03
1.146367490782779214e+03 -3.422460886316119454e-03 -7.563061386614703188e-03
1.146383239703859999e+03 -3.432481559698443221e-03 -7.471959270649279269e-03
1.146414691653464388e+03 -3.449301007225474228e-03 -7.282791592462346808e-03
1.146430417313098133e+03 -3.458247538627850452e-03 -7.185572201558482024e-03
1.146446124986684254e+03 -3.464693815786944533e-03 -7.090265996776064575e-03
1.146461829113516842e+03 -3.472205556374965106e-03 -6.997275792740814682e-03
1.146493229848419560e+03 -3.482915123593497472e-03 -6.831412170627314609e-03
1.146508931257242921e+03 -3.486792055174618189e-03 -6.800868939935367230e-03
1.146524628915681205e+03 -3.490872483697800462e-03 -6.781770100950214666e-03
1.146540331721881557e+03 -3.494179696736222571e-03 -6.704815502176266970e-03
1.146571783546962934e+03 -3.499221927385096510e-03 -6.955961206361465331e-03
1.146587514666382503e+03 -3.501731403492456141e-03 -7.197395912832742215e-03
1.146603270663293188e+03 -3.500071949854105958e-03 -7.624289766267165411e-03
1.146634824544375306e+03 -3.498797379573089644e-03 -7.819599738828461946e-03
1.146650617009980579e+03 -3.498541337901283320e-03 -8.193302837520911527e-03
1.146666369971051154e+03 -3.493911538905271688e-03 -8.250611406085881644e-03
1.146682114480671999e+03 -3.491893472412949291e-03 -8.272062294621816692e-03
1.146713563172650538e+03 -3.485826248926770284e-03 -8.485008631655891267e-03
1.146729258554699754e+03 -3.483981744003631417e-03 -8.582931416772002567e-03
1.146744951399983620e+03 -3.480762071291860962e-03 -8.698412526790880867e-03
1.146760644753965835e+03 -3.476454815252815259e-03 -8.834403229528383500e-03
1.146792024925369105e+03 -3.467477369163609897e-03 -9.137360292293388031e-03
1.146807742022881257e+03 -3.462259063321975784e-03 -9.287279535292453439e-03
1.146823465112951908e+03 -3.455856958749792870e-03 -9.428612073634056595e-03
1.146854955560306962e+03 -3.442748226342458914e-03 -9.702403939272739516e-03
1.146870721325457453e+03 -3.437665463461992647e-03 -9.814482396184943599e-03
1.146886516865374006e+03 -3.429948766902807689e-03 -9.906088048877464969e-03
1.146902307279319075e+03 -3.423626713103481139e-03 -9.964960687968661343e-03
1.146933800869023798e+03 -3.409133239088809903e-03 -1.000633840692393209e-02
1.146949529876147835e+03 -3.402074278054664086e-03 -9.989442243823438289e-03
1.146965245387558070e+03 -3.394334115880892708e-03 -9.952837901674092130e-03
1.146980943394539963e+03 -3.388693535099645930e-03 -9.890398880486161309e-03
1.147012345058942628e+03 -3.377481364153490668e-03 -9.737106309399144038e-03
1.147028062665264315e+03 -3.371355820218490708e-03 -9.630382973520892204e-03
1.147043756653754826e+03 -3.366359989799762309e-03 -9.526621990587645639e-03
1.147075081912403220e+03 -3.356094423872939790e-03 -9.304289663818719053e-03
1.147090729538336291e+03 -3.355824131721603983e-03 -9.194052879886893681e-03
1.147106418543116888e+03 -3.352152742924993829e-03 -9.084294558256572616e-03
1.147122171120326584e+03 -3.349662369247410204e-03 -8.974680822740140410e-03
1.147153650799637717e+03 -3.346388288382144173e-03 -8.764990514674938366e-03
1.147169325217994810e+03 -3.345784781618235931e-03 -8.655466472666920041e-03
1.147184973670607405e+03 -3.347006137379602946e-03 -8.553381722800481451e-03
1.147200609156728206e+03 -3.348633275592846018e-03 -8.454360817491866908e-03
1.147231880487565149e+03 -3.354348811588329579e-03 -8.256306162200974588e-03
1.147247535221935777e+03 -3.359690725600777625e-03 -8.157317794787047674e-03
1.147263196323822513e+03 -3.366393655731366417e-03 -8.059562511137208229e-03
1.147294560965106939e+03 -3.379894824918716276e-03 -7.907110112976864155e-03
1.147310288888713103e+03 -3.389228738057744467e-03 -7.846973989374060252e-03
1.147326058499673763e+03 -3.397680758464172255e-03 -7.763514486766791810e-03
1.147341849101418120e+03 -3.406448516315089495e-03 -7.690667348179702940e-03
1.147373394183584878e+03 -3.427683192386620468e-03 -7.534655279312943779e-03
1.147389126195773997e+03 -3.435801306451497904e-03 -7.443639968832028650e-03
1.147404862278016708e+03 -3.444269016989559302e-03 -7.349053330714048517e-03
1.147420578473243040e+03 -3.455612402591392348e-03 -7.252447535056901970e-03
1.147451997980291935e+03 -3.468980988083153472e-03 -7.061225093199978084e-03
1.147467700181868167e+03 -3.474103004800312144e-03 -6.969454162876961845e-03
1.147483398491401431e+03 -3.478363532740607646e-03 -6.885641501928040434e-03
1.147514804472456490e+03 -3.490169739009262202e-03 -6.805013814830196753e-03
1.147530505052673561e+03 -3.494812094606295372e-03 -6.749468407724412179e-03
1.147546216324553143e+03 -3.497720800191186485e-03 -6.705534540471369022e-03
1.147561942681998744e+03 -3.501609863227373408e-03 -6.835941384763647918e-03
1.147593408830930912e+03 -3.502296434518951430e-03 -7.310852190067919365e-03
1.147609167260202412e+03 -3.503054846944253682e-03 -7.679652360351327256e-03
1.147624946639102518e+03 -3.502022900452061906e-03 -7.661836476305203605e-03
1.147640729471484292e+03 -3.499327052569649581e-03 -7.927809028898395033e-03
1.147672263631706983e+03 -3.496390603288837551e-03 -8.244413126293205843e-03
1.147688007471767378e+03 -3.492857882854237019e-03 -8.298714121517371256e-03
1.147703729163305297e+03 -3.489425074327662940e-03 -8.406826967333148534e-03
1.147735127906769321e+03 -3.482639458055534088e-03 -8.607965197809661420e-03
1.147750820536787842e+03 -3.479075462005715245e-03 -8.729461224936332572e-03
1.147766512483376118e+03 -3.475728947360616581e-03 -8.872667803480368057e-03
1.147782203151859221e+03 -3.472422528188424604e-03 -9.027422520513457213e-03
1.147813628930724917e+03 -3.462217547141435963e-03 -9.324478834105715680e-03
1.147829345026587134e+03 -3.456160955747743322e-03 -9.459945935065170244e-03
1.147845090419984899e+03 -3.449710915243845051e-03 -9.602112878198492546e-03
1.147860852059695162e+03 -3.443700033684403850e-03 -9.732042695447792879e-03
1.147892422321402364e+03 -3.429711178082049325e-03 -9.920329638058849112e-03
1.147908200690711965e+03 -3.422642653968679168e-03 -9.972658703646027425e-03
1.147923949385125525e+03 -3.415636888259223226e-03 -1.000004907045630789e-02
1.147955414072737085e+03 -3.401234344164211828e-03 -9.976646351763134718e-03
1.147971118780376628e+03 -3.395243089281938659e-03 -9.932712138246748909e-03
1.147986814496646730e+03 -3.387980901951347448e-03 -9.863705473044288158e-03
1.148002511885001923e+03 -3.381244764680203102e-03 -9.790296827015106118e-03
1.148033936361261567e+03 -3.370376178479207990e-03 -9.594356677250221246e-03
1.148049628509542799e+03 -3.366321787539531228e-03 -9.492665921733126413e-03
1.148065298915519406e+03 -3.359958769686172131e-03 -9.379435632772457898e-03
1.148080938554595832e+03 -3.358137643277981418e-03 -9.269197748256451444e-03
1.148112310276764674e+03 -3.352936098950314026e-03 -9.049160547406759347e-03
1.148128077562847466e+03 -3.351791073541608799e-03 -8.941616012402616581e-03
1.148143817079524979e+03 -3.348784327866651846e-03 -8.839222856620072497e-03
1.148175178718119923e+03 -3.348084446550578502e-03 -8.622819159496449351e-03
1.148190831433011681e+03 -3.349720676160621458e-03 -8.522524677045353880e-03
1.148206460380615454e+03 -3.351189413214543823e-03 -8.422844676245624246e-03
1.148222088716154303e+03 -3.354432720949438677e-03 -8.323658781475012577e-03
1.148253391959819737e+03 -3.363599788159881213e-03 -8.126320817722926942e-03
1.148269056568493397e+03 -3.369112386423742892e-03 -8.029010056100616827e-03
1.148284733400148525e+03 -3.375555966013095172e-03 -7.946560238474497176e-03
1.148300439145472637e+03 -3.384890200414779598e-03 -7.890222291872981200e-03
1.148331961615659566e+03 -3.403639729511446881e-03 -7.738510964795134069e-03
1.148347762793376887e+03 -3.414831858119365612e-03 -7.668115753104631262e-03
1.148363522734058961e+03 -3.422517435619961898e-03 -7.593229798060976629e-03
1.148395015718752802e+03 -3.442464356005233220e-03 -7.413191935231724060e-03
1.148410732284005917e+03 -3.451933660725149851e-03 -7.317192412684237618e-03
1.148426458209535667e+03 -3.457944613577884803e-03 -7.220202890665478219e-03
1.148442169311177395e+03 -3.467065734671057140e-03 -7.124201067032823013e-03
1.148473571029730920e+03 -3.478818736535722010e-03 -6.941780589737263189e-03
1.148489269228262401e+03 -3.483897129956612868e-03 -6.859447924538037561e-03
1.148504971359610181e+03 -3.487762354992575854e-03 -6.801448210120839000e-03
1.148520671978716564e+03 -3.491469540103861458e-03 -6.799869321861779468e-03
1.148552092860283437e+03 -3.499684991031289886e-03 -6.723499075150579304e-03
1.148567822148791265e+03 -3.501149714790233354e-03 -6.882574225727165936e-03
1.148583548893485840e+03 -3.503933569933871672e-03 -7.058299213988610335e-03
1.148615058056730959e+03 -3.503367370368057690e-03 -7.684593120554848202e-03
1.148630850811258597e+03 -3.503392749749283629e-03 -7.685505160215101196e-03
1.148646638787077336e+03 -3.501937421483824076e-03 -8.034735596068048533e-03
1.148662400478917561e+03 -3.499536600613202542e-03 -8.246611498689196754e-03
1.148693887321608372e+03 -3.493973311330539518e-03 -8.326447650017035698e-03
1.148709606564063733e+03 -3.491998407169182982e-03 -8.436534862574372046e-03
1.148725307671322525e+03 -3.488415656021841803e-03 -8.533721764651969535e-03
1.148740997403512210e+03 -3.484704806531380237e-03 -8.637353775041526141e-03
1.148772377101555321e+03 -3.475828601477339106e-03 -8.913197269482904181e-03
1.148788068864904972e+03 -3.471220187844981878e-03 -9.063460051942945350e-03
1.148803780303062922e+03 -3.466706966922090960e-03 -9.214348620527633427e-03
1.148835231138335075e+03 -3.456375074668497759e-03 -9.494182166013869634e-03
1.148850982498662461e+03 -3.450520772644564103e-03 -9.639516651465004221e-03
1.148866744913232196e+03 -3.442625124252297625e-03 -9.762400176997781953e-03
1.148882541211218495e+03 -3.436305783730178153e-03 -9.865435260370054166e-03
1.148914087336753028e+03 -3.421822440683373618e-03 -9.980592501896538155e-03
1.148929834075666577e+03 -3.414120342197580257e-03 -9.999367587798570559e-03
1.148945570450910736e+03 -3.407855539519228337e-03 -9.992022251919717435e-03
1.148961288862063157e+03 -3.401945985718157674e-03 -9.963612446184103716e-03
1.148992687628550584e+03 -3.388657785485482427e-03 -9.838671490087947877e-03
1.149008384096309101e+03 -3.382050756262840706e-03 -9.766848805864350794e-03
1.149024097298981133e+03 -3.376111941505337884e-03 -9.669595833989819492e-03
1.149055494647433079e+03 -3.365484332694998904e-03 -9.458841409877339484e-03
1.149071152276229896e+03 -3.361418382246517990e-03 -9.346737760887716476e-03
1.149086794355668644e+03 -3.359154857066953045e-03 -9.237391283939331427e-03
1.149102463455387806e+03 -3.357608941579135180e-03 -9.128183744497623056e-03
1.149133976409339539e+03 -3.350385232256639697e-03 -8.912738085419645226e-03
1.149149695589860357e+03 -3.350480481017467909e-03 -8.808055693977585865e-03
1.149165380772400567e+03 -3.348452072146074730e-03 -8.698084795315563431e-03
1.149181029036137716e+03 -3.350284437060878622e-03 -8.593238956525457370e-03
1.149212303699493987e+03 -3.355184423221050857e-03 -8.393274134552623431e-03
1.149227938426091441e+03 -3.359180684491341017e-03 -8.294657259575288766e-03
1.149243591771973115e+03 -3.362881059982221737e-03 -8.196361758598773306e-03
1.149274916844730342e+03 -3.374009109574173382e-03 -8.001088358057587002e-03
1.149290599639535003e+03 -3.380835757657290209e-03 -7.927493331957257555e-03
1.149306318147398088e+03 -3.388950097663601547e-03 -7.873308740588355267e-03
1.149322080324676108e+03 -3.396806216243642828e-03 -7.795472315130496689e-03
1.149353662548401189e+03 -3.418247863155894541e-03 -7.646761219350617714e-03
1.149369414789844996e+03 -3.428802243005293297e-03 -7.568400674541134188e-03
1.149385155302472185e+03 -3.437785725035795784e-03 -7.478034164627275077e-03
1.149400896649845436e+03 -3.447846124683105491e-03 -7.384392217973524686e-03
1.149432329361180336e+03 -3.464119872774569942e-03 -7.190638399431883467e-03
1.149448033996219692e+03 -3.471122865471383025e-03 -7.095934673766200740e-03
1.149463738203211051e+03 -3.476292938124842750e-03 -7.003018227861827240e-03
1.149495137436849973e+03 -3.488571437476176151e-03 -6.836744758072038804e-03
1.149510842849428627e+03 -3.492922086626372609e-03 -6.800868016344076110e-03
1.149526540865263769e+03 -3.496661955363731568e-03 -6.781734095407762619e-03
1.149542244046168207e+03 -3.500264389731197294e-03 -6.692090775458001996e-03
1.149573695616205896e+03 -3.504220395396614052e-03 -6.929568911309269899e-03
1.149589431885975500e+03 -3.506912880261600640e-03 -7.130923641159105791e-03
1.149605190905354448e+03 -3.505038407798986237e-03 -7.559678736540448654e-03
1.149620953652696471e+03 -3.505908386147111103e-03 -7.661101118202381932e-03
1.149652536927648953e+03 -3.502658349676621499e-03 -8.129102946334921045e-03
1.149668289171072502e+03 -3.499584024769147698e-03 -8.253058545053178555e-03
1.149684030971354332e+03 -3.497622491480948531e-03 -8.260821770157985786e-03
1.149715473702094641e+03 -3.490781473833294742e-03 -8.466583392121867710e-03
1.149731168143576951e+03 -3.488284938003204973e-03 -8.559847640581244935e-03
1.149746860948790982e+03 -3.486021983468117012e-03 -8.668125017956922890e-03
1.149762553010916236e+03 -3.482592960423724557e-03 -8.801832815604742483e-03
1.149793938793275629e+03 -3.473170783611095967e-03 -9.100005852461011055e-03
1.149809657476195298e+03 -3.469098971791067642e-03 -9.253546324039059121e-03
1.149825377742295814e+03 -3.461202825174132178e-03 -9.392510635388552284e-03
1.149841112711202868e+03 -3.456131232547719236e-03 -9.531105441428117803e-03
1.149872645367756832e+03 -3.442963866334114095e-03 -9.789212557460076625e-03
1.149888437899466226e+03 -3.435381324287787967e-03 -9.882518923998856453e-03
1.149904225999170194e+03 -3.427874003175420022e-03 -9.943533938493835656e-03
1.149935717496086454e+03 -3.414770239487605660e-03 -9.994075104022573375e-03
1.149951443335091199e+03 -3.407595981886819489e-03 -9.980176790128574005e-03
1.149967155570444902e+03 -3.400140508833758395e-03 -9.945347677323034680e-03
1.149982852679348525e+03 -3.393528647948436915e-03 -9.885415693152925509e-03
1.150014253386710834e+03 -3.382892039113694245e-03 -9.737468730203676162e-03
1.150029972450696278e+03 -3.377495348269300007e-03 -9.631461109235697760e-03
1.150045675209881892e+03 -3.371884790601967913e-03 -9.531974621626202251e-03
1.150061354049778174e+03 -3.368422819323353776e-03 -9.421245881537214720e-03
1.150092646047163726e+03 -3.361078813990431031e-03 -9.203436725153668618e-03
1.150108341120060459e+03 -3.358682908458711022e-03 -9.093329000749664909e-03
1.150124093696864747e+03 -3.356253687662319896e-03 -8.983434867112843544e-03
1.150155565820729407e+03 -3.353141310653882413e-03 -8.772999558346955551e-03
1.150171232595198717e+03 -3.352881098533539231e-03 -8.664305903950987597e-03
1.150186883814205657e+03 -3.353881174167576591e-03 -8.561627071495240757e-03
1.150202512386645822e+03 -3.354598551967147638e-03 -8.462672291512169515e-03
1.150233782676778901e+03 -3.361187969930145604e-03 -8.264384430683701863e-03
1.150249440225162516e+03 -3.365513389200523904e-03 -8.163819207571696920e-03
1.150265104223426988e+03 -3.371917749157815093e-03 -8.065688758565682168e-03
1.150280775236595446e+03 -3.379828655379935303e-03 -7.973186431125841786e-03
1.150312201608182249e+03 -3.396323826430151013e-03 -7.850581910120472615e-03
1.150327972190105129e+03 -3.404617086340299466e-03 -7.768391133678619748e-03
1.150343766893719476e+03 -3.413503962144633520e-03 -7.694528966402319238e-03
1.150375304328470747e+03 -3.434098990473137981e-03 -7.538708749027930693e-03
1.150391032452611398e+03 -3.442707406015739838e-03 -7.447773307443139937e-03
1.150406762174095320e+03 -3.450993387289191458e-03 -7.351996994336352370e-03
1.150422480423833122e+03 -3.461803378239790459e-03 -7.255822430416641877e-03
1.150453897602096049e+03 -3.474272627203735166e-03 -7.064973012130204393e-03
1.150469597691183253e+03 -3.480808591945041327e-03 -6.973306379513329045e-03
1.150485296116692780e+03 -3.484867269754401108e-03 -6.890317263364939201e-03
1.150500998973167725e+03 -3.489622530265870225e-03 -6.816674896685376121e-03
1.150532403313727627e+03 -3.500416308296454022e-03 -6.747327781132649895e-03
1.150548116084588855e+03 -3.504220515086460628e-03 -6.684838593644929459e-03
1.150563846041855186e+03 -3.506303957588140837e-03 -6.801895245271515414e-03
1.150595316201505966e+03 -3.508531567780357081e-03 -7.228496226066120738e-03
1.150611073880202184e+03 -3.509019034886197604e-03 -7.642902050408927062e-03
1.150626859010916633e+03 -3.508990961283567096e-03 -7.642083406234542568e-03
1.150642640507175656e+03 -3.506013344690514077e-03 -7.842173149116173428e-03
1.150674168781071785e+03 -3.501589953045042020e-03 -8.249124766609518961e-03
1.150689911451176613e+03 -3.499737608265387438e-03 -8.281560701084413056e-03
1.150705632479672886e+03 -3.495785607903413757e-03 -8.394146443016808901e-03
1.150721334876701803e+03 -3.493342381257947930e-03 -8.496798733993301753e-03
1.150752718417440747e+03 -3.485351669224832048e-03 -8.702021384992607994e-03
1.150768410003935969e+03 -3.481320160340660008e-03 -8.843351357814414546e-03
1.150784101398795883e+03 -3.477747811579772353e-03 -8.991397561779374686e-03
1.150815531905782109e+03 -3.467270564733538740e-03 -9.291387622178917671e-03
1.150831248898137119e+03 -3.462676506620197218e-03 -9.426247930587930077e-03
1.150846997613700523e+03 -3.456674695402970308e-03 -9.571032659453616864e-03
1.150862758607460364e+03 -3.449351528377153035e-03 -9.704113341437090728e-03
1.150894334251029704e+03 -3.436451398567073531e-03 -9.898486207073994847e-03
1.150910105234727780e+03 -3.429895897291204091e-03 -9.952736275411799491e-03
1.150925853975509426e+03 -3.421013213644393501e-03 -9.984110347604701133e-03
1.150941594407156799e+03 -3.415503365269997697e-03 -9.986340948825585609e-03
1.150973018771804391e+03 -3.401686087030923386e-03 -9.924842638913296961e-03
1.150988713474413089e+03 -3.394875307839399260e-03 -9.858418769901422865e-03
1.151004410027412632e+03 -3.387859423937618526e-03 -9.788195592889523469e-03
1.151020118680446330e+03 -3.381421514703143293e-03 -9.703005031230378316e-03
1.151051535621935045e+03 -3.372509385804431034e-03 -9.496495867688052248e-03
1.151067203919744770e+03 -3.365750753813583421e-03 -9.385477842978773300e-03
1.151082845197035567e+03 -3.364507420081364747e-03 -9.277375574454989685e-03
1.151114220691562423e+03 -3.359567766434915035e-03 -9.059244846196646758e-03
1.151129988779031009e+03 -3.359811407085242126e-03 -8.950915407616040140e-03
1.151145724082011156e+03 -3.355697573733762689e-03 -8.847942142050613593e-03
1.151161422330521873e+03 -3.354378245592255607e-03 -8.738786545187084837e-03
1.151192726912659509e+03 -3.357590448708130254e-03 -8.531283724801341090e-03
1.151208354449762965e+03 -3.359661886569356021e-03 -8.431629845670514031e-03
1.151223983576851424e+03 -3.361863607642648528e-03 -8.332065461651884733e-03
1.151255289073906170e+03 -3.370928284053987829e-03 -8.133360721770796845e-03
1.151270954426577646e+03 -3.376710958883504931e-03 -8.035014474654824171e-03
1.151286630957582020e+03 -3.382453796963408137e-03 -7.950075656472833582e-03
1.151302338866262517e+03 -3.390289497145032496e-03 -7.893204151236210206e-03
1.151333868779679960e+03 -3.410729270717876432e-03 -7.744076418159450553e-03
1.151349668852774357e+03 -3.421810938691856405e-03 -7.672274806801033728e-03
1.151365421615611695e+03 -3.429325745206409162e-03 -7.598135070195042272e-03
1.151381174213441000e+03 -3.440034855516108277e-03 -7.510640977233723481e-03
1.151412621757642228e+03 -3.458128769691849735e-03 -7.321568532086862070e-03
1.151428347930364225e+03 -3.465184531028006783e-03 -7.224721132832690081e-03
1.151444056441873727e+03 -3.473194085383374177e-03 -7.129128470955777182e-03
1.151475459177936955e+03 -3.486172212345618575e-03 -6.946517753067937145e-03
1.151491157728228700e+03 -3.491203049610224797e-03 -6.863965162090155184e-03
1.151506858960992076e+03 -3.495243135951152987e-03 -6.803565624295720288e-03
1.151522558711040574e+03 -3.499038699720073871e-03 -6.798796308613943608e-03
1.151553983282071613e+03 -3.505996763190586622e-03 -6.696217885519641956e-03
1.151569712950855546e+03 -3.508687667674544909e-03 -6.848760077765967021e-03
1.151585442645193552e+03 -3.511317207546302104e-03 -7.021702347976515116e-03
1.151601195782277728e+03 -3.512093352954985537e-03 -7.345663959837209385e-03
1.151632748137448971e+03 -3.509769071779364827e-03 -7.646985495986437058e-03
1.151648540133590132e+03 -3.509261263343453445e-03 -7.958560541528146917e-03
1.151664294832075711e+03 -3.505502895499651179e-03 -8.243084748820784374e-03
1.151680041606583927e+03 -3.502561681809730158e-03 -8.247891719011076622e-03
1.151711495114345780e+03 -3.498570164639628211e-03 -8.427324543190116077e-03
1.151727193102283991e+03 -3.496137301278268682e-03 -8.521696526436153829e-03
1.151742886985442965e+03 -3.492082128882539709e-03 -8.615189383807255602e-03
1.151774265034704740e+03 -3.483647787213179498e-03 -8.880738150630529751e-03
1.151789957214124570e+03 -3.479099478234108384e-03 -9.027467139318290368e-03
1.151805671594513569e+03 -3.473915741328462321e-03 -9.181225878053166090e-03
1.151821397320046799e+03 -3.468846497971048333e-03 -9.325129730835804778e-03
1.151852877960660635e+03 -3.456158768259049233e-03 -9.607573682886238337e-03
1.151868642038424014e+03 -3.450418581325135400e-03 -9.733177148835979106e-03
1.151884438404686989e+03 -3.443200289171118034e-03 -9.838615970180455278e-03
1.151900230672367570e+03 -3.437639375966173270e-03 -9.910404774804917535e-03
1.151931727226992507e+03 -3.421919095420628259e-03 -9.981461049301108834e-03
1.151947460284458884e+03 -3.415051253789776198e-03 -9.976464604137787531e-03
1.151963177577302076e+03 -3.408045743454939710e-03 -9.951361928220030934e-03
1.151994573706044548e+03 -3.396391300850527990e-03 -9.830932107248651491e-03
1.152010272820213913e+03 -3.389626261722667160e-03 -9.762616561687665132e-03
1.152025984905593305e+03 -3.383683097519508704e-03 -9.666005633149395843e-03
1.152041696011620843e+03 -3.378200286981334136e-03 -9.565638841650901322e-03
1.152073045730846388e+03 -3.368502889445724319e-03 -9.351226384010306869e-03
1.152088688266162535e+03 -3.367436719613611015e-03 -9.243905940244611513e-03
1.152104363881455356e+03 -3.363179287205945653e-03 -9.135519012237918943e-03
1.152120096981811912e+03 -3.361529841661740989e-03 -9.025417744169652104e-03
1.152151589941248858e+03 -3.359052194154063878e-03 -8.815408874673011375e-03
1.152167271328564311e+03 -3.357356228622408907e-03 -8.705127671137473724e-03
1.152182916880287166e+03 -3.358815067354022337e-03 -8.599849971201448812e-03
1.152214184105386494e+03 -3.362438684808346026e-03 -8.400190880344085911e-03
1.152229820270345954e+03 -3.365967345101489577e-03 -8.300121668536615538e-03
1.152245474396106829e+03 -3.371059340287524755e-03 -8.200999028655800438e-03
1.152261139368646354e+03 -3.375909323117650979e-03 -8.101646631047116145e-03
1.152292487882369414e+03 -3.388514432900404348e-03 -7.928516631809387830e-03
1.152308206630514633e+03 -3.397121171281425583e-03 -7.874387213543814629e-03
1.152323970511500875e+03 -3.405237618135202506e-03 -7.798980024808953998e-03
1.152355550328071786e+03 -3.426224928863008928e-03 -7.649171849161496076e-03
1.152371303286070088e+03 -3.436428000339131553e-03 -7.571207990019757084e-03
1.152387036781402230e+03 -3.444493835393275683e-03 -7.481849491988813890e-03
1.152402774132190871e+03 -3.454143231970069252e-03 -7.387309454912744516e-03
1.152434205159578823e+03 -3.471517674936597415e-03 -7.193566006567888790e-03
1.152449907335480248e+03 -3.479392979738240611e-03 -7.098817487021691526e-03
1.152465610833186247e+03 -3.483588516130189938e-03 -7.005778135100647515e-03
1.152481308921282334e+03 -3.489077971686968017e-03 -6.918704141437129716e-03
1.152512714325742081e+03 -3.501193611060097154e-03 -6.794975370637224010e-03
1.152528417054015563e+03 -3.504891746266548553e-03 -6.780538673536294463e-03
1.152544121751049488e+03 -3.508268780489133543e-03 -6.680589917345353124e-03
1.152575572023154564e+03 -3.511893090640637663e-03 -6.895501436751357363e-03
1.152591313251358770e+03 -3.514154077641364927e-03 -7.077047871818851858e-03
1.152607072430422704e+03 -3.513755041518307372e-03 -7.471030867154320604e-03
1.152622842287299818e+03 -3.513616535961350176e-03 -7.662274318610907790e-03
1.152654419596083926e+03 -3.509100705796432823e-03 -8.052812902372911974e-03
1.152670170765529747e+03 -3.508566604545177662e-03 -8.254124195171297362e-03
1.152685911655177279e+03 -3.505483323118964087e-03 -8.256596841103511220e-03
1.152701637144372398e+03 -3.502434858671587409e-03 -8.337684904723911827e-03
1.152733041382623242e+03 -3.495505922681186976e-03 -8.541903531948828732e-03
1.152748734573545335e+03 -3.493037015841247202e-03 -8.640282200379927058e-03
1.152764426545043307e+03 -3.490270901956215623e-03 -8.771491990383755225e-03
1.152780117614954634e+03 -3.486356203539293843e-03 -8.913082399740659967e-03
1.152811536815925592e+03 -3.477460432183416151e-03 -9.216154674326267407e-03
1.152827254827965589e+03 -3.469490672560499034e-03 -9.353935619642419694e-03
1.152842994185964699e+03 -3.463739821822015789e-03 -9.496014052495583072e-03
1.152874535782289286e+03 -3.450946642911885496e-03 -9.758092737377275019e-03
1.152890322358551657e+03 -3.443501326327789731e-03 -9.854576978851437713e-03
1.152906107141742950e+03 -3.435632152858683272e-03 -9.918465339698818994e-03
1.152921854946983103e+03 -3.430850542655915908e-03 -9.963018861376028365e-03
1.152953321290923213e+03 -3.415356928715924511e-03 -9.965481982582569120e-03
1.152969029868720554e+03 -3.408781200475859922e-03 -9.933627279273890900e-03
1.152984725988852460e+03 -3.401538948956442897e-03 -9.876914735709342932e-03
1.153000423336488211e+03 -3.395243455956898151e-03 -9.806914420579357708e-03
1.153031843986299464e+03 -3.385284698298149028e-03 -9.631584018333772326e-03
1.153047555813247300e+03 -3.379853633479706996e-03 -9.534606390404947243e-03
1.153063238108405812e+03 -3.375155859245500180e-03 -9.425724029674458979e-03
1.153094527166214675e+03 -3.368427344686294057e-03 -9.211696377357065854e-03
1.153110229465114116e+03 -3.366797225025405359e-03 -9.101841453867659873e-03
1.153125980304844461e+03 -3.364558459465542568e-03 -8.991904011695891000e-03
1.153141737029621027e+03 -3.362202162218296420e-03 -8.888865097262554915e-03
1.153173108181011003e+03 -3.361261351715294412e-03 -8.672634317442749416e-03
1.153188761657524537e+03 -3.362069419240936753e-03 -8.569721867356555264e-03
1.153204384973448896e+03 -3.362683312034214864e-03 -8.469797074442701398e-03
1.153220009741128024e+03 -3.366109357912585361e-03 -8.369106376949259421e-03
1.153251312736170803e+03 -3.373782617529248306e-03 -8.170128410524900991e-03
1.153266978490742076e+03 -3.379189068775201570e-03 -8.071226970856553926e-03
1.153282649715800744e+03 -3.386703473794280307e-03 -7.977065408922760434e-03
1.153314079970905141e+03 -3.404772600325297639e-03 -7.853441129747540037e-03
1.153329851140259052e+03 -3.412848748318104107e-03 -7.773385352165853614e-03
1.153345648934383235e+03 -3.422714654484498593e-03 -7.698140313224102055e-03
1.153361415948971171e+03 -3.432185612682965917e-03 -7.625877431144025519e-03
1.153392902540354498e+03 -3.451550006322955458e-03 -7.453034780710776283e-03
1.153408623860849957e+03 -3.460570903746931944e-03 -7.356750297643675773e-03
1.153424345856681157e+03 -3.468562365358857872e-03 -7.260464414210918496e-03
1.153440059619682415e+03 -3.477191170300597978e-03 -7.163874686998369413e-03
1.153471458414086328e+03 -3.489442810557522295e-03 -6.977669702287409362e-03
1.153487157113182093e+03 -3.493936373683101393e-03 -6.893660357210815853e-03
1.153502859519699768e+03 -3.498241126577533635e-03 -6.816555865960687889e-03
1.153534264205121417e+03 -3.507534114549037008e-03 -6.750423563187344170e-03
1.153549979487745532e+03 -3.512423194670245396e-03 -6.667633090985285345e-03
1.153565710046751747e+03 -3.513369685387445710e-03 -6.761979530573757231e-03
1.153581432174778683e+03 -3.516120407684264568e-03 -6.942667251165136888e-03
1.153612942189995920e+03 -3.516604377458272101e-03 -7.578090554956196448e-03
1.153628731691497251e+03 -3.517186782279004865e-03 -7.641238688766723193e-03
1.153644514888977938e+03 -3.514900163701052335e-03 -7.762711894715394918e-03
1.153660285792109562e+03 -3.513426763055894127e-03 -8.147120556174267114e-03
1.153691775023516129e+03 -3.508122863693182748e-03 -8.271660985880405215e-03
1.153707497880613573e+03 -3.504946825556236323e-03 -8.371598354219493207e-03
1.153723197237297654e+03 -3.501971313552103976e-03 -8.477826391768701619e-03
1.153754579344501053e+03 -3.494080466643944942e-03 -8.671592795295257269e-03
1.153770270037928185e+03 -3.489688682191744839e-03 -8.807359998014336819e-03
1.153785961834094223e+03 -3.485563019536829302e-03 -8.949313777987587953e-03
1.153801669963857421e+03 -3.482042858453012965e-03 -9.101816540180890022e-03
1.153833116840756475e+03 -3.470895483171922494e-03 -9.387944408794630588e-03
1.153848866418683883e+03 -3.466019042233540754e-03 -9.534423970570280599e-03
1.153864627137770640e+03 -3.457282429828790072e-03 -9.672409120888427608e-03
1.153880422217808700e+03 -3.452104048987171634e-03 -9.787085032930697287e-03
1.153911971953487637e+03 -3.437963571575387758e-03 -9.932045247575514366e-03
1.153927719957528552e+03 -3.428993842394520864e-03 -9.967981518368057570e-03
1.153943458858524082e+03 -3.423380211274818993e-03 -9.973748227495473143e-03
1.153974881870592299e+03 -3.410026402283557623e-03 -9.918932740017084165e-03
1.153990575492042353e+03 -3.403359947764540358e-03 -9.855599055642693188e-03
1.154006270655392882e+03 -3.396518742247976470e-03 -9.789139435461377547e-03
1.154021977139668479e+03 -3.390037514021694391e-03 -9.705643210765706880e-03
1.154053404816326974e+03 -3.380299801615182891e-03 -9.504371394385846203e-03
1.154069071478421620e+03 -3.375258308970164028e-03 -9.395712541641754526e-03
1.154084712423412611e+03 -3.372629137196187822e-03 -9.289072869321766263e-03
1.154100370863129228e+03 -3.373251057026291095e-03 -9.182158206398066333e-03
1.154131863145538773e+03 -3.367579839060184932e-03 -8.963276200129778257e-03
1.154147597221720389e+03 -3.363902808256111123e-03 -8.860058425837133433e-03
1.154163288112801638e+03 -3.361673616476007313e-03 -8.750773833910605384e-03
1.154194587461261790e+03 -3.366771151333686207e-03 -8.542350498165429684e-03
1.154210210533319014e+03 -3.368383349668813403e-03 -8.441703319725085003e-03
1.154225841863239111e+03 -3.370977276884800072e-03 -8.342182900001321802e-03
1.154241491383826087e+03 -3.373884211386003924e-03 -8.243475672608351068e-03
1.154272817322010724e+03 -3.385092577933001504e-03 -8.042693913490746652e-03
1.154288493609469469e+03 -3.391076267806890625e-03 -7.954475543062652920e-03
1.154304202527365987e+03 -3.398262444925599386e-03 -7.897047996962676397e-03
1.154335737799314074e+03 -3.419793905683066269e-03 -7.751315136735141380e-03
1.154351535440526050e+03 -3.429257582901513741e-03 -7.677830014423259533e-03
1.154367284450842135e+03 -3.438244154290081601e-03 -7.604875036370268432e-03
1.154383029995148490e+03 -3.448415164861482786e-03 -7.518642079486992369e-03
1.154414475427005073e+03 -3.465282204194379372e-03 -7.328559615044224866e-03
1.154430200141365958e+03 -3.474348498113062882e-03 -7.232339374518640014e-03
1.154445905981033093e+03 -3.481170821532088462e-03 -7.137051545977519430e-03
1.154461609423190112e+03 -3.489254884570340380e-03 -7.042509939434492619e-03
1.154493009987109644e+03 -3.499961773748823911e-03 -6.869952333076963930e-03
1.154508711070168374e+03 -3.504017564532820126e-03 -6.803562565543535591e-03
1.154524409660733681e+03 -3.508139075881604348e-03 -6.794578899960626757e-03
1.154540113183382346e+03 -3.511708731906564972e-03 -6.713332390345815373e-03
1.154571566190442127e+03 -3.517316428429294577e-03 -6.810420045968964935e-03
1.154587297947407933e+03 -3.520040560570513941e-03 -6.991097381735656910e-03
1.154603054080734410e+03 -3.518777011334909850e-03 -7.249515696448281636e-03
1.154634608191191319e+03 -3.517843705600250202e-03 -7.632509166192850275e-03
1.154650400351640883e+03 -3.517843986699666949e-03 -7.863039250649428782e-03
1.154666152979954632e+03 -3.513287452030586493e-03 -8.215559653687681124e-03
1.154681897537723898e+03 -3.511409090336169592e-03 -8.256038235532021236e-03
1.154713346653046983e+03 -3.505830273176313745e-03 -8.404311478284770542e-03
1.154729042459481434e+03 -3.504173484111120732e-03 -8.502130787072948587e-03
1.154744735801479464e+03 -3.501018145376402161e-03 -8.590256069466003369e-03
1.154760429126248482e+03 -3.496766224114040370e-03 -8.707288793107200234e-03
1.154791809691568915e+03 -3.488150427256608323e-03 -8.987811767420299247e-03
1.154807526944953224e+03 -3.483010588297128819e-03 -9.140889443691339877e-03
1.154823250106662272e+03 -3.476899929259005557e-03 -9.283749551485479673e-03
1.154854738413509722e+03 -3.463858283711389666e-03 -9.570627527784730804e-03
1.154870503515986911e+03 -3.458945743365077988e-03 -9.700531348733866521e-03
1.154886299496893344e+03 -3.451313144320823211e-03 -9.809235238708285259e-03
1.154902090284250107e+03 -3.445189208498364818e-03 -9.883853251851589666e-03
1.154933583735069078e+03 -3.430595485574564757e-03 -9.965086012759765202e-03
1.154949313120519037e+03 -3.423518595013310285e-03 -9.964277957935785066e-03
1.154965028539655805e+03 -3.415772278176479760e-03 -9.942404169651196041e-03
1.154980726015612163e+03 -3.410186056203707867e-03 -9.895707646909574634e-03
1.155012121017233767e+03 -3.398571494915050752e-03 -9.763742486344113153e-03
1.155027836879867436e+03 -3.392191749126932925e-03 -9.668853138452523574e-03
1.155043550252720479e+03 -3.387180891222549804e-03 -9.571394416371182753e-03
1.155074897628179542e+03 -3.376530754643830047e-03 -9.360849246990193134e-03
1.155090541164606520e+03 -3.376464729320388831e-03 -9.254721739719170073e-03
1.155106224819276804e+03 -3.371971269940320613e-03 -9.147606177597552082e-03
1.155121959142789137e+03 -3.370539827709694708e-03 -9.037016843515349729e-03
1.155153449391462800e+03 -3.368132101690379018e-03 -8.826372053471340934e-03
1.155169127757964816e+03 -3.366593433730269772e-03 -8.715818865861535425e-03
1.155184772093110496e+03 -3.367477068849851398e-03 -8.610549599512910129e-03
1.155200406207180322e+03 -3.368686989546120034e-03 -8.510286547329657877e-03
1.155231668333344487e+03 -3.373514196247006259e-03 -8.309334125045621244e-03
1.155247325405663560e+03 -3.378688030347783665e-03 -8.208988428771000004e-03
1.155262990651069003e+03 -3.384816304941124128e-03 -8.109331937780244956e-03
1.155294344305264758e+03 -3.397125944440994132e-03 -7.932094438268044029e-03
1.155310063195510565e+03 -3.406314493228916607e-03 -7.878031252128029141e-03
1.155325828875769730e+03 -3.414858988715220589e-03 -7.804252609973781792e-03
1.155341619846048388e+03 -3.423655205075174998e-03 -7.725792857933964745e-03
1.155373158699121859e+03 -3.444870424795467515e-03 -7.576280366795318418e-03
1.155388886302402398e+03 -3.452923834330168858e-03 -7.488120860928787481e-03
1.155404619249671214e+03 -3.461725370671092043e-03 -7.392346908732599746e-03
1.155420333702738390e+03 -3.473121236887962825e-03 -7.296173319995057777e-03
1.155451750370525815e+03 -3.487391869317875339e-03 -7.105443417977361405e-03
1.155467452474528727e+03 -3.492570592772068806e-03 -7.012074447066956456e-03
1.155483150677670665e+03 -3.496968682959389167e-03 -6.925846528556048147e-03
1.155514556621325710e+03 -3.509283282278401802e-03 -6.795451596784892433e-03
1.155530258194314229e+03 -3.514149630373138069e-03 -6.781865487650208177e-03
1.155545969318662401e+03 -3.517120350663325082e-03 -6.676098931730263357e-03
1.155561696108362185e+03 -3.521350786311729618e-03 -6.694515016820204792e-03
1.155593163853481428e+03 -3.522454459412486735e-03 -7.041758831608882843e-03
1.155608922728301877e+03 -3.523439715728727759e-03 -7.367848971213164337e-03
1.155624701774646155e+03 -3.522611768675436381e-03 -7.659096932796725932e-03
1.155640484597946397e+03 -3.520185843270218305e-03 -7.652965626128582430e-03
1.155672018508968449e+03 -3.517679345713150500e-03 -8.249793232540861623e-03
1.155687761932396370e+03 -3.514201453552604545e-03 -8.259713232682708295e-03
1.155703483894316832e+03 -3.511002816649876675e-03 -8.324663279892976359e-03
1.155734883629795831e+03 -3.504486030030774107e-03 -8.525207740511337937e-03
1.155750576656441353e+03 -3.501195260351942177e-03 -8.618777745241397448e-03
1.155766268921583560e+03 -3.498109387808433050e-03 -8.744767312774886364e-03
1.155781959808284000e+03 -3.494945728204199801e-03 -8.879291420407411234e-03
1.155813385478181317e+03 -3.485103325618141203e-03 -9.179913034452385004e-03
1.155829101439231863e+03 -3.478870450989350258e-03 -9.318409564492174946e-03
1.155844845554933499e+03 -3.472549975108295880e-03 -9.462310336351063139e-03
1.155860606911627428e+03 -3.466733339133125716e-03 -9.606286571434391464e-03
1.155892176760597522e+03 -3.452778191845465392e-03 -9.828749327440974848e-03
1.155907956087443608e+03 -3.445670904673778668e-03 -9.895562452635368531e-03
1.155923704404772934e+03 -3.438989733219851522e-03 -9.945081471458562875e-03
1.155955168933500090e+03 -3.424364245263299741e-03 -9.953638985965599859e-03
1.155970873643540472e+03 -3.418298691842452854e-03 -9.924629658126449955e-03
1.155986568986502789e+03 -3.410980973117120393e-03 -9.870624403300214122e-03
1.156002265571798034e+03 -3.403949248279698747e-03 -9.803672941574909441e-03
1.156033686685878138e+03 -3.393196831952919115e-03 -9.634086588064517259e-03
1.156049403092885996e+03 -3.388664588247888333e-03 -9.537455730474223015e-03
1.156065085647931483e+03 -3.382362267437859921e-03 -9.432099576859233336e-03
1.156080723213981173e+03 -3.380261401768178478e-03 -9.326397740487792770e-03
1.156112083994810519e+03 -3.376203530105452520e-03 -9.112404140883389320e-03
1.156127836998013663e+03 -3.374627813832643472e-03 -9.001690875833681313e-03
1.156143589009969901e+03 -3.371422817830272908e-03 -8.897340416862192444e-03
1.156174954706641074e+03 -3.370656428112230648e-03 -8.681697818428580488e-03
1.156190606401641162e+03 -3.371575866286950513e-03 -8.578430306768773314e-03
1.156206229654898152e+03 -3.372400287565956081e-03 -8.478015052518215675e-03
1.156221851724211774e+03 -3.375492398262385212e-03 -8.377264374703805028e-03
1.156253158041508868e+03 -3.383672189531179708e-03 -8.176884691429939928e-03
1.156268824758356004e+03 -3.388692413229009177e-03 -8.076987451103776611e-03
1.156284496830550097e+03 -3.394935337168085952e-03 -7.982082349249450259e-03
1.156300194025457131e+03 -3.404074781964674858e-03 -7.913681936931723712e-03
1.156331705811388019e+03 -3.422152496815964156e-03 -7.777730632522803292e-03
1.156347505477323921e+03 -3.433099371784688759e-03 -7.701736703865450125e-03
1.156363263124364494e+03 -3.440986166618603508e-03 -7.629609760793631089e-03
1.156394747625603486e+03 -3.461306050052932216e-03 -7.457501129871218874e-03
1.156410461889530325e+03 -3.470871806644731852e-03 -7.360335690606309086e-03
1.156426186154262268e+03 -3.477187882692072286e-03 -7.264389091029184627e-03
1.156441895425298981e+03 -3.486804727981779057e-03 -7.168938260771907239e-03
1.156473296007830868e+03 -3.499014211263984549e-03 -6.983570516063042702e-03
1.156488994292276629e+03 -3.504191380152357760e-03 -6.898664559600958118e-03
1.156504696464304288e+03 -3.508300292327677476e-03 -6.821197311514969400e-03
1.156520397624214638e+03 -3.512207392649896367e-03 -6.794726374850927272e-03
1.156551819232675825e+03 -3.521054383435427097e-03 -6.655210689294236218e-03
1.156567549363513535e+03 -3.522589013555912051e-03 -6.727819122814279046e-03
1.156583276708479389e+03 -3.525642616526117757e-03 -6.907404433269961376e-03
1.156614787176593609e+03 -3.525685100015988737e-03 -7.486526897507501770e-03
1.156630579928125826e+03 -3.526041952477292941e-03 -7.643676244336203469e-03
1.156646366609470306e+03 -3.524653189832692088e-03 -7.706157240475714799e-03
1.156662128861171141e+03 -3.522589082275615589e-03 -8.075051527799803619e-03
1.156693615598908536e+03 -3.517309374661763133e-03 -8.267391759502947315e-03
1.156709335263850335e+03 -3.515474420444004468e-03 -8.348135010711849394e-03
1.156725036444432362e+03 -3.511975505659659623e-03 -8.453699826867401221e-03
1.156740726281248726e+03 -3.508548537011928637e-03 -8.544556991022625100e-03
1.156772106874879000e+03 -3.499922759991554427e-03 -8.775970242262429860e-03
1.156787798888952011e+03 -3.495491354102606054e-03 -8.917580191405363385e-03
1.156803510430330789e+03 -3.491254354993103982e-03 -9.067463601044234781e-03
1.156834960659283752e+03 -3.481034243520828540e-03 -9.350684022407641446e-03
1.156850711025607325e+03 -3.475533688518394042e-03 -9.498859746208751162e-03
1.156866472810171445e+03 -3.467446422576617258e-03 -9.637451816751430381e-03
1.156882269105695968e+03 -3.461356958964197615e-03 -9.753500231173882137e-03
1.156913815839852987e+03 -3.447049711464152556e-03 -9.904443188739529835e-03
1.156929562523569757e+03 -3.439172234981086561e-03 -9.944208310760222630e-03
1.156945299239992437e+03 -3.433030232677178849e-03 -9.952600600205875267e-03
1.156961017599630850e+03 -3.427156786973776723e-03 -9.939026090055456258e-03
1.156992415359995448e+03 -3.413424676842578484e-03 -9.841983070638637629e-03
1.157008108933192261e+03 -3.406869801232115681e-03 -9.778854111908147698e-03
1.157023814318829182e+03 -3.400609552123610036e-03 -9.696988843032623012e-03
1.157055248148367809e+03 -3.390013526713704217e-03 -9.500608440248971623e-03
1.157070911119735456e+03 -3.386132357387532793e-03 -9.394932435505064239e-03
1.157086550224591974e+03 -3.382998006668944384e-03 -9.290426637650834110e-03
1.157102216553420476e+03 -3.381364853016298206e-03 -9.184579093862570501e-03
1.157133714024315395e+03 -3.375267395340557971e-03 -8.966652786268680675e-03
1.157149444571341292e+03 -3.374649732831075302e-03 -8.863159006176114102e-03
1.157165132568213039e+03 -3.371951346732961555e-03 -8.754483535905587671e-03
1.157180778476903242e+03 -3.373651905510374228e-03 -8.646776018867988883e-03
1.157212046262223794e+03 -3.378097649904140097e-03 -8.444020018493654522e-03
1.157227677124608590e+03 -3.381638771989982535e-03 -8.343864069208744086e-03
1.157243332129946793e+03 -3.384684905471873478e-03 -8.244403981281461444e-03
1.157274659991042427e+03 -3.395144605998752160e-03 -8.042948369232416628e-03
1.157290336527777526e+03 -3.401460426731770393e-03 -7.953837059222201855e-03
1.157306045397355319e+03 -3.409258601535099589e-03 -7.895394435363595892e-03
1.157321799964227694e+03 -3.416987938967141689e-03 -7.830368228113863613e-03
1.157353380993913561e+03 -3.438798935186942497e-03 -7.676338255017876172e-03
1.157369128943009173e+03 -3.449149089439867283e-03 -7.603258872164605185e-03
1.157384865665798998e+03 -3.458414387219535882e-03 -7.517804384204422076e-03
1.157400603266222106e+03 -3.468607847867357340e-03 -7.424398374809240524e-03
1.157432032105684129e+03 -3.485202148168805528e-03 -7.231175904140942079e-03
1.157447735100985028e+03 -3.492413560072320754e-03 -7.136297411856447163e-03
1.157463439045644918e+03 -3.498303601629215547e-03 -7.041998205837873490e-03
1.157494838108652630e+03 -3.510813851696740259e-03 -6.869010458781935231e-03
1.157510543342226811e+03 -3.515107608300592143e-03 -6.802209669289090328e-03
1.157526241711452940e+03 -3.519154412488430597e-03 -6.792592259783569730e-03
1.157541945491956767e+03 -3.523045719489934467e-03 -6.706395830656979376e-03
1.157573398868759114e+03 -3.527628985374832611e-03 -6.769766570758065788e-03
1.157589135419981858e+03 -3.530598896616885581e-03 -6.954261904398464748e-03
1.157604894664999847e+03 -3.528863749934633628e-03 -7.183736644816809784e-03
1.157620657644350104e+03 -3.530060836894545646e-03 -7.579947424868572689e-03
1.157652240574571124e+03 -3.527488223136655051e-03 -7.783127096877002875e-03
1.157667992339385592e+03 -3.524236363453031595e-03 -8.167595812469705813e-03
1.157683734354373655e+03 -3.522545577162327669e-03 -8.263081520769694974e-03
1.157715177854459171e+03 -3.516138045189437511e-03 -8.375539676308723855e-03
1.157730872678711194e+03 -3.513992112855729173e-03 -8.476432586568570515e-03
1.157746565723247841e+03 -3.511842901496315793e-03 -8.565822921195729786e-03
1.157762258289255897e+03 -3.508443620433280685e-03 -8.680057573423986816e-03
1.157793643744568726e+03 -3.499397885184115688e-03 -8.954461065659084437e-03
1.157809362767994799e+03 -3.495282342151793606e-03 -9.103329637626798865e-03
1.157825083212079335e+03 -3.487670523973036407e-03 -9.244272325836914300e-03
1.157840816961275095e+03 -3.482774928977284967e-03 -9.385783624710493378e-03
1.157872347540856936e+03 -3.469769734523321224e-03 -9.663630418182182769e-03
1.157888141119825377e+03 -3.462193480865140369e-03 -9.775453015065879020e-03
1.157903929782611613e+03 -3.454908817087683128e-03 -9.851602840769963301e-03
1.157935421050241075e+03 -3.441700124572607666e-03 -9.940780619254732317e-03
1.157951147313985985e+03 -3.434489326923383969e-03 -9.941876671689437242e-03
1.157966859761259684e+03 -3.426892377616601575e-03 -9.922382836662819311e-03
1.157982556494372602e+03 -3.420336065655863074e-03 -9.878757478111300713e-03
1.158013950388460444e+03 -3.409584322167140413e-03 -9.752254701787350585e-03
1.158029666278546756e+03 -3.403673125170334456e-03 -9.659457567815301487e-03
1.158045388318977530e+03 -3.398052869054767316e-03 -9.565361066262184631e-03
1.158061085484450132e+03 -3.394190037306782717e-03 -9.463479763251372162e-03
1.158092376588211664e+03 -3.386581038973003697e-03 -9.254562844873494981e-03
1.158108068471762181e+03 -3.383982896258662994e-03 -9.149061624315729321e-03
1.158123804255266805e+03 -3.381836707259533968e-03 -9.038947416473697843e-03
1.158155291026774648e+03 -3.379272863479092920e-03 -8.827006497948024916e-03
1.158170963794060981e+03 -3.377942828056910030e-03 -8.718077255853029159e-03
1.158186611248180043e+03 -3.378749794633682975e-03 -8.612217855244401477e-03
1.158202238731584202e+03 -3.378789094239808763e-03 -8.512436032306263528e-03
1.158233500149777910e+03 -3.384605874343062093e-03 -8.311399894786243928e-03
1.158249159725009577e+03 -3.388795950716356770e-03 -8.209725461416197967e-03
1.158264827195586349e+03 -3.394816195185554070e-03 -8.109868952950606558e-03
1.158280495535091177e+03 -3.402129125671394562e-03 -8.009993162950524576e-03
1.158311902743094379e+03 -3.418024374427771749e-03 -7.875554854847295269e-03
1.158327669419625181e+03 -3.426341526064069325e-03 -7.803246618086119406e-03
1.158343463833038641e+03 -3.435160041612747572e-03 -7.724578555204099015e-03
1.158374995125886699e+03 -3.455773795116429386e-03 -7.574762397575750608e-03
1.158390717834732868e+03 -3.464322371968434500e-03 -7.487274110616702789e-03
1.158406444718742932e+03 -3.472874129303919494e-03 -7.390896876811884481e-03
1.158422160458172129e+03 -3.484307752241762660e-03 -7.294496767166461573e-03
1.158453574873059097e+03 -3.497303143272538582e-03 -7.104331520467008221e-03
1.158469275174226368e+03 -3.504049028888586367e-03 -7.010934637794871520e-03
1.158484973477640324e+03 -3.508237208461982906e-03 -6.925295492817145314e-03
1.158500676414441841e+03 -3.513247230565264955e-03 -6.841837907411349104e-03
1.158532081612606135e+03 -3.524842750327916371e-03 -6.778822094084836596e-03
1.158547794919559237e+03 -3.528620353366519746e-03 -6.666646931710429325e-03
1.158563524845839083e+03 -3.531261075816054772e-03 -6.664642251101734159e-03
1.158594996525584520e+03 -3.533708028003069903e-03 -7.005559262078944228e-03
1.158610754940063771e+03 -3.534683846791356488e-03 -7.281604048875890862e-03
1.158626539988769764e+03 -3.534750513266214384e-03 -7.627783205328569210e-03
1.158642320773168876e+03 -3.531979082845769068e-03 -7.631237127609492334e-03
1.158673849183650873e+03 -3.528225095673451651e-03 -8.227135629783211695e-03
1.158689592122894965e+03 -3.526245125747503890e-03 -8.258035601935904274e-03
1.158705312710193311e+03 -3.522536044479172672e-03 -8.300421294653533011e-03
1.158721015981866913e+03 -3.520279973390997002e-03 -8.402723718170529085e-03
1.158752400295462166e+03 -3.512668058495494947e-03 -8.591213262318899563e-03
1.158768092147392508e+03 -3.508917237949754804e-03 -8.711573334885020989e-03
1.158783783699985634e+03 -3.505628083801844153e-03 -8.843993383349601708e-03
1.158815214475810535e+03 -3.495362182082312457e-03 -9.139757486431100350e-03
1.158830930543535260e+03 -3.490749319365937797e-03 -9.277911923954098791e-03
1.158846678272834424e+03 -3.484685363439678045e-03 -9.423781396240532571e-03
1.158862438953184210e+03 -3.477724993494778379e-03 -9.570686031271593078e-03
1.158894013664849126e+03 -3.464809277966626397e-03 -9.796024156362329732e-03
1.158909786193970604e+03 -3.458270459679160021e-03 -9.866285516506940328e-03
1.158925534794436317e+03 -3.449587684351299640e-03 -9.920015078170115255e-03
1.158941275434869567e+03 -3.444004500638097026e-03 -9.938652048550600249e-03
1.158972699487251703e+03 -3.430007648461848128e-03 -9.907707862957897821e-03
1.158988393898773438e+03 -3.423074651365121471e-03 -9.855996274857467196e-03
1.159004089762270951e+03 -3.415954851037416012e-03 -9.791940336684640950e-03
1.159035511018566012e+03 -3.403808111474860947e-03 -9.627640276664713517e-03
1.159051235213295968e+03 -3.399541095624766199e-03 -9.532660066032335941e-03
1.159066914040702841e+03 -3.392753924413361485e-03 -9.429240319334198164e-03
1.159082553653096966e+03 -3.391414279685180111e-03 -9.326323122763383738e-03
1.159113920861263296e+03 -3.387165656168731036e-03 -9.115817405272659199e-03
1.159129678107155314e+03 -3.387076861202463658e-03 -9.004390594166080189e-03
1.159145425668463986e+03 -3.382898692572456050e-03 -8.899132117471205208e-03
1.159161128279429931e+03 -3.381429319979479143e-03 -8.793308507708489513e-03
1.159192434234919347e+03 -3.383561785109674962e-03 -8.581301179835658030e-03
1.159208056824822506e+03 -3.384925916576801870e-03 -8.481020302822012830e-03
1.159223679040623210e+03 -3.387063101160991963e-03 -8.380037666877806352e-03
1.159254988258112462e+03 -3.395291929856688543e-03 -8.178710292799564602e-03
1.159270655803428554e+03 -3.400501215216235242e-03 -8.078055981551094528e-03
1.159286328438455712e+03 -3.405991040041110758e-03 -7.982078906813941735e-03
1.159302026359986712e+03 -3.413656646936094694e-03 -7.912166541304841219e-03
1.159333544431663768e+03 -3.433146714689441076e-03 -7.777862385050625035e-03
1.159349342697683142e+03 -3.444299560641145980e-03 -7.700811039391934273e-03
1.159365093026126488e+03 -3.451987179609994523e-03 -7.629146431760516073e-03
1.159380841795092010e+03 -3.462999580069987728e-03 -7.548148597619939830e-03
1.159412281608997318e+03 -3.481429146396050091e-03 -7.360014384784864354e-03
1.159428006063757493e+03 -3.488454665234305783e-03 -7.264387070010743484e-03
1.159443712729737172e+03 -3.497131535915140067e-03 -7.169639730025295643e-03
1.159475114901720417e+03 -3.510268205539232318e-03 -6.983861308671314265e-03
1.159490813120149141e+03 -3.515680103387852293e-03 -6.898104385844235423e-03
1.159506514802318634e+03 -3.519942750575934167e-03 -6.819281376969283867e-03
1.159522215115007612e+03 -3.523802316192122322e-03 -6.789470316418348694e-03
1.159553640215407995e+03 -3.531511811459867815e-03 -6.642307512266350938e-03
1.159569371037100609e+03 -3.534296468149423880e-03 -6.691638889372933559e-03
1.159585101564810884e+03 -3.537225014484225629e-03 -6.864979297671775470e-03
1.159600854972579555e+03 -3.538653191644440445e-03 -7.063971312573064272e-03
1.159632407597989868e+03 -3.536593452055424112e-03 -7.638120729909778431e-03
1.159648198616059290e+03 -3.536140415991303153e-03 -7.664233643774932131e-03
1.159663953623494990e+03 -3.532838966154764650e-03 -7.992664772279011592e-03
1.159695436656392985e+03 -3.528281024874869824e-03 -8.261441358799113260e-03
1.159711154533095396e+03 -3.526510127943925915e-03 -8.324007691493353484e-03
1.159726853619478788e+03 -3.524075113968548785e-03 -8.427005874545272571e-03
1.159742547004910421e+03 -3.520141252744373676e-03 -8.518180778565188210e-03
1.159773925400856342e+03 -3.511997540972023463e-03 -8.741392176006676853e-03
1.159789617851892217e+03 -3.507579153205354471e-03 -8.880758291867525689e-03
1.159805332329462544e+03 -3.502646819035873729e-03 -9.027608838143371880e-03
1.159821058247440988e+03 -3.497772831769596462e-03 -9.172957984921114097e-03
1.159852536725909658e+03 -3.485504239435363409e-03 -9.461630510641444447e-03
1.159868300103906222e+03 -3.479490740817446897e-03 -9.602673777877084732e-03
1.159884096615725412e+03 -3.472475791222957853e-03 -9.721640290354221711e-03
1.159915641427453693e+03 -3.457867829237752568e-03 -9.881246935528316053e-03
1.159931386397013966e+03 -3.451149169364149151e-03 -9.924628588939892956e-03
1.159947120130034591e+03 -3.444351793803855557e-03 -9.935279181913817328e-03
1.159962837455498402e+03 -3.437501085391790785e-03 -9.925832641068155909e-03
1.159994233203823796e+03 -3.425451109296475446e-03 -9.833919252543153050e-03
1.160009929187550142e+03 -3.418606353578312711e-03 -9.773406359270183155e-03
1.160025631911964410e+03 -3.412444786852088848e-03 -9.693034991251413962e-03
1.160041356591656040e+03 -3.406681093997784328e-03 -9.599431438148875104e-03
1.160072733693360306e+03 -3.396483453385621201e-03 -9.398866567306188649e-03
1.160088374283865960e+03 -3.394574024174487961e-03 -9.295666670267611550e-03
1.160104049143617431e+03 -3.390114081299486735e-03 -9.191423689001533559e-03
1.160135545629545277e+03 -3.385564747833878351e-03 -8.973486254014791108e-03
1.160151272127926859e+03 -3.386931969766889330e-03 -8.869854808402761331e-03
1.160166959262336604e+03 -3.383926644420500243e-03 -8.761596946917186990e-03
1.160182602853006983e+03 -3.385330075638106652e-03 -8.653406606922747074e-03
1.160213864999687075e+03 -3.388456145296394467e-03 -8.450872937371338434e-03
1.160229497196927241e+03 -3.391604751992656833e-03 -8.349504593857855900e-03
1.160245152647989244e+03 -3.396164832847335495e-03 -8.249400609763280282e-03
1.160260821581964365e+03 -3.400327138697213734e-03 -8.148338035550053982e-03
1.160292164262069036e+03 -3.411895548265118927e-03 -7.956918570202961560e-03
1.160307871879418371e+03 -3.420298147659766360e-03 -7.896090028107519490e-03
1.160323627904909699e+03 -3.428198776541165060e-03 -7.832963706153776157e-03
1.160355207171566235e+03 -3.449433451974483894e-03 -7.679133782165155873e-03
1.160370955159069581e+03 -3.459485970302560512e-03 -7.606127433210068366e-03
1.160386684019966197e+03 -3.467620864957770589e-03 -7.522295509000651546e-03
1.160402417429246952e+03 -3.477680454696543792e-03 -7.428934613759765118e-03
1.160433844204797424e+03 -3.495163905488810584e-03 -7.236103264601158498e-03
1.160449545105404013e+03 -3.503302811388477045e-03 -7.141398205727973042e-03
1.160465248736625426e+03 -3.507830414221385466e-03 -7.047002835717990597e-03
1.160480946671923220e+03 -3.513731329075303004e-03 -6.957171718754461172e-03
1.160512352761206785e+03 -3.525889789030873991e-03 -6.801082711677868507e-03
1.160528055481420324e+03 -3.529777890878662942e-03 -6.789773641089783505e-03
1.160543760072555870e+03 -3.533523694095080676e-03 -6.709155192438447622e-03
1.160575212463749040e+03 -3.537631085544817606e-03 -6.730290704866604204e-03
1.160590953714279749e+03 -3.540274737148485854e-03 -6.916243117357587060e-03
1.160606713855610906e+03 -3.539868073700999998e-03 -7.134849782240474184e-03
1.160622482736849861e+03 -3.540238339164708710e-03 -7.491926378750158287e-03
1.160654060489662925e+03 -3.536332901623299128e-03 -7.725854049129927438e-03
1.160669811583700721e+03 -3.535568340770494505e-03 -8.092593523162543157e-03
1.160685552140304253e+03 -3.532921867090213931e-03 -8.265602774380946885e-03
1.160701278060397499e+03 -3.530132314568799022e-03 -8.267463982316642160e-03
1.160732683543679059e+03 -3.523596427624541179e-03 -8.449184825035817650e-03
1.160748376996884190e+03 -3.521456125558590933e-03 -8.539162181696223486e-03
1.160764068870461642e+03 -3.518772884902791973e-03 -8.649067109297652392e-03
1.160795459839489013e+03 -3.509732626126796894e-03 -8.915795563073616176e-03
1.160811179166794773e+03 -3.506405195118522233e-03 -9.063910253305293083e-03
1.160826897315915176e+03 -3.498374446669112129e-03 -9.205052761155945590e-03
1.160842635294355659e+03 -3.492872526586656822e-03 -9.346421666946396270e-03
1.160874173903698193e+03 -3.480111675582086509e-03 -9.633209637726184577e-03
1.160889962180536031e+03 -3.472744625345115799e-03 -9.747358226110888063e-03
1.160905748102186863e+03 -3.464876993128601906e-03 -9.828766600298613834e-03
1.160921496064775738e+03 -3.460257827275726658e-03 -9.895916030247064663e-03
1.160952962610941086e+03 -3.444733535626012030e-03 -9.932900717292999018e-03
1.160968671566283092e+03 -3.437913426151640792e-03 -9.917675571633461848e-03
1.160984367275779732e+03 -3.430673502474773998e-03 -9.876684446744008264e-03
1.161000064144232056e+03 -3.424478242761916369e-03 -9.815435517682860947e-03
1.161031474106948053e+03 -3.413966050853414411e-03 -9.666086081086598322e-03
1.161047205345809971e+03 -3.408095067342197665e-03 -9.574283597068153004e-03
1.161062902713028052e+03 -3.402800990770699086e-03 -9.474613640192655617e-03
1.161094195290707830e+03 -3.395378042579691620e-03 -9.269043218494232503e-03
1.161109895308742352e+03 -3.394436215924336378e-03 -9.165103768223657396e-03
1.161125629451742952e+03 -3.392206384214645817e-03 -9.054871395893861891e-03
1.161141396354443486e+03 -3.390419006996437268e-03 -8.946620198943372806e-03
1.161172778785972469e+03 -3.388471402512480916e-03 -8.733184316455146548e-03
1.161188430939827640e+03 -3.388635207075693049e-03 -8.627246385058094658e-03
1.161204053636082563e+03 -3.388530895851168262e-03 -8.526226416325681859e-03
1.161235313230939028e+03 -3.394927451981914410e-03 -8.325622685127084810e-03
1.161250974615431915e+03 -3.398376619322717937e-03 -8.222376623900360185e-03
1.161266644992244210e+03 -3.403239936923437882e-03 -8.121835661509714185e-03
1.161282315808428848e+03 -3.410435412862828850e-03 -8.021493375101012083e-03
1.161313725035157177e+03 -3.427311830367681025e-03 -7.882390308047814223e-03
1.161329491672651784e+03 -3.435004182723196998e-03 -7.813042345094854679e-03
1.161345288792568226e+03 -3.444570151862727785e-03 -7.734110783877748072e-03
1.161361055147980551e+03 -3.454427083213699751e-03 -7.660991289804770267e-03
1.161392531461152885e+03 -3.473278528443781137e-03 -7.498695158892777074e-03
1.161408249701879640e+03 -3.482440977014295263e-03 -7.402713926314952696e-03
1.161423968557943226e+03 -3.491256166664553125e-03 -7.305854873135297217e-03
1.161455380758459796e+03 -3.505429174608551152e-03 -7.116302016091484613e-03
1.161471078714400164e+03 -3.512687132712216231e-03 -7.022683657314014033e-03
1.161486777563717169e+03 -3.517240617626966968e-03 -6.935799803228994906e-03
1.161502480498469140e+03 -3.521792953697395513e-03 -6.850579064860905579e-03
1.161533886020385808e+03 -3.531914828762207012e-03 -6.784449159056558411e-03
1.161549601337179411e+03 -3.536927117185320081e-03 -6.673870491295159219e-03
1.161565333152393578e+03 -3.538311146582573050e-03 -6.646241351187190220e-03
1.161581055354527734e+03 -3.541086955701684170e-03 -6.778636033616006022e-03
1.161612566716681613e+03 -3.542404963816025553e-03 -7.221212382063365610e-03
1.161628355522960192e+03 -3.543194977575268075e-03 -7.567529423066944247e-03
1.161644138054468158e+03 -3.540978880900695451e-03 -7.633615318181425496e-03
1.161675659337203342e+03 -3.535765861877027388e-03 -8.180035514562405269e-03
1.161691399284311274e+03 -3.535059442387163478e-03 -8.266692703265153541e-03
1.161707122054067440e+03 -3.531822921254353619e-03 -8.287154126776172594e-03
1.161722821936158880e+03 -3.529292390547675642e-03 -8.378433438853222226e-03
1.161754204934761901e+03 -3.521739708846369915e-03 -8.566274999205104532e-03
1.161769895721711691e+03 -3.517619956255095548e-03 -8.680667097899856174e-03
1.161785587737836295e+03 -3.513790972090456016e-03 -8.810010564301194377e-03
1.161801295687394941e+03 -3.510532597140009117e-03 -8.953238536210600743e-03
1.161832741384801466e+03 -3.499522468979549342e-03 -9.237155395554816698e-03
1.161848490320189057e+03 -3.494593054782356868e-03 -9.384695443823313360e-03
1.161864250350626662e+03 -3.486082865165097706e-03 -9.535724791257636432e-03
1.161880044802372595e+03 -3.481116577317668308e-03 -9.662361083748254378e-03
1.161911596127521761e+03 -3.467085591431859608e-03 -9.845194440092845667e-03
1.161927344326994216e+03 -3.458027934471339087e-03 -9.905038017516428969e-03
1.161943083633774222e+03 -3.452516398639802250e-03 -9.926922113093965966e-03
1.161974506289057899e+03 -3.438856729394218319e-03 -9.904835444942021450e-03
1.161990199309220543e+03 -3.432240557111458125e-03 -9.856806436240369423e-03
1.162005894078881056e+03 -3.425152535988300068e-03 -9.796469476664574488e-03
1.162021591985769874e+03 -3.418551812225863098e-03 -9.729900263077694705e-03
1.162053043582729060e+03 -3.407466893193790251e-03 -9.545513912548035662e-03
1.162068721018709084e+03 -3.402031584953173378e-03 -9.444951636417227986e-03
1.162084363144508416e+03 -3.399319332396724767e-03 -9.343537774404336513e-03
1.162100020745327811e+03 -3.399937714972993148e-03 -9.240499113790505772e-03
1.162131494230682392e+03 -3.394898090534894178e-03 -9.024258936361603117e-03
1.162147241352604169e+03 -3.391136515904661763e-03 -8.918098663256554884e-03
1.162162936879150948e+03 -3.388597055845731822e-03 -8.811889247026638561e-03
1.162194240464521272e+03 -3.392885958198443332e-03 -8.599331504346705013e-03
1.162209859291578368e+03 -3.393790119671609255e-03 -8.497903023113166990e-03
1.162225485081994293e+03 -3.395858988020209780e-03 -8.396701441978834946e-03
1.162241133463035794e+03 -3.398517680129339337e-03 -8.297007690741254465e-03
1.162272466732351859e+03 -3.408469689539760702e-03 -8.092316294672378951e-03
1.162288140175018043e+03 -3.413884012246016977e-03 -7.994564889544973282e-03
1.162303838490049657e+03 -3.420487981631776565e-03 -7.922471803895466194e-03
1.162335361179969368e+03 -3.440902853632084746e-03 -7.790514509635870083e-03
1.162351157685912312e+03 -3.450559866598556982e-03 -7.712339742883444343e-03
1.162366903700292596e+03 -3.459300650958628369e-03 -7.641272068316930406e-03
1.162382645580323469e+03 -3.469772667723500497e-03 -7.561164289109266468e-03
1.162414081313554334e+03 -3.487021783004584218e-03 -7.373812353405164062e-03
1.162429804184347859e+03 -3.495973034888442271e-03 -7.278051185211469216e-03
1.162445508630910808e+03 -3.503267688886557620e-03 -7.184374534674678979e-03
1.162461211641834097e+03 -3.512090123884709179e-03 -7.088645124341604910e-03
1.162492612250954153e+03 -3.522762293043762028e-03 -6.910242796158380142e-03
1.162508313437482229e+03 -3.527185698182018232e-03 -6.829065321692715483e-03
1.162524012677842165e+03 -3.531331968223748539e-03 -6.793694439294307823e-03
1.162555441072280018e+03 -3.538526761783973747e-03 -6.645252659606540324e-03
1.162571171279674218e+03 -3.541623193631508217e-03 -6.669938081678794192e-03
1.162586903249785564e+03 -3.544616574386802443e-03 -6.828253427074415169e-03
1.162602659544790413e+03 -3.544019875891119432e-03 -7.029754693518063327e-03
1.162634213976011551e+03 -3.543425002386400326e-03 -7.605739482533405843e-03
1.162650006102531052e+03 -3.543750473761073799e-03 -7.654653219439106621e-03
1.162665758270742572e+03 -3.539389739927266149e-03 -7.916484655754653377e-03
1.162681503254082372e+03 -3.537650829074508087e-03 -8.234503351019346190e-03
1.162712953182249521e+03 -3.532880293110871907e-03 -8.310594702104160542e-03
1.162728649616847179e+03 -3.531426144553952411e-03 -8.405031695438797135e-03
1.162744343797537340e+03 -3.528309463171673630e-03 -8.497946639272377367e-03
1.162760036132474625e+03 -3.524154400386584392e-03 -8.596509119618551617e-03
1.162791416890486062e+03 -3.515963339071444087e-03 -8.848205575985269508e-03
1.162807134038568620e+03 -3.510917752896194725e-03 -8.991987143068810168e-03
1.162822857649297930e+03 -3.505253112477022762e-03 -9.135136985485176400e-03
1.162854343251934552e+03 -3.492306392986450816e-03 -9.422707460815931205e-03
1.162870107259279166e+03 -3.487525084631465898e-03 -9.565222573858301117e-03
1.162885903633198495e+03 -3.480003805701680029e-03 -9.689314997601944715e-03
1.162901695183692482e+03 -3.474145907811601163e-03 -9.781370595910318655e-03
1.162933189451749058e+03 -3.459331638776395011e-03 -9.904485869312808569e-03
1.162948919696496432e+03 -3.452276635818971474e-03 -9.920219907328442499e-03
1.162964635373557940e+03 -3.444570729576827434e-03 -9.915706861339705983e-03
1.162980332455625785e+03 -3.439070841813261260e-03 -9.884329109754048590e-03
1.163011725644922990e+03 -3.427098459176806337e-03 -9.773138271578926672e-03
1.163027430028984327e+03 -3.420273140048195847e-03 -9.695680383921189902e-03
1.163043155023531199e+03 -3.414905033317104915e-03 -9.605540140778566841e-03
1.163074530217565780e+03 -3.403002469846073096e-03 -9.411444482085426846e-03
1.163090173732435005e+03 -3.402131094646707651e-03 -9.309840407257227723e-03
1.163105857071143191e+03 -3.396940782924016185e-03 -9.208016145734791713e-03
1.163121576533134430e+03 -3.396869652475518770e-03 -9.101308824633745631e-03
1.163153075259707748e+03 -3.395129996365661186e-03 -8.886209383430120068e-03
1.163168759072974126e+03 -3.392399018089296055e-03 -8.777565683550656375e-03
1.163184401991125014e+03 -3.393509733188488503e-03 -8.669932085039057379e-03
1.163200039737620273e+03 -3.394047835310803462e-03 -8.567821054277034026e-03
1.163231292155579240e+03 -3.397935616219567492e-03 -8.363994020011098277e-03
1.163246949684783203e+03 -3.402814370916272188e-03 -8.262833732782220997e-03
1.163262619145959661e+03 -3.408260505097877782e-03 -8.161311309110323362e-03
1.163293968741907065e+03 -3.418986875993445911e-03 -7.967363692254527882e-03
1.163309676275371885e+03 -3.427757348160081086e-03 -7.904324393513973909e-03
1.163325433207940478e+03 -3.435901733050862085e-03 -7.842131590830976606e-03
1.163341223748174798e+03 -3.444454677771974400e-03 -7.764636740888822622e-03
1.163372757929340651e+03 -3.465664811543398265e-03 -7.615872832807588609e-03
1.163388480377563155e+03 -3.473332662181585154e-03 -7.533460961026560918e-03
1.163404208570993887e+03 -3.482563840699185766e-03 -7.440261268992943468e-03
1.163435633378882358e+03 -3.501084979910327154e-03 -7.247978559039305706e-03
1.163451332844770832e+03 -3.509156244998917675e-03 -7.153936748687746844e-03
1.163467034981004190e+03 -3.514397646164312862e-03 -7.058790089049193917e-03
1.163482733408663762e+03 -3.519151358939021177e-03 -6.969258080257387418e-03
1.163514139978115736e+03 -3.531986134502460798e-03 -6.808749070749769983e-03
1.163529842570520486e+03 -3.537103275055894936e-03 -6.796653290845560899e-03
1.163545553011496622e+03 -3.540246869704658916e-03 -6.718442372628533749e-03
1.163561280517930982e+03 -3.544896300751332330e-03 -6.629564623192664256e-03
1.163592749424355816e+03 -3.546654875224104775e-03 -6.877049211182731554e-03
1.163608508992843326e+03 -3.547869859165451393e-03 -7.098635965774858364e-03
1.163624287000224285e+03 -3.547383939985609622e-03 -7.412576719351781848e-03
1.163640070484811076e+03 -3.545325804849664558e-03 -7.619137407701933630e-03
1.163671604623223175e+03 -3.543513222951221592e-03 -8.016508046510847571e-03
1.163687347690620982e+03 -3.540197849439495441e-03 -8.265600154068493757e-03
1.163703070203910556e+03 -3.537355732871667272e-03 -8.268100840967154003e-03
1.163734471407539331e+03 -3.531216904672132562e-03 -8.429365130313037566e-03
1.163750164724734987e+03 -3.528347615761765615e-03 -8.521605120153952564e-03
1.163765856798090454e+03 -3.525636234051629167e-03 -8.627273960513862430e-03
1.163781547798041174e+03 -3.522601390818250362e-03 -8.748092887266006173e-03
1.163812972725372447e+03 -3.513367649514829386e-03 -9.029331264621742736e-03
1.163828688851422385e+03 -3.506793520911006407e-03 -9.165602069797475215e-03
1.163844431422654452e+03 -3.500669739264128735e-03 -9.306781645947873396e-03
1.163860192256418713e+03 -3.495081642269878049e-03 -9.459313332553499071e-03
1.163891761082092444e+03 -3.481103846769382625e-03 -9.710763984665329168e-03
1.163907542305834113e+03 -3.473875593172350614e-03 -9.795986645985703747e-03
1.163923290580898993e+03 -3.467757084757936911e-03 -9.867111088903318325e-03
1.163954755346052934e+03 -3.452829017719679598e-03 -9.912551661289899924e-03
1.163970460556934995e+03 -3.446681619420700546e-03 -9.900698166437701606e-03
1.163986155449726311e+03 -3.439265350995293104e-03 -9.862301851094332564e-03
1.164001851673845977e+03 -3.432332674280230787e-03 -9.805135566171182399e-03
1.164033261347955886e+03 -3.421275794572149927e-03 -9.663215893816141933e-03
1.164048993623921660e+03 -3.416030167658041117e-03 -9.572724230209555749e-03
1.164064692131922811e+03 -3.409073012779043326e-03 -9.477534160468344474e-03
1.164080335060965353e+03 -3.405691440748845160e-03 -9.378320837721202188e-03
1.164111692608589692e+03 -3.402409258609845680e-03 -9.174933182239027388e-03
1.164127430497254409e+03 -3.400674919736907092e-03 -9.065212451921267345e-03
1.164143191977745118e+03 -3.398184823957978509e-03 -8.956138834313375971e-03
1.164174565897549201e+03 -3.396620153946759788e-03 -8.743132867508936895e-03
1.164190219346009826e+03 -3.396668889473104368e-03 -8.637104607953071181e-03
1.164205841710267805e+03 -3.396842013247388173e-03 -8.535374240217764169e-03
1.164221458043738039e+03 -3.399651341785267684e-03 -8.432866777983565390e-03
1.164252764038479654e+03 -3.406728808388371360e-03 -8.229983211580400512e-03
1.164268435735856656e+03 -3.410985353281077628e-03 -8.128417870425497932e-03
1.164284108526114096e+03 -3.416955308733520252e-03 -8.027851041807790647e-03
1.164315521616857723e+03 -3.434926487960560017e-03 -7.885511132852969507e-03
1.164331290665430743e+03 -3.441826552972757254e-03 -7.817470097792105985e-03
1.164347089763492704e+03 -3.452194371756924299e-03 -7.738399365727289571e-03
1.164362847094885637e+03 -3.460436696088460638e-03 -7.665059984790147975e-03
1.164394321189763787e+03 -3.480623618620619537e-03 -7.503554811187570193e-03
1.164410031391542361e+03 -3.490334650040536908e-03 -7.407984092289441984e-03
1.164425752285951376e+03 -3.497120893668771192e-03 -7.310459128698763506e-03
1.164441459641280062e+03 -3.507176139720965136e-03 -7.217426290914921369e-03
1.164472858765946967e+03 -3.519915202294010732e-03 -7.029244964914109148e-03
1.164488557744057516e+03 -3.525218826068504500e-03 -6.941299956570458861e-03
1.164504260612741064e+03 -3.529730586470950816e-03 -6.855456384108589776e-03
1.164535665906041004e+03 -3.538628856811345223e-03 -6.789462034072144860e-03
1.164551384648319754e+03 -3.543798731043820444e-03 -6.673844147829535896e-03
1.164567115633743470e+03 -3.545471715027813560e-03 -6.631065603805999346e-03
1.164582842923507542e+03 -3.548852829586750333e-03 -6.741668829111327477e-03
1.164614354973961781e+03 -3.549780545027327733e-03 -7.182196591237164328e-03
1.164630147407627874e+03 -3.550619693735982806e-03 -7.491354058502563452e-03
1.164645932626345257e+03 -3.549358674909807148e-03 -7.621761718406713793e-03
1.164661696096335390e+03 -3.547833705536538717e-03 -7.765089326504942199e-03
1.164693183338874633e+03 -3.543111391201533671e-03 -8.268701502072099002e-03
1.164708903799987411e+03 -3.541415781359149705e-03 -8.277047196688987196e-03
1.164724604635160404e+03 -3.538151560952558072e-03 -8.354143765658843257e-03
1.164740294786183995e+03 -3.535096475856726143e-03 -8.452615969048825686e-03
1.164771675759207255e+03 -3.526864286055933929e-03 -8.657343413653175584e-03
1.164787368005773260e+03 -3.522709001511355447e-03 -8.784058369997040788e-03
1.164803079270139960e+03 -3.518876458145214249e-03 -8.922767542145210520e-03
1.164834528784403801e+03 -3.508744834330273978e-03 -9.197262247441419236e-03
1.164850278200699904e+03 -3.503738348294425150e-03 -9.346869201008545583e-03
1.164866038842042144e+03 -3.495390145022135488e-03 -9.495306402417214367e-03
1.164881834717625225e+03 -3.489635043252465891e-03 -9.622786725115045625e-03
1.164913382988242574e+03 -3.475559166449706909e-03 -9.812294261923221877e-03
1.164929130018652359e+03 -3.467435313498570901e-03 -9.873471287352547990e-03
1.164944867396585551e+03 -3.461490278523567284e-03 -9.898456997835619608e-03
1.164960585799578212e+03 -3.455675019335282139e-03 -9.903660156237871492e-03
1.164991982277465468e+03 -3.441648452937731435e-03 -9.837227082914422327e-03
1.165007675485217987e+03 -3.434822858187849479e-03 -9.780085043815875401e-03
1.165023372279886416e+03 -3.428356413627653854e-03 -9.714829697625564434e-03
1.165054825213668892e+03 -3.416489165214500485e-03 -9.537738825530335529e-03
1.165070501006198128e+03 -3.412043297352665514e-03 -9.440979742439495684e-03
1.165086143642718980e+03 -3.408435437380389742e-03 -9.342049825065847080e-03
1.165101809183607884e+03 -3.407112272546678269e-03 -9.241348595590406778e-03
1.165133286570547398e+03 -3.401993232007751843e-03 -9.027235091587320834e-03
1.165149031140009811e+03 -3.400594216604477683e-03 -8.921045932512644203e-03
1.165164721723640469e+03 -3.397433369791359476e-03 -8.814554285227173963e-03
1.165180369164620743e+03 -3.398849278814104844e-03 -8.706081450135110672e-03
1.165211638263691384e+03 -3.402577972988530836e-03 -8.499685559883786781e-03
1.165227263572292713e+03 -3.405454908180150040e-03 -8.398043845381356065e-03
1.165242917488095372e+03 -3.407745784427200064e-03 -8.297809665353053643e-03
1.165274252842916212e+03 -3.417150744017786925e-03 -8.092626728905023478e-03
1.165289927105550532e+03 -3.422731825529731417e-03 -7.994505330997993611e-03
1.165305626316217058e+03 -3.429584595735173276e-03 -7.921500308639920634e-03
1.165321368983928323e+03 -3.436816500690450561e-03 -7.862944785909599735e-03
1.165352948603512687e+03 -3.458154119458121522e-03 -7.710793334772586896e-03
1.165368692327195731e+03 -3.468218793321101428e-03 -7.639526462939331616e-03
1.165384425808139440e+03 -3.477719672137448339e-03 -7.559834404436572425e-03
1.165400157996836924e+03 -3.487832407488642827e-03 -7.470566393330416513e-03
1.165431579316187253e+03 -3.504680661226513682e-03 -7.276815941274611919e-03
1.165447280961391016e+03 -3.512068605563631925e-03 -7.184294418806347164e-03
1.165462984222268915e+03 -3.519005859850953856e-03 -7.088731644050094531e-03
1.165494384537557153e+03 -3.531721704419062396e-03 -6.909743499515974899e-03
1.165510089193778640e+03 -3.536038091341859885e-03 -6.827848273702781870e-03
1.165525787655348950e+03 -3.540461344721758039e-03 -6.795197588854177441e-03
1.165541492161386486e+03 -3.544696860438554132e-03 -6.759508405445593775e-03
1.165572947612177586e+03 -3.550202951832648422e-03 -6.644901131472745817e-03
1.165588683845567857e+03 -3.553543654727060047e-03 -6.783775072234340606e-03
1.165604443203989149e+03 -3.552114308917643515e-03 -6.985753405687697773e-03
1.165620206464137937e+03 -3.553674170639948941e-03 -7.275433187942176132e-03
1.165651789212509811e+03 -3.552205380300537708e-03 -7.634687845594167847e-03
1.165667540507498643e+03 -3.548789331781103135e-03 -7.856657859046252065e-03
1.165683283175280849e+03 -3.547493776182581403e-03 -8.193012882499480995e-03
1.165714727772826109e+03 -3.541833387613336267e-03 -8.288945256855020580e-03
1.165730423214673920e+03 -3.540224308857659735e-03 -8.377161729284538297e-03
1.165746116448146495e+03 -3.538186483562451388e-03 -8.474855961262843518e-03
1.165761809591572955e+03 -3.534841572552372205e-03 -8.574237604490955733e-03
1.165793193909498996e+03 -3.526366750223209039e-03 -8.821022479332160313e-03
1.165808913042122867e+03 -3.522183924357942097e-03 -8.962351123455806687e-03
1.165824633910774992e+03 -3.515085353532005578e-03 -9.097859992201575915e-03
1.165840366374299720e+03 -3.510431358105217843e-03 -9.233320548579802833e-03
1.165871893712328074e+03 -3.497656204608138621e-03 -9.529081666064346048e-03
1.165887688487718378e+03 -3.490099408008509336e-03 -9.653422841900708914e-03
1.165903478168477477e+03 -3.483196753033934289e-03 -9.747745461652473561e-03
1.165934969988897137e+03 -3.469827990484972233e-03 -9.875990877158775591e-03
1.165950697020847429e+03 -3.462640049511918772e-03 -9.894699767632630927e-03
1.165966409965210460e+03 -3.454927393069847068e-03 -9.892276327207457504e-03
1.165982106379437255e+03 -3.448526225197260948e-03 -9.862484663135290958e-03
1.166013498062929557e+03 -3.437562111596594288e-03 -9.755585972609450221e-03
1.166029203646088718e+03 -3.431100982191516349e-03 -9.681010321835268814e-03
1.166044931756918686e+03 -3.425224104551620116e-03 -9.593910163640180164e-03
1.166060647076639270e+03 -3.420759638843259322e-03 -9.502101819063730678e-03
1.166091951337189357e+03 -3.411641703829213640e-03 -9.305523237796204175e-03
1.166107642192825779e+03 -3.408097124285919353e-03 -9.205789548389487278e-03
1.166123361470791224e+03 -3.407115707641399094e-03 -9.099791741380106047e-03
1.166154857223680210e+03 -3.405304671669677832e-03 -8.884030721359832336e-03
1.166170535954153138e+03 -3.403041263960458404e-03 -8.776780348989718719e-03
1.166186182268026869e+03 -3.403837766372631857e-03 -8.669039038226907662e-03
1.166201814871940314e+03 -3.403018381121827949e-03 -8.567484478326798519e-03
1.166233067498286573e+03 -3.407665325402161639e-03 -8.363241929301448718e-03
1.166248727584453945e+03 -3.411589033184272198e-03 -8.260978803476410823e-03
1.166264399559008325e+03 -3.417200680427132185e-03 -8.159548089920712344e-03
1.166280071210023380e+03 -3.423574216391207879e-03 -8.056777007593924830e-03
1.166311462067776802e+03 -3.437814643661728925e-03 -7.900327113479543861e-03
1.166327219742362786e+03 -3.445472479961891616e-03 -7.838170647909174435e-03
1.166343012866301024e+03 -3.453584478995588847e-03 -7.760421915751695814e-03
1.166374541188504963e+03 -3.474213367624801128e-03 -7.611093078634239943e-03
1.166390258219977795e+03 -3.482291835504651781e-03 -7.528997428060728303e-03
1.166405980467571226e+03 -3.491031754354016227e-03 -7.435907259669908252e-03
1.166421691267886899e+03 -3.503107397399111977e-03 -7.338209312399018164e-03
1.166453102456596525e+03 -3.516804792185876469e-03 -7.150920864006499872e-03
1.166468802748553344e+03 -3.523648400915576663e-03 -7.055769742636175575e-03
1.166484501530673242e+03 -3.528063359007470139e-03 -6.967347305187836411e-03
1.166500205239250818e+03 -3.533427269313335964e-03 -6.879260194332815354e-03
1.166531610802310297e+03 -3.546018730840858058e-03 -6.797135713125849327e-03
1.166547325286845307e+03 -3.549810759698843361e-03 -6.714080430104661830e-03
1.166563054812420205e+03 -3.553231755970419087e-03 -6.615088429049163256e-03
1.166594527489995926e+03 -3.555953093337668042e-03 -6.828820825975184285e-03
1.166610286915398319e+03 -3.557612117679408246e-03 -7.053138594043725264e-03
1.166626071522541451e+03 -3.557801851502704043e-03 -7.364509603342229462e-03
1.166641851719859233e+03 -3.555436990427958324e-03 -7.561125378562662258e-03
1.166673380431193436e+03 -3.552799866351256507e-03 -7.948541014698407361e-03
1.166689123807560463e+03 -3.550678243848319395e-03 -8.240256365388214099e-03
1.166704843932777976e+03 -3.547442167941694448e-03 -8.259445861832592078e-03
1.166720548324114134e+03 -3.545474116583737737e-03 -8.303197098031447551e-03
1.166751933591949410e+03 -3.538548071789289224e-03 -8.495909049625691850e-03
1.166767625543459644e+03 -3.535259833241345077e-03 -8.602369397429133341e-03
1.166783317210181167e+03 -3.532398708001832904e-03 -8.723353451040111173e-03
1.166814747602244779e+03 -3.522584307050574681e-03 -8.997135248381487108e-03
1.166830462960951763e+03 -3.517900131396536900e-03 -9.126564888287296354e-03
1.166846209673797603e+03 -3.511835771225339277e-03 -9.270526502966060581e-03
1.166861969821611183e+03 -3.505414660451673919e-03 -9.428432321764492266e-03
1.166893542912036082e+03 -3.492493946088838942e-03 -9.675498974737429050e-03
1.166909317863743354e+03 -3.485968330290347035e-03 -9.765969732644421905e-03
1.166925066614255684e+03 -3.477763596165920918e-03 -9.840693202753368965e-03
1.166940807864927137e+03 -3.472074434635462944e-03 -9.876353240176896642e-03
1.166972231719640376e+03 -3.458048669046510926e-03 -9.878998389766073529e-03
1.166987925832756673e+03 -3.450942701300722167e-03 -9.842278506160474089e-03
1.167003621335369871e+03 -3.443691624351396998e-03 -9.787620507253720278e-03
1.167035029337438345e+03 -3.431410571999056816e-03 -9.651881730989136585e-03
1.167050765048401900e+03 -3.426802382838723023e-03 -9.562514317546202264e-03
1.167066461169463764e+03 -3.419495031548681462e-03 -9.469602189209681484e-03
1.167082108128683331e+03 -3.416959633837732529e-03 -9.373223445398879208e-03
1.167113472812087366e+03 -3.412592955442154963e-03 -9.173548776151986550e-03
1.167129213870568037e+03 -3.412289190546969470e-03 -9.064842286773131322e-03
1.167144972604205577e+03 -3.408736282254497870e-03 -8.955520925057232004e-03
1.167160680817134562e+03 -3.406981940297920154e-03 -8.851059021036083996e-03
1.167191992303528195e+03 -3.407459883999674078e-03 -8.637083114061234676e-03
1.167207616668811170e+03 -3.408110539595218119e-03 -8.535298725245233850e-03
1.167223233164954536e+03 -3.410081300698780682e-03 -8.432420310384557832e-03
1.167254541922887483e+03 -3.417131147849834273e-03 -8.228818375222069284e-03
1.167270214648339334e+03 -3.421454556136703518e-03 -8.126632965621336316e-03
1.167285888444576358e+03 -3.426335078199348010e-03 -8.025892879268012314e-03
1.167301579113880507e+03 -3.433619191331897108e-03 -7.941169184391555502e-03
1.167333078365632673e+03 -3.450783512683247654e-03 -7.814331142031108110e-03
1.167348876919016448e+03 -3.461525485847667671e-03 -7.734420541065302468e-03
1.167364627563292061e+03 -3.469129453757381978e-03 -7.661612771026731113e-03
1.167380372925537131e+03 -3.480400455398259714e-03 -7.585638384212014217e-03
1.167411801020516577e+03 -3.498971069914511706e-03 -7.404486372566124706e-03
1.167427522013989574e+03 -3.505996474675178876e-03 -7.307311497302257028e-03
1.167443226563325425e+03 -3.515390039033906931e-03 -7.214664301960015125e-03
1.167474627357653389e+03 -3.528807337898218644e-03 -7.027224966618695126e-03
1.167490326181763749e+03 -3.534611372812438909e-03 -6.938657358532467588e-03
1.167506028776856056e+03 -3.539321152457769720e-03 -6.852355347341681537e-03
1.167521729307155056e+03 -3.543412071008567206e-03 -6.794225969914598380e-03
1.167553155515979142e+03 -3.552127024400256097e-03 -6.668794408077221778e-03
1.167568887256441258e+03 -3.555089078519503825e-03 -6.611546781462813993e-03
1.167584618158778085e+03 -3.558380784110734552e-03 -6.702202483815739194e-03
1.167600372137463637e+03 -3.560747113397682261e-03 -6.878356095726184324e-03
1.167631924809704742e+03 -3.559300706835975651e-03 -7.436480875601208379e-03
1.167647714405233728e+03 -3.559056656153772921e-03 -7.575843711267870630e-03
1.167663470067481967e+03 -3.556531273845260632e-03 -7.728692500577690958e-03
1.167694953946203668e+03 -3.552540329853610870e-03 -8.256819802954286705e-03
1.167710671860611001e+03 -3.551291436040097081e-03 -8.260775586059381295e-03
1.167726372471199738e+03 -3.548912061453032320e-03 -8.322122798957595768e-03
1.167742064912734577e+03 -3.545360381428395383e-03 -8.421395764132321576e-03
1.167773443795954563e+03 -3.537743693121360531e-03 -8.631258203758700176e-03
1.167789136402648410e+03 -3.533582067306738263e-03 -8.757830852516907197e-03
1.167804850582041354e+03 -3.529088990339038744e-03 -8.895481905760761754e-03
1.167820576689476866e+03 -3.524476782902429429e-03 -9.029369651949782985e-03
1.167852053175643960e+03 -3.513044666617394854e-03 -9.312690821970092889e-03
1.167867815430766768e+03 -3.506620830352441976e-03 -9.466263206388811358e-03
1.167883611806875251e+03 -3.499991481649715377e-03 -9.594875083315497835e-03
1.167915158068448818e+03 -3.485660693271148622e-03 -9.790617279725301672e-03
1.167930903493646383e+03 -3.478788529116540965e-03 -9.854613211652372626e-03
1.167946638085796849e+03 -3.472215768864128898e-03 -9.883535085581748869e-03
1.167962355467086127e+03 -3.465688160707248045e-03 -9.891916207809953870e-03
1.167993751073728163e+03 -3.453211481593256027e-03 -9.829013295158776919e-03
1.168009445420030488e+03 -3.446036509597941513e-03 -9.774393683741862751e-03
1.168025140130359432e+03 -3.439706971838833206e-03 -9.711352639166505665e-03
1.168040859677721755e+03 -3.433617139122846409e-03 -9.629235793826570328e-03
1.168072269020874728e+03 -3.422895956762996537e-03 -9.446765189249453978e-03
1.168087915348192610e+03 -3.420121266585408621e-03 -9.349157109108743174e-03
1.168103591921671978e+03 -3.415448624333666978e-03 -9.250834720095392483e-03
1.168135068845352862e+03 -3.411121033683131402e-03 -9.037965936837215677e-03
1.168150809136104954e+03 -3.411385421857883113e-03 -8.931674135895859359e-03
1.168166499741245161e+03 -3.408185792288810721e-03 -8.824756657242091920e-03
1.168182144365531030e+03 -3.409190107959880929e-03 -8.715557659888325051e-03
1.168213411483524169e+03 -3.411416577507939921e-03 -8.508863489474377886e-03
1.168229037874651794e+03 -3.414008816224755379e-03 -8.405767637102041015e-03
1.168244692167798576e+03 -3.417642163916635289e-03 -8.304971289670420864e-03
1.168260364973401011e+03 -3.421013337847638846e-03 -8.202111189139693267e-03
1.168291710597703286e+03 -3.431229387622838824e-03 -8.001035060686832387e-03
1.168307410267959995e+03 -3.438608971153774268e-03 -7.925575714993247575e-03
1.168323154806973889e+03 -3.445613741018446405e-03 -7.866657969908263937e-03
1.168354733407380763e+03 -3.465997469737745838e-03 -7.715197969677712285e-03
1.168370477301773690e+03 -3.476071832109439794e-03 -7.643536254120447161e-03
1.168386202648168819e+03 -3.484157095597385356e-03 -7.565166418368658198e-03
1.168401930629982417e+03 -3.494340251987410832e-03 -7.475669069088198594e-03
1.168433349015969725e+03 -3.511886382403551620e-03 -7.282610409884988922e-03
1.168449048440587148e+03 -3.520347512549238354e-03 -7.190550771385165359e-03
1.168464751562644778e+03 -3.525525527651933704e-03 -7.095634168739321963e-03
1.168480449662968567e+03 -3.532079353178658662e-03 -7.003269872348104677e-03
1.168511857580484957e+03 -3.544283143395535532e-03 -6.831036468490887976e-03
1.168527559256757741e+03 -3.548498117932673366e-03 -6.797265567040841616e-03
1.168543264249623007e+03 -3.552808192640919457e-03 -6.765468036528296189e-03
1.168574719015840856e+03 -3.557691222429268559e-03 -6.626178573571928597e-03
1.168590459968268533e+03 -3.560895882480787349e-03 -6.743896314916173959e-03
1.168606221181880073e+03 -3.560586423371721494e-03 -6.938320110236935456e-03
1.168621988859513749e+03 -3.561755434581355927e-03 -7.230858190524023371e-03
1.168653566997436201e+03 -3.559001933536564896e-03 -7.601208926924717460e-03
1.168669317766494942e+03 -3.557937373641668118e-03 -7.810700616991675047e-03
1.168685058361859319e+03 -3.556054686667581635e-03 -8.136984689905726181e-03
1.168700784745868987e+03 -3.553740073073729036e-03 -8.260349092248842409e-03
1.168732191756617794e+03 -3.548001914446416872e-03 -8.347043077281599693e-03
1.168747885439151560e+03 -3.546380037270980591e-03 -8.446732959992341028e-03
1.168763577236825768e+03 -3.543863716093496093e-03 -8.549135371222397681e-03
1.168794967377194553e+03 -3.535357670290777566e-03 -8.794398657549662435e-03
1.168810686874307066e+03 -3.532282598036464837e-03 -8.932426194411698800e-03
1.168826405419427374e+03 -3.524404692593369019e-03 -9.062096238678526983e-03
1.168842142093103803e+03 -3.519323343773870030e-03 -9.195976171993209408e-03
1.168873676864764548e+03 -3.506806609411362852e-03 -9.502586814778262586e-03
1.168889467164397729e+03 -3.499545900498169694e-03 -9.628363363890645940e-03
1.168905254548934408e+03 -3.491854211566774047e-03 -9.726407651514825878e-03
1.168921003383754851e+03 -3.487354133622779743e-03 -9.814972523789074546e-03
1.168952469916210703e+03 -3.472099800603872886e-03 -9.892821780915678903e-03
1.168968179500597671e+03 -3.465061769291912040e-03 -9.893938019805245676e-03
1.168983874933272091e+03 -3.457969821187978268e-03 -9.867325409289091909e-03
1.169015266608508000e+03 -3.446574338613976694e-03 -9.766338264140191766e-03
1.169030968342973665e+03 -3.440787496116748216e-03 -9.697331612589900687e-03
1.169046700339144763e+03 -3.434954228766602061e-03 -9.612087786438516801e-03
1.169062415780745823e+03 -3.429969622650031087e-03 -9.523012613371076990e-03
1.169093727862559263e+03 -3.419986386500530658e-03 -9.330389187823381544e-03
1.169109427622618114e+03 -3.418871845663722618e-03 -9.232338124277943495e-03
1.169125147245164953e+03 -3.416655640699474590e-03 -9.126585961390451182e-03
1.169140919138621030e+03 -3.414857479202879076e-03 -9.015168499764740495e-03
1.169172314243783603e+03 -3.411571071537610432e-03 -8.801190246740416695e-03
1.169187966184228571e+03 -3.411527693433784921e-03 -8.693412655708852854e-03
1.169203594145337775e+03 -3.410361837560319052e-03 -8.590671877299803361e-03
1.169234847099412264e+03 -3.415364354760998949e-03 -8.385455094906683199e-03
1.169250509434446030e+03 -3.418377587886094193e-03 -8.281356167473824872e-03
1.169266184820074159e+03 -3.422873830645308500e-03 -8.179130757977175550e-03
1.169281859249498666e+03 -3.429427499743735192e-03 -8.075954346268694045e-03
1.169313254424526804e+03 -3.444117928580795601e-03 -7.913937546122701977e-03
1.169329011875335482e+03 -3.450955067754179779e-03 -7.853434949929426201e-03
1.169344807770996113e+03 -3.459450098596023038e-03 -7.776305266030012105e-03
1.169360577117307912e+03 -3.469764947143142743e-03 -7.699585871385019806e-03
1.169392043508311190e+03 -3.487715402505257162e-03 -7.545744062253058673e-03
1.169407757575092319e+03 -3.496867072066965100e-03 -7.453435544940882791e-03
1.169423470909455318e+03 -3.506721865193098992e-03 -7.356196000462097116e-03
1.169454878619490728e+03 -3.521074705169688606e-03 -7.169124682801950206e-03
1.169470576824305908e+03 -3.528822562960129937e-03 -7.073818258307041501e-03
1.169486276203163243e+03 -3.533573612035373693e-03 -6.984785740258524916e-03
1.169501980239042041e+03 -3.538479097394062623e-03 -6.895548133758569800e-03
1.169533386341378446e+03 -3.549893871771777308e-03 -6.806887225849954370e-03
1.169549102067908507e+03 -3.554993577737085818e-03 -6.732787118955214228e-03
1.169564834924111665e+03 -3.557069677193494366e-03 -6.621124712415228306e-03
1.169580557051128380e+03 -3.559873295853656534e-03 -6.652908824913818589e-03
1.169612069869154539e+03 -3.562474802718907773e-03 -7.010112951150134115e-03
1.169627857800913489e+03 -3.563602489476635354e-03 -7.328973008436655799e-03
1.169643639434421857e+03 -3.561613506582193660e-03 -7.517756302205363603e-03
1.169675161460258778e+03 -3.557641397566220672e-03 -7.898377746246368347e-03
1.169690901969249580e+03 -3.557160065099425166e-03 -8.203468448832360385e-03
1.169706624128258227e+03 -3.554014154046847198e-03 -8.261999372302292199e-03
1.169722324868176884e+03 -3.552095594032757785e-03 -8.287061871471721256e-03
1.169753708988032258e+03 -3.545215887216640865e-03 -8.474002647469726715e-03
1.169769399982977802e+03 -3.541541161945173464e-03 -8.580569715978113299e-03
1.169785092121098842e+03 -3.538206640106486382e-03 -8.701318263438367895e-03
1.169800799483565697e+03 -3.535303788256489218e-03 -8.835223903763065809e-03
1.169832243838373643e+03 -3.524690676560330790e-03 -9.098088651914668784e-03
1.169847992427084591e+03 -3.519679456501943401e-03 -9.239549591912215101e-03
1.169863751863570769e+03 -3.511687004542352053e-03 -9.400786716727763462e-03
1.169895331002082230e+03 -3.499649986324226362e-03 -9.659661628734139346e-03
1.169911098596405282e+03 -3.493203610878237164e-03 -9.756402109120177260e-03
1.169926847183296559e+03 -3.484211207876690333e-03 -9.836322266923156962e-03
1.169942586811948559e+03 -3.478896562346468421e-03 -9.879884436028723779e-03
1.169974009094255052e+03 -3.465160108853761189e-03 -9.892518463452322844e-03
1.169989701857587534e+03 -3.458494654091810554e-03 -9.859940859462778054e-03
1.170005396462804583e+03 -3.451262267024430858e-03 -9.808536072014675117e-03
1.170021090748034112e+03 -3.444448828682571909e-03 -9.753734984149244752e-03
1.170052538905177698e+03 -3.433234846487017919e-03 -9.592512471170249605e-03
1.170068235399352716e+03 -3.427181939546865719e-03 -9.502394869142484490e-03
1.170083888370525983e+03 -3.423798616624665857e-03 -9.407126340544004484e-03
1.170115261593366995e+03 -3.417969677155103993e-03 -9.209627229946025506e-03
1.170131006100743434e+03 -3.418158088228504931e-03 -9.101083814569605607e-03
1.170146766903713115e+03 -3.414326246926692281e-03 -8.991534377549311938e-03
1.170162469909562560e+03 -3.411459774097753712e-03 -8.884996347070779274e-03
1.170193778731232214e+03 -3.413586137193592562e-03 -8.669628746006461870e-03
1.170209400315515495e+03 -3.413814948114058875e-03 -8.566289685912682056e-03
1.170225022074117533e+03 -3.415178447000470977e-03 -8.462300555525936741e-03
1.170240666766821278e+03 -3.417402123022886089e-03 -8.361184726469680223e-03
1.170272008804494590e+03 -3.425632619806847409e-03 -8.153078093342095573e-03
1.170287684544738113e+03 -3.430283439561161458e-03 -8.051076541017478105e-03
1.170303377134926222e+03 -3.436159722164965676e-03 -7.964278970266672544e-03
1.170334881430300811e+03 -3.454307161149127239e-03 -7.836872626531866254e-03
1.170350679754697694e+03 -3.463867837323502449e-03 -7.756540789017793078e-03
1.170366425296232592e+03 -3.471926795969654516e-03 -7.683834278169232070e-03
1.170382164716980924e+03 -3.482504724576128679e-03 -7.608252835170067896e-03
1.170413588566561657e+03 -3.499964750021330138e-03 -7.428399209655103634e-03
1.170429307814449203e+03 -3.508745324288257451e-03 -7.330999365122199338e-03
1.170445009819295592e+03 -3.516702937117906300e-03 -7.238520324737937953e-03
1.170460711776059043e+03 -3.526335769726799893e-03 -7.144435948387934353e-03
1.170492112479036905e+03 -3.537051144127936406e-03 -6.961221154609074750e-03
1.170507814655482207e+03 -3.542085776879739731e-03 -6.873609762741580108e-03
1.170523514416683838e+03 -3.546400471176992721e-03 -6.809734898700452177e-03
1.170554943716158959e+03 -3.554563444030392916e-03 -6.692541329158939456e-03
1.170570675252473393e+03 -3.558163256746886809e-03 -6.617416881441723527e-03
1.170586407438985816e+03 -3.561552617923405967e-03 -6.685057562699046538e-03
1.170602163916836844e+03 -3.561965901943645041e-03 -6.844653965060303394e-03
1.170633718606023194e+03 -3.562006814426537434e-03 -7.413997596590013797e-03
1.170649510315191264e+03 -3.562712899595032578e-03 -7.540445947975507775e-03
1.170665261742056828e+03 -3.558916453419821296e-03 -7.705754999697251618e-03
1.170681007215446925e+03 -3.557402371828531380e-03 -7.997416910702404361e-03
1.170712458029733170e+03 -3.553928687514011468e-03 -8.263892841502893521e-03
1.170728155224842112e+03 -3.552705982110355033e-03 -8.307753345459002736e-03
1.170743850473951625e+03 -3.549752596215913214e-03 -8.402189933714268241e-03
1.170775229637070879e+03 -3.542279192794060838e-03 -8.615474855439753457e-03
1.170790922594363792e+03 -3.538392920289846078e-03 -8.742046913622724194e-03
1.170806639254255060e+03 -3.533626795849781690e-03 -8.879445306374291955e-03
1.170822363405161468e+03 -3.528594994117964078e-03 -9.009747641562655673e-03
1.170853846379999595e+03 -3.516099669036133746e-03 -9.289221700538245752e-03
1.170869609317466029e+03 -3.511390966034548013e-03 -9.446090105973210110e-03
1.170885405705289941e+03 -3.504143509226841612e-03 -9.579107336821757884e-03
1.170901198120438494e+03 -3.498649811973628468e-03 -9.687954820622735053e-03
1.170932693774416521e+03 -3.483781555675429312e-03 -9.851255635352640025e-03
1.170948425005774425e+03 -3.476883579885384993e-03 -9.887241042522580681e-03
1.170964140948489558e+03 -3.469399126800041134e-03 -9.899524113372486570e-03
1.170995533386729903e+03 -3.458102679771648483e-03 -9.843563075946613200e-03
1.171011230511559461e+03 -3.451346571288638893e-03 -9.790660714066496545e-03
1.171026925659308745e+03 -3.444521165769374657e-03 -9.731557227308442956e-03
1.171042642784934515e+03 -3.438701401809442660e-03 -9.650053309413122310e-03
1.171074051843394273e+03 -3.427055489131792827e-03 -9.473159061895027391e-03
1.171089704405837438e+03 -3.424899218958150134e-03 -9.377209209207629584e-03
1.171105393592695236e+03 -3.418764294269791611e-03 -9.280190977903656283e-03
1.171121101952353683e+03 -3.419072762104135438e-03 -9.178591902641013850e-03
1.171152608984003564e+03 -3.415543896058202515e-03 -8.960633302294428171e-03
1.171168298470693799e+03 -3.412463496583805021e-03 -8.852155210322123005e-03
1.171183941910610883e+03 -3.412985192154122365e-03 -8.742953085254820053e-03
1.171215203920695558e+03 -3.413914026639860121e-03 -8.534805183825015448e-03
1.171230833204711416e+03 -3.415357630634908385e-03 -8.430133022750686128e-03
1.171246489877692056e+03 -3.419646310583274954e-03 -8.328068585935943097e-03
1.171262163813677034e+03 -3.424194652439929969e-03 -8.224653134431948384e-03
1.171293516818183207e+03 -3.433229067751052913e-03 -8.021705960970288221e-03
1.171309217042406999e+03 -3.440998398986549762e-03 -7.942990186902563338e-03
1.171324963231985748e+03 -3.448171392212648952e-03 -7.882950641656503651e-03
1.171340750091952714e+03 -3.455998402526776724e-03 -7.812389615119335121e-03
1.171372284620382970e+03 -3.476665618251122917e-03 -7.660078849914043510e-03
1.171388003280495468e+03 -3.484087517662302208e-03 -7.582301022927971645e-03
1.171403726400728146e+03 -3.493535646940903062e-03 -7.493145593438580061e-03
1.171435141296925849e+03 -3.512337452794861425e-03 -7.300798099247218786e-03
1.171450839020468720e+03 -3.520986673369213941e-03 -7.208793947655714116e-03
1.171466540880128150e+03 -3.526380555719055374e-03 -7.114017282353734400e-03
1.171482239647389406e+03 -3.531807299935216075e-03 -7.021496642475868848e-03
1.171513647611644501e+03 -3.545198388626890056e-03 -6.845714227397062257e-03
1.171529351139360415e+03 -3.550589228742523449e-03 -6.807875070707129946e-03
1.171545060620792810e+03 -3.554245041705443500e-03 -6.782827776506180489e-03
1.171560789106533321e+03 -3.559236358605798612e-03 -6.651447583059951450e-03
1.171592259220469714e+03 -3.562065667162078730e-03 -6.717744651588069410e-03
1.171608019749248115e+03 -3.563591413355693925e-03 -6.898895305962941121e-03
1.171623796444333038e+03 -3.563777221233719022e-03 -7.189727964169181050e-03
1.171655366087672746e+03 -3.560449729138446488e-03 -7.560524853769829030e-03
1.171671114504189291e+03 -3.561375248082341433e-03 -7.778769974730656914e-03
1.171686856925205575e+03 -3.558517524411642773e-03 -8.088669793487830717e-03
1.171702580091278151e+03 -3.556194004688774477e-03 -8.259408596408054221e-03
1.171733982941290151e+03 -3.550748307807775634e-03 -8.327556633580819601e-03
1.171749676741291523e+03 -3.548527094783898717e-03 -8.428040251565323618e-03
1.171765368748605397e+03 -3.546327634464441648e-03 -8.534791304917742003e-03
1.171781059849282656e+03 -3.543472192299747074e-03 -8.651742919584703984e-03
1.171812483455637903e+03 -3.535223275867268797e-03 -8.915786841234932605e-03
1.171828199936756846e+03 -3.528393971750207539e-03 -9.040476782686854978e-03
1.171843941217621705e+03 -3.522671895180766542e-03 -9.173972961313689098e-03
1.171875484103605913e+03 -3.511062518362761259e-03 -9.482198743408477848e-03
1.171891269044080900e+03 -3.503601199960149418e-03 -9.608313165549211762e-03
1.171907052356551731e+03 -3.496318795357872440e-03 -9.714293073967310288e-03
1.171922800746414168e+03 -3.490959156190115171e-03 -9.804243931228535935e-03
1.171954265733072134e+03 -3.475983124926226246e-03 -9.888621022351369236e-03
1.171969971617719921e+03 -3.469805765346542937e-03 -9.891957614909943977e-03
1.171985666192894087e+03 -3.462414759713068960e-03 -9.868678866189759327e-03
1.172001362071464428e+03 -3.455730896047305104e-03 -9.823511818288112665e-03
1.172032758368782197e+03 -3.444227448638264352e-03 -9.706407233783022684e-03
1.172048490394218561e+03 -3.439287039486975395e-03 -9.621193974822276826e-03
1.172064208053508082e+03 -3.432584512176416105e-03 -9.535714091991009250e-03
1.172095526474701046e+03 -3.424178666178881534e-03 -9.346846484155832413e-03
1.172111232129735299e+03 -3.423153134368223539e-03 -9.249274532459186154e-03
1.172126956698827144e+03 -3.421166664874923137e-03 -9.144343551986362090e-03
1.172142725695901390e+03 -3.418336734903756023e-03 -9.032986691632660659e-03
1.172174116462269694e+03 -3.415185493551727101e-03 -8.817390840259585472e-03
1.172189770030770660e+03 -3.414537773970863568e-03 -8.709707661153236885e-03
1.172205395519179547e+03 -3.413751207397298579e-03 -8.606198216349062596e-03
1.172221010912069914e+03 -3.415829082901733222e-03 -8.500634816733156768e-03
1.172252313968667067e+03 -3.421587028607547126e-03 -8.294553100996993403e-03
1.172267990730422980e+03 -3.425125726018191964e-03 -8.191425673359854429e-03
1.172283667874060029e+03 -3.430475728445365764e-03 -8.088037198912274850e-03
1.172315067590517629e+03 -3.446350715425472271e-03 -7.922324283772251910e-03
1.172330827091366700e+03 -3.452373918648147470e-03 -7.862392277243434105e-03
1.172346625607253145e+03 -3.461615419234525919e-03 -7.785015309642945129e-03
1.172362386371765979e+03 -3.469928886677586116e-03 -7.707548971659080282e-03
1.172393851062768590e+03 -3.489585371396894051e-03 -7.553380392539736990e-03
1.172409556998698918e+03 -3.499339272645817563e-03 -7.461576535106636231e-03
1.172425272185810400e+03 -3.506791574514402186e-03 -7.364447924948626031e-03
1.172440976257855027e+03 -3.517025751907479000e-03 -7.270017466533685094e-03
1.172472373305122801e+03 -3.530484530634015860e-03 -7.082952171366011657e-03
1.172488073094202946e+03 -3.535945560595387793e-03 -6.992833778620162651e-03
1.172503777377131200e+03 -3.540851415126987280e-03 -6.903362631456414628e-03
1.172535183448143925e+03 -3.550792481469997649e-03 -6.813008699790228107e-03
1.172550902396699939e+03 -3.556506113674395928e-03 -6.741515173172331517e-03
1.172566634405868854e+03 -3.558549168169175894e-03 -6.622343172124785064e-03
1.172582361413701619e+03 -3.562242944436727361e-03 -6.636054020573242500e-03
1.172613875706251292e+03 -3.564364455884474255e-03 -6.962339387053808823e-03
1.172629667457710866e+03 -3.565842829270856034e-03 -7.293785328459353144e-03
1.172645451122077930e+03 -3.564808916990759406e-03 -7.491686114946357125e-03
1.172661215354299429e+03 -3.563952942458789401e-03 -7.598681973677664028e-03
1.172692702721334854e+03 -3.560149996849486503e-03 -8.165662485802199430e-03
1.172708423943874777e+03 -3.558601577705685151e-03 -8.260395659899350679e-03
1.172724124220913609e+03 -3.555877190522934925e-03 -8.272817782472156531e-03
1.172755506724833594e+03 -3.549553858758632777e-03 -8.455650833154249035e-03
1.172771196867121489e+03 -3.545769767738081706e-03 -8.564811428466035520e-03
1.172786889292746991e+03 -3.542062310264849304e-03 -8.688705915546811667e-03
1.172802600011694267e+03 -3.538780098770421146e-03 -8.820676973254575406e-03
1.172834048583533331e+03 -3.529019433488507235e-03 -9.072255428545958691e-03
1.172849797670967519e+03 -3.524557595677737382e-03 -9.216572389061291129e-03
1.172865557336115444e+03 -3.516156794016403724e-03 -9.381873693841453685e-03
1.172881352326400929e+03 -3.510893405949195873e-03 -9.518336601480371223e-03
1.172912902394556568e+03 -3.497249791616040965e-03 -9.742612151438666615e-03
1.172928649936319516e+03 -3.488997996855169349e-03 -9.822234786052234587e-03
1.172944387838956800e+03 -3.483372175118145883e-03 -9.868799934802186327e-03
1.172960106319385659e+03 -3.477685366525757986e-03 -9.890424357244199591e-03
1.172991501618954089e+03 -3.463601299093751248e-03 -9.855507703503312358e-03
1.173007194743186119e+03 -3.456711480093332609e-03 -9.805578246179247684e-03
1.173022888265291158e+03 -3.450038080105153736e-03 -9.753139275591999821e-03
1.173054336584831844e+03 -3.437951968069248316e-03 -9.596180630873359790e-03
1.173070032637392842e+03 -3.433403526866505087e-03 -9.508181652463315245e-03
1.173085688666220676e+03 -3.429428932636489728e-03 -9.415395673878874591e-03
1.173101361855154437e+03 -3.426997115645692878e-03 -9.319291958777460583e-03
1.173132820161150903e+03 -3.421124785406378169e-03 -9.112242081936670554e-03
1.173148581094130122e+03 -3.418736597998680866e-03 -9.003306161982058825e-03
1.173164281320618329e+03 -3.415206778379631207e-03 -8.895333215998457027e-03
1.173195583870638757e+03 -3.418728355775863415e-03 -8.679539412214396302e-03
1.173211204531600515e+03 -3.417862652463146255e-03 -8.574547211867018792e-03
1.173226827839624320e+03 -3.419944295955997405e-03 -8.469705032204205564e-03
1.173242477910790512e+03 -3.421267768731722780e-03 -8.367784714200849142e-03
1.173273821454949939e+03 -3.429155835480588929e-03 -8.158940207076479170e-03
1.173289498351383827e+03 -3.433985513469507440e-03 -8.056639822799686879e-03
1.173305192072201635e+03 -3.439829857997552497e-03 -7.969286355664829957e-03
1.173320923444739492e+03 -3.446273831303368288e-03 -7.904520897397992671e-03
1.173352499913995871e+03 -3.466165675449349448e-03 -7.759353946304392569e-03
1.173368242110909478e+03 -3.475315001744313983e-03 -7.686329683816346854e-03
1.173383973763892527e+03 -3.484877426265911397e-03 -7.611001146019834296e-03
1.173415395603657771e+03 -3.501834117305930704e-03 -7.431046138965823403e-03
1.173431111280589676e+03 -3.512006424497773546e-03 -7.333990773655816794e-03
1.173446810366929867e+03 -3.519709698657040413e-03 -7.241038359503779165e-03
1.173462512626345188e+03 -3.527772648571896041e-03 -7.147606410153818819e-03
1.173493914411751348e+03 -3.540635515833214127e-03 -6.963650964499766560e-03
1.173509619043910106e+03 -3.545354188840411317e-03 -6.875487706321749791e-03
1.173525317743927417e+03 -3.550148416600626758e-03 -6.811018238630925196e-03
1.173541022839942570e+03 -3.554815330731975892e-03 -6.810064265582274276e-03
1.173572480291479451e+03 -3.561506699641526011e-03 -6.610249973224109274e-03
1.173588216462030005e+03 -3.565293452111046712e-03 -6.658571901758961187e-03
1.173603976191381435e+03 -3.564446621234180611e-03 -6.796726787599311620e-03
1.173635531720774452e+03 -3.565852259210241810e-03 -7.386634240481445082e-03
1.173651321910266688e+03 -3.566342965959635319e-03 -7.501471099024784907e-03
1.173667072213690744e+03 -3.562988804021215497e-03 -7.653107775946586637e-03
1.173682815432733378e+03 -3.562210932357448741e-03 -7.951505941232029154e-03
1.173714261025457972e+03 -3.557647572140675268e-03 -8.256766125627772526e-03
1.173729957118368475e+03 -3.556676601289704160e-03 -8.285367254222320357e-03
1.173745650867512950e+03 -3.554861113621345277e-03 -8.377592796550507523e-03
1.173761344679176773e+03 -3.551681232999013421e-03 -8.485630602405664497e-03
1.173792727853011911e+03 -3.544076312623272058e-03 -8.724951588323068968e-03
1.173808446790407061e+03 -3.539987395674079954e-03 -8.856463520139497628e-03
1.173824168074505906e+03 -3.533621717175278610e-03 -8.981434178407391236e-03
1.173855658889197230e+03 -3.521812286597584673e-03 -9.260749380651698073e-03
1.173871423981126782e+03 -3.516982010823680588e-03 -9.422509523518050878e-03
1.173887219395891179e+03 -3.509585861731765333e-03 -9.552834075170820588e-03
1.173903010120411636e+03 -3.503210306125555552e-03 -9.664502073406439075e-03
1.173934502936354420e+03 -3.489855922717784165e-03 -9.838195386910672871e-03
1.173950230670250221e+03 -3.482820973211227938e-03 -9.877066715617832671e-03
1.173965944106280176e+03 -3.475163936551657704e-03 -9.890978711482740701e-03
1.173981640242710682e+03 -3.469082591035495353e-03 -9.878608291234242111e-03
1.174013031157522846e+03 -3.457809067560114677e-03 -9.790390672264191740e-03
1.174028729134870218e+03 -3.451167827409684814e-03 -9.735867208352665461e-03
1.174044446918275298e+03 -3.444930822620941979e-03 -9.655335480568495721e-03
1.174060178287046710e+03 -3.440664871426999099e-03 -9.572394693621222653e-03
1.174091512192107075e+03 -3.430282003093035586e-03 -9.388877951503301830e-03
1.174107207182368484e+03 -3.425501801464062284e-03 -9.292597168783838998e-03
1.174122916859394991e+03 -3.424789022104708820e-03 -9.191508198680111569e-03
1.174154426096732095e+03 -3.420595651491647321e-03 -8.972985121001735703e-03
1.174170114024206214e+03 -3.417899877051213189e-03 -8.863800244983370200e-03
1.174185758189220678e+03 -3.418239531871717675e-03 -8.753745285210817045e-03
1.174201394982278089e+03 -3.416407111002121334e-03 -8.650098883406611913e-03
1.174232646144744422e+03 -3.419406551938770997e-03 -8.439113123136561534e-03
1.174248304830554616e+03 -3.422875979919020196e-03 -8.335559888456392855e-03
1.174263980571311549e+03 -3.427980448734236144e-03 -8.232027877493646589e-03
1.174295340561847297e+03 -3.437407510814151357e-03 -8.027739586139245528e-03
1.174311040915254807e+03 -3.445388610732450039e-03 -7.947789898003087064e-03
1.174326788615159103e+03 -3.452073823983448260e-03 -7.887106860228667443e-03
1.174342578068466992e+03 -3.458986193555870382e-03 -7.816173942774761949e-03
1.174374108107700067e+03 -3.479148405825522976e-03 -7.662941503704915822e-03
1.174389820567377001e+03 -3.486959761860821804e-03 -7.585342156454635831e-03
1.174405538542907379e+03 -3.495794048231234529e-03 -7.495575780050154659e-03
1.174421243319932273e+03 -3.508096266534669813e-03 -7.400387107927866755e-03
1.174452647511226360e+03 -3.522799822731661080e-03 -7.212187202363091673e-03
1.174468347787741322e+03 -3.529795080756879117e-03 -7.117851927116476164e-03
1.174484046936505138e+03 -3.534630460561542439e-03 -7.026180826780444380e-03
1.174515456144092923e+03 -3.547327917070044762e-03 -6.848391716306352454e-03
1.174531158399419610e+03 -3.553976881816795289e-03 -6.811735848823477837e-03
1.174546873620030738e+03 -3.557986558905309581e-03 -6.787780962773380319e-03
1.174562602987783066e+03 -3.562255359141511951e-03 -6.652875995912197263e-03
1.174594077189024119e+03 -3.565618528303979989e-03 -6.685739731569767010e-03
1.174609837729468381e+03 -3.568018889267798345e-03 -6.847624302676308568e-03
1.174625621745971102e+03 -3.568468436589061765e-03 -7.139057835077999674e-03
1.174641401476282908e+03 -3.566761929949323600e-03 -7.450399959216469185e-03
1.174672929449013736e+03 -3.565485725010314987e-03 -7.727190597823136581e-03
1.174688673001295456e+03 -3.563400419881279906e-03 -8.038743011976910019e-03
1.174704393071237291e+03 -3.560784454446931906e-03 -8.245163160485399073e-03
1.174720098421268403e+03 -3.559197691586198087e-03 -8.253547936438542995e-03
1.174751485035358428e+03 -3.553276007631417811e-03 -8.402531974553970051e-03
1.174767177103047516e+03 -3.550561872712346221e-03 -8.513458040671422616e-03
1.174782868775313318e+03 -3.548216683012245156e-03 -8.632880837016462111e-03
1.174814298208481432e+03 -3.539176654921339597e-03 -8.890854868145491377e-03
1.174830013255681934e+03 -3.534446779193459436e-03 -9.012650922236541129e-03
1.174845759224405811e+03 -3.528573894765778523e-03 -9.139116160885654705e-03
1.174861519008724827e+03 -3.522725577661016665e-03 -9.305670985606645171e-03
1.174893090327278060e+03 -3.509975171714979289e-03 -9.583485207034430492e-03
1.174908867545156454e+03 -3.503525620380061514e-03 -9.693689885079032759e-03
1.174924616562678011e+03 -3.495995491187633107e-03 -9.790256455803883137e-03
1.174940358709547354e+03 -3.490229765889410127e-03 -9.851863716353912587e-03
1.174971782161877172e+03 -3.476424379867091869e-03 -9.890180054211741151e-03
1.174987476094045405e+03 -3.469259772327878012e-03 -9.870260145565842858e-03
1.175003171272937834e+03 -3.462215533959520954e-03 -9.828258783166112997e-03
1.175034565962809893e+03 -3.449929624685428835e-03 -9.718019687223595354e-03
1.175050299864500175e+03 -3.445585715619022948e-03 -9.633808337216168832e-03
1.175066016891476238e+03 -3.437902888201714059e-03 -9.550380842718624724e-03
1.175081678768811798e+03 -3.434386212295141745e-03 -9.459782077503591999e-03
1.175113051444968733e+03 -3.428015871287366442e-03 -9.268262484168010573e-03
1.175128783962015177e+03 -3.426921047043478795e-03 -9.163742457613487796e-03
1.175144552072684746e+03 -3.423245886492282900e-03 -9.053077738012550030e-03
1.175160273068023571e+03 -3.420804080333567001e-03 -8.945826853764092881e-03
1.175191589529776593e+03 -3.419566351273705188e-03 -8.726368403259365109e-03
1.175207216619721294e+03 -3.419089746388744803e-03 -8.622418839583492756e-03
1.175222832713196567e+03 -3.420294455805048591e-03 -8.515275563876828144e-03
1.175254138803593378e+03 -3.425938209075479919e-03 -8.307131078857252909e-03
1.175269816744452100e+03 -3.429211711456209202e-03 -8.202847925466964438e-03
1.175285496393855283e+03 -3.433292837063576988e-03 -8.099178630951419863e-03
1.175301184465456572e+03 -3.440003290280010603e-03 -8.003744522377937917e-03
1.175332664466933466e+03 -3.454721159189158390e-03 -7.870749115831634016e-03
1.175348462795974910e+03 -3.464538379973711429e-03 -7.792740226907218966e-03
1.175364216947067462e+03 -3.471730709831707430e-03 -7.715416545129021898e-03
1.175395678655038637e+03 -3.491995363006014912e-03 -7.560828672880481709e-03
1.175411377097300829e+03 -3.501677101622041859e-03 -7.468741098203243375e-03
1.175427092658311722e+03 -3.508849685435133647e-03 -7.372975429830575141e-03
1.175442793020718682e+03 -3.518776103812296802e-03 -7.278062208974644953e-03
1.175474191691707347e+03 -3.532757468441305795e-03 -7.092074040824960027e-03
1.175489891222067627e+03 -3.538892353268392917e-03 -7.000729443755708201e-03
1.175505595600022389e+03 -3.544101682604275643e-03 -6.911096762846324557e-03
1.175521296825196487e+03 -3.548620447321816033e-03 -6.828399458749456578e-03
1.175552723673873743e+03 -3.558418122685063321e-03 -6.750954455069041460e-03
1.175568456477698646e+03 -3.561753011856688342e-03 -6.625924444738055460e-03
1.175584187773017447e+03 -3.565451922708613372e-03 -6.624480000145982483e-03
1.175615702914770509e+03 -3.567473513523650511e-03 -6.910923001489738260e-03
1.175631495710300442e+03 -3.568373456649581114e-03 -7.247611847581359422e-03
1.175647283655411456e+03 -3.568378506230937032e-03 -7.480718977789630429e-03
1.175663039478515657e+03 -3.566715710917364723e-03 -7.549454078640426349e-03
1.175694523792461041e+03 -3.563553976884595471e-03 -8.122083634317503464e-03
1.175710241774374481e+03 -3.562875101143691148e-03 -8.255532208648091314e-03
1.175725943414923677e+03 -3.560684233557840760e-03 -8.258907031452603770e-03
1.175741635475811108e+03 -3.557744381814551167e-03 -8.326503568804205849e-03
1.175773015149456796e+03 -3.550832402315183198e-03 -8.545725050959610339e-03
1.175788707831789225e+03 -3.547042471963768664e-03 -8.669090463029110669e-03
1.175804421606255119e+03 -3.543081929134257388e-03 -8.800412955922678332e-03
1.175820147596262132e+03 -3.538751902224955906e-03 -8.928997031154713507e-03
1.175851622882637230e+03 -3.528369979481610352e-03 -9.184637342275831645e-03
1.175867384075245582e+03 -3.521647490071333920e-03 -9.356744003896248080e-03
1.175883179986562482e+03 -3.515501904384273069e-03 -9.502834284993608507e-03
1.175914727589710765e+03 -3.501636955754365652e-03 -9.728080790748687076e-03
1.175930473566821092e+03 -3.494688274432751398e-03 -9.814674295788129027e-03
1.175946208900527836e+03 -3.488458906235844450e-03 -9.866837459474257083e-03
1.175961926250812212e+03 -3.482289745767029685e-03 -9.891980840667126060e-03
1.175993321679266728e+03 -3.469502082747338671e-03 -9.863716998918600418e-03
1.176009014798001317e+03 -3.462551003674301658e-03 -9.816438691752664078e-03
1.176024706848014148e+03 -3.456175147820158590e-03 -9.767971883335259398e-03
1.176040413064135919e+03 -3.449845904898408804e-03 -9.696139427270052125e-03
1.176071850918122664e+03 -3.438966589852613265e-03 -9.529440040359481515e-03
1.176087511366592253e+03 -3.435078554356840643e-03 -9.438472784175816130e-03
1.176103195477434156e+03 -3.429521957925899239e-03 -9.343547822714154405e-03
1.176134659350316497e+03 -3.424434850582640417e-03 -9.137440246987265854e-03
1.176150416353343189e+03 -3.423357082915428132e-03 -9.028917248440663026e-03
1.176166118000636743e+03 -3.419586497847032763e-03 -8.919404066980099119e-03
1.176181764655878851e+03 -3.420058275740269285e-03 -8.807246602813146100e-03
1.176213034702536561e+03 -3.420792320746736219e-03 -8.595835167096227067e-03
1.176228659618881238e+03 -3.422570730690892987e-03 -8.488605202932925434e-03
1.176244311542806145e+03 -3.424928222138727812e-03 -8.385605969694212916e-03
1.176275661707677273e+03 -3.431356013931635349e-03 -8.175290472420002411e-03
1.176291340886056787e+03 -3.435911674493964847e-03 -8.073080523070352496e-03
1.176307036312915443e+03 -3.442227063937524506e-03 -7.983737278008383106e-03
1.176322769707201132e+03 -3.448130626843086324e-03 -7.916329654834828450e-03
1.176354345064516565e+03 -3.466885555659298800e-03 -7.771815195249282514e-03
1.176370087364285837e+03 -3.476472209992876802e-03 -7.698021850156199983e-03
1.176385810226755211e+03 -3.484733393684821129e-03 -7.623913731797263803e-03
1.176401533235156649e+03 -3.494969580762671141e-03 -7.537913606314386103e-03
1.176432940528902918e+03 -3.512719657783499629e-03 -7.347765527376251202e-03
1.176448636769897803e+03 -3.521450856008591888e-03 -7.254113346796134745e-03
1.176464339067479159e+03 -3.527425565774722042e-03 -7.161477884441345108e-03
1.176480037187724292e+03 -3.534664494685707623e-03 -7.066792507696046353e-03
1.176511447845557768e+03 -3.547128003184330924e-03 -6.886445226286264619e-03
1.176527148730860745e+03 -3.551791410452147420e-03 -6.818095068672203052e-03
1.176542854424382313e+03 -3.556727780198162565e-03 -6.819495543374017726e-03
1.176574311573242312e+03 -3.562682255716433880e-03 -6.613767099551057932e-03
1.176590052829601291e+03 -3.566493668207338427e-03 -6.643364135896061458e-03
1.176605815084845062e+03 -3.566512144064165092e-03 -6.758619477574129113e-03
1.176621582281977680e+03 -3.568532049139652544e-03 -6.989327698798017754e-03
1.176653159859691186e+03 -3.567082688326159157e-03 -7.493319319444200280e-03
1.176668909580977925e+03 -3.565941212288014847e-03 -7.602977395751012168e-03
1.176684650394245182e+03 -3.564860532251982062e-03 -7.900565430930282795e-03
1.176700377143408105e+03 -3.563123958909235941e-03 -8.185218878752783395e-03
1.176731785456505122e+03 -3.558460748080439009e-03 -8.269066131489520924e-03
1.176747479568303334e+03 -3.557383830995937760e-03 -8.352870676547581932e-03
1.176763171499548662e+03 -3.555120294987982547e-03 -8.464561920203858211e-03
1.176794560850315065e+03 -3.547424231465933636e-03 -8.706273314173779490e-03
1.176810280343554041e+03 -3.544576284398116405e-03 -8.839927867557915292e-03
1.176825999001388254e+03 -3.537088922611193037e-03 -8.966085573585184931e-03
1.176841734769084042e+03 -3.532471433168584037e-03 -9.085385591602358757e-03
1.176873266438079781e+03 -3.520424160512625623e-03 -9.407186041196004614e-03
1.176889057960761193e+03 -3.513309287417226354e-03 -9.544172258490165109e-03
1.176904846392354102e+03 -3.505961878644462456e-03 -9.656942486504586573e-03
1.176920596335239679e+03 -3.501456653791886094e-03 -9.764943744717312010e-03
1.176952062774599653e+03 -3.486710639774385449e-03 -9.885984156118606328e-03
1.176967772810667384e+03 -3.479598963532215365e-03 -9.903464129798590990e-03
1.176983468100655273e+03 -3.472733869248505623e-03 -9.894639305392064280e-03
1.177014859051578696e+03 -3.461674889934982999e-03 -9.812552604986882199e-03
1.177030554128386711e+03 -3.455926562701255172e-03 -9.762145153199060926e-03
1.177046274908913347e+03 -3.449273725837486131e-03 -9.682696065593219409e-03
1.177062006261228817e+03 -3.444595735455946092e-03 -9.602033674166518887e-03
1.177093350878586762e+03 -3.432843094266051220e-03 -9.422172727736825154e-03
1.177109051293614129e+03 -3.430575662730679307e-03 -9.326501245577215743e-03
1.177124762810746688e+03 -3.428411939997344851e-03 -9.225864828534111398e-03
1.177140537715873279e+03 -3.425244167624437366e-03 -9.115559015200058735e-03
1.177171956705186403e+03 -3.420741685503542531e-03 -8.895731542170470449e-03
1.177187607379253450e+03 -3.420547582431211677e-03 -8.785029699364805406e-03
1.177203238219366995e+03 -3.418368729572970801e-03 -8.681304863584820772e-03
1.177234490036657462e+03 -3.421379737887253469e-03 -8.468221746804253589e-03
1.177250151209653723e+03 -3.423709325261648385e-03 -8.362424748001891575e-03
1.177265829342916277e+03 -3.427637683625764375e-03 -8.258175729873517071e-03
1.177281510204049027e+03 -3.433009375854905679e-03 -8.152258909280334087e-03
1.177312900287388402e+03 -3.445474687355231345e-03 -7.968460475695918546e-03
1.177328647790560581e+03 -3.451272749471759847e-03 -7.906532356608696535e-03
1.177344438741443128e+03 -3.458435334860985883e-03 -7.837561142630414257e-03
1.177360213943435610e+03 -3.468572450120284423e-03 -7.755110801638534154e-03
1.177391672053758839e+03 -3.485926592811312494e-03 -7.606386891019349152e-03
1.177407382431523047e+03 -3.495068919761117575e-03 -7.517163823647405804e-03
1.177423089636359691e+03 -3.505586693760222652e-03 -7.422495227868345161e-03
1.177454489212564340e+03 -3.520352491164630698e-03 -7.233597345614882664e-03
1.177470187613845383e+03 -3.528547831203049465e-03 -7.139804045638208085e-03
1.177485887293530141e+03 -3.533602225934653635e-03 -7.047667419196265021e-03
1.177501592744953314e+03 -3.538858070205126629e-03 -6.955637774986215584e-03
1.177533000169047909e+03 -3.551608366455222873e-03 -6.821282585911470076e-03
1.177548716497465421e+03 -3.556916223789414327e-03 -6.807179041366734698e-03
1.177564450383686790e+03 -3.559759603094029157e-03 -6.674572132132278353e-03
1.177580173350567065e+03 -3.562764254027561955e-03 -6.615793091170277945e-03
1.177611688186042329e+03 -3.566817616951684089e-03 -6.809749603430921908e-03
1.177627475724744045e+03 -3.568345061754912059e-03 -7.086065278856850704e-03
1.177643256223953131e+03 -3.566851847043004536e-03 -7.433677551586237268e-03
1.177674777457160189e+03 -3.564247940952409294e-03 -7.679138484920832071e-03
1.177690518532757096e+03 -3.564084315116077678e-03 -7.989222371178611101e-03
1.177706239866193755e+03 -3.561282074294699548e-03 -8.231452480682481879e-03
1.177721941482499233e+03 -3.559986758999060443e-03 -8.257941288476513056e-03
1.177753326958099251e+03 -3.554070396115784590e-03 -8.382437539798079026e-03
1.177769018185939785e+03 -3.550941156073485032e-03 -8.497557823400413157e-03
1.177784710419001385e+03 -3.548187552487896100e-03 -8.618327731751588422e-03
1.177800417347139955e+03 -3.545669338344947970e-03 -8.745647954537440899e-03
1.177831860419704981e+03 -3.535679373558611900e-03 -9.001414045036274306e-03
1.177847608821669382e+03 -3.530723882959983274e-03 -9.128131148165125400e-03
1.177863367824281113e+03 -3.523343374497193634e-03 -9.292227310883437175e-03
1.177894944902105181e+03 -3.511725473165803243e-03 -9.582357238955410694e-03
1.177910714715867471e+03 -3.505545177281100492e-03 -9.700283460496457455e-03
1.177926463664813127e+03 -3.496802775331340173e-03 -9.800746822081370796e-03
1.177942203558694928e+03 -3.491712265902002354e-03 -9.867423585166804068e-03
1.177973625430606262e+03 -3.478137315972361625e-03 -9.915607583337373090e-03
1.177989318220440964e+03 -3.471471069025204234e-03 -9.899221692685557933e-03
1.178005012623654238e+03 -3.464358404111254289e-03 -9.860112498439748546e-03
1.178020706311935101e+03 -3.457402244787019258e-03 -9.812976594925333987e-03
1.178052139564949357e+03 -3.446151971780686031e-03 -9.672229888376824430e-03
1.178067857210449347e+03 -3.439282377070842101e-03 -9.589877475985573996e-03
1.178083527907149573e+03 -3.435395923459341923e-03 -9.500829614374399143e-03
1.178114907667454418e+03 -3.427812660286712158e-03 -9.310523137364728335e-03
1.178130644277145848e+03 -3.426905071227265894e-03 -9.206032145854808543e-03
1.178146416502743477e+03 -3.423558533547499741e-03 -9.096324093773335701e-03
1.178162133926943170e+03 -3.419641611519958976e-03 -8.986440769149887930e-03
1.178193447624653800e+03 -3.420618049342332573e-03 -8.764875360463797796e-03
1.178209071181620402e+03 -3.419682801787388496e-03 -8.660190068516645384e-03
1.178224691767132981e+03 -3.419843228958086099e-03 -8.551530324542803985e-03
1.178240333870898439e+03 -3.421407525503857450e-03 -8.447276996837005392e-03
1.178271680409305873e+03 -3.427454579511037165e-03 -8.234830199665671424e-03
1.178287363047951885e+03 -3.431074587689473578e-03 -8.130122882023426562e-03
1.178303055954246020e+03 -3.436101685169130632e-03 -8.033857890097258203e-03
1.178334541377383857e+03 -3.451800879187006277e-03 -7.896494533866083715e-03
1.178350338406973151e+03 -3.460728379514411372e-03 -7.819663853745094720e-03
1.178366087689524420e+03 -3.467950007302346253e-03 -7.741099655317707634e-03
1.178381825551275369e+03 -3.478675518219030705e-03 -7.668584331930725952e-03
1.178413237617244476e+03 -3.496074982291145616e-03 -7.496049753871290335e-03
1.178428951543632593e+03 -3.504874676669615576e-03 -7.400711994680822005e-03
1.178444648733865733e+03 -3.513277374728915846e-03 -7.305697035642348333e-03
1.178460349228965015e+03 -3.523436189361788852e-03 -7.212946673650421497e-03
1.178491749784851891e+03 -3.534622527581941526e-03 -7.026346663445463651e-03
1.178507453567465518e+03 -3.540291421701443394e-03 -6.935874598465294541e-03
1.178523154358958436e+03 -3.544883402566934190e-03 -6.848750695748456047e-03
1.178554584759324825e+03 -3.554097697073006074e-03 -6.780299158262097919e-03
1.178570318052643870e+03 -3.558299756041419584e-03 -6.648987857088972143e-03
1.178586051412662982e+03 -3.562152048774666017e-03 -6.626973012858516747e-03
1.178601808497714501e+03 -3.563494496969898777e-03 -6.701888323645007091e-03
1.178633363527151232e+03 -3.564559364312050709e-03 -7.196610998062778243e-03
1.178649154221029903e+03 -3.565510055468908146e-03 -7.484860258742264891e-03
1.178664904406298092e+03 -3.562498854445163374e-03 -7.530440415241975577e-03
1.178680649890413406e+03 -3.561433809782431782e-03 -7.764265294343894973e-03
1.178712101026349728e+03 -3.559284211105635809e-03 -8.257003568625964629e-03
1.178727799106918837e+03 -3.558455253604920349e-03 -8.264027306840541001e-03
1.178743495058086637e+03 -3.555854510982833089e-03 -8.315307716598262580e-03
1.178774874125320139e+03 -3.549325500695864853e-03 -8.534038724787536279e-03
1.178790567205658817e+03 -3.545835239164202551e-03 -8.655237501895078969e-03
1.178806283598047003e+03 -3.541495711685786665e-03 -8.785215990841081790e-03
1.178822007806719284e+03 -3.537074006668722726e-03 -8.914325108084965310e-03
1.178853489064475070e+03 -3.525325908765072035e-03 -9.174405226697967750e-03
1.178869251179714411e+03 -3.520697131540998729e-03 -9.345760301757571886e-03
1.178885047181748178e+03 -3.513845216613641770e-03 -9.497870331229226609e-03
1.178900839994957096e+03 -3.508730559208421591e-03 -9.619461388426007661e-03
1.178932336771757264e+03 -3.494082173282998111e-03 -9.828719778569654578e-03
1.178948068659115052e+03 -3.487429301137847087e-03 -9.886015314786403274e-03
1.178963784641986422e+03 -3.480252568589253456e-03 -9.915557947492784074e-03
1.178995176750616565e+03 -3.469026156227445964e-03 -9.894453989636082386e-03
1.179010873408999714e+03 -3.462317175916107114e-03 -9.848723905398183709e-03
1.179026565482485694e+03 -3.455674401277195225e-03 -9.803490339038354456e-03
1.179042268667223198e+03 -3.449278247446336924e-03 -9.732092481570663034e-03
1.179073708332394517e+03 -3.437055182333803496e-03 -9.568410647250726389e-03
1.179089377803922389e+03 -3.433620645401216486e-03 -9.477810440531114766e-03
1.179105072402071073e+03 -3.426401699409941781e-03 -9.383146570378520651e-03
1.179120772472693034e+03 -3.426424021247197541e-03 -9.285459293328969868e-03
1.179152292223991253e+03 -3.421820789096011953e-03 -9.067986385824646639e-03
1.179167993365669417e+03 -3.418372879532150920e-03 -8.956777682493441070e-03
1.179183637755269956e+03 -3.418468741681710867e-03 -8.843238775786341210e-03
1.179214902504398196e+03 -3.417957863875447418e-03 -8.630868633633187459e-03
1.179230529878558173e+03 -3.418323081019318879e-03 -8.521352765881900701e-03
1.179246184326146931e+03 -3.421376315586668188e-03 -8.416563266777019048e-03
1.179261859695371186e+03 -3.424652297895072143e-03 -8.311055928002818172e-03
1.179293223796477378e+03 -3.431545647496925255e-03 -8.101797642969034777e-03
1.179308921947516410e+03 -3.438106747516659917e-03 -8.009877245835031467e-03
1.179324657378916072e+03 -3.444109655761860064e-03 -7.938522648401028989e-03
1.179340436427532040e+03 -3.451047426237305923e-03 -7.877823603228639726e-03
1.179371974930385704e+03 -3.470295568594902909e-03 -7.719925750984032650e-03
1.179387690443766360e+03 -3.477681152883400646e-03 -7.646863437546987628e-03
1.179403408347819550e+03 -3.487216989273572796e-03 -7.561524630632348448e-03
1.179434811210168618e+03 -3.505987388718094944e-03 -7.372744844749640550e-03
1.179450505439134531e+03 -3.515245179194959827e-03 -7.278393487335856754e-03
1.179466207113113114e+03 -3.520945283390307899e-03 -7.185833829905124634e-03
1.179481905891577753e+03 -3.527031596684710238e-03 -7.091375328266140421e-03
1.179513315645055627e+03 -3.541018616735029743e-03 -6.908013919513371001e-03
1.179529020118997323e+03 -3.546692176724224824e-03 -6.833539409912173235e-03
1.179544729551092360e+03 -3.550982405186845717e-03 -6.832580181442833404e-03
1.179560459145188133e+03 -3.556259159113393017e-03 -6.737540783970224004e-03
1.179591931723274001e+03 -3.560327996867809069e-03 -6.639092119988744718e-03
1.179607693418816325e+03 -3.562319478450954625e-03 -6.734649493936943968e-03
1.179623469812821895e+03 -3.563262213235454234e-03 -6.943683163352213673e-03
1.179655038690153106e+03 -3.561037942635832208e-03 -7.501888870086953834e-03
1.179670786313884264e+03 -3.562415019660902446e-03 -7.573373228181026588e-03
1.179686527899144039e+03 -3.560181666102216289e-03 -7.853383220240000087e-03
1.179702251325086991e+03 -3.558376210343789509e-03 -8.150199163630666641e-03
1.179733655593405274e+03 -3.553947376619574078e-03 -8.269475241946577446e-03
1.179749349958688072e+03 -3.552408685146299025e-03 -8.337438285271015978e-03
1.179765042120973021e+03 -3.550737083954539058e-03 -8.449968208013896448e-03
1.179780733432665102e+03 -3.548226056781996016e-03 -8.569372005094682068e-03
1.179812156249018471e+03 -3.541022708459777395e-03 -8.820184734827098486e-03
1.179827872707357756e+03 -3.534255466898219775e-03 -8.948264910138765613e-03
1.179843613190744691e+03 -3.529001122369626944e-03 -9.068412658118200215e-03
1.179875153730675947e+03 -3.517833323532936277e-03 -9.394990068899645302e-03
1.179890939265420002e+03 -3.510731123986393209e-03 -9.533439868332823502e-03
1.179906723787504689e+03 -3.503583289029903527e-03 -9.654157991932371327e-03
1.179922472382059141e+03 -3.498806442630250733e-03 -9.770029780354291121e-03
1.179953937536578906e+03 -3.484107350143273926e-03 -9.898523597486856215e-03
1.179969643754825711e+03 -3.477976758825704773e-03 -9.919677828722569743e-03
1.179985338138731322e+03 -3.470728786033228704e-03 -9.913263719427013038e-03
1.180001033776691429e+03 -3.464257897705794783e-03 -9.884192400433960274e-03
1.180032423446849862e+03 -3.453268782362420297e-03 -9.789427608593612856e-03
1.180048143063939960e+03 -3.447330134027042688e-03 -9.710389487744552905e-03
1.180063878021332812e+03 -3.440616012155007977e-03 -9.631861426462532197e-03
1.180095235513433636e+03 -3.430328473234296217e-03 -9.453819248745814335e-03
1.180110938550271158e+03 -3.428456703941064592e-03 -9.358603245822614061e-03
1.180126654156485756e+03 -3.426445722389302641e-03 -9.257775594304120878e-03
1.180142429218802135e+03 -3.422582768212043859e-03 -9.148378235352796692e-03
1.180173842901061107e+03 -3.418629094332388974e-03 -8.925488723328598925e-03
1.180189496168135747e+03 -3.417737939420318130e-03 -8.813621268774286463e-03
1.180205123759891194e+03 -3.416127151221737095e-03 -8.708890068901482123e-03
1.180220738243499454e+03 -3.416980992789293067e-03 -8.599338627369005478e-03
1.180252037962090753e+03 -3.420567695159650121e-03 -8.386193176133167199e-03
1.180267717384831940e+03 -3.423030854692646601e-03 -8.280737693122189672e-03
1.180283401122239638e+03 -3.427241740913452694e-03 -8.174452858179711776e-03
1.180314799935980773e+03 -3.440627166161188463e-03 -7.986432505875962554e-03
1.180330548970494874e+03 -3.445682354926241000e-03 -7.922955645727612628e-03
1.180346341930400285e+03 -3.453499206158675266e-03 -7.855242034531343190e-03
1.180362109387866894e+03 -3.461521180156051924e-03 -7.771711062117297140e-03
1.180393566248827028e+03 -3.480422915700014021e-03 -7.622768034800988732e-03
1.180409267610872803e+03 -3.490173763104256494e-03 -7.534309349879854574e-03
1.180424976778658220e+03 -3.497970258744651992e-03 -7.440082653965918516e-03
1.180440675108173764e+03 -3.508269997053685332e-03 -7.344681345340402581e-03
1.180472069568973438e+03 -3.522544569850867297e-03 -7.158152231369485294e-03
1.180487769340323439e+03 -3.528269664454932592e-03 -7.065281110906596919e-03
1.180503474829037259e+03 -3.533609323882220144e-03 -6.972370997010484024e-03
1.180534882943241882e+03 -3.544577926491633991e-03 -6.830235146552982896e-03
1.180550602449263124e+03 -3.550799595840659680e-03 -6.821595902524228705e-03
1.180566336216151967e+03 -3.553386715054741504e-03 -6.694295274354784830e-03
1.180582063660471022e+03 -3.557398624396722071e-03 -6.620934654444863947e-03
1.180613580417481444e+03 -3.560841705394432455e-03 -6.773905195652733802e-03
1.180629371680585791e+03 -3.562854958680798656e-03 -7.032321273274949776e-03
1.180645154163130201e+03 -3.562294643753279120e-03 -7.405411266978237025e-03
1.180660917951426654e+03 -3.561960660030983293e-03 -7.503526217624147815e-03
1.180692404644650878e+03 -3.559302770613261002e-03 -7.942770122577541905e-03
1.180708126130432902e+03 -3.558050811577939503e-03 -8.207222255247177689e-03
1.180723826420068690e+03 -3.556012053738236405e-03 -8.264132467587911521e-03
1.180755210361191985e+03 -3.550680693036553127e-03 -8.365684093302065694e-03
1.180770900749641669e+03 -3.547415844413626639e-03 -8.482870552471712469e-03
1.180786593299868400e+03 -3.544216324542315971e-03 -8.602816095786084902e-03
1.180802303818496057e+03 -3.541475360600310554e-03 -8.726728017157294251e-03
1.180833751294550666e+03 -3.532354208076311525e-03 -8.980329008416347916e-03
1.180849500280591428e+03 -3.528335205115743032e-03 -9.101057256403224244e-03
1.180865259312946137e+03 -3.520144123038663683e-03 -9.270507288851440042e-03
1.180881053448851389e+03 -3.515366372241018195e-03 -9.440631876621563209e-03
1.180912604453971426e+03 -3.502276930201865968e-03 -9.689278122677743785e-03
1.180928352401143911e+03 -3.494105568037217478e-03 -9.797778729491458602e-03
1.180944090630080836e+03 -3.488809829240945275e-03 -9.869193949922482750e-03
1.180975510768513686e+03 -3.476172819426455105e-03 -9.922862758807330513e-03
1.180991203473367250e+03 -3.469425142832223419e-03 -9.909847453465455563e-03
1.181006896460297867e+03 -3.462624401487317434e-03 -9.873682242737224363e-03
1.181022589506352460e+03 -3.455697497310410496e-03 -9.829478177632149441e-03
1.181054022951225079e+03 -3.443269850925416171e-03 -9.692305819746173737e-03
1.181069741197000212e+03 -3.437721428505838804e-03 -9.612420801029404258e-03
1.181085418762163499e+03 -3.433278344303918386e-03 -9.524188459310519578e-03
1.181101105350786156e+03 -3.430078106694959758e-03 -9.431804649380729974e-03
1.181132548855890946e+03 -3.423147334416025769e-03 -9.231259430944473154e-03
1.181148323553850332e+03 -3.421420255312835213e-03 -9.122484700511166583e-03
1.181164037117567887e+03 -3.417106161816357672e-03 -9.011433710587041582e-03
1.181195344165174674e+03 -3.419694797127466063e-03 -8.786806237649043977e-03
1.181210965573498925e+03 -3.417751774168412224e-03 -8.680482487532503733e-03
1.181226587520706062e+03 -3.418541097441814801e-03 -8.570652314835258342e-03
1.181242234915763902e+03 -3.418864487349430100e-03 -8.464656760029394544e-03
1.181273582441928056e+03 -3.424365351911765748e-03 -8.250331794182878820e-03
1.181289266809639685e+03 -3.427929819085405103e-03 -8.144983473421942011e-03
1.181304963340141512e+03 -3.432569964765707759e-03 -8.048588807426097086e-03
1.181320685997807004e+03 -3.438072082792679746e-03 -7.966670511683095549e-03
1.181352252188206194e+03 -3.455804817732618852e-03 -7.831232134600008693e-03
1.181367997394724171e+03 -3.463924096608013425e-03 -7.751336823712471659e-03
1.181383728475086400e+03 -3.473542855056877768e-03 -7.679325008631922300e-03
1.181415137318414054e+03 -3.490197707164219548e-03 -7.507412938481681890e-03
1.181430846830203109e+03 -3.500439287176259056e-03 -7.412949091378172664e-03
1.181446540932393646e+03 -3.508402669280543187e-03 -7.317777924402639640e-03
1.181462242237495047e+03 -3.517202895246289516e-03 -7.224577394691311140e-03
1.181493644171968072e+03 -3.530579749796656022e-03 -7.037348344542056038e-03
1.181509349697865446e+03 -3.535855227299610198e-03 -6.946242334038602376e-03
1.181525049779258779e+03 -3.540906310524598571e-03 -6.857558819763675054e-03
1.181540755751328788e+03 -3.546028017092046642e-03 -6.835293880703405267e-03
1.181572215886982576e+03 -3.553933402281461620e-03 -6.659684423545961240e-03
1.181587952721023385e+03 -3.558165765878607348e-03 -6.623574191737193959e-03
1.181603713112163632e+03 -3.557935239868916313e-03 -6.679411118360582302e-03
1.181635269105714315e+03 -3.560507291684269701e-03 -7.138594792650715740e-03
1.181651058548743094e+03 -3.561515647397357851e-03 -7.471644881454338714e-03
1.181666807428615357e+03 -3.558538360908042580e-03 -7.514473435467140458e-03
1.181682550693591111e+03 -3.558379915759759659e-03 -7.715821904332389666e-03
1.181713996603188662e+03 -3.554938369390721678e-03 -8.243020060772482741e-03
1.181729693326791903e+03 -3.554607582704190447e-03 -8.265766073789366022e-03
1.181745387663071142e+03 -3.553192534243749222e-03 -8.298514058244591332e-03
1.181761081973881574e+03 -3.550354323547061028e-03 -8.397574136984621226e-03
1.181792464841157425e+03 -3.543723888181320950e-03 -8.636978750382374309e-03
1.181808183732570342e+03 -3.539928155652534176e-03 -8.765144330062342795e-03
1.181823904942362788e+03 -3.534226288384024247e-03 -8.893713537156597987e-03
1.181855394557459476e+03 -3.522923181193059108e-03 -9.141143823449521255e-03
1.181871158467144596e+03 -3.518578184591408635e-03 -9.320812986771060196e-03
1.181886953815764855e+03 -3.511473147802092378e-03 -9.479251017693802323e-03
1.181902744973206154e+03 -3.505574364561520311e-03 -9.597705061623744080e-03
1.181934238567404009e+03 -3.492500760040986689e-03 -9.820863049087981064e-03
1.181949966641990386e+03 -3.485695143588084591e-03 -9.884064416403553696e-03
1.181965680160123611e+03 -3.478221185022436698e-03 -9.916721208400539750e-03
1.181981375981845758e+03 -3.472422796256990213e-03 -9.921424272564186367e-03
1.182012766288749845e+03 -3.461391129660774165e-03 -9.860454619580431498e-03
1.182028462394643384e+03 -3.454596310328380496e-03 -9.819894353446222829e-03
1.182044165068878328e+03 -3.447789554734001505e-03 -9.750387190735369455e-03
1.182075603628549970e+03 -3.435096406867453687e-03 -9.591129328950500840e-03
1.182091284532332338e+03 -3.431235078557073100e-03 -9.502003868612178897e-03
1.182106985109706102e+03 -3.425419681320405335e-03 -9.409016332653188930e-03
1.182122686096556890e+03 -3.424692702408080065e-03 -9.311718945827550040e-03
1.182154209096949444e+03 -3.420046487507201645e-03 -9.094314404332923957e-03
1.182169908210145195e+03 -3.417297378799360498e-03 -8.982051391230334164e-03
1.182185552784224001e+03 -3.417191021983511344e-03 -8.866599156992404501e-03
1.182201192182745444e+03 -3.414498613616372309e-03 -8.760235700365735789e-03
1.182232440477609998e+03 -3.415460377190940745e-03 -8.541232762016391991e-03
1.182248097939947456e+03 -3.417715977007836168e-03 -8.434072817573742137e-03
1.182263774589705918e+03 -3.421719896105014560e-03 -8.327984347388600606e-03
1.182295147095738685e+03 -3.428450686345843428e-03 -8.116699338008390163e-03
1.182310847573371348e+03 -3.435246619740157069e-03 -8.023524558637196158e-03
1.182326585367207144e+03 -3.440693201953888818e-03 -7.949219787275630528e-03
1.182342365189966131e+03 -3.446280129457585627e-03 -7.888981894432694347e-03
1.182373901478064226e+03 -3.465218424238978093e-03 -7.730172751528637497e-03
1.182389610140160812e+03 -3.472709229769452201e-03 -7.658050237903779589e-03
1.182405322812216127e+03 -3.481507067310714732e-03 -7.572819147056543757e-03
1.182421021299260929e+03 -3.493555542256887581e-03 -7.480713047543156857e-03
1.182452414166790277e+03 -3.509028977357986183e-03 -7.291447120216145578e-03
1.182468114556312457e+03 -3.516234395888470469e-03 -7.198133719023272134e-03
1.182483813377894876e+03 -3.521581667547531332e-03 -7.105012918874699379e-03
1.182515224760240699e+03 -3.535185221991161714e-03 -6.919074362976672908e-03
1.182530928217556948e+03 -3.542243153790079237e-03 -6.842209284099656265e-03
1.182546644460731386e+03 -3.546604929691933323e-03 -6.839830484260683505e-03
1.182562374737559139e+03 -3.551450932745795798e-03 -6.753020927811326235e-03
1.182593851133128510e+03 -3.555732939465957535e-03 -6.632381512238639219e-03
1.182609612730266235e+03 -3.558811198567571072e-03 -6.706270121847436073e-03
1.182625397057133341e+03 -3.559733510027377791e-03 -6.889115529568569894e-03
1.182641176063114244e+03 -3.558663885300077274e-03 -7.256475180174894180e-03
1.182672702266933129e+03 -3.558643346945493825e-03 -7.544273006605155436e-03
1.182688445595456642e+03 -3.556890554470837351e-03 -7.800627893495361981e-03
1.182704165629867020e+03 -3.554865725927775725e-03 -8.101755418953804355e-03
1.182735565560579289e+03 -3.551331293865935511e-03 -8.267811253343328864e-03
1.182751259496127204e+03 -3.548994113086471804e-03 -8.319462806937556396e-03
1.182766951774632844e+03 -3.546846862264513463e-03 -8.430906932669013365e-03
1.182782643482027879e+03 -3.545034493168712757e-03 -8.551438539453079177e-03
1.182814072349417074e+03 -3.536913110068103973e-03 -8.803745667437058720e-03
1.182829787030184661e+03 -3.532343069833669517e-03 -8.930161353144897701e-03
1.182845532522927670e+03 -3.526808872206255337e-03 -9.042614039939604609e-03
1.182861292071251910e+03 -3.521436932811873501e-03 -9.188156778113798495e-03
1.182892862041493345e+03 -3.509158057040574156e-03 -9.514059181518900662e-03
1.182908640366128793e+03 -3.502909819234413177e-03 -9.633602157584181605e-03
1.182924389658117207e+03 -3.495911734128067348e-03 -9.754106492918933335e-03
1.182940132289504845e+03 -3.490234389079882506e-03 -9.841390577808929382e-03
1.182971555159473155e+03 -3.476815847010337589e-03 -9.920706714849914995e-03
1.182987248850211699e+03 -3.469746996615414875e-03 -9.916861805032713140e-03
1.183002943784165836e+03 -3.462832263692931529e-03 -9.892274726084383102e-03
1.183034333278217900e+03 -3.450803559449658591e-03 -9.804179448928538113e-03
1.183050052825423791e+03 -3.445732676790123905e-03 -9.727253798931329021e-03
1.183065787346404022e+03 -3.437909452707312453e-03 -9.652892785472644982e-03
1.183081473793671421e+03 -3.433620734069828002e-03 -9.568119870798448903e-03
1.183112865886614145e+03 -3.425796728934581582e-03 -9.384729360869845799e-03
1.183128590278204229e+03 -3.424032325522266291e-03 -9.283970254136306513e-03
1.183144365652920442e+03 -3.420445322514947296e-03 -9.176301701056824994e-03
1.183160099159582387e+03 -3.417611808530181695e-03 -9.066178940397138022e-03
1.183191424689060113e+03 -3.415808369188875863e-03 -8.837309527279220076e-03
1.183207052580411300e+03 -3.414568983796772983e-03 -8.732033728280524584e-03
1.183222666200912727e+03 -3.414464641452937942e-03 -8.621131038736087882e-03
1.183253970275476377e+03 -3.417942915458421511e-03 -8.404503988046492513e-03
1.183269650487146009e+03 -3.419852669598231164e-03 -8.297431524903545186e-03
1.183285336797642003e+03 -3.422627181397204250e-03 -8.190532702507644439e-03
1.183301031552116456e+03 -3.428308945219532122e-03 -8.089631069662647084e-03
1.183332497834914648e+03 -3.440499521154883646e-03 -7.933345020208124737e-03
1.183348290033987041e+03 -3.448890976443879774e-03 -7.867135535587233344e-03
1.183364051351960825e+03 -3.455654589345753900e-03 -7.783816990109515901e-03
1.183395506779546849e+03 -3.474904078636359590e-03 -7.634544000368751956e-03
1.183411199553069764e+03 -3.484460267418392106e-03 -7.546407922739710797e-03
1.183426908167063402e+03 -3.491651493911578866e-03 -7.453792187480766905e-03
1.183442601659817910e+03 -3.501869732394190336e-03 -7.358600911825412781e-03
1.183473997825562265e+03 -3.516556598540035786e-03 -7.171966277879721942e-03
1.183489697096224063e+03 -3.523023986230620734e-03 -7.077933673951995568e-03
1.183505402909218674e+03 -3.528783441311523529e-03 -6.984124747832293027e-03
1.183521105948218974e+03 -3.533758154815138698e-03 -6.891418669539405538e-03
1.183552534931244281e+03 -3.544536377936008051e-03 -6.832335642604380442e-03
1.183568269328188308e+03 -3.548418303836859550e-03 -6.709920684170197352e-03
1.183584001527640567e+03 -3.552533124222263632e-03 -6.624825857694424149e-03
1.183615518911004528e+03 -3.555831115145643637e-03 -6.738257477207501046e-03
1.183631311372714208e+03 -3.557373302225315913e-03 -6.970268100910633098e-03
1.183647098156524862e+03 -3.557841718548265982e-03 -7.367323036981046104e-03
1.183662853072724829e+03 -3.556834618920822182e-03 -7.502077629696150482e-03
1.183694336918058980e+03 -3.554691531487532384e-03 -7.887749425063126513e-03
1.183710054861574008e+03 -3.554618124642424260e-03 -8.165008763951852808e-03
1.183725757108540392e+03 -3.552887079318535046e-03 -8.267733515097710345e-03
1.183741449389599438e+03 -3.550588210423608147e-03 -8.275576693906412998e-03
1.183772829885271449e+03 -3.544609653827876603e-03 -8.464726364646221746e-03
1.183788522597815017e+03 -3.541285534049127756e-03 -8.584579600745649575e-03
1.183804236339889940e+03 -3.537833289080056544e-03 -8.711666173793333745e-03
1.183835685612227735e+03 -3.529853218051187246e-03 -8.966782360031960372e-03
1.183851436551614825e+03 -3.524479516433716604e-03 -9.079686742010593600e-03
1.183867197171581665e+03 -3.517845321972822882e-03 -9.242582266296510071e-03
1.183882992575275239e+03 -3.512153859885456305e-03 -9.423507403082202402e-03
1.183914540681148992e+03 -3.498897683141412307e-03 -9.675126644017836494e-03
1.183930286946497745e+03 -3.492090566563842494e-03 -9.788047149525302970e-03
1.183946022483775323e+03 -3.486196966350397271e-03 -9.866251579683934028e-03
1.183961739624608526e+03 -3.480323837810853256e-03 -9.912461729446571737e-03
1.183993134495093273e+03 -3.467679201739532185e-03 -9.919024980094221303e-03
1.184008826991162096e+03 -3.460857414946589584e-03 -9.885731391522800324e-03
1.184024518800144051e+03 -3.454314144188814096e-03 -9.846023655052571835e-03
1.184040215524606765e+03 -3.448099467189696694e-03 -9.788811287319263560e-03
1.184071669545494615e+03 -3.436012596606966094e-03 -9.636652488275552694e-03
1.184087357061605871e+03 -3.431656515762293927e-03 -9.550335961125793610e-03
1.184103055806714565e+03 -3.425348647215838583e-03 -9.459503529136851704e-03
1.184134507342734423e+03 -3.419859034080114952e-03 -9.260377395836181733e-03
1.184150277933862299e+03 -3.418651521234210289e-03 -9.152492574221366556e-03
1.184165990437444634e+03 -3.414673121070982680e-03 -9.040647193033679932e-03
1.184181641931507329e+03 -3.413979115485338018e-03 -8.923841763286399428e-03
1.184212912767426360e+03 -3.413699013739246793e-03 -8.706647614753438777e-03
1.184228534979731648e+03 -3.414347865699377503e-03 -8.594529742413054701e-03
1.184244185714183686e+03 -3.415418087501546299e-03 -8.486747551919363725e-03
1.184275539128086393e+03 -3.419296036008582021e-03 -8.270208860208148882e-03
1.184291226172747429e+03 -3.422652176024742945e-03 -8.164750012593724807e-03
1.184306926768533913e+03 -3.427671383466962367e-03 -8.067428129592804989e-03
1.184322654122934182e+03 -3.432339357528508932e-03 -7.981430555789380960e-03
1.184354219972350393e+03 -3.448550750203204559e-03 -7.847304331843855604e-03
1.184369964978521011e+03 -3.457371200712998621e-03 -7.765603706848763811e-03
1.184385688153752881e+03 -3.465609282407592241e-03 -7.694369660873563721e-03
1.184401405172426166e+03 -3.475411584675144969e-03 -7.614505691207418270e-03
1.184432798063142172e+03 -3.492929729596613679e-03 -7.430798203926520379e-03
1.184448489292904014e+03 -3.501952055413276848e-03 -7.335747034016428664e-03
1.184464190891326552e+03 -3.508412455066843832e-03 -7.242280559844689082e-03
1.184495592049250945e+03 -3.523347744401814519e-03 -7.053371729470236939e-03
1.184511301190357472e+03 -3.529207978204379394e-03 -6.960942353021641778e-03
1.184527003390084019e+03 -3.534205384734937817e-03 -6.870392993343353225e-03
1.184542710297500435e+03 -3.539613265231102753e-03 -6.839827133075894634e-03
1.184574170254930323e+03 -3.546589547335104921e-03 -6.676695505437296035e-03
1.184589912279245709e+03 -3.550884867173032845e-03 -6.625611814203350575e-03
1.184605675513273582e+03 -3.551399998662552182e-03 -6.665359465460512188e-03
1.184621443878209220e+03 -3.554118389503025961e-03 -6.784145830932059376e-03
1.184653019828264178e+03 -3.553850814263469042e-03 -7.452221957667927790e-03
1.184668768089803507e+03 -3.553087207914344507e-03 -7.507130293087007668e-03
1.184684508698379204e+03 -3.552645962338305506e-03 -7.671647280202839418e-03
1.184700235338891389e+03 -3.551441561630075579e-03 -7.972450534646869161e-03
1.184731644426405637e+03 -3.547931551293767409e-03 -8.270459631635427092e-03
1.184747339058950047e+03 -3.547407142792454327e-03 -8.289615644402314673e-03
1.184763031376955951e+03 -3.545580617834654530e-03 -8.378577291926482887e-03
1.184794420713984209e+03 -3.538869844916324447e-03 -8.620156995086884766e-03
1.184810140345334048e+03 -3.536414524490391099e-03 -8.749855400661143978e-03
1.184825858753263446e+03 -3.529422085726525212e-03 -8.883432348221058025e-03
1.184841594133030412e+03 -3.525259052601889195e-03 -9.007280871696901614e-03
1.184873124582495848e+03 -3.513930123382378711e-03 -9.306298484190093576e-03
1.184888916209640684e+03 -3.507089815402947112e-03 -9.476575451742807327e-03
1.184904704932554750e+03 -3.500141161642307194e-03 -9.600295665616060542e-03
1.184920455453941258e+03 -3.495814629008551708e-03 -9.725180620685197619e-03
1.184951921707108113e+03 -3.481706838782719273e-03 -9.897865400999374813e-03
1.184967631728502056e+03 -3.474772953724985375e-03 -9.935964871634265019e-03
1.184983326688101670e+03 -3.468154363181419602e-03 -9.943009277948193156e-03
1.185014716872319013e+03 -3.457521396523526545e-03 -9.888555372597442744e-03
1.185030411314544153e+03 -3.451658282423127229e-03 -9.850919052428033784e-03
1.185046118348853270e+03 -3.444644803469310793e-03 -9.781443878288092336e-03
1.185061853585648805e+03 -3.439620837826121418e-03 -9.707473910652787003e-03
1.185093253174025222e+03 -3.427096744611415630e-03 -9.538821657937379336e-03
1.185108958551656087e+03 -3.423322496366611352e-03 -9.447081220245659786e-03
1.185124664022733668e+03 -3.420721125374205206e-03 -9.349772479404425130e-03
1.185140438704317148e+03 -3.417148386567748358e-03 -9.242942545932275600e-03
1.185171883811310636e+03 -3.412451909266844483e-03 -9.018879912218712505e-03
1.185187535987622141e+03 -3.411499367606746387e-03 -8.902650047236362191e-03
1.185203169319843255e+03 -3.408889843240618407e-03 -8.795583156855316109e-03
1.185234416337110588e+03 -3.409299273265299461e-03 -8.575224986077290348e-03
1.185250076792292703e+03 -3.410606688238781124e-03 -8.465074450664276245e-03
1.185265755729309376e+03 -3.413357749307453434e-03 -8.357852738198381579e-03
1.185281441641539914e+03 -3.417394256596399324e-03 -8.248595095679730690e-03
1.185312842934097262e+03 -3.427447040910384154e-03 -8.049705655094127263e-03
1.185328583167983197e+03 -3.431943942629635605e-03 -7.970803829515177297e-03
1.185344363726959500e+03 -3.437730891488107680e-03 -7.911162653819855256e-03
1.185360146047396256e+03 -3.446760937003872597e-03 -7.830748262216585473e-03
1.185391601437390591e+03 -3.463535356627924465e-03 -7.680720026099240212e-03
1.185407307425530234e+03 -3.472297816430365645e-03 -7.597039515666893610e-03
1.185423007520178089e+03 -3.482543024840502321e-03 -7.505557230602769893e-03
1.185454395627637723e+03 -3.497656862213302954e-03 -7.316578115578418161e-03
1.185470093981883565e+03 -3.506127115904348560e-03 -7.222843494604584344e-03
1.185485793050947450e+03 -3.511562093302637074e-03 -7.130081670805498741e-03
1.185501499442056001e+03 -3.517144151568501933e-03 -7.033747602118356826e-03
1.185532910329322021e+03 -3.530786411794965048e-03 -6.858600991955161527e-03
1.185548627873772375e+03 -3.536432190772612928e-03 -6.849944430568495092e-03
1.185564363177511041e+03 -3.539730482159539771e-03 -6.782518875112277315e-03
1.185580087305017287e+03 -3.543194149033309075e-03 -6.656788267839582399e-03
1.185611604470526345e+03 -3.548449457661070026e-03 -6.692828788111716137e-03
1.185627392427380073e+03 -3.550527939754054459e-03 -6.846922672936683885e-03
1.185643171989464918e+03 -3.549624601841566956e-03 -7.193321912330469768e-03
1.185674690925206505e+03 -3.548239109856656665e-03 -7.532624465033423145e-03
1.185690431760956017e+03 -3.548560038235512495e-03 -7.758943091469553202e-03
1.185706152657860002e+03 -3.546248663521062421e-03 -8.054066979058402409e-03
1.185721854729275492e+03 -3.545526086033683015e-03 -8.248995022750879591e-03
1.185753241437213546e+03 -3.540736670339708278e-03 -8.311998068927514000e-03
1.185768932912328182e+03 -3.538141836133044168e-03 -8.413840281603078217e-03
1.185784625284275535e+03 -3.535947674818773999e-03 -8.534659393294469903e-03
1.185800332402869572e+03 -3.533907621691918192e-03 -8.658031201549579170e-03
1.185831774890981706e+03 -3.524790427965675786e-03 -8.929056812633728857e-03
1.185847523263098537e+03 -3.520203417123328894e-03 -9.051398566334498824e-03
1.185863282055028094e+03 -3.513286912395010252e-03 -9.186431626061770245e-03
1.185894858208196183e+03 -3.502366112930439552e-03 -9.529340897576543332e-03
1.185910628643537166e+03 -3.496513020545049307e-03 -9.656606270190326580e-03
1.185926377833953893e+03 -3.488133609506179934e-03 -9.777742528724760879e-03
1.185942117691783096e+03 -3.483361233023870955e-03 -9.870673613516900424e-03
1.185973539183286675e+03 -3.470306035908847769e-03 -9.958893943893763409e-03
1.185989231649733711e+03 -3.463826304781677471e-03 -9.958049095779278673e-03
1.186004925674785227e+03 -3.456849364571830743e-03 -9.935253904111046239e-03
1.186020618868139763e+03 -3.450125454083902057e-03 -9.894525342286211028e-03
1.186052033037315141e+03 -3.438670346366197016e-03 -9.773394016377272286e-03
1.186067766936205999e+03 -3.431723887467470410e-03 -9.698794991530946055e-03
1.186083467404364910e+03 -3.427305472882414498e-03 -9.614866266148601112e-03
1.186114869458217527e+03 -3.417907360119817189e-03 -9.431052712715513875e-03
1.186130602883760730e+03 -3.415401974633416708e-03 -9.330036644424071282e-03
1.186146381616340250e+03 -3.412760241219464034e-03 -9.223234438565342322e-03
1.186162112758327567e+03 -3.408863347210516672e-03 -9.111337575126367272e-03
1.186193436760511304e+03 -3.408524336841247185e-03 -8.880827546451032853e-03
1.186209060197345480e+03 -3.406566061461018327e-03 -8.774369362418665136e-03
1.186224677893477519e+03 -3.405802560130631422e-03 -8.662918965926195286e-03
1.186240317835243786e+03 -3.406440261475930480e-03 -8.553624316354065463e-03
1.186271665566704542e+03 -3.410066337657983830e-03 -8.334168746999775709e-03
1.186287354790361633e+03 -3.412282889676523847e-03 -8.226316518936706984e-03
1.186303055632820133e+03 -3.416144495478387784e-03 -8.125587630995668997e-03
1.186334532810070186e+03 -3.429326341647372187e-03 -7.961023596224813675e-03
1.186350323551656402e+03 -3.436880125515080330e-03 -7.897400774822796801e-03
1.186366079817379159e+03 -3.443411920423586261e-03 -7.814400002168748680e-03
1.186381819384686878e+03 -3.453770923793378269e-03 -7.738665203075480517e-03
1.186413219794110773e+03 -3.470252464961824743e-03 -7.577247777241271839e-03
1.186428926271126329e+03 -3.478957785159879357e-03 -7.485135858639271195e-03
1.186444616840561821e+03 -3.487450976715288087e-03 -7.390334672211918213e-03
1.186460315417063157e+03 -3.497798741365896070e-03 -7.295524635334004436e-03
1.186491715377481341e+03 -3.509640016799573520e-03 -7.107540179898529965e-03
1.186507420879942856e+03 -3.515802395489540152e-03 -7.012803649750918612e-03
1.186523123708869889e+03 -3.520720105021597941e-03 -6.918950788422796767e-03
1.186554556658090632e+03 -3.530796820483890139e-03 -6.851361004741688202e-03
1.186570291415756401e+03 -3.535539988938717244e-03 -6.746906966928472617e-03
1.186586026018603434e+03 -3.539787543330558030e-03 -6.644170470581858660e-03
1.186601784199192934e+03 -3.541668016891431816e-03 -6.648261770761052132e-03
1.186633340192201786e+03 -3.543910263109298180e-03 -6.924958433430538143e-03
1.186649130032556513e+03 -3.545356632565417523e-03 -7.318874019140889781e-03
1.186664878528930331e+03 -3.542908988302004031e-03 -7.519112653592972817e-03
1.186680623472245770e+03 -3.542505406966067662e-03 -7.581187210788496549e-03
1.186712073963044304e+03 -3.541424025901001010e-03 -8.125464540658695542e-03
1.186727772551228782e+03 -3.541176381777804728e-03 -8.269032338554884592e-03
1.186743469054631532e+03 -3.539139787302343718e-03 -8.284898532983571082e-03
1.186774848914499671e+03 -3.533622390503729331e-03 -8.450998252207452335e-03
1.186790542279300553e+03 -3.530617852043502810e-03 -8.570063481551525378e-03
1.186806258954501345e+03 -3.526771379610330309e-03 -8.694909035086807389e-03
1.186821982795229815e+03 -3.522873145436922638e-03 -8.830169920338967054e-03
1.186853463800639474e+03 -3.511996766765536782e-03 -9.088802186174926162e-03
1.186869225618498376e+03 -3.507718439276594647e-03 -9.242721659466367548e-03
1.186885021168707226e+03 -3.501275679234047786e-03 -9.430924438781773320e-03
1.186900813970605441e+03 -3.496531962067981041e-03 -9.574981172246978603e-03
1.186932311209734053e+03 -3.482551050570533401e-03 -9.817178123449638721e-03
1.186948043066409809e+03 -3.476222058983057320e-03 -9.901388942957467867e-03
1.186963758928356356e+03 -3.469364986228011104e-03 -9.952279900386964279e-03
1.186995150230006857e+03 -3.458611434107703667e-03 -9.965401126699257456e-03
1.187010846435605799e+03 -3.452034463064608885e-03 -9.932945007547497665e-03
1.187026538147422798e+03 -3.445508666595144438e-03 -9.895088396606721223e-03
1.187042234372578150e+03 -3.439370784064411241e-03 -9.838239264233581555e-03
1.187073687374140263e+03 -3.426364983166512931e-03 -9.685420508109669063e-03
1.187089390776191749e+03 -3.422569317497164715e-03 -9.599090963057124726e-03
1.187105099520483236e+03 -3.414717056744122261e-03 -9.508322362348758244e-03
1.187120795326414736e+03 -3.413320783141351750e-03 -9.412813565918170741e-03
1.187152326068796356e+03 -3.408647193216461386e-03 -9.199430653955871853e-03
1.187168041054148716e+03 -3.404682300927745417e-03 -9.086260586011347604e-03
1.187183690073103207e+03 -3.403376912308304914e-03 -8.968705518916222919e-03
1.187214955997329753e+03 -3.401864193535128564e-03 -8.749638431541226918e-03
1.187230580090624017e+03 -3.401252247750355395e-03 -8.636230435519571744e-03
1.187246232425900644e+03 -3.402723730631412001e-03 -8.526340568184319346e-03
1.187261907244489748e+03 -3.404744038516881437e-03 -8.417188028961635968e-03
1.187293283028114047e+03 -3.409355806425478676e-03 -8.201245796956047399e-03
1.187308988569631083e+03 -3.414761471824174013e-03 -8.102721643689046738e-03
1.187324721765003005e+03 -3.419357644119176004e-03 -8.012355433262218288e-03
1.187340490450664902e+03 -3.424930252633108518e-03 -7.948667541072915177e-03
1.187372034116450777e+03 -3.442211192413013616e-03 -7.794505022490690049e-03
1.187387749206356830e+03 -3.449441790498682710e-03 -7.722700237228216115e-03
1.187403462463764072e+03 -3.458496897563986816e-03 -7.644023298680488986e-03
1.187434849613034885e+03 -3.476753857516720787e-03 -7.462391219170990894e-03
1.187450538947905443e+03 -3.486398029476386971e-03 -7.367074478863181244e-03
1.187466239592070906e+03 -3.492330691829143106e-03 -7.272774858739456359e-03
1.187481938079743713e+03 -3.498747264353633570e-03 -7.178279976034054009e-03
1.187513350367387602e+03 -3.513383998941137405e-03 -6.988631809144611913e-03
1.187529056771293654e+03 -3.519473499949959429e-03 -6.895920019120376984e-03
1.187544767754397071e+03 -3.524141384872512498e-03 -6.848974950030111732e-03
1.187560498371830590e+03 -3.529779128029895529e-03 -6.838652693883111311e-03
1.187591973636263901e+03 -3.534748226462725625e-03 -6.638303773589331394e-03
1.187607736578650020e+03 -3.537370533149959695e-03 -6.664009366856702386e-03
1.187623514724993584e+03 -3.538890964206889943e-03 -6.763045848897007890e-03
1.187655080795108915e+03 -3.537818543181316631e-03 -7.428420046179426417e-03
1.187670826956442625e+03 -3.539846654894364137e-03 -7.522674693896718758e-03
1.187686568090539367e+03 -3.538099234723682176e-03 -7.646899518425591055e-03
1.187702291009520195e+03 -3.536915166990647289e-03 -7.933321402434558023e-03
1.187733695864931178e+03 -3.533593566308252699e-03 -8.277304483583989778e-03
1.187749390785680816e+03 -3.532576432645616760e-03 -8.296730629541587687e-03
1.187765083313719742e+03 -3.531426579371548836e-03 -8.370227260590315868e-03
1.187780774911443359e+03 -3.529500195904836709e-03 -8.486899235242826092e-03
1.187812198250998563e+03 -3.523272794034434160e-03 -8.733036652500384897e-03
1.187827914234180525e+03 -3.517011427062479573e-03 -8.870718582968485644e-03
1.187843654827346882e+03 -3.512182772713241460e-03 -9.007543376418680747e-03
1.187875194979582602e+03 -3.501862516395205360e-03 -9.302891083657432308e-03
1.187890980096332214e+03 -3.495100065477933088e-03 -9.481827003792952027e-03
1.187906764609748052e+03 -3.488355784595897641e-03 -9.617885810132313293e-03
1.187922513623826489e+03 -3.483897081897600369e-03 -9.746145559207894729e-03
1.187953978648372640e+03 -3.469886138812065726e-03 -9.928338792385745654e-03
1.187969684591110763e+03 -3.464053592436539854e-03 -9.970697757886287302e-03
1.187985378455755381e+03 -3.457061864561976252e-03 -9.980949607390833186e-03
1.188001073516621545e+03 -3.450797125213018578e-03 -9.969036479293771902e-03
1.188032462485158021e+03 -3.439964392845971247e-03 -9.894272052550702468e-03
1.188048169026781125e+03 -3.434034041482967540e-03 -9.825478530132684615e-03
1.188063904993211054e+03 -3.426877402508229486e-03 -9.752146956733051888e-03
1.188095328017006977e+03 -3.415772920355237847e-03 -9.584185290298728038e-03
1.188111032363751519e+03 -3.412282007624213749e-03 -9.492246102225718532e-03
1.188126746291279687e+03 -3.409815532242091614e-03 -9.394175465152369148e-03
1.188142520971094200e+03 -3.405165279438798417e-03 -9.287557437896892462e-03
1.188173964599343890e+03 -3.400617728329472129e-03 -9.061385009211759753e-03
1.188189619733639347e+03 -3.398952945995179983e-03 -8.943829081282337126e-03
1.188205248934424844e+03 -3.397114842146436477e-03 -8.834904348736962246e-03
1.188220861185245440e+03 -3.396819798646021418e-03 -8.723435742658311454e-03
1.188252156061153983e+03 -3.397843211246925118e-03 -8.500674511214161011e-03
1.188267835958812839e+03 -3.399073802390537979e-03 -8.391410881264913663e-03
1.188283525191455283e+03 -3.401906702984380023e-03 -8.281581707828153394e-03
1.188314938544110646e+03 -3.412983586847473903e-03 -8.079850334217132668e-03
1.188330682219629580e+03 -3.416856293601222561e-03 -7.996379008613021394e-03
1.188346463887244909e+03 -3.423294711524897064e-03 -7.935499898134282595e-03
1.188362239326292183e+03 -3.430242983672255642e-03 -7.858452071775077347e-03
1.188393695490879736e+03 -3.448370872903084531e-03 -7.705261530294750527e-03
1.188409391912316096e+03 -3.457790510106074650e-03 -7.623519177235538354e-03
1.188425093452636247e+03 -3.465145885016458326e-03 -7.533084666843149063e-03
1.188440783365798097e+03 -3.475487189498105770e-03 -7.439529871739970421e-03
1.188472173782658729e+03 -3.490275795950415968e-03 -7.250086260594599923e-03
1.188487873589222545e+03 -3.496299670579750170e-03 -7.156450213824513615e-03
1.188503580551904633e+03 -3.502019694406581594e-03 -7.059439897264340770e-03
1.188534992328183080e+03 -3.513753493406130291e-03 -6.877638166844874008e-03
1.188550713335197770e+03 -3.520325683183327548e-03 -6.854679847995610170e-03
1.188566448365459337e+03 -3.523444018575183200e-03 -6.813472109472283773e-03
1.188582177449903384e+03 -3.527944995409063207e-03 -6.682074685870335005e-03
1.188613696852462226e+03 -3.532514223487422198e-03 -6.685362106939717747e-03
1.188629488156335128e+03 -3.535088888649579736e-03 -6.814176271735414465e-03
1.188645270037081445e+03 -3.535137878425354853e-03 -7.131102362970003286e-03
1.188661031539605119e+03 -3.535402868651206076e-03 -7.501233138666708704e-03
1.188692516659486273e+03 -3.533898793524724823e-03 -7.726816448995930779e-03
1.188708237715846735e+03 -3.533312196746600173e-03 -8.015032129870968206e-03
1.188723938526534084e+03 -3.531803342891497340e-03 -8.224832757414006143e-03
1.188755323408582854e+03 -3.527675916275153922e-03 -8.314487810135268511e-03
1.188771014068900286e+03 -3.524885847573992498e-03 -8.403607017045190350e-03
1.188786706875883056e+03 -3.522203445514452379e-03 -8.519708979397638479e-03
1.188802417925069221e+03 -3.519928523055932193e-03 -8.643446512277734931e-03
1.188833865054566104e+03 -3.511845294168381478e-03 -8.911885866708692261e-03
1.188849614063034778e+03 -3.508248848308901692e-03 -9.038940673606091561e-03
1.188865372870692909e+03 -3.500486624687455112e-03 -9.169737193455944693e-03
1.188881166695453658e+03 -3.496060451380781763e-03 -9.360610974535268566e-03
1.188912717629129020e+03 -3.483709916292767987e-03 -9.660199726903557702e-03
1.188928465727222374e+03 -3.475995983903432639e-03 -9.784363526353354046e-03
1.188944203870121100e+03 -3.471022507180205208e-03 -9.883536317194295193e-03
1.188975623397298477e+03 -3.459055241316905203e-03 -9.983418687664655233e-03
1.188991315671592247e+03 -3.452512442082790109e-03 -9.987362189353215028e-03
1.189007008003092551e+03 -3.445911643699211407e-03 -9.966840609570757833e-03
1.189022700464513491e+03 -3.439325081550400568e-03 -9.929523168969889291e-03
1.189054114222661383e+03 -3.426613416519345284e-03 -9.812441767575629664e-03
1.189069849001008606e+03 -3.420858007151755462e-03 -9.739652272119441248e-03
1.189085562837990210e+03 -3.415816420215699815e-03 -9.656857197413135779e-03
1.189101274529555440e+03 -3.411235460778743161e-03 -9.568311658769397890e-03
1.189132716725898490e+03 -3.402334497086018095e-03 -9.372255652902526657e-03
1.189148496140007410e+03 -3.401060693756317605e-03 -9.265425404304732798e-03
1.189164226242365658e+03 -3.396612405384478832e-03 -9.152975243973633657e-03
1.189195544767781257e+03 -3.396881940317283272e-03 -8.918877152688917467e-03
1.189211165338407454e+03 -3.394076244026664104e-03 -8.809502650317487665e-03
1.189226783052637529e+03 -3.393962326674778741e-03 -8.696843973460792118e-03
1.189242428051822571e+03 -3.393784473804762301e-03 -8.586006825348315927e-03
1.189273776002883778e+03 -3.396639236115564509e-03 -8.362754737370801592e-03
1.189289467142826425e+03 -3.398969388649882191e-03 -8.253905381547157333e-03
1.189305172762804659e+03 -3.402544942383916530e-03 -8.153309354644056386e-03
1.189320899332278941e+03 -3.406827367833450623e-03 -8.056462029971388564e-03
1.189352451856810376e+03 -3.421701863340458668e-03 -7.918893263790797998e-03
1.189368203646104575e+03 -3.429026573727745383e-03 -7.837497654481417539e-03
1.189383937138695046e+03 -3.437942189873132662e-03 -7.760120662354958766e-03
1.189415334740597018e+03 -3.453949626844278302e-03 -7.600690049045902112e-03
1.189431035850038597e+03 -3.464149028195056667e-03 -7.509719410660520116e-03
1.189446723360158103e+03 -3.472343622063063517e-03 -7.415064658185720192e-03
1.189462422395891281e+03 -3.481141701604629959e-03 -7.320016731783821409e-03
1.189493824647602196e+03 -3.495435953745225886e-03 -7.130174374524228011e-03
1.189509532270738418e+03 -3.501096901266714020e-03 -7.035058998514501401e-03
1.189525234218182732e+03 -3.506499520048260259e-03 -6.940755027839662708e-03
1.189540941795418803e+03 -3.511988397891401860e-03 -6.863382884875561182e-03
1.189572404290869372e+03 -3.520731186975842395e-03 -6.777704125896082468e-03
1.189588143076498000e+03 -3.525422309249048088e-03 -6.661287751168810424e-03
1.189603905021595210e+03 -3.525683373058356718e-03 -6.648426669484954268e-03
1.189635461292297578e+03 -3.529484321539349233e-03 -6.879129658247112519e-03
1.189651249584800553e+03 -3.530928053937454781e-03 -7.259129284828262120e-03
1.189666996809286957e+03 -3.528691049734009478e-03 -7.529839847054605254e-03
1.189682739379948316e+03 -3.529171762829106957e-03 -7.562953092301296677e-03
1.189714184017700973e+03 -3.526804167178935762e-03 -8.085028779037117114e-03
1.189729881121990502e+03 -3.527001015895382327e-03 -8.253573849204368443e-03
1.189745575856446067e+03 -3.526292609703651597e-03 -8.290265364695148867e-03
1.189761270579934262e+03 -3.524097943036169026e-03 -8.335313485857438059e-03
1.189792654684747276e+03 -3.518447273564145796e-03 -8.555802728403651136e-03
1.189808373873582468e+03 -3.515276561626252787e-03 -8.680015096378850339e-03
1.189824094313854630e+03 -3.509964593354082413e-03 -8.810509479851033263e-03
1.189855584410889378e+03 -3.499679272543240044e-03 -9.069872808460662655e-03
1.189871348471182273e+03 -3.495665518180234195e-03 -9.219322389630048992e-03
1.189887143228833111e+03 -3.488950056467699651e-03 -9.414440457234832943e-03
1.189902934109571333e+03 -3.483340258996362251e-03 -9.567321856393064261e-03
1.189934427904629956e+03 -3.471186277360808602e-03 -9.818875201679512846e-03
1.189950155771652817e+03 -3.464694357444153203e-03 -9.909726886624467199e-03
1.189965868887164334e+03 -3.457581795091022904e-03 -9.967631700609462173e-03
1.189981564078637575e+03 -3.451954438360821300e-03 -9.992504872805989952e-03
1.190012953164542068e+03 -3.441487882243074621e-03 -9.960877836780264796e-03
1.190028649042646748e+03 -3.435099602894595844e-03 -9.927131105141503639e-03
1.190044347187109224e+03 -3.428360075504876744e-03 -9.873137751279240787e-03
1.190060073435374989e+03 -3.423022089854361755e-03 -9.798805350794590266e-03
1.190091518365171851e+03 -3.410412441617560915e-03 -9.639701600511125720e-03
1.190107229763976875e+03 -3.404230291400504264e-03 -9.550012583162709179e-03
1.190122929783907693e+03 -3.401727990314722810e-03 -9.454149626488779490e-03
1.190154465205436281e+03 -3.396558332152624024e-03 -9.239775728618594697e-03
1.190170180567486796e+03 -3.393393821844709664e-03 -9.125802029829386056e-03
1.190185829303293303e+03 -3.391750045484281072e-03 -9.005939291101839814e-03
1.190201471725296415e+03 -3.388411286354378604e-03 -8.893472115650733270e-03
1.190232712863499273e+03 -3.388324496344555150e-03 -8.668517782242375624e-03
1.190248367870764014e+03 -3.388791586810468645e-03 -8.556094430983035917e-03
1.190264043627173123e+03 -3.391588592269889450e-03 -8.445284320726505201e-03
1.190295427727910010e+03 -3.396477406228451228e-03 -8.226404576520383177e-03
1.190311137430581994e+03 -3.402131468519745648e-03 -8.127393319310477482e-03
1.190326875673835957e+03 -3.406051363078179284e-03 -8.034079626506877153e-03
1.190342645196893500e+03 -3.410466626608940535e-03 -7.965754964301728983e-03
1.190374188822218684e+03 -3.427369078451443247e-03 -7.814708916950886819e-03
1.190389896198751785e+03 -3.434639795318967549e-03 -7.741127520027510193e-03
1.190405604601345885e+03 -3.443014959522457900e-03 -7.663406675894291267e-03
1.190421296026619530e+03 -3.454471238986749852e-03 -7.576684855470580855e-03
1.190452675231830199e+03 -3.470087627433065310e-03 -7.389996247247543858e-03
1.190468374099610855e+03 -3.477607583186409067e-03 -7.294986877973733477e-03
1.190484072914687886e+03 -3.483276136038643452e-03 -7.200965418697166491e-03
1.190515487346727014e+03 -3.497203065433665808e-03 -7.009895800862389788e-03
1.190531192856089774e+03 -3.504806476665061222e-03 -6.916399315041854741e-03
1.190546910847394656e+03 -3.509649122119405835e-03 -6.857621878256108840e-03
1.190562642669234037e+03 -3.514542438196673665e-03 -6.854871452535319341e-03
1.190594122446281062e+03 -3.519904479073247567e-03 -6.649852905824650898e-03
1.190609885129028271e+03 -3.523579047818727050e-03 -6.661031888696873453e-03
1.190625670983931741e+03 -3.525248542890431751e-03 -6.741774362905230029e-03
1.190641448329231025e+03 -3.524721191972644135e-03 -6.961142251845522759e-03
1.190672971145134397e+03 -3.525706078506300398e-03 -7.530199480731298092e-03
1.190688713678902786e+03 -3.524736661966403669e-03 -7.617501688853585765e-03
1.190704433000451672e+03 -3.523190758255904942e-03 -7.896639383316894287e-03
1.190720138736748140e+03 -3.522729413365048839e-03 -8.144009009749960185e-03
1.190751527434411855e+03 -3.519036009985308279e-03 -8.299510754372779048e-03
1.190767220030605358e+03 -3.517330187027097738e-03 -8.362994409245320254e-03
1.190782912238174049e+03 -3.516052027843949348e-03 -8.472332436435806718e-03
1.190814342088193371e+03 -3.508942435406887765e-03 -8.718146546051212462e-03
1.190830056429854949e+03 -3.505114969912346331e-03 -8.852181016569539776e-03
1.190845802538343605e+03 -3.500093294354313621e-03 -8.993121656550221929e-03
1.190861561750137071e+03 -3.495011014360012436e-03 -9.105516189582519085e-03
1.190893131896243403e+03 -3.483708592348986124e-03 -9.465108795968606853e-03
1.190908909270531694e+03 -3.477949427576654783e-03 -9.610296443305355041e-03
1.190924658856696396e+03 -3.471059362317323142e-03 -9.739943567137789027e-03
1.190940401056954670e+03 -3.465966299770249000e-03 -9.850541097755982980e-03
1.190971823653950423e+03 -3.453187109475344945e-03 -9.981128636820657540e-03
1.190987516535251416e+03 -3.446474254823360481e-03 -9.997650576678356396e-03
1.191003210694854488e+03 -3.439771082126563684e-03 -9.988159122063539758e-03
1.191034599472796799e+03 -3.427804631212335879e-03 -9.919513968238740514e-03
1.191050308227095911e+03 -3.423091134940236570e-03 -9.854561125652661416e-03
1.191066042120471138e+03 -3.414622880843428115e-03 -9.783516989336885766e-03
1.191081762279018676e+03 -3.410052466381015626e-03 -9.705640171836888222e-03
1.191113190375490831e+03 -3.399946851301941745e-03 -9.528370425673983457e-03
1.191128918168170003e+03 -3.397687900547173220e-03 -9.429283944641873513e-03
1.191144689132795747e+03 -3.394086527099309664e-03 -9.323690533887690063e-03
1.191160443568476239e+03 -3.391541920719558408e-03 -9.212176649002860873e-03
1.191191784899047889e+03 -3.388108818530589147e-03 -8.975956133066438289e-03
1.191207414081402021e+03 -3.386360698004421774e-03 -8.865941955886262951e-03
1.191223023845577245e+03 -3.385290099571404508e-03 -8.752352304442977474e-03
1.191254320639305206e+03 -3.386418486028191632e-03 -8.526491297042197021e-03
1.191270000697789328e+03 -3.387423121090626758e-03 -8.414521239602420696e-03
1.191285691651490652e+03 -3.388852898258780215e-03 -8.303655305440724860e-03
1.191301395538765746e+03 -3.392944764497913060e-03 -8.199486959980796866e-03
1.191332867540509142e+03 -3.403246600229240405e-03 -8.013022767345180306e-03
1.191348649050246422e+03 -3.410267027031282840e-03 -7.949300143220469628e-03
1.191364417551304086e+03 -3.415940330477820145e-03 -7.876852170962046762e-03
1.191380164412322301e+03 -3.426393674463725121e-03 -7.793550798928297434e-03
1.191411560550448712e+03 -3.443208294572760834e-03 -7.640016019821496349e-03
1.191427262154273876e+03 -3.450379089289355803e-03 -7.552195972118838814e-03
1.191442947394539942e+03 -3.460059236687622764e-03 -7.458949256728232731e-03
1.191474339599375071e+03 -3.475377741517488885e-03 -7.269581908436820346e-03
1.191490039477010896e+03 -3.481980290176028576e-03 -7.174591576950150977e-03
1.191505746946883619e+03 -3.488215239642390806e-03 -7.077698948369143955e-03
1.191521451755944554e+03 -3.493581715693771985e-03 -6.983284407157196172e-03
1.191552884051435740e+03 -3.504796139878466575e-03 -6.857970020585240668e-03
1.191568619770179112e+03 -3.509415581021327508e-03 -6.834190748527917136e-03
1.191584354207008573e+03 -3.513910406758580674e-03 -6.703238864334474904e-03
1.191600111824266605e+03 -3.518013668043641195e-03 -6.644859285229071620e-03
1.191631666658230870e+03 -3.520144553961209160e-03 -6.781109466066618900e-03
1.191647453038167669e+03 -3.521275425686190216e-03 -7.063427539115299872e-03
1.191663204825955518e+03 -3.520615320682484416e-03 -7.480855267097937314e-03
1.191694686406472329e+03 -3.519703251323622398e-03 -7.687974583069814849e-03
1.191710403829094730e+03 -3.520287409044240302e-03 -7.975974521382697691e-03
1.191726106112045272e+03 -3.519386453415863664e-03 -8.190070282456989037e-03
1.191741799466503835e+03 -3.517560389145474396e-03 -8.276361790604523996e-03
1.191773180614986586e+03 -3.512717830493476776e-03 -8.394180382221803904e-03
1.191788873778138623e+03 -3.509964136655933497e-03 -8.504734887808009305e-03
1.191804588290579204e+03 -3.506890517213668949e-03 -8.628496885673379510e-03
1.191820313431991508e+03 -3.503588992912796442e-03 -8.759082772722345811e-03
1.191851788716617421e+03 -3.494770110416316623e-03 -9.035623615179845872e-03
1.191867549411031405e+03 -3.488983396077173851e-03 -9.150686468447284325e-03
1.191883344590856268e+03 -3.483548493764227795e-03 -9.337319130854660615e-03
1.191914892314029657e+03 -3.471056135119307377e-03 -9.658773864920056421e-03
1.191930638342371822e+03 -3.464878416795869748e-03 -9.782741889241100205e-03
1.191946373529700622e+03 -3.459214927538139563e-03 -9.883876953741871710e-03
1.191962090527590590e+03 -3.453502276369274041e-03 -9.956294004366284325e-03
1.191993483820050642e+03 -3.441816331933422041e-03 -1.000599349379551958e-02
1.192009176195328109e+03 -3.435147123623044033e-03 -9.986727160289971331e-03
1.192024867231338476e+03 -3.428963735772910196e-03 -9.951835045863773738e-03
1.192040563354047208e+03 -3.422695089651780261e-03 -9.911215178496574421e-03
1.192072016295419189e+03 -3.409862869579747234e-03 -9.769620456983062196e-03
1.192087741228279810e+03 -3.405052098421833175e-03 -9.689822857290192673e-03
1.192103462950984749e+03 -3.397760114000184829e-03 -9.602009108402143056e-03
1.192134918279944714e+03 -3.391694764281820342e-03 -9.406728271422304388e-03
1.192150691813531239e+03 -3.390733838317560277e-03 -9.299392577567492171e-03
1.192166425631153970e+03 -3.386573801216456389e-03 -9.186920713220934898e-03
1.192182085517402356e+03 -3.384237989027658391e-03 -9.067833074132645305e-03
1.192213357462793738e+03 -3.382328279662357492e-03 -8.840433936426124115e-03
1.192228974187293034e+03 -3.382046962203983254e-03 -8.725185441501637218e-03
1.192244621279679905e+03 -3.382634522234398335e-03 -8.613182216864608345e-03
1.192260292747322410e+03 -3.382370278188554652e-03 -8.500110356128978695e-03
1.192291667598209415e+03 -3.386391950135611562e-03 -8.277646632178468911e-03
1.192307379032816925e+03 -3.390487629620992250e-03 -8.176499061245713629e-03
1.192323114195974313e+03 -3.393855015070966919e-03 -8.078022744638533800e-03
1.192354666956047367e+03 -3.406937763407792349e-03 -7.935432018383963698e-03
1.192370418975368693e+03 -3.414647456452717025e-03 -7.857339661224076871e-03
1.192386144277622634e+03 -3.421857045708206254e-03 -7.777862070720451167e-03
1.192401857441194807e+03 -3.431024215335816852e-03 -7.703129278266713890e-03
1.192433233945064558e+03 -3.448517533988821812e-03 -7.531824217914846221e-03
1.192448918467057638e+03 -3.458023783954649200e-03 -7.437344138411572381e-03
1.192464617262218781e+03 -3.464352766544245149e-03 -7.342828090838023763e-03
1.192480314787102316e+03 -3.472100783527113082e-03 -7.246438997730453822e-03
1.192511729969965245e+03 -3.486368365655420978e-03 -7.054260205735038078e-03
1.192527435360602340e+03 -3.491720847334136256e-03 -6.959987057929832750e-03
1.192543144174613872e+03 -3.497405077071151416e-03 -6.874601578839295221e-03
1.192574606137320870e+03 -3.505095533927942830e-03 -6.805141078456809420e-03
1.192590351167791596e+03 -3.509728798008540478e-03 -6.678621786548248444e-03
1.192606115921189030e+03 -3.511229121993793365e-03 -6.649564692347335014e-03
1.192621886950015778e+03 -3.514287012746075516e-03 -6.698953459656819230e-03
1.192653458600037311e+03 -3.514801141452773663e-03 -7.189674896342393602e-03
1.192669205375818592e+03 -3.515388111435138827e-03 -7.536009179637427093e-03
1.192684944934833311e+03 -3.515191605557017700e-03 -7.545301743694277953e-03
1.192700670205133520e+03 -3.514655572650183125e-03 -7.771362582711075113e-03
1.192732078895187215e+03 -3.512133686264317257e-03 -8.224228251891538971e-03
1.192747773973084122e+03 -3.512146785038680174e-03 -8.285389148119978731e-03
1.192763466698394041e+03 -3.511090778890098383e-03 -8.330324528017707744e-03
1.192794858213190082e+03 -3.505487487619934287e-03 -8.539394293313044490e-03
1.192810577822274354e+03 -3.503749499307767454e-03 -8.665469342706379197e-03
1.192826295271112031e+03 -3.497228915206746121e-03 -8.806878249610808340e-03
1.192842031663418766e+03 -3.493393221356254526e-03 -8.957825344331312584e-03
1.192873563674728757e+03 -3.483036900801744946e-03 -9.210520011702172036e-03
1.192889353757220988e+03 -3.476628855325494729e-03 -9.408680722894311246e-03
1.192905141741719945e+03 -3.469984527296637953e-03 -9.581555410979698470e-03
1.192920891713073161e+03 -3.466330921930827792e-03 -9.718089759509442385e-03
1.192952358336546013e+03 -3.452754291096080553e-03 -9.926028595040053623e-03
1.192968067332018791e+03 -3.446350700650340198e-03 -9.990344899941848433e-03
1.192983761306349834e+03 -3.439891013994652268e-03 -1.002171898276690842e-02
1.193015150216970369e+03 -3.429495088627115482e-03 -9.992424998074666068e-03
1.193030844196456428e+03 -3.424001668388591303e-03 -9.960031475093979181e-03
1.193046549389100164e+03 -3.417232452342608764e-03 -9.906265106721394778e-03
1.193062273485148353e+03 -3.411771459468218755e-03 -9.834334402110624443e-03
1.193093734312489460e+03 -3.398229116854087177e-03 -9.678051592073319206e-03
1.193109449431233088e+03 -3.393884561033832896e-03 -9.588680621085121300e-03
1.193125161308286806e+03 -3.390719175066165495e-03 -9.492731393549252994e-03
1.193140928320396370e+03 -3.387015418281792180e-03 -9.389094411936376242e-03
1.193172408228036147e+03 -3.382409589197029557e-03 -9.164823382600679330e-03
1.193188063432632362e+03 -3.379941869562090324e-03 -9.044062251492681129e-03
1.193203700033506493e+03 -3.376952222479898992e-03 -8.931239611809143816e-03
1.193234937227079172e+03 -3.375908649079949024e-03 -8.705241121972708690e-03
1.193250595194122525e+03 -3.375813714060873442e-03 -8.590327381390074069e-03
1.193266272121641350e+03 -3.377200697854219631e-03 -8.478043886686789307e-03
1.193281960795454779e+03 -3.380234903286228124e-03 -8.364549270800368877e-03
1.193313383100700776e+03 -3.388265495066758969e-03 -8.157407952368496765e-03
1.193329125697248855e+03 -3.391377895457780081e-03 -8.061896809192411681e-03
1.193344895948874409e+03 -3.396019120678065752e-03 -7.987808261131285753e-03
1.193360679887921606e+03 -3.403036565346806170e-03 -7.924240807885826743e-03
1.193392141069667787e+03 -3.418970143623448112e-03 -7.764970111484116588e-03
1.193407842066445710e+03 -3.427817200479315544e-03 -7.689113692967393561e-03
1.193423535963528821e+03 -3.436607229105513583e-03 -7.605030994566240599e-03
1.193454909640495771e+03 -3.451868837705591823e-03 -7.418936789133431450e-03
1.193470605557160070e+03 -3.460589133603470327e-03 -7.323476494451332947e-03
1.193486305096347223e+03 -3.466411696769523126e-03 -7.228810924951804828e-03
1.193502013048901745e+03 -3.472084014443039060e-03 -7.130387806151833839e-03
1.193533427480976343e+03 -3.486019214445192430e-03 -6.940953839509730536e-03
1.193549147040781008e+03 -3.492352831320736425e-03 -6.868639169032676045e-03
1.193564884125926937e+03 -3.495735443268313362e-03 -6.870975597340100646e-03
1.193580610481676331e+03 -3.500021247049063360e-03 -6.773211336821526735e-03
1.193612131340375299e+03 -3.506062303862028749e-03 -6.663095327127689475e-03
1.193627920221345676e+03 -3.508900785499619035e-03 -6.728995680379869400e-03
1.193643699156200682e+03 -3.508769487571402213e-03 -6.912125153085729723e-03
1.193675213039981372e+03 -3.508225061290714056e-03 -7.552617522401897099e-03
1.193690951966167859e+03 -3.509443461239566183e-03 -7.588830172146964620e-03
1.193706673248672587e+03 -3.507895095255034353e-03 -7.861401443194448654e-03
1.193722374711153179e+03 -3.507650685046880511e-03 -8.112865378157963631e-03
1.193753761853625974e+03 -3.504147897148505216e-03 -8.296431672036287674e-03
1.193769453582562392e+03 -3.501973780339272604e-03 -8.360149073061056216e-03
1.193785146552460446e+03 -3.500146086822883938e-03 -8.458695159572954259e-03
1.193800854856977594e+03 -3.498727710235106057e-03 -8.574562463940995846e-03
1.193832297946825747e+03 -3.490775842114899729e-03 -8.859283733724031967e-03
1.193848046598700648e+03 -3.487040910305719537e-03 -9.014290435820174544e-03
1.193863804919350059e+03 -3.480109661450600349e-03 -9.129659765668552904e-03
1.193895382689934877e+03 -3.470194994711191683e-03 -9.477637979389327144e-03
1.193911150784808115e+03 -3.464640969112267165e-03 -9.644393022258473946e-03
1.193926899870802572e+03 -3.456684711286886393e-03 -9.773777814774764136e-03
1.193942639660590430e+03 -3.452279881448202560e-03 -9.880878692912422809e-03
1.193974060363455237e+03 -3.439998051920600732e-03 -1.001782213479680307e-02
1.193989751627927262e+03 -3.433888121833903601e-03 -1.003924667033852594e-02
1.194005444667409165e+03 -3.427194086115893223e-03 -1.003035321546030638e-02
1.194021137129514273e+03 -3.420641127032727526e-03 -9.994504605967763355e-03
1.194052545038173093e+03 -3.409215120506444829e-03 -9.894836707847035062e-03
1.194068276719211553e+03 -3.401691886502831736e-03 -9.822973559140878164e-03
1.194084007410202275e+03 -3.396817396876901027e-03 -9.747181553465029610e-03
1.194115446227055600e+03 -3.385677269364717294e-03 -9.568953152933263109e-03
1.194131186897359612e+03 -3.382590443909900581e-03 -9.470526747167952453e-03
1.194146955924796430e+03 -3.380622718217323949e-03 -9.365718084048480288e-03
1.194162709060264206e+03 -3.377320280812751586e-03 -9.254156285505309859e-03
1.194194049527227435e+03 -3.375724880701943317e-03 -9.017463675187756267e-03
1.194209673882568950e+03 -3.372890072621609597e-03 -8.905870206016486615e-03
1.194225286017335293e+03 -3.371574101561895624e-03 -8.791838759709137349e-03
1.194240921792375730e+03 -3.370988437811119065e-03 -8.679382852873923637e-03
1.194272264977571467e+03 -3.373088265764428908e-03 -8.450265485153162642e-03
1.194287957687872449e+03 -3.374165160679992032e-03 -8.338285034357885428e-03
1.194303669081687758e+03 -3.376624009838178828e-03 -8.234709070072489256e-03
1.194335155659113980e+03 -3.387565975614680557e-03 -8.043606804032991248e-03
1.194350938519552756e+03 -3.393329527600030988e-03 -7.975585392528428477e-03
1.194366699822900500e+03 -3.398795745053934374e-03 -7.908459350325032500e-03
1.194382443694761378e+03 -3.408127550929283042e-03 -7.824476973523692563e-03
1.194413835733003907e+03 -3.423095402436426762e-03 -7.670531335277824131e-03
1.194429534727241844e+03 -3.432297928311148823e-03 -7.584705130019344863e-03
1.194445217039564113e+03 -3.440196145166198472e-03 -7.491565968793210961e-03
1.194460911788131398e+03 -3.450473291423340229e-03 -7.396249872147458992e-03
1.194492312852496525e+03 -3.463141180430218385e-03 -7.203994030557228645e-03
1.194508019511807788e+03 -3.469752010235279197e-03 -7.106499050805183473e-03
1.194523723779818283e+03 -3.475184758333264325e-03 -7.011269829351158590e-03
1.194555160398456110e+03 -3.485726950906673470e-03 -6.867008212480518389e-03
1.194570896325089961e+03 -3.490895008373670182e-03 -6.861929941146755266e-03
1.194586633644211361e+03 -3.495653200532843410e-03 -6.737492442072773660e-03
1.194602394581152794e+03 -3.497361196704415823e-03 -6.658246973770764153e-03
1.194633951057202012e+03 -3.501252957705788642e-03 -6.762947199336219462e-03
1.194649739362326500e+03 -3.503365893081525004e-03 -7.008105186114934812e-03
1.194665485713625230e+03 -3.501240095395864033e-03 -7.459509005489008138e-03
1.194681229536643514e+03 -3.501860397069994375e-03 -7.547297723109926658e-03
1.194712677603952670e+03 -3.501422617143316613e-03 -7.944014323897028232e-03
1.194728375877470626e+03 -3.502061409000887734e-03 -8.163467975266250343e-03
1.194744072255089804e+03 -3.500993954945822492e-03 -8.264776066529496909e-03
1.194775454336840085e+03 -3.496526007103881520e-03 -8.390312048516214080e-03
1.194791148316584895e+03 -3.494138088389075938e-03 -8.490316102289008349e-03
1.194806865951106147e+03 -3.490823748959272308e-03 -8.607444668646926575e-03
1.194822588375133591e+03 -3.487164849218073962e-03 -8.746201837125641698e-03
1.194854071671224347e+03 -3.477123993082427422e-03 -9.058026107882225994e-03
1.194869833436028784e+03 -3.473594790204988670e-03 -9.171787153760815534e-03
1.194885628806759769e+03 -3.467421632122623387e-03 -9.339659606136850936e-03
1.194901421119943734e+03 -3.462889415824177419e-03 -9.535991684263637677e-03
1.194932917245238514e+03 -3.450108449051465190e-03 -9.819331265923065405e-03
1.194948648329187563e+03 -3.444022679217224707e-03 -9.918203891284924772e-03
1.194964363451339750e+03 -3.437314266691942309e-03 -9.992731428755395259e-03
1.194980058521121236e+03 -3.432563761427465804e-03 -1.003875028186954413e-02
1.195011448164174453e+03 -3.421248991599315677e-03 -1.003196541693494870e-02
1.195027140698917265e+03 -3.414772934088605456e-03 -9.996206968429160317e-03
1.195042837104237606e+03 -3.408684798851265452e-03 -9.955650850587296694e-03
1.195074287273556820e+03 -3.394674631860704252e-03 -9.812115823531130168e-03
1.195090024727448963e+03 -3.390032705066475111e-03 -9.732972267174646447e-03
1.195105754567218582e+03 -3.382543513281149362e-03 -9.645239663388949572e-03
1.195121459665932889e+03 -3.379792450634004023e-03 -9.550572107475428091e-03
1.195152991833708029e+03 -3.374695312854040456e-03 -9.341134760921939242e-03
1.195168728565466154e+03 -3.371414042519074294e-03 -9.229509984177312887e-03
1.195184385619107161e+03 -3.369078200622689211e-03 -9.109412885911780458e-03
1.195200035810005602e+03 -3.365499303825245873e-03 -8.992847786414492547e-03
1.195231268181122914e+03 -3.365207394881357481e-03 -8.764735557611326097e-03
1.195246918153276056e+03 -3.365446701306850068e-03 -8.651083392660432331e-03
1.195262589170571346e+03 -3.366768619865325753e-03 -8.537699613410431113e-03
1.195293972201331826e+03 -3.369754578792549891e-03 -8.312945412540084095e-03
1.195309690354896475e+03 -3.374171813472492086e-03 -8.211464785190518423e-03
1.195325433232657815e+03 -3.377297462035861852e-03 -8.112015432461322159e-03
1.195341194901445533e+03 -3.380926627782782599e-03 -8.027040997632571215e-03
1.195372741007576678e+03 -3.395836448641045488e-03 -7.889886617439396954e-03
1.195388456985620223e+03 -3.402257005192616847e-03 -7.807652040941534012e-03
1.195404167191174793e+03 -3.410556620759446367e-03 -7.731214461360290391e-03
1.195435539741631374e+03 -3.428390344390333001e-03 -7.564781277650329400e-03
1.195451221655979452e+03 -3.438011058357846698e-03 -7.470048113878485600e-03
1.195466918990565546e+03 -3.444361376760590992e-03 -7.374846699384939724e-03
1.195482617680227577e+03 -3.450561719820772425e-03 -7.277771617674875376e-03
1.195514032676200486e+03 -3.465653947099706783e-03 -7.083489642617294552e-03
1.195529740437008059e+03 -3.472668180735372784e-03 -6.988468603047710143e-03
1.195545455863906000e+03 -3.477471137886141515e-03 -6.896352748349965020e-03
1.195561187435149122e+03 -3.483415414514125837e-03 -6.873292414684400130e-03
1.195592667824970022e+03 -3.489008711238807472e-03 -6.707499176089441219e-03
1.195608431905738144e+03 -3.492715213054374893e-03 -6.659135338116342270e-03
1.195624214060192799e+03 -3.494629627084654133e-03 -6.697815283852614349e-03
1.195655772933922890e+03 -3.494720746827680198e-03 -7.127072635683229067e-03
1.195671517291587179e+03 -3.497550798304409868e-03 -7.546162294704227523e-03
1.195687258693246577e+03 -3.496223454228019473e-03 -7.546486917983936948e-03
1.195702979760388871e+03 -3.495581029729312103e-03 -7.733311351791360456e-03
1.195734383460409390e+03 -3.493675133191727952e-03 -8.200535356504685264e-03
1.195750078654062918e+03 -3.492892286656742225e-03 -8.275205995953539145e-03
1.195765771795767705e+03 -3.492161781442357140e-03 -8.330384536462235451e-03
1.195781463950824673e+03 -3.491133602090294719e-03 -8.419480956715989436e-03
1.195812889656522657e+03 -3.485621223403065957e-03 -8.640666872397118059e-03
1.195828604510034211e+03 -3.480570321070152340e-03 -8.785966837255906187e-03
1.195844346859195639e+03 -3.475997181578923106e-03 -8.949879217751395902e-03
1.195860106248398324e+03 -3.471863420985911875e-03 -9.097300703218257067e-03
1.195891672626871241e+03 -3.460387319424083636e-03 -9.402541122273152044e-03
1.195907454996689012e+03 -3.454377465136332457e-03 -9.592486634611568919e-03
1.195923204172559508e+03 -3.449564680467931150e-03 -9.745132580027368249e-03
1.195954668908417716e+03 -3.436639141087190121e-03 -9.951907966836478353e-03
1.195970372912982384e+03 -3.431287212855019947e-03 -1.001903815323811411e-02
1.195986065666902277e+03 -3.424589603762235972e-03 -1.005488399751528275e-02
1.196001759774583888e+03 -3.418348324852041407e-03 -1.005943491680362512e-02
1.196033148094036278e+03 -3.407593308547539942e-03 -9.998446904876057140e-03
1.196048854682384672e+03 -3.402041625052322146e-03 -9.944994343631094469e-03
1.196064582050214767e+03 -3.394378776623544532e-03 -9.872956400331620724e-03
1.196080308215566447e+03 -3.388665013330875806e-03 -9.800466197632156165e-03
1.196111772994504918e+03 -3.377785703725874784e-03 -9.627099288394785556e-03
1.196127502271133153e+03 -3.375134636689487277e-03 -9.530990214771373897e-03
1.196143262824733711e+03 -3.370801978474344176e-03 -9.428031907442934942e-03
1.196174741234767907e+03 -3.366256033499154168e-03 -9.202923751503321384e-03
1.196190397923899809e+03 -3.363415660762748144e-03 -9.081019743314888010e-03
1.196206032520956569e+03 -3.361194555365378325e-03 -8.967133235200222541e-03
1.196221638555878371e+03 -3.360667912435627829e-03 -8.852527516742267691e-03
1.196252923402782244e+03 -3.359756286148788892e-03 -8.623511028014832144e-03
1.196268599721105375e+03 -3.360329877854792337e-03 -8.509267933924053590e-03
1.196284290106498020e+03 -3.361819933968951055e-03 -8.395124371672687755e-03
1.196315727503567587e+03 -3.370990375653990911e-03 -8.186633127213455499e-03
1.196331475969322355e+03 -3.373541007835623509e-03 -8.090102138480407754e-03
1.196347248130588241e+03 -3.378927052456658260e-03 -8.010976182006320986e-03
1.196363024090136150e+03 -3.383935472747735297e-03 -7.949186671402349094e-03
1.196394486058860139e+03 -3.400793147042344491e-03 -7.788700478973754719e-03
1.196410176675559569e+03 -3.409997468934169388e-03 -7.713188084571925146e-03
1.196425872996116823e+03 -3.416443187375673481e-03 -7.632371794479365749e-03
1.196441553245403384e+03 -3.426472400199521377e-03 -7.542337877379953065e-03
1.196472936690681991e+03 -3.441342152213381234e-03 -7.351675190661761776e-03
1.196488637411003538e+03 -3.447879014672010183e-03 -7.255223618157538058e-03
1.196504345402693843e+03 -3.453820791056680471e-03 -7.156005866088702497e-03
1.196520052121141816e+03 -3.459831649254411536e-03 -7.059973337240388162e-03
1.196551484356751416e+03 -3.472401656392662839e-03 -6.881096295950320414e-03
1.196567220747822148e+03 -3.476433791443554484e-03 -6.879517374698560297e-03
1.196582954027619508e+03 -3.481329555136121121e-03 -6.807974153717658884e-03
1.196614476576498191e+03 -3.486882500659330576e-03 -6.665101821623656796e-03
1.196630268276820971e+03 -3.489820454845560336e-03 -6.719911956811222553e-03
1.196646050029536354e+03 -3.490858420073617279e-03 -6.874136915541171830e-03
1.196661806321280437e+03 -3.491500247123587464e-03 -7.264956169142511126e-03
1.196693288911454147e+03 -3.491155710447246732e-03 -7.568004023350221633e-03
1.196709008190588747e+03 -3.491791212393402510e-03 -7.820168580496030322e-03
1.196724710614075320e+03 -3.490714554109760909e-03 -8.084040909848773382e-03
1.196740402602312770e+03 -3.489878988642905900e-03 -8.226411016475206062e-03
1.196771786367143704e+03 -3.485547107985898733e-03 -8.357975236631003113e-03
1.196787479563114857e+03 -3.483334331512595410e-03 -8.445731303635600762e-03
1.196803192110075997e+03 -3.481262138036188541e-03 -8.549601663863428194e-03
1.196834639834110021e+03 -3.474646840674234724e-03 -8.825303940582502130e-03
1.196850388966540777e+03 -3.471083570238521140e-03 -8.993780938420240650e-03
1.196866147890082402e+03 -3.464137290236458076e-03 -9.132303371187339147e-03
1.196881942338470708e+03 -3.459737126137421744e-03 -9.264880443453433340e-03
1.196913491825737310e+03 -3.448101059778162746e-03 -9.647307503307457274e-03
1.196929239091999989e+03 -3.441281997832924822e-03 -9.787550541851526217e-03
1.196944976605850343e+03 -3.436424461088165034e-03 -9.898640758164059528e-03
1.196960694281171300e+03 -3.431432122681608680e-03 -9.981505780867743621e-03
1.196992086808329304e+03 -3.418968994987016483e-03 -1.006748822903379137e-02
1.197007777911460380e+03 -3.412693409278323101e-03 -1.006454236247748477e-02
1.197023469489253557e+03 -3.406365131570029351e-03 -1.003064514934479644e-02
1.197054881343048464e+03 -3.393757405544236931e-03 -9.933641362786104975e-03
1.197070610016103501e+03 -3.387608630727736384e-03 -9.863205624601844093e-03
1.197086346620880022e+03 -3.382334605995076030e-03 -9.787783934024569046e-03
1.197102087299033201e+03 -3.375786177207096197e-03 -9.702233192026997813e-03
1.197133552577851788e+03 -3.366642554145710207e-03 -9.510821926373279334e-03
1.197149320450805135e+03 -3.365946574622432404e-03 -9.404716693669278732e-03
1.197165072579566413e+03 -3.362007013151117104e-03 -9.293068302746317413e-03
1.197180750986571866e+03 -3.358987821770512226e-03 -9.175156363920656047e-03
1.197212029520460192e+03 -3.356700329867299496e-03 -8.940737951706249215e-03
1.197227639219406456e+03 -3.355951974482238205e-03 -8.824876187363965216e-03
1.197243280103957886e+03 -3.355366458069252052e-03 -8.711016387543719583e-03
1.197274622141309237e+03 -3.356323604240886091e-03 -8.479664179211690231e-03
1.197290316604676491e+03 -3.357875305925340365e-03 -8.366879889541036994e-03
1.197306033457617104e+03 -3.360605855970517572e-03 -8.263359163372240718e-03
1.197321775860052639e+03 -3.363203281485038342e-03 -8.161787198724144987e-03
1.197353319107974585e+03 -3.374939015700921009e-03 -7.996404581106578147e-03
1.197369074387514274e+03 -3.381502325155214157e-03 -7.932975150654220098e-03
1.197384810134291911e+03 -3.388753236836528678e-03 -7.851079163968932573e-03
1.197400524718772203e+03 -3.397258741165750957e-03 -7.770269247400901635e-03
1.197431894885727843e+03 -3.413962578627954131e-03 -7.612019367945492901e-03
1.197447573496063796e+03 -3.422490905561085140e-03 -7.519350906817527484e-03
1.197463268587667699e+03 -3.430230285761228307e-03 -7.424104886639466654e-03
1.197494670692879708e+03 -3.445652791868961031e-03 -7.229512558849281526e-03
1.197510381327845607e+03 -3.451748580306124910e-03 -7.131495923155944765e-03
1.197526085856101190e+03 -3.457569451403707562e-03 -7.035821874043992827e-03
1.197541795634138907e+03 -3.463416177591027365e-03 -6.940035215480850825e-03
1.197573260444363996e+03 -3.472347636503928317e-03 -6.878833413722758305e-03
1.197589003728206535e+03 -3.477521519314625935e-03 -6.771228999827022185e-03
1.197604768440635553e+03 -3.478460789694362044e-03 -6.671616809391833075e-03
1.197620537186022602e+03 -3.482473782981854084e-03 -6.677169600993721962e-03
1.197652110502928963e+03 -3.484977893244199307e-03 -6.954858811360656139e-03
1.197667856419727968e+03 -3.484254535117650708e-03 -7.408329681945048130e-03
1.197683597102408385e+03 -3.485197003763577332e-03 -7.571434383627166642e-03
1.197715038592258225e+03 -3.483818902160650509e-03 -7.905994274041294387e-03
1.197730735496258603e+03 -3.484224316123719391e-03 -8.133099182928647461e-03
1.197746430417492775e+03 -3.484546146439998406e-03 -8.242325396557146494e-03
1.197762124608121439e+03 -3.483334582582164191e-03 -8.300445560665781208e-03
1.197793512565347100e+03 -3.478581628717517405e-03 -8.471799850774008878e-03
1.197809232273825046e+03 -3.476463410826564123e-03 -8.577660672927360508e-03
1.197824950977138997e+03 -3.471004854217626077e-03 -8.707255305656930872e-03
1.197840683807228743e+03 -3.467921411645717624e-03 -8.864755396025179868e-03
1.197872209295253697e+03 -3.458050466818227142e-03 -9.165903760354357152e-03
1.197888002803451400e+03 -3.451730683655195465e-03 -9.315650857191966686e-03
1.197903792666150821e+03 -3.446017360248276960e-03 -9.516135736719104343e-03
1.197935285498555686e+03 -3.435296094365502401e-03 -9.827428242390922469e-03
1.197951012234365862e+03 -3.429044442826832510e-03 -9.931644121421263557e-03
1.197966723406398387e+03 -3.422402328730821380e-03 -1.000916057847393674e-02
1.197982417379297431e+03 -3.416645526956172980e-03 -1.006106712709318833e-02
1.198013805236534381e+03 -3.406907021520705174e-03 -1.006533104370481782e-02
1.198029500136740580e+03 -3.400994323627348943e-03 -1.003258521483892975e-02
1.198045201423037270e+03 -3.394129516877798444e-03 -9.993277456024662539e-03
1.198060921692875581e+03 -3.389351861409198394e-03 -9.922868903558935624e-03
1.198092396150403147e+03 -3.374559785195452993e-03 -9.774582293864769733e-03
1.198108129402920213e+03 -3.369442904505416583e-03 -9.686511596048297604e-03
1.198123848002769137e+03 -3.365133602523907690e-03 -9.591648077871602757e-03
1.198155380644136585e+03 -3.358012457058541251e-03 -9.381138307860650838e-03
1.198171116264821649e+03 -3.356340002762744652e-03 -9.268451612940601519e-03
1.198186775408592894e+03 -3.353603088341243748e-03 -9.146772223703738755e-03
1.198202420912574553e+03 -3.349317171743831489e-03 -9.029355240165504864e-03
1.198233650041875080e+03 -3.348826586691473241e-03 -8.798433204436460417e-03
1.198249300673318658e+03 -3.347905861469482099e-03 -8.682391493365814589e-03
1.198264972500492604e+03 -3.349291249333882434e-03 -8.567940220872961865e-03
1.198280657953441505e+03 -3.351938854706848752e-03 -8.450844499220219741e-03
1.198312085753394740e+03 -3.357922820812899584e-03 -8.238453236527795362e-03
1.198327834699053483e+03 -3.360361566141476658e-03 -8.138572978527583782e-03
1.198343600357724426e+03 -3.363751626509284883e-03 -8.049827751049162816e-03
1.198375144956877875e+03 -3.377868363923907085e-03 -7.914981464565326932e-03
1.198390852892494195e+03 -3.384623279705660775e-03 -7.831331938961532194e-03
1.198406558596169361e+03 -3.392863170430264821e-03 -7.752112607430030125e-03
1.198422245660245835e+03 -3.402816559270254587e-03 -7.675614841050705517e-03
1.198453608119906221e+03 -3.417718331516736950e-03 -7.496798735884991662e-03
1.198469303252604732e+03 -3.426038200895464500e-03 -7.401300949680086720e-03
1.198485002909468676e+03 -3.432055917792226594e-03 -7.304930114370538491e-03
1.198500710844494506e+03 -3.438123792991390829e-03 -7.205127284490686623e-03
1.198532127911547605e+03 -3.453716091363097113e-03 -7.012936195622219808e-03
1.198547847656037447e+03 -3.459456469443583475e-03 -6.917498633461474471e-03
1.198563583464499516e+03 -3.463724173572416912e-03 -6.877422067221982543e-03
1.198595068834023095e+03 -3.470807020164841383e-03 -6.737717990473786160e-03
1.198610832245636857e+03 -3.474825350605088327e-03 -6.667115541546391431e-03
1.198626620193527515e+03 -3.477703038515334109e-03 -6.693655631661971604e-03
1.198642396126851736e+03 -3.477814339825655542e-03 -6.789148338617899403e-03
1.198673913372374500e+03 -3.479284673056512022e-03 -7.525315249380088931e-03
1.198689654148876571e+03 -3.479910005420517021e-03 -7.557008742683789075e-03
1.198705373241365805e+03 -3.478594217172725767e-03 -7.690682181465608933e-03
1.198721077399414980e+03 -3.478862684820102202e-03 -7.982788766929616378e-03
1.198752465861877454e+03 -3.476253868037085248e-03 -8.255714798497494622e-03
1.198768158736987971e+03 -3.474756178498650174e-03 -8.323996209795320178e-03
1.198783851692219969e+03 -3.473801678167387150e-03 -8.406329965133792909e-03
1.198815283394453445e+03 -3.467730749698354643e-03 -8.611131373650805776e-03
1.198830998157512113e+03 -3.465016360770492056e-03 -8.746464614068590049e-03
1.198846745500604356e+03 -3.460756387534569267e-03 -8.910586715467735258e-03
1.198862503861337018e+03 -3.455364508110170089e-03 -9.082740218886307254e-03
1.198894076803206190e+03 -3.445449327664787398e-03 -9.371610911286402945e-03
1.198909850516362440e+03 -3.440257811745084729e-03 -9.576650095592035075e-03
1.198925599835385128e+03 -3.432966902968260896e-03 -9.749272250081927188e-03
1.198941340751576263e+03 -3.428689892149488789e-03 -9.867121406459252939e-03
1.198972762046370917e+03 -3.416561093325416656e-03 -1.003575826032029363e-02
1.198988453675762457e+03 -3.410347133798715367e-03 -1.007832911487364404e-02
1.199004146919272898e+03 -3.403785265234490504e-03 -1.008844510726375487e-02
1.199035534684904860e+03 -3.391798246473057363e-03 -1.003605185260638029e-02
1.199051245111572371e+03 -3.387016237275185249e-03 -9.984146517401058796e-03
1.199066970366294754e+03 -3.378813002034454244e-03 -9.914112211701450739e-03
1.199082701332892839e+03 -3.373619016661138191e-03 -9.842711321359099569e-03
1.199114177938846524e+03 -3.361385391718217912e-03 -9.670199033343231804e-03
1.199129923652864363e+03 -3.357854920753499447e-03 -9.573993812689371788e-03
1.199145679678215174e+03 -3.355078750628203745e-03 -9.470222086608082179e-03
1.199161448778815384e+03 -3.352152334514811854e-03 -9.358758382872461173e-03
1.199192814833024840e+03 -3.348329469205126290e-03 -9.120061314819856435e-03
1.199208447098697206e+03 -3.345379652474849211e-03 -9.005381949925414173e-03
1.199224052928117317e+03 -3.344284640634900916e-03 -8.888558910714687220e-03
1.199255336687487443e+03 -3.343320816541436348e-03 -8.656645851323368709e-03
1.199271012954835669e+03 -3.344004498307873510e-03 -8.540106630542516203e-03
1.199286704414803580e+03 -3.344286839029182203e-03 -8.424653225912733662e-03
1.199302416531377503e+03 -3.346519427341010725e-03 -8.317231529901094808e-03
1.199333912225662516e+03 -3.355453733926889309e-03 -8.117535935280282416e-03
1.199349687808181443e+03 -3.361181765966601755e-03 -8.032973232484303186e-03
1.199365453887651711e+03 -3.365439506712008741e-03 -7.971003609526849942e-03
1.199381205550500908e+03 -3.374814740477362005e-03 -7.898402192384331236e-03
1.199412598900845978e+03 -3.389245515128281108e-03 -7.735431344280269302e-03
1.199428294297313414e+03 -3.396948980509496840e-03 -7.658224435244225144e-03
1.199443970221301925e+03 -3.405627220199127208e-03 -7.570882758142690253e-03
1.199475355407567349e+03 -3.421926913319509479e-03 -7.380169523907587244e-03
1.199491056792913014e+03 -3.428356859652823344e-03 -7.282395274076505082e-03
1.199506764594254264e+03 -3.435247641795764750e-03 -7.182713482434542260e-03
1.199522471605690043e+03 -3.441089802269101453e-03 -7.086161410961787713e-03
1.199553908650622589e+03 -3.452401840697486794e-03 -6.900073973281937306e-03
1.199569646204327000e+03 -3.457984646035589926e-03 -6.885374621030848803e-03
1.199585384237979497e+03 -3.462947893915765268e-03 -6.842436250667044764e-03
1.199601144039592782e+03 -3.466565624217988507e-03 -6.710588112185084976e-03
1.199632700273327373e+03 -3.470440884659315404e-03 -6.715341329560590294e-03
1.199648486838480949e+03 -3.472614228183484864e-03 -6.842722118565836703e-03
1.199664234008797393e+03 -3.471791417229645477e-03 -7.192505927585613433e-03
1.199695711922340706e+03 -3.472537045678079741e-03 -7.559792371569062919e-03
1.199711428865072548e+03 -3.473557491501991831e-03 -7.776123941375938375e-03
1.199727129070898627e+03 -3.473990594959133326e-03 -8.050213358417100326e-03
1.199742825048821032e+03 -3.472765397371993870e-03 -8.199702736765792158e-03
1.199774206611671616e+03 -3.469210757859430509e-03 -8.347794253005847570e-03
1.199789900465327264e+03 -3.467078531998205211e-03 -8.430189066344283624e-03
1.199805616503904048e+03 -3.464200509159651685e-03 -8.527601329412057632e-03
1.199821340345871704e+03 -3.461457227065449158e-03 -8.649039827148874426e-03
1.199852817990689346e+03 -3.452586185656368861e-03 -8.967013401898739355e-03
1.199868578924769963e+03 -3.448411687712015124e-03 -9.130202296152486671e-03
1.199884374215103890e+03 -3.442927536223565257e-03 -9.247813989620656816e-03
1.199900167536025720e+03 -3.438913484659080703e-03 -9.439003928125496226e-03
1.199931665593207754e+03 -3.425945973954142281e-03 -9.801652159637809156e-03
1.199947399316589781e+03 -3.420323837645546962e-03 -9.909998211739842397e-03
1.199963115332250027e+03 -3.414357861052761886e-03 -1.000033109062259569e-02
1.199994505266974784e+03 -3.404131211398883985e-03 -1.009804631797198149e-02
