2.000151322092327746e+02 -3.975622889269592695e-03 -1.102841108754690561e-02
2.000308255696722881e+02 -3.974322975351564889e-03 -1.107886952483998037e-02
2.000465315312302153e+02 -3.971231132489489411e-03 -1.115902136857497423e-02
2.000622553945221114e+02 -3.969204686490918413e-03 -1.127846741415951433e-02
2.000937258166269999e+02 -3.958539019549397325e-03 -1.149882493571546122e-02
2.001094923693028989e+02 -3.954191320574004971e-03 -1.158917015877952705e-02
2.001252802683959260e+02 -3.948294146754305518e-03 -1.170354348440586119e-02
2.001410600598366614e+02 -3.941286087240171258e-03 -1.179698095397860823e-02
2.001725853412782499e+02 -3.929370628689759712e-03 -1.186645501110771689e-02
2.001883283879655266e+02 -3.921801822850870707e-03 -1.187142295753773960e-02
2.002040489087924868e+02 -3.914616010612916031e-03 -1.184889923457331518e-02
2.002354518164212607e+02 -3.901675359762752857e-03 -1.173044637394975165e-02
2.002511494568975081e+02 -3.895143176379688415e-03 -1.163463504079965787e-02
2.002668472449553860e+02 -3.889610813853710495e-03 -1.153333814502466650e-02
2.002825600996845026e+02 -3.884986734546973589e-03 -1.141911643583745986e-02
2.003139725761614329e+02 -3.872219880945750470e-03 -1.116212609599879883e-02
2.003296275201552987e+02 -3.867372482807102021e-03 -1.103560474774322939e-02
2.003452990191793788e+02 -3.863676652791713396e-03 -1.090816916074324738e-02
2.003610274854742386e+02 -3.860630584528756872e-03 -1.078256727372674077e-02
2.003925494005904397e+02 -3.852760767176739883e-03 -1.053918387531826983e-02
2.004082715710436560e+02 -3.849854455689884474e-03 -1.041488895188011181e-02
2.004239426037442797e+02 -3.846826012197777315e-03 -1.028950518322512865e-02
2.004552417161160633e+02 -3.841775441504895541e-03 -1.005389578993359789e-02
2.004708800478226181e+02 -3.841856130069935555e-03 -9.937500578470075813e-03
2.004865327964368191e+02 -3.842192991753523405e-03 -9.827307966050368576e-03
2.005022019001208662e+02 -3.842418149201825162e-03 -9.714197502721922187e-03
2.005335576839473504e+02 -3.847983297883779841e-03 -9.492657698887642034e-03
2.005492487965555597e+02 -3.854716055957774223e-03 -9.391709660625731024e-03
2.005649733590616108e+02 -3.861772153106329993e-03 -9.303654000120958542e-03
2.005807365250497298e+02 -3.867213975388181669e-03 -9.243630478714518622e-03
2.006123008698946819e+02 -3.883830120515318219e-03 -9.135542863116352663e-03
2.006280537613416186e+02 -3.894504663296597790e-03 -9.065122292337031429e-03
2.006437726012476617e+02 -3.903240222310769714e-03 -8.998209712737575625e-03
2.006751876457678065e+02 -3.921344372793489873e-03 -8.828373911921148440e-03
2.006908814328794222e+02 -3.932206078588114904e-03 -8.733698928650876492e-03
2.007065717063598242e+02 -3.938572386903365675e-03 -8.637817830234297001e-03
2.007222594152504200e+02 -3.947042117061387925e-03 -8.542686864986218792e-03
2.007536552202224698e+02 -3.959035425575768707e-03 -8.353396036538921973e-03
2.007693587317818071e+02 -3.965018091847740192e-03 -8.259885290309415193e-03
2.007850647727594264e+02 -3.971571644720398725e-03 -8.323010770380974768e-03
2.008007864243006395e+02 -3.978995616805672438e-03 -8.317013971219503962e-03
2.008322630636866108e+02 -3.988292900029764311e-03 -8.109747020495080075e-03
2.008480281607548932e+02 -3.993169279506291781e-03 -8.227060234601185282e-03
2.008637971861539597e+02 -3.994083377966688164e-03 -8.388432423539041866e-03
2.008953659489715164e+02 -3.998070817484788465e-03 -9.565438690916864412e-03
2.009111194666537870e+02 -3.999000442973515458e-03 -9.398375950921964914e-03
2.009268616639382401e+02 -3.996642983786915550e-03 -9.882076668704926556e-03
2.009425935627529611e+02 -3.998428869078309369e-03 -1.058092764575731606e-02
2.009740065560662003e+02 -3.997044162130754946e-03 -1.078879996686402803e-02
2.009896969991364131e+02 -3.996477937450543423e-03 -1.085969342287047834e-02
2.010053911902337518e+02 -3.994615024684715181e-03 -1.096779179552939340e-02
2.010210841219682436e+02 -3.992013064942449840e-03 -1.104100544691951138e-02
2.010524922393557574e+02 -3.987785302247950393e-03 -1.118659661638114929e-02
2.010682227402351998e+02 -3.983750951998072699e-03 -1.130865663245385518e-02
2.010839512475646131e+02 -3.980972845170885691e-03 -1.141919217479813072e-02
2.011154732323484779e+02 -3.969568923602847556e-03 -1.160549161583852330e-02
2.011312692222795135e+02 -3.964923101948682541e-03 -1.172276391352537923e-02
2.011470552183264147e+02 -3.958849306379120386e-03 -1.180027733337890225e-02
2.011628101665082227e+02 -3.952102406599899455e-03 -1.183638642184129709e-02
2.011942934254872739e+02 -3.938106723583823313e-03 -1.186101669891163543e-02
2.012100120333171844e+02 -3.933075577118992638e-03 -1.183229715123544287e-02
2.012257153234820350e+02 -3.926356870655253392e-03 -1.178219522000825865e-02
2.012414101866227156e+02 -3.919761528210072808e-03 -1.170496854696600683e-02
2.012728035190430091e+02 -3.906605654145842155e-03 -1.150772623223044258e-02
2.012885202904149082e+02 -3.899844254031318083e-03 -1.139005198587759657e-02
2.013042390304864284e+02 -3.894557337480532115e-03 -1.126180505971418125e-02
2.013355753232966094e+02 -3.884717298032900213e-03 -1.101281827762150105e-02
2.013512600137989352e+02 -3.883011969084251228e-03 -1.088648819069689203e-02
2.013669992549469328e+02 -3.877254099726578241e-03 -1.076414455156499139e-02
2.013827828442512384e+02 -3.874229705313774700e-03 -1.064047792295171740e-02
2.014142199243325706e+02 -3.865141365656203122e-03 -1.039509596237319332e-02
2.014298840352643367e+02 -3.863215275306465264e-03 -1.027086969478459462e-02
2.014455396718942097e+02 -3.863736258451648097e-03 -1.015441180645825468e-02
2.014611758216351518e+02 -3.862114985882357347e-03 -1.003598801048974538e-02
2.014924811715055171e+02 -3.860348047569387223e-03 -9.809671335482059509e-03
2.015081525455697147e+02 -3.862056654955713358e-03 -9.697797081632522978e-03
2.015238286218302335e+02 -3.864409939330185756e-03 -9.585245574904234511e-03
2.015552095385480129e+02 -3.872460099829576341e-03 -9.380617150054823550e-03
2.015709506381678580e+02 -3.878474106150329222e-03 -9.297601063568278201e-03
2.015867268086797139e+02 -3.889425680519306011e-03 -9.249920722303246745e-03
2.016025279061081221e+02 -3.897350220177890189e-03 -9.203296982597187342e-03
2.016340131026250333e+02 -3.915965862471887729e-03 -9.063119998363561650e-03
2.016497413463407327e+02 -3.925919775711632018e-03 -8.992711174848639494e-03
2.016654336853009681e+02 -3.933227130506714887e-03 -8.908930913447361821e-03
2.016811409325347597e+02 -3.944215739231617807e-03 -8.817333996514051947e-03
2.017125222124192305e+02 -3.960829749062437857e-03 -8.624070113949501917e-03
2.017282116419478939e+02 -3.969451774974617174e-03 -8.528461185564894381e-03
2.017439113817304985e+02 -3.975957880694725929e-03 -8.432957008601955559e-03
2.017753162439019832e+02 -3.987951112347495018e-03 -8.260380910317100672e-03
2.017910241009214758e+02 -3.993887170912397734e-03 -8.388721601052544566e-03
2.018067539049494314e+02 -3.999441715223260238e-03 -8.242247027982985141e-03
2.018224938506449746e+02 -4.003867120332830001e-03 -8.070902870944290236e-03
2.018540084690471303e+02 -4.010237733446056323e-03 -8.249741060693885353e-03
2.018697826264768480e+02 -4.014181678005573906e-03 -8.439138285391476618e-03
2.018855694308529110e+02 -4.015308666418140708e-03 -9.139462645483317077e-03
2.019013505166603295e+02 -4.017415843825973380e-03 -9.505285760673842094e-03
2.019328295558499065e+02 -4.016814476237490911e-03 -1.004065557054127297e-02
2.019485522722741848e+02 -4.016531048030017731e-03 -1.071656401896417532e-02
2.019642636106984241e+02 -4.014977145959480048e-03 -1.087549673619853455e-02
2.019956516119262346e+02 -4.015973044585784656e-03 -1.088706264850919023e-02
2.020113480801356616e+02 -4.014466916998931170e-03 -1.099039828255096718e-02
2.020270399916025212e+02 -4.012009582944604455e-03 -1.105795450060454918e-02
2.020427365506946273e+02 -4.009508038905266331e-03 -1.111634789417179428e-02
2.020741849236083851e+02 -4.001534089003740309e-03 -1.133616044267034273e-02
2.020899225976729952e+02 -3.998602082798869729e-03 -1.143627295816883500e-02
2.021056882390611520e+02 -3.991948968724247024e-03 -1.152237440675001577e-02
2.021214606758059915e+02 -3.987407177498343384e-03 -1.162747545697229851e-02
2.021530383029699749e+02 -3.974840041080794466e-03 -1.179926519313747799e-02
2.021687857885183632e+02 -3.967928656477944828e-03 -1.183175441288769614e-02
2.021845264954546337e+02 -3.961537993329851751e-03 -1.185159081788162740e-02
2.022002535078568428e+02 -3.955004166819296903e-03 -1.184419834255594391e-02
2.022316650412431613e+02 -3.941459454963771106e-03 -1.175564637223912301e-02
2.022473625893878193e+02 -3.936661592601531368e-03 -1.167234148813856183e-02
2.022630586090772056e+02 -3.931396992214833061e-03 -1.157461243398470903e-02
2.022944869214048254e+02 -3.918846712386091224e-03 -1.135099259004996967e-02
2.023101951036084358e+02 -3.914022120959109556e-03 -1.122710743739032888e-02
2.023258568312027421e+02 -3.904945999071330383e-03 -1.110439251302152222e-02
2.023415185918014174e+02 -3.903079391530661895e-03 -1.098015180242028523e-02
2.023729736218536459e+02 -3.895863918421210454e-03 -1.073395484970486417e-02
2.023887526503637559e+02 -3.890582435898623688e-03 -1.061334965554266291e-02
2.024044803042072829e+02 -3.888314165928513904e-03 -1.049199701386846310e-02
2.024201642412033664e+02 -3.884923026493980816e-03 -1.036639760635250235e-02
2.024514642389374330e+02 -3.879680530334664573e-03 -1.012852548847668899e-02
2.024671006885556608e+02 -3.878713595923301369e-03 -1.001032247641506223e-02
2.024827508220818402e+02 -3.878394739008293214e-03 -9.896232369558159714e-03
2.025140961383777096e+02 -3.882221989189278168e-03 -9.672249401583780937e-03
2.025297750800192773e+02 -3.886283354425939477e-03 -9.558601835802892077e-03
2.025454613113789435e+02 -3.889466614653842857e-03 -9.454235875959305160e-03
2.025611700493140575e+02 -3.896742775882117583e-03 -9.362130996975139355e-03
2.025927124504170536e+02 -3.908981893697454323e-03 -9.248193298422208858e-03
2.026084988786248289e+02 -3.920650293068832573e-03 -9.190181927154367561e-03
2.026242523015715165e+02 -3.928759105588403890e-03 -9.116608820817382816e-03
2.026556870940499664e+02 -3.945942582547233568e-03 -8.976836001244587956e-03
2.026713868966250232e+02 -3.958696472980439800e-03 -8.890170482483649578e-03
2.026870862426781628e+02 -3.966094785403531144e-03 -8.797859657403081513e-03
2.027027713444477115e+02 -3.974538167125098165e-03 -8.700259798709928175e-03
2.027341559137400111e+02 -3.988653257354545650e-03 -8.507281802317308295e-03
2.027498579801574294e+02 -3.995106065347499118e-03 -8.411510146432184601e-03
2.027655621613434960e+02 -4.002815271218707928e-03 -8.314506106391931009e-03
2.027812667753347284e+02 -4.011286465910121439e-03 -8.278325472305192792e-03
2.028127203819033468e+02 -4.022394345922677972e-03 -8.164281202830700815e-03
2.028284529635626257e+02 -4.025287153845780522e-03 -8.081942213920988508e-03
2.028442139223946583e+02 -4.028779567946022371e-03 -8.167263247842525276e-03
2.028757743066646810e+02 -4.035586370363595556e-03 -8.507391261090848159e-03
2.028915456709547129e+02 -4.035848430970524758e-03 -9.384321831819497986e-03
2.029073152690291977e+02 -4.035994958466121788e-03 -9.412230337781084949e-03
2.029230555992705831e+02 -4.037785613620924370e-03 -9.551717503201356818e-03
2.029545066230940904e+02 -4.035521676930643731e-03 -1.080332229562292953e-02
2.029702085877726176e+02 -4.035678694696429730e-03 -1.084500067371702535e-02
2.029859004345871938e+02 -4.034479224857491671e-03 -1.079866672942029343e-02
2.030015957599945295e+02 -4.033134056560487915e-03 -1.090345455435443207e-02
2.030329842195794754e+02 -4.031160289227341507e-03 -1.107162956124606648e-02
2.030486911639760876e+02 -4.029469271549283860e-03 -1.113401725680798066e-02
2.030644203932608036e+02 -4.024968586545169501e-03 -1.124030170741613724e-02
2.030801412576041685e+02 -4.021446690413876812e-03 -1.135679633344172969e-02
2.031116597439244629e+02 -4.011317571476128926e-03 -1.152885203251578609e-02
2.031274510113362339e+02 -4.007169465664126712e-03 -1.164693317177457541e-02
2.031432306431990753e+02 -3.999746410474624980e-03 -1.174307474674621266e-02
2.031747487983913629e+02 -3.985684755849958766e-03 -1.182580094862319305e-02
2.031904898201284482e+02 -3.980463085906639498e-03 -1.184132896371711298e-02
2.032062117419156664e+02 -3.972765726124673040e-03 -1.182816453950098767e-02
2.032219149076759379e+02 -3.967062941211597742e-03 -1.179178673919705454e-02
2.032533068153778970e+02 -3.953228751363078129e-03 -1.164359536324808403e-02
2.032690029809175201e+02 -3.946931339011105523e-03 -1.154744182569115291e-02
2.032847173335523507e+02 -3.941533839343596031e-03 -1.144385418351018951e-02
2.033004442857901779e+02 -3.936364612324676562e-03 -1.131855982767872824e-02
2.033317908825558789e+02 -3.925156616344549140e-03 -1.107767202750218651e-02
2.033474625417865411e+02 -3.923267090327125367e-03 -1.095395381894637317e-02
2.033631916858620627e+02 -3.918251233238032386e-03 -1.083298922698967479e-02
2.033947109588292506e+02 -3.910522238600354361e-03 -1.058967380692267535e-02
2.034104272779055691e+02 -3.906803465603261166e-03 -1.046776918288503701e-02
2.034260962474541827e+02 -3.903814189117390827e-03 -1.034242364425456626e-02
2.034417579441899306e+02 -3.902195028830520666e-03 -1.022301136730108598e-02
2.034730295468355905e+02 -3.899673041456162056e-03 -9.988181283495075127e-03
2.034886847118661990e+02 -3.899749293193212427e-03 -9.875224938091727717e-03
2.035043572021612590e+02 -3.900971843803365327e-03 -9.761247519813632048e-03
2.035200366613783274e+02 -3.902300212989897026e-03 -9.648565120650490906e-03
2.035514110481414889e+02 -3.910272318022735977e-03 -9.436611053620433745e-03
2.035671360302018513e+02 -3.917959852994376026e-03 -9.347118073223107879e-03
2.035829043800843579e+02 -3.924225049624244753e-03 -9.284981296726949745e-03
2.036144610437120548e+02 -3.940586917953630038e-03 -9.178161834669277055e-03
2.036302088952562030e+02 -3.952093141389083873e-03 -9.107684983530647121e-03
2.036459302691973221e+02 -3.960982833707288146e-03 -9.041017677961062440e-03
2.036616280712961498e+02 -3.971210240311957157e-03 -8.962686883740616367e-03
2.036930279613957566e+02 -3.989467530888285603e-03 -8.779805213703148828e-03
2.037087197795073337e+02 -3.998712582364927735e-03 -8.681175247545030657e-03
2.037244096838241774e+02 -4.005225330593523321e-03 -8.583101849188375099e-03
2.037401035945294154e+02 -4.012012494649512886e-03 -8.488616623636304967e-03
2.037715090880953710e+02 -4.024159877727343307e-03 -8.295335497312504580e-03
2.037872154928122654e+02 -4.029979527469498141e-03 -8.330813672654199115e-03
2.038029404613304507e+02 -4.036425898213748774e-03 -8.368870987827702057e-03
2.038344227931092405e+02 -4.047447679151196243e-03 -8.108073353099593331e-03
2.038501869995013749e+02 -4.052181241763800137e-03 -8.183257555087829205e-03
2.038659570232561862e+02 -4.052745680634345718e-03 -8.283504065251599824e-03
2.038817496119703776e+02 -4.055084122910775773e-03 -8.620572496964231876e-03
2.039132741139648317e+02 -4.056489079772779456e-03 -9.345112570137630720e-03
2.039290159319111240e+02 -4.055710502975665155e-03 -9.682329927179135487e-03
2.039447452707581760e+02 -4.056309657523561769e-03 -1.032987313845014181e-02
2.039604583537876294e+02 -4.057439531026179116e-03 -1.085340798573164976e-02
2.039918492449860992e+02 -4.055876645038568491e-03 -1.081422382221296739e-02
2.040075418247712946e+02 -4.054259041179082007e-03 -1.092579146880312199e-02
2.040232337593830607e+02 -4.051899170816622431e-03 -1.102688241890227051e-02
2.040546454962504015e+02 -4.046373788449453973e-03 -1.115790261343408210e-02
2.040703762512738706e+02 -4.043603237008128182e-03 -1.127151944704354869e-02
2.040861058334128302e+02 -4.040688718546993352e-03 -1.137550995040775489e-02
2.041018643294507626e+02 -4.035215865159059827e-03 -1.144955870135955234e-02
2.041334273372060579e+02 -4.023438828156996813e-03 -1.166849931796722431e-02
2.041492166885865345e+02 -4.018577325807481428e-03 -1.174723759376533963e-02
2.041649649964313369e+02 -4.010021833871662590e-03 -1.178731704600693812e-02
2.041807098165282639e+02 -4.003411338913832884e-03 -1.182329852072669385e-02
2.042121621196887702e+02 -3.991088218133003254e-03 -1.181442260394695472e-02
2.042278617303222177e+02 -3.986063818547025059e-03 -1.177430994844091972e-02
2.042435608346546303e+02 -3.979520352475859543e-03 -1.170676402581361485e-02
2.042749510404398166e+02 -3.966386868230666746e-03 -1.152271445934783221e-02
2.042906705726432790e+02 -3.959998023233309537e-03 -1.141428548549741281e-02
2.043063961932074051e+02 -3.953631742737929305e-03 -1.129245126554187517e-02
2.043220720721022872e+02 -3.948086313991286053e-03 -1.117444486005051210e-02
2.043534193912845183e+02 -3.938722799603571259e-03 -1.093218386837516501e-02
2.043691540072512680e+02 -3.936388835733536061e-03 -1.081254110895632850e-02
2.043849374233815581e+02 -3.931081479416561469e-03 -1.068975728439083665e-02
2.044006728480377433e+02 -3.929942244089062835e-03 -1.057154612799249271e-02
2.044320314325753429e+02 -3.922731341638082021e-03 -1.032170331827447080e-02
2.044476833107785581e+02 -3.922407902659737038e-03 -1.020478974876461685e-02
2.044633174608379136e+02 -3.919700204446128350e-03 -1.008558417745800996e-02
2.044946264930385098e+02 -3.919978708271683668e-03 -9.854784490602869207e-03
2.045103054187977136e+02 -3.920404179135070222e-03 -9.742189722477933439e-03
2.045259839664220465e+02 -3.922446572167870814e-03 -9.628276538973834162e-03
2.045416655890726645e+02 -3.926000455848292943e-03 -9.519439599046174844e-03
2.045731106500433043e+02 -3.936631110579329879e-03 -9.338489614690085455e-03
2.045888888046762020e+02 -3.945453414057469542e-03 -9.288707932787923505e-03
2.046046876758728104e+02 -3.954301477076903500e-03 -9.243026266088954362e-03
2.046204356372793143e+02 -3.963821214446008011e-03 -9.170201804832731063e-03
2.046518872325552820e+02 -3.982386103544387559e-03 -9.033897430516850402e-03
2.046675819237404710e+02 -3.990705981716002534e-03 -8.951699538932166716e-03
2.046832841770805942e+02 -4.001360082673545773e-03 -8.861833767967593548e-03
2.047146649050754377e+02 -4.017266161776895939e-03 -8.665263446819958942e-03
2.047303559697809874e+02 -4.025543828386748436e-03 -8.566553390975157820e-03
2.047460553962862093e+02 -4.033563180564623575e-03 -8.471989779671090792e-03
2.047617610634221137e+02 -4.040558883857707159e-03 -8.376154675548246054e-03
2.047931736759123851e+02 -4.052536617132706728e-03 -8.398865299351306046e-03
2.048089060232419456e+02 -4.058855864517290322e-03 -8.299504852736529908e-03
2.048246427346911673e+02 -4.061230704631279415e-03 -8.095963328468258960e-03
2.048403941647537749e+02 -4.066383555024474100e-03 -8.137114036341562551e-03
2.048719440244845771e+02 -4.072118843118154724e-03 -8.312367596755031868e-03
2.048877254051311638e+02 -4.072672210858231320e-03 -8.794516770713706882e-03
2.049035036660533535e+02 -4.073732629686271055e-03 -9.583566749098076931e-03
2.049349799534608962e+02 -4.074907224473525713e-03 -9.827427886576624305e-03
2.049506994576312877e+02 -4.074744407712972694e-03 -1.045698204169139695e-02
2.049664082761761961e+02 -4.073103459816011448e-03 -1.087328773829801878e-02
2.049821015554321946e+02 -4.072666881752114859e-03 -1.080053212855176283e-02
2.050134912505404827e+02 -4.073161961463310499e-03 -1.095331005048619938e-02
2.050291862338237934e+02 -4.071251744878200476e-03 -1.104690841099852279e-02
2.050448866892690205e+02 -4.068157742168482249e-03 -1.110314849225253579e-02
2.050606089989352370e+02 -4.066996649199970497e-03 -1.118922612287353777e-02
2.050920753209601628e+02 -4.056611544535159049e-03 -1.139785021590896015e-02
2.051078405732206988e+02 -4.051776789541073134e-03 -1.147028725824773138e-02
2.051236216518140338e+02 -4.045781552664600746e-03 -1.157963101238048374e-02
2.051551893956244896e+02 -4.032260708772167010e-03 -1.176162992694695063e-02
2.051709350253626667e+02 -4.028114468881736562e-03 -1.180364593940677609e-02
2.051866769446484113e+02 -4.020123275620792261e-03 -1.183685492726991445e-02
2.052024011006366493e+02 -4.013361743135599943e-03 -1.184049298331398860e-02
2.052338089715119054e+02 -3.999703895588066667e-03 -1.177131120962206928e-02
2.052495064192933114e+02 -3.994140587373547560e-03 -1.169974440171923230e-02
2.052652018160270586e+02 -3.989226064231175296e-03 -1.160727763462857803e-02
2.052809046692840980e+02 -3.983674608955797662e-03 -1.151556329532219848e-02
2.053123445221908128e+02 -3.971772944988600541e-03 -1.128084778361890250e-02
2.053280054983497678e+02 -3.963480187909746918e-03 -1.116328395859054676e-02
2.053436705843856771e+02 -3.959607341091966708e-03 -1.104236911444892583e-02
2.053751322452053785e+02 -3.954468171959351318e-03 -1.080051153200650704e-02
2.053909066496946139e+02 -3.950263769456338787e-03 -1.067952896432611959e-02
2.054066364186876115e+02 -3.946728998577063961e-03 -1.055936806418072797e-02
2.054223140738223492e+02 -3.943375031253196911e-03 -1.043413374902994219e-02
2.054536147348809152e+02 -3.936805814205621146e-03 -1.019401081095588739e-02
2.054692486177992521e+02 -3.936215391916676916e-03 -1.007421320041173955e-02
2.054849007132401653e+02 -3.936052136128040911e-03 -9.959708499605349555e-03
2.055005726702537743e+02 -3.935560614152344705e-03 -9.843570018269642147e-03
2.055319380201612205e+02 -3.941225872938392168e-03 -9.616413775378689077e-03
2.055476278500523222e+02 -3.946026134151113876e-03 -9.512005615618799453e-03
2.055633412879506068e+02 -3.951886710339766982e-03 -9.418819039231010951e-03
2.055948853468525215e+02 -3.963576571195696549e-03 -9.299029144136260541e-03
2.056106634475692942e+02 -3.972873933411815751e-03 -9.242883905579184906e-03
2.056264176530364978e+02 -3.982166794609394433e-03 -9.169181721449707473e-03
2.056421304243298209e+02 -3.990357476285622852e-03 -9.104156103117346660e-03
2.056735451651377957e+02 -4.010212137426627348e-03 -8.945781063961062013e-03
2.056892416009432623e+02 -4.019367373422788603e-03 -8.854385987087081550e-03
2.057049275079990309e+02 -4.026223717610694607e-03 -8.756339554061558922e-03
2.057206180518858218e+02 -4.035478014002274495e-03 -8.653536583177688299e-03
2.057520142187537431e+02 -4.047373668073840983e-03 -8.462059642909055060e-03
2.057677185432805800e+02 -4.054066766071449598e-03 -8.363831572156402508e-03
2.057834239317108427e+02 -4.062152713199557869e-03 -8.306829195365118129e-03
2.058148838458831449e+02 -4.073445099087268963e-03 -8.234182134499461528e-03
2.058306163113448122e+02 -4.078394565082800807e-03 -8.106395196220902988e-03
2.058463810446520768e+02 -4.082326435799383396e-03 -8.161856387648719000e-03
2.058621501813382224e+02 -4.085298428743010073e-03 -8.207322086535538685e-03
2.058937150619887859e+02 -4.089281652703532013e-03 -9.031269494293959685e-03
2.059094756104823887e+02 -4.090435574368701810e-03 -9.534904371121004016e-03
2.059252175875840578e+02 -4.089126957014914583e-03 -9.379221066972360035e-03
2.059409512000374605e+02 -4.091047673513085146e-03 -9.974540085154807306e-03
2.059723656205807458e+02 -4.089493056644579252e-03 -1.087115911027475290e-02
2.059880572189509280e+02 -4.088898435117353271e-03 -1.079453289383538669e-02
2.060037521927137618e+02 -4.087296637929608255e-03 -1.086219658475592008e-02
2.060351405553039967e+02 -4.083681359107932222e-03 -1.106626572687616911e-02
2.060508508407557429e+02 -4.082859107892685552e-03 -1.112390653486996367e-02
2.060665797166921891e+02 -4.077797467607837192e-03 -1.121376287459066069e-02
2.060823042568397341e+02 -4.075545907423871149e-03 -1.132181233076829004e-02
2.061138236022988508e+02 -4.064618757540432170e-03 -1.148256459505350192e-02
2.061296181567709596e+02 -4.061012281210254864e-03 -1.160169942858789612e-02
2.061454001366493571e+02 -4.054357053092574360e-03 -1.170552282352168433e-02
2.061611620863974395e+02 -4.048386268184084487e-03 -1.176101345428931001e-02
2.061926479624005992e+02 -4.034409946181869919e-03 -1.183596983129624192e-02
2.062083702341425919e+02 -4.028688495031435002e-03 -1.183055853446163264e-02
2.062240729447431136e+02 -4.021645439007796169e-03 -1.180482866886262659e-02
2.062554622458888502e+02 -4.008279108166165269e-03 -1.167862764475762274e-02
2.062711561736444139e+02 -4.001649853670847037e-03 -1.158711240484483658e-02
2.062868665383321058e+02 -3.995359405967377313e-03 -1.149459441862407498e-02
2.063026009361814204e+02 -3.989899807558526003e-03 -1.137462371503256131e-02
2.063339543959463072e+02 -3.978745956863317425e-03 -1.114210976584724053e-02
2.063496305645461462e+02 -3.978089777691976546e-03 -1.102261319901214585e-02
2.063653584729313195e+02 -3.971105757370275817e-03 -1.090280795383816691e-02
2.063811284854614314e+02 -3.970804067315705614e-03 -1.078003443153648100e-02
2.064125937385583711e+02 -3.960026532478059212e-03 -1.053831810885330102e-02
2.064282602755432663e+02 -3.957574547026046149e-03 -1.041243859931971320e-02
2.064439217487814915e+02 -3.957289311586129413e-03 -1.029202858550282325e-02
2.064751953937516760e+02 -3.953550780651883534e-03 -1.005441422685936226e-02
2.064908532344094567e+02 -3.952218842291585835e-03 -9.939164040964579283e-03
2.065065280610172351e+02 -3.953321654578855621e-03 -9.824069070682582561e-03
2.065222108163837049e+02 -3.954307402074654608e-03 -9.709412655303796200e-03
2.065535936841230011e+02 -3.960101011449193749e-03 -9.496729170397752093e-03
2.065693227880626068e+02 -3.966138558043137002e-03 -9.404695014161815192e-03
2.065850925975090320e+02 -3.974901795974079485e-03 -9.337798165419353147e-03
2.066008901319779056e+02 -3.983059621434920615e-03 -9.297376336453016046e-03
2.066323854779163298e+02 -4.000426947663894041e-03 -9.160334076522516633e-03
2.066481097573371528e+02 -4.009353944245954218e-03 -9.093585180402151066e-03
2.066638000056312592e+02 -4.017916530287815244e-03 -9.016795762853893961e-03
2.066951959227887983e+02 -4.036507452082031475e-03 -8.836162489666243153e-03
2.067108887393909811e+02 -4.046781863598687516e-03 -8.735391157733448167e-03
2.067265797321573189e+02 -4.054299542137668882e-03 -8.632732918877185010e-03
2.067422779662557559e+02 -4.060126517438391452e-03 -8.535995057241826944e-03
2.067736822757620132e+02 -4.072858200556988065e-03 -8.340925452285184033e-03
2.067893893021645226e+02 -4.078728352866815843e-03 -8.329610855799959857e-03
2.068051169755154035e+02 -4.084472408241445439e-03 -8.431749530685631391e-03
2.068208586463225629e+02 -4.090376264687749751e-03 -8.174760221516478437e-03
2.068523679969982823e+02 -4.098101981220358264e-03 -8.169102148865837326e-03
2.068681409413179040e+02 -4.100944179672002567e-03 -8.213777965940154482e-03
2.068839303015144253e+02 -4.102733531610173318e-03 -8.410461152986397140e-03
2.069154526510439496e+02 -4.103231329875577961e-03 -9.439070004646433337e-03
2.069311928953817414e+02 -4.104585544670810195e-03 -9.461566773779047160e-03
2.069469184008835043e+02 -4.104360519593229159e-03 -1.011090020199601272e-02
2.069626312026435926e+02 -4.104429590456352799e-03 -1.067010328077354527e-02
2.069940221294220635e+02 -4.105260873730694031e-03 -1.080318560864704062e-02
2.070097165498506229e+02 -4.103274880143565305e-03 -1.089024488200479243e-02
2.070254070253386942e+02 -4.101517259737376409e-03 -1.101465228748292093e-02
2.070411033979555384e+02 -4.099130133414941729e-03 -1.108553232719182088e-02
2.070725510149504771e+02 -4.092652315332115029e-03 -1.124294383379463060e-02
2.070882837254624178e+02 -4.090026662334383598e-03 -1.134256781813112666e-02
2.071040457302150344e+02 -4.082877905836767088e-03 -1.140943296039389175e-02
2.071356077594690248e+02 -4.072586109024074925e-03 -1.162734382425472009e-02
2.071513955803962403e+02 -4.067981287878582111e-03 -1.171022538813772280e-02
2.071671429568234259e+02 -4.059372658542801347e-03 -1.176020935935474972e-02
2.071828858098868693e+02 -4.053705804024524371e-03 -1.180947680501219857e-02
2.072143329870229707e+02 -4.039730751717780094e-03 -1.182232194562534908e-02
2.072300316532680995e+02 -4.035090807235957623e-03 -1.179433389835721213e-02
2.072457287652565299e+02 -4.029758974488728031e-03 -1.174016208604842550e-02
2.072614259618191852e+02 -4.023242828879731135e-03 -1.165760191117669493e-02
2.072928360051382128e+02 -4.010657020700287775e-03 -1.147132579489180612e-02
2.073085668267322603e+02 -4.004714671712286851e-03 -1.135533902475984423e-02
2.073242449382905477e+02 -3.997191423605853285e-03 -1.124223524149046624e-02
2.073556102832340855e+02 -3.986988017100318894e-03 -1.100787056104730356e-02
2.073713374639015399e+02 -3.986384449128689902e-03 -1.088753454802498556e-02
2.073871210534853446e+02 -3.981750976973647861e-03 -1.076570082804675227e-02
2.074028603834696867e+02 -3.980705680868249982e-03 -1.064700884306109090e-02
2.074342155441994748e+02 -3.973927237379481017e-03 -1.039621441214339491e-02
2.074498632309371260e+02 -3.971068391564250115e-03 -1.027747381126581025e-02
2.074654965508283055e+02 -3.968704890036109031e-03 -1.015755949070822929e-02
2.074811434932370844e+02 -3.967304575556445008e-03 -1.003696360827502874e-02
2.075124927882694976e+02 -3.969797632359028591e-03 -9.807049548056221908e-03
2.075281800106924095e+02 -3.971025717914634413e-03 -9.690201537931273160e-03
2.075438659149328942e+02 -3.973436094145382791e-03 -9.581138069378937819e-03
2.075753150039018351e+02 -3.983642781633748957e-03 -9.395360903727405580e-03
2.075910940774830635e+02 -3.989291847689867797e-03 -9.339515955345868009e-03
2.076068885258163448e+02 -3.999958230091350993e-03 -9.295133194599134244e-03
2.076226397509150559e+02 -4.008021105259527289e-03 -9.223184381092713532e-03
2.076540780964597275e+02 -4.024655243674662292e-03 -9.085663636977497556e-03
2.076697749130633497e+02 -4.036061429018330052e-03 -9.006197415728729727e-03
2.076854714402261664e+02 -4.044581799329195065e-03 -8.917744201942478383e-03
2.077011567484961461e+02 -4.054277480824625135e-03 -8.822321499558236080e-03
2.077325431749459028e+02 -4.067519897687789897e-03 -8.616170637840498553e-03
2.077482449259435384e+02 -4.075282454367376572e-03 -8.519907328126536533e-03
2.077639494123271220e+02 -4.083322141980602095e-03 -8.424104782691682267e-03
2.077953689804093358e+02 -4.096306241419933603e-03 -8.382321362370836332e-03
2.078111024755905305e+02 -4.103157385705559143e-03 -8.386530229440140177e-03
2.078268367750360994e+02 -4.104963311534664920e-03 -8.139124217492623922e-03
2.078425938887322673e+02 -4.109119635517978139e-03 -8.139258307229408490e-03
2.078741518099743644e+02 -4.115734936033036036e-03 -8.227154408396154112e-03
2.078899253504505111e+02 -4.116449961971941664e-03 -8.498144178789414707e-03
2.079056991683112301e+02 -4.116653356229027678e-03 -9.504454042563014599e-03
2.079214387055440909e+02 -4.120290276697068446e-03 -9.356915373440301623e-03
2.079528912922833399e+02 -4.118147106795583615e-03 -1.023493060114468410e-02
2.079685967838246086e+02 -4.117867142495231642e-03 -1.074710946026582493e-02
2.079842895837141725e+02 -4.116886970940596309e-03 -1.085015441750891881e-02
2.080156801809251021e+02 -4.116677154329356596e-03 -1.092544606622572641e-02
2.080313738839218729e+02 -4.116061394537610767e-03 -1.104248953053142170e-02
2.080470804054132827e+02 -4.113651338834740066e-03 -1.110907565968966004e-02
2.080628045805348734e+02 -4.111336502760415922e-03 -1.117930923922693699e-02
2.080942732028213129e+02 -4.101672458790321489e-03 -1.136710442678953541e-02
2.081100383222957646e+02 -4.097506270139076798e-03 -1.142906716468149869e-02
2.081258264476580564e+02 -4.092371385824220692e-03 -1.153037175145436681e-02
2.081416053736820402e+02 -4.085351348101992630e-03 -1.165470222493629124e-02
2.081731283746360361e+02 -4.073367000244883587e-03 -1.177326405091672600e-02
2.081888716570662723e+02 -4.066514200142844378e-03 -1.182109956427287653e-02
2.082045924441218858e+02 -4.059203922419491427e-03 -1.183355051222346500e-02
2.082202998580263795e+02 -4.053679483914313271e-03 -1.182038055039847171e-02
2.082516928045957627e+02 -4.039980576973339205e-03 -1.172780111108595071e-02
2.082673879221453888e+02 -4.033936686193340115e-03 -1.164226784029510041e-02
2.082830865210234492e+02 -4.028842039685559019e-03 -1.156232542083838154e-02
2.083145343413019930e+02 -4.015782162858674322e-03 -1.133866186756330580e-02
2.083301986359636544e+02 -4.010534862134147553e-03 -1.122747084327734707e-02
2.083458720958096251e+02 -4.006122859666743155e-03 -1.111166881521297167e-02
2.083615929760253778e+02 -4.003718931898440220e-03 -1.099351220790640085e-02
2.083931098434653109e+02 -3.997347401401642880e-03 -1.075111607756349882e-02
2.084088414650531149e+02 -3.994181118490979475e-03 -1.063313329763355790e-02
2.084245167005677786e+02 -3.990486644750442825e-03 -1.050642872021857396e-02
2.084401823198280965e+02 -3.987581186373450118e-03 -1.038206585745946910e-02
2.084714495025723693e+02 -3.983039667120203547e-03 -1.014174969418734328e-02
2.084871036391266159e+02 -3.982457469122139583e-03 -1.002500848390205403e-02
2.085027777184353113e+02 -3.981780756519278514e-03 -9.906512093905885802e-03
2.085341517330644479e+02 -3.983489852403601476e-03 -9.675625385177809984e-03
2.085498466187322322e+02 -3.988846000396326953e-03 -9.570271136816273574e-03
2.085655653547776467e+02 -3.994457312703689200e-03 -9.474936133307992892e-03
2.085813203931087685e+02 -3.998508134257933340e-03 -9.392172994550706394e-03
2.086128819419234333e+02 -4.012641848603409715e-03 -9.292169947987261036e-03
2.086286327502188840e+02 -4.023089214164150482e-03 -9.217866709984774004e-03
2.086443484467644680e+02 -4.031572206888633589e-03 -9.150400010102430551e-03
2.086600497313562244e+02 -4.041803665550866217e-03 -9.079369669547197527e-03
2.086914453366853479e+02 -4.060099948691997529e-03 -8.906020808441267658e-03
2.087071369650657857e+02 -4.067286539679897811e-03 -8.808243838984012794e-03
2.087228252402819919e+02 -4.075494787233934109e-03 -8.703479072070995082e-03
2.087542230523024216e+02 -4.088118219090275396e-03 -8.505777287899599082e-03
2.087699269920121310e+02 -4.094263207559735787e-03 -8.408377288052295423e-03
2.087856330280721977e+02 -4.100766430753050897e-03 -8.325972135580296182e-03
2.088013553683677515e+02 -4.108325640286359000e-03 -8.442133836916464185e-03
2.088328344417927553e+02 -4.118648189347933961e-03 -8.127722652086716640e-03
2.088485997885038898e+02 -4.124142688974376594e-03 -8.161025914128197320e-03
2.088643693386565019e+02 -4.124921259874232519e-03 -8.177052946615952916e-03
2.088801624611790544e+02 -4.128293570805980500e-03 -8.245772373732999580e-03
2.089116885975657567e+02 -4.130918861395267531e-03 -9.618272042493360152e-03
2.089274309405091401e+02 -4.129023051797712715e-03 -9.309108244769987231e-03
2.089431618286126877e+02 -4.131064234926883766e-03 -9.715192127764992261e-03
2.089745759939297045e+02 -4.130980002507299298e-03 -1.079547441916747785e-02
2.089902669572533966e+02 -4.130823199200327721e-03 -1.083641478546983061e-02
2.090059611436434182e+02 -4.129414176723936354e-03 -1.083956489171282629e-02
2.090216540217658689e+02 -4.127182465528578433e-03 -1.095928843097826282e-02
2.090530632303108973e+02 -4.123425043680383102e-03 -1.112857686962425395e-02
2.090687927547216134e+02 -4.120239315387642584e-03 -1.120521346847124303e-02
2.090845206410397168e+02 -4.117784746791834302e-03 -1.130811869286944826e-02
2.091002753089038038e+02 -4.114391886284639657e-03 -1.139263628251002865e-02
2.091318355839967751e+02 -4.102303300657255888e-03 -1.156901879859621556e-02
2.091476224237590884e+02 -4.096821418832875990e-03 -1.168495319271190512e-02
2.091633748701112836e+02 -4.089884409949736711e-03 -1.174456983443215689e-02
2.091948571545481173e+02 -4.076613958830418473e-03 -1.184263704935328322e-02
2.092105761532101553e+02 -4.071723207406000543e-03 -1.184746415503457745e-02
2.092262799736345755e+02 -4.065559135404208518e-03 -1.183176846622496954e-02
2.092419760900197048e+02 -4.058704038053726620e-03 -1.179445460998008489e-02
2.092733618154267958e+02 -4.045537198550270934e-03 -1.164224518281303800e-02
2.092890650245999495e+02 -4.039114478179159362e-03 -1.155735089091888303e-02
2.093048033290096726e+02 -4.032446688503529657e-03 -1.144323079630828015e-02
2.093205045563697126e+02 -4.027354920792270039e-03 -1.133290004808406963e-02
2.093518615002651870e+02 -4.018928136556360574e-03 -1.110579386134306207e-02
2.093675838812099812e+02 -4.014351561427583447e-03 -1.098659770308704937e-02
2.093833560377532876e+02 -4.011697968839950806e-03 -1.086496488059841489e-02
2.094148237684248954e+02 -4.003255317343300777e-03 -1.062379827381963564e-02
2.094304867684463431e+02 -4.000789708365431671e-03 -1.049643342642073152e-02
2.094461473692012419e+02 -4.001220003493901126e-03 -1.037488479687649623e-02
2.094617805235834567e+02 -3.997739748939312630e-03 -1.025426638121441046e-02
2.094930857107897850e+02 -3.993541360169748818e-03 -1.001479464100057254e-02
2.095087639396758448e+02 -3.993370357785833505e-03 -9.898068128967093399e-03
2.095244497511017983e+02 -3.994105766201022298e-03 -9.780761657568075307e-03
2.095401400127391867e+02 -3.996048669189796766e-03 -9.666288556985721744e-03
2.095715774720122795e+02 -4.003077105607390739e-03 -9.470959982925370585e-03
2.095873446080327085e+02 -4.011629355265390086e-03 -9.396845992787226584e-03
2.096031442468834314e+02 -4.017995689385266654e-03 -9.353075430239032526e-03
2.096346292648272254e+02 -4.034700598564920290e-03 -9.218918445231561246e-03
2.096503523632328267e+02 -4.044387640896772267e-03 -9.150380530807064594e-03
2.096660417790242263e+02 -4.051410018304520307e-03 -9.075904378245229498e-03
2.096817445268420386e+02 -4.062357139322977581e-03 -8.990890229335657749e-03
2.097131243985275830e+02 -4.078742908404748777e-03 -8.797365001929088532e-03
2.097288147282798434e+02 -4.087611917808803459e-03 -8.690953074149973881e-03
2.097445144948894722e+02 -4.094750550036794189e-03 -8.589065703084501971e-03
2.097602208882964305e+02 -4.100985930932500925e-03 -8.493944949398387831e-03
2.097916304164008068e+02 -4.113415905368884504e-03 -8.339888596875030466e-03
2.098073609623995992e+02 -4.119391675021152714e-03 -8.474284333458611748e-03
2.098231008788972645e+02 -4.123447572363444537e-03 -8.261599567367992544e-03
2.098546191685717588e+02 -4.130486858450045477e-03 -8.175921270333386809e-03
2.098703951781691615e+02 -4.134996856422033275e-03 -8.179442203849262433e-03
2.098861795974738982e+02 -4.136235628724830270e-03 -8.275276599492920396e-03
2.099019587403799960e+02 -4.138666709293464287e-03 -8.842962788740608635e-03
2.099334364947837912e+02 -4.139445353303700809e-03 -9.317824991616215080e-03
2.099491578385779746e+02 -4.139727609470388384e-03 -9.859776811495810436e-03
2.099648691664203000e+02 -4.138306560868961100e-03 -1.045054515183877625e-02
2.099805634172497264e+02 -4.139327900331259136e-03 -1.081953219757229162e-02
2.100119545841114927e+02 -4.139767532976964572e-03 -1.086680655865301590e-02
2.100276485843131411e+02 -4.137664348160563846e-03 -1.099349096502825335e-02
2.100433459362378699e+02 -4.135645333880035891e-03 -1.109154005664299975e-02
2.100747919131682693e+02 -4.128485316932489248e-03 -1.122454353165896861e-02
2.100905296118086483e+02 -4.125923806543847425e-03 -1.132527258744952733e-02
2.101062937432388935e+02 -4.120052472466074860e-03 -1.139522096479913746e-02
2.101220661829445646e+02 -4.115514432923552714e-03 -1.146757275592541654e-02
2.101536414469680949e+02 -4.103222920370088421e-03 -1.169229558671252243e-02
2.101693890146169963e+02 -4.097635092744039524e-03 -1.175123633744879631e-02
2.101851291275422682e+02 -4.091107267682372872e-03 -1.181194727649780528e-02
2.102008551561571892e+02 -4.084724209359032361e-03 -1.184783017722265339e-02
2.102322674753093565e+02 -4.071338897155659525e-03 -1.183058107604758116e-02
2.102479646689394599e+02 -4.066667175966993952e-03 -1.178933721331552366e-02
2.102636597755104049e+02 -4.061331520001998548e-03 -1.171402432651946941e-02
2.102950682038897128e+02 -4.048557544905365992e-03 -1.154442157829530143e-02
2.103108012943231699e+02 -4.044250587784594536e-03 -1.143081608174248073e-02
2.103264853266624925e+02 -4.035222786616400256e-03 -1.132425881858053519e-02
2.103421582413937756e+02 -4.030690811797819906e-03 -1.121250460031114095e-02
2.103735940335359942e+02 -4.023834986422523963e-03 -1.097579944452075143e-02
2.103893765043625024e+02 -4.020201812900919477e-03 -1.085342180878346927e-02
2.104051211143681144e+02 -4.017665456876403154e-03 -1.073458144272291907e-02
2.104208141009732174e+02 -4.013341458500037547e-03 -1.060983386443577550e-02
2.104521205527247218e+02 -4.006203372038957648e-03 -1.036275274191852773e-02
2.104677517393322717e+02 -4.004479895264553488e-03 -1.023914787771850951e-02
2.104834003972852940e+02 -4.002711851096016522e-03 -1.011794527271322672e-02
2.105147576802862943e+02 -4.003090683091624878e-03 -9.882711316778671623e-03
2.105304475156504509e+02 -4.005416937691373691e-03 -9.762489224971268240e-03
2.105461448926172636e+02 -4.007216405751371814e-03 -9.652752337855188824e-03
2.105618548978594333e+02 -4.012563618444740972e-03 -9.554942312985370556e-03
2.105933786879064087e+02 -4.020256846239273797e-03 -9.397140147059159995e-03
2.106091676578431020e+02 -4.029802381484814955e-03 -9.352262684038588000e-03
2.106249240491393664e+02 -4.037494096401462312e-03 -9.283898772887579087e-03
2.106406351919011968e+02 -4.044989362466326621e-03 -9.211901570535738215e-03
2.106720460446112213e+02 -4.065492423158094046e-03 -9.064038937607446500e-03
2.106877407389144423e+02 -4.072703116495959147e-03 -8.977775560626510831e-03
2.107034246668818867e+02 -4.080771685577633257e-03 -8.882417393930794325e-03
2.107348100341008887e+02 -4.095422616829923548e-03 -8.672577036907195072e-03
2.107505132393171436e+02 -4.101646615753416596e-03 -8.570448866055551534e-03
2.107662187476475424e+02 -4.109242303765628899e-03 -8.475120134947304248e-03
2.107819237419647038e+02 -4.118145053796038076e-03 -8.375509118741764417e-03
2.108133796915719529e+02 -4.129599201539904847e-03 -8.463021969074788556e-03
2.108291126036467915e+02 -4.133517132609003386e-03 -8.208529797904691103e-03
2.108448757127006274e+02 -4.137312958483857148e-03 -8.144929289192217453e-03
2.108606456793765176e+02 -4.141798388622318708e-03 -8.178115136022116871e-03
2.108922077296266764e+02 -4.145736875808940687e-03 -8.313582880836339548e-03
2.109079736035300527e+02 -4.146664432042354576e-03 -9.106369204514255800e-03
2.109237144894948983e+02 -4.148043648812841690e-03 -9.523753022852084194e-03
2.109551644329318378e+02 -4.147184030431115033e-03 -9.997343346836816760e-03
2.109708658105182622e+02 -4.147957636252972043e-03 -1.053002303059762286e-02
2.109865583712289663e+02 -4.147466397820393641e-03 -1.083254660017580161e-02
2.110022543273228450e+02 -4.146515672910089552e-03 -1.084023475845100927e-02
2.110336436820970505e+02 -4.145148688791342080e-03 -1.102331488484910652e-02
2.110493517285053713e+02 -4.144593232338654627e-03 -1.111074910939486085e-02
2.110650805660852996e+02 -4.140034627025761943e-03 -1.116477480909566777e-02
2.110808003535434807e+02 -4.137577752981975304e-03 -1.124679198054354297e-02
2.111123157808913504e+02 -4.127954282531082382e-03 -1.139545829775689793e-02
2.111281069471319825e+02 -4.124493023981930934e-03 -1.148622266913949634e-02
2.111438873133453740e+02 -4.117652750770018494e-03 -1.161629057496895226e-02
2.111754030809881328e+02 -4.103879402742312971e-03 -1.175642563571662781e-02
2.111911425466809078e+02 -4.099356682307678419e-03 -1.181823569280644574e-02
2.112068650767817246e+02 -4.092350174670868722e-03 -1.184508112037364197e-02
2.112225682019783335e+02 -4.086578233745166017e-03 -1.184189392069113188e-02
2.112539594006740060e+02 -4.073105704343595208e-03 -1.177508256470769649e-02
2.112696534652527021e+02 -4.066374592492073836e-03 -1.169878927139126473e-02
2.112853492870517016e+02 -4.060932877410497292e-03 -1.162917033892081273e-02
2.113010777953425929e+02 -4.056367002429950297e-03 -1.152504511088154465e-02
2.113324786701125788e+02 -4.043215158490877717e-03 -1.131200040484992529e-02
2.113481642529632154e+02 -4.040398870970175055e-03 -1.120088176747789308e-02
2.113638801488317540e+02 -4.033703706397927594e-03 -1.108307880445283042e-02
2.113954037620958957e+02 -4.028334550979988798e-03 -1.084274428452002698e-02
2.114111332350693999e+02 -4.024169203904224418e-03 -1.072226387073263280e-02
2.114268073888894719e+02 -4.020921184910240115e-03 -1.059537903217754561e-02
2.114424733539544263e+02 -4.019186335494304325e-03 -1.046868662162863881e-02
2.114737423939056100e+02 -4.013859006671957955e-03 -1.022406966880075145e-02
2.114893961815563159e+02 -4.012430197563528027e-03 -1.010410136155410338e-02
2.115050733917942694e+02 -4.012039803954905483e-03 -9.983263606046705041e-03
2.115207618397562896e+02 -4.011344232960380174e-03 -9.865195821638519588e-03
2.115521583126874816e+02 -4.014859132776336763e-03 -9.640620360184341472e-03
2.115678827360003993e+02 -4.019935068025391398e-03 -9.542000518269280057e-03
2.115836414678191773e+02 -4.025258849306635744e-03 -9.454303131021699405e-03
2.116151952777889562e+02 -4.037873874470525488e-03 -9.348676795769509523e-03
2.116309437793312895e+02 -4.048608197373890216e-03 -9.276294950343783735e-03
2.116466622693299087e+02 -4.056426692602305498e-03 -9.203291037702690525e-03
2.116623527261103845e+02 -4.065726321101604049e-03 -9.132855970760246980e-03
2.116937438944076746e+02 -4.083210986946402520e-03 -8.963852015590936112e-03
2.117094349998019709e+02 -4.093371392368169367e-03 -8.865630744167974850e-03
2.117251265313261115e+02 -4.099844207656370455e-03 -8.760559940577545765e-03
2.117408214146363719e+02 -4.106435120556085373e-03 -8.653853087275452036e-03
2.117722288233605639e+02 -4.119212408508076025e-03 -8.457378727800500193e-03
2.117879354385866009e+02 -4.125239977697704209e-03 -8.358622751269868811e-03
2.118036613519008142e+02 -4.131626385336015055e-03 -8.410170133886547481e-03
2.118351463991476180e+02 -4.143748031829905080e-03 -8.170092339732787368e-03
2.118509116928352967e+02 -4.148093539957485240e-03 -8.160624346608824978e-03
2.118666837040715620e+02 -4.149724528904014803e-03 -8.175650602152683202e-03
2.118824748696802089e+02 -4.152314612848571201e-03 -8.181564036073488491e-03
2.119139960652560148e+02 -4.154461200258489396e-03 -9.387379339436906917e-03
2.119297375911188226e+02 -4.154963845828221064e-03 -9.409346042182213307e-03
2.119454650535728604e+02 -4.155683229909032210e-03 -9.462748241034203006e-03
2.119611781408070783e+02 -4.157235549238275096e-03 -1.012368360150199542e-02
2.119925711909800157e+02 -4.157462157448575668e-03 -1.083396858814698188e-02
2.120082641073387890e+02 -4.156424298283774993e-03 -1.084850756572706444e-02
2.120239560266740568e+02 -4.154797619285209055e-03 -1.092341667373992152e-02
2.120553697647245315e+02 -4.150357155098843842e-03 -1.113046183910533157e-02
2.120710986014915704e+02 -4.148229901670383996e-03 -1.119288854104896584e-02
2.120868273113724740e+02 -4.145840613051996783e-03 -1.128026573708723265e-02
2.121025851530999944e+02 -4.139992196865644770e-03 -1.136925178984090831e-02
2.121341457057575610e+02 -4.129785597705062060e-03 -1.151699070330750030e-02
2.121499349393980083e+02 -4.125813288869746576e-03 -1.164707059876105705e-02
2.121656832027842086e+02 -4.117137255464727377e-03 -1.171676904727670006e-02
2.121814269936377002e+02 -4.111452102660123273e-03 -1.177879362588793097e-02
2.122128766272630855e+02 -4.099160548164258906e-03 -1.185527315550650128e-02
2.122285765285009518e+02 -4.094790757121963276e-03 -1.185304017319977268e-02
2.122442750221817960e+02 -4.088784880628409425e-03 -1.182917698688995371e-02
2.122756620153376730e+02 -4.075241327549040254e-03 -1.169803814742605662e-02
2.122913600787775295e+02 -4.069243032329187236e-03 -1.162241684697016934e-02
2.123070990598065180e+02 -4.062639187632857002e-03 -1.151635806785142845e-02
2.123228078947311133e+02 -4.056177142543498926e-03 -1.141319106297236478e-02
2.123541926542937972e+02 -4.043244309458686632e-03 -1.119484919693393594e-02
2.123699053771576928e+02 -4.042034231220448942e-03 -1.107853747336226720e-02
2.123856828328776771e+02 -4.037832094841027272e-03 -1.095772886166198300e-02
2.124014430272365814e+02 -4.036447467337524880e-03 -1.083925037821074390e-02
2.124328157555404744e+02 -4.029959048965000949e-03 -1.058672785024083671e-02
2.124484744971043995e+02 -4.027792414675950353e-03 -1.046351583120199227e-02
2.124641069683672754e+02 -4.024291795056958790e-03 -1.034156041437909318e-02
2.124954116255221379e+02 -4.021128836994410961e-03 -1.009408345025325157e-02
2.125110973416983313e+02 -4.020651742031642814e-03 -9.975166327565841359e-03
2.125267873142834958e+02 -4.019939975182405464e-03 -9.854318007219380407e-03
2.125424821995814284e+02 -4.021715069433244236e-03 -9.738218856879900243e-03
2.125739322497143746e+02 -4.027904385452393647e-03 -9.538404625164914954e-03
2.125896985552854517e+02 -4.033000425342984918e-03 -9.457304568804373104e-03
2.126054956253289561e+02 -4.040581417415319877e-03 -9.404945741773584889e-03
2.126212503495162878e+02 -4.048523104988489309e-03 -9.351125771932171024e-03
2.126526953654712599e+02 -4.064428366672343668e-03 -9.204205758479643701e-03
2.126683858821956221e+02 -4.073202950849317411e-03 -9.131534635627150051e-03
2.126840809913892372e+02 -4.082847143594031322e-03 -9.049774706821252582e-03
2.127154584426676820e+02 -4.098691676159536140e-03 -8.857504923312532752e-03
2.127311501346426326e+02 -4.106291591634922238e-03 -8.749584082369083263e-03
2.127468508906007969e+02 -4.114614869363585406e-03 -8.642175572820253240e-03
2.127625565067033904e+02 -4.122247503607756949e-03 -8.544652330719226113e-03
2.127939728237599866e+02 -4.134924008262705515e-03 -8.360785998594744139e-03
2.128097061757462996e+02 -4.141904292685878210e-03 -8.471986292125465237e-03
2.128254430811939244e+02 -4.144012967038494290e-03 -8.366853641258763588e-03
2.128411976493323721e+02 -4.149134134640151093e-03 -8.160796594417929484e-03
2.128727532505964177e+02 -4.156207795101589907e-03 -8.174489433266651783e-03
2.128885296889997107e+02 -4.157243007512440892e-03 -8.195564849094548812e-03
2.129043047390301808e+02 -4.158590477135031341e-03 -8.469151506694154799e-03
2.129200454362919857e+02 -4.161740667874393521e-03 -9.602994500908875256e-03
2.129514976547689287e+02 -4.161769301687805872e-03 -9.588176177385585724e-03
2.129672054949026858e+02 -4.161023726473796723e-03 -1.023605830619751800e-02
2.129828995242669976e+02 -4.160837013371200543e-03 -1.065075735836143282e-02
2.130142910974171002e+02 -4.162790003017912722e-03 -1.085982398110245384e-02
2.130299858032983877e+02 -4.161956276542215852e-03 -1.095619950369292918e-02
2.130456899961281181e+02 -4.159562405607672778e-03 -1.107818532481645926e-02
2.130614119907907025e+02 -4.159099369226052813e-03 -1.114523591403088557e-02
2.130928759179602707e+02 -4.149709914886512592e-03 -1.131593887122204871e-02
2.131086389501084284e+02 -4.145801277222090075e-03 -1.139412242413324373e-02
2.131244208549589132e+02 -4.140204351081595846e-03 -1.143933966454151879e-02
2.131402034478692826e+02 -4.133997249086435004e-03 -1.156382730224294990e-02
2.131717308088962568e+02 -4.124001708076593421e-03 -1.174564532103384781e-02
2.131874728706345081e+02 -4.116429486121755271e-03 -1.181118884643102274e-02
2.132031941098047128e+02 -4.109888808570076255e-03 -1.185885151861373714e-02
2.132346012729792051e+02 -4.097120284350364537e-03 -1.186760553246008626e-02
2.132502983463277815e+02 -4.091363081621365687e-03 -1.183558359637171264e-02
2.132659935162815827e+02 -4.086189975612251196e-03 -1.176875626449276624e-02
2.132816878881298521e+02 -4.081084782144261264e-03 -1.170256207063771411e-02
2.133131349327092892e+02 -4.068588231215839596e-03 -1.150855264748764512e-02
2.133288287927630904e+02 -4.061348883036875607e-03 -1.140590865874778481e-02
2.133445209791969717e+02 -4.055413998122515962e-03 -1.129968540992965301e-02
2.133602343848889689e+02 -4.051876157298356894e-03 -1.118483280426343755e-02
2.133917461399731508e+02 -4.044187686510897911e-03 -1.094716601872438265e-02
2.134074952364497904e+02 -4.041752914524913282e-03 -1.082819971051946634e-02
2.134231845645147985e+02 -4.038569252244360482e-03 -1.070245061100030468e-02
2.134544928511798787e+02 -4.031546470856492252e-03 -1.045267828339599761e-02
2.134701208176570901e+02 -4.029730194358634686e-03 -1.032686050768812265e-02
2.134857691820985508e+02 -4.028006105629510988e-03 -1.020499804834060047e-02
2.135014433806011880e+02 -4.026139667650914349e-03 -1.008132000670512035e-02
2.135328265982686844e+02 -4.026293649879031898e-03 -9.840520283552794262e-03
2.135485298792580409e+02 -4.029824021398460687e-03 -9.729341106712797310e-03
2.135642530213363841e+02 -4.033622164346749479e-03 -9.628612466070161566e-03
2.135957771397470708e+02 -4.041009189841049051e-03 -9.458798513688596032e-03
2.136115595554037441e+02 -4.047204248340850047e-03 -9.410195949938578858e-03
2.136273178473376504e+02 -4.056176650916800373e-03 -9.349324214184225046e-03
2.136430303348977873e+02 -4.063654594896389839e-03 -9.272620714821931329e-03
2.136744332300656879e+02 -4.080704421230839374e-03 -9.125093424960432215e-03
2.136901219334447717e+02 -4.090502596885409355e-03 -9.040745880116350663e-03
2.137058082799987915e+02 -4.096864750674034626e-03 -8.945462747020221234e-03
2.137214971391302072e+02 -4.106068788894204347e-03 -8.841849816447026889e-03
2.137528951102089252e+02 -4.118206483013093187e-03 -8.626638625298506391e-03
2.137686005056947920e+02 -4.124798907896411529e-03 -8.530104834438325886e-03
2.137843066242583632e+02 -4.132496046089936814e-03 -8.431573434396100186e-03
2.138000267429679013e+02 -4.140606893844669956e-03 -8.369727219060131562e-03
2.138315043589719835e+02 -4.150553370395876698e-03 -8.304166873877465160e-03
2.138472710588757479e+02 -4.155543127955883993e-03 -8.161343299340593702e-03
2.138630417495370750e+02 -4.158018824804462013e-03 -8.194117808706357850e-03
2.138946062164321802e+02 -4.163692316451961077e-03 -8.210259832281957895e-03
2.139103611085243983e+02 -4.165725757331665592e-03 -8.622355743729805122e-03
2.139261032849832702e+02 -4.164209493904961513e-03 -9.695134024382403432e-03
2.139418348304678261e+02 -4.167094302482804956e-03 -9.265734164621381927e-03
2.139732492170508067e+02 -4.167064838288154875e-03 -1.033038131007121482e-02
2.139889415077483079e+02 -4.167348667161262406e-03 -1.068706929678970262e-02
2.140046372158002441e+02 -4.166468171861211454e-03 -1.083190226608173046e-02
2.140203310919363560e+02 -4.164924043570049882e-03 -1.087388917013713992e-02
2.140517388262474867e+02 -4.163503262790821911e-03 -1.109320798282714682e-02
2.140674669074309691e+02 -4.159632427820609581e-03 -1.115430760207028818e-02
2.140831917609703225e+02 -4.157968282254390600e-03 -1.123190815170939903e-02
2.141147065580191793e+02 -4.148073418335744035e-03 -1.139052983841937726e-02
2.141305012378824131e+02 -4.144751501385872394e-03 -1.146219561387255663e-02
2.141462853800663027e+02 -4.139071324712110742e-03 -1.158633092031237204e-02
2.141620440855243146e+02 -4.133347539812460246e-03 -1.168717080739082800e-02
2.141935269722266355e+02 -4.120520622709965101e-03 -1.182735276746729909e-02
2.142092462644699253e+02 -4.115804273863134244e-03 -1.186479295620073392e-02
2.142249507413999083e+02 -4.108979722527918155e-03 -1.187560499630823524e-02
2.142406450777999396e+02 -4.102907597743984773e-03 -1.186838636156028158e-02
2.142720326865467371e+02 -4.089429189650563810e-03 -1.176193866187307153e-02
2.142877280112026881e+02 -4.083174312847836357e-03 -1.169728580753698691e-02
2.143034522452016688e+02 -4.077370758189613822e-03 -1.160254307432303199e-02
2.143348791433933513e+02 -4.066231068767359007e-03 -1.139958923012811438e-02
2.143505818464840615e+02 -4.062083093636851931e-03 -1.129159003162710437e-02
2.143662919642197551e+02 -4.054673944529167511e-03 -1.117614172842505520e-02
2.143820485658054054e+02 -4.051634463014595552e-03 -1.105814377944138067e-02
2.144135557854889669e+02 -4.044367930216580947e-03 -1.081838675882088215e-02
2.144292280186139692e+02 -4.042081598930285027e-03 -1.069040627787482857e-02
2.144448942237201550e+02 -4.043180055142543694e-03 -1.056293875805166052e-02
2.144605277709778761e+02 -4.039176584559682134e-03 -1.044083681309136355e-02
2.144918192667744847e+02 -4.033350655454521171e-03 -1.019062542583610599e-02
2.145074972525889905e+02 -4.032462212296438787e-03 -1.006815594150737431e-02
2.145231868236394632e+02 -4.031572167715051676e-03 -9.946496469724811981e-03
2.145545962539639220e+02 -4.033374761100148344e-03 -9.718902954798913293e-03
2.145703315142307872e+02 -4.036577299282733539e-03 -9.617655504819203061e-03
2.145860888453783275e+02 -4.043801205738317521e-03 -9.526686160773442658e-03
2.146018805341657014e+02 -4.048707499071717460e-03 -9.457976411974060651e-03
2.146333856700654508e+02 -4.063072716711526970e-03 -9.344938318242899597e-03
2.146491076257163400e+02 -4.071170244409678951e-03 -9.266095907854583411e-03
2.146647906544519628e+02 -4.078012953670949285e-03 -9.194345049019281291e-03
2.146804911211340254e+02 -4.088187275368727891e-03 -9.116587298175710466e-03
2.147118658941765261e+02 -4.105674008166529214e-03 -8.930619281735895781e-03
2.147275556108034493e+02 -4.113946170609989079e-03 -8.825313808061556464e-03
2.147432567832619839e+02 -4.120222434893744054e-03 -8.715451068152621494e-03
2.147746634325579862e+02 -4.133299156957413213e-03 -8.514721188228982149e-03
2.147903711813736436e+02 -4.139693672950420927e-03 -8.413052568549118232e-03
2.148061001619629167e+02 -4.145660977401405267e-03 -8.396173622063997366e-03
2.148218427349386843e+02 -4.151238062547006440e-03 -8.498979353226451816e-03
2.148533582053501618e+02 -4.159206999004772497e-03 -8.171095283560572339e-03
2.148691344803045524e+02 -4.163665639059644166e-03 -8.194798818546813329e-03
2.148849199267354209e+02 -4.165755301007698953e-03 -8.158679984269025937e-03
2.149006983192676046e+02 -4.169220879022146262e-03 -8.232236372706938643e-03
2.149321768842707741e+02 -4.170248969869178556e-03 -9.644166237488913107e-03
2.149478994816830948e+02 -4.170706703150600832e-03 -9.273845561734370135e-03
2.149636116673454183e+02 -4.170501164266498910e-03 -9.862622936845427332e-03
2.149950030233246423e+02 -4.173597256498870131e-03 -1.071562981593717108e-02
2.150107003407690911e+02 -4.172713016852819257e-03 -1.082343324131804230e-02
2.150263919920006686e+02 -4.171464752587445216e-03 -1.089614585797029668e-02
2.150420894624183461e+02 -4.170021115029383905e-03 -1.101457617240036470e-02
2.150735354588966004e+02 -4.164530309016610532e-03 -1.116220746492149925e-02
2.150892691596364443e+02 -4.162628047164184698e-03 -1.124084716227242292e-02
2.151050306727409236e+02 -4.156190563553531676e-03 -1.134035367338480024e-02
2.151207977381410217e+02 -4.153007474010630452e-03 -1.138635726495661020e-02
2.151523779334890776e+02 -4.142401401336858260e-03 -1.160419517712413945e-02
2.151681259873042507e+02 -4.135391063936250805e-03 -1.169491651069037332e-02
2.151838664336146394e+02 -4.130156022443386837e-03 -1.176486224740569755e-02
2.152153081103576824e+02 -4.116952531372800039e-03 -1.186687744449165492e-02
2.152310067980748158e+02 -4.112052865789431189e-03 -1.187938754734149671e-02
2.152467040198484938e+02 -4.107523086183604601e-03 -1.186715471854836099e-02
2.152623996950064793e+02 -4.101815169578353071e-03 -1.181912198621827212e-02
2.152937927973848105e+02 -4.088948467341806114e-03 -1.169002771034483891e-02
2.153095241742187227e+02 -4.083606629978138274e-03 -1.159224583863085328e-02
2.153252420382904404e+02 -4.075314636068811357e-03 -1.149392196935534148e-02
2.153409470860782449e+02 -4.070810736707830384e-03 -1.139510236756144379e-02
2.153723716689947594e+02 -4.060525079275809600e-03 -1.117155728527424383e-02
2.153881525243699002e+02 -4.056130953214492386e-03 -1.105164059586753386e-02
2.154039171715521945e+02 -4.053712048985411327e-03 -1.093335991136093650e-02
2.154352926769196586e+02 -4.048698594549458157e-03 -1.068015758784536182e-02
2.154509452877208275e+02 -4.043956635188020697e-03 -1.055538412834871459e-02
2.154665747784022756e+02 -4.042712579136203792e-03 -1.042999196843534364e-02
2.154822155390956766e+02 -4.039170660994452662e-03 -1.030143612468032918e-02
2.155135698513445277e+02 -4.038314056092801724e-03 -1.005595401671157546e-02
2.155292643758093334e+02 -4.038375653505167813e-03 -9.930467501992269047e-03
2.155449667648543652e+02 -4.038426591460011518e-03 -9.813461957024677274e-03
2.155606856807315808e+02 -4.042509981377903974e-03 -9.709851833895447731e-03
2.155921969133370908e+02 -4.047007062351180677e-03 -9.522993812663218399e-03
2.156079893479482337e+02 -4.055188019599101357e-03 -9.459479669868207583e-03
2.156237510012176699e+02 -4.061556122994871253e-03 -9.411128360646730737e-03
2.156551845845246760e+02 -4.075689350631314309e-03 -9.260754522540100980e-03
2.156708742740179616e+02 -4.087052420769345454e-03 -9.188978115350892456e-03
2.156865638041558100e+02 -4.094082357756913260e-03 -9.109619718733858243e-03
2.157022444438465243e+02 -4.103060850899190905e-03 -9.018656795332704104e-03
2.157336293029802903e+02 -4.116770965567573444e-03 -8.810518337124047250e-03
2.157493323538541574e+02 -4.123900516388967832e-03 -8.698709768280405222e-03
2.157650381960378354e+02 -4.132184036121514317e-03 -8.596536613853700617e-03
2.157807439630436761e+02 -4.140970868197899751e-03 -8.500064361478598673e-03
2.158121967902794154e+02 -4.153571315001713081e-03 -8.436232577950699557e-03
2.158279319392155742e+02 -4.156485812831033078e-03 -8.470112682789902869e-03
2.158436937921760546e+02 -4.160809334487323811e-03 -8.212809183774882199e-03
2.158752568887494760e+02 -4.169352352385784916e-03 -8.190655542056867952e-03
2.158910250738421723e+02 -4.170767584995975844e-03 -8.157128615513009953e-03
2.159067933588650590e+02 -4.171851342198109117e-03 -8.270094245120804266e-03
2.159225328448299308e+02 -4.175591199572594760e-03 -9.144742797512093666e-03
2.159539826618916436e+02 -4.174707659588952624e-03 -9.333591077147701878e-03
2.159696865603076503e+02 -4.175697233912595806e-03 -9.990507049192531158e-03
2.159853799617524999e+02 -4.175576819759171422e-03 -1.047205188009001954e-02
2.160010771181876237e+02 -4.175501513986987386e-03 -1.072841819035803314e-02
2.160324673970230833e+02 -4.176398578115184633e-03 -1.092116895092198892e-02
2.160481745825711073e+02 -4.175703454166949935e-03 -1.103412438379594747e-02
2.160639016534228176e+02 -4.172797769356791607e-03 -1.111445923486435033e-02
2.160953692536983795e+02 -4.165763666591074284e-03 -1.126502445233602476e-02
2.161111311881379891e+02 -4.161746648242105849e-03 -1.135407923747066249e-02
2.161269192892681588e+02 -4.158132326336158764e-03 -1.139006607364788197e-02
2.161426993292774057e+02 -4.151368341642427788e-03 -1.150306390804725111e-02
2.161742202502343559e+02 -4.139750232326905310e-03 -1.171720496136136914e-02
2.161899607390213873e+02 -4.134778011951776786e-03 -1.179061483807602485e-02
2.162056802056088145e+02 -4.127669394189842703e-03 -1.185670528020549459e-02
2.162213849159789163e+02 -4.122591686209144297e-03 -1.188650173016355012e-02
2.162527773649071889e+02 -4.109412256827492220e-03 -1.187503732622709716e-02
2.162684720285236040e+02 -4.103245592877615214e-03 -1.182225039879965245e-02
2.162841671614473285e+02 -4.098075487077572354e-03 -1.176476279125550535e-02
2.163156120262204070e+02 -4.084666900241934635e-03 -1.159118698422964382e-02
2.163313238813431951e+02 -4.079907246463456219e-03 -1.149635345670644432e-02
2.163470410789366838e+02 -4.074551429542275054e-03 -1.139366215054246970e-02
2.163627507747668517e+02 -4.068558395250342768e-03 -1.128348032827467852e-02
2.163942687594730501e+02 -4.060823950747724335e-03 -1.104994513556360226e-02
2.164100199976600436e+02 -4.057573178908412473e-03 -1.093078691613826557e-02
2.164257093411596315e+02 -4.054605668792226648e-03 -1.080355518705629521e-02
2.164413781419832787e+02 -4.052546368923433222e-03 -1.067332689278347076e-02
2.164726447443492816e+02 -4.046269636800358012e-03 -1.042190722407837847e-02
2.164882939526379744e+02 -4.044297152658289304e-03 -1.029688989930519979e-02
2.165039688910882774e+02 -4.042518499926824049e-03 -1.017029828229126104e-02
2.165353568702662415e+02 -4.039023489036430367e-03 -9.922767868284301102e-03
2.165510677037524090e+02 -4.042011597201067979e-03 -9.810159920637754119e-03
2.165667999715607834e+02 -4.046087070372165855e-03 -9.706471288070724762e-03
2.165825533192811747e+02 -4.049038138169569999e-03 -9.609331354803305261e-03
2.166141060775092626e+02 -4.057712174450563147e-03 -9.469463105332132785e-03
2.166298641802668783e+02 -4.067180279895680518e-03 -9.417526713447005315e-03
2.166455823686542033e+02 -4.074013948111457860e-03 -9.338214299051060888e-03
2.166612746397685783e+02 -4.082876414045652838e-03 -9.262098583258191603e-03
2.166926556084545439e+02 -4.099083138475497455e-03 -9.106366544966392612e-03
2.167083440215462531e+02 -4.107769531254010231e-03 -9.012023542843156793e-03
2.167240323184020951e+02 -4.114617820223607017e-03 -8.909417221196685305e-03
2.167554315049369222e+02 -4.128129488634199422e-03 -8.688940668581083757e-03
2.167711366935463388e+02 -4.134526731128882610e-03 -8.588709190659751802e-03
2.167868437555062826e+02 -4.140953442155061864e-03 -8.490995331190260426e-03
2.168025680540887947e+02 -4.148215071167269362e-03 -8.399321916538519950e-03
2.168340538247169320e+02 -4.160470965458633492e-03 -8.422273208357223054e-03
2.168498202909290171e+02 -4.166372616656913684e-03 -8.196857798321416019e-03
2.168655926633927038e+02 -4.167767212704358640e-03 -8.208292653622906512e-03
2.168813842302948842e+02 -4.171341777941340104e-03 -8.186726968008869315e-03
2.169129031302911415e+02 -4.175417333152862780e-03 -8.334081704533612134e-03
2.169286450971326019e+02 -4.175218517668930797e-03 -9.455709421331273332e-03
2.169443730960210530e+02 -4.177204365075278501e-03 -9.388215461791273725e-03
2.169600862411216724e+02 -4.179339756993732252e-03 -9.436181959355915971e-03
2.169914797492131697e+02 -4.180017640778509527e-03 -1.052708667626502982e-02
2.170071739535555366e+02 -4.179659704947422984e-03 -1.072791894584789948e-02
2.170228670950772312e+02 -4.178426387432031611e-03 -1.083757508299936466e-02
2.170542798789832943e+02 -4.175634217595346372e-03 -1.104755311043503600e-02
2.170700084811856811e+02 -4.174009242693712575e-03 -1.112640761076680307e-02
2.170857359402883731e+02 -4.172232365240953478e-03 -1.119382019640166419e-02
2.171014904225107784e+02 -4.168211180741568204e-03 -1.129013699743048466e-02
2.171330486431168083e+02 -4.158084416426304289e-03 -1.140917302984290754e-02
2.171488384649677528e+02 -4.154083345875009443e-03 -1.153271935153573485e-02
2.171645885170680117e+02 -4.146568230055736395e-03 -1.165863362726720504e-02
2.171803326696302179e+02 -4.140555127780899333e-03 -1.174633671454521945e-02
2.172117824579113119e+02 -4.130368550849203638e-03 -1.186861426991030199e-02
2.172274833209103235e+02 -4.125667287064280729e-03 -1.189793279442600757e-02
2.172431822403897002e+02 -4.119288747093366801e-03 -1.190115248718522610e-02
2.172745678907574529e+02 -4.106461477544461058e-03 -1.181572382497153052e-02
2.172902637706237954e+02 -4.099986917621670397e-03 -1.175785131719251676e-02
2.173059839655243763e+02 -4.093257874815325534e-03 -1.167441519733057251e-02
2.173217172560750328e+02 -4.087524459430338757e-03 -1.157890976507602518e-02
2.173531545591419274e+02 -4.074165636773722544e-03 -1.138069178485875792e-02
2.173688602278409689e+02 -4.070178876728900233e-03 -1.127016485166516639e-02
2.173846259206173102e+02 -4.066120258960282362e-03 -1.115255900642207927e-02
2.174004048139843803e+02 -4.064810211003150146e-03 -1.103748577789910243e-02
2.174318074510589724e+02 -4.056886629085430448e-03 -1.078802477243532773e-02
2.174474712755996109e+02 -4.056197935773854339e-03 -1.066018748426602464e-02
2.174631035681214257e+02 -4.052330795687581616e-03 -1.053679716725516510e-02
2.174943970880329402e+02 -4.047634855980673102e-03 -1.028038635777367080e-02
2.175100803013625352e+02 -4.045338345528010603e-03 -1.015646663133850866e-02
2.175257706096932111e+02 -4.043952709973716066e-03 -1.003098803837237235e-02
2.175414709844486367e+02 -4.044536839988240907e-03 -9.908326281383876555e-03
2.175729372572018860e+02 -4.047620667264528391e-03 -9.697117387225475532e-03
2.175886960523876610e+02 -4.052649094992940779e-03 -9.603879197806043308e-03
2.176044882379008527e+02 -4.056940126613358018e-03 -9.524972975235267147e-03
2.176202477902755277e+02 -4.063517034825657112e-03 -9.472592783348526835e-03
2.176517069865459177e+02 -4.077902192323305287e-03 -9.332173787158629108e-03
2.176673918709474549e+02 -4.084786911916066070e-03 -9.257720176469544371e-03
2.176830839417156653e+02 -4.094442591739085903e-03 -9.182702421690070935e-03
2.177144532850263374e+02 -4.110133183097862582e-03 -8.999005409656844062e-03
2.177301442999017809e+02 -4.118391502340498084e-03 -8.893099552596083271e-03
2.177458446167547095e+02 -4.126828616427419445e-03 -8.781543964664626986e-03
2.177615522731439910e+02 -4.134176119205173333e-03 -8.672706806679860575e-03
2.177929664517191668e+02 -4.147468629262057900e-03 -8.475463798820154909e-03
2.178086992307623007e+02 -4.154367710620427041e-03 -8.407873450429717566e-03
2.178244390662036380e+02 -4.157504168732569817e-03 -8.536018193061656323e-03
2.178401926234275834e+02 -4.163446834992201584e-03 -8.359844633104683218e-03
2.178717477528084601e+02 -4.171395518444637532e-03 -8.220637283914073931e-03
2.178875250653919124e+02 -4.173041565290657763e-03 -8.173876955088513543e-03
2.179032996265610507e+02 -4.175664403871427559e-03 -8.169096270546438374e-03
2.179347736217381453e+02 -4.179117350420819520e-03 -9.681640291466996409e-03
2.179504918873755912e+02 -4.180228053549958113e-03 -9.277816040210556600e-03
2.179662013411660553e+02 -4.179423801954581554e-03 -9.556653937544103139e-03
2.179818960698313504e+02 -4.180386198322930472e-03 -1.019616844809963750e-02
2.180132888509511417e+02 -4.183597479403055285e-03 -1.073204106585280704e-02
2.180289853424638977e+02 -4.182780555779261680e-03 -1.085076521488498140e-02
2.180446861097271380e+02 -4.181203183371950093e-03 -1.094926884485466177e-02
2.180604080687812143e+02 -4.181356247650048694e-03 -1.106006506955352527e-02
2.180918695715178046e+02 -4.173529759880911273e-03 -1.119313685292585604e-02
2.181076311519850037e+02 -4.169491954991695094e-03 -1.130295993486066589e-02
2.181234070862234944e+02 -4.164707576969388196e-03 -1.136780130186809332e-02
2.181549784242953933e+02 -4.153002219377042829e-03 -1.154997161494833099e-02
2.181707249351459268e+02 -4.149985597595765539e-03 -1.166687145305341303e-02
2.181864646837222779e+02 -4.143111023678178011e-03 -1.175535500933972202e-02
2.182021866002671118e+02 -4.137097152889503311e-03 -1.181828302209348217e-02
2.182335948019700140e+02 -4.124739760024241121e-03 -1.189948739994489690e-02
2.182492922654903396e+02 -4.119840638012226865e-03 -1.189423089446464167e-02
2.182649876123813613e+02 -4.115192704453430640e-03 -1.185879992012977592e-02
2.182806821809622875e+02 -4.110002817495709768e-03 -1.180754464954208993e-02
2.183121121118122687e+02 -4.098179064294143331e-03 -1.165908757514147638e-02
2.183278374507962099e+02 -4.089841778139507132e-03 -1.156721595984844947e-02
2.183435672638317442e+02 -4.083458604610152622e-03 -1.147311829022644621e-02
2.183750031783617942e+02 -4.074326505678855202e-03 -1.125705903876736240e-02
2.183907814713708717e+02 -4.069663174992941418e-03 -1.113976837663912568e-02
2.184065523146709324e+02 -4.066563355031627830e-03 -1.102429740268597198e-02
2.184222639363185863e+02 -4.064183412582180951e-03 -1.090099482520966341e-02
2.184535793260102423e+02 -4.056815591406630339e-03 -1.064702705092373039e-02
2.184692059762638223e+02 -4.055013117199184058e-03 -1.051899107590995551e-02
2.184848471778535668e+02 -4.051898865328904843e-03 -1.039174611523869737e-02
2.185005166021506113e+02 -4.049284459275450353e-03 -1.026343313085835429e-02
2.185319006126959209e+02 -4.048206148445649376e-03 -1.001235201074935320e-02
2.185476095817336954e+02 -4.049763973332990222e-03 -9.894289733412470200e-03
2.185633413487396126e+02 -4.052504143399220625e-03 -9.788445063887644959e-03
2.185948603816912623e+02 -4.056218043897209975e-03 -9.596725379458839744e-03
2.186106454089314468e+02 -4.061608256511388057e-03 -9.522433134940680444e-03
2.186264112673942179e+02 -4.068387753730263665e-03 -9.474780063030281002e-03
2.186421259230785097e+02 -4.074613305530614196e-03 -9.407978635784929045e-03
2.186735277872023460e+02 -4.091110136434954712e-03 -9.250317274031196260e-03
2.186892127292017278e+02 -4.099252552731879641e-03 -9.173299594688415909e-03
2.187048907816184453e+02 -4.105944948134153047e-03 -9.083116501767511675e-03
2.187205790134297843e+02 -4.115057092841965108e-03 -8.982985227605393488e-03
2.187519764616798454e+02 -4.127621471147611965e-03 -8.762829152916724179e-03
2.187676836429602929e+02 -4.134858073614687199e-03 -8.656990778556904534e-03
2.187833904841631352e+02 -4.143767877331607993e-03 -8.559424190566902041e-03
2.188148518038863415e+02 -4.156587556885683182e-03 -8.430541800495282637e-03
2.188305873317233079e+02 -4.162466977329265343e-03 -8.542214491194225282e-03
2.188463549283640077e+02 -4.167414597484404327e-03 -8.301307808007946099e-03
2.188621269744295148e+02 -4.171548725444793396e-03 -8.202401179884029336e-03
2.188936878921598179e+02 -4.178266612308080899e-03 -8.161249968278390388e-03
2.189094447470581599e+02 -4.180849243844562968e-03 -8.183685841375196515e-03
2.189251858866302314e+02 -4.180780495733530007e-03 -8.594178696059143543e-03
2.189409173851587695e+02 -4.183787708230704561e-03 -9.746534146147645475e-03
2.189723314210176000e+02 -4.184578399055984867e-03 -9.692856358382743315e-03
2.189880245133430208e+02 -4.185225967790348611e-03 -1.027245084596929703e-02
2.190037214848460394e+02 -4.185097702584170132e-03 -1.058092084789724954e-02
2.190351126598152121e+02 -4.184471371416038053e-03 -1.086084191041387231e-02
2.190508234260422853e+02 -4.185234582327212842e-03 -1.097342463009784441e-02
2.190665510071977167e+02 -4.181337918593977174e-03 -1.106666700975484155e-02
2.190822736962335000e+02 -4.180366944980029587e-03 -1.111678365372500282e-02
2.191137865676618617e+02 -4.171705421652838024e-03 -1.130427271277952526e-02
2.191295796061246222e+02 -4.169162911853028543e-03 -1.134717956445470063e-02
2.191453624587726097e+02 -4.163582901135459528e-03 -1.142914584828764665e-02
2.191611257529658019e+02 -4.158721532111811850e-03 -1.156751883730508697e-02
2.191926084127353533e+02 -4.146867704512565735e-03 -1.176594606724849258e-02
2.192083285869599933e+02 -4.141969283557635391e-03 -1.183198299698586323e-02
2.192240308076433166e+02 -4.135622790134335820e-03 -1.188113037894097251e-02
2.192554205976534831e+02 -4.123349406026341132e-03 -1.189399261021047843e-02
2.192711143579286954e+02 -4.116867490919309293e-03 -1.186044699526866975e-02
2.192868096680608687e+02 -4.110851373679427247e-03 -1.180859045568683971e-02
2.193025227847017220e+02 -4.105709077295058296e-03 -1.174501537831024525e-02
2.193339846218640048e+02 -4.093144742311439696e-03 -1.156667956990815524e-02
2.193497164466832601e+02 -4.088633217939593827e-03 -1.147036290348766273e-02
2.193654275724160811e+02 -4.080038618619933298e-03 -1.136218061690662598e-02
2.193811776764708554e+02 -4.076506987214415824e-03 -1.124956566408191055e-02
2.194127091870644506e+02 -4.069699210408206022e-03 -1.101582259005678098e-02
2.194283980915216716e+02 -4.067130993106598223e-03 -1.088969847965966069e-02
2.194440689159599174e+02 -4.067742348231823644e-03 -1.075938007721033776e-02
2.194753332016695424e+02 -4.060241685835363351e-03 -1.050590134398092686e-02
2.194909821657267059e+02 -4.056972806028326384e-03 -1.037819911336575369e-02
2.195066568225738308e+02 -4.054702041300014929e-03 -1.025108147110894222e-02
2.195223473410464408e+02 -4.052244006046627593e-03 -1.012499940277641723e-02
2.195537654682303241e+02 -4.051411892345613622e-03 -9.885153720281491391e-03
2.195695108604359689e+02 -4.053845854159963610e-03 -9.778795227526919029e-03
2.195852684816946123e+02 -4.059020041922725697e-03 -9.681159701109946086e-03
2.196010503837425460e+02 -4.062748796467391746e-03 -9.592509632750725879e-03
2.196325704652439299e+02 -4.073700055297374729e-03 -9.478573521873199723e-03
2.196482943760022692e+02 -4.079996994431974063e-03 -9.400861447069121246e-03
2.196639775343358565e+02 -4.086560018374420407e-03 -9.319805693383772724e-03
2.196953510633628355e+02 -4.103303045605965170e-03 -9.165577434914039950e-03
2.197110373941376906e+02 -4.113222716322320616e-03 -9.071483816133795938e-03
2.197267268760967056e+02 -4.121298903010791811e-03 -8.969497930021649856e-03
2.197424258041520488e+02 -4.127196138279295642e-03 -8.860244557238352442e-03
2.197738348237224670e+02 -4.141403967430095333e-03 -8.643158177787678420e-03
2.197895428659031722e+02 -4.148080987758680574e-03 -8.544972896867075035e-03
2.198052705370784565e+02 -4.154499256260222977e-03 -8.445972859959292520e-03
2.198210152285072070e+02 -4.161204849886558643e-03 -8.472227150768216197e-03
2.198525311523000028e+02 -4.171001440146656671e-03 -8.259230235050369143e-03
2.198683086271422837e+02 -4.175438698448366917e-03 -8.218976741133556668e-03
2.198840940694572623e+02 -4.178504172474470021e-03 -8.218906391267957051e-03
2.199156085381197272e+02 -4.181930120957179538e-03 -8.212612836318921444e-03
2.199313477777834294e+02 -4.184914107022429629e-03 -8.862543359158526340e-03
2.199470701905105443e+02 -4.185932074852126081e-03 -9.660226389390503404e-03
2.199627821678386681e+02 -4.187109141294150481e-03 -9.234993091239193652e-03
2.199941757431307394e+02 -4.191010472216225545e-03 -1.033591980991459443e-02
2.200098723739766911e+02 -4.190504343148956576e-03 -1.060291114340389251e-02
2.200255643166968014e+02 -4.190170110237030447e-03 -1.075884647900657298e-02
2.200412622196167547e+02 -4.189297227608977485e-03 -1.087651962945037146e-02
2.200727085733868762e+02 -4.185684481202209435e-03 -1.106299606474853148e-02
2.200884400765273199e+02 -4.184410495101467155e-03 -1.111763903274957943e-02
2.201041994215994464e+02 -4.178313032040767948e-03 -1.120869263538424795e-02
2.201357579585843780e+02 -4.170382554186368058e-03 -1.133876387917279530e-02
2.201515467050967061e+02 -4.166825919405394568e-03 -1.144589004333071251e-02
2.201672949114240225e+02 -4.159449120341679289e-03 -1.158800377297449814e-02
2.201830359303067155e+02 -4.154909353538797229e-03 -1.169308008657287366e-02
2.202144783324273192e+02 -4.142864158873476449e-03 -1.184173691246061602e-02
2.202301768578463168e+02 -4.138885703743277328e-03 -1.188888459098656931e-02
2.202458739931898606e+02 -4.134263044130054646e-03 -1.190924481301956772e-02
2.202615711955162112e+02 -4.128474069005846209e-03 -1.189220860455096097e-02
2.202929614178047473e+02 -4.116105671433880828e-03 -1.180456237346495275e-02
2.203086826871630990e+02 -4.110314141629390836e-03 -1.173617252131763967e-02
2.203244108345309940e+02 -4.101982346828820548e-03 -1.164666478953983904e-02
2.203401487819544968e+02 -4.097143000016385470e-03 -1.155952776275190157e-02
2.203715930617833578e+02 -4.085128490936226070e-03 -1.135156626700456993e-02
2.203873639876597679e+02 -4.080600167820846828e-03 -1.123632538052553136e-02
2.204031416277150299e+02 -4.078379556517157910e-03 -1.112073641806536617e-02
2.204345463393557907e+02 -4.072213776921872197e-03 -1.087296427943047067e-02
2.204502077958755990e+02 -4.067750460410521525e-03 -1.074516634887735973e-02
2.204658376944518068e+02 -4.066305937546284624e-03 -1.062072294387545607e-02
2.204814710965773656e+02 -4.063120949868740880e-03 -1.048819608950258934e-02
2.205128151941689794e+02 -4.059416829575855645e-03 -1.023480870659213698e-02
2.205285113546862021e+02 -4.057576206526258139e-03 -1.010585054575515590e-02
2.205442147504946888e+02 -4.056410043941503958e-03 -9.983175489657918761e-03
2.205756948787831959e+02 -4.058764150722970858e-03 -9.768842436232470089e-03
2.205914595133190232e+02 -4.060607367030829272e-03 -9.675447071968009891e-03
2.206072487929669705e+02 -4.066753576011710759e-03 -9.588152952562175799e-03
2.206230138938655045e+02 -4.071646247038674185e-03 -9.527997431443580370e-03
2.206544592327940109e+02 -4.083707010324091197e-03 -9.393908876015591089e-03
2.206701468811296536e+02 -4.093373146829248389e-03 -9.315142812750880699e-03
2.206858320566071257e+02 -4.100348761871682249e-03 -9.240062893573838462e-03
2.207015052936475001e+02 -4.109573766926143297e-03 -9.156383287630073115e-03
2.207328861526240473e+02 -4.122971449291883660e-03 -8.954452740160082427e-03
2.207485878523366978e+02 -4.131041364960202911e-03 -8.841644219320861017e-03
2.207642946201335974e+02 -4.139771102744878133e-03 -8.730908497163673843e-03
2.207800030658522132e+02 -4.148338802882163209e-03 -8.628305262235326512e-03
2.208114533867106672e+02 -4.162267424602361827e-03 -8.437776681656036434e-03
2.208271912654140579e+02 -4.165038778191344944e-03 -8.521171107945079218e-03
2.208429531469410847e+02 -4.170073297838794261e-03 -8.480410527868801479e-03
2.208745177382811562e+02 -4.179867095022017469e-03 -8.234868442533712155e-03
2.208902847419601869e+02 -4.182176885403506711e-03 -8.210059899256506519e-03
2.209060526747940116e+02 -4.183895430146560707e-03 -8.156303261531503215e-03
2.209217905129122528e+02 -4.189093374617459085e-03 -8.255089738976182506e-03
2.209532380094520647e+02 -4.189411988021887918e-03 -9.498497650698203496e-03
2.209689428521827210e+02 -4.190619680732975659e-03 -9.297195196171181147e-03
2.209846365169923388e+02 -4.191109655995953025e-03 -9.952260323445847462e-03
2.210003350262904576e+02 -4.192080595123342905e-03 -1.038573329860782019e-02
2.210317269771264534e+02 -4.194749514861832208e-03 -1.076368303027857437e-02
2.210474345982562738e+02 -4.194389677804347995e-03 -1.089642930724226896e-02
2.210631595862695349e+02 -4.193201588790114454e-03 -1.099313697463229905e-02
2.210946255677689010e+02 -4.186492382042003059e-03 -1.111699028836627551e-02
2.211103869615110682e+02 -4.183503138987770820e-03 -1.121692051561182929e-02
2.211261729609961151e+02 -4.179760775043891291e-03 -1.130667491199809950e-02
2.211419530831226439e+02 -4.173639037411117428e-03 -1.133797446944912780e-02
2.211734761824951931e+02 -4.163926116059533597e-03 -1.160456551416327517e-02
2.211892172302807182e+02 -4.158596731637119459e-03 -1.170788827449992242e-02
2.212049352982243704e+02 -4.152134755485115472e-03 -1.178849577949843581e-02
2.212206406520146800e+02 -4.147502483073372062e-03 -1.185193480328765488e-02
2.212520334948838752e+02 -4.135099903972230123e-03 -1.190620595632038876e-02
2.212677286474613823e+02 -4.129513628493399272e-03 -1.188971406852320362e-02
2.212834236569588313e+02 -4.124989198104929075e-03 -1.185031321670479941e-02
2.213148578399906512e+02 -4.111642579518435398e-03 -1.172158353776424355e-02
2.213305832745813007e+02 -4.106016598330323314e-03 -1.163617279306448926e-02
2.213463318873065191e+02 -4.099539902207184963e-03 -1.154782512394650178e-02
2.213620542711740597e+02 -4.093614801830309374e-03 -1.144408443173258912e-02
2.213935615748543739e+02 -4.084888067161344255e-03 -1.122204199218273211e-02
2.214093328925375488e+02 -4.082458720391823198e-03 -1.110485041097536256e-02
2.214250435990940105e+02 -4.079173424102280378e-03 -1.098347414112452354e-02
2.214407178378441756e+02 -4.076713991866884670e-03 -1.085294090881278734e-02
2.214719854689788576e+02 -4.070564771790707338e-03 -1.060097907237666365e-02
2.214876263625919535e+02 -4.067460700720105377e-03 -1.047211143569144569e-02
2.215032953268614335e+02 -4.064695662262749094e-03 -1.034237509271307594e-02
2.215346831393163995e+02 -4.058811292512331040e-03 -1.008814276394194055e-02
2.215503972725624067e+02 -4.060786941869444673e-03 -9.969764666271798900e-03
2.215661389905989438e+02 -4.063395682791882089e-03 -9.861748470044435708e-03
2.215818949928627433e+02 -4.064442381854014262e-03 -9.759898718559095396e-03
2.216134466301403734e+02 -4.070044884463995191e-03 -9.585444436366172619e-03
2.216292105027444848e+02 -4.077558024048840400e-03 -9.532631757088546112e-03
2.216449293809615995e+02 -4.083392441391673136e-03 -9.470432523838624370e-03
2.216606264793279024e+02 -4.091416637180441719e-03 -9.386729615350560343e-03
2.216919998110232370e+02 -4.106530706288102385e-03 -9.231622498412788563e-03
2.217076813158741970e+02 -4.113945414426628359e-03 -9.144014655013847637e-03
2.217233663019291328e+02 -4.121687495079215217e-03 -9.045215767214835612e-03
2.217547638262984719e+02 -4.135491167697818125e-03 -8.823808235028403682e-03
2.217704712324650984e+02 -4.142203067313875511e-03 -8.714435029967814231e-03
2.217861800375721941e+02 -4.149352944617275274e-03 -8.613243978491828823e-03
2.218019030516240662e+02 -4.157505352015863215e-03 -8.515965179784323186e-03
2.218333902807639220e+02 -4.170425228844224994e-03 -8.566725643168028245e-03
2.218491588045769163e+02 -4.177303555272276342e-03 -8.424268188285493481e-03
2.218649327279373153e+02 -4.179303810458643437e-03 -8.222812048334700308e-03
2.218807241973516682e+02 -4.183961241595804924e-03 -8.247248118325957097e-03
2.219122392777754271e+02 -4.190024046502242687e-03 -8.159645869614109981e-03
2.219279804745016520e+02 -4.189859816489337717e-03 -8.319883366506110323e-03
2.219437072467997893e+02 -4.192937324280718477e-03 -9.538094075210673192e-03
2.219751196960013715e+02 -4.196167952105070778e-03 -9.398399839253255422e-03
2.219908126448686971e+02 -4.197289681810992962e-03 -1.005153574595384243e-02
2.220065086759102826e+02 -4.197591369057473466e-03 -1.041507494620373328e-02
2.220222031942578838e+02 -4.197014466868863661e-03 -1.060049475789089438e-02
2.220536159828857308e+02 -4.196111520622144986e-03 -1.090451231611710807e-02
2.220693445940381139e+02 -4.194749775388292856e-03 -1.098945007574409632e-02
2.220850718432326119e+02 -4.193805153944327874e-03 -1.104783712242733695e-02
2.221008247067849481e+02 -4.191209226350357288e-03 -1.111673034267754608e-02
2.221323811918943534e+02 -4.181750816217045044e-03 -1.128755624993649058e-02
2.221481703057333732e+02 -4.177907942272993808e-03 -1.134654637718923720e-02
2.221639219539752901e+02 -4.171519547592501993e-03 -1.149031179520062021e-02
2.221953995467313234e+02 -4.161059011014140059e-03 -1.171854022348338582e-02
2.222111159460897625e+02 -4.156925906404231735e-03 -1.180100996582147087e-02
2.222268174858901943e+02 -4.152118410653403424e-03 -1.185798801807705014e-02
2.222425148724650796e+02 -4.145905699449787228e-03 -1.189801574502928963e-02
2.222739010500827987e+02 -4.133709957879858933e-03 -1.188423161464861530e-02
2.222895968719458892e+02 -4.127692566773429918e-03 -1.183864261999951345e-02
2.223053144116346687e+02 -4.121114488659844734e-03 -1.178853201302627537e-02
2.223210407489781630e+02 -4.115207576446391555e-03 -1.170669231962956532e-02
2.223525226779670447e+02 -4.101767923439307746e-03 -1.153117788194501364e-02
2.223682412538744870e+02 -4.096270574638334258e-03 -1.142747283871091077e-02
2.223840029236422424e+02 -4.091172613202012295e-03 -1.131789441065315927e-02
2.224155295609560881e+02 -4.085044564870294985e-03 -1.108662960717141273e-02
2.224312160530184599e+02 -4.082383596317947470e-03 -1.096219273598662489e-02
2.224468870760964876e+02 -4.081932498232257456e-03 -1.083219557160585746e-02
2.224625218797951050e+02 -4.078105441502313279e-03 -1.070965619983643008e-02
2.224938013370604892e+02 -4.072597172873974533e-03 -1.044916220040022214e-02
2.225094774576414522e+02 -4.068287814646835525e-03 -1.032249129730016847e-02
2.225251675682495431e+02 -4.066193937038224855e-03 -1.019437229416807027e-02
2.225408695539479993e+02 -4.065085742537643751e-03 -1.006752040727754496e-02
2.225723473895560289e+02 -4.065118656788466005e-03 -9.846987267112625175e-03
2.225881091719473659e+02 -4.069490257181772666e-03 -9.749753420887605909e-03
2.226038982109115238e+02 -4.072094260468920798e-03 -9.658861712357542234e-03
2.226354029099778984e+02 -4.081462278123804480e-03 -9.533241534032862660e-03
2.226511278278116208e+02 -4.088948980461058064e-03 -9.460993583495051762e-03
2.226668110099573141e+02 -4.094508261965998548e-03 -9.378040740475705739e-03
2.226825016226028708e+02 -4.103436679147799866e-03 -9.300509170278437390e-03
2.227138596330057965e+02 -4.118961580617756975e-03 -9.128942256196878949e-03
2.227295482703681273e+02 -4.127696131680489572e-03 -9.026088879677972646e-03
2.227452474024707385e+02 -4.135908702708713906e-03 -8.916104510392063032e-03
2.227609555187596300e+02 -4.143285977214926190e-03 -8.803214212790115567e-03
2.227923716548415882e+02 -4.157672660928749507e-03 -8.595272447166448990e-03
2.228081042407079337e+02 -4.164720212422402812e-03 -8.498461588029703612e-03
2.228238466376058966e+02 -4.168859295657529294e-03 -8.454388038572966182e-03
2.228553751751623793e+02 -4.178843757856215077e-03 -8.361042576019508954e-03
2.228711579824696116e+02 -4.184871909564309884e-03 -8.225420188154928050e-03
2.228869343388232380e+02 -4.187426889168001549e-03 -8.250492879474746397e-03
2.229027066773372781e+02 -4.191176101293141859e-03 -8.181451933475742191e-03
2.229341779941724440e+02 -4.195791371825022091e-03 -8.431708309895435266e-03
2.229498947667745767e+02 -4.197724069228006907e-03 -9.746170113088025236e-03
2.229656041246443579e+02 -4.197366420219607493e-03 -9.211296713584254947e-03
2.229812988359473991e+02 -4.199412991660673306e-03 -9.523782703019421925e-03
2.230126940329782315e+02 -4.203788526339977648e-03 -1.043394600053335064e-02
2.230283913365483386e+02 -4.203333781246936136e-03 -1.062319796460717454e-02
2.230440911832282609e+02 -4.202749838561190519e-03 -1.080781980037171137e-02
2.230755362217400091e+02 -4.198740735976659241e-03 -1.099741560211649205e-02
2.230912745783367370e+02 -4.197347093170190890e-03 -1.104805125926337263e-02
2.231070357521745393e+02 -4.193390999271428589e-03 -1.112786909185901202e-02
2.231228080736612469e+02 -4.189681638760932823e-03 -1.123924778521064906e-02
2.231543824489280610e+02 -4.179209237674169110e-03 -1.135038665984278682e-02
2.231701296117583979e+02 -4.176125173699301620e-03 -1.150554272103582881e-02
2.231858681930732473e+02 -4.170247661704333010e-03 -1.162381205637552303e-02
2.232015906080209220e+02 -4.164757720584788721e-03 -1.172113879209781863e-02
2.232329984438167116e+02 -4.153209183966859695e-03 -1.185332914903191280e-02
2.232486958863782149e+02 -4.149013044219787560e-03 -1.188807262576343712e-02
2.232643913645587475e+02 -4.144701975936232637e-03 -1.188762916307940440e-02
2.232800865470766780e+02 -4.139462768810510916e-03 -1.186439822974393044e-02
2.233115111136509938e+02 -4.128161894880397198e-03 -1.176405542448303448e-02
2.233272317913270797e+02 -4.118536622239081339e-03 -1.168352387974940822e-02
2.233429848279082535e+02 -4.112344882522749739e-03 -1.160378788493317791e-02
2.233744507294360346e+02 -4.101604717960849640e-03 -1.140708127056139914e-02
2.233902178224986415e+02 -4.096092491000837173e-03 -1.129595447031857269e-02
2.234059951120015342e+02 -4.092178328138693436e-03 -1.118207800300128653e-02
2.234217288854172239e+02 -4.090542070657469421e-03 -1.106550076194558023e-02
2.234530599353304581e+02 -4.082512544420526836e-03 -1.081153933624229985e-02
2.234686854321267333e+02 -4.081172940232940215e-03 -1.068659491693157472e-02
2.234843193910663501e+02 -4.078116505456514870e-03 -1.055663865012451338e-02
2.235156652820540728e+02 -4.072306230381078293e-03 -1.030025163514230666e-02
2.235313608355833424e+02 -4.071732956212014733e-03 -1.016998029089428122e-02
2.235470722510405892e+02 -4.071390582617387746e-03 -1.004735822387181621e-02
2.235628078356383810e+02 -4.072569962229750581e-03 -9.937476253078518854e-03
2.235943354128467888e+02 -4.073650385952479018e-03 -9.737704757173143433e-03
2.236101186939455090e+02 -4.078329481229143669e-03 -9.647177684709637782e-03
2.236258874162925849e+02 -4.083059150110529036e-03 -9.577871603584038607e-03
2.236416049540863469e+02 -4.087817726884425580e-03 -9.526402340652460887e-03
2.236730076040663846e+02 -4.102967740680152527e-03 -9.366443933401323585e-03
2.236886907684800008e+02 -4.109836648128411575e-03 -9.289578591826877160e-03
2.237043613270021467e+02 -4.116598562748623701e-03 -9.206134539604182015e-03
2.237200461930035829e+02 -4.125759972371266515e-03 -9.110831853876772898e-03
2.237514411728556638e+02 -4.138847780963900505e-03 -8.893706665364308275e-03
2.237671493235277183e+02 -4.146397679093950794e-03 -8.782127111109707188e-03
2.237828582385294567e+02 -4.155859591779732451e-03 -8.675847792385326177e-03
2.238143203117965072e+02 -4.169472290834589506e-03 -8.479789718393681078e-03
2.238300571865872826e+02 -4.175545885088647463e-03 -8.488424427562165850e-03
2.238458260238025446e+02 -4.180916961191813441e-03 -8.577126916461692147e-03
2.238616000405810951e+02 -4.186289158010761749e-03 -8.303256038598019056e-03
2.238931579508201821e+02 -4.194327056025065094e-03 -8.244621915556974573e-03
2.239089140777500688e+02 -4.197463629964010880e-03 -8.168760351268559983e-03
2.239246536485739512e+02 -4.198972781349004195e-03 -8.179106215618077436e-03
2.239403842730173153e+02 -4.202155951183110527e-03 -8.624750824411464914e-03
2.239717960529948186e+02 -4.204192091296769448e-03 -9.153232512896876741e-03
2.239874895198596789e+02 -4.205291463579112488e-03 -9.650345033491070437e-03
2.240031877461317151e+02 -4.205981483874423298e-03 -1.018296244001556418e-02
2.240345811186223557e+02 -4.207236891519883573e-03 -1.065276497036879606e-02
2.240502915905474879e+02 -4.208889390791224414e-03 -1.081839149893838899e-02
2.240660198862863410e+02 -4.205501788529206718e-03 -1.092835279658072208e-02
2.240817412303769913e+02 -4.205034855765006456e-03 -1.099728458110348431e-02
2.241132529260851243e+02 -4.197794657860270083e-03 -1.114014215519003835e-02
2.241290444453796340e+02 -4.195729391290849153e-03 -1.123461916826578623e-02
2.241448267831804628e+02 -4.190526726406092368e-03 -1.124299470905025175e-02
2.241605927636474291e+02 -4.186332601737861869e-03 -1.136344233263729409e-02
2.241920756016444614e+02 -4.175665836385932146e-03 -1.162926748714291497e-02
2.242077957469074931e+02 -4.170650624404314416e-03 -1.171694414994485164e-02
2.242234964893562221e+02 -4.165113307799344841e-03 -1.178998010995866048e-02
2.242548865232495530e+02 -4.153446879919549424e-03 -1.187438764399977899e-02
2.242705805758116639e+02 -4.147308798732271019e-03 -1.187259461133449191e-02
2.242862760156410218e+02 -4.141693915536440174e-03 -1.183876059723264207e-02
2.243019883125447791e+02 -4.137041352111934384e-03 -1.180380224205865476e-02
2.243334427657898118e+02 -4.123776096281324931e-03 -1.166269613084450034e-02
2.243491975752669987e+02 -4.118898136846033814e-03 -1.158162240986291593e-02
2.243649277899953631e+02 -4.109763839355384460e-03 -1.148696703033994654e-02
2.243806823018302339e+02 -4.104785483708544257e-03 -1.138465113342633679e-02
2.244122174451615308e+02 -4.097626054333311334e-03 -1.116061405493855990e-02
2.244279262046288181e+02 -4.093833310618587989e-03 -1.104277476611881421e-02
2.244436024442001667e+02 -4.093669826417885814e-03 -1.091274738331790735e-02
2.244748681914463759e+02 -4.087298917891963451e-03 -1.066336977574274675e-02
2.244905096752301574e+02 -4.084146690347352504e-03 -1.053233733046912528e-02
2.245061776669588198e+02 -4.080893669567819092e-03 -1.040305129079507722e-02
2.245218647574100146e+02 -4.077425917389188026e-03 -1.027540934964732769e-02
2.245532854241073153e+02 -4.073992433253803731e-03 -1.002864750733255435e-02
2.245690367129158176e+02 -4.075730061490734878e-03 -9.918770773552467238e-03
2.245847992869425411e+02 -4.079100673205319182e-03 -9.817323426627611038e-03
2.246005816811584168e+02 -4.082313756127271646e-03 -9.724550469244400488e-03
2.246321041750208849e+02 -4.090174412118422961e-03 -9.575552310126645914e-03
2.246478304045106427e+02 -4.095223765207602409e-03 -9.515045625602460214e-03
2.246635156001887026e+02 -4.100995879364191347e-03 -9.435169150913210942e-03
2.246948832614657476e+02 -4.116108859953637213e-03 -9.277241983316976762e-03
2.247105632137005671e+02 -4.125714160505020676e-03 -9.189662908527020460e-03
2.247262498256912409e+02 -4.133691911310253056e-03 -9.091940229899652878e-03
2.247419460724672717e+02 -4.139856188523586417e-03 -8.984997222987968143e-03
2.247733573485799923e+02 -4.154553629159213508e-03 -8.759781962618206838e-03
2.247890670983377959e+02 -4.161708183388618601e-03 -8.654309846538138853e-03
2.248047954638726083e+02 -4.168499179317359561e-03 -8.558920476929585477e-03
2.248205416551405165e+02 -4.175944504271081499e-03 -8.463414051632653715e-03
2.248520597957850384e+02 -4.187563763152029467e-03 -8.537720932490243386e-03
2.248678387995988146e+02 -4.192214969808909925e-03 -8.260950240917981288e-03
2.248836238479780150e+02 -4.196166490217171849e-03 -8.252139464018759529e-03
2.249151331278373789e+02 -4.201415374012485056e-03 -8.157613373989775971e-03
2.249308718844279440e+02 -4.204834384858574005e-03 -8.198703046861060065e-03
2.249465930609184454e+02 -4.206530511664546661e-03 -8.919497075129994429e-03
2.249623039018772772e+02 -4.208802422790020210e-03 -9.618832768024587407e-03
2.249936988343237942e+02 -4.213527390509959336e-03 -9.769894294850206204e-03
2.250093952333340894e+02 -4.213756798433465102e-03 -1.022030898315730123e-02
2.250250882227524585e+02 -4.214124847424980530e-03 -1.047699296081825056e-02
2.250407867106732454e+02 -4.213907731230335206e-03 -1.066963468278588588e-02
2.250722340004147668e+02 -4.211905711035759947e-03 -1.092699962012333090e-02
2.250879644129936139e+02 -4.211245109502311477e-03 -1.097938184794481319e-02
2.251037223025423941e+02 -4.205740542342634690e-03 -1.103015820809420677e-02
2.251352798684995378e+02 -4.198853351723607491e-03 -1.120915680962587813e-02
2.251510694981972449e+02 -4.196068816238432593e-03 -1.123110544542194056e-02
2.251668182235507629e+02 -4.188802346028020623e-03 -1.137625810602953431e-02
2.251825596679043144e+02 -4.184765995232808504e-03 -1.152254582445238693e-02
2.252140022718620287e+02 -4.173897539761221159e-03 -1.171932112680029725e-02
2.252297000979207837e+02 -4.170525477080345295e-03 -1.179208792725975306e-02
2.252453969357933090e+02 -4.165981372726876297e-03 -1.184620409165200970e-02
2.252610945466233545e+02 -4.160236354208477969e-03 -1.186654731125486549e-02
2.252924836866434930e+02 -4.148560236707853760e-03 -1.182579582367060053e-02
2.253082046400604952e+02 -4.142376355903334278e-03 -1.179031710112888286e-02
2.253239248922167803e+02 -4.134590894203623093e-03 -1.171976428116065609e-02
2.253554204015125890e+02 -4.119669427891810808e-03 -1.156265559305389573e-02
2.253711506635123953e+02 -4.115439020987311965e-03 -1.146779115452565764e-02
2.253869188728457971e+02 -4.109542737625060740e-03 -1.136306917807844777e-02
2.254026950009726136e+02 -4.106649802706432983e-03 -1.125024150316321185e-02
2.254341329759361656e+02 -4.099975004966641308e-03 -1.101732526554313057e-02
2.254498015184498456e+02 -4.095208049330976291e-03 -1.088865999756233501e-02
2.254654331528938656e+02 -4.094632301195368085e-03 -1.076806695305389597e-02
2.254810601785964650e+02 -4.092460127690985411e-03 -1.063697985950386171e-02
2.255123910980032917e+02 -4.086686744753469797e-03 -1.037853103272620356e-02
2.255280844538217480e+02 -4.083774949643143720e-03 -1.024886922727244812e-02
2.255437876080207502e+02 -4.081674123336529771e-03 -1.012314763325449125e-02
2.255752760546115212e+02 -4.081697439638033893e-03 -9.901468900057434908e-03
2.255910462459420955e+02 -4.082679884063762817e-03 -9.804680381215803361e-03
2.256068349113550937e+02 -4.087633655930502860e-03 -9.711563868482030529e-03
2.256225983187969462e+02 -4.090984865494704317e-03 -9.626841019839130903e-03
2.256540526538373967e+02 -4.100493739845543530e-03 -9.504276185160620213e-03
2.256697390305288309e+02 -4.108566360386248749e-03 -9.422694932073096344e-03
2.256854228825704354e+02 -4.115194167016123124e-03 -9.343766359695566612e-03
2.257010901589737557e+02 -4.124106574598142283e-03 -9.264201268936563677e-03
2.257324625123108035e+02 -4.137406187266862330e-03 -9.071911862311552235e-03
2.257481638379915410e+02 -4.145982076203679964e-03 -8.960869816566638738e-03
2.257638716562404966e+02 -4.155104494904941423e-03 -8.848136100878702462e-03
2.257952974823235195e+02 -4.170178053674269102e-03 -8.633765324905269198e-03
2.258110339187388718e+02 -4.178333999512885873e-03 -8.539512057930043545e-03
2.258267738178932973e+02 -4.181305089903864479e-03 -8.455617611688778096e-03
2.258425364265613098e+02 -4.187052806020786708e-03 -8.583385293434032948e-03
2.258741034095423288e+02 -4.198285998649713656e-03 -8.239085157748741312e-03
2.258898692210350418e+02 -4.201343189964441491e-03 -8.261098069302258082e-03
2.259056351113264896e+02 -4.203792828186552789e-03 -8.214937296760876570e-03
2.259213707938719153e+02 -4.209779776169193452e-03 -8.149884089315493838e-03
2.259528151965843392e+02 -4.211711791492863365e-03 -9.284013971241842841e-03
2.259685200398643303e+02 -4.213250952779097787e-03 -9.416591711883814247e-03
2.259842140752111277e+02 -4.214320063555085372e-03 -9.218826373250724876e-03
2.260156111259558713e+02 -4.218732588077121065e-03 -1.024963196974355839e-02
2.260313069654310709e+02 -4.220272291308597643e-03 -1.047891297776961869e-02
2.260470150515888861e+02 -4.220404514295514678e-03 -1.068591337089922454e-02
2.260627395848232197e+02 -4.220509507602524142e-03 -1.082705215040860244e-02
2.260942051645972981e+02 -4.214542590665809607e-03 -1.095664958443113603e-02
2.261099658930104113e+02 -4.212274728285845052e-03 -1.102122932815439472e-02
2.261257500434377619e+02 -4.208652573262690148e-03 -1.113722761096865889e-02
2.261415308770552315e+02 -4.203117744753429204e-03 -1.117805454768063499e-02
2.261730564067200930e+02 -4.194890029830740906e-03 -1.138730296485288181e-02
2.261887976474423851e+02 -4.189604259016235094e-03 -1.151953274711244556e-02
2.262045152499773906e+02 -4.183754337761666324e-03 -1.163153531417679409e-02
2.262202203933214548e+02 -4.179483217051618328e-03 -1.171745305098873327e-02
2.262516124824176700e+02 -4.167930302493907772e-03 -1.183822391130373575e-02
2.262673077941138047e+02 -4.162874110557515835e-03 -1.185563872018042045e-02
2.262830027438621983e+02 -4.158703100428247888e-03 -1.184019104760409072e-02
2.263144357100708248e+02 -4.145592637565860376e-03 -1.177042753505980893e-02
2.263301507098626075e+02 -4.139253270932781274e-03 -1.169971160561814397e-02
2.263459081397983255e+02 -4.132010677909256705e-03 -1.162748409901486445e-02
2.263616526361604997e+02 -4.125760999364571149e-03 -1.154261199044563473e-02
2.263931672398892658e+02 -4.114614071335225866e-03 -1.134087297743148481e-02
2.264089498734410313e+02 -4.111457466529859668e-03 -1.122736426927229726e-02
2.264246809290223723e+02 -4.108338881105969877e-03 -1.111619023498493057e-02
2.264403622463455577e+02 -4.104765276897959225e-03 -1.099007529581239560e-02
2.264716360001343674e+02 -4.100119820950480498e-03 -1.074316196359352549e-02
2.264872703347404581e+02 -4.096776036055468397e-03 -1.061237219698408715e-02
2.265029325123243495e+02 -4.093503210292811882e-03 -1.048045815044377355e-02
2.265343121302012150e+02 -4.086690602366745487e-03 -1.022449153119825427e-02
2.265500269878642712e+02 -4.087474290320173946e-03 -1.010218481877284136e-02
2.265657728319125681e+02 -4.088868806029981318e-03 -9.991020088286988593e-03
2.265815323473703700e+02 -4.088407637707285047e-03 -9.885777453515329563e-03
2.266130874314033008e+02 -4.092072549493336667e-03 -9.699109946647929345e-03
2.266288513447061916e+02 -4.097790630243919145e-03 -9.621687151976410918e-03
2.266445723906594765e+02 -4.102371104969802437e-03 -9.564012954614309683e-03
2.266602756858338239e+02 -4.109404852623175716e-03 -9.492445577454523831e-03
2.266916456531747599e+02 -4.122574786210173731e-03 -9.331918161958685856e-03
2.267073198994146992e+02 -4.129070406919017021e-03 -9.249889465914151732e-03
2.267229996666202112e+02 -4.137302668948212615e-03 -9.156018539037504012e-03
2.267543953085778412e+02 -4.151198257012570121e-03 -8.938595457579075892e-03
2.267701045824266259e+02 -4.157721186651865478e-03 -8.826738196975301293e-03
2.267858150477895549e+02 -4.165627590398000325e-03 -8.716773540847650228e-03
2.268015389795960459e+02 -4.174366061956879398e-03 -8.615518283395471114e-03
2.268330286227293300e+02 -4.188066797134857092e-03 -8.463220339436351020e-03
2.268487991805271520e+02 -4.195610599754512338e-03 -8.613975441887683840e-03
2.268645750191243451e+02 -4.198309044980094197e-03 -8.410886972418393434e-03
2.268803662695280821e+02 -4.203920266700875673e-03 -8.234962842096162083e-03
2.269118765184247195e+02 -4.211648745434093920e-03 -8.197823393758048652e-03
2.269276162662935121e+02 -4.211893813277687790e-03 -8.148519300574641466e-03
2.269433416326272948e+02 -4.215783799290166028e-03 -8.304901973107474758e-03
2.269747524574100055e+02 -4.219837561498556572e-03 -9.231070997377356993e-03
2.269904459616913641e+02 -4.221646695507850003e-03 -9.318194322333876733e-03
2.270061430013734025e+02 -4.222597844706839874e-03 -9.945841369033458709e-03
2.270218384459029721e+02 -4.222753725407907451e-03 -1.026869265366666187e-02
2.270532520044400542e+02 -4.223497073694662020e-03 -1.070708916358979398e-02
2.270689808488560004e+02 -4.222456850060018335e-03 -1.081744418720229951e-02
2.270847080858119966e+02 -4.222197424672324666e-03 -1.088514643510327291e-02
2.271004602588992896e+02 -4.220597074601343743e-03 -1.093310605673930569e-02
2.271320149864628206e+02 -4.211916738403862805e-03 -1.112447541990723744e-02
2.271478042561896871e+02 -4.208444674247589605e-03 -1.114331214735909438e-02
2.271635581868102918e+02 -4.202822141872601495e-03 -1.122838923164209274e-02
2.271950367658001824e+02 -4.193243658577543338e-03 -1.151862812180728772e-02
2.272107526257158270e+02 -4.189677724644749746e-03 -1.163070478172175889e-02
2.272264539614245109e+02 -4.184972766289768095e-03 -1.171233948908393697e-02
2.272421495832559515e+02 -4.179153149710766041e-03 -1.178378975549967435e-02
2.272735357490021784e+02 -4.167515755140698344e-03 -1.184134212737294675e-02
2.272892314805231422e+02 -4.161679383177322063e-03 -1.181939348987557509e-02
2.273049483924182539e+02 -4.155638318117364609e-03 -1.180197613410257675e-02
2.273206732418690592e+02 -4.149598291180103468e-03 -1.174661798967157993e-02
2.273521571110249226e+02 -4.135981904780062016e-03 -1.160796876021835157e-02
2.273678993859509205e+02 -4.129489019875635068e-03 -1.152116998244540232e-02
2.273836697805377014e+02 -4.123016629607368158e-03 -1.142241285972092797e-02
2.274152126807732657e+02 -4.115494836393267936e-03 -1.120433929103345494e-02
2.274309164120140849e+02 -4.112344502990343369e-03 -1.108960945042263176e-02
2.274465952125204922e+02 -4.111492113636533788e-03 -1.096146448032568263e-02
2.274622352741454279e+02 -4.107742821613360844e-03 -1.084178135876635862e-02
2.274935025577424028e+02 -4.102707140851500310e-03 -1.058229749694646234e-02
2.275091717040466790e+02 -4.097876316392458536e-03 -1.045468741646013791e-02
2.275248561527196216e+02 -4.094891476514208109e-03 -1.032599946941304553e-02
2.275405563849708130e+02 -4.092686457413578262e-03 -1.019774977288014431e-02
2.275720396897406772e+02 -4.090107330070878559e-03 -9.970359639706830729e-03
2.275878066560919706e+02 -4.093829981938182025e-03 -9.870014811342224179e-03
2.276035998110882019e+02 -4.095361653315207975e-03 -9.776632363739549275e-03
2.276351012214260834e+02 -4.102068572698624148e-03 -9.615332970736887447e-03
2.276508301785883646e+02 -4.108215412157435048e-03 -9.554166600389076350e-03
2.276665155841480725e+02 -4.112478804332481835e-03 -9.478598272150256729e-03
2.276822075714165976e+02 -4.120260045800077861e-03 -9.396355998800455869e-03
2.277135543293994147e+02 -4.135186920153494962e-03 -9.233248339132875751e-03
2.277292380685902060e+02 -4.144208290274538700e-03 -9.134704430330561550e-03
2.277449364127775482e+02 -4.152056727210044242e-03 -9.027322680944253191e-03
2.277606459875754297e+02 -4.159333326290908656e-03 -8.914936636012605470e-03
2.277920641664794630e+02 -4.174416320705549160e-03 -8.694384792598189651e-03
2.278077983187667144e+02 -4.181834010362931592e-03 -8.597051415328864701e-03
2.278235429273885302e+02 -4.186710491237135776e-03 -8.499934621841610111e-03
2.278550741657613230e+02 -4.197724123382716270e-03 -8.617272573372020475e-03
2.278708583646480861e+02 -4.204635460561264443e-03 -8.340327727498811003e-03
2.278866335450619260e+02 -4.208010098126368885e-03 -8.243265241732434037e-03
2.279024034129647305e+02 -4.212676801864102295e-03 -8.260874219098900129e-03
2.279338708280982075e+02 -4.218488585019697888e-03 -8.153793659235780006e-03
2.279495861360772722e+02 -4.221045949529270841e-03 -8.432162169731546517e-03
2.279652948460084190e+02 -4.221168415598140072e-03 -9.747687297973050419e-03
2.279809898215438295e+02 -4.223990687194936755e-03 -9.107977590106361085e-03
2.280123868687159927e+02 -4.229545914739883151e-03 -1.001533701368068248e-02
2.280280843186990580e+02 -4.229626140436453484e-03 -1.026728558264577464e-02
2.280437842405566187e+02 -4.229834554278743587e-03 -1.050723331081184972e-02
2.280752304728408433e+02 -4.227103182599681319e-03 -1.080573807775990491e-02
2.280909683034139448e+02 -4.226402344166890930e-03 -1.086610514884188243e-02
2.281067289955852857e+02 -4.222650458124375776e-03 -1.091854490116324697e-02
2.281224989745528262e+02 -4.219797413116033527e-03 -1.101307086667984228e-02
2.281540758142811853e+02 -4.210348716572665830e-03 -1.111547055667209613e-02
2.281698242282939759e+02 -4.207310205712345291e-03 -1.123774615221549353e-02
2.281855626937532975e+02 -4.202224353216016395e-03 -1.139741284554608020e-02
2.282012852549941044e+02 -4.197183673798771282e-03 -1.152425688642398464e-02
2.282326918061295942e+02 -4.186467196274866291e-03 -1.171341892857419818e-02
2.282483886116922349e+02 -4.182775724606691177e-03 -1.178123247194888881e-02
2.282640839182938066e+02 -4.178722675966948380e-03 -1.182150869965365413e-02
2.282954819548362764e+02 -4.167057653368271865e-03 -1.181137250311307257e-02
2.283112031731170646e+02 -4.162764231847667154e-03 -1.178914133228089155e-02
2.283269199003781011e+02 -4.152942404585451691e-03 -1.172810684622576510e-02
2.283426633345472396e+02 -4.146379547781319820e-03 -1.166626333048732637e-02
2.283741731762015092e+02 -4.133835099931698967e-03 -1.150290920207943171e-02
2.283899404593895497e+02 -4.127674349755768198e-03 -1.140355584904771333e-02
2.284057264281138657e+02 -4.121863120731906159e-03 -1.129367144571757041e-02
2.284214795716818855e+02 -4.121588850918032031e-03 -1.118586241005917366e-02
2.284528333208972697e+02 -4.111595878732418434e-03 -1.093995895270196035e-02
2.284684607207734928e+02 -4.111179314091838004e-03 -1.082099569673165666e-02
2.284840865911733658e+02 -4.108723419322364914e-03 -1.069221715355828800e-02
2.285154181101015922e+02 -4.101732005604476379e-03 -1.043228573645761312e-02
2.285311092402890267e+02 -4.100386208871893007e-03 -1.030243367926917709e-02
2.285468198512658375e+02 -4.098353072462612191e-03 -1.017724977210601213e-02
2.285625568434070090e+02 -4.098430314882214182e-03 -1.006381143383261456e-02
2.285940954609033042e+02 -4.097556669086416074e-03 -9.857974612692504621e-03
2.286098782941403442e+02 -4.101469958376483156e-03 -9.764185952915074851e-03
2.286256432613070331e+02 -4.104731048618901791e-03 -9.675737322964467896e-03
2.286413616572145884e+02 -4.107984286220178922e-03 -9.608773816086374833e-03
2.286727687587695641e+02 -4.121240785045805245e-03 -9.465450789721196675e-03
2.286884533652649907e+02 -4.126981374138936898e-03 -9.384337029251272819e-03
2.287041179484000111e+02 -4.133216530531935544e-03 -9.305180035939296379e-03
2.287354837734843613e+02 -4.148985137819025289e-03 -9.117055067216330369e-03
2.287511871212126380e+02 -4.155455430968617303e-03 -9.004853835014073674e-03
2.287668970017244021e+02 -4.162998152924837075e-03 -8.893279721902560761e-03
2.287826070111157719e+02 -4.172468948768132992e-03 -8.781421498773233844e-03
2.288140723009852877e+02 -4.187092524771670460e-03 -8.579650843763305182e-03
2.288298107768866885e+02 -4.193499582773901890e-03 -8.482810795260455061e-03
2.288455813484625878e+02 -4.199378970578554297e-03 -8.530452934819720764e-03
2.288613575180575026e+02 -4.205700947802304239e-03 -8.592146340612040467e-03
2.288929134220336437e+02 -4.215043597369129771e-03 -8.256393222308547331e-03
2.289086671883731867e+02 -4.218733486382573658e-03 -8.251604246716831917e-03
2.289244045435962960e+02 -4.221245757382077399e-03 -8.165010060944027925e-03
2.289401339735254624e+02 -4.224921171617047368e-03 -8.169658028383012735e-03
2.289715434343324887e+02 -4.228140985226429976e-03 -9.706437407200297837e-03
2.289872377732743303e+02 -4.229696684438372968e-03 -9.056911378988891440e-03
2.290029367430122420e+02 -4.231058231150812247e-03 -9.558314831047715066e-03
2.290343317354863757e+02 -4.233918676758549084e-03 -1.030901825124389860e-02
2.290500425070381993e+02 -4.236258331925897916e-03 -1.053622286915367919e-02
2.290657712515848914e+02 -4.233522902375263033e-03 -1.072751299448723022e-02
2.290814920478570116e+02 -4.233532113421418878e-03 -1.080189332003097559e-02
2.291130026914423468e+02 -4.227526870026782936e-03 -1.091335366221457027e-02
2.291287931282242027e+02 -4.225860920027085452e-03 -1.102575764581022882e-02
2.291445756367734816e+02 -4.221052382763318747e-03 -1.108734356288638978e-02
2.291603438975272411e+02 -4.217368753201465592e-03 -1.110672006831610846e-02
2.291918276332914388e+02 -4.207728645101144367e-03 -1.141092950348120312e-02
2.292075474512035953e+02 -4.202849950591789133e-03 -1.153832471192082001e-02
2.292232471240365612e+02 -4.197921465391911064e-03 -1.164027857996855798e-02
2.292546359488995620e+02 -4.186893596765732875e-03 -1.178697373601970966e-02
2.292703299813755962e+02 -4.181072316363544823e-03 -1.182099185815341236e-02
2.292860254870366532e+02 -4.175793295555584907e-03 -1.181866982152363944e-02
2.293017373809885271e+02 -4.171461994875357016e-03 -1.181167486554501010e-02
2.293331835741356315e+02 -4.158235227829183180e-03 -1.171900426123203935e-02
2.293489364835258186e+02 -4.152737383540995066e-03 -1.165750280730697142e-02
2.293646889966322817e+02 -4.143287692489306187e-03 -1.158050796490890828e-02
2.293804649065863543e+02 -4.137851563180403036e-03 -1.148886903975713733e-02
2.294120144327128799e+02 -4.129230863028307899e-03 -1.127951554864408193e-02
2.294277425275444386e+02 -4.123723660095713478e-03 -1.117132466044126922e-02
2.294434283827040986e+02 -4.122886848618607762e-03 -1.104714440207710431e-02
2.294747022576598567e+02 -4.116591785248573804e-03 -1.080461298889215556e-02
2.294903336486182752e+02 -4.113577633582801880e-03 -1.067239520118894863e-02
2.295059937781610131e+02 -4.110102149290246858e-03 -1.054165704889890517e-02
2.295216744910549949e+02 -4.106173755103953611e-03 -1.041315284693782560e-02
2.295530920711390479e+02 -4.100057014030864845e-03 -1.016282398934044255e-02
2.295688444619314339e+02 -4.100766704289461433e-03 -1.004941282861148560e-02
2.295846115554606968e+02 -4.102792615422395407e-03 -9.944589832991805947e-03
2.296004020407600592e+02 -4.105142800305344557e-03 -9.849004228685669105e-03
2.296319168780862583e+02 -4.110689618415900790e-03 -9.671357321240952459e-03
2.296476430256741423e+02 -4.114663185314030788e-03 -9.602512163216454788e-03
2.296633321378963046e+02 -4.119268772447440795e-03 -9.537337160668988428e-03
2.296946994230837618e+02 -4.132409483762236949e-03 -9.374857639048326738e-03
2.297103728852989377e+02 -4.141452744895939529e-03 -9.293741050626955214e-03
2.297260531079965631e+02 -4.149496694374575113e-03 -9.202466282441333634e-03
2.297417466285367311e+02 -4.155655914655744659e-03 -9.098911501315507661e-03
2.297731600098350668e+02 -4.170097901471546062e-03 -8.874082321180712385e-03
2.297888709377443774e+02 -4.177908082893352915e-03 -8.762073998585098722e-03
2.298046016390095190e+02 -4.185041416978560642e-03 -8.659598006454974697e-03
2.298203497051227373e+02 -4.193035421427251074e-03 -8.565312162429838949e-03
2.298518712249799307e+02 -4.206127778410694018e-03 -8.584875110304370296e-03
2.298676524360143674e+02 -4.211214508405346918e-03 -8.543758584601192363e-03
2.298834364693692862e+02 -4.215989465203837105e-03 -8.262003013443826316e-03
2.299149397125523535e+02 -4.222888173953578267e-03 -8.239272426195081572e-03
2.299306772904967602e+02 -4.226888628786994520e-03 -8.157476843929640023e-03
2.299463967186045465e+02 -4.229159523929103791e-03 -8.201359877785264693e-03
2.299621060992149353e+02 -4.232282226427975733e-03 -8.975816306373446754e-03
2.299935024891547926e+02 -4.238022865119075479e-03 -9.081926389978617689e-03
2.300091992326285606e+02 -4.238949260681765772e-03 -9.672920154701320980e-03
2.300248930428048482e+02 -4.240008474158235216e-03 -1.011653607841970191e-02
2.300405923526313074e+02 -4.240453404723029326e-03 -1.033640480738328045e-02
2.300720400957271181e+02 -4.239811904807263415e-03 -1.074030921318247164e-02
2.300877702125062285e+02 -4.239733056532726287e-03 -1.079419621343594149e-02
2.301035272670912377e+02 -4.234865525814555942e-03 -1.084173164249326200e-02
2.301350836777121174e+02 -4.228932351574937916e-03 -1.103570397722245487e-02
2.301508742046221698e+02 -4.226709333334562578e-03 -1.106428607810201227e-02
2.301666240952255009e+02 -4.219747838139956131e-03 -1.111611524923530013e-02
2.301823659818606416e+02 -4.216144628212698670e-03 -1.128459523196674932e-02
2.302138085256164857e+02 -4.206293004014633082e-03 -1.155853971726091521e-02
2.302295053413491246e+02 -4.203360897988844477e-03 -1.165351423411948618e-02
2.302452012675496746e+02 -4.199065155594173919e-03 -1.173486731097246952e-02
2.302608984712295239e+02 -4.193515288371978296e-03 -1.179702501515100983e-02
2.302922873649910400e+02 -4.182382125501125231e-03 -1.181971546268947154e-02
2.303080082580893588e+02 -4.176388495863428071e-03 -1.181303361151123284e-02
2.303237293997599124e+02 -4.168626847986962695e-03 -1.176891268886647024e-02
2.303552204015259406e+02 -4.153806064246578882e-03 -1.165154849950330099e-02
2.303709753948002401e+02 -4.148798000715798497e-03 -1.157242655504881097e-02
2.303867543878032222e+02 -4.141914022197053236e-03 -1.147949494407680612e-02
2.304025365381245649e+02 -4.137888065666929516e-03 -1.137348415424365745e-02
2.304340133695994268e+02 -4.130153084981109078e-03 -1.115641910742863271e-02
2.304496930269128541e+02 -4.124456509519836347e-03 -1.103131226809857778e-02
2.304653293108888761e+02 -4.123474445228867899e-03 -1.091378101600177196e-02
2.304809513479551981e+02 -4.121577245972003582e-03 -1.078736792494187219e-02
2.305122635995075200e+02 -4.115182034748703262e-03 -1.052479267532388518e-02
2.305279517691162425e+02 -4.111106257886051711e-03 -1.039470999757294636e-02
2.305436517402641527e+02 -4.107933401814573178e-03 -1.026789973918661170e-02
2.305751428574684496e+02 -4.105787749200144263e-03 -1.003834852424080604e-02
2.305909187352477261e+02 -4.105734511156923852e-03 -9.937720493943775352e-03
2.306067113006128295e+02 -4.109698249870500329e-03 -9.841972156909409991e-03
2.306224704120406273e+02 -4.112229275351454542e-03 -9.748164438906088691e-03
2.306539210115170988e+02 -4.119113896029507303e-03 -9.601051053576056121e-03
2.306696081995882821e+02 -4.125949272458588959e-03 -9.530817480841762696e-03
2.306852939708569750e+02 -4.131940129585204291e-03 -9.448171637561902578e-03
2.307009587407879394e+02 -4.139761333177805272e-03 -9.367181610706393907e-03
2.307323189430253194e+02 -4.152992234909488878e-03 -9.188263947507220586e-03
2.307480196398563521e+02 -4.161631406545768241e-03 -9.080520728886300186e-03
2.307637284269163160e+02 -4.170946755023279169e-03 -8.968346980502013219e-03
2.307951557854723887e+02 -4.186299596400389240e-03 -8.745706590975746431e-03
2.308108947973960312e+02 -4.195203755197339339e-03 -8.646431174995751825e-03
2.308266364983335848e+02 -4.198664638043740627e-03 -8.551858073598749346e-03
2.308424007126567403e+02 -4.205046581612621390e-03 -8.481374223044612151e-03
2.308739711920109983e+02 -4.217879200742607332e-03 -8.477211501510028072e-03
2.308897349892358477e+02 -4.221740829949909013e-03 -8.253813838278356921e-03
2.309054977451196180e+02 -4.224967952613026267e-03 -8.282502259042376705e-03
2.309212308695711329e+02 -4.231689382185831877e-03 -8.225093333287190542e-03
2.309526716336324625e+02 -4.235104837661666545e-03 -8.256656192964860475e-03
2.309683758936547804e+02 -4.237278911393890617e-03 -9.343558749371127722e-03
2.309840708558257916e+02 -4.238889040587818721e-03 -9.322100455941407723e-03
2.310154693924346532e+02 -4.244871477973278032e-03 -9.778298588549630410e-03
2.310311661192897645e+02 -4.247019726061323358e-03 -1.013150618644683906e-02
2.310468749391866368e+02 -4.247744723573650127e-03 -1.036841766862460837e-02
2.310625994009906492e+02 -4.248774062902642597e-03 -1.060698410426757707e-02
2.310940646312018885e+02 -4.243872243899005255e-03 -1.078317293778368983e-02
2.311098246682929016e+02 -4.242220256283728286e-03 -1.083214982438198033e-02
2.311256077883631690e+02 -4.239009257474127268e-03 -1.092530854114552065e-02
2.311413888353848165e+02 -4.233926420904818647e-03 -1.103623632243891546e-02
2.311729161671369752e+02 -4.226770723365211833e-03 -1.113666549650284276e-02
2.311886574969434491e+02 -4.221830618741369105e-03 -1.130755022789728219e-02
2.312043750189590128e+02 -4.216446989181939047e-03 -1.144834658584775386e-02
2.312200796519593666e+02 -4.212528781973462651e-03 -1.157407530775811377e-02
2.312514698778120419e+02 -4.201739395940142993e-03 -1.174736757654968461e-02
2.312671650319830974e+02 -4.197070803493052268e-03 -1.180344610333785432e-02
2.312828600780010220e+02 -4.193167126705421577e-03 -1.182534821264483865e-02
2.313142932325086463e+02 -4.180676193598339106e-03 -1.180952715635914980e-02
2.313300079445006077e+02 -4.174176209041026604e-03 -1.176364365378246638e-02
2.313457545044787480e+02 -4.166777597604399974e-03 -1.171160205477133134e-02
2.313615146369242268e+02 -4.159952255880360918e-03 -1.164613093882924284e-02
2.313930586959281470e+02 -4.147333817602842643e-03 -1.146939484255006352e-02
2.314088566107793099e+02 -4.142507277006656462e-03 -1.136268038888165778e-02
2.314246093929745030e+02 -4.139579755591158219e-03 -1.125973557690392556e-02
2.314403033633007283e+02 -4.135435422044144230e-03 -1.114251122173122964e-02
2.314715910726023935e+02 -4.129599088043398383e-03 -1.090213210377843391e-02
2.314872171966074461e+02 -4.126636060979789293e-03 -1.077232061874635292e-02
2.315028683395954374e+02 -4.122863800773621072e-03 -1.063871289239438911e-02
2.315342367482299437e+02 -4.114820933634924516e-03 -1.038069125176378955e-02
2.315499485284328784e+02 -4.114202663841480881e-03 -1.025527397956864199e-02
2.315656931565697221e+02 -4.114516535294844395e-03 -1.013980886101101091e-02
2.315814571929641090e+02 -4.112705702493071880e-03 -1.003062851054573046e-02
2.316130199691679081e+02 -4.114531316841889795e-03 -9.836983629565127993e-03
2.316287785272642736e+02 -4.119253624035122859e-03 -9.745785738484119207e-03
2.316444960301589617e+02 -4.122805679052542714e-03 -9.663668680124502114e-03
2.316601991436196215e+02 -4.128441169856725962e-03 -9.600075628621267468e-03
2.316915685800235849e+02 -4.139819525270813268e-03 -9.442009225620129689e-03
2.317072393929290683e+02 -4.145816757455068370e-03 -9.360774737370854137e-03
2.317229133131077106e+02 -4.154102636794001872e-03 -9.274147743928689430e-03
2.317543047713155318e+02 -4.167793998787428129e-03 -9.065224841556642280e-03
2.317700140842222538e+02 -4.174280914485429053e-03 -8.954349849743057504e-03
2.317857253969687861e+02 -4.182867322223639099e-03 -8.841926711423770541e-03
2.318014518854128596e+02 -4.192271399884854415e-03 -8.733064432270187111e-03
2.318329450422397144e+02 -4.207177481493350711e-03 -8.540917062949422017e-03
2.318487177544514850e+02 -4.215519992892375993e-03 -8.503583709456044581e-03
2.318644962030392094e+02 -4.218932483899071745e-03 -8.660622910660669901e-03
2.318802867226002036e+02 -4.225527927229921071e-03 -8.409990923934967597e-03
2.319117907727189731e+02 -4.235097959185217531e-03 -8.287956320325286230e-03
2.319275290219844123e+02 -4.236034363503241029e-03 -8.213479207297895088e-03
2.319432524830804425e+02 -4.240675884309345542e-03 -8.169388025816841370e-03
2.319746613066118925e+02 -4.245976869976436641e-03 -9.609232311251998671e-03
2.319903559927135461e+02 -4.248474213697055191e-03 -9.161577187183486334e-03
2.320060538051914705e+02 -4.250055237594412005e-03 -9.264227138408057463e-03
2.320217500675776137e+02 -4.250976397000926117e-03 -9.868857034129149136e-03
2.320531652900158974e+02 -4.253144081309173305e-03 -1.041593685321246833e-02
2.320688937428269014e+02 -4.252695173477288003e-03 -1.063485518279657684e-02
2.320846209915015947e+02 -4.253082963724114443e-03 -1.072410077049325630e-02
2.321003730607438058e+02 -4.252223976246905651e-03 -1.077413373661807727e-02
2.321319267123006114e+02 -4.244496349250878597e-03 -1.094463558475135267e-02
2.321477159958622565e+02 -4.241504416967240357e-03 -1.102530426112893584e-02
2.321634708952425967e+02 -4.236367695735218132e-03 -1.103249742807177122e-02
2.321949500600832721e+02 -4.227665931521702031e-03 -1.133181068027698871e-02
2.322106657845351378e+02 -4.224515492049095780e-03 -1.147224579626197026e-02
2.322263662903559975e+02 -4.220116427257072055e-03 -1.159192814822187709e-02
2.322420605349168738e+02 -4.214677316579363425e-03 -1.168195795905371294e-02
2.322734461161749095e+02 -4.203586817472597902e-03 -1.181265116413393601e-02
2.322891420718349025e+02 -4.197972077346089938e-03 -1.182458352164197403e-02
2.323048591645302849e+02 -4.192138921382392025e-03 -1.182754103918079620e-02
2.323205846849052421e+02 -4.186382528223230558e-03 -1.180521185743295919e-02
2.323520611923228785e+02 -4.172176580219727829e-03 -1.170752230629713668e-02
2.323678234130844658e+02 -4.165041999742132364e-03 -1.163950839138036715e-02
2.323836118305948446e+02 -4.158585250381617582e-03 -1.155451116172740919e-02
2.324151810269868008e+02 -4.149657144020195247e-03 -1.135454123615645301e-02
2.324309087405014793e+02 -4.145028158765154055e-03 -1.124883547916125277e-02
2.324466002569376997e+02 -4.143679938775196407e-03 -1.112814929292768075e-02
2.324622482627972033e+02 -4.138886977185378228e-03 -1.100959606271161711e-02
2.324935035341504204e+02 -4.134452200398856629e-03 -1.075408017277023134e-02
2.325091609026304695e+02 -4.129834738990706064e-03 -1.062443615057809786e-02
2.325248383122602434e+02 -4.126095425944191139e-03 -1.049287516664321011e-02
2.325405356517387929e+02 -4.122538144444330005e-03 -1.036474918820386344e-02
2.325720166003762017e+02 -4.117050294733639107e-03 -1.012867546404133332e-02
2.325877888500560289e+02 -4.119882677775913576e-03 -1.002385137635578710e-02
2.326035878452877057e+02 -4.120364164388523251e-03 -9.926580670586025029e-03
2.326350821238567619e+02 -4.125253270641260003e-03 -9.741341225243619478e-03
2.326508061384566872e+02 -4.130095595844925777e-03 -9.660818098644012933e-03
2.326664904346239382e+02 -4.133139570159083225e-03 -9.596584533342613146e-03
2.326821818890057614e+02 -4.139805722501896726e-03 -9.518886151618803290e-03
2.327135225720910228e+02 -4.153569246050351285e-03 -9.352956741305176042e-03
2.327292007959022442e+02 -4.162857822184369908e-03 -9.261536103938957168e-03
2.327448968092240307e+02 -4.170964513659199471e-03 -9.160135355294442977e-03
2.327606059433235259e+02 -4.177794904901052826e-03 -9.049662369149457514e-03
2.327920260048788066e+02 -4.194045777662891959e-03 -8.825743592788275541e-03
2.328077628701722688e+02 -4.202349268746841809e-03 -8.720901965773414019e-03
2.328235097872486676e+02 -4.208019591759232236e-03 -8.625205760516866868e-03
2.328550451361611522e+02 -4.220678471156110063e-03 -8.540680719687474692e-03
2.328708315278704788e+02 -4.228535545968678533e-03 -8.658901727238545523e-03
2.328866039731393869e+02 -4.232909726335210704e-03 -8.352709503157569257e-03
2.329023706916050571e+02 -4.238575883167346181e-03 -8.279820672013372268e-03
2.329338340542050503e+02 -4.245944810211410743e-03 -8.201602927895765976e-03
2.329495475256066470e+02 -4.249406089022723064e-03 -8.186784266449630490e-03
2.329652551730796120e+02 -4.250141456426004445e-03 -8.512896767018269042e-03
2.329809506056080011e+02 -4.253655039601520263e-03 -9.704751564151908524e-03
2.330123494504657629e+02 -4.260665299182388351e-03 -9.399410786952888675e-03
2.330280475540641021e+02 -4.261410211646988327e-03 -9.945025011724114433e-03
2.330437482271129568e+02 -4.262276351575365781e-03 -1.022856559604572169e-02
2.330751946647212947e+02 -4.260822960907711954e-03 -1.065539131093982614e-02
2.330909326796622167e+02 -4.260769509206252005e-03 -1.071735680235507554e-02
2.331066930772528849e+02 -4.257490037817983179e-03 -1.077288332467786491e-02
2.331224624045077007e+02 -4.255230767509249334e-03 -1.084434398603298724e-02
2.331540397119728993e+02 -4.246612933353029716e-03 -1.101062366393906061e-02
2.331697887847235791e+02 -4.243954796478684524e-03 -1.104179010950258333e-02
2.331855273923139293e+02 -4.239356067818475342e-03 -1.120184665275372748e-02
2.332012503114170556e+02 -4.234684169119606184e-03 -1.135840172469216452e-02
2.332326552830831758e+02 -4.224684429766068471e-03 -1.160971858321848196e-02
2.332483510266724807e+02 -4.221317194919401404e-03 -1.169964422616325515e-02
2.332640458463386324e+02 -4.217547904433067811e-03 -1.177782860090477446e-02
2.332954440728992722e+02 -4.206208379472565692e-03 -1.182562050203498673e-02
2.333111655278623005e+02 -4.202102395940934647e-03 -1.182807836667184621e-02
2.333268830591212861e+02 -4.192432739723875312e-03 -1.179953156888415185e-02
2.333426212361682985e+02 -4.185793888366438724e-03 -1.175546164473243588e-02
2.333741583710373959e+02 -4.171762678501250710e-03 -1.163096842242435092e-02
2.333899374665944890e+02 -4.164521625651080444e-03 -1.154385991960581517e-02
2.334057360294540331e+02 -4.157817546725058738e-03 -1.144526757247746676e-02
2.334215088978396864e+02 -4.158436173010587357e-03 -1.134307695915917104e-02
2.334528980994015797e+02 -4.146749737818017541e-03 -1.111238460320155760e-02
2.334685305937181283e+02 -4.145871088614832244e-03 -1.099675379454642318e-02
2.334841511526821591e+02 -4.143374571666697502e-03 -1.087155054019717237e-02
2.335154586433455961e+02 -4.136070562983136176e-03 -1.060600284937848921e-02
2.335311438072407100e+02 -4.133435200531581331e-03 -1.047555862301517010e-02
2.335468506228377805e+02 -4.130282091329003265e-03 -1.034845630640676695e-02
2.335625838327559904e+02 -4.129130045294351556e-03 -1.023010631796791164e-02
2.335941320275631199e+02 -4.125799287548212110e-03 -1.001545743573338532e-02
2.336099188711775412e+02 -4.128703199429867646e-03 -9.917999227550785765e-03
2.336256813571114321e+02 -4.130967397698511422e-03 -9.823518755719209267e-03
2.336413933593416630e+02 -4.132953841186080834e-03 -9.732742942054246199e-03
2.336727930392807764e+02 -4.143609157445662765e-03 -9.589074136669791318e-03
2.336884778740531488e+02 -4.148504665066363867e-03 -9.509724863226185626e-03
2.337041389012198636e+02 -4.153910973097980040e-03 -9.426488994151223377e-03
2.337354968287198176e+02 -4.169789744100410762e-03 -9.248875709865074859e-03
2.337511984259153337e+02 -4.176111554263133366e-03 -9.142385618855804544e-03
2.337669078254557746e+02 -4.183967324929641594e-03 -9.032995506064109281e-03
2.337826186260089969e+02 -4.193885724027436590e-03 -8.921079070546957326e-03
2.338140886135205676e+02 -4.209990214511152157e-03 -8.708123647824387789e-03
2.338298293973735440e+02 -4.217202465718175586e-03 -8.613822961114363588e-03
2.338456020403321247e+02 -4.223928803615981976e-03 -8.521926583454108792e-03
2.338613806441768190e+02 -4.231101825923602212e-03 -8.593272326587214627e-03
2.338929337508393758e+02 -4.242469996792085085e-03 -8.311862499288944980e-03
2.339086838483385122e+02 -4.247096713579082659e-03 -8.295746946439263442e-03
2.339244197013141786e+02 -4.250454958948845542e-03 -8.278237328398262498e-03
2.339401474420339468e+02 -4.254933454089820238e-03 -8.191599241276697335e-03
2.339715548842839041e+02 -4.259709697526697404e-03 -8.762536319035799104e-03
2.339872501297648171e+02 -4.261888105768789695e-03 -9.624994659810480122e-03
2.340029497359620336e+02 -4.263847123749120623e-03 -9.036395389153663305e-03
2.340343463718974988e+02 -4.268136354468614682e-03 -1.000094495430538070e-02
2.340500579286658080e+02 -4.271117126686800429e-03 -1.025883682677970581e-02
2.340657866107431744e+02 -4.269065256919510679e-03 -1.050098480872756548e-02
2.340815075595911878e+02 -4.269692252104334215e-03 -1.065125382754575009e-02
2.341130179923713968e+02 -4.264842070564588486e-03 -1.076911090111738918e-02
2.341288081397084682e+02 -4.263624720025206705e-03 -1.084961614527698084e-02
2.341445907975251259e+02 -4.259244834433960868e-03 -1.097085825976803347e-02
2.341603597010642375e+02 -4.255982171645884306e-03 -1.099871908390698781e-02
2.341918441208312345e+02 -4.247137725224847844e-03 -1.123700056126613819e-02
2.342075640304675517e+02 -4.242595407194734575e-03 -1.139025312937599205e-02
2.342232627703039327e+02 -4.237992909648192162e-03 -1.153417332915993368e-02
2.342546494255695393e+02 -4.227582403435604062e-03 -1.172410990146810841e-02
2.342703431220461141e+02 -4.221938061484548088e-03 -1.179490209894642865e-02
2.342860387984981969e+02 -4.216814021623554662e-03 -1.182615736638473365e-02
2.343017510344853633e+02 -4.212647143088068223e-03 -1.183432538932268664e-02
2.343331986262754185e+02 -4.199436753844250879e-03 -1.180051436283092829e-02
2.343489472002312937e+02 -4.193559619329646944e-03 -1.175519621830968010e-02
2.343647072518066636e+02 -4.183333925331168476e-03 -1.169853449383332494e-02
2.343805009760772577e+02 -4.178440995046499469e-03 -1.162454218288155872e-02
2.344120782681541755e+02 -4.168199376735706903e-03 -1.143655672437247049e-02
2.344278313788116748e+02 -4.161443360805826101e-03 -1.133549339729730474e-02
2.344435335112016503e+02 -4.160710084417275009e-03 -1.122207863412117042e-02
2.344748245672917619e+02 -4.153659913659503607e-03 -1.098605777674059765e-02
2.344904474211625711e+02 -4.151261531096466992e-03 -1.085488459969978503e-02
2.345060953409952162e+02 -4.147640465084007078e-03 -1.072254394229283161e-02
2.345217643953022275e+02 -4.143374771311905853e-03 -1.058993265964708157e-02
2.345531709989147089e+02 -4.134468481433044122e-03 -1.033660963115941994e-02
2.345689218871830235e+02 -4.133536790717512455e-03 -1.021898525178202219e-02
2.345846934214556825e+02 -4.134276141438502500e-03 -1.010980015311691883e-02
2.346004893263231565e+02 -4.135444991374546096e-03 -1.000994944121718841e-02
2.346320015918528554e+02 -4.139016028796466649e-03 -9.820313483444335564e-03
2.346477212383531423e+02 -4.141699958397773024e-03 -9.726615751159952902e-03
2.346634054450273936e+02 -4.144806255667997201e-03 -9.655395881339998154e-03
2.346947700849914611e+02 -4.156062201613335699e-03 -9.504844279743856691e-03
2.347104394464487598e+02 -4.164214247281750048e-03 -9.420687251228349393e-03
2.347261164029523570e+02 -4.172070600218621278e-03 -9.333490438365470501e-03
2.347418066597955999e+02 -4.178155198512576406e-03 -9.237420655017191187e-03
2.347732182244855323e+02 -4.193062121390964125e-03 -9.019488491010758946e-03
2.347889308540602826e+02 -4.201391961378514624e-03 -8.906643023512560500e-03
2.348046644023644376e+02 -4.209093279309118057e-03 -8.798188539323311894e-03
2.348204147780148503e+02 -4.217903636370216348e-03 -8.698757701421973992e-03
2.348519407861293757e+02 -4.232800333626160656e-03 -8.523553781170254903e-03
2.348677247582193672e+02 -4.238883492015178313e-03 -8.649484995147898800e-03
2.348835061852625756e+02 -4.244626314840161362e-03 -8.570603084707285879e-03
2.349150038489799215e+02 -4.253530402153080092e-03 -8.309420802928997249e-03
2.349307402703983314e+02 -4.258525682907465804e-03 -8.268865878224397961e-03
2.349464582172955147e+02 -4.261461253412639205e-03 -8.191208128889407997e-03
2.349621662774504216e+02 -4.265292234092176588e-03 -8.260124798687687800e-03
2.349935632142903614e+02 -4.272424924970453890e-03 -9.455396513474942713e-03
2.350092608848986515e+02 -4.274009849052645520e-03 -9.075441673156343231e-03
2.350249553373023161e+02 -4.275820637901351154e-03 -9.654505726634792992e-03
2.350406554644045514e+02 -4.276775477806237305e-03 -1.005202226398205397e-02
2.350721037969668430e+02 -4.277394506804957711e-03 -1.053861274280060503e-02
2.350878343461017153e+02 -4.277958249777366433e-03 -1.064602388397900730e-02
2.351035914089870005e+02 -4.273570306122625485e-03 -1.070130870762678495e-02
2.351351472165574421e+02 -4.268560366227597096e-03 -1.086498371302950690e-02
2.351509379933542903e+02 -4.266734725045941146e-03 -1.096889381418345542e-02
2.351666885536227483e+02 -4.260145087272607448e-03 -1.099067203942491987e-02
2.351824306093741370e+02 -4.256931551332579673e-03 -1.109834722103124685e-02
2.352138731014182440e+02 -4.247744174968023922e-03 -1.142461153168135117e-02
2.352295686945791715e+02 -4.245107640810697608e-03 -1.155796515769959808e-02
2.352452633818008394e+02 -4.241121294225937491e-03 -1.165028380215924267e-02
2.352609600234327161e+02 -4.235837329137507289e-03 -1.174725810169603007e-02
2.352923492353897643e+02 -4.225027277126280380e-03 -1.182886306500062663e-02
2.353080705504850982e+02 -4.219154763463763697e-03 -1.184037735590165973e-02
2.353237922712729926e+02 -4.211456006172787682e-03 -1.183280360673418657e-02
2.353552807466330421e+02 -4.195943150172323950e-03 -1.175241434108623660e-02
2.353710479182602171e+02 -4.190210870961371369e-03 -1.169522298299168969e-02
2.353868397149958298e+02 -4.182944688171137335e-03 -1.161513405207237858e-02
2.354026367995591613e+02 -4.178166891514577090e-03 -1.152428229360488721e-02
2.354341510978450174e+02 -4.169126590686139319e-03 -1.132279612514580994e-02
2.354498488259976909e+02 -4.163040581295396163e-03 -1.120604227116884025e-02
2.354654974710803685e+02 -4.161060803717690770e-03 -1.108957710299508272e-02
2.354811153886578268e+02 -4.159844309472874625e-03 -1.096942498204623966e-02
2.355124040064920905e+02 -4.154122019545245306e-03 -1.070333997433153828e-02
2.355280802418488690e+02 -4.149011047267243263e-03 -1.057047012499372565e-02
2.355437737722911891e+02 -4.144617748656484642e-03 -1.044346379547344238e-02
2.355752616980643950e+02 -4.139899309325748011e-03 -1.020591825046214020e-02
2.355910410713187275e+02 -4.138133831536265628e-03 -1.010093834601351326e-02
2.356068381629774251e+02 -4.141033576221264841e-03 -1.000139924534629299e-02
2.356225971009210411e+02 -4.142360725954009025e-03 -9.904343488998813144e-03
2.356540332237281348e+02 -4.146828012822692533e-03 -9.721707541106254860e-03
2.356697161222929253e+02 -4.152400511199636109e-03 -9.650297118477263111e-03
2.356854021026948942e+02 -4.157074467347499427e-03 -9.579445495594760343e-03
2.357010641283679604e+02 -4.163510761368845181e-03 -9.497584857596965552e-03
2.357324168838483729e+02 -4.176874871713336622e-03 -9.321715861517039514e-03
2.357481150170092405e+02 -4.185360353462511812e-03 -9.221552113222420202e-03
2.357638226162516730e+02 -4.194641438625578388e-03 -9.113685903109337155e-03
2.357952529833492008e+02 -4.211221947047161414e-03 -8.891284743228002746e-03
2.358109942744031571e+02 -4.221170985938469539e-03 -8.786035738773477488e-03
2.358267386804421903e+02 -4.225555929662477839e-03 -8.688341965010471304e-03
2.358425052276670044e+02 -4.232591944471244226e-03 -8.597029685200749394e-03
2.358740790466992223e+02 -4.247432871018576479e-03 -8.688913585445013146e-03
2.358898398162458818e+02 -4.252393921541593180e-03 -8.501833573829501584e-03
2.359055994546401394e+02 -4.256566810548061651e-03 -8.296290229646953798e-03
2.359213308685320101e+02 -4.264301445615236406e-03 -8.316130099625155050e-03
2.359527693365575090e+02 -4.269308965879976131e-03 -8.196332226148635158e-03
2.359684724546325754e+02 -4.272356099982129937e-03 -8.329651449239680594e-03
2.359841677004239955e+02 -4.274553550783673390e-03 -9.388930284206295843e-03
2.360155675855222057e+02 -4.281797944594278177e-03 -9.174227086209187434e-03
2.360312650701047517e+02 -4.284664864741358041e-03 -9.750119982868364621e-03
2.360469747140136860e+02 -4.286079435582863979e-03 -1.012735553383072723e-02
2.360626996970572407e+02 -4.287544228773811431e-03 -1.034434643066760307e-02
2.360941654046232827e+02 -4.283853925597982601e-03 -1.064095446307600223e-02
2.361099251506686585e+02 -4.282709788526992828e-03 -1.069430826783064788e-02
2.361257082474772062e+02 -4.280034336291298896e-03 -1.077084872759282927e-02
2.361414891198107284e+02 -4.275250123648440849e-03 -1.088111290883096022e-02
2.361730172342319918e+02 -4.268722308347969521e-03 -1.099498161837281912e-02
2.361887589259213200e+02 -4.264261545452246831e-03 -1.113128592890524557e-02
2.362044766771375635e+02 -4.259097824726111939e-03 -1.130826874693720632e-02
2.362201803640985531e+02 -4.255465243888797121e-03 -1.146179483104264700e-02
2.362515682247513666e+02 -4.245182295549712430e-03 -1.167238592876128876e-02
2.362672630337745261e+02 -4.240648083757399961e-03 -1.176511761371941411e-02
2.362829580900859412e+02 -4.236812882004834142e-03 -1.181509382858804587e-02
2.363143923324054754e+02 -4.224494435870306507e-03 -1.184502440442347822e-02
2.363301078903740517e+02 -4.218281416844635139e-03 -1.182740918503394183e-02
2.363458550573746777e+02 -4.210624452328360148e-03 -1.179119527163153235e-02
2.363616119925773376e+02 -4.203565983510791290e-03 -1.174688359972901261e-02
2.363931831033549713e+02 -4.189277814636092889e-03 -1.160002471450797233e-02
2.364089857804744383e+02 -4.183162825798570836e-03 -1.150805103119719765e-02
2.364247581023601015e+02 -4.178878293276657753e-03 -1.141012776087828480e-02
2.364404746119343770e+02 -4.174851955573940544e-03 -1.130464141544753470e-02
2.364717890313407622e+02 -4.167559652143081224e-03 -1.107348731112900615e-02
2.364874073919061175e+02 -4.165219180911590782e-03 -1.094732212646724184e-02
2.365030473087248879e+02 -4.161944545479378567e-03 -1.081332583583257193e-02
2.365343900851934791e+02 -4.152599741416179192e-03 -1.055122965559061703e-02
2.365500951427334257e+02 -4.150415966137698670e-03 -1.042403695799347212e-02
2.365658362901510543e+02 -4.149333951384027823e-03 -1.030460255084850348e-02
2.365816036611815889e+02 -4.146117531102380335e-03 -1.019162282199475265e-02
2.366131733835366617e+02 -4.145840254114054914e-03 -9.990434357653243252e-03
2.366289301057270507e+02 -4.149765293311938677e-03 -9.895806920507906057e-03
2.366446416233951027e+02 -4.152028343772958333e-03 -9.798950268226408813e-03
2.366603348142205050e+02 -4.156153762210025235e-03 -9.713564482699880986e-03
2.366917011458079685e+02 -4.165352176922971703e-03 -9.569829342971014619e-03
2.367073688106559928e+02 -4.170971515706908481e-03 -9.486698044508048294e-03
2.367230394400282592e+02 -4.178491764308408553e-03 -9.399668273839747665e-03
2.367544250818507976e+02 -4.192522770194777489e-03 -9.203228159709459996e-03
2.367701338159721729e+02 -4.199194075077273235e-03 -9.096142530176659288e-03
2.367858464320901248e+02 -4.207694594916802124e-03 -8.985251538780119132e-03
2.368015754177346537e+02 -4.217661689950749464e-03 -8.873351372639027082e-03
2.368330740597884301e+02 -4.234618913952374608e-03 -8.675349230182871629e-03
2.368488484968093246e+02 -4.243951065079577291e-03 -8.582964135866771177e-03
2.368646293250466499e+02 -4.248100914471065158e-03 -8.556600157320463224e-03
2.368804184474553836e+02 -4.255619943798118199e-03 -8.705740759079273403e-03
2.369119175162105364e+02 -4.267419059563157951e-03 -8.302890346545620595e-03
2.369276547142752918e+02 -4.269415960361245752e-03 -8.316806229243455320e-03
2.369433768154636937e+02 -4.274738857477923017e-03 -8.239375527307434000e-03
2.369747838071832007e+02 -4.281669188359286601e-03 -8.438370922695472703e-03
2.369904790431990591e+02 -4.284819636339428674e-03 -9.597615623083161768e-03
2.370061773899869593e+02 -4.287016563926054555e-03 -9.130390368302352538e-03
2.370218742415634097e+02 -4.288654065363680865e-03 -9.278583827433579956e-03
2.370532912579330969e+02 -4.291879986480063615e-03 -1.016536747929442860e-02
2.370690196365168845e+02 -4.292196072831789069e-03 -1.040561545901489554e-02
2.370847470694338028e+02 -4.293124347629578494e-03 -1.058270728954191324e-02
2.371004992792488224e+02 -4.292710392831759238e-03 -1.063675894969572447e-02
2.371320524503124432e+02 -4.285847259840836962e-03 -1.077957304306494807e-02
2.371478420955575359e+02 -4.283328557373520910e-03 -1.089120777034925658e-02
2.371635970732044711e+02 -4.278384879056701222e-03 -1.095389839056198043e-02
2.371950767061267982e+02 -4.270387966629430633e-03 -1.116985064788262628e-02
2.372107921875728209e+02 -4.267441231222352319e-03 -1.133881843556276865e-02
2.372264914736091157e+02 -4.263400575313835289e-03 -1.148917658330309184e-02
2.372421849462827765e+02 -4.258151293068107059e-03 -1.159151221246002526e-02
2.372735694195405074e+02 -4.247409490221142059e-03 -1.177613509896849320e-02
2.372892655006658629e+02 -4.241903062442165147e-03 -1.181410981165765921e-02
2.373049830610992217e+02 -4.236089693166061182e-03 -1.183294628239764563e-02
2.373207094460768474e+02 -4.230351093414193298e-03 -1.184444831219024982e-02
2.373521871935855074e+02 -4.215937265442420111e-03 -1.178501218521013638e-02
2.373679475112994908e+02 -4.208600244841981600e-03 -1.173752134942523430e-02
2.373837447299456187e+02 -4.201107588084991226e-03 -1.166779176889221233e-02
2.374153310047007324e+02 -4.188925546696753432e-03 -1.148986019940546541e-02
2.374310831337419927e+02 -4.183902480703963374e-03 -1.139363682929160279e-02
2.374467965507047609e+02 -4.181285920570375000e-03 -1.128279030754646660e-02
2.374624629238172417e+02 -4.176612500305657699e-03 -1.116669570935097631e-02
2.374937088807467092e+02 -4.172774880169898525e-03 -1.091965253684092606e-02
2.375093543076907281e+02 -4.168743647617273104e-03 -1.078899226702488730e-02
2.375250179387530238e+02 -4.164060350512286540e-03 -1.065383531906639349e-02
2.375407028692774247e+02 -4.159543390455886294e-03 -1.052644473405833087e-02
2.375721762903932017e+02 -4.151307816239587986e-03 -1.028431001569969118e-02
2.375879513160356851e+02 -4.152668017792728213e-03 -1.017554063570477209e-02
2.376037543778337522e+02 -4.152111835818370240e-03 -1.007465618555294061e-02
2.376352466492614894e+02 -4.154742492651317641e-03 -9.882780328243591025e-03
2.376509629799149934e+02 -4.158511576658885725e-03 -9.784832246940277506e-03
2.376666398763833001e+02 -4.160164335371072976e-03 -9.702165957758406012e-03
2.376823288821657627e+02 -4.165568158478076717e-03 -9.632762848541380832e-03
2.377136660212512993e+02 -4.177338048969549827e-03 -9.473242427154197204e-03
2.377293410448301074e+02 -4.186336711607275413e-03 -9.383255680282443292e-03
2.377450342891231685e+02 -4.194711138970415309e-03 -9.288512347071427658e-03
2.377607416412762973e+02 -4.201202512201757805e-03 -9.183529222004143538e-03
2.377921640614600562e+02 -4.218337424881020079e-03 -8.964406669342747311e-03
2.378079024799588694e+02 -4.227510223672300595e-03 -8.855789095951940165e-03
2.378236525118338704e+02 -4.233957919726595229e-03 -8.754252744505914077e-03
2.378551926290384415e+02 -4.248584234444570222e-03 -8.569084151956332315e-03
2.378709810093466785e+02 -4.257267495339802504e-03 -8.589694107310081109e-03
2.378867504354995788e+02 -4.262728231320570688e-03 -8.693821262590767721e-03
2.379025147123831516e+02 -4.269422437237737483e-03 -8.375001653976926405e-03
2.379339748228944131e+02 -4.278886917460126074e-03 -8.309064366348773920e-03
2.379496871719196633e+02 -4.283248985680286440e-03 -8.224964974474639409e-03
2.379653937060445514e+02 -4.284617545758561720e-03 -8.227490280049747778e-03
2.379810888653973677e+02 -4.288647241655728012e-03 -8.606131787337710157e-03
2.380124887226586736e+02 -4.297191003130399270e-03 -9.048247949781380861e-03
2.380281875518269317e+02 -4.298617660891101630e-03 -9.416276014945691719e-03
2.380438892492669822e+02 -4.300000333276690102e-03 -9.920467260882085553e-03
2.380753358852753934e+02 -4.299657181983370345e-03 -1.045135217168428020e-02
2.380910744913584836e+02 -4.300120475159835247e-03 -1.059100981171156967e-02
2.381068347262969382e+02 -4.297437636401269662e-03 -1.063145945355119942e-02
2.381226044768457371e+02 -4.295531076309547225e-03 -1.069860906764365412e-02
2.381541810804193062e+02 -4.287532747287199283e-03 -1.090227343384131235e-02
2.381699303706739954e+02 -4.285433825862903189e-03 -1.094037094961868885e-02
2.381856692355424059e+02 -4.281037955990870357e-03 -1.102719495952624029e-02
2.382013920662752753e+02 -4.276583799359337870e-03 -1.120755841759161174e-02
2.382327953485667251e+02 -4.267042500302510762e-03 -1.150721305709393773e-02
2.382484902394005815e+02 -4.263819527985547933e-03 -1.160648904913461239e-02
2.382641846942969437e+02 -4.260317507287034872e-03 -1.171439545740626635e-02
2.382955831399910949e+02 -4.249164445373751486e-03 -1.181085541385916253e-02
2.383113051503554800e+02 -4.245161025104239767e-03 -1.183576431996871160e-02
2.383270237635581736e+02 -4.235562624207830397e-03 -1.183640392816602722e-02
2.383427637113010746e+02 -4.228897245322417453e-03 -1.180971278288030571e-02
2.383742990841125788e+02 -4.213706158001100273e-03 -1.172525736777073335e-02
2.383900874897458095e+02 -4.205525558654835822e-03 -1.164887956637042539e-02
2.384058901025235002e+02 -4.197903189662764017e-03 -1.156462711605657848e-02
2.384216716491276316e+02 -4.196842029920216585e-03 -1.147052334922083437e-02
2.384531105137143072e+02 -4.183903315721985115e-03 -1.125682323054224415e-02
2.384687554797032192e+02 -4.181331813867614731e-03 -1.114540101143180785e-02
2.384843724385945336e+02 -4.178962245462857113e-03 -1.102574027207694519e-02
2.385000039495280930e+02 -4.177434159339229146e-03 -1.089206861186378140e-02
2.385313268734982728e+02 -4.169848233544766296e-03 -1.062868078456564655e-02
2.385470217308223368e+02 -4.165700891946205742e-03 -1.050078151894020227e-02
2.385627483029628024e+02 -4.163151812732511850e-03 -1.037964518534249467e-02
2.385943012171280486e+02 -4.156863090497861166e-03 -1.015841698981399463e-02
2.386100910979312459e+02 -4.158361198014662134e-03 -1.005806544507121050e-02
2.386258549761857637e+02 -4.159987572250741991e-03 -9.961589010693923038e-03
2.386415635247769558e+02 -4.160909526210053791e-03 -9.866026850227874179e-03
2.386729465983741250e+02 -4.168870516387517683e-03 -9.689000408951244092e-03
2.386886293967351094e+02 -4.172630904006000355e-03 -9.620916387433861225e-03
2.387042891829584335e+02 -4.176991501362215323e-03 -9.544352365168764021e-03
2.387356404369934069e+02 -4.192564342045201377e-03 -9.367567757809171572e-03
2.387513391315357012e+02 -4.198660095508697197e-03 -9.267962273080149888e-03
2.387670473803215714e+02 -4.206752649330547898e-03 -9.163473883923477920e-03
2.387827596197961668e+02 -4.216850126104350338e-03 -9.054808234071058670e-03
2.388142337349591173e+02 -4.234581341450736024e-03 -8.836691248145631464e-03
2.388299775703081309e+02 -4.242804034947550255e-03 -8.737188653502220986e-03
2.388457524282564464e+02 -4.250564840137420648e-03 -8.648300351641765443e-03
2.388615323891588957e+02 -4.258551076651123993e-03 -8.556264886418396207e-03
2.388930838261356655e+02 -4.272077553710200946e-03 -8.652530251676077838e-03
2.389088308322972694e+02 -4.277819331822406770e-03 -8.336899199263994240e-03
2.389245653327469654e+02 -4.281842121749978268e-03 -8.315552917394188753e-03
2.389402916507643795e+02 -4.287456520888509662e-03 -8.296065709931656901e-03
2.389716977309908259e+02 -4.293806562277083239e-03 -8.258033976658899281e-03
2.389873931446991833e+02 -4.296656194349609582e-03 -8.837356627609352713e-03
2.390030931029156989e+02 -4.299142564944655881e-03 -9.545022185381245305e-03
2.390344908370921928e+02 -4.304595697478395822e-03 -9.540345434739526051e-03
2.390502035133363279e+02 -4.308180614146923416e-03 -9.998178588596048563e-03
2.390659319368991191e+02 -4.306646052396246975e-03 -1.027057707416474328e-02
2.390816531790547970e+02 -4.307890286433121996e-03 -1.049923643171296432e-02
2.391131637247811454e+02 -4.303977657221834743e-03 -1.062634753668773718e-02
2.391289540236907669e+02 -4.303188134025873191e-03 -1.070697382841308970e-02
2.391447367290731449e+02 -4.299209007980027246e-03 -1.080479122938915980e-02
2.391605050073577843e+02 -4.296250301860300366e-03 -1.091064485739775408e-02
2.391919896879755640e+02 -4.287904079974379917e-03 -1.106168655259388844e-02
2.392077093936964900e+02 -4.283700322002903169e-03 -1.124571310677684698e-02
2.392234075898786614e+02 -4.279185554579283991e-03 -1.140315138349945467e-02
2.392547925549832257e+02 -4.269216611442714325e-03 -1.162729099959715871e-02
2.392704858826835448e+02 -4.263624019562610792e-03 -1.172869164154466230e-02
2.392861813595775118e+02 -4.258529525444959725e-03 -1.178448158925718067e-02
2.393018940690312490e+02 -4.254366801983438737e-03 -1.181084067908819146e-02
2.393333441331596987e+02 -4.241393451335840649e-03 -1.182636243761938169e-02
2.393490941843915323e+02 -4.235741797820236423e-03 -1.180051928391179922e-02
2.393648514848323146e+02 -4.225244122587569831e-03 -1.176363091357982699e-02
2.393806456284420108e+02 -4.218933081892738482e-03 -1.170612586292167807e-02
2.394122280592395100e+02 -4.205681593288787198e-03 -1.154124033291804852e-02
2.394279996303554867e+02 -4.197684340369962387e-03 -1.144848927469323437e-02
2.394437295164463819e+02 -4.195209440079911839e-03 -1.134551125808000611e-02
2.394750472261809762e+02 -4.187123533680679570e-03 -1.112083042812469537e-02
2.394906647087883016e+02 -4.185769606038954906e-03 -1.099470822042887021e-02
2.395062999134716222e+02 -4.182372986954604153e-03 -1.086407000923989702e-02
2.395219559436089014e+02 -4.177703193230963841e-03 -1.072962462265430322e-02
2.395533364301644781e+02 -4.167323912838928265e-03 -1.047541021260889500e-02
2.395690830248728389e+02 -4.164790126284433243e-03 -1.035621742421089127e-02
2.395848572594317716e+02 -4.164446560599533408e-03 -1.024416834780682989e-02
2.396006569505316861e+02 -4.164265074859893785e-03 -1.014069044024294014e-02
2.396321737849941371e+02 -4.165852771327099684e-03 -9.947178367650688635e-03
2.396478887734234604e+02 -4.167289930668637010e-03 -9.846664299271805018e-03
2.396635627774996067e+02 -4.169040773967630162e-03 -9.754890371374882671e-03
2.396949192010054901e+02 -4.178229815346506774e-03 -9.608198095957500712e-03
2.397105863767619667e+02 -4.185468571285347501e-03 -9.528249257428062294e-03
2.397262604966328183e+02 -4.192541442656231264e-03 -9.439641308956700852e-03
2.397419482700573212e+02 -4.198970216969161173e-03 -9.348143565570881525e-03
2.397733567153489673e+02 -4.213660779084789886e-03 -9.140791465796577198e-03
2.397890713940558101e+02 -4.222204784842074378e-03 -9.031009867762160304e-03
2.398048058588996696e+02 -4.230748549648338450e-03 -8.921463267803240657e-03
2.398205592991024560e+02 -4.240162845373401934e-03 -8.816748329226692035e-03
2.398520906173608580e+02 -4.257175573239240993e-03 -8.631651946636044459e-03
2.398678762080265017e+02 -4.264148436447869756e-03 -8.549830754680347311e-03
2.398836548642576929e+02 -4.271109285300453765e-03 -8.675758495482280633e-03
2.399151480281419708e+02 -4.282129666700071856e-03 -8.315391708045403660e-03
2.399308830213460908e+02 -4.288351917394593593e-03 -8.321035616456964532e-03
2.399465998415351180e+02 -4.291931216077272092e-03 -8.280355689150848894e-03
2.399623073080275617e+02 -4.296350152898057925e-03 -8.209236814833782009e-03
2.399937039542059551e+02 -4.304862673927344931e-03 -9.111561385835565546e-03
2.400094025458156182e+02 -4.307079733453472552e-03 -9.392067242351307896e-03
2.400250972081719567e+02 -4.309614872223471206e-03 -9.099819047948222092e-03
2.400407980144736371e+02 -4.311157122643426154e-03 -9.636264219336570028e-03
2.400722468356377135e+02 -4.312758997151487986e-03 -1.033138687229637025e-02
2.400879779352325727e+02 -4.313915156269120671e-03 -1.051628640737405952e-02
2.401037354417221366e+02 -4.309931152619825116e-03 -1.057640392350387391e-02
2.401352909894480661e+02 -4.305813544097770659e-03 -1.071139890927866843e-02
2.401510815204638618e+02 -4.304299503544073771e-03 -1.081779420941665279e-02
2.401668319787961252e+02 -4.298084421173068402e-03 -1.090849586714526080e-02
2.401825739185731834e+02 -4.295198000266342575e-03 -1.094823678925710246e-02
2.402140158450827130e+02 -4.286411668576383879e-03 -1.128433426615996563e-02
2.402297109476402284e+02 -4.283964491675383915e-03 -1.143499734029816868e-02
2.402454049215724297e+02 -4.280263048798714498e-03 -1.154417010531609035e-02
2.402611010162602270e+02 -4.275247800577601856e-03 -1.165495693033940204e-02
2.402924898901487722e+02 -4.264580733378831208e-03 -1.178882668738626821e-02
2.403082116555254686e+02 -4.258902974210264716e-03 -1.181896488672350490e-02
2.403239345285321633e+02 -4.251036238929140933e-03 -1.183803308340258126e-02
2.403554259680391567e+02 -4.235798891649353130e-03 -1.179718378907185575e-02
2.403711890764548684e+02 -4.229457677376454242e-03 -1.175579646118640915e-02
2.403869848982903648e+02 -4.220458747424820668e-03 -1.168968436519786554e-02
2.404027850186620014e+02 -4.214241497435943645e-03 -1.161216981571941767e-02
2.404343208387146547e+02 -4.203443102348621181e-03 -1.142946190169988503e-02
2.404500452859906261e+02 -4.198276900066463119e-03 -1.132044008757926608e-02
2.404657125582643005e+02 -4.193796944757973745e-03 -1.120837743350124385e-02
2.404813314548352139e+02 -4.192019595959699946e-03 -1.109547767118404180e-02
2.405125999029699813e+02 -4.187702173452799610e-03 -1.083408807332944535e-02
2.405282616594804495e+02 -4.182414000678402397e-03 -1.070034519616425324e-02
2.405439416962083214e+02 -4.177209233755526524e-03 -1.057397151387363260e-02
2.405754175840287417e+02 -4.169330493936801788e-03 -1.033301381183140098e-02
2.405912004864652545e+02 -4.165874045323183540e-03 -1.022454345604485032e-02
2.406070012726038669e+02 -4.167340702025727761e-03 -1.012202917512858118e-02
2.406227641509368880e+02 -4.167251681324667112e-03 -1.002339048951001246e-02
2.406541946558799054e+02 -4.169683499097732310e-03 -9.830001455004998626e-03
2.406698687447214127e+02 -4.173938361487918892e-03 -9.737839737054020117e-03
2.406855485882840640e+02 -4.177155763173546164e-03 -9.662947020659083674e-03
2.407012078184661448e+02 -4.182265483484234533e-03 -9.594027801325212546e-03
2.407325553288568472e+02 -4.194978779381875258e-03 -9.419723507044668043e-03
2.407482506093027439e+02 -4.202644500779117130e-03 -9.324575140319778244e-03
2.407639561448478105e+02 -4.211935533710447349e-03 -9.222852853501738168e-03
2.407953895646000149e+02 -4.228761994380693390e-03 -9.006261960180681272e-03
2.408111319836764892e+02 -4.239773846715026717e-03 -8.898690353087330973e-03
2.408268801077902310e+02 -4.245532963631332493e-03 -8.795428574736760888e-03
2.408426493620722226e+02 -4.253138596114754838e-03 -8.702827254222592415e-03
2.408742252153636230e+02 -4.269969141761464741e-03 -8.548852018126931393e-03
2.408899836588984726e+02 -4.275963785949453769e-03 -8.701310656794414289e-03
2.409057403564937658e+02 -4.281012702057288878e-03 -8.509654108651194121e-03
2.409214695020546628e+02 -4.289766495490734792e-03 -8.303347405418128740e-03
2.409529063241151903e+02 -4.296319227343748694e-03 -8.260265308961279446e-03
2.409686087647414467e+02 -4.300188656981386755e-03 -8.210342622511331359e-03
2.409843040423836840e+02 -4.302892985982523927e-03 -8.373810838464675055e-03
2.410000051147583804e+02 -4.306604677871613343e-03 -9.363883865668826481e-03
2.410314025513789602e+02 -4.314758463887412125e-03 -9.171240332377286059e-03
2.410471129956848131e+02 -4.316784103218612202e-03 -9.760568717254149151e-03
2.410628386450194967e+02 -4.318570540972541810e-03 -1.013040535134065653e-02
2.410943048417726970e+02 -4.316071589607476007e-03 -1.053019041650793061e-02
2.411100646076381224e+02 -4.315380451281154543e-03 -1.056606737823198930e-02
2.411258479739555014e+02 -4.313248574507906087e-03 -1.063588031966973199e-02
2.411416286277892596e+02 -4.308748829420855180e-03 -1.072041904486644055e-02
2.411731561332229035e+02 -4.302751897659974623e-03 -1.091237883765190306e-02
2.411888977043701345e+02 -4.298732305191538261e-03 -1.097176707150332615e-02
2.412046153237945703e+02 -4.293729002769496907e-03 -1.114539256729892708e-02
2.412203186325054389e+02 -4.290351612542856255e-03 -1.132466758813358877e-02
2.412517053275641388e+02 -4.280465698328446075e-03 -1.156698220579430690e-02
2.412673995022893223e+02 -4.276021820624870649e-03 -1.167907687558702827e-02
2.412830941406943737e+02 -4.272260633855086420e-03 -1.175566738396411140e-02
2.413145293212098181e+02 -4.260107287353840332e-03 -1.182876240599704809e-02
2.413302461351438524e+02 -4.254117812219401946e-03 -1.183692505486068705e-02
2.413459945847447443e+02 -4.246628937257200358e-03 -1.182065474399843566e-02
2.413617529767863061e+02 -4.239059814368774555e-03 -1.179443249037176455e-02
2.413933273681270180e+02 -4.223538937997509297e-03 -1.167643477353414415e-02
2.414091189370504082e+02 -4.216958572421581307e-03 -1.159676682062674331e-02
2.414248970712692710e+02 -4.210877763449363646e-03 -1.150730517870415630e-02
2.414406449116370368e+02 -4.206639956056747523e-03 -1.141142125717769726e-02
2.414719994388672433e+02 -4.197557530275316910e-03 -1.119119167639980560e-02
2.414876163825562685e+02 -4.194517958840709125e-03 -1.107243055677510288e-02
2.415032460644590344e+02 -4.191982380481051526e-03 -1.094193038394821946e-02
2.415345587595750487e+02 -4.183403876820365914e-03 -1.067964759587517604e-02
2.415502510241779817e+02 -4.180068198949646145e-03 -1.055066623072637919e-02
2.415659833129580818e+02 -4.177340193052780232e-03 -1.042980902562806560e-02
2.415817513411757886e+02 -4.172174759977255454e-03 -1.031514016132347583e-02
2.416133288416126845e+02 -4.168595024862230096e-03 -1.010776391553392523e-02
2.416290906985060474e+02 -4.171268743548754362e-03 -1.001154251465076993e-02
2.416448017055338084e+02 -4.172063673366937890e-03 -9.912307239611544557e-03
2.416604868270282225e+02 -4.175064791338850383e-03 -9.815609785696066680e-03
2.416918373335431909e+02 -4.181399036748962086e-03 -9.652299820376346318e-03
2.417075017718879053e+02 -4.186242093288707229e-03 -9.581209473060696771e-03
2.417231704161758330e+02 -4.192664318659773508e-03 -9.494930748582422128e-03
2.417545508826543710e+02 -4.206631374909924892e-03 -9.305082333103122452e-03
2.417702584607582423e+02 -4.213032552766682488e-03 -9.202976379383808955e-03
2.417859734426891976e+02 -4.220894586180949475e-03 -9.096784235922529896e-03
2.418017035864956483e+02 -4.231647742292215381e-03 -8.985874634858351251e-03
2.418332076605148302e+02 -4.250538974083387621e-03 -8.779149467383524225e-03
2.418489848160263875e+02 -4.260619248086249672e-03 -8.688399880738641168e-03
2.418647664332018223e+02 -4.265371331257746500e-03 -8.595011247430037887e-03
2.418805536882767058e+02 -4.273724861128971528e-03 -8.563487687702507623e-03
2.419120479305707079e+02 -4.287645209697274820e-03 -8.442735994709602704e-03
2.419277836425095245e+02 -4.290626249349044526e-03 -8.301672525667618333e-03
2.419435047394449612e+02 -4.296519376227915521e-03 -8.313097254893276819e-03
2.419749110403581085e+02 -4.304856745617942522e-03 -8.223233339658816629e-03
2.419906066403482328e+02 -4.308521716916073434e-03 -8.481049231015436868e-03
2.420063053311174031e+02 -4.311237184234414932e-03 -9.511755875177959826e-03
2.420220023471670459e+02 -4.313514969398276125e-03 -9.110940226108799750e-03
2.420534209059310626e+02 -4.317750331258897456e-03 -9.823535805886206285e-03
2.420691493039166176e+02 -4.318661558145205082e-03 -1.019922180967370445e-02
2.420848769786093442e+02 -4.320054294236990063e-03 -1.042136371279670307e-02
2.421006297022340732e+02 -4.320010840850086603e-03 -1.052176165955845399e-02
2.421321828682782495e+02 -4.313996789654123837e-03 -1.063370240829059413e-02
2.421479727729506521e+02 -4.311946820620891213e-03 -1.072449033118645298e-02
2.421637271414877262e+02 -4.307174421789142227e-03 -1.084505298659004663e-02
2.421952063822370746e+02 -4.299830204439950357e-03 -1.100717309397028151e-02
2.422109219227212407e+02 -4.297110659905418323e-03 -1.119380661553060451e-02
2.422266208507788008e+02 -4.293428109789884824e-03 -1.136640150939150808e-02
2.422423142253034598e+02 -4.288385359009187422e-03 -1.149450387518824793e-02
2.422736971377738087e+02 -4.277997652851340225e-03 -1.170688295736640669e-02
2.422893928862682458e+02 -4.272631372803474548e-03 -1.176968265083574473e-02
2.423051106042211131e+02 -4.266872193552141007e-03 -1.180894142234903930e-02
2.423208378567436512e+02 -4.261207002075255261e-03 -1.184193264037894551e-02
2.423523178475978170e+02 -4.246847511318868097e-03 -1.182367177288801835e-02
2.423680789032587768e+02 -4.239327014002322938e-03 -1.179155348715824232e-02
2.423838741632594065e+02 -4.231510962015127240e-03 -1.173833461685956127e-02
2.424154473311510003e+02 -4.217113127423613959e-03 -1.158150873505961811e-02
2.424312155669715025e+02 -4.211430026862887296e-03 -1.149255816665862087e-02
2.424469614487049682e+02 -4.207423470010253873e-03 -1.139002309191027192e-02
2.424626545782624589e+02 -4.203028392609140657e-03 -1.127850809523435818e-02
2.424939048339957139e+02 -4.196818917608105548e-03 -1.104427469781145768e-02
2.425095392824724740e+02 -4.194552286113021992e-03 -1.091423037274594915e-02
2.425251865908381603e+02 -4.190262367190360736e-03 -1.077882698051345345e-02
2.425408562215768029e+02 -4.185147006314468218e-03 -1.065312992460444239e-02
2.425723095709836628e+02 -4.174281209059273537e-03 -1.040735346929985358e-02
2.425880872988818169e+02 -4.173660826098415412e-03 -1.029564383868888239e-02
2.426038938114855910e+02 -4.171544588231787185e-03 -1.019126171904214187e-02
2.426353955238534184e+02 -4.170790162211463620e-03 -9.995843557298810314e-03
2.426511105414455187e+02 -4.173486747672157382e-03 -9.894862789869167397e-03
2.426667798161404619e+02 -4.173822459240218545e-03 -9.798206362386799664e-03
2.426824591329825296e+02 -4.177858902443688793e-03 -9.709793309037212036e-03
2.427137850583064278e+02 -4.187480497073086186e-03 -9.565510037813517233e-03
2.427294582220302743e+02 -4.195530127520675709e-03 -9.475178572592477672e-03
2.427451485153546287e+02 -4.203925838302451611e-03 -9.381918522039397329e-03
2.427608537669558757e+02 -4.210161229384398220e-03 -9.283049307573206302e-03
2.427922782674457096e+02 -4.226701297990827569e-03 -9.072597798390804810e-03
2.428080169692526056e+02 -4.236295425597683996e-03 -8.963807311154826582e-03
2.428237708249084221e+02 -4.243643629307026696e-03 -8.858175318699625100e-03
2.428553165670612657e+02 -4.259936847564304088e-03 -8.670907259810737427e-03
2.428711049331330685e+02 -4.269233090633191806e-03 -8.575786515001572810e-03
2.428868717758020637e+02 -4.275703919473172569e-03 -8.582303594411576711e-03
2.429026335504742917e+02 -4.283197625877741867e-03 -8.698096535303038654e-03
2.429340894158314086e+02 -4.294503835074374963e-03 -8.298561257588488171e-03
2.429498013790597781e+02 -4.299578374180369061e-03 -8.304289070721697016e-03
2.429655074364123948e+02 -4.301502753458419370e-03 -8.228919863765928044e-03
2.429812024801285872e+02 -4.305939009214961206e-03 -8.244792296994740352e-03
2.430126030874600929e+02 -4.315754509055927390e-03 -9.549257181889430832e-03
2.430283023048406221e+02 -4.317741432870528424e-03 -9.079023915592433769e-03
2.430440047348915584e+02 -4.319600142326616467e-03 -9.390808430595785211e-03
2.430754518868745890e+02 -4.320207014765654364e-03 -1.024954718383469521e-02
2.430911912577054181e+02 -4.321137499729983157e-03 -1.045023069769524665e-02
2.431069516087652573e+02 -4.318973785251672970e-03 -1.050709144372672169e-02
2.431227217518701593e+02 -4.317426146092211321e-03 -1.054604548782757042e-02
2.431542978602438723e+02 -4.310082075837969387e-03 -1.073283847015168470e-02
2.431700468772847046e+02 -4.308525075274580521e-03 -1.085938704047336584e-02
2.431857857387854551e+02 -4.304350531862087548e-03 -1.092024837725384494e-02
2.432015085557442262e+02 -4.300179623752371262e-03 -1.103929983711538637e-02
2.432329116483408029e+02 -4.291171216487512687e-03 -1.140056066485015986e-02
2.432486059482421581e+02 -4.288138046459167609e-03 -1.151904219625313024e-02
2.432642996514103970e+02 -4.284898474262315710e-03 -1.163126689438973710e-02
2.432956973321089720e+02 -4.274093404899662052e-03 -1.178368825782882823e-02
2.433114194995765729e+02 -4.270190129521651314e-03 -1.182508797036340396e-02
2.433271388718492574e+02 -4.260763769852160196e-03 -1.185432827095611250e-02
2.433428799288196558e+02 -4.254109851580965308e-03 -1.184920747521827321e-02
2.433744166339471633e+02 -4.239048849260700427e-03 -1.179814031763055243e-02
2.433902047455613911e+02 -4.230389954075160219e-03 -1.173695402070465063e-02
2.434059970146726641e+02 -4.222268964109090680e-03 -1.166245146635149638e-02
2.434217712254691151e+02 -4.219129455321176878e-03 -1.157943098400518282e-02
2.434532676730907212e+02 -4.206718025080313610e-03 -1.138105895056550944e-02
2.434689355463370362e+02 -4.202864796591995224e-03 -1.127190461889303330e-02
2.434845584696143703e+02 -4.198967671785083788e-03 -1.116009157409929460e-02
2.435001837018045592e+02 -4.196782165878123333e-03 -1.103107991651287693e-02
2.435314759669382738e+02 -4.190821368543620057e-03 -1.076742050192355631e-02
2.435471560528113173e+02 -4.186282730061454370e-03 -1.063685985746552418e-02
2.435628710935890524e+02 -4.182345543861963784e-03 -1.051321729279061992e-02
2.435944206466757578e+02 -4.171989542709654206e-03 -1.028631192085361495e-02
2.436102161179359200e+02 -4.171304764596319228e-03 -1.018283346187852725e-02
2.436259851784859904e+02 -4.171306781583464240e-03 -1.008395051511956977e-02
2.436416965473159451e+02 -4.171058655227558899e-03 -9.986120901656686186e-03
2.436730707303171641e+02 -4.176301989758994700e-03 -9.788559930077492949e-03
2.436887424557588986e+02 -4.178991433040811498e-03 -9.703197447811531123e-03
2.437043956122073496e+02 -4.182344767798689376e-03 -9.633693659908385346e-03
2.437200631847916554e+02 -4.189517236660972310e-03 -9.555200548072188133e-03
2.437514377794867073e+02 -4.202020674892691966e-03 -9.367545235668656156e-03
2.437671439141976180e+02 -4.209344884858035214e-03 -9.269022672223653503e-03
2.437828572575733403e+02 -4.219083991240717320e-03 -9.165836376008750300e-03
2.438143342512936442e+02 -4.237958061968421716e-03 -8.949610807393119580e-03
2.438300815345630781e+02 -4.246629457519484133e-03 -8.845734881918514841e-03
2.438458594312738796e+02 -4.255045733115590638e-03 -8.751610106343114814e-03
2.438616397512844571e+02 -4.263576327571888709e-03 -8.661233728218633784e-03
2.438931883375881000e+02 -4.278748774455549790e-03 -8.614751593031365687e-03
2.439089318839273801e+02 -4.285343046560989924e-03 -8.673291033694687305e-03
2.439246643855169339e+02 -4.289970263101338180e-03 -8.349363382200929162e-03
2.439403894349357529e+02 -4.296377082968390500e-03 -8.303995121240307503e-03
2.439717946855740252e+02 -4.304052954589206344e-03 -8.226476721080622223e-03
2.439874902639703009e+02 -4.307416509287528492e-03 -8.288364836265268293e-03
2.440031906107268469e+02 -4.310304612815594322e-03 -8.835993244036017408e-03
2.440345891686824871e+02 -4.316809514431682593e-03 -9.075769564411157592e-03
2.440503029049465340e+02 -4.320895280147414759e-03 -9.530142228490141865e-03
2.440660316092395306e+02 -4.319879408671376680e-03 -1.000589872544684587e-02
2.440817533344193180e+02 -4.321639315340274241e-03 -1.032540604537604198e-02
2.441132644671553749e+02 -4.318759366998899292e-03 -1.048851313091520715e-02
2.441290549194708319e+02 -4.318384776685779691e-03 -1.054647467607513003e-02
2.441448378140158582e+02 -4.314835884387627739e-03 -1.063940184619253243e-02
2.441606053540962762e+02 -4.312237138528253119e-03 -1.074533771254743836e-02
2.441920898704117917e+02 -4.304573061024211632e-03 -1.094924624066496641e-02
2.442078100100146685e+02 -4.300803314218416655e-03 -1.109369095468358893e-02
2.442235085130382686e+02 -4.296544818043932304e-03 -1.129258751415739177e-02
2.442548924565543302e+02 -4.287166643079620178e-03 -1.155939265920210603e-02
2.442705848536525934e+02 -4.281802136254657214e-03 -1.166902866226606113e-02
2.442862796984301497e+02 -4.276892797447105765e-03 -1.175088578736715322e-02
2.443019921145691740e+02 -4.272854886837881318e-03 -1.180238407482392220e-02
2.443334433406155028e+02 -4.260255874692672577e-03 -1.186472466698801874e-02
2.443491940424390521e+02 -4.254730518315316852e-03 -1.185417713202907737e-02
2.443649525352301168e+02 -4.244263046511880140e-03 -1.183367351693018731e-02
2.443807463651465639e+02 -4.238102638499097012e-03 -1.179394943644271852e-02
2.444123087054437065e+02 -4.223428975107088382e-03 -1.164932444006116716e-02
2.444280834953869999e+02 -4.214993125464226026e-03 -1.156294421689576905e-02
2.444438454250351924e+02 -4.210824158492620234e-03 -1.146848349238205680e-02
2.444752147428439457e+02 -4.201825235388032161e-03 -1.125190602834319140e-02
2.444908319709879834e+02 -4.198722462377376188e-03 -1.113407028232829901e-02
2.445064581353186668e+02 -4.196258874975822284e-03 -1.100576819016729768e-02
2.445220966048055971e+02 -4.192711001832531530e-03 -1.086976740476982596e-02
2.445534446124331396e+02 -4.182348392505435934e-03 -1.061291849199511549e-02
2.445691783053770507e+02 -4.177611568173491240e-03 -1.049270157364515232e-02
2.445849509251623033e+02 -4.175777977799173535e-03 -1.037825742968252057e-02
2.446007510139062049e+02 -4.173494942919161836e-03 -1.027043588657601363e-02
2.446322778769735180e+02 -4.171917859911562776e-03 -1.007106952560511519e-02
2.446479957698131500e+02 -4.172178314204924576e-03 -9.968531776934026756e-03
2.446636672356231941e+02 -4.172822318502782818e-03 -9.870917032397411028e-03
2.446950024948157534e+02 -4.180133567828030194e-03 -9.691374490634771521e-03
2.447106623414586579e+02 -4.186178542240211534e-03 -9.621756157625326392e-03
2.447263326152972240e+02 -4.192367113164817589e-03 -9.539663268258898043e-03
2.447420185269657225e+02 -4.198623164029481256e-03 -9.446743636312265532e-03
2.447734233761003964e+02 -4.212596379835210035e-03 -9.247935358433077152e-03
2.447891388595984381e+02 -4.220737734575513711e-03 -9.144214327936708506e-03
2.448048740291273191e+02 -4.230019573498421288e-03 -9.036436281858011010e-03
2.448206310042497762e+02 -4.239934306247663404e-03 -8.930161338653205133e-03
2.448521692249974535e+02 -4.258333541239277785e-03 -8.736128311176660083e-03
2.448679539858780174e+02 -4.265996825458581894e-03 -8.645256492202265525e-03
2.448837296487971287e+02 -4.273853997292225565e-03 -8.556976342835968807e-03
2.449152179359829233e+02 -4.286586854412331032e-03 -8.620997402520732059e-03
2.449309514142900071e+02 -4.293675745976577654e-03 -8.319679777339033383e-03
2.449466675232432920e+02 -4.297843161679284520e-03 -8.305234883572390481e-03
2.449623744223290203e+02 -4.302754308032157721e-03 -8.284746485040061018e-03
2.449937707234383595e+02 -4.312240422658646100e-03 -8.345289480684076402e-03
2.450094703054679997e+02 -4.315002174913692111e-03 -9.072322108769306781e-03
2.450251652863728680e+02 -4.318090692978196650e-03 -9.381936433222578045e-03
2.450408665477270631e+02 -4.320143233630766022e-03 -9.127696220800458893e-03
2.450723164406294075e+02 -4.322660026360745054e-03 -1.011451670433089790e-02
2.450880481518245517e+02 -4.324307883698799357e-03 -1.036576688709163821e-02
2.451038060167222454e+02 -4.320744861776019963e-03 -1.047181675368067354e-02
2.451353613727701770e+02 -4.317510048002685258e-03 -1.055784942797551203e-02
2.451511518391892253e+02 -4.316332704764597357e-03 -1.064969768548682319e-02
2.451669020041109377e+02 -4.310511247455890357e-03 -1.076907994772379612e-02
2.451826438444570613e+02 -4.307966875665386434e-03 -1.089118224093183970e-02
2.452140866547711369e+02 -4.299781755323461678e-03 -1.114854844662774118e-02
2.452297817877200146e+02 -4.297593421187097945e-03 -1.133964858079106533e-02
2.452454753329446362e+02 -4.294220144970773735e-03 -1.148016639463498613e-02
2.452611705911566844e+02 -4.289503814674843277e-03 -1.159685065311345971e-02
2.452925578868384946e+02 -4.279169732178840328e-03 -1.177773438574817970e-02
2.453082792314555718e+02 -4.273702480854495861e-03 -1.182673763903617156e-02
2.453240026162418133e+02 -4.265873185779209611e-03 -1.187372379611024986e-02
2.453554956770766466e+02 -4.250999580345116678e-03 -1.187438825406145204e-02
2.453712603722979964e+02 -4.244958208968664486e-03 -1.185194300593365134e-02
2.453870551489224283e+02 -4.236035801950834706e-03 -1.180429548309911390e-02
2.454028488123082354e+02 -4.228995657352367134e-03 -1.173306736733337532e-02
2.454343791332483136e+02 -4.215867173126833060e-03 -1.156874326070047795e-02
2.454501356687353280e+02 -4.210813495246908469e-03 -1.146942437201331315e-02
2.454658330018519621e+02 -4.204383943541983165e-03 -1.135771248957303907e-02
2.454814679353509348e+02 -4.201313741715131077e-03 -1.125174324288255590e-02
2.455127213156142716e+02 -4.196086355189705686e-03 -1.099443694740757406e-02
2.455283657237649209e+02 -4.192765320015110105e-03 -1.086158885739613167e-02
2.455440286864270263e+02 -4.187797322835937718e-03 -1.073290380968209938e-02
2.455754778299039458e+02 -4.177489806392394207e-03 -1.048687897063095911e-02
2.455912586648389890e+02 -4.172144780657994871e-03 -1.037447764636451573e-02
2.456070640261240499e+02 -4.171744196069832912e-03 -1.026787459439318199e-02
2.456228293940659455e+02 -4.170156891756402612e-03 -1.016555825918849867e-02
2.456542680204240128e+02 -4.169958718756106367e-03 -9.966852344643933187e-03
2.456699381613699700e+02 -4.173303541285968039e-03 -9.866981767133043216e-03
2.456856066898346000e+02 -4.175498194589967113e-03 -9.771499104493210422e-03
2.457012547341982724e+02 -4.179794158261629193e-03 -9.692050611752791450e-03
2.457325919893347930e+02 -4.191026566923362895e-03 -9.534404040764906871e-03
2.457482846842783886e+02 -4.198433177549864247e-03 -9.437930043392410082e-03
2.457639882551505366e+02 -4.207258250343484836e-03 -9.341211585606282522e-03
2.457954217500503944e+02 -4.223885010627877190e-03 -9.134705399680573268e-03
2.458111651697674347e+02 -4.235195208245069384e-03 -9.028324477704595397e-03
2.458269178213808459e+02 -4.242181925998324277e-03 -8.922937977051686662e-03
2.458426907187239294e+02 -4.250372253829414609e-03 -8.824891809315435487e-03
2.458742655000820605e+02 -4.268816266645379318e-03 -8.640435895513986012e-03
2.458900213008037952e+02 -4.275730395526707896e-03 -8.561807778447368469e-03
2.459057750892552292e+02 -4.281536324532509222e-03 -8.688175498190224555e-03
2.459215019183627078e+02 -4.291129421639493582e-03 -8.566986074243165827e-03
2.459529362475747689e+02 -4.299154780134900600e-03 -8.318173278902359427e-03
2.459686379110743246e+02 -4.303710925051453494e-03 -8.281934724724970484e-03
2.459843330307056135e+02 -4.306843150240748097e-03 -8.250697208014372633e-03
2.460000343547472141e+02 -4.311083914400117532e-03 -8.438178788402575167e-03
2.460314333730846670e+02 -4.320383176342603403e-03 -9.283690525599196802e-03
2.460471445034821727e+02 -4.322916081040940883e-03 -9.246695986318014329e-03
2.460628710410132669e+02 -4.325130546058625347e-03 -9.763221000883637660e-03
2.460943382969209381e+02 -4.323795228977536653e-03 -1.042893372834078659e-02
2.461100981184295335e+02 -4.323630511027175619e-03 -1.047101653596226208e-02
2.461258816014035347e+02 -4.322022531621373675e-03 -1.048798528687634908e-02
2.461416622028643246e+02 -4.317904121407439670e-03 -1.057177177775149753e-02
2.461731890724149707e+02 -4.312646976907890360e-03 -1.080216649059611428e-02
2.461889308373017116e+02 -4.309001646464662855e-03 -1.093169460446514855e-02
2.462046491312783303e+02 -4.304318829971600681e-03 -1.103156506802654632e-02
2.462203526976070123e+02 -4.301264102918601548e-03 -1.121566714511852518e-02
2.462517386999514883e+02 -4.291981893252266693e-03 -1.153139588501649569e-02
2.462674320645233763e+02 -4.287788087398224784e-03 -1.164551743188978888e-02
2.462831258565262260e+02 -4.284226743720851750e-03 -1.173762818674219978e-02
2.463145602707760418e+02 -4.272452821588497256e-03 -1.185338890918487265e-02
2.463302777051353303e+02 -4.266683597074495161e-03 -1.189286187695125230e-02
2.463460269309499608e+02 -4.259340299382365601e-03 -1.189311461442164701e-02
2.463617862288446076e+02 -4.251825593302505091e-03 -1.188231682875403976e-02
2.463933589229298207e+02 -4.236188638828052196e-03 -1.179416451823868568e-02
2.464091382998052779e+02 -4.229275494182839837e-03 -1.172289217274003446e-02
2.464249042091085187e+02 -4.221226877167728875e-03 -1.164190070881798537e-02
2.464406736288169384e+02 -4.216740877868932133e-03 -1.155149306940565085e-02
2.464720887998889793e+02 -4.205925170518497007e-03 -1.133855298542979159e-02
2.464877140127477730e+02 -4.201191614035829081e-03 -1.122856502332611126e-02
2.465033366202924583e+02 -4.197515409330397455e-03 -1.110237242265903375e-02
2.465346179619290297e+02 -4.191234918131636102e-03 -1.084093308965061557e-02
2.465502917486260799e+02 -4.187727104613783377e-03 -1.070722452794248096e-02
2.465660077077870938e+02 -4.184039223404307714e-03 -1.058499357659899338e-02
2.465817679895556012e+02 -4.177630189863816394e-03 -1.046877504816550591e-02
2.466133472309785759e+02 -4.170561618461475321e-03 -1.025412902853998359e-02
2.466291115570854515e+02 -4.172181830113534835e-03 -1.015425245294157564e-02
2.466448263383993833e+02 -4.172032188020554852e-03 -1.005341672496180318e-02
2.466605151088564014e+02 -4.174423903156435078e-03 -9.953921497065920665e-03
2.466918482263142494e+02 -4.179043795775134497e-03 -9.760443892934718077e-03
2.467075021076830126e+02 -4.183083369057132711e-03 -9.683858352956219856e-03
2.467231632431312107e+02 -4.188898560927634129e-03 -9.610585198421648517e-03
2.467545377176041086e+02 -4.202397465335440396e-03 -9.422136964041497031e-03
2.467702439450330019e+02 -4.208554620745681187e-03 -9.323656157130644911e-03
2.467859577697031739e+02 -4.216162049185095961e-03 -9.223908463947515235e-03
2.468016884487152254e+02 -4.227400496127534102e-03 -9.116540887234543880e-03
2.468332005850016344e+02 -4.247588778559725428e-03 -8.907607075970883775e-03
2.468489810557577755e+02 -4.258166943159760222e-03 -8.811006166682150420e-03
2.468647615235259707e+02 -4.263618649056473767e-03 -8.718798002061038666e-03
2.468805458521501635e+02 -4.272788332564874531e-03 -8.626123423028984535e-03
2.469120345495702509e+02 -4.288786070086575593e-03 -8.712283365870389026e-03
2.469277683806446078e+02 -4.292654023220775043e-03 -8.495734261652608879e-03
2.469434875263905553e+02 -4.299276158895936652e-03 -8.304004684097580913e-03
2.469748919901063573e+02 -4.308716039679211934e-03 -8.270595534340705740e-03
2.469905876569490033e+02 -4.312925751207363247e-03 -8.273980656494286240e-03
2.470062871753774800e+02 -4.316039909240848224e-03 -8.544683972420691678e-03
2.470219851674426366e+02 -4.318914466263527006e-03 -9.454538689475201069e-03
2.470534052149101854e+02 -4.324415369685970928e-03 -9.317377360037053941e-03
2.470691342500840335e+02 -4.325870379435287766e-03 -9.886454931285749287e-03
2.470848624216232565e+02 -4.327758137857322905e-03 -1.029748981054162335e-02
2.471006155718362436e+02 -4.328316714182078515e-03 -1.044143248618818222e-02
2.471321688048203953e+02 -4.323262255169681850e-03 -1.049209413574478562e-02
2.471479585671071959e+02 -4.321647704885530662e-03 -1.058349841206985241e-02
2.471637125367672638e+02 -4.317235880055652480e-03 -1.068769085363896129e-02
2.471951923128629858e+02 -4.310571502133505803e-03 -1.094946731859515118e-02
2.472109084392719751e+02 -4.308188913826511111e-03 -1.107465584559238179e-02
2.472266074356963088e+02 -4.304816857111883575e-03 -1.126943005513426910e-02
2.472423005702929970e+02 -4.300062467947844864e-03 -1.143283807842352361e-02
2.472736819500596255e+02 -4.290154393467584051e-03 -1.167676867335130236e-02
2.472893768023255632e+02 -4.284968628134869749e-03 -1.176297347912468559e-02
2.473050937178667539e+02 -4.279389434269390176e-03 -1.182295090425924955e-02
2.473208214823846447e+02 -4.273875955407453568e-03 -1.188029404906610145e-02
2.473523030331359678e+02 -4.259854238381318575e-03 -1.190944810289124370e-02
2.473680651850440881e+02 -4.252442637940931358e-03 -1.189633900365617142e-02
2.473838606839752003e+02 -4.244458321799108626e-03 -1.186254899398741548e-02
2.474154134140433996e+02 -4.228494506164694536e-03 -1.172699823649533436e-02
2.474311770678031905e+02 -4.221636590932396731e-03 -1.164156771130780976e-02
2.474469463560212148e+02 -4.215918839066482883e-03 -1.154858283374748072e-02
2.474626725778914533e+02 -4.211431921301137665e-03 -1.143943493973242909e-02
2.474939520339005412e+02 -4.202679338962340798e-03 -1.121484812300613428e-02
2.475095773930662233e+02 -4.200200460493177732e-03 -1.108634387664785871e-02
2.475252092900659591e+02 -4.197380041388501688e-03 -1.095074331936898328e-02
2.475408594039588763e+02 -4.192636137492156134e-03 -1.082455837192295052e-02
2.475722778487353253e+02 -4.180871360459070644e-03 -1.057352217632583080e-02
2.475880483017450331e+02 -4.178722424743049058e-03 -1.045923248812445638e-02
2.476038551798479830e+02 -4.175338036025676158e-03 -1.035108874444023129e-02
2.476353633762843458e+02 -4.171602608552437558e-03 -1.014833695196139599e-02
2.476510833517941990e+02 -4.173284175718917910e-03 -1.004567341677379579e-02
2.476667533564493908e+02 -4.172500564809733699e-03 -9.945464683456329072e-03
2.476824256834506457e+02 -4.175840803302009220e-03 -9.845959198143299992e-03
2.477137301418719346e+02 -4.184071557447719206e-03 -9.680113709060881796e-03
2.477293962738918935e+02 -4.191293041248406182e-03 -9.602413609655290408e-03
2.477450826535698241e+02 -4.199365585494103763e-03 -9.508742964950051002e-03
2.477607860250477927e+02 -4.205474329768921216e-03 -9.411372536807648126e-03
2.477922082629898739e+02 -4.221702113901181809e-03 -9.211355446096011756e-03
2.478079472543580266e+02 -4.231789916667541909e-03 -9.105129238821490362e-03
2.478237059007755363e+02 -4.240003255056673699e-03 -8.999653234920074532e-03
2.478552588924787869e+02 -4.257749484275414817e-03 -8.802307165770443045e-03
2.478710445601753349e+02 -4.267764007443804533e-03 -8.710277748477485496e-03
2.478868081323286390e+02 -4.275366401592541402e-03 -8.614796626495209095e-03
2.479025668259237136e+02 -4.283598956358981164e-03 -8.584073093273070915e-03
2.479340178512150317e+02 -4.296867696219840681e-03 -8.443379052398445814e-03
2.479497280298318458e+02 -4.302536142608223875e-03 -8.308274517723385905e-03
2.479654329099629990e+02 -4.305137451044727288e-03 -8.320310676090710358e-03
2.479811278339912519e+02 -4.310203930273522575e-03 -8.269414322020350594e-03
2.480125297378730522e+02 -4.321236430023788280e-03 -8.680625437857915697e-03
2.480282297230070867e+02 -4.323809728054857360e-03 -9.539417988902528997e-03
2.480439326156024720e+02 -4.326302632871759958e-03 -9.157226543220655171e-03
2.480753814473773673e+02 -4.328015915996386541e-03 -9.991447668519974276e-03
2.480911214119291515e+02 -4.329595629962653541e-03 -1.035852248024731609e-02
2.481068821937780911e+02 -4.327903744731020040e-03 -1.045809143993913296e-02
2.481226523811218385e+02 -4.326949573481790774e-03 -1.044353868577354780e-02
2.481542282420674042e+02 -4.320496845068980997e-03 -1.059301829651720234e-02
2.481699770311128361e+02 -4.319212785880727906e-03 -1.070397136199622255e-02
2.481857160490577030e+02 -4.315429412392277411e-03 -1.086211536500976231e-02
2.482014396096842006e+02 -4.311631055857709748e-03 -1.099818346627248235e-02
2.482328430972083311e+02 -4.303230010398829269e-03 -1.132088582680501263e-02
2.482485371357166457e+02 -4.300530790243881941e-03 -1.148021295391168060e-02
2.482642301826497260e+02 -4.297516195166144019e-03 -1.161283700969564271e-02
2.482956258401646039e+02 -4.287029703755131788e-03 -1.178837971123073390e-02
2.483113475520509610e+02 -4.283316338298742004e-03 -1.184516666669207033e-02
2.483270676130472623e+02 -4.274041104458885243e-03 -1.190366087451676276e-02
2.483428093333254196e+02 -4.267570297467062311e-03 -1.192135187938793590e-02
2.483743479819606819e+02 -4.252627572550512353e-03 -1.190084431602181358e-02
2.483901353141841355e+02 -4.243805454874336781e-03 -1.185413250959046864e-02
2.484059227479217498e+02 -4.235364847887461773e-03 -1.178670619027526872e-02
2.484216783359859164e+02 -4.231147191814843729e-03 -1.171194072431884330e-02
2.484532022437856540e+02 -4.217027572441380684e-03 -1.152606914121814992e-02
2.484689044367962367e+02 -4.211474444886010617e-03 -1.141652169154974174e-02
2.484845459040927267e+02 -4.206773838233254098e-03 -1.131091371542476687e-02
2.485001690726098218e+02 -4.203720575337945888e-03 -1.118795523243156301e-02
2.485314342482175789e+02 -4.198884382625290776e-03 -1.092894472599214260e-02
2.485470939302091438e+02 -4.194791632200542582e-03 -1.079417602084384656e-02
2.485627894422420354e+02 -4.190754541786195428e-03 -1.066991469641479645e-02
2.485943189306045156e+02 -4.177900444916275713e-03 -1.044013374247000983e-02
2.486101176967960669e+02 -4.175644560040586012e-03 -1.033297994420108272e-02
2.486258868081438607e+02 -4.174759664598138784e-03 -1.023055254517403131e-02
2.486416034863179334e+02 -4.173711385628656699e-03 -1.013197848105253963e-02
2.486729834696620571e+02 -4.177059232023574292e-03 -9.928966424164527294e-03
2.486886474346727596e+02 -4.178584882404618936e-03 -9.831146309851620732e-03
2.487042886897770870e+02 -4.181417526377823046e-03 -9.740966103906295234e-03
2.487356185096805063e+02 -4.194452166679315738e-03 -9.588787633860597348e-03
2.487513112462724223e+02 -4.199894019789218030e-03 -9.490027739506962448e-03
2.487670158632880657e+02 -4.206741744562102030e-03 -9.392428865235006447e-03
2.487827272591316330e+02 -4.216379209929378702e-03 -9.294667885360024390e-03
2.488142058261658747e+02 -4.236295409856454496e-03 -9.085839660871277909e-03
2.488299584464850511e+02 -4.245098291436386409e-03 -8.981400404272516999e-03
2.488457402751614325e+02 -4.253996916297199046e-03 -8.882384461246574034e-03
2.488615204056907260e+02 -4.263281706245504628e-03 -8.786544296640797294e-03
2.488930631375201301e+02 -4.280107392454162926e-03 -8.596468624345245113e-03
2.489088039617905395e+02 -4.287660058832199091e-03 -8.610357312577376215e-03
2.489245337922129124e+02 -4.293313470493998786e-03 -8.700020048312414114e-03
2.489402564645063762e+02 -4.300325880242404815e-03 -8.388443861697470957e-03
2.489716588570664442e+02 -4.309558667273985857e-03 -8.314142312917533958e-03
2.489873544504484641e+02 -4.313407918549513366e-03 -8.265880480013192144e-03
2.490030553932759574e+02 -4.316771586318208023e-03 -8.351384878219981003e-03
2.490344559800882678e+02 -4.324637377691778993e-03 -9.518856269194879080e-03
2.490501705375060624e+02 -4.329321327053516771e-03 -9.186082745514157280e-03
2.490659003133284557e+02 -4.328942139672009755e-03 -9.547937103092577274e-03
2.490816221002666850e+02 -4.331180917427030624e-03 -1.011358823862239589e-02
2.491131341847819272e+02 -4.329589900135436681e-03 -1.043583033737980129e-02
2.491289244546233306e+02 -4.329665997328049909e-03 -1.043572103051438639e-02
2.491447071955803665e+02 -4.326474626708884733e-03 -1.050554025459877333e-02
2.491604749747413052e+02 -4.324274123929121652e-03 -1.060267280780313737e-02
2.491919600853658210e+02 -4.317351763201024602e-03 -1.089112916075129708e-02
2.492076807592470118e+02 -4.313725892113298190e-03 -1.102337229157007020e-02
2.492233792479675003e+02 -4.309884473128936140e-03 -1.117966365427177505e-02
2.492547626863311336e+02 -4.301004505866706795e-03 -1.150739549629696198e-02
2.492704542608823886e+02 -4.295854925247945960e-03 -1.163540034113768641e-02
2.492861482782077189e+02 -4.291180150317588579e-03 -1.172980274472416005e-02
2.493018595674709275e+02 -4.287342074629382077e-03 -1.179718265296134279e-02
2.493333113302780077e+02 -4.274975283334625162e-03 -1.191329935959918769e-02
2.493490630394190646e+02 -4.269545440852451357e-03 -1.192442216683451024e-02
2.493648226647653416e+02 -4.259167088812868852e-03 -1.192192162955377048e-02
2.493806170102337489e+02 -4.253113697095977502e-03 -1.190029924177477862e-02
2.494121705022680260e+02 -4.237567536156759858e-03 -1.177901703469272539e-02
2.494279275503519102e+02 -4.228050238066037927e-03 -1.169848284253989859e-02
2.494436963938243821e+02 -4.223308508541388090e-03 -1.161059024019114178e-02
2.494751262473471911e+02 -4.213193119850376644e-03 -1.139950169428352762e-02
2.494907558083180277e+02 -4.208207784855534130e-03 -1.128947217135279658e-02
2.495063774350245467e+02 -4.204652733814088182e-03 -1.116437506050626909e-02
2.495220057637629338e+02 -4.201635201481133432e-03 -1.102956364832645073e-02
2.495533157621957230e+02 -4.193185587531430940e-03 -1.077140361127891868e-02
2.495690290445557196e+02 -4.187610326920529306e-03 -1.064967978634007509e-02
2.495847921890434691e+02 -4.184443752614681877e-03 -1.053365236023903057e-02
2.496005870545941718e+02 -4.180802350443687046e-03 -1.042375063124262660e-02
2.496321226882592725e+02 -4.176938127674671881e-03 -1.021720770748231130e-02
2.496478448947881645e+02 -4.175495284915186484e-03 -1.011463684755406663e-02
2.496635224760662197e+02 -4.175191754273272285e-03 -1.001373841065007764e-02
2.496948484619511817e+02 -4.180462943092440320e-03 -9.815917659246302038e-03
2.497104973849720579e+02 -4.185569949615132283e-03 -9.728533619451588260e-03
2.497261588671793788e+02 -4.190637965334432710e-03 -9.656563674886667337e-03
2.497418372792077434e+02 -4.196367813518432632e-03 -9.571664410193620950e-03
2.497732385219393052e+02 -4.209722208077864777e-03 -9.372632268314891671e-03
2.497889522533624529e+02 -4.217273567468530181e-03 -9.275350738152823502e-03
2.498046871453190931e+02 -4.227061855662332494e-03 -9.171680156239189752e-03
2.498204477584486369e+02 -4.237450458466756990e-03 -9.067117038669867193e-03
2.498519955563320991e+02 -4.256571687099817806e-03 -8.865728729351115764e-03
2.498677770407437038e+02 -4.264615415983736418e-03 -8.770209311959511339e-03
2.498835501628927034e+02 -4.273538876637788739e-03 -8.679145263025137350e-03
2.499150316483626568e+02 -4.288304010917587741e-03 -8.633524162124714754e-03
2.499307627018685594e+02 -4.296265417591582474e-03 -8.658049864794372524e-03
2.499464766307131356e+02 -4.301249266577448528e-03 -8.353237894429500418e-03
2.499621818872428207e+02 -4.307029045600151672e-03 -8.311338769350376521e-03
2.499935778697968942e+02 -4.317383989555016212e-03 -8.269752558027082881e-03
2.500092783523278399e+02 -4.320770840455375253e-03 -8.404417749920746125e-03
2.500249743642384033e+02 -4.324546937543690545e-03 -9.029372194579264946e-03
2.500406762506262623e+02 -4.327302304819098666e-03 -9.483076833333754438e-03
2.500721281184251836e+02 -4.331222684257659238e-03 -9.690211903490977136e-03
2.500878602134939115e+02 -4.333473177389634244e-03 -1.021145000022224449e-02
2.501036182936091734e+02 -4.330615943436232247e-03 -1.042385652251223704e-02
2.501351738518605998e+02 -4.328371963392022535e-03 -1.043195498385868052e-02
2.501509644567056796e+02 -4.327743341970992537e-03 -1.050932806937798433e-02
2.501667146871513125e+02 -4.322152849884589032e-03 -1.060877487282013178e-02
2.501824570227022377e+02 -4.319952557938724035e-03 -1.074798878198179528e-02
2.502139010312443475e+02 -4.312602087758170104e-03 -1.107377946493979040e-02
2.502295962242520773e+02 -4.310781532396601272e-03 -1.123025562640478543e-02
2.502452896493674643e+02 -4.307580880201221027e-03 -1.140016806842801371e-02
2.502609843052813403e+02 -4.302990280925336405e-03 -1.155038562399416172e-02
2.502923693765610835e+02 -4.293068302247800283e-03 -1.175778336514853202e-02
2.503080897388276753e+02 -4.287654839152202704e-03 -1.181746001914252275e-02
2.503238138670594992e+02 -4.280166826682771028e-03 -1.188670426712521051e-02
2.503553079820293021e+02 -4.265495952060320561e-03 -1.193596038415587791e-02
2.503710734643878197e+02 -4.259579604713357830e-03 -1.192995835769420504e-02
2.503868681862435892e+02 -4.250738920031875770e-03 -1.189912177503951903e-02
2.504026600634053921e+02 -4.243562540787099331e-03 -1.183686032194103746e-02
2.504341669840453903e+02 -4.228841332371624691e-03 -1.168554446223386140e-02
2.504499283839007830e+02 -4.223151048092525263e-03 -1.159340777831478417e-02
2.504656604092489260e+02 -4.216084656142816446e-03 -1.148409807750803112e-02
2.504813256149447227e+02 -4.212049611086165005e-03 -1.138133821631761092e-02
2.505125779454361350e+02 -4.205215487404786665e-03 -1.113364784557241936e-02
2.505282097737992899e+02 -4.202655671282565578e-03 -1.100596403309562696e-02
2.505438533689514031e+02 -4.198695365592666068e-03 -1.087460719509811095e-02
2.505752623757426818e+02 -4.187715972835746696e-03 -1.062772785778739841e-02
2.505910341225562092e+02 -4.181413475435284167e-03 -1.051489407484881844e-02
2.506068403208278994e+02 -4.179890085349194200e-03 -1.040602464705876404e-02
2.506226050183034033e+02 -4.177089122661349109e-03 -1.030037202319358455e-02
2.506540575828401245e+02 -4.174618774942379963e-03 -1.009984775371987331e-02
2.506697310539259149e+02 -4.176357512698857660e-03 -9.997180354751564538e-03
2.506853978256042694e+02 -4.177462504057143956e-03 -9.898470022259412554e-03
2.507010366251085429e+02 -4.181068077913040193e-03 -9.800908517298737369e-03
2.507323550948844684e+02 -4.190073694272742483e-03 -9.643564716482406693e-03
2.507480410242835944e+02 -4.197086507833830589e-03 -9.552796196407737847e-03
2.507637433504324633e+02 -4.205397410494268393e-03 -9.453702915962999484e-03
2.507951737288037464e+02 -4.221454847003962112e-03 -9.256463118283415545e-03
2.508109168211801716e+02 -4.232499835933233902e-03 -9.153635186568224655e-03
2.508266751511862083e+02 -4.239825521535619396e-03 -9.049414290414819345e-03
2.508424522187241905e+02 -4.248241909298895551e-03 -8.948472863559009741e-03
2.508740254077193015e+02 -4.267976425801260285e-03 -8.755373308002847507e-03
2.508897783660407299e+02 -4.275604840556203323e-03 -8.660554887685066941e-03
2.509055295003528556e+02 -4.282176075859703453e-03 -8.575945269182387934e-03
2.509212532915590828e+02 -4.292743517932988938e-03 -8.659805920968419168e-03
2.509526830858328594e+02 -4.302465810519560431e-03 -8.327815196542511997e-03
2.509683839309724362e+02 -4.307493794709026796e-03 -8.313539185744766788e-03
2.509840787752782774e+02 -4.311192989248987563e-03 -8.291887071958084846e-03
2.510154821668771774e+02 -4.321983574475329014e-03 -8.473540717188447410e-03
2.510311814279696705e+02 -4.326832922386402575e-03 -9.220635518801357372e-03
2.510468934166015060e+02 -4.329754724483355147e-03 -9.406263126463443661e-03
2.510626206135293614e+02 -4.332818448139973480e-03 -9.262329562404124708e-03
2.510940888314904669e+02 -4.332556498950029290e-03 -1.031244151963860503e-02
2.511098491572666944e+02 -4.333094154765839041e-03 -1.042393790970502949e-02
2.511256322876324703e+02 -4.331839614023812353e-03 -1.040012418085403331e-02
2.511414130075849585e+02 -4.328233074298381590e-03 -1.042981472306009870e-02
2.511729408626854649e+02 -4.324012870376242774e-03 -1.062377543956000668e-02
2.511886831304366581e+02 -4.320424574054419244e-03 -1.077885529504219245e-02
2.512044019032505275e+02 -4.316208481458716842e-03 -1.095480624379073162e-02
2.512201061141420837e+02 -4.313427465075687049e-03 -1.110280845642264320e-02
2.512514918235779362e+02 -4.304838471331209372e-03 -1.142818929761189352e-02
2.512671845275702083e+02 -4.301025368086527391e-03 -1.157352145557713485e-02
2.512828772659737524e+02 -4.297699303855823626e-03 -1.168852508506382226e-02
2.513143095858157778e+02 -4.286334474901666754e-03 -1.182945808698054012e-02
2.513300272496977641e+02 -4.280461724812688329e-03 -1.190220820276304166e-02
2.513457766984553530e+02 -4.273190811791442723e-03 -1.193586075733117299e-02
2.513615371318907989e+02 -4.265937228884700283e-03 -1.194413057594803651e-02
2.513931091596659257e+02 -4.250326502540757723e-03 -1.189391194587284713e-02
2.514088867167483556e+02 -4.242849304892108882e-03 -1.183413059741187344e-02
2.514246394415219470e+02 -4.234573423807521352e-03 -1.176090166093618494e-02
2.514403956543571610e+02 -4.229273553420268353e-03 -1.167659166084215362e-02
2.514718596107797737e+02 -4.217608544972181392e-03 -1.147089707848510977e-02
2.514875103526169937e+02 -4.212062797655523154e-03 -1.136647773152651107e-02
2.515031356744089521e+02 -4.207231315368428932e-03 -1.124499931877063867e-02
2.515343940381238781e+02 -4.201735148695714440e-03 -1.098779613949329645e-02
2.515500468629603859e+02 -4.198510735628777427e-03 -1.085344892181514670e-02
2.515657402741143471e+02 -4.194118149458346892e-03 -1.072983036668221681e-02
2.515814847562840271e+02 -4.186833524703771799e-03 -1.061103862586974117e-02
2.516130598729589565e+02 -4.177272599496745752e-03 -1.039235292806926607e-02
2.516288249869872402e+02 -4.177814126620064440e-03 -1.028869323338413994e-02
2.516445418046652946e+02 -4.176424281896606513e-03 -1.018811836589203490e-02
2.516602412106521172e+02 -4.177333911755127215e-03 -1.008518050898276827e-02
2.516915746051157896e+02 -4.179117434016318099e-03 -9.884735279812293524e-03
2.517072182588998999e+02 -4.181842325188006582e-03 -9.787317860516644291e-03
2.517228688920770310e+02 -4.187021382843954427e-03 -9.706388136117679449e-03
2.517542300103729929e+02 -4.198894475841880546e-03 -9.536385961832807498e-03
2.517699344052119272e+02 -4.204676185090859379e-03 -9.435022655045186002e-03
2.517856462304703200e+02 -4.212072848046612833e-03 -9.340262271473215652e-03
2.518013762389614953e+02 -4.223387458948524471e-03 -9.238646484310487211e-03
2.518328948564279983e+02 -4.243446108228530848e-03 -9.033104794174549174e-03
2.518486799191038870e+02 -4.254014873947302086e-03 -8.932393710437865064e-03
2.518644584233530850e+02 -4.259997178717320199e-03 -8.834223992394937483e-03
2.518802399813681916e+02 -4.270049163356541555e-03 -8.740711994779748126e-03
2.519117228274065781e+02 -4.287817081034617575e-03 -8.571196889798850596e-03
2.519274541516512329e+02 -4.292205770592760934e-03 -8.669764993919736387e-03
2.519431709023928363e+02 -4.299922011695577091e-03 -8.548794732467949326e-03
2.519745731261182868e+02 -4.310297077151173731e-03 -8.308864615269447376e-03
2.519902684052553070e+02 -4.315169293899931945e-03 -8.281437367252765525e-03
2.520059689535955272e+02 -4.318685262504404557e-03 -8.303469535632761189e-03
2.520216680948659587e+02 -4.322197785861926593e-03 -8.564937158561020114e-03
2.520530896714177800e+02 -4.329357265618232961e-03 -9.317136030454196624e-03
2.520688197095082330e+02 -4.331186237793559039e-03 -9.367539820809013887e-03
2.520845483215730667e+02 -4.333700878372061076e-03 -9.925613543240707423e-03
2.521003018447526358e+02 -4.335271859702846155e-03 -1.037806968467233810e-02
2.521318548336408867e+02 -4.331130401335153354e-03 -1.039091056234511291e-02
2.521476442933976614e+02 -4.329836644954936781e-03 -1.043442965899944556e-02
2.521633996288672392e+02 -4.326132541231294919e-03 -1.052508259093895907e-02
2.521948809179194484e+02 -4.320129411534466904e-03 -1.081197695155120160e-02
2.522105974622605800e+02 -4.318191608900217443e-03 -1.100575507886572373e-02
2.522262972593204609e+02 -4.314907545706255128e-03 -1.116045037969477446e-02
2.522419893624684164e+02 -4.310516140918186322e-03 -1.131592952028731038e-02
2.522733695345392562e+02 -4.301056412604154985e-03 -1.161444712323192636e-02
2.522890632819719485e+02 -4.296043167226440418e-03 -1.172488349215152284e-02
2.523047786137274500e+02 -4.290745168130730147e-03 -1.179046468537479041e-02
2.523205065617261766e+02 -4.285380151807216195e-03 -1.185770591810226746e-02
2.523519883126569709e+02 -4.272071389873237542e-03 -1.194959613985251655e-02
2.523677512406310086e+02 -4.264307639028628791e-03 -1.195388941207286247e-02
2.523835469509051848e+02 -4.256524885186223177e-03 -1.193854820779767685e-02
2.524150955219725745e+02 -4.240219489389769961e-03 -1.182424388634006028e-02
2.524308454221732347e+02 -4.233030858050840922e-03 -1.174587998263158968e-02
2.524465969980618638e+02 -4.226823617373060872e-03 -1.165927168480076700e-02
2.524623431846755182e+02 -4.221742684656959281e-03 -1.155587910647249382e-02
2.524936850092624923e+02 -4.210922137552121358e-03 -1.133923720192414088e-02
2.525093066347202750e+02 -4.206803625195657675e-03 -1.121453256157312235e-02
2.525249297052966142e+02 -4.204182176432626206e-03 -1.108441775490856020e-02
2.525405630761590885e+02 -4.200397340677150364e-03 -1.095627847989311988e-02
2.525719348701314857e+02 -4.188904719538890514e-03 -1.070519209363725993e-02
2.525876928895083893e+02 -4.186474551887961471e-03 -1.058996182678636697e-02
2.526034927877091718e+02 -4.182032250159782236e-03 -1.048077135784516827e-02
2.526350090389993284e+02 -4.175515855722846184e-03 -1.027233600342569372e-02
2.526507340754113500e+02 -4.175430529252871503e-03 -1.016983750971283892e-02
2.526664114665236127e+02 -4.173447067894673658e-03 -1.006627733315665525e-02
2.526820865480979705e+02 -4.175627645301510475e-03 -9.965938757036173906e-03
2.527133764142108703e+02 -4.181883793392158349e-03 -9.770134130544439605e-03
2.527290311288871862e+02 -4.188102964186959411e-03 -9.690868556697831981e-03
2.527447087076733965e+02 -4.194963883115973048e-03 -9.613329741966009784e-03
2.527604089456989414e+02 -4.200836986245995788e-03 -9.516051579435035740e-03
2.527918271997240822e+02 -4.216206780052778567e-03 -9.320135985255896191e-03
2.528075656826655688e+02 -4.225894025652595504e-03 -9.219214016624064853e-03
2.528233284816815001e+02 -4.234376893829534458e-03 -9.116506379008813832e-03
2.528548886578575718e+02 -4.252583756710775521e-03 -8.914264072516610640e-03
2.528706695764255983e+02 -4.263166886521855582e-03 -8.815831093990863371e-03
2.528864301555422571e+02 -4.271538834004270230e-03 -8.722343812904166313e-03
2.529021861120206154e+02 -4.280656623346040454e-03 -8.623573993334458787e-03
2.529336320313246347e+02 -4.295482296828361142e-03 -8.673845241280619955e-03
2.529493401598693083e+02 -4.301893221907247995e-03 -8.488364074776979726e-03
2.529650440544168646e+02 -4.304874422413935628e-03 -8.298578104739941577e-03
2.529807389820399237e+02 -4.310888343646154634e-03 -8.303030216217144321e-03
2.530121421077354000e+02 -4.322820503005575347e-03 -8.329353480420872632e-03
2.530278422928012390e+02 -4.325968435880566364e-03 -8.677862747007478172e-03
2.530435455849867310e+02 -4.329257417680947538e-03 -9.503149533490474685e-03
2.530749970357391021e+02 -4.332154383455058023e-03 -9.455177793452215762e-03
2.530907368282800860e+02 -4.334554292725313618e-03 -1.005841827617811116e-02
2.531064979697005128e+02 -4.333082692163464818e-03 -1.040623560006072312e-02
2.531222665553050604e+02 -4.333015052166593918e-03 -1.040607808814619784e-02
2.531538442840118819e+02 -4.327745660832765275e-03 -1.043696639472585508e-02
2.531695938490770743e+02 -4.326318107338700432e-03 -1.053521253262498618e-02
2.531853330931325843e+02 -4.323259917593471995e-03 -1.066630028370183642e-02
2.532010576220564531e+02 -4.319903355354729954e-03 -1.084635245799128907e-02
2.532324620704152380e+02 -4.312261210962174338e-03 -1.119351283125965928e-02
2.532481557064368758e+02 -4.310052228474404307e-03 -1.134845201632344106e-02
2.532638480057557899e+02 -4.307157690117924438e-03 -1.150244774362390796e-02
2.532952406337153661e+02 -4.296880690694131547e-03 -1.174322189968074470e-02
2.533109614192366053e+02 -4.293379541353806346e-03 -1.181048719724813768e-02
2.533266819702245982e+02 -4.284089123323229706e-03 -1.188621376867864815e-02
2.533424229335521147e+02 -4.277982041676878580e-03 -1.194641432787106779e-02
2.533739616231706577e+02 -4.263029048651904331e-03 -1.197240309699530193e-02
2.533897497383436814e+02 -4.254318411310786634e-03 -1.194922518450294152e-02
2.534055370274063534e+02 -4.245598670740925208e-03 -1.189472741586792247e-02
2.534212880293107446e+02 -4.241163891898213321e-03 -1.182914501650462677e-02
2.534527789588840676e+02 -4.225575083355535659e-03 -1.165915015031041523e-02
2.534685130633147310e+02 -4.219294026723994714e-03 -1.155160358276345091e-02
2.534841944545622425e+02 -4.213500843208129419e-03 -1.144768913244783790e-02
2.535154563166126422e+02 -4.206024399183955903e-03 -1.120075014164794748e-02
2.535310823551301382e+02 -4.202804648985039408e-03 -1.107808681909732036e-02
2.535467235295138551e+02 -4.199653162697751345e-03 -1.094267222193335241e-02
2.535623938083645612e+02 -4.197097711470702992e-03 -1.081848702119450091e-02
2.535938867465292503e+02 -4.182663662563223562e-03 -1.058327807186966625e-02
2.536096895814272045e+02 -4.179410017571663465e-03 -1.047393926084766273e-02
2.536254586676814426e+02 -4.177115593059101302e-03 -1.036730751817254055e-02
2.536411767292165962e+02 -4.174846858601592887e-03 -1.026699056543446328e-02
2.536725695772555582e+02 -4.175582841295031634e-03 -1.005886714861975104e-02
2.536882377860980853e+02 -4.175023852794688961e-03 -9.959626003327896188e-03
2.537038727090401551e+02 -4.177199423742131157e-03 -9.858295337015744730e-03
2.537351797065506673e+02 -4.188080696993993178e-03 -9.687984267272865477e-03
2.537508648727811078e+02 -4.193510083419748659e-03 -9.604620374325138071e-03
2.537665673607046983e+02 -4.199817646111825287e-03 -9.504279921960102906e-03
2.537822761301644050e+02 -4.209140807581483561e-03 -9.406103935446365194e-03
2.538137534186070354e+02 -4.229116695391456002e-03 -9.209557037493784279e-03
2.538295114164812389e+02 -4.237296244901293460e-03 -9.107413272479519817e-03
2.538452962102358299e+02 -4.246103583979907170e-03 -9.006034334520584411e-03
2.538610765689851689e+02 -4.256299360030655309e-03 -8.905316656852657262e-03
2.538926107365184066e+02 -4.274010242724908711e-03 -8.710906501255307258e-03
2.539083500663555526e+02 -4.282060830627259541e-03 -8.615873123658761637e-03
2.539240766928618598e+02 -4.289386502293853279e-03 -8.572561746397033833e-03
2.539555000163336729e+02 -4.301069941497031625e-03 -8.452721475851129179e-03
2.539711967407920383e+02 -4.307508312346556428e-03 -8.298641908091005867e-03
2.539868922072964210e+02 -4.311733661465914913e-03 -8.299092096659990009e-03
2.540025932813426834e+02 -4.315776658487719547e-03 -8.281553925647524433e-03
2.540339961151225054e+02 -4.325389972404339138e-03 -8.817284426714753695e-03
2.540497111731220059e+02 -4.330541903355311813e-03 -9.558341523028065015e-03
2.540654426964092920e+02 -4.331005611881574673e-03 -9.272164136788897323e-03
2.540811641785741699e+02 -4.333543538207243126e-03 -9.572223486592491490e-03
2.541126766052277333e+02 -4.333618041371023813e-03 -1.042922960058247778e-02
2.541284658525631528e+02 -4.334110390958505546e-03 -1.038983658278621984e-02
2.541442483603635765e+02 -4.331171881325303515e-03 -1.038224363300996322e-02
2.541600185097111932e+02 -4.329485549321734038e-03 -1.044960812844825636e-02
2.541915048548704306e+02 -4.323623463966649351e-03 -1.070019750741338371e-02
2.542072260549274745e+02 -4.319884192698491242e-03 -1.089040787089511596e-02
2.542229248988330710e+02 -4.316809842594160687e-03 -1.108121284038273389e-02
2.542543080902013344e+02 -4.308418014978844177e-03 -1.138008497543096728e-02
2.542699990588341450e+02 -4.303609507593803701e-03 -1.153577270645627859e-02
2.542856920808757479e+02 -4.299319973727783531e-03 -1.167186567385129943e-02
2.543014013463192100e+02 -4.295832866458244859e-03 -1.175935940441296020e-02
2.543328515625924524e+02 -4.283568562413394253e-03 -1.190328343631947422e-02
2.543486035732793198e+02 -4.278077321361162429e-03 -1.195597973039552904e-02
2.543643640132086716e+02 -4.267969205366510185e-03 -1.197676463803421833e-02
2.543801585621841923e+02 -4.262227101611227621e-03 -1.197421622322268620e-02
2.544117109776991299e+02 -4.246308416882535290e-03 -1.188460239117832343e-02
2.544274620493582688e+02 -4.236457845645310617e-03 -1.181460142487755077e-02
2.544432072749675626e+02 -4.231052414628071363e-03 -1.173371485514825702e-02
2.544746708378676487e+02 -4.219364640028984426e-03 -1.153042162069469433e-02
2.544903380612257990e+02 -4.213692694484208641e-03 -1.142651060095341287e-02
2.545059695087072669e+02 -4.207893662639757178e-03 -1.130646313006014592e-02
2.545215898056674177e+02 -4.203548915384861320e-03 -1.117575722055980623e-02
2.545528645034101487e+02 -4.196938882088702312e-03 -1.092015175860820177e-02
2.545685507527720972e+02 -4.191813610416426569e-03 -1.079551810239793609e-02
2.545842948518654794e+02 -4.187911868917306053e-03 -1.067597376494253993e-02
2.546000730637558718e+02 -4.183756713040592129e-03 -1.056589103836881073e-02
2.546316210554903137e+02 -4.177417523092274466e-03 -1.035220683345156739e-02
2.546473410727057569e+02 -4.174165465588091165e-03 -1.024854572060449227e-02
2.546630287059134048e+02 -4.172968657691741336e-03 -1.014377598569568203e-02
2.546943623140334694e+02 -4.175952894306882157e-03 -9.941859475610098987e-03
2.547100021773218828e+02 -4.180292544237907727e-03 -9.840031057781979673e-03
2.547256510603708364e+02 -4.184118939785966620e-03 -9.747368976919787431e-03
2.547413171217916101e+02 -4.189513250677404793e-03 -9.672606379639856269e-03
2.547727089816487194e+02 -4.202723634486045523e-03 -9.481741955906236238e-03
2.547884219075570513e+02 -4.210214867184391453e-03 -9.386084240918104310e-03
2.548041551242873197e+02 -4.219526029421814296e-03 -9.289906330485278585e-03
2.548356865132817859e+02 -4.242211693256185169e-03 -9.089007116209711634e-03
2.548514740725214835e+02 -4.249950130928808328e-03 -8.986989778862539482e-03
2.548672505717030106e+02 -4.257998762831480960e-03 -8.886257678223942122e-03
2.548830204379601128e+02 -4.267856140297698365e-03 -8.789945539436771690e-03
2.549144957050069138e+02 -4.284537664857792673e-03 -8.597883240263070465e-03
2.549302245775485289e+02 -4.292762814190080253e-03 -8.570140867267298304e-03
2.549459352043555782e+02 -4.298751188598439778e-03 -8.654334881439186902e-03
2.549616390040557974e+02 -4.306005382719512234e-03 -8.407744732633363680e-03
2.549930351704497298e+02 -4.316683665255370735e-03 -8.286902586823607572e-03
2.550087354998253772e+02 -4.320738323436453150e-03 -8.285929951302398871e-03
2.550244331366840242e+02 -4.325087078431573764e-03 -8.441653820342391590e-03
2.550401357662512680e+02 -4.328569228806707948e-03 -8.980290723884462936e-03
2.550715900993743332e+02 -4.334124978000239783e-03 -9.275636614963094634e-03
2.550873218500138933e+02 -4.336973664200977248e-03 -9.716387839351910832e-03
2.551030790815705700e+02 -4.335143260080328437e-03 -1.029224392873286271e-02
2.551346345903726558e+02 -4.333674295558120546e-03 -1.037510004596592025e-02
2.551504260280283631e+02 -4.333737357017240256e-03 -1.038107120415714818e-02
2.551661767243316490e+02 -4.328326018824824907e-03 -1.046216210005702051e-02
2.551819198438319916e+02 -4.326370984191611410e-03 -1.057996196843274429e-02
2.552133660787395684e+02 -4.320224767584281839e-03 -1.093803885977174400e-02
2.552290615372885156e+02 -4.318754477972054466e-03 -1.112440672262504301e-02
2.552447551000929025e+02 -4.315504494999014388e-03 -1.127482062592809024e-02
2.552604487387261543e+02 -4.310849278871727204e-03 -1.142016885096746800e-02
2.552918310449378794e+02 -4.301452263903623660e-03 -1.170227893163866897e-02
2.553075497255003086e+02 -4.295911897873413987e-03 -1.178614620239238492e-02
2.553232746149168690e+02 -4.289091892596943491e-03 -1.185753057170784927e-02
2.553547670087590973e+02 -4.274386507424799038e-03 -1.197939184355734446e-02
2.553705326024288524e+02 -4.268743364166377799e-03 -1.199280275642673928e-02
2.553863276860848259e+02 -4.259940823099532363e-03 -1.198703011359029090e-02
2.554021196079346794e+02 -4.253059375883226460e-03 -1.194448312353135581e-02
2.554336179071499657e+02 -4.237181720156132231e-03 -1.181352842417491590e-02
2.554493551227891430e+02 -4.230216001072501647e-03 -1.172912039973127325e-02
2.554650925804768633e+02 -4.223096586491879335e-03 -1.162746045405996242e-02
2.554807992140974591e+02 -4.218538527390837574e-03 -1.152340820645998513e-02
2.555120912820424621e+02 -4.208369175043307972e-03 -1.128775026991724745e-02
2.555277123717577865e+02 -4.204646863970093636e-03 -1.116173639508516099e-02
2.555433394102960278e+02 -4.201337501827313511e-03 -1.103124721509162950e-02
2.555746985226955417e+02 -4.192148272432120841e-03 -1.078105406610957613e-02
2.555904518246074986e+02 -4.185604593188842551e-03 -1.066503429677517246e-02
2.556062510205024125e+02 -4.183177473428997123e-03 -1.055549686307362400e-02
2.556220186504063179e+02 -4.179013613529242686e-03 -1.044609871400423336e-02
2.556534783469499246e+02 -4.173998772859646884e-03 -1.023875712443151308e-02
2.556691576891729767e+02 -4.173812338650603054e-03 -1.013239987348135002e-02
2.556848305641560160e+02 -4.174130961691238650e-03 -1.003217061082969756e-02
2.557004689731637370e+02 -4.177096845188597862e-03 -9.930651450271582581e-03
2.557317637214439685e+02 -4.184454451178364412e-03 -9.737511599543448651e-03
2.557474381268685306e+02 -4.191381991892241185e-03 -9.662148933620951993e-03
2.557631343039146543e+02 -4.199434824875553432e-03 -9.573078302466613010e-03
2.557945602415377095e+02 -4.214608296081221069e-03 -9.373940215640197415e-03
2.558103022169274539e+02 -4.225168763799786072e-03 -9.278632893908978288e-03
2.558260656057396147e+02 -4.232707236658457203e-03 -9.178211176886122424e-03
2.558418449168286202e+02 -4.241492454075342783e-03 -9.077981659624959412e-03
2.558734141942512110e+02 -4.262179701760701253e-03 -8.874748216163673778e-03
2.558891635953446837e+02 -4.270447116189217233e-03 -8.777108223424997732e-03
2.559049128478941384e+02 -4.277999990045795557e-03 -8.679346625063829798e-03
2.559206341244163809e+02 -4.289248233824826534e-03 -8.587740839611899060e-03
2.559520566955417848e+02 -4.301358712077997179e-03 -8.635869478931711141e-03
2.559677578977646419e+02 -4.306430668422177831e-03 -8.376035917723241575e-03
2.559834534586463235e+02 -4.310815779381698895e-03 -8.291147759548596341e-03
2.560148572009957775e+02 -4.323591492808301871e-03 -8.308097948904396429e-03
2.560305576722926730e+02 -4.328826826558857845e-03 -8.519282053726736151e-03
2.560462695808182616e+02 -4.331933856207067536e-03 -9.170011538060029305e-03
2.560619973397469380e+02 -4.336248115170464323e-03 -9.497575766523502078e-03
2.560934664515238524e+02 -4.336879054957341710e-03 -9.859514834988833062e-03
2.561092268012300224e+02 -4.338068845769796691e-03 -1.037940378346953810e-02
2.561250083360577605e+02 -4.336986636000607354e-03 -1.042234445110166823e-02
2.561407899792330909e+02 -4.334072266100018334e-03 -1.036353769449404987e-02
2.561723198612435226e+02 -4.331178868601456150e-03 -1.048590745767567778e-02
2.561880622368069567e+02 -4.327392392447398581e-03 -1.061079287783448823e-02
2.562037821922110084e+02 -4.323766680135581256e-03 -1.077777859331939883e-02
2.562351803549432248e+02 -4.316922575830703379e-03 -1.116394357144359466e-02
2.562508735696397935e+02 -4.313350290977197715e-03 -1.130936701765927928e-02
2.562665658387113581e+02 -4.310098977202476977e-03 -1.145801602968560783e-02
2.562822574541314680e+02 -4.306944830804082698e-03 -1.161258656543997202e-02
2.563136864776462289e+02 -4.296119058839948691e-03 -1.180784298688124581e-02
2.563294042496068528e+02 -4.289569264031648996e-03 -1.188500766896365829e-02
2.563451522773247575e+02 -4.282374793767571887e-03 -1.195829355256377950e-02
2.563609136947051184e+02 -4.275546496417311632e-03 -1.199825472949274385e-02
2.563924843135532115e+02 -4.259476078717830752e-03 -1.199554344000745842e-02
2.564082635373823109e+02 -4.251678572093588702e-03 -1.194890062554767977e-02
2.564240145044813630e+02 -4.244017374044279159e-03 -1.188695466333962100e-02
2.564554914693387104e+02 -4.228865346142573860e-03 -1.172401010624247487e-02
2.564712155483458673e+02 -4.223878658555232403e-03 -1.161807218566537035e-02
2.564869107475163332e+02 -4.217348798095428390e-03 -1.151523331902850993e-02
2.565025650243449036e+02 -4.211137303757839408e-03 -1.139992159339022100e-02
2.565338131796948460e+02 -4.204416626279156889e-03 -1.114740102292262856e-02
2.565494497712033422e+02 -4.201266685359810946e-03 -1.101674898832818127e-02
2.565651180010643202e+02 -4.197927829526875744e-03 -1.089111678966535324e-02
2.565808364817260099e+02 -4.191285626542951524e-03 -1.076766213418492088e-02
2.566123958578305633e+02 -4.180183787699418355e-03 -1.054528663408907906e-02
2.566281660311957467e+02 -4.179140857688534369e-03 -1.043684035915131043e-02
2.566438799598130913e+02 -4.176349647416000357e-03 -1.033303237698222563e-02
2.566752662354085146e+02 -4.173285319001340636e-03 -1.012191732253998368e-02
2.566909317416526051e+02 -4.175599491416512841e-03 -1.002154444641827936e-02
2.567065700741982823e+02 -4.177014386470316414e-03 -9.918458665826744222e-03
2.567222084945402116e+02 -4.182197379323210340e-03 -9.817141340561883964e-03
2.567535465982247160e+02 -4.193060640207776739e-03 -9.653430949072814432e-03
2.567692457660878631e+02 -4.198518372384689966e-03 -9.557419358647557123e-03
2.567849568299496923e+02 -4.206413195667439708e-03 -9.457113031270902165e-03
2.568006840604317631e+02 -4.217166820644609182e-03 -9.360983720980781825e-03
2.568322053568934393e+02 -4.236957986326142685e-03 -9.165573882434423919e-03
2.568479943582344731e+02 -4.247483284832616508e-03 -9.064613830219687279e-03
2.568637712634771333e+02 -4.254563077000755866e-03 -8.961968357334626142e-03
2.568952981392908441e+02 -4.274902135528066763e-03 -8.760661604611547776e-03
2.569110251558161622e+02 -4.284527587695186567e-03 -8.665651262957423107e-03
2.569267534768503083e+02 -4.289474608924213721e-03 -8.574981641907982247e-03
2.569424659028306337e+02 -4.298554623193992508e-03 -8.585338848359280045e-03
2.569738660579042175e+02 -4.310090395200077452e-03 -8.350024883261307138e-03
2.569895612574843540e+02 -4.315461838520503503e-03 -8.287323985703472923e-03
2.570052620401572767e+02 -4.319513321771445077e-03 -8.283154743629115788e-03
2.570209626461121388e+02 -4.323556474294821400e-03 -8.344300791119694735e-03
2.570523851994216216e+02 -4.332665694744657070e-03 -9.353652293466014137e-03
2.570681165818681961e+02 -4.334561681957213586e-03 -9.429876627494089905e-03
2.570838452979708109e+02 -4.337751555539901341e-03 -9.423428276070936263e-03
2.571153583229436776e+02 -4.337426929589597267e-03 -1.042833431742455803e-02
2.571311514007059600e+02 -4.337453881615073274e-03 -1.040589097075912337e-02
2.571469394215404805e+02 -4.336207040070553555e-03 -1.035815108039038653e-02
2.571626974315432790e+02 -4.333526414658513126e-03 -1.040490964863375646e-02
2.571941804877275217e+02 -4.327986899170166955e-03 -1.064511931436919884e-02
2.572098981607140331e+02 -4.326409678125332607e-03 -1.082076901162165941e-02
2.572255988964857920e+02 -4.322878092774490831e-03 -1.102405303396279852e-02
2.572412893810674177e+02 -4.319083936841482466e-03 -1.119807508785603846e-02
2.572726693896170218e+02 -4.309829829357032099e-03 -1.148794346816641582e-02
2.572883621635623399e+02 -4.304987510224369401e-03 -1.163216640435954519e-02
2.573040756108522942e+02 -4.300119002422342525e-03 -1.174341702346614821e-02
2.573355300313343719e+02 -4.289363968485932106e-03 -1.190217006576507058e-02
2.573512835087731219e+02 -4.282441368195130313e-03 -1.196969091218356290e-02
2.573670464061744383e+02 -4.273705197893400490e-03 -1.200460823325148058e-02
2.573828424724982824e+02 -4.266311375872054029e-03 -1.201288279164421970e-02
2.574143903704097056e+02 -4.249825147955881531e-03 -1.194025817726999603e-02
2.574301390930361890e+02 -4.241614384532529404e-03 -1.187745736034545758e-02
2.574458783561476025e+02 -4.234845476388138241e-03 -1.180042211226623068e-02
2.574616075129957835e+02 -4.229154901515290096e-03 -1.170716026223968600e-02
2.574930157083886115e+02 -4.217255928146916577e-03 -1.149757911561931183e-02
2.575086595882590927e+02 -4.211150315672027022e-03 -1.137783190144115580e-02
2.575242801505034436e+02 -4.206514879956333233e-03 -1.124893592067612719e-02
2.575555454826347273e+02 -4.199390766150575167e-03 -1.099579924854547468e-02
2.575712280735640434e+02 -4.194297344544634619e-03 -1.086942510041602472e-02
2.575869618235464600e+02 -4.191938685471238886e-03 -1.074903975522386104e-02
2.576027394627361105e+02 -4.186632637031896011e-03 -1.063808130328023488e-02
2.576342758155722095e+02 -4.177579645088985542e-03 -1.042139395970870588e-02
2.576499974192174136e+02 -4.176361959451466155e-03 -1.031512800505342276e-02
2.576656771084723800e+02 -4.173031067974891130e-03 -1.020799042149656520e-02
2.576813581752021491e+02 -4.173832223941974055e-03 -1.010503861531980054e-02
2.577126472968134294e+02 -4.178825590384478011e-03 -9.899132648194430145e-03
2.577282911095739451e+02 -4.184312713532413637e-03 -9.797648493660710348e-03
2.577439569107326065e+02 -4.189823768269702702e-03 -9.712651634148132540e-03
2.577753435928267436e+02 -4.202181600036229182e-03 -9.535038569902443834e-03
2.577910577219571451e+02 -4.210441954525122668e-03 -9.436458021146135189e-03
2.578067934635047322e+02 -4.219447652080422079e-03 -9.342834690018944274e-03
2.578225572678539947e+02 -4.228343114371828707e-03 -9.246268084789512412e-03
2.578541239727092602e+02 -4.248151919846446765e-03 -9.044882790023639138e-03
2.578698990412524381e+02 -4.259214891885172369e-03 -8.941037088099719130e-03
2.578856558562793566e+02 -4.268469901167408487e-03 -8.842356079019595555e-03
2.579014090676093929e+02 -4.278849779340379057e-03 -8.739986017203389690e-03
2.579328501150549755e+02 -4.294831317412236074e-03 -8.557916168656396622e-03
2.579485542987426356e+02 -4.301842579976817606e-03 -8.588449560400399432e-03
2.579642577501350615e+02 -4.306203037456798714e-03 -8.566545539960761929e-03
2.579956524003545155e+02 -4.319848731225278508e-03 -8.277855453900362370e-03
2.580113573828660947e+02 -4.325173274759912603e-03 -8.278891836985779323e-03
2.580270566913085304e+02 -4.329092654363255951e-03 -8.384055295303010844e-03
2.580427602981987434e+02 -4.333231567174015975e-03 -8.715405700061807856e-03
2.580742149506528449e+02 -4.337538522945404151e-03 -9.379950700068835981e-03
2.580899538128754216e+02 -4.340766450529169769e-03 -9.517479800937790613e-03
2.581057150104330162e+02 -4.339113640937397251e-03 -1.015662428647878118e-02
2.581214813987316461e+02 -4.340145967803103397e-03 -1.044239879128396054e-02
2.581530614111916293e+02 -4.336387789702072539e-03 -1.035965104683335067e-02
2.581688112058985212e+02 -4.333949799828739832e-03 -1.042757343380272018e-02
2.581845510934576851e+02 -4.331865130326881079e-03 -1.054206588418060003e-02
2.582002773879858069e+02 -4.328957029516636128e-03 -1.068514893439608503e-02
2.582316838351734418e+02 -4.322124944355540052e-03 -1.107273526018083543e-02
2.582473771128556450e+02 -4.320300054275877204e-03 -1.123430638903336228e-02
2.582630690744805975e+02 -4.317191279110544309e-03 -1.137112356564514912e-02
2.582944581460581048e+02 -4.307112647020616865e-03 -1.165809644469561514e-02
2.583101782746965114e+02 -4.303386010094361301e-03 -1.176397287155902215e-02
2.583258996617026924e+02 -4.294180413600561658e-03 -1.184078466756046527e-02
2.583416383003684587e+02 -4.288536633423285088e-03 -1.192217298123201923e-02
2.583731745713465671e+02 -4.273394046412796153e-03 -1.201190538362863561e-02
2.583889649319912110e+02 -4.264634948751586628e-03 -1.201671843888725381e-02
2.584047531317248172e+02 -4.255934881072251895e-03 -1.198414592518889932e-02
2.584205044336978290e+02 -4.250761707410706872e-03 -1.193255626256514886e-02
2.584519771722969494e+02 -4.234423897483220733e-03 -1.178621100057515581e-02
2.584677012985508782e+02 -4.226753439532807480e-03 -1.168848116965371352e-02
2.584834134027966570e+02 -4.219989275538699874e-03 -1.158481594327809283e-02
2.585147343867887457e+02 -4.210245898135174351e-03 -1.135239094859249315e-02
2.585303550472540906e+02 -4.206240592416659110e-03 -1.123000137919424185e-02
2.585459833341602689e+02 -4.202713156372669435e-03 -1.109906985308579605e-02
2.585616316068411038e+02 -4.201518385722600134e-03 -1.097461713602422215e-02
2.585930737460863043e+02 -4.187860929794968295e-03 -1.073230555595675734e-02
2.586088685979663069e+02 -4.184190612179897011e-03 -1.062211304472842309e-02
2.586246417974099927e+02 -4.180456427321528785e-03 -1.051145346271849766e-02
2.586403663078642126e+02 -4.176807456741644768e-03 -1.040633476856489548e-02
2.586717587399133436e+02 -4.176212850102713377e-03 -1.019154487542098426e-02
2.586874353473253336e+02 -4.174442787953870984e-03 -1.008984207153671743e-02
2.587030718969359668e+02 -4.175680835745495569e-03 -9.986511658497596727e-03
2.587343609422570125e+02 -4.184626808774087950e-03 -9.782374120629220085e-03
2.587500311834240847e+02 -4.189837013889706301e-03 -9.698562209691922661e-03
2.587657245299708393e+02 -4.196595701250934937e-03 -9.620046568779440366e-03
2.587814307329326198e+02 -4.205531644547544877e-03 -9.517881029828185666e-03
2.588128995507946684e+02 -4.225176083828099602e-03 -9.328056527634853712e-03
2.588286627547333296e+02 -4.233008272353735828e-03 -9.230978090737961342e-03
2.588444493595453082e+02 -4.242206109300250376e-03 -9.131542397771327466e-03
2.588602316687410507e+02 -4.253915164781400804e-03 -9.028043161533180413e-03
2.588917543889824060e+02 -4.272518083920940832e-03 -8.824228603583731539e-03
2.589074939317525264e+02 -4.280869301173736638e-03 -8.724635395277971495e-03
2.589232166516831626e+02 -4.290833406924932092e-03 -8.627725792047211822e-03
2.589546328992334452e+02 -4.303172582099330616e-03 -8.594760775748236381e-03
2.589703307359250744e+02 -4.310397245616597039e-03 -8.523142904208927395e-03
2.589860263900881137e+02 -4.314889432794185610e-03 -8.304728451664380312e-03
2.590017275952541240e+02 -4.319799339232683645e-03 -8.271117610204674689e-03
2.590331324796854915e+02 -4.331582544503408995e-03 -8.435663099922302566e-03
2.590488471715837591e+02 -4.336668996057790187e-03 -8.847995556157417854e-03
2.590645800249343438e+02 -4.338329472414790590e-03 -9.569194026809720727e-03
2.590803014063212117e+02 -4.340697728642484154e-03 -9.356534367950584616e-03
2.591118140965747898e+02 -4.342568358145836548e-03 -1.027436513788299206e-02
2.591276018180516303e+02 -4.343227873822384094e-03 -1.045299096264934099e-02
2.591433834439436623e+02 -4.340265626665222587e-03 -1.036653645779196144e-02
2.591749047859387360e+02 -4.335074857309175432e-03 -1.045424576633725323e-02
2.591906449159613430e+02 -4.334105790571650234e-03 -1.057337574049701731e-02
2.592063658980999321e+02 -4.330019869208963541e-03 -1.072600596163434880e-02
2.592220660780338903e+02 -4.327665250095285264e-03 -1.092038079977681285e-02
2.592534494732107078e+02 -4.319564710672825839e-03 -1.126777555471688251e-02
2.592691405186192810e+02 -4.315136984805532927e-03 -1.141114262597453695e-02
2.592848328939496128e+02 -4.311300385420488608e-03 -1.155891726768238162e-02
2.593005399827637234e+02 -4.308025911266770425e-03 -1.168453866973450696e-02
2.593319876799815233e+02 -4.295571671693014341e-03 -1.186982141665304281e-02
2.593477393939242006e+02 -4.289463960397782438e-03 -1.194890712063379802e-02
2.593635004972077240e+02 -4.280101803567494360e-03 -1.200496198344446278e-02
2.593950792184222109e+02 -4.265695714597168668e-03 -1.202444640692811907e-02
2.594108475989703493e+02 -4.258188176845924613e-03 -1.198632538226003692e-02
2.594265981632170792e+02 -4.247834880447383214e-03 -1.193244271672648169e-02
2.594423403976157374e+02 -4.242083524511567651e-03 -1.186302433838493792e-02
2.594737840556619517e+02 -4.227704484367955130e-03 -1.167487892582742999e-02
2.594894880065835991e+02 -4.221226760730421163e-03 -1.157419983862580798e-02
2.595051558046357627e+02 -4.214543008986915661e-03 -1.146060892468160099e-02
2.595207894273770535e+02 -4.208912885274238881e-03 -1.133229806822125089e-02
2.595520449520059287e+02 -4.202419156189492536e-03 -1.108093498117230201e-02
2.595677078137802027e+02 -4.197725034429739682e-03 -1.095520861592592932e-02
2.595834258395846632e+02 -4.193301414307908266e-03 -1.083091106975299020e-02
2.596149701362958808e+02 -4.182863428411022141e-03 -1.060814135769585706e-02
2.596307400400918937e+02 -4.183036361536597754e-03 -1.049785005903612276e-02
2.596464533670915102e+02 -4.178104212303282786e-03 -1.039011232316473278e-02
2.596621459046172617e+02 -4.176290055828590052e-03 -1.028192810214999947e-02
2.596934901503294100e+02 -4.176135499780240720e-03 -1.007452531133070338e-02
2.597091287931587544e+02 -4.179556878105191060e-03 -9.970128318595625552e-03
2.597247693850010819e+02 -4.182217293192893801e-03 -9.865928065876277894e-03
2.597404231050400085e+02 -4.187174304425830135e-03 -9.767560246335672131e-03
2.597717952896419433e+02 -4.199226461195813657e-03 -9.602363247928456455e-03
2.597875057191934616e+02 -4.206582929389150217e-03 -9.499549640841310066e-03
2.598032351871067362e+02 -4.214806786547141415e-03 -9.403554108642570367e-03
2.598347666183857427e+02 -4.238188168523793382e-03 -9.215327469859464424e-03
2.598505578324073895e+02 -4.248042626247930734e-03 -9.114473317204068240e-03
2.598663296193394672e+02 -4.255785576813976567e-03 -9.010466713971831271e-03
2.598820968828132436e+02 -4.266641306174109340e-03 -8.908881633571327785e-03
2.599135657681011367e+02 -4.285511957839762028e-03 -8.707013019388649966e-03
2.599292926096834435e+02 -4.293440475298095083e-03 -8.608476216256773228e-03
2.599449999002692380e+02 -4.300847090159531753e-03 -8.540211643200065067e-03
2.599607016620975060e+02 -4.309734240005746141e-03 -8.599501617159978351e-03
2.599920967134070224e+02 -4.320269721332539552e-03 -8.288928201694757344e-03
2.600077971652833639e+02 -4.324966220681090122e-03 -8.264242726247818596e-03
2.600234965532291653e+02 -4.329490826878900495e-03 -8.310611449023525693e-03
2.600549248004987248e+02 -4.337399998775504605e-03 -9.014046007821784404e-03
2.600706565392042648e+02 -4.340901931857458693e-03 -9.578112869950862820e-03
2.600863881569644604e+02 -4.344200712661176918e-03 -9.356878137451127633e-03
2.601021445805920962e+02 -4.344019357158258009e-03 -9.789867691591852203e-03
2.601337001278221805e+02 -4.342694371215030311e-03 -1.043095101562629273e-02
2.601494919174186862e+02 -4.343062896851996278e-03 -1.035496250334352365e-02
2.601652425971731191e+02 -4.338181233803399366e-03 -1.038221048106042002e-02
2.601809869694350823e+02 -4.336081265923363501e-03 -1.047819379326262422e-02
2.602124362920482668e+02 -4.331520343743022056e-03 -1.077136916275778233e-02
2.602281324235552802e+02 -4.329997949185879560e-03 -1.096595002277415444e-02
2.602438269932184767e+02 -4.326390049197429387e-03 -1.115195825740924844e-02
2.602752060868988906e+02 -4.317465983204178161e-03 -1.144354605073846960e-02
2.602908994040657831e+02 -4.312725323337016775e-03 -1.158405087063841925e-02
2.603066162523974185e+02 -4.307082405440147005e-03 -1.170752715252486482e-02
2.603223424777086166e+02 -4.301154627575227637e-03 -1.181044380835255189e-02
2.603538306694576931e+02 -4.286451522101455101e-03 -1.196877936095720914e-02
2.603695959137685918e+02 -4.280715934563282705e-03 -1.201975467941186065e-02
2.603853915279385660e+02 -4.272054634253316489e-03 -1.203804692152996882e-02
2.604011837137200018e+02 -4.265568665977905599e-03 -1.202407009392877923e-02
2.604326821753172112e+02 -4.248390407403789849e-03 -1.192685399497063134e-02
2.604484159404122465e+02 -4.240842609636737669e-03 -1.185314799177119606e-02
2.604641372015054230e+02 -4.232723589202869521e-03 -1.176315520324920476e-02
2.604955515094805492e+02 -4.222103846115777756e-03 -1.155861530285856760e-02
2.605112145371837755e+02 -4.214887641140563010e-03 -1.143786368730789586e-02
2.605268405043696021e+02 -4.209392506183733118e-03 -1.131240079113082948e-02
2.605424605218757961e+02 -4.205583809009283761e-03 -1.118557601324489392e-02
2.605737808617384417e+02 -4.197605534211002777e-03 -1.093391972255554172e-02
2.605895097492821719e+02 -4.192389238375996384e-03 -1.081237558666393699e-02
2.606052853778650729e+02 -4.188442802212113264e-03 -1.070104984142550113e-02
2.606210612924759857e+02 -4.183810740725758988e-03 -1.058986830390866614e-02
2.606525282666044063e+02 -4.178206326110410658e-03 -1.037315666399667678e-02
2.606682058421499164e+02 -4.175874893540667231e-03 -1.026312559620191737e-02
2.606838839520871147e+02 -4.176082296512324474e-03 -1.016000916053029675e-02
2.607151703254951940e+02 -4.178995737707285468e-03 -9.951752576952879042e-03
2.607308149891119342e+02 -4.183505720451809878e-03 -9.845265038244283354e-03
2.607464760910842756e+02 -4.189752799555181324e-03 -9.748485127515102086e-03
2.607621593997775449e+02 -4.196849347145079935e-03 -9.673423054002190311e-03
2.607935747917708795e+02 -4.210691183539772703e-03 -9.480100189830656388e-03
2.608093122877607470e+02 -4.220801817614014406e-03 -9.387380939355118720e-03
2.608250774062317419e+02 -4.228968646873733882e-03 -9.294910735077693137e-03
2.608408579778530907e+02 -4.239280067561531674e-03 -9.198256945230744511e-03
2.608724228552167119e+02 -4.261091122912072718e-03 -8.990227107939501028e-03
2.608881698401365838e+02 -4.269924384982687685e-03 -8.889002966276836337e-03
2.609039176664534239e+02 -4.279158938841751657e-03 -8.785262115334672647e-03
2.609353526751009440e+02 -4.297588511536832613e-03 -8.589016826416431480e-03
2.609510529322339494e+02 -4.305537007114893649e-03 -8.532727600783324498e-03
2.609667537610667409e+02 -4.310423921448027114e-03 -8.594684751249189597e-03
2.609824491881132644e+02 -4.315645069177264509e-03 -8.432137574942173003e-03
2.610138535262240111e+02 -4.330028253255871658e-03 -8.257417316268601121e-03
2.610295561072177293e+02 -4.335338500926898264e-03 -8.339144929993828198e-03
2.610452656991763547e+02 -4.338775812490418271e-03 -8.564448464709280284e-03
2.610609945079168597e+02 -4.344028508536687365e-03 -9.193928083823590947e-03
2.610924643972848003e+02 -4.345714312121594716e-03 -9.404701296282376791e-03
2.611082251099815608e+02 -4.346937272293288981e-03 -9.930581645096898599e-03
2.611240030693346057e+02 -4.346366403872974071e-03 -1.042332635859527512e-02
2.611555720554689515e+02 -4.341363391118486549e-03 -1.034977086254104499e-02
2.611713192355441038e+02 -4.342179158588995933e-03 -1.039889079768330227e-02
2.611870611905616215e+02 -4.338413773000167513e-03 -1.050990996032561201e-02
2.612027833280163804e+02 -4.335294295481600078e-03 -1.064437719287129012e-02
2.612341837704037744e+02 -4.328494680317937840e-03 -1.100650726134412560e-02
2.612498770404320680e+02 -4.325686396319333715e-03 -1.118259337456189648e-02
2.612655690297805791e+02 -4.323059186571161054e-03 -1.132533099428810301e-02
2.612812602022526676e+02 -4.319678364331374504e-03 -1.146630021026523796e-02
2.613126852762771932e+02 -4.309709373376984821e-03 -1.172384352879881665e-02
2.613284038310002302e+02 -4.301808835456058348e-03 -1.182271432703698930e-02
2.613441489487257741e+02 -4.294880051395368048e-03 -1.190624259422132063e-02
2.613756964285923914e+02 -4.280912545948892430e-03 -1.202368344046192070e-02
2.613914796329310661e+02 -4.271699001432724928e-03 -1.203749044821981334e-02
2.614072617439344413e+02 -4.263226614692221771e-03 -1.201582076727287195e-02
2.614230117199802521e+02 -4.256878151877619386e-03 -1.197346241708501652e-02
2.614544814541036430e+02 -4.240179302195602046e-03 -1.183729993494175674e-02
2.614701939273101061e+02 -4.233612110467940663e-03 -1.174249690054300632e-02
2.614859036776043695e+02 -4.225944310243970846e-03 -1.164106045371650355e-02
2.615015960661800705e+02 -4.219460277199109551e-03 -1.153616419382966565e-02
2.615328749764805139e+02 -4.210693149159139628e-03 -1.128905838815731297e-02
2.615485027280516306e+02 -4.206923538516644037e-03 -1.116225216641805219e-02
2.615641527353565721e+02 -4.203616392252324668e-03 -1.103629272311531032e-02
2.615955838785796459e+02 -4.192561484782217004e-03 -1.079325515249356798e-02
2.616113729613823580e+02 -4.186614236521265207e-03 -1.068248120780219447e-02
2.616271497109167399e+02 -4.184666385841776144e-03 -1.057044911413136667e-02
2.616428670314379588e+02 -4.181692365327879801e-03 -1.046247090902220449e-02
2.616742497370231035e+02 -4.178301295758013283e-03 -1.024398327346332828e-02
2.616899255342100901e+02 -4.178356050313460253e-03 -1.014085057244762909e-02
2.617055633199570934e+02 -4.178406443209536740e-03 -1.003533096000661963e-02
2.617212000158771161e+02 -4.183194855851968610e-03 -9.929810722863805991e-03
2.617525155223485740e+02 -4.192237476619529134e-03 -9.730661013147514152e-03
2.617682042939881626e+02 -4.197177352325298996e-03 -9.655885716217239498e-03
2.617839104683478695e+02 -4.205063480532955644e-03 -9.562105786397054677e-03
2.618153848556773369e+02 -4.226940713040206084e-03 -9.369189703644054470e-03
2.618311508350409440e+02 -4.235457928856108112e-03 -9.276407959434582531e-03
2.618469436665288299e+02 -4.246343684557880513e-03 -9.178538568572265632e-03
2.618627188583727161e+02 -4.255503994177928240e-03 -9.074405898437819598e-03
2.618942360051497076e+02 -4.276966627269643446e-03 -8.865602765166281235e-03
2.619099635978284368e+02 -4.287210003469672966e-03 -8.764246895132110637e-03
2.619256886788126053e+02 -4.293657041595575277e-03 -8.663304924372375662e-03
2.619413989599102592e+02 -4.303681646716109657e-03 -8.568994186730075763e-03
2.619727949359752301e+02 -4.316439219504020902e-03 -8.583482478912369748e-03
2.619884906639984479e+02 -4.321979480896016683e-03 -8.387834038744990117e-03
2.620041924276251279e+02 -4.326664909797351202e-03 -8.254220115858088361e-03
2.620355974164213535e+02 -4.336567559356688077e-03 -8.372705473417181576e-03
2.620513168261635997e+02 -4.342402635285730686e-03 -8.652141035996971374e-03
2.620670491578449059e+02 -4.344030850722760059e-03 -9.367651358343593790e-03
2.620827768588164304e+02 -4.347769660085719183e-03 -9.473445736897156619e-03
2.621142910053547439e+02 -4.348701552347352707e-03 -1.007246529326378225e-02
2.621300836764814335e+02 -4.349655041414555827e-03 -1.045108263993647056e-02
2.621458685232630614e+02 -4.348087594857203038e-03 -1.038333503009375783e-02
2.621616308050788007e+02 -4.346423555552302379e-03 -1.035336172153422316e-02
2.621931162214319215e+02 -4.341111156257524209e-03 -1.054247123213192597e-02
2.622088360312246778e+02 -4.339324712708150615e-03 -1.068533138893810151e-02
2.622245358545200702e+02 -4.335632907332648105e-03 -1.085813611239225436e-02
2.622402256468607220e+02 -4.332406748671302488e-03 -1.104668559710629550e-02
2.622716064545138579e+02 -4.323110655849579306e-03 -1.135190773723729861e-02
2.622872989778779242e+02 -4.318494368626491289e-03 -1.148994729542688296e-02
2.623030102991045851e+02 -4.314246443691517434e-03 -1.162325514953387214e-02
2.623344634066221488e+02 -4.302920277261634667e-03 -1.183881937427558664e-02
2.623502156208366500e+02 -4.297189706914391477e-03 -1.192404685311394125e-02
2.623659776566721007e+02 -4.287203094012815609e-03 -1.199370601089694809e-02
2.623817736858462695e+02 -4.280428714645909474e-03 -1.203074340051584964e-02
2.624133219069876191e+02 -4.263983249255681902e-03 -1.201282980548812850e-02
2.624290709510771649e+02 -4.254613661504680865e-03 -1.196614035046482394e-02
2.624448103959090872e+02 -4.247899339680185314e-03 -1.190292837796435264e-02
2.624605313391289201e+02 -4.242015948923891742e-03 -1.182355644208681229e-02
2.624919493089662978e+02 -4.227232016258008866e-03 -1.162809753393582481e-02
2.625076318599448655e+02 -4.220797486365701276e-03 -1.151498273310429081e-02
2.625232749389418814e+02 -4.214257834374149532e-03 -1.138960741530131368e-02
2.625545322046093588e+02 -4.206301373718902142e-03 -1.114033798197696518e-02
2.625701957843079981e+02 -4.202062567187810939e-03 -1.101461874738176965e-02
2.625859054251524185e+02 -4.199076226003623305e-03 -1.089035925528645220e-02
2.626016530805001139e+02 -4.194242490704454436e-03 -1.077537806614053614e-02
2.626332044630916585e+02 -4.184744701966605293e-03 -1.055360602907492486e-02
2.626489207853064727e+02 -4.182526256621491197e-03 -1.044296723376806138e-02
2.626646010261215451e+02 -4.179231470231647289e-03 -1.033211812277689580e-02
2.626802812155265769e+02 -4.178551818993517936e-03 -1.022609058410975727e-02
2.627115807620710370e+02 -4.182318182544228838e-03 -1.001509197221485924e-02
2.627272216724969098e+02 -4.185976611532528716e-03 -9.909090815201380964e-03
2.627428775825626417e+02 -4.189806283094487001e-03 -9.803678287537075445e-03
2.627742386785923827e+02 -4.201606242126921034e-03 -9.637998366812923837e-03
2.627899481233040433e+02 -4.209489909805846398e-03 -9.539607052943680984e-03
2.628056789789221739e+02 -4.217685251518563452e-03 -9.440979468484569231e-03
2.628214419612686470e+02 -4.227280898396548921e-03 -9.351519698241786416e-03
2.628530134864644197e+02 -4.249765320993956208e-03 -9.158959948355352085e-03
2.628687816243119642e+02 -4.260622614956600766e-03 -9.053588012780727431e-03
2.628845370352440227e+02 -4.270984499497205988e-03 -8.950968586936409316e-03
2.629002879919253246e+02 -4.282325597446661608e-03 -8.843588578820687010e-03
2.629317241002608512e+02 -4.299971040788172841e-03 -8.641560095914860642e-03
2.629474266000943317e+02 -4.307315498963508460e-03 -8.550953205882788274e-03
2.629631283536515980e+02 -4.313880864936225912e-03 -8.522578080143845825e-03
2.629945229605630175e+02 -4.327909140364411510e-03 -8.343287675490180730e-03
2.630102277870682315e+02 -4.332744169356783290e-03 -8.241528620798636157e-03
2.630259261898106615e+02 -4.337625067396566961e-03 -8.270327922488801553e-03
2.630416305781453730e+02 -4.342253702363814589e-03 -8.417245421689832641e-03
2.630730881719975969e+02 -4.348249323863109285e-03 -9.501427194569811441e-03
2.630888254784119340e+02 -4.352046601704621931e-03 -9.423941189542135374e-03
2.631045859772120821e+02 -4.350132641104120790e-03 -9.574992580017335428e-03
2.631203505524442789e+02 -4.351903386875192320e-03 -1.021804238002463339e-02
2.631519324622806835e+02 -4.349931126553167708e-03 -1.036043760323753816e-02
2.631676822442043431e+02 -4.346094731244662911e-03 -1.036791316690596418e-02
2.631834239729416822e+02 -4.344712335497371777e-03 -1.045570847064712303e-02
2.632148666603004017e+02 -4.338236787160155289e-03 -1.072945301085396000e-02
2.632305612769140453e+02 -4.336518085284617186e-03 -1.090166306071219463e-02
2.632462541831571343e+02 -4.334501297862969685e-03 -1.108787668046479560e-02
2.632619470558738612e+02 -4.330927770634548403e-03 -1.124394264946050950e-02
2.632933321062159848e+02 -4.321194944814158757e-03 -1.151664635640431596e-02
2.633090514234365855e+02 -4.316611349244236541e-03 -1.165020975041049754e-02
2.633247739540123575e+02 -4.308196726572653852e-03 -1.176565229542025567e-02
2.633405094663096975e+02 -4.302949698591526130e-03 -1.186160970447142603e-02
2.633720412605029537e+02 -4.287716353432417457e-03 -1.201032657069115925e-02
2.633878345400976286e+02 -4.278753801586732478e-03 -1.203981853930933404e-02
2.634036239416763010e+02 -4.270577903634298692e-03 -1.203793500882591530e-02
2.634351186826741014e+02 -4.255310824769886931e-03 -1.195907558981963888e-02
2.634508474907120217e+02 -4.247336264485554111e-03 -1.189251802129704001e-02
2.634665627524369143e+02 -4.238660739642884263e-03 -1.180856814733351710e-02
2.634822689930310275e+02 -4.232144985428672006e-03 -1.170709211650922295e-02
2.635136523773148269e+02 -4.221038528464669468e-03 -1.149060071286159626e-02
2.635292912693976177e+02 -4.214361140076151868e-03 -1.136911249532279733e-02
2.635449145837262677e+02 -4.209772811416032968e-03 -1.124193516725225002e-02
2.635605532904441475e+02 -4.209124262945365853e-03 -1.111794528100309466e-02
2.635919511452952406e+02 -4.196145923531306200e-03 -1.087116579148036943e-02
2.636077221071704457e+02 -4.192640937555794367e-03 -1.075739432796100729e-02
2.636234994199231778e+02 -4.187850220318810844e-03 -1.064543873120431597e-02
2.636549524099481800e+02 -4.182768353662709264e-03 -1.042398688398769174e-02
2.636706243717503639e+02 -4.182202881144509235e-03 -1.031329294022617638e-02
2.636863017668757720e+02 -4.180259779667128139e-03 -1.020836272874963563e-02
2.637019450833010978e+02 -4.180870516799575082e-03 -1.010322578637329327e-02
2.637332328563200576e+02 -4.186490726785267562e-03 -9.888925687377673676e-03
2.637488914258555042e+02 -4.191354264000574439e-03 -9.782567832822558138e-03
2.637645685015230015e+02 -4.198667678322619105e-03 -9.701054224325465075e-03
2.637802681362707062e+02 -4.207094260263455517e-03 -9.620140730674634627e-03
2.638117249038160139e+02 -4.225247090390250523e-03 -9.423980056163346747e-03
2.638274912013699236e+02 -4.233501275151706732e-03 -9.335045015205543570e-03
2.638432789625724695e+02 -4.243144937019812345e-03 -9.241359970441080998e-03
2.638748379580990786e+02 -4.265908826217750145e-03 -9.033221627153474251e-03
2.638905765040023539e+02 -4.275282983129794628e-03 -8.929336397849171533e-03
2.639063166027011107e+02 -4.284100948333437707e-03 -8.823992995486279467e-03
2.639220346473200607e+02 -4.296696392513353439e-03 -8.721520207744828251e-03
2.639534470031563274e+02 -4.310080477655453372e-03 -8.533910952032113320e-03
2.639691451075032091e+02 -4.317425602025748432e-03 -8.524604440756079066e-03
2.639848404618252289e+02 -4.322150666397204209e-03 -8.534041466640525722e-03
2.640005423106005082e+02 -4.327991975628139691e-03 -8.306650251220168424e-03
2.640319481003839996e+02 -4.342006991894311295e-03 -8.289659192913223160e-03
2.640476630355259431e+02 -4.346495496992851953e-03 -8.471196960290883551e-03
2.640633946244018944e+02 -4.349779398330458693e-03 -8.903286751982569802e-03
2.640948697528559705e+02 -4.353045955432990367e-03 -9.392056506193220342e-03
2.641106299428093394e+02 -4.354830848401923873e-03 -9.704261688632972310e-03
2.641264160124812292e+02 -4.355171089265385577e-03 -1.032204086397360207e-02
2.641421961511264840e+02 -4.352265293948595626e-03 -1.043199824417101809e-02
2.641737215542710828e+02 -4.348876352509428549e-03 -1.038755600964243186e-02
2.641894641375663468e+02 -4.346924575454407490e-03 -1.048526478813286908e-02
2.642051837107849792e+02 -4.343016324279270861e-03 -1.061774793848539386e-02
2.642208865270357592e+02 -4.340920036563306918e-03 -1.076726400165551115e-02
2.642522706671847459e+02 -4.333142066252222355e-03 -1.112122631742090348e-02
2.642679622912089599e+02 -4.329280595971925043e-03 -1.127617709575368804e-02
2.642836541995827133e+02 -4.325981232148610675e-03 -1.140716930460146904e-02
2.643150858789282438e+02 -4.314819739922906919e-03 -1.167396939369243734e-02
2.643308036871010813e+02 -4.309681185789163670e-03 -1.178867126165298283e-02
2.643465539316750323e+02 -4.302725100868220326e-03 -1.188498491206961202e-02
2.643623154705626916e+02 -4.294676959646135002e-03 -1.196485837612767424e-02
2.643938899989167339e+02 -4.279477196216956159e-03 -1.204639352878594111e-02
2.644096632315983015e+02 -4.271865882506403582e-03 -1.203960176314064490e-02
2.644254134721620630e+02 -4.261878495821292204e-03 -1.200320660337789690e-02
2.644411559134139793e+02 -4.255671498874753940e-03 -1.195019860324898590e-02
2.644725851391232823e+02 -4.240198576381336466e-03 -1.178849906941132133e-02
2.644882897455511852e+02 -4.232494159063687408e-03 -1.169059476867919181e-02
2.645039900028243665e+02 -4.225103045101087813e-03 -1.158752527981809881e-02
2.645352916336084377e+02 -4.214284825642317968e-03 -1.134041338626716466e-02
2.645509210817104986e+02 -4.210932780558765756e-03 -1.121660421897021157e-02
2.645665716565471826e+02 -4.204779222762022005e-03 -1.109204908129487674e-02
2.645822649090166010e+02 -4.201550968225634293e-03 -1.096689828428458295e-02
2.646137777155931872e+02 -4.190803731220810353e-03 -1.073680904263749243e-02
2.646295526698632443e+02 -4.190543337706792784e-03 -1.062389698560082911e-02
2.646452668325497370e+02 -4.185589533323961359e-03 -1.051322140043420630e-02
2.646609640853444603e+02 -4.184429750219240823e-03 -1.040099897710529235e-02
2.646923095888752755e+02 -4.181999066816279552e-03 -1.018705767400505599e-02
2.647079532486831113e+02 -4.183574786397730588e-03 -1.008052491105805581e-02
2.647235917579627085e+02 -4.185764208432618191e-03 -9.973345896851140008e-03
2.647549014149789173e+02 -4.195671996879929075e-03 -9.762464401155520471e-03
2.647705850174318130e+02 -4.201117025750438112e-03 -9.683596705674531874e-03
2.647862898566320951e+02 -4.207386077786100069e-03 -9.599172770783414091e-03
2.648020149989799279e+02 -4.216295552419299653e-03 -9.495666995111931921e-03
2.648335430897639640e+02 -4.238948975109299057e-03 -9.315522135225592568e-03
2.648493385395121322e+02 -4.250962288674002727e-03 -9.219365229439956816e-03
2.648651063889075203e+02 -4.258604787230836110e-03 -9.115975769730522496e-03
2.648808720837458281e+02 -4.270507007557278363e-03 -9.010846437447652194e-03
2.649123346342966556e+02 -4.291235236368870672e-03 -8.799907473689742854e-03
2.649280600074657173e+02 -4.298529258313603732e-03 -8.695648272667728940e-03
2.649437658431795057e+02 -4.307877261089995864e-03 -8.598525934804247123e-03
2.649751627902624023e+02 -4.322160152722299455e-03 -8.529608534661664923e-03
2.649908584032278327e+02 -4.328206853996669629e-03 -8.488832443727797536e-03
2.650065596347695305e+02 -4.333317737124650973e-03 -8.272436505131810711e-03
2.650222602670659171e+02 -4.337892497906487184e-03 -8.227664155745240473e-03
2.650536879720506249e+02 -4.347346824358750729e-03 -8.532124075653308576e-03
2.650694212384818798e+02 -4.351017299242125429e-03 -9.067079310442304266e-03
2.650851536308547907e+02 -4.354710441657097530e-03 -9.578795557996809540e-03
2.651009088451347111e+02 -4.356705780505974734e-03 -9.392099196221278049e-03
2.651324634640396312e+02 -4.354946579363495711e-03 -1.041229846933190879e-02
2.651482539417094699e+02 -4.354890541431066797e-03 -1.040359034879342025e-02
2.651640066992503080e+02 -4.351372265088199708e-03 -1.034838957075006997e-02
2.651954879551884687e+02 -4.347077656215489472e-03 -1.051955748737785738e-02
2.652112049286759543e+02 -4.345599918312526184e-03 -1.065565733694823561e-02
2.652269032955352941e+02 -4.343356380048337892e-03 -1.080855469295824260e-02
2.652425966564691180e+02 -4.339304312952855895e-03 -1.098645328277720636e-02
2.652739748751818638e+02 -4.330667737380076987e-03 -1.130710305597758952e-02
2.652896677029715420e+02 -4.325875336983353407e-03 -1.143160745192224777e-02
2.653053824795297260e+02 -4.320445692129435376e-03 -1.156955150838449506e-02
2.653211097324146408e+02 -4.315124434011069314e-03 -1.170037265824904957e-02
2.653525926849483199e+02 -4.301194652901154519e-03 -1.190635620120851848e-02
2.653683573259224886e+02 -4.294271332968955905e-03 -1.198466304987663190e-02
2.653841534331518233e+02 -4.285979273428144366e-03 -1.203148625910968259e-02
2.654156987338686235e+02 -4.268892813560339582e-03 -1.203572925496883966e-02
2.654314452638428747e+02 -4.261295824860869726e-03 -1.199501876371363018e-02
2.654471803867527910e+02 -4.253446730929869718e-03 -1.193804500569590338e-02
2.654628995625329821e+02 -4.245795245351927268e-03 -1.186264671557301330e-02
2.654943108394114688e+02 -4.233039602994169426e-03 -1.167297863191952938e-02
2.655100068589150624e+02 -4.225468054979682718e-03 -1.156153649499808145e-02
2.655256606745398358e+02 -4.218967303447642564e-03 -1.143886201051904673e-02
2.655412911120867534e+02 -4.213384795036992543e-03 -1.131487079440886973e-02
2.655725930376498241e+02 -4.205786372982593148e-03 -1.106515815544676512e-02
2.655882959675768120e+02 -4.201695761180875358e-03 -1.094256197084906776e-02
2.656040423400888244e+02 -4.196345358805283858e-03 -1.082630982730343507e-02
2.656355838924590671e+02 -4.184602184511825897e-03 -1.060237381016764825e-02
2.656513005420550826e+02 -4.185646305314271592e-03 -1.049039130613437128e-02
2.656669764245978058e+02 -4.182325131475752786e-03 -1.037702463663069986e-02
2.656826525828220156e+02 -4.182157338021568783e-03 -1.026939337099779838e-02
2.657139503903037507e+02 -4.183772133416569124e-03 -1.005627015233867896e-02
2.657295946149175165e+02 -4.187625723159041705e-03 -9.947314224188548437e-03
2.657452487803391250e+02 -4.193105128285384842e-03 -9.837990650508471324e-03
2.657609161717267057e+02 -4.198741597706204601e-03 -9.741285522735305263e-03
2.657923130972145032e+02 -4.212242330945468669e-03 -9.575023719740931999e-03
2.658080459284585686e+02 -4.221287883627905871e-03 -9.473708489313826392e-03
2.658238118727323354e+02 -4.230353442762993001e-03 -9.384066490965450522e-03
2.658553870808942179e+02 -4.252416091036661031e-03 -9.196647722277339135e-03
2.658711541315661862e+02 -4.264273195258620752e-03 -9.090868500002765099e-03
2.658868998271574355e+02 -4.273415363780588144e-03 -8.986864574386330823e-03
2.659026459407888865e+02 -4.284213868077582296e-03 -8.878632022775842861e-03
2.659340772244440814e+02 -4.303343281327498895e-03 -8.670360833741194359e-03
2.659497761844710340e+02 -4.312114418059125216e-03 -8.575079149129447714e-03
2.659654772081752299e+02 -4.317014494011723984e-03 -8.497250844326039235e-03
2.659811720572624836e+02 -4.323529211158127876e-03 -8.533502721683081452e-03
2.660125761496936434e+02 -4.338129607984542516e-03 -8.241239057212216765e-03
2.660282797224608657e+02 -4.343051000331854886e-03 -8.231191031034579969e-03
2.660439857458090387e+02 -4.347479334210728116e-03 -8.351063411369411341e-03
2.660754421705813684e+02 -4.352719294617554864e-03 -9.249836694511457888e-03
2.660911859975548168e+02 -4.355998098983731616e-03 -9.528505444587878279e-03
2.661069477871279787e+02 -4.356318243670677902e-03 -9.436327197415918244e-03
2.661227199472839402e+02 -4.356977811810345234e-03 -9.990229596763731956e-03
2.661542946375452630e+02 -4.352939585194235197e-03 -1.037531018618582240e-02
2.661700435525381749e+02 -4.352965815328178542e-03 -1.035416980034887906e-02
2.661857837265256421e+02 -4.350100621638576526e-03 -1.043559831514574016e-02
2.662015084096045143e+02 -4.347313622342227450e-03 -1.055387265705290747e-02
2.662329121803500129e+02 -4.340583381610632271e-03 -1.084744444951305821e-02
2.662486055395704625e+02 -4.338613355274214406e-03 -1.102488410622293885e-02
2.662642973161355258e+02 -4.336183120177931373e-03 -1.118903788213167390e-02
2.662956893202757556e+02 -4.326458247192090621e-03 -1.145388752647206500e-02
2.663114091339673450e+02 -4.323004537159232975e-03 -1.159393358778419356e-02
2.663271287365797093e+02 -4.313857025550310934e-03 -1.172272301943182507e-02
2.663428699272715221e+02 -4.307523030998607928e-03 -1.183409537301227665e-02
2.663744124066350878e+02 -4.292662455235635686e-03 -1.199865366496768310e-02
2.663901987166283902e+02 -4.283918237911302045e-03 -1.203819334836391149e-02
2.664059840615252597e+02 -4.274776204676107756e-03 -1.205031345604910299e-02
2.664217331205869073e+02 -4.269532400933790869e-03 -1.202746387942752598e-02
2.664532024331283537e+02 -4.251694895528526641e-03 -1.192396679886736054e-02
2.664689129558296372e+02 -4.244145197424902330e-03 -1.184443545558166652e-02
2.664846130401611504e+02 -4.236147392839972360e-03 -1.174561098623808260e-02
2.665003214073079221e+02 -4.229438759896447277e-03 -1.165148574082299979e-02
2.665316620161511310e+02 -4.217813436048409130e-03 -1.141242507686583349e-02
2.665472951394975780e+02 -4.212390774223917500e-03 -1.128944138942036476e-02
2.665629375812836770e+02 -4.210231637875102607e-03 -1.116473582569889322e-02
2.665943263814020838e+02 -4.199127884531989735e-03 -1.092014532229233434e-02
2.666100980979271640e+02 -4.193710439117970083e-03 -1.080413563944454709e-02
2.666258784899289367e+02 -4.190220716973897495e-03 -1.069125661664757643e-02
2.666416064141824336e+02 -4.186996604150130218e-03 -1.058086944523642207e-02
2.666729873144728344e+02 -4.184051275865945801e-03 -1.035453152617215808e-02
2.666886647896701561e+02 -4.181920879923702906e-03 -1.024843534698624374e-02
2.667043063555626645e+02 -4.181644448857881405e-03 -1.014098777456854186e-02
2.667355950732445535e+02 -4.188959288044158749e-03 -9.925563698976996169e-03
2.667512520966439524e+02 -4.193244543785391333e-03 -9.813811454003418602e-03
2.667669256218655960e+02 -4.198980967402960417e-03 -9.722405659511644885e-03
2.667826225006653544e+02 -4.207092195989690572e-03 -9.646885374255387974e-03
2.668140854035946745e+02 -4.227095466354263524e-03 -9.453274137801375571e-03
2.668298531184362332e+02 -4.235866795321588558e-03 -9.365322481338507823e-03
2.668456472483903212e+02 -4.246200756697837524e-03 -9.275048177401884128e-03
2.668614228458914681e+02 -4.257181203213563671e-03 -9.173802051210521932e-03
2.668929308317905225e+02 -4.278352686958930735e-03 -8.960857400007498502e-03
2.669086596721315345e+02 -4.288421008070691411e-03 -8.854296180234710184e-03
2.669243806504484269e+02 -4.297349453122639891e-03 -8.748089310843752339e-03
2.669400917166414047e+02 -4.306908055836044039e-03 -8.646762242605484858e-03
2.669714843002470275e+02 -4.320995473172622829e-03 -8.484027059464990111e-03
2.669871799815148847e+02 -4.326392052693619518e-03 -8.533976037732985548e-03
2.670028819084128600e+02 -4.331740979294839387e-03 -8.383689736011513613e-03
2.670342882169480276e+02 -4.343463122932875349e-03 -8.241177258861701743e-03
2.670500057756763113e+02 -4.349833406346536278e-03 -8.394939865662384357e-03
2.670657397033490952e+02 -4.351574300255971542e-03 -8.700289838478526133e-03
2.670814649655377480e+02 -4.355311629151881365e-03 -9.418580298509343293e-03
2.671129804511645602e+02 -4.357621270639861974e-03 -9.506668947132531494e-03
2.671287709110246738e+02 -4.359021325736634096e-03 -1.013430318175324515e-02
2.671445534685122993e+02 -4.357032628578927022e-03 -1.046258481804500720e-02
2.671603213790581890e+02 -4.356016336899155156e-03 -1.034377852123888157e-02
2.671918085113089774e+02 -4.351382944856954822e-03 -1.046997654839729869e-02
2.672075304561957978e+02 -4.348443901791335629e-03 -1.059061688125627516e-02
2.672232293152597435e+02 -4.345688044660191672e-03 -1.072213379085039560e-02
2.672546115811133518e+02 -4.338016115885978859e-03 -1.105276791388834848e-02
2.672703019366610988e+02 -4.333454515417352500e-03 -1.121093116228612761e-02
2.672859943312427617e+02 -4.329277132890024804e-03 -1.134219022977427278e-02
2.673017032029476923e+02 -4.325774915980263972e-03 -1.147369082937500437e-02
2.673331528600535307e+02 -4.313721882419922250e-03 -1.174161169558644510e-02
2.673489043727151397e+02 -4.308376146145182807e-03 -1.185067575182844821e-02
2.673646656218019189e+02 -4.298064627050573669e-03 -1.194054472077579927e-02
2.673804609361375242e+02 -4.292140371306841888e-03 -1.200926370158769338e-02
2.674120108672923948e+02 -4.275636733500256387e-03 -1.205027860135978769e-02
2.674277601566903400e+02 -4.265147462938782309e-03 -1.202317342755598352e-02
2.674435001594676464e+02 -4.258726043372540807e-03 -1.197867855823826246e-02
2.674749266281810947e+02 -4.243793434487688927e-03 -1.182788898210968692e-02
2.674906251865581908e+02 -4.236227100897792253e-03 -1.173323345329923238e-02
2.675063304569875413e+02 -4.228592802427068136e-03 -1.163270842419295882e-02
2.675220095537744101e+02 -4.221654814362881848e-03 -1.151156920496616137e-02
2.675532929702662273e+02 -4.211149548993912799e-03 -1.126755711974324753e-02
2.675689505968381354e+02 -4.206061754660333010e-03 -1.114226084021341032e-02
2.675846406861995206e+02 -4.204031953644828470e-03 -1.101852059226245129e-02
2.676003603829989856e+02 -4.200480973233673698e-03 -1.089999422041869510e-02
2.676319161557047437e+02 -4.191125570964572902e-03 -1.067198640824766273e-02
2.676476336536283043e+02 -4.186218178689039490e-03 -1.055932771700829678e-02
2.676633210360377575e+02 -4.183451059065137687e-03 -1.044435884016315166e-02
2.676946577297164822e+02 -4.183125814075745394e-03 -1.022757889742912860e-02
2.677103018479609204e+02 -4.185323725719598473e-03 -1.011888833835961933e-02
2.677259455249027837e+02 -4.187053681506814132e-03 -1.001052155352911109e-02
2.677415957096541206e+02 -4.190364216510535436e-03 -9.900765118486415731e-03
2.677729326167628869e+02 -4.201883778976983619e-03 -9.704998371163493440e-03
2.677886334646274236e+02 -4.208732353172012219e-03 -9.626999708111032283e-03
2.678043594861618431e+02 -4.216585402844357823e-03 -9.529609732316165691e-03
2.678201204738858792e+02 -4.226558211040691918e-03 -9.433808203097564932e-03
2.678516948254450085e+02 -4.250569020961665612e-03 -9.253968466010228239e-03
2.678674562379832764e+02 -4.260334372497646613e-03 -9.151278614760857341e-03
2.678832120774937380e+02 -4.271684769998445631e-03 -9.045598762802838436e-03
2.679146693760554854e+02 -4.290946026615434158e-03 -8.829349654717559906e-03
2.679303920038164506e+02 -4.301540859473794616e-03 -8.722704932993138871e-03
2.679460942783784390e+02 -4.309331339902381861e-03 -8.624060089184589634e-03
2.679617948157873002e+02 -4.318387669446874591e-03 -8.527939595970413650e-03
2.679931899355798350e+02 -4.331396622414114550e-03 -8.525028846495762841e-03
2.680088915543547614e+02 -4.336620035904630195e-03 -8.330565002002795344e-03
2.680245908884453456e+02 -4.341764259119956955e-03 -8.207796411711926546e-03
2.680402955611098150e+02 -4.346704552612704574e-03 -8.260378319475691206e-03
2.680717545336111129e+02 -4.354548276843978917e-03 -8.820822387503247236e-03
2.680874897221165725e+02 -4.358544016978402845e-03 -9.540627004125782490e-03
2.681032487213036575e+02 -4.357462285708987165e-03 -9.403504340794217528e-03
2.681348049856450189e+02 -4.358033691792713264e-03 -1.028381339519829525e-02
2.681505958452549976e+02 -4.358712108175562955e-03 -1.042613683465935109e-02
2.681663459473253965e+02 -4.353964790068396221e-03 -1.033768367000194484e-02
2.681820894938972515e+02 -4.352724476879889400e-03 -1.039783877861270335e-02
2.682135365807661174e+02 -4.347479468968003767e-03 -1.062513425060759679e-02
2.682292320534785404e+02 -4.346424183257796732e-03 -1.075703506580759188e-02
2.682449253066713482e+02 -4.343680438366612044e-03 -1.092022517662696694e-02
2.682606187832763567e+02 -4.339420541621789168e-03 -1.108403941917132478e-02
2.682920002808747881e+02 -4.330382156250651982e-03 -1.135915585683774237e-02
2.683077183625489965e+02 -4.324994719037971933e-03 -1.149760152028909618e-02
2.683234425349540402e+02 -4.318033856843774519e-03 -1.163825293835629715e-02
2.683549345827913157e+02 -4.303385719901311156e-03 -1.186879618098378789e-02
2.683707008391153863e+02 -4.297695033338764722e-03 -1.195822208819864729e-02
2.683864960832973452e+02 -4.288701701861850554e-03 -1.201655839457701352e-02
2.684022869059483583e+02 -4.281507330050606137e-03 -1.204766238160306750e-02
2.684337820049614152e+02 -4.264703938624498335e-03 -1.201400046074264233e-02
2.684495122696145017e+02 -4.256538099077214997e-03 -1.196489663159329420e-02
2.684652290135446719e+02 -4.247485949866501923e-03 -1.189654615066167848e-02
2.684809278648582449e+02 -4.241182114118530189e-03 -1.180377424403681458e-02
2.685123371780273942e+02 -4.228502343289914159e-03 -1.160585187023132833e-02
2.685280103094943343e+02 -4.221108414433406321e-03 -1.148462370844954145e-02
2.685436498667484102e+02 -4.214537568062201416e-03 -1.136255630193191979e-02
2.685749597421566932e+02 -4.205742134176753202e-03 -1.111504042284878861e-02
2.685906542266820907e+02 -4.201225782657524131e-03 -1.099380288054039451e-02
2.686063976978190340e+02 -4.197118772556141138e-03 -1.087603637913532942e-02
2.686221788211906301e+02 -4.192061467257300958e-03 -1.076045505164015953e-02
2.686536497722890999e+02 -4.185941817341512494e-03 -1.053527348688967046e-02
2.686693214864005768e+02 -4.183776425273886580e-03 -1.041931715208907656e-02
2.686849912400726339e+02 -4.182653679304597534e-03 -1.031081776685122478e-02
2.687006396997630304e+02 -4.183457639468443276e-03 -1.020336642264439361e-02
2.687319303742167449e+02 -4.186830618532599163e-03 -9.983937465613866927e-03
2.687475855040759143e+02 -4.191995492840484144e-03 -9.871752213794491790e-03
2.687632496003096776e+02 -4.198977831936281588e-03 -9.767270250482792265e-03
2.687946453757229506e+02 -4.212027335357858802e-03 -9.604350452978711178e-03
2.688103797938642288e+02 -4.222793199212368682e-03 -9.505510333627167560e-03
2.688261476819921540e+02 -4.231367119220461395e-03 -9.412632170107966545e-03
2.688419348820571599e+02 -4.241240442435162579e-03 -9.327245751851153885e-03
2.688734887449880944e+02 -4.264880242122178616e-03 -9.124909145777494734e-03
2.688892257236162209e+02 -4.274135084023786280e-03 -9.019344999425865303e-03
2.689049656723070143e+02 -4.283778416628919103e-03 -8.909773198964297466e-03
2.689206801228797303e+02 -4.297109739703991113e-03 -8.801955588861747753e-03
2.689520908507440140e+02 -4.312748212346909082e-03 -8.599150048162340285e-03
2.689677896800612871e+02 -4.319445323248533725e-03 -8.503791025385320709e-03
2.689834848958156499e+02 -4.324537187018173343e-03 -8.478175259291865010e-03
2.690148902553519292e+02 -4.339439237263952032e-03 -8.278854732242196118e-03
2.690305925577291646e+02 -4.346392918967527212e-03 -8.202742980100947295e-03
2.690463065927900175e+02 -4.350357624144969224e-03 -8.287040876144916024e-03
2.690620359301457256e+02 -4.355551713002370727e-03 -8.508017118883689014e-03
2.690935105294991558e+02 -4.358288361630708110e-03 -9.578931822927582579e-03
2.691092715817781595e+02 -4.360696059732578969e-03 -9.376111952175253048e-03
2.691250542988140069e+02 -4.360537153567284156e-03 -9.752895547780738444e-03
2.691408350590884879e+02 -4.358261645989341439e-03 -1.035086896561735435e-02
2.691723642018944247e+02 -4.356596475254004459e-03 -1.033791646242900389e-02
2.691881074610200812e+02 -4.353354311071579337e-03 -1.041361973831992152e-02
2.692038280293248818e+02 -4.350204026646550294e-03 -1.052982921078166045e-02
2.692352263691044527e+02 -4.344174964144273225e-03 -1.078929726328290914e-02
2.692509193173826816e+02 -4.340856015006793259e-03 -1.095299535456686901e-02
2.692666112656390283e+02 -4.337822614901000635e-03 -1.111258748826486446e-02
2.692823026226470233e+02 -4.334842107230359350e-03 -1.125463588272185636e-02
2.693137306491682352e+02 -4.324149290112005821e-03 -1.152009307997434000e-02
2.693294476565487798e+02 -4.317651178885824163e-03 -1.165891560660161329e-02
2.693451945736645712e+02 -4.310447785005807123e-03 -1.178155650533275513e-02
2.693609563686484307e+02 -4.303573743847553638e-03 -1.188028394634960128e-02
2.693925271277942102e+02 -4.287413383248169646e-03 -1.201772412056904479e-02
2.694083054301200946e+02 -4.279278010051600252e-03 -1.204323931511180369e-02
2.694240549156376687e+02 -4.270975230407056053e-03 -1.203095501190961682e-02
2.694555215532174088e+02 -4.254351782167842613e-03 -1.194432669423191838e-02
2.694712271432167086e+02 -4.247439697848793931e-03 -1.187031079003387016e-02
2.694869234874897757e+02 -4.239053271578618540e-03 -1.177649850560646451e-02
2.695026293678050138e+02 -4.231026628389006339e-03 -1.168552013160907392e-02
2.695339955905525926e+02 -4.218969827710243592e-03 -1.145042458053562376e-02
2.695496376054053371e+02 -4.213626140148508947e-03 -1.133318719510449483e-02
2.695652900471675366e+02 -4.206723657773975798e-03 -1.120822412382508487e-02
2.695809637539995833e+02 -4.204722075906875550e-03 -1.108508099771309333e-02
2.696124346633188793e+02 -4.194366311830106595e-03 -1.084816349257229813e-02
2.696282130452487991e+02 -4.192260778848264265e-03 -1.073392073882671084e-02
2.696439366736530019e+02 -4.187607172693008639e-03 -1.062224729456370462e-02
2.696753094529631767e+02 -4.183812301308052588e-03 -1.039290227586768880e-02
2.696909796338517253e+02 -4.183726856125668213e-03 -1.028491904394355366e-02
2.697066253724717626e+02 -4.183474497233576755e-03 -1.017638190513333457e-02
2.697222652287698565e+02 -4.186244338913633692e-03 -1.006642638030824481e-02
2.697535702245037328e+02 -4.194462648022189225e-03 -9.843352899271304648e-03
2.697692417021609117e+02 -4.199600278724980110e-03 -9.742599727879464391e-03
2.697849348141731980e+02 -4.205507482296333768e-03 -9.666223032034093957e-03
2.698006515036852875e+02 -4.215486263416228993e-03 -9.579392025552467202e-03
2.698321744051319229e+02 -4.236512686314545563e-03 -9.391204117132895615e-03
2.698479731240324782e+02 -4.248740388377082212e-03 -9.303860559487606152e-03
2.698637388724537800e+02 -4.257081598367030636e-03 -9.205021329832259458e-03
2.698952411314658661e+02 -4.280117689799535149e-03 -8.989901808235539055e-03
2.699109589335283772e+02 -4.291447997923358848e-03 -8.881256158387659458e-03
2.699266819390006731e+02 -4.298464062191811701e-03 -8.772578571465695571e-03
2.699423876687259849e+02 -4.309440925705704251e-03 -8.670303763621222543e-03
2.699737821819317674e+02 -4.323866192987808020e-03 -8.481330053081674938e-03
2.699894778713888286e+02 -4.330360752835387024e-03 -8.483948203069951316e-03
2.700051798545300130e+02 -4.335811630004804580e-03 -8.454492454502061938e-03
2.700208810834030260e+02 -4.340731759031685177e-03 -8.236914153006268807e-03
2.700523070401517884e+02 -4.351876913215468705e-03 -8.323136468659814158e-03
2.700680405013014251e+02 -4.355010140068120601e-03 -8.572920225673253888e-03
2.700837717144561339e+02 -4.359092394332235443e-03 -9.142628398863041420e-03
2.701152873663805849e+02 -4.360729955804174343e-03 -9.390267841450193262e-03
2.701310802779024698e+02 -4.361548810385254375e-03 -9.889743863012060571e-03
2.701468676402420783e+02 -4.360963070862540480e-03 -1.042554196782038804e-02
2.701626252101860359e+02 -4.358971678478471001e-03 -1.036391001245350746e-02
2.701941097191138397e+02 -4.354464113432886078e-03 -1.044409586370374787e-02
2.702098279493293944e+02 -4.353367452517041547e-03 -1.056121550700731340e-02
2.702255289641639138e+02 -4.350190306066267255e-03 -1.068218926488779738e-02
2.702412193320682832e+02 -4.346688153490467325e-03 -1.082611889114602592e-02
2.702725988872435892e+02 -4.337894934366207794e-03 -1.114656599901668425e-02
2.702882914069305116e+02 -4.333212624609047124e-03 -1.127502926202162553e-02
2.703040041970065204e+02 -4.328465817988068863e-03 -1.139628423281435071e-02
2.703354570462964261e+02 -4.317683025161007070e-03 -1.168755083301560062e-02
2.703512097368043214e+02 -4.310862249536595754e-03 -1.180382026737171117e-02
2.703669727976257491e+02 -4.301954800019690446e-03 -1.189874487916475071e-02
2.703827692153215025e+02 -4.294518545850454887e-03 -1.197728490080361870e-02
2.704143154592175051e+02 -4.277562933375035625e-03 -1.203832529000111416e-02
2.704300626948258923e+02 -4.268763773261055952e-03 -1.202019836210571450e-02
2.704457994961272220e+02 -4.261275738231967876e-03 -1.198307166660534349e-02
2.704615189231774934e+02 -4.254476321113479648e-03 -1.192442707038724077e-02
2.704929200450786766e+02 -4.239230156918652632e-03 -1.175040551995769865e-02
2.705086251104447115e+02 -4.231385437038799949e-03 -1.165549086155395764e-02
2.705243148426358744e+02 -4.224564202400109790e-03 -1.153837191911091971e-02
2.705556198916892754e+02 -4.211707546772492164e-03 -1.129840948604795940e-02
2.705712848155991992e+02 -4.207691610163249302e-03 -1.117424914377791213e-02
2.705869625397634763e+02 -4.205445581442869042e-03 -1.105299600770521216e-02
2.706026789598694222e+02 -4.200901324359332736e-03 -1.093465698798861720e-02
2.706342259252039639e+02 -4.188616251618597526e-03 -1.070447805870866284e-02
2.706499448279496391e+02 -4.187758090400115971e-03 -1.059152175652901089e-02
2.706656269740498715e+02 -4.184593336989156538e-03 -1.047473007125092857e-02
2.706812932759283399e+02 -4.184220808417257395e-03 -1.036258309942574181e-02
2.707125967875886090e+02 -4.186000489332510760e-03 -1.014460308801941497e-02
2.707282413401565577e+02 -4.189228945645951004e-03 -1.003398213760423388e-02
2.707438964179781919e+02 -4.192974815123878471e-03 -9.922490337626327025e-03
2.707752307353264314e+02 -4.203038313546829212e-03 -9.715213773299950437e-03
2.707909270836025257e+02 -4.210606510704433154e-03 -9.640276574855430325e-03
2.708066529577668575e+02 -4.219197421951209268e-03 -9.550190678593684784e-03
2.708224177763416378e+02 -4.228158026442590395e-03 -9.451717179832331422e-03
2.708539964988373754e+02 -4.251307477514257478e-03 -9.275644710694731787e-03
2.708697548437263549e+02 -4.263795041170875648e-03 -9.173739631001749315e-03
2.708854990058339922e+02 -4.274086217974712790e-03 -9.068448807751509563e-03
2.709012432096209864e+02 -4.286034883441003709e-03 -8.957682872665765836e-03
2.709326716009096572e+02 -4.305503546838227065e-03 -8.740214250029187948e-03
2.709483707951200131e+02 -4.314307796818572793e-03 -8.639422716520472195e-03
2.709640716764722583e+02 -4.320569883089978545e-03 -8.539207843548545299e-03
2.709954659375695201e+02 -4.335977265522606913e-03 -8.481774101384757444e-03
2.710111718929392168e+02 -4.341994693944929359e-03 -8.396348308967469323e-03
2.710268720828686355e+02 -4.347088057839224549e-03 -8.201827814705336256e-03
2.710425771474796761e+02 -4.352383983714297119e-03 -8.205693170269283063e-03
2.710740353196048886e+02 -4.358691860570147736e-03 -8.650417278569156113e-03
2.710897763207694311e+02 -4.362825586275691919e-03 -9.327137050643918847e-03
2.711055385594397649e+02 -4.361985565661652582e-03 -9.476340359521469650e-03
2.711213053598025908e+02 -4.364024942787879217e-03 -9.437866567023335887e-03
2.711528845159031675e+02 -4.361704467116005700e-03 -1.044332110235794871e-02
2.711686342160291474e+02 -4.359484162003815153e-03 -1.032981283587842622e-02
2.711843750147708647e+02 -4.358014664574481715e-03 -1.036380860411287297e-02
2.712001021704508616e+02 -4.355601910626764710e-03 -1.047615663067343050e-02
2.712315096437253601e+02 -4.349534453548849905e-03 -1.070946465369154721e-02
2.712472028443617660e+02 -4.348008880632430254e-03 -1.085964951661195013e-02
2.712628945675413092e+02 -4.345006025469903312e-03 -1.101749676913291696e-02
2.712942826494468136e+02 -4.335215169411548060e-03 -1.129458939921611227e-02
2.713100021786954699e+02 -4.331431942740768433e-03 -1.142671395209205083e-02
2.713257230175578911e+02 -4.322272337192925758e-03 -1.158172493515355339e-02
2.713414598458899718e+02 -4.316664799862555968e-03 -1.171886252949719612e-02
2.713729951689279574e+02 -4.301484742015535337e-03 -1.192565148604090956e-02
2.713887863335365296e+02 -4.292638365562035166e-03 -1.199228183964005760e-02
2.714045741531458020e+02 -4.283700032835978389e-03 -1.203581765958765953e-02
2.714203243474872806e+02 -4.277825811369914688e-03 -1.204090736963356507e-02
2.714517927210677044e+02 -4.260208940918807849e-03 -1.197656028905860238e-02
2.714675053701691922e+02 -4.251506566384025132e-03 -1.191191268249048446e-02
2.714832027441162836e+02 -4.243593481239192958e-03 -1.182228967902125560e-02
2.715146108695468001e+02 -4.231245538880631755e-03 -1.163183949768046600e-02
2.715302980491923677e+02 -4.224814732918186558e-03 -1.151047195698057593e-02
2.715459557385397602e+02 -4.216931606851285520e-03 -1.139481891762795553e-02
2.715616059894283012e+02 -4.213575231663407861e-03 -1.127163237657192139e-02
2.715929572685085986e+02 -4.202890160762605409e-03 -1.102952560606746020e-02
2.716086991655067777e+02 -4.199120540290715575e-03 -1.091054883884178851e-02
2.716244819822464365e+02 -4.194043890866119319e-03 -1.079292850433362025e-02
2.716402241877816550e+02 -4.189927775546375792e-03 -1.068153591963556456e-02
2.716716074845442677e+02 -4.187481426009363912e-03 -1.044957312533602301e-02
2.716872766144737739e+02 -4.185045983947852967e-03 -1.033932933349299317e-02
2.717029190841789159e+02 -4.184471327074402655e-03 -1.023125767611034360e-02
2.717342120393688560e+02 -4.189556003332294172e-03 -1.000993631072860136e-02
2.717498703909642472e+02 -4.193198381073274909e-03 -9.895190432752904580e-03
2.717655356027748894e+02 -4.199375488442252773e-03 -9.786183147021771875e-03
2.717812191976483405e+02 -4.207633194916718736e-03 -9.696386611531104815e-03
2.718126626227724500e+02 -4.225459363030210913e-03 -9.527090718350615314e-03
2.718284320667111729e+02 -4.234350239954831618e-03 -9.431939099881861757e-03
2.718442257982536034e+02 -4.244342646121185975e-03 -9.347557430855859065e-03
2.718600046123862057e+02 -4.257115067268902805e-03 -9.253277550373381274e-03
2.718915011627490799e+02 -4.277792795835747008e-03 -9.042698281398690863e-03
2.719072320049309042e+02 -4.287836787080556711e-03 -8.931197341116546562e-03
2.719229485028079125e+02 -4.300055869171199967e-03 -8.821349307080851229e-03
2.719543569982955091e+02 -4.315211415321575962e-03 -8.614138478786134354e-03
2.719700530764661153e+02 -4.323871001379960347e-03 -8.513747912068936330e-03
2.719857488206863536e+02 -4.329153534614266566e-03 -8.445653931815568297e-03
2.720014512638088604e+02 -4.335020921855389092e-03 -8.487714156218970421e-03
2.720328577128234429e+02 -4.349213446282565801e-03 -8.183281497769092153e-03
2.720485733482106525e+02 -4.354911365315904635e-03 -8.225730719273722721e-03
2.720643073205905580e+02 -4.357739647984317476e-03 -8.416958920206780992e-03
2.720800307479278217e+02 -4.360720170395019496e-03 -8.752083073212976391e-03
2.721115458291031928e+02 -4.364566755465705029e-03 -9.401123133184254368e-03
2.721273334994170341e+02 -4.365804327448902233e-03 -9.529358039134834188e-03
2.721431142487753618e+02 -4.363379963486230598e-03 -1.016692411527712891e-02
2.721746363318640078e+02 -4.359527908767210115e-03 -1.031523190589532513e-02
2.721903776391991414e+02 -4.358834531600045900e-03 -1.037497627623542445e-02
2.722060987023393750e+02 -4.355023118392913929e-03 -1.049039233466621951e-02
2.722217998984681344e+02 -4.353111408203154224e-03 -1.060230270062914766e-02
2.722531836029234569e+02 -4.345420243526013603e-03 -1.087712323143352582e-02
2.722688746388071763e+02 -4.341325552066904389e-03 -1.104196474944180682e-02
2.722845667325867680e+02 -4.337748327945338198e-03 -1.119381368259213944e-02
2.723002730023932259e+02 -4.334497060855205079e-03 -1.130423647580374585e-02
2.723317183320212393e+02 -4.322011978128587409e-03 -1.160032580229232099e-02
2.723474685506301967e+02 -4.315672835575363672e-03 -1.173643080476446249e-02
2.723632297367549313e+02 -4.306592891474930913e-03 -1.184388015376977056e-02
2.723948071524879424e+02 -4.291897898490704827e-03 -1.199525424590500502e-02
2.724105762081395028e+02 -4.284220915060011313e-03 -1.203226723223636829e-02
2.724263254079800163e+02 -4.273422418804221148e-03 -1.203048388326406412e-02
2.724420659564343055e+02 -4.267120838948039625e-03 -1.200519385297502128e-02
2.724734920648224943e+02 -4.250977359727090531e-03 -1.188682844286486837e-02
2.724891863131336436e+02 -4.243200701739989825e-03 -1.179658828968016201e-02
2.725048887496030829e+02 -4.234662155563592538e-03 -1.170872286114577054e-02
2.725205930080715007e+02 -4.227047481868877535e-03 -1.159908796974870419e-02
2.725519283627016875e+02 -4.216050253036670442e-03 -1.136351733705115614e-02
2.725675908881258920e+02 -4.207554242276242105e-03 -1.123991599335940478e-02
2.725832592781142694e+02 -4.206014270772582414e-03 -1.111815964162776380e-02
2.726147173211360837e+02 -4.197331019118562094e-03 -1.088123792620256797e-02
2.726304987691632959e+02 -4.196227266078635977e-03 -1.076487487783391907e-02
2.726462206524778367e+02 -4.189836569470438421e-03 -1.065190398203675129e-02
2.726619178710068923e+02 -4.188095055926014873e-03 -1.053531571540538940e-02
2.726932431372297287e+02 -4.186768444993239739e-03 -1.031081902659096092e-02
2.727088880561813085e+02 -4.188542325072211296e-03 -1.020151031526006676e-02
2.727245321668693805e+02 -4.189163599695990871e-03 -1.009010739979349265e-02
2.727401822636456359e+02 -4.192407615244665535e-03 -9.979122665070486523e-03
2.727715116480430311e+02 -4.202721928661457169e-03 -9.756799357674593096e-03
2.727871997193711309e+02 -4.208453272309344365e-03 -9.674353860384322934e-03
2.728029163584474759e+02 -4.216680831939143004e-03 -9.595795297463559706e-03
2.728344501816478100e+02 -4.240143718823747090e-03 -9.407638223660008334e-03
2.728502493534768973e+02 -4.252230086327810424e-03 -9.321290737893785441e-03
2.728660064807966705e+02 -4.260848888742250172e-03 -9.224964623991891571e-03
2.728817622260444864e+02 -4.273245486129601152e-03 -9.118805995231229686e-03
2.729132130329081747e+02 -4.294363669431884752e-03 -8.897904004967885361e-03
2.729289359352347333e+02 -4.303670600703648173e-03 -8.787856585838065698e-03
2.729446392880299186e+02 -4.312984878631228279e-03 -8.684528248137894299e-03
2.729603389678244980e+02 -4.323542142859160796e-03 -8.582509171152231595e-03
2.729917328494032631e+02 -4.335628718841922843e-03 -8.438402079586624846e-03
2.730074340306351814e+02 -4.341488801466759397e-03 -8.472345833118113609e-03
2.730231342941094681e+02 -4.346475438312967336e-03 -8.270808678699767547e-03
2.730545638847547707e+02 -4.356368701092462083e-03 -8.250546729050541386e-03
2.730702973236590765e+02 -4.360776874120199202e-03 -8.474373677040340780e-03
2.730860308988421821e+02 -4.364861311972906104e-03 -8.882140715582012222e-03
2.731017879797236674e+02 -4.365862680811138236e-03 -9.550206812119254110e-03
2.731333435732072985e+02 -4.365725777036683249e-03 -9.645785764193665415e-03
2.731491347935545946e+02 -4.366441583005962503e-03 -1.029448153249384532e-02
2.731648855125889668e+02 -4.362274205452223996e-03 -1.036602628701357477e-02
2.731806307714526270e+02 -4.360390712180978699e-03 -1.031342355401069361e-02
2.732120818556262520e+02 -4.356986471824052243e-03 -1.051948939548079213e-02
2.732277788904573299e+02 -4.355502884870152656e-03 -1.062746864511402746e-02
2.732434737505507769e+02 -4.351914851189023908e-03 -1.075843497661752891e-02
2.732748519662815170e+02 -4.343366008828954475e-03 -1.107189041561021901e-02
2.732905449752830123e+02 -4.338721897176659598e-03 -1.120551119331104038e-02
2.733062609020988134e+02 -4.333132268173245719e-03 -1.132468724115810038e-02
2.733219868791973681e+02 -4.327456245350389669e-03 -1.147811659255155298e-02
2.733534715235171575e+02 -4.312820899035728871e-03 -1.175777129677483233e-02
2.733692364645359589e+02 -4.306854391314725999e-03 -1.186142070231822020e-02
2.733850325218747912e+02 -4.298168076223900236e-03 -1.194594218970651024e-02
2.734008243147799249e+02 -4.291710140294394821e-03 -1.200237124719203026e-02
2.734323207320305187e+02 -4.273474293475258180e-03 -1.202121447170080570e-02
2.734480531720802219e+02 -4.265279419129121459e-03 -1.199182828105778073e-02
2.734637709497568494e+02 -4.256639505050449808e-03 -1.193877132334039172e-02
2.734951669525413536e+02 -4.243635755919436363e-03 -1.177061053094458423e-02
2.735108756256493052e+02 -4.235675264410310864e-03 -1.168235471134434350e-02
2.735265746866208474e+02 -4.228179834309682417e-03 -1.156501444659527138e-02
2.735422440662991335e+02 -4.221525178737317759e-03 -1.144943833376278232e-02
2.735735688764931979e+02 -4.208933611764662137e-03 -1.120838387757110838e-02
2.735892401389994006e+02 -4.206673248745507014e-03 -1.108889699979381804e-02
2.736049542063009881e+02 -4.201796060947459582e-03 -1.097051457260093087e-02
2.736207287831176131e+02 -4.197410517078780344e-03 -1.085100043045918346e-02
2.736522141907900050e+02 -4.191922913610314841e-03 -1.062309101333355939e-02
2.736678903488705146e+02 -4.189071911196511414e-03 -1.050376748695639427e-02
2.736835515878688625e+02 -4.188244434316549560e-03 -1.039046394823896907e-02
2.737148451858150793e+02 -4.188971938704177424e-03 -1.017058382906419617e-02
2.737304921483597582e+02 -4.191701562716058579e-03 -1.005746301183704262e-02
2.737461491733133698e+02 -4.196675112939568693e-03 -9.944232139858469322e-03
2.737618128647218896e+02 -4.201885456076095982e-03 -9.830917650839786359e-03
2.737931816763070287e+02 -4.214282126911327551e-03 -9.652357987669663367e-03
2.738089083572863274e+02 -4.224069586300002906e-03 -9.568810616176860046e-03
2.738246757345033302e+02 -4.232871772888892672e-03 -9.469819624687675699e-03
2.738404619456112528e+02 -4.243769231357752067e-03 -9.384131826229017911e-03
2.738720125424695198e+02 -4.268128281680156136e-03 -9.193975045450383105e-03
2.738877485654037969e+02 -4.277317335250427344e-03 -9.089054541043398508e-03
2.739034874993835160e+02 -4.288431144363794890e-03 -8.976902158667227072e-03
2.739349129086027688e+02 -4.309764997674396005e-03 -8.756548067212899591e-03
2.739506104770566708e+02 -4.319254586886856623e-03 -8.654200810253153547e-03
2.739663100983765958e+02 -4.325175525881688569e-03 -8.552031348688694107e-03
2.739820052059274076e+02 -4.331440599400239282e-03 -8.458127379842982768e-03
2.740134102657825110e+02 -4.347161861072448147e-03 -8.432852839696318784e-03
2.740291142990418507e+02 -4.353353473352195892e-03 -8.219035734474354135e-03
2.740448232286756252e+02 -4.357686752594202607e-03 -8.170199322141108444e-03
2.740605526087396697e+02 -4.363535637450908014e-03 -8.283715044807255651e-03
2.740920254914756811e+02 -4.366978203107121925e-03 -9.040477971269804056e-03
2.741077870951749560e+02 -4.368737727695335554e-03 -9.539210576445807110e-03
2.741235638904269649e+02 -4.369097110071946087e-03 -9.342277607198440359e-03
2.741551336149328222e+02 -4.365188513970935137e-03 -1.036679087593383140e-02
2.741708814154949323e+02 -4.366363187230362132e-03 -1.033096058064302512e-02
2.741866230487161715e+02 -4.363086560820256948e-03 -1.032248515474964122e-02
2.742023463135695920e+02 -4.360408962389653725e-03 -1.043482281840032652e-02
2.742337488323005346e+02 -4.354049710114550956e-03 -1.065340960197728483e-02
2.742494422645893906e+02 -4.351687150219253619e-03 -1.078513618740979674e-02
2.742651339831668338e+02 -4.349330643458656359e-03 -1.093617483150308503e-02
2.742808250912440258e+02 -4.345865722553019991e-03 -1.109682835592397908e-02
2.743122481921367921e+02 -4.336371736196393233e-03 -1.134904036633416560e-02
2.743279662934859857e+02 -4.327926914444125625e-03 -1.150236201349330231e-02
2.743437086016679700e+02 -4.321197774573006141e-03 -1.165020093958645322e-02
2.743752542843010360e+02 -4.306900168392066575e-03 -1.187647939744573139e-02
2.743910383680068321e+02 -4.297906956510277876e-03 -1.195142695021458694e-02
2.744068213790550317e+02 -4.288968758961863616e-03 -1.200452740978397853e-02
2.744225697309310021e+02 -4.282796681203173035e-03 -1.202084074226862469e-02
2.744540363704248307e+02 -4.264731686324942095e-03 -1.197413929171831093e-02
2.744697444817454084e+02 -4.257380311742131954e-03 -1.191458236674103853e-02
2.744854406589464020e+02 -4.248681656377491234e-03 -1.183171143093672724e-02
2.745011390333938266e+02 -4.241062375479886203e-03 -1.174594442710449015e-02
2.745325460797034225e+02 -4.228333357425680984e-03 -1.152991259694600285e-02
2.745482153432432142e+02 -4.221538065079726704e-03 -1.142006506039521495e-02
2.745638796488038906e+02 -4.214588865392380167e-03 -1.129775331639548686e-02
2.745952155734973417e+02 -4.206548948350726999e-03 -1.105924599399055186e-02
2.746109550173538310e+02 -4.202090568508937314e-03 -1.093958346415376155e-02
2.746267380336370820e+02 -4.198882840109528086e-03 -1.081979795058671777e-02
2.746424752340155919e+02 -4.195524301715920432e-03 -1.070688698238960769e-02
2.746738495933857962e+02 -4.192396437306634624e-03 -1.047270484048913597e-02
2.746895142846759086e+02 -4.191138211170763669e-03 -1.036083201400131611e-02
2.747051523470732945e+02 -4.190360927109257165e-03 -1.025075889869551601e-02
2.747207947154035992e+02 -4.193255363754284405e-03 -1.013822820333698180e-02
2.747521057158480744e+02 -4.199766626934676658e-03 -9.911179178888090968e-03
2.747677733859168256e+02 -4.204799617178026083e-03 -9.798757253913463125e-03
2.747834540768366764e+02 -4.211689867388171936e-03 -9.702846570975566520e-03
2.748149018881888423e+02 -4.232049782479928822e-03 -9.539836219428794034e-03
2.748306734992655151e+02 -4.241067481888401852e-03 -9.443632871084784580e-03
2.748464720477842320e+02 -4.252605397058577437e-03 -9.359379322755111835e-03
2.748622399464848627e+02 -4.262469602815725789e-03 -9.267317355584794858e-03
2.748937335458323332e+02 -4.285599696787540172e-03 -9.057009523154448127e-03
2.749094533756216379e+02 -4.296888468873901086e-03 -8.943762151799650173e-03
2.749251734641527491e+02 -4.305230519410042055e-03 -8.832676372478665341e-03
2.749408813207816138e+02 -4.316560984644082083e-03 -8.726087604121020996e-03
2.749722743711302542e+02 -4.331551679773076695e-03 -8.521636712679621015e-03
2.749879709408485837e+02 -4.337684728625327245e-03 -8.435206429449391627e-03
2.750036734356703505e+02 -4.343281862211705729e-03 -8.446777123722061173e-03
2.750350796426979514e+02 -4.354806746361252444e-03 -8.180827913186802108e-03
2.750507986615496634e+02 -4.361591374246098253e-03 -8.175038226438093025e-03
2.750665318389977188e+02 -4.363850801833686968e-03 -8.324870357333369331e-03
2.750822598515354116e+02 -4.368143370543745539e-03 -8.614232777271753350e-03
2.751137760890665618e+02 -4.370618768674027800e-03 -9.478120346248317812e-03
2.751295679872459345e+02 -4.372311041696944761e-03 -9.380134973596238393e-03
2.751453513681335608e+02 -4.370967755163534044e-03 -9.922966740812640477e-03
2.751611154013402256e+02 -4.369947767531002190e-03 -1.038370523178477368e-02
2.751926020819164478e+02 -4.365420727240294091e-03 -1.033186570313777454e-02
2.752083233476438409e+02 -4.363512476470376121e-03 -1.045304859105819495e-02
2.752240230201747977e+02 -4.360302471585385253e-03 -1.056413647987836969e-02
2.752554046915158779e+02 -4.352828159777724464e-03 -1.080751845425013610e-02
2.752710945566998362e+02 -4.348244097608662713e-03 -1.096582939921280503e-02
2.752867870211036347e+02 -4.343856351257014900e-03 -1.111336767244171242e-02
2.753024973001359399e+02 -4.339990990645480745e-03 -1.123139606342757855e-02
2.753339475818514188e+02 -4.328324216400259404e-03 -1.152646946033566121e-02
2.753496982712732688e+02 -4.322963623224208331e-03 -1.167349731367960976e-02
2.753654595659666597e+02 -4.312656276289612498e-03 -1.179028145453381825e-02
2.753812552671360550e+02 -4.306248949618206485e-03 -1.188967979051698889e-02
2.754128035514471549e+02 -4.289615893449673714e-03 -1.200434030152763148e-02
2.754285514647874038e+02 -4.279447918706180166e-03 -1.201343729909490690e-02
2.754442897590349162e+02 -4.272604958661072559e-03 -1.199775883400871525e-02
2.754600096274668886e+02 -4.265998651780737033e-03 -1.195670725895947757e-02
2.754914077785394966e+02 -4.249429133855838620e-03 -1.180555122813746992e-02
2.755071056798789186e+02 -4.241226765900155647e-03 -1.172396561702514911e-02
2.755228137533318886e+02 -4.233333368310019350e-03 -1.161846866794103220e-02
2.755541761898265918e+02 -4.220463198999981243e-03 -1.138987825417638912e-02
2.755698428669973055e+02 -4.213560995368906097e-03 -1.126753231142478204e-02
2.755855033880760629e+02 -4.210423503762335262e-03 -1.114822438195878923e-02
2.756011902400167060e+02 -4.208579338629076655e-03 -1.103123294038081334e-02
2.756327301158819978e+02 -4.199138324074054747e-03 -1.079261432973429788e-02
2.756484521746268683e+02 -4.194702346624417343e-03 -1.067926782176378125e-02
2.756641413912676057e+02 -4.191897254288909358e-03 -1.056100799727385971e-02
2.756954548202085107e+02 -4.193365276778650459e-03 -1.033333971362137074e-02
2.757110956619018225e+02 -4.194667236090518676e-03 -1.022145392808070964e-02
2.757267419125983565e+02 -4.196598074885803456e-03 -1.010900858928545816e-02
2.757423984069117182e+02 -4.198577714664678343e-03 -9.996293746213611581e-03
2.757737276777213538e+02 -4.208909246210373531e-03 -9.768503867751483077e-03
2.757894116305278658e+02 -4.215856455502940518e-03 -9.679489137230084389e-03
2.758051283128701812e+02 -4.223659320137608530e-03 -9.607513105533201786e-03
2.758208879329392289e+02 -4.232924568607997380e-03 -9.512212331407244453e-03
2.758524691531012536e+02 -4.257733830022410702e-03 -9.335410346134557363e-03
2.758682217452326881e+02 -4.269098642690782354e-03 -9.241015935208318766e-03
2.758839674691790833e+02 -4.280525048580349247e-03 -9.136925482614981567e-03
2.759154143650167725e+02 -4.300341400263044123e-03 -8.912661112208069766e-03
2.759311348122520826e+02 -4.312224840242029518e-03 -8.802345476767848773e-03
2.759468356213369020e+02 -4.320626524148927540e-03 -8.697439523302768691e-03
2.759625361293266792e+02 -4.329373945775647110e-03 -8.592851625644446281e-03
2.759939322708770533e+02 -4.344166107819898842e-03 -8.414344509775857628e-03
2.760096355472589380e+02 -4.349513367851545395e-03 -8.450903217568883977e-03
2.760253344311188357e+02 -4.355062773550726768e-03 -8.311190321743665982e-03
2.760410396292163000e+02 -4.360454572738760651e-03 -8.156389159489371363e-03
2.760724984551398506e+02 -4.368220463712703568e-03 -8.376080726744457305e-03
2.760882358920080719e+02 -4.372637019324169400e-03 -8.705844554156103726e-03
2.761039963832317881e+02 -4.371369943702486764e-03 -9.366623519728039388e-03
2.761355525818718775e+02 -4.372840237677478627e-03 -9.453083648048948850e-03
2.761513426280631620e+02 -4.373273364260943027e-03 -1.006548159933515034e-02
2.761670924530309321e+02 -4.369182571450779158e-03 -1.038302000877919240e-02
2.761828352989408017e+02 -4.368237074849743232e-03 -1.029314025208267515e-02
2.762142804443411706e+02 -4.362672445684378023e-03 -1.047493237963464420e-02
2.762299759839564786e+02 -4.361502279790790970e-03 -1.058387658713737245e-02
2.762456691551911945e+02 -4.359352466133487210e-03 -1.069735269028065233e-02
2.762613625637384871e+02 -4.355568275073774288e-03 -1.083255832312097003e-02
2.762927455622609045e+02 -4.346299270874777118e-03 -1.112895780672211281e-02
2.763084642526520724e+02 -4.341349505995945220e-03 -1.124980199452054082e-02
2.763241866946010532e+02 -4.333578793363899138e-03 -1.139756709517254253e-02
2.763556801210559684e+02 -4.319372706656156476e-03 -1.169402337562413033e-02
2.763714474801365100e+02 -4.313283987280418230e-03 -1.180679059938634368e-02
2.763872421402095938e+02 -4.304239454180316254e-03 -1.189906806035585275e-02
2.764030319188345288e+02 -4.296414780571659528e-03 -1.196404494389768924e-02
2.764345245556372106e+02 -4.280062426388332036e-03 -1.200349007456944124e-02
2.764502526474378783e+02 -4.271629547779353005e-03 -1.198180441882488491e-02
2.764659674317792906e+02 -4.262334431051653140e-03 -1.193503143370640285e-02
2.764816652343048418e+02 -4.255122343449851095e-03 -1.186294336262764225e-02
2.765130658886663468e+02 -4.242061568128488794e-03 -1.169585963756968397e-02
2.765287778914166097e+02 -4.234448719303191694e-03 -1.158005403046595723e-02
2.765444619455375914e+02 -4.227230646692850535e-03 -1.147115652127890517e-02
2.765601321099395022e+02 -4.222069120080265345e-03 -1.135404174983467053e-02
2.765914541125970345e+02 -4.210861809191905961e-03 -1.111640703531879652e-02
2.766071652376261341e+02 -4.206853407410464721e-03 -1.099909535454195002e-02
2.766229364921995852e+02 -4.202150644319536943e-03 -1.087807373195540973e-02
2.766544151359979651e+02 -4.196453017112022899e-03 -1.064737421390194935e-02
2.766700875114441942e+02 -4.194870769034380296e-03 -1.052776272714489592e-02
2.766857451939608268e+02 -4.193851993013390442e-03 -1.041256778629199263e-02
2.767013831939567581e+02 -4.193829209883460918e-03 -1.030244557680071692e-02
2.767326751889722800e+02 -4.197309008178808955e-03 -1.007622186269331588e-02
2.767483359023796083e+02 -4.201393617180053906e-03 -9.960762231859002225e-03
2.767640018332901946e+02 -4.207665729408807849e-03 -9.846300403781418561e-03
2.767953699068983155e+02 -4.221639559851603565e-03 -9.656867689303507904e-03
2.768110967192417888e+02 -4.232033329210785864e-03 -9.581035900101673650e-03
2.768268653770192032e+02 -4.240798512474721997e-03 -9.483170088516281945e-03
2.768426569414396567e+02 -4.250791820438470058e-03 -9.395723230408830826e-03
2.768742007558104206e+02 -4.275225227783023899e-03 -9.209541904436523846e-03
2.768899290075142972e+02 -4.284997488664492142e-03 -9.105259051177788665e-03
2.769056609700559193e+02 -4.295175581112533995e-03 -8.990926149133738124e-03
2.769213731457101630e+02 -4.309559003113729893e-03 -8.879023749281582736e-03
2.769527827279941334e+02 -4.325437690715139283e-03 -8.665835958976289208e-03
2.769684806539964370e+02 -4.333363475259713327e-03 -8.561286418348001623e-03
2.769841766476266685e+02 -4.338660877531016861e-03 -8.464042070187157915e-03
2.770155827318772594e+02 -4.353298501310461262e-03 -8.436429001646143788e-03
2.770312853044260919e+02 -4.361099489815547722e-03 -8.248220307133865767e-03
2.770470006505345282e+02 -4.365736381776421510e-03 -8.143578380407115805e-03
2.770627307511073809e+02 -4.370443044494517343e-03 -8.213052594358024802e-03
2.770942072163799708e+02 -4.374183817820597939e-03 -8.819770145394263683e-03
2.771099681565796686e+02 -4.376914822836337239e-03 -9.463024256862025141e-03
2.771257531371797427e+02 -4.377329785328385771e-03 -9.350107733631773249e-03
2.771415326548354301e+02 -4.375045507042083816e-03 -9.557190299145876602e-03
2.771730596601360617e+02 -4.373121984021856833e-03 -1.035751710750280712e-02
2.771888028931699068e+02 -4.370673240737299285e-03 -1.029258281192790662e-02
2.772045227134418042e+02 -4.367341459096876245e-03 -1.037636591718069622e-02
2.772202275199297787e+02 -4.365410626424847014e-03 -1.049662174395802824e-02
2.772516129246605487e+02 -4.358107536010266507e-03 -1.071778287502062402e-02
2.772673046069812699e+02 -4.354760596572090393e-03 -1.086153215836298432e-02
2.772829962507643131e+02 -4.351821781431890190e-03 -1.101458989199102442e-02
2.773144260446288172e+02 -4.340862543995562157e-03 -1.126967314131614023e-02
2.773301422313618332e+02 -4.335205962424156824e-03 -1.142268848183076134e-02
2.773458896761183610e+02 -4.328064020193598052e-03 -1.158159275682326371e-02
2.773616508953169841e+02 -4.320736143815109495e-03 -1.171219012363967915e-02
2.773932231725882502e+02 -4.305101906414564479e-03 -1.190767739539847977e-02
2.774089987952793877e+02 -4.297225089186298974e-03 -1.196624077804114838e-02
2.774247476779635235e+02 -4.287756457239355092e-03 -1.199430202857892057e-02
2.774404897124817353e+02 -4.280781886111416877e-03 -1.199193654280243139e-02
2.774719155936968491e+02 -4.264210402802420807e-03 -1.191155776187487539e-02
2.774876107577257471e+02 -4.255617418542738395e-03 -1.183314768657644546e-02
2.775033072535283623e+02 -4.247155628525419932e-03 -1.175282507453197928e-02
2.775347223218327031e+02 -4.233068805992086861e-03 -1.154594297452658271e-02
2.775504069770057072e+02 -4.227959725545610455e-03 -1.143814196374905515e-02
2.775660764608329032e+02 -4.218027078700841044e-03 -1.131866037896534123e-02
2.775817295423432824e+02 -4.215787630458394178e-03 -1.120077549518947412e-02
2.776131386514238670e+02 -4.207183132280753815e-03 -1.096625584041246992e-02
2.776289182169366541e+02 -4.205289064664566312e-03 -1.084385928024323223e-02
2.776446508840774641e+02 -4.199550636124816695e-03 -1.072843702453980634e-02
2.776603578778237420e+02 -4.197609440591830096e-03 -1.061334563186296619e-02
2.776916744413268816e+02 -4.196274824638590757e-03 -1.037997432318307246e-02
2.777073122781545749e+02 -4.197002202253300070e-03 -1.026882081706516174e-02
2.777229519765830332e+02 -4.198942253508758903e-03 -1.015513973383960419e-02
2.777542665951739309e+02 -4.206493349287383256e-03 -9.925233940064491847e-03
2.777699356162199251e+02 -4.211490773300567703e-03 -9.810036628167810580e-03
2.777856133993243475e+02 -4.217125506059773467e-03 -9.708096772848270883e-03
2.778013182270659627e+02 -4.226284180372546183e-03 -9.634094682330439710e-03
2.778328409001771888e+02 -4.247678277159426877e-03 -9.453687237680452257e-03
2.778486423008870929e+02 -4.260934366719894978e-03 -9.368030008867229280e-03
2.778643998836981837e+02 -4.269220639236093531e-03 -9.278973462787200310e-03
2.778801547741518334e+02 -4.282345712031882141e-03 -9.176851961098811405e-03
2.779116000215798863e+02 -4.304669464522406334e-03 -8.954232980497939254e-03
2.779273221060046808e+02 -4.312504944321200219e-03 -8.843374850109161217e-03
2.779430264741192218e+02 -4.323717852606163981e-03 -8.736543598094548974e-03
2.779744218459707099e+02 -4.339287399959343254e-03 -8.529201841921081606e-03
2.779901183488378820e+02 -4.346175006342218282e-03 -8.433675948188236113e-03
2.780058204536977655e+02 -4.351993579367787433e-03 -8.407660784533286386e-03
2.780215212907787077e+02 -4.357069995467175577e-03 -8.395032064722593793e-03
2.780529485696998790e+02 -4.368140215221201494e-03 -8.139278947349530210e-03
2.780686821456400821e+02 -4.372062011131827575e-03 -8.243685593131121203e-03
2.780844148048328179e+02 -4.376301727102264658e-03 -8.501582811400598336e-03
2.781001706222019720e+02 -4.379729572592945888e-03 -8.957616396491783692e-03
2.781317245987660840e+02 -4.378830290513423436e-03 -9.327743565139590826e-03
2.781475130363234030e+02 -4.378735982957355187e-03 -9.674030956765718864e-03
2.781632677866544441e+02 -4.376323514859094266e-03 -1.028115437128845032e-02
2.781947509495890927e+02 -4.372341080043413812e-03 -1.029129306965125522e-02
2.782104686952479256e+02 -4.371417085833106085e-03 -1.039412434328768932e-02
2.782261694874156319e+02 -4.368813872615312510e-03 -1.051301774716854875e-02
2.782418614191801112e+02 -4.365060360827288655e-03 -1.061913568597476487e-02
2.782732401555826982e+02 -4.356580949022057642e-03 -1.088446241597854774e-02
2.782889328447818684e+02 -4.351904673573651038e-03 -1.103190317841060142e-02
2.783046465652194001e+02 -4.346886590994735247e-03 -1.115495569068842077e-02
2.783203734488956229e+02 -4.341638246587195202e-03 -1.128786876680239713e-02
2.783518515534614721e+02 -4.328683725486543940e-03 -1.160305308550143785e-02
2.783676148121163010e+02 -4.320740720119756358e-03 -1.172675273427642960e-02
2.783834111892832652e+02 -4.312938447014173608e-03 -1.183324776634352322e-02
2.784149564969108042e+02 -4.295775966121213353e-03 -1.196533652683280310e-02
2.784307023944629691e+02 -4.287412759794268294e-03 -1.198733517632565027e-02
2.784464374003092644e+02 -4.279587893789968747e-03 -1.197806454676832860e-02
2.784621557563248189e+02 -4.272076608525493535e-03 -1.194539133070802658e-02
2.784935535695608451e+02 -4.257130351982063750e-03 -1.180427961837933991e-02
2.785092503793942456e+02 -4.248710035971869740e-03 -1.172880207294904782e-02
2.785249592103060081e+02 -4.241293809017743568e-03 -1.162686860421278078e-02
2.785406589953443586e+02 -4.234290229228432172e-03 -1.151645242392534095e-02
2.785720062021136982e+02 -4.221258584037669223e-03 -1.128588034305543636e-02
2.785876623720737939e+02 -4.218146982414684200e-03 -1.116845597771283678e-02
2.786033508536931436e+02 -4.213327839182063467e-03 -1.105251245984733080e-02
2.786348818869024058e+02 -4.201699803769862011e-03 -1.081157826227080107e-02
2.786506011062429593e+02 -4.201453468701656438e-03 -1.069837110252095866e-02
2.786662867661052019e+02 -4.198210728681914250e-03 -1.057948402625998215e-02
2.786819423329689016e+02 -4.198013135858675443e-03 -1.046048298963838351e-02
2.787132273720789613e+02 -4.200151489089243989e-03 -1.023535395893224002e-02
2.787288730186253929e+02 -4.203165082484359646e-03 -1.012086190498472441e-02
2.787445314420191380e+02 -4.206870011207880684e-03 -1.000669889156011183e-02
2.787601987351045523e+02 -4.210588169170513019e-03 -9.890431926336814422e-03
2.787915487148518423e+02 -4.223383625094489016e-03 -9.682015885200088989e-03
2.788072648368277555e+02 -4.232155509176917241e-03 -9.611469176932783617e-03
2.788230265351094204e+02 -4.240666169849705187e-03 -9.520122085837943310e-03
2.788546088786407608e+02 -4.264868340655956352e-03 -9.341817995644508335e-03
2.788703608971572407e+02 -4.277521644000571895e-03 -9.248710805225828988e-03
2.788860965526042719e+02 -4.287453206564160839e-03 -9.146650080031674956e-03
2.789018342200251936e+02 -4.299756938524885476e-03 -9.034545735992006651e-03
2.789332582982548843e+02 -4.320493360119598107e-03 -8.810250755850871848e-03
2.789489567124562654e+02 -4.330015438108836962e-03 -8.704762411780857245e-03
2.789646574831689350e+02 -4.336168835678750645e-03 -8.599831463842652277e-03
2.789803526410743757e+02 -4.344113059107035379e-03 -8.497791470909437511e-03
2.790117586372721235e+02 -4.358696896728921598e-03 -8.419541876767664551e-03
2.790274604508999232e+02 -4.364011078077956532e-03 -8.335428348372100893e-03
2.790431660485558041e+02 -4.369478180294188857e-03 -8.156046481716186167e-03
2.790746236898649499e+02 -4.375933816742946098e-03 -8.283921262404701780e-03
2.790903665315198054e+02 -4.380104777448347135e-03 -8.581320188749574918e-03
2.791061293735276081e+02 -4.380141250940891053e-03 -9.106953681842918161e-03
2.791218984353973838e+02 -4.382042562109951522e-03 -9.449590732958784711e-03
2.791534750024605955e+02 -4.379416909559317311e-03 -9.818907950874455545e-03
2.791692243725182152e+02 -4.378393451938461002e-03 -1.033407998264887322e-02
2.791849645636186210e+02 -4.376611116738100826e-03 -1.029930927239108146e-02
2.792006905039721119e+02 -4.374258186558778634e-03 -1.030601846915531195e-02
2.792320973867167595e+02 -4.368153236262176976e-03 -1.053306342610596698e-02
2.792477910277286242e+02 -4.366688977927420112e-03 -1.063675164898007612e-02
2.792634826213657675e+02 -4.364051148532117029e-03 -1.076269470147353351e-02
2.792948726798470034e+02 -4.354404265222471676e-03 -1.104770608314976227e-02
2.793105921311852740e+02 -4.351040394495865257e-03 -1.116717852503585663e-02
2.793263117006825951e+02 -4.341745558356078540e-03 -1.131005413995966706e-02
2.793420491834163499e+02 -4.335921663314964113e-03 -1.147359397694864766e-02
2.793735859238962576e+02 -4.321008093565867174e-03 -1.173847759370316886e-02
2.793893754676366825e+02 -4.312307966168875406e-03 -1.184100895674999356e-02
2.794051623675700853e+02 -4.303134181996161323e-03 -1.191368538626515726e-02
2.794209111939719605e+02 -4.297728190145302073e-03 -1.196105602167983097e-02
2.794523781976619148e+02 -4.279513206688459297e-03 -1.196066143667579192e-02
2.794680889823175107e+02 -4.271035184597054071e-03 -1.192162498350403561e-02
2.794837855453090469e+02 -4.262622786099624396e-03 -1.185559534541620434e-02
2.795151835682726187e+02 -4.249161089350506591e-03 -1.170049425667292822e-02
2.795308971477757609e+02 -4.242780507387731471e-03 -1.158896134513262392e-02
2.795465972056472310e+02 -4.235270085034876890e-03 -1.148429928835633870e-02
2.795622758661567673e+02 -4.229849515270119910e-03 -1.136899111007512626e-02
2.795935897143787656e+02 -4.218411897863190950e-03 -1.113590581183866376e-02
2.796093048051406527e+02 -4.214911557858113007e-03 -1.102059564770626297e-02
2.796250715120871746e+02 -4.210296454060431272e-03 -1.089812002276569110e-02
2.796408252807291319e+02 -4.205861600114091207e-03 -1.077896285619472233e-02
2.796722073552028291e+02 -4.202159131411912184e-03 -1.054437546606295031e-02
2.796878668725613011e+02 -4.201087066975111271e-03 -1.042784382428817505e-02
2.797034986956908824e+02 -4.200375994508669976e-03 -1.031594626392335658e-02
2.797347864400198318e+02 -4.205673343930417182e-03 -1.008885470629012661e-02
2.797504499652253571e+02 -4.208711133923796928e-03 -9.970794613157736228e-03
2.797661191974016219e+02 -4.214107418415834021e-03 -9.855300029648361021e-03
2.797817921241195336e+02 -4.222190512077039423e-03 -9.742728530818945201e-03
2.798132146060870014e+02 -4.240320301789473299e-03 -9.585575169212533567e-03
2.798289835543637309e+02 -4.249074742057463473e-03 -9.490248860206053697e-03
2.798447805379708484e+02 -4.259956321233772727e-03 -9.400581906826755915e-03
2.798605542225598697e+02 -4.272116512437512843e-03 -9.314163548583276331e-03
2.798920379368964859e+02 -4.293936741090445021e-03 -9.113960321753388633e-03
2.799077606924647625e+02 -4.304781200023160941e-03 -8.998858037677073471e-03
2.799234764399823803e+02 -4.316523140212975840e-03 -8.885902976259726915e-03
2.799548835262893363e+02 -4.333090474005720470e-03 -8.671710209590219320e-03
2.799705792750245905e+02 -4.342234655053529152e-03 -8.566579647544080370e-03
2.799862760604696632e+02 -4.347923646563031479e-03 -8.468338460781084029e-03
2.800019789274304571e+02 -4.353847982174589154e-03 -8.390730824843543184e-03
2.800333854490548333e+02 -4.367889900199812062e-03 -8.273026612880037683e-03
2.800491018144432473e+02 -4.374341450827736594e-03 -8.130516777567662126e-03
2.800648361641854649e+02 -4.377099620276363873e-03 -8.159035654301569768e-03
2.800805601095238444e+02 -4.380713989752068986e-03 -8.333085820827552254e-03
2.801120763212602469e+02 -4.384650777963167330e-03 -9.243449406032829690e-03
2.801278650699300101e+02 -4.386308696131194576e-03 -9.392095493700904421e-03
2.801436460780138304e+02 -4.384324562055732892e-03 -9.409865179064794138e-03
2.801751654809038428e+02 -4.380186004562477455e-03 -1.035324825841069975e-02
2.801909054953719647e+02 -4.380045974399619096e-03 -1.027881108577351210e-02
2.802066272025890044e+02 -4.376549232026380291e-03 -1.031684263598094987e-02
2.802223276639242044e+02 -4.374636165929856983e-03 -1.043734197600323411e-02
2.802537117368674444e+02 -4.367091610532530810e-03 -1.065156566198823852e-02
2.802694025089783736e+02 -4.362972301148950946e-03 -1.078477614349898465e-02
2.802850948426264495e+02 -4.359270893070629760e-03 -1.092846361904478876e-02
2.803008021847943496e+02 -4.356119610562666708e-03 -1.105991724239829832e-02
2.803322479427203575e+02 -4.343867653561506517e-03 -1.133303540579017228e-02
2.803479976424273445e+02 -4.338037453181367749e-03 -1.149597428375398987e-02
2.803637580509687268e+02 -4.328455964354174790e-03 -1.163531099066332855e-02
2.803953370472660822e+02 -4.314090681030346291e-03 -1.184775323045790182e-02
2.804111037869931806e+02 -4.306353684729475120e-03 -1.191252131200674046e-02
2.804268523514340927e+02 -4.295426333958770118e-03 -1.195370849105481872e-02
2.804425919385307679e+02 -4.289047265626903110e-03 -1.196146435430070314e-02
2.804740161716202920e+02 -4.272747723393556345e-03 -1.189641006182193435e-02
2.804897097293496699e+02 -4.264748387740439212e-03 -1.182495221354224087e-02
2.805054046776448331e+02 -4.256178021840124545e-03 -1.175054702038010046e-02
2.805211091017507670e+02 -4.247933611757848116e-03 -1.166637475638674162e-02
2.805525217298942948e+02 -4.235645808141970566e-03 -1.145066668346681089e-02
2.805681942502030211e+02 -4.227028159839788836e-03 -1.133545266333131976e-02
2.805838461739460854e+02 -4.223853360930765813e-03 -1.121960813262278672e-02
2.806152507339702424e+02 -4.215769913371064832e-03 -1.098877289610361574e-02
2.806310292581920862e+02 -4.214500947463864673e-03 -1.086466425448394738e-02
2.806467599096368986e+02 -4.208074543518664119e-03 -1.074745673575383878e-02
2.806624575388809149e+02 -4.204252456513949375e-03 -1.063164556923793837e-02
2.806937700137416982e+02 -4.205441144032381375e-03 -1.039626580322414347e-02
2.807094033127128796e+02 -4.206943711841001389e-03 -1.028350164680636933e-02
2.807250445771334739e+02 -4.207748306777510383e-03 -1.016901310982871662e-02
2.807406973589490917e+02 -4.210319049390285825e-03 -1.005541585659072527e-02
2.807720317787801037e+02 -4.220365126178787264e-03 -9.819811414044532505e-03
2.807877080610392682e+02 -4.225919535504453137e-03 -9.712114877124458992e-03
2.808034123928915733e+02 -4.233298511423917027e-03 -9.636408988877754808e-03
2.808349406870724465e+02 -4.256895179338179847e-03 -9.462663261082160729e-03
2.808507409181797811e+02 -4.268628320614278188e-03 -9.374364985347605206e-03
2.808664915369287201e+02 -4.278190532508050099e-03 -9.288080484806176748e-03
2.808822390573223515e+02 -4.290766744371747946e-03 -9.188464834173437276e-03
2.809136783694721089e+02 -4.311901984279168515e-03 -8.965241021425840798e-03
2.809293993819669026e+02 -4.322365024225247564e-03 -8.853522434741049538e-03
2.809451011127068227e+02 -4.331655828329821628e-03 -8.747066436337776196e-03
2.809608010144360719e+02 -4.342670369358694535e-03 -8.639814588948089083e-03
2.809921971396212825e+02 -4.355524364618559678e-03 -8.436279551625909534e-03
2.810078985096836277e+02 -4.361745067663072399e-03 -8.379520007694428105e-03
2.810235985923119983e+02 -4.367026669344058025e-03 -8.396188401144474150e-03
2.810550289307167873e+02 -4.377262113007885855e-03 -8.115844525315024649e-03
2.810707622281353792e+02 -4.381920148073645445e-03 -8.178321676847512614e-03
2.810864963969329438e+02 -4.386311459412556117e-03 -8.390851559058637443e-03
2.811022545942000193e+02 -4.386849049085944467e-03 -8.781658099868196524e-03
2.811338106874017626e+02 -4.387714581585993798e-03 -9.349856254895207511e-03
2.811496016830205917e+02 -4.388695498124377432e-03 -9.495430497102826800e-03
2.811653516389072820e+02 -4.384390689109942015e-03 -1.007748766541155007e-02
2.811810963511685486e+02 -4.383064245086630561e-03 -1.034105913539271580e-02
2.812125461016003101e+02 -4.379403050887174277e-03 -1.033633018777685257e-02
2.812282430473264299e+02 -4.378355979055220150e-03 -1.045672627928541897e-02
2.812439381722822986e+02 -4.375201353070305200e-03 -1.056063303183572659e-02
2.812753173174540962e+02 -4.366722096207530622e-03 -1.080261910296440898e-02
2.812910104651667211e+02 -4.362252335106803040e-03 -1.094633782305333251e-02
2.813067271377851171e+02 -4.356715712232132366e-03 -1.107121834132326205e-02
2.813224519590892214e+02 -4.350786858793806618e-03 -1.120257056972057651e-02
2.813539370751757929e+02 -4.336074343275185712e-03 -1.152060716503655255e-02
2.813697012983881791e+02 -4.330505811624143879e-03 -1.165190027114138861e-02
2.813854973644398001e+02 -4.321742273978056333e-03 -1.176720021598135629e-02
2.814012889368985384e+02 -4.315139783855464865e-03 -1.185557519131200978e-02
2.814327840521253279e+02 -4.297171299017402656e-03 -1.195010356567101188e-02
2.814485151302311579e+02 -4.288861488075550177e-03 -1.195086549511773476e-02
2.814642318671375278e+02 -4.279791267118234453e-03 -1.192546590356314759e-02
2.814956259535625804e+02 -4.266274522421162341e-03 -1.179909582683931132e-02
2.815113239778418119e+02 -4.258504436727897531e-03 -1.172877149860758472e-02
2.815270333063211865e+02 -4.250360025582399816e-03 -1.163123181536792304e-02
2.815427413439434758e+02 -4.243553024862413078e-03 -1.152611880018955710e-02
2.815740965732071004e+02 -4.228928227858720461e-03 -1.130325523625646741e-02
2.815897504509238161e+02 -4.227562060600155783e-03 -1.118782855998976498e-02
2.816054443751075951e+02 -4.221239793436621854e-03 -1.107393138071395902e-02
2.816211901433495086e+02 -4.218505574325208049e-03 -1.095507535982325441e-02
2.816526854272221385e+02 -4.211746578584461310e-03 -1.071715050733336450e-02
2.816683663199782472e+02 -4.208661297184579722e-03 -1.059696542472769037e-02
2.816840196233910092e+02 -4.208342331532877005e-03 -1.047771150527234546e-02
2.817152944761307367e+02 -4.209132645175701903e-03 -1.025017366610113910e-02
2.817309398797461313e+02 -4.211393317954275663e-03 -1.013396899547384065e-02
2.817466009667074331e+02 -4.215902522920283134e-03 -1.001802942099557295e-02
2.817622709477575427e+02 -4.221029974546726578e-03 -9.901177428635851360e-03
2.817936242800740274e+02 -4.232642140663968322e-03 -9.684506442061436779e-03
2.818093383848092799e+02 -4.242199538184396670e-03 -9.613946571092723409e-03
2.818251001493802619e+02 -4.251027470945141495e-03 -9.528040455650818932e-03
2.818408898313891200e+02 -4.261275277853317743e-03 -9.434398763684525430e-03
2.818724326025545679e+02 -4.286254284273099610e-03 -9.256819235366699553e-03
2.818881600989899425e+02 -4.295325223155630270e-03 -9.157052075725523668e-03
2.819038917587345736e+02 -4.306576238114306378e-03 -9.045330588552712506e-03
2.819353128965438486e+02 -4.328871578323556339e-03 -8.820031174380188119e-03
2.819510097196912284e+02 -4.338620105583738430e-03 -8.714107876921377976e-03
2.819667094258768998e+02 -4.345103440407399251e-03 -8.606856335031479524e-03
2.819824056843369817e+02 -4.351313924260091087e-03 -8.504193685895951316e-03
2.820138114648499936e+02 -4.367359590342951084e-03 -8.379278522624005257e-03
2.820295151959691111e+02 -4.374237190494602301e-03 -8.358655268422072321e-03
2.820452258198710638e+02 -4.378659913378770210e-03 -8.165772207908110827e-03
2.820609549362793587e+02 -4.384798541233777928e-03 -8.112910172678341331e-03
2.820924289004607886e+02 -4.388511457822565770e-03 -8.462358163251349624e-03
2.821081906469572687e+02 -4.390936478988708737e-03 -8.910004683530424116e-03
2.821239696922549456e+02 -4.391306046165434525e-03 -9.376175429815830978e-03
2.821555366554324564e+02 -4.387607726813847787e-03 -9.610938471042638348e-03
2.821712838403756223e+02 -4.389111313431661061e-03 -1.019001228906174158e-02
2.821870261046302630e+02 -4.385865767099645166e-03 -1.031785622794662710e-02
2.822027484535922781e+02 -4.383273136085534365e-03 -1.026932485861834464e-02
2.822341505919910674e+02 -4.377336846560686903e-03 -1.047811642602178815e-02
2.822498442785115458e+02 -4.374843855977546443e-03 -1.057709322301124757e-02
2.822655361103819018e+02 -4.372448638896418542e-03 -1.069302935053209266e-02
2.822812272782524587e+02 -4.369343293255698729e-03 -1.082652023545281443e-02
2.823126516419427503e+02 -4.359695578263295124e-03 -1.108673390491699690e-02
2.823283687986767632e+02 -4.351786345962184964e-03 -1.122595404844272358e-02
2.823441113386963934e+02 -4.344941909765663579e-03 -1.138945142076338776e-02
2.823756567487341727e+02 -4.331145541067685234e-03 -1.166868117674266930e-02
2.823914404948686752e+02 -4.322035524976139929e-03 -1.178178584297586047e-02
2.824072225289864946e+02 -4.313343526440930643e-03 -1.186262957167847146e-02
2.824229708117875361e+02 -4.306601358970013615e-03 -1.192087271162351088e-02
2.824544360787322717e+02 -4.288583324982771922e-03 -1.193759053786297777e-02
2.824701426519024494e+02 -4.281234465140345592e-03 -1.190651633499003118e-02
2.824858380776197464e+02 -4.272312383632632070e-03 -1.184786889158723384e-02
2.825015341030019727e+02 -4.264010729426562923e-03 -1.177315590994448477e-02
2.825329478832228460e+02 -4.250949950145728982e-03 -1.159647610852064872e-02
2.825486591782865275e+02 -4.244333219089592261e-03 -1.149370915707930048e-02
2.825643461994906716e+02 -4.236250481121971688e-03 -1.138336715447901479e-02
2.825956532466180988e+02 -4.228101566322657774e-03 -1.115426896392353144e-02
2.826113727323070179e+02 -4.224549109738389568e-03 -1.104080976273580025e-02
2.826271338986229011e+02 -4.220946535131353886e-03 -1.091781812149732189e-02
2.826428863302760988e+02 -4.216488693870930338e-03 -1.079594558227623541e-02
2.826742617386268535e+02 -4.212185984906517688e-03 -1.056044653782248037e-02
2.826899200712869629e+02 -4.211732821215847210e-03 -1.044264292888827557e-02
2.827055492265749876e+02 -4.211183645677218576e-03 -1.032905112575425305e-02
2.827211815858893260e+02 -4.213475202744641768e-03 -1.021329269477229580e-02
2.827524983695232095e+02 -4.219816655251481911e-03 -9.980778906317695418e-03
2.827681704665704956e+02 -4.224156784640002889e-03 -9.863713328295263885e-03
2.827838440094055272e+02 -4.230500597799190243e-03 -9.748863974048152872e-03
2.828152672695661636e+02 -4.250711039333156423e-03 -9.588033787719815737e-03
2.828310379513951602e+02 -4.258972603455060853e-03 -9.497000430247721364e-03
2.828468389856414547e+02 -4.271001357326667351e-03 -9.405013461452635046e-03
2.828626013223010318e+02 -4.280440800155582357e-03 -9.318613470422771813e-03
2.828940820818489783e+02 -4.304144145643622361e-03 -9.122007438257976469e-03
2.829097951100958994e+02 -4.315852771204332396e-03 -9.007556129146899668e-03
2.829255138166010966e+02 -4.324181546899295674e-03 -8.892933552679508497e-03
2.829412190291220099e+02 -4.336232359931541797e-03 -8.785804817639261341e-03
2.829726128698266621e+02 -4.351773698606467566e-03 -8.573151688983883176e-03
2.829883102166082836e+02 -4.358320491433776214e-03 -8.472557458694065721e-03
2.830040130982378059e+02 -4.364151884627758340e-03 -8.381174988802768747e-03
2.830354194281081277e+02 -4.375904516070679151e-03 -8.300295235417764345e-03
2.830511389813744358e+02 -4.382882482617726436e-03 -8.127335018510773931e-03
2.830668723237014888e+02 -4.385710405997327900e-03 -8.118939406873030423e-03
2.830826015888181360e+02 -4.390225120792228854e-03 -8.247005665019171636e-03
2.831141186121726037e+02 -4.393152698946797136e-03 -9.044735015232098496e-03
2.831299110710841660e+02 -4.395024389975082588e-03 -9.365472847014026311e-03
2.831456947355696911e+02 -4.394125141964801487e-03 -9.351471514244714608e-03
2.831614567178312996e+02 -4.393101656536993992e-03 -9.724002221871240817e-03
2.831929426969904853e+02 -4.389004856167672518e-03 -1.028335827922058701e-02
2.832086631532803267e+02 -4.387643726527711355e-03 -1.027048406482247191e-02
2.832243636110653142e+02 -4.384486178169347270e-03 -1.037886641769142880e-02
2.832400543938204578e+02 -4.381621349297542753e-03 -1.049317530109938890e-02
2.832714355428652766e+02 -4.372942264090517138e-03 -1.071264791001298386e-02
2.832871280712592466e+02 -4.368593692877725289e-03 -1.084956256125015409e-02
2.833028391751031450e+02 -4.364685552693053743e-03 -1.097671466571270397e-02
2.833342893865492442e+02 -4.353416538937766520e-03 -1.124600808334289166e-02
2.833500393387646454e+02 -4.347983780156357628e-03 -1.141378791516810612e-02
2.833657999960130383e+02 -4.337948444838607247e-03 -1.155947305092141705e-02
2.833815957046280687e+02 -4.331439660342509268e-03 -1.168131143404661787e-02
2.834131437878143629e+02 -4.314846580778959433e-03 -1.186275318421459689e-02
2.834288911280537491e+02 -4.304951267723728173e-03 -1.191439471513703816e-02
2.834446286885913082e+02 -4.298005849477159329e-03 -1.192953177210056247e-02
2.834603477399973031e+02 -4.291241976148418499e-03 -1.191723009301765349e-02
2.834917449257542899e+02 -4.274300375603184814e-03 -1.181558821274104019e-02
2.835074379302533316e+02 -4.266238289890622246e-03 -1.174525448103597679e-02
2.835231395615986116e+02 -4.258241478644411715e-03 -1.166496174992920354e-02
2.835545678141820645e+02 -4.244380192139816932e-03 -1.145822014644319077e-02
2.835702379886097333e+02 -4.238180052164491722e-03 -1.134699131104271834e-02
2.835858858765095079e+02 -4.233409815632869014e-03 -1.123417631141210120e-02
2.836015600141083723e+02 -4.231827298905823341e-03 -1.112083241028438176e-02
2.836330725886754749e+02 -4.222049558809048801e-03 -1.088131408123644249e-02
2.836488041503712338e+02 -4.218705210751505334e-03 -1.076252375034118108e-02
2.836644959310462468e+02 -4.214149649603888409e-03 -1.064528528411783082e-02
2.836801503872306967e+02 -4.214279067997743315e-03 -1.052383663455697289e-02
2.837114315137338281e+02 -4.216881020746771937e-03 -1.029262658195885007e-02
2.837270702035202135e+02 -4.219194211315452879e-03 -1.017700332908987211e-02
2.837427293795239507e+02 -4.220723260063632097e-03 -1.006195631380983092e-02
2.837740666448274283e+02 -4.230228940770542137e-03 -9.824898933743430110e-03
2.837897421370529969e+02 -4.236184638351835410e-03 -9.713953279747323394e-03
2.838054454136527625e+02 -4.243765973292019933e-03 -9.635298944532482215e-03
2.838211939567839295e+02 -4.252457563063157149e-03 -9.559148346479057201e-03
2.838527773205354379e+02 -4.277305975166140022e-03 -9.375688978088993555e-03
2.838685241852208492e+02 -4.289003295688455925e-03 -9.289684196150636841e-03
2.838842618822015424e+02 -4.300415824332306548e-03 -9.192959526154590930e-03
2.839156986623835337e+02 -4.320628399608224084e-03 -8.970197183908592414e-03
2.839314166731399496e+02 -4.332935851135712689e-03 -8.857421365889186007e-03
2.839471159054961618e+02 -4.341813459917807753e-03 -8.751998892579203673e-03
2.839628167308501361e+02 -4.350485414547963087e-03 -8.644030683284552666e-03
2.839942138066033408e+02 -4.366082813866322722e-03 -8.438151022897699000e-03
2.840099182697030074e+02 -4.371710350228153776e-03 -8.364731915034593485e-03
2.840256172726290060e+02 -4.377484654703098221e-03 -8.386406141602353870e-03
2.840413225821462220e+02 -4.383233532471096129e-03 -8.233537321657808869e-03
2.840727817182731769e+02 -4.391302308329650579e-03 -8.131866618085095005e-03
2.840885202769894136e+02 -4.396073150414274260e-03 -8.292438320220535050e-03
2.841042816342369974e+02 -4.395065326414258552e-03 -8.642264766394711778e-03
2.841200470464692671e+02 -4.397867187119123764e-03 -9.162329291361450898e-03
2.841516276700131698e+02 -4.397592443577719341e-03 -9.404859585011172973e-03
2.841673769598240824e+02 -4.394012337138155158e-03 -9.859583344968860658e-03
2.841831193731775329e+02 -4.393331747212432005e-03 -1.030064815174250997e-02
2.842145633417127328e+02 -4.387987707499403991e-03 -1.028107558797415437e-02
2.842302591746928329e+02 -4.386918800057330349e-03 -1.039834045541744752e-02
2.842459527763533629e+02 -4.385177020680800473e-03 -1.050549404541708219e-02
2.842616460847949043e+02 -4.381704289760470980e-03 -1.061060533096669020e-02
2.842930302700624452e+02 -4.372652526878290438e-03 -1.086872859341175314e-02
2.843087494065301257e+02 -4.368064103748933551e-03 -1.098939064913078897e-02
2.843244709692852439e+02 -4.360104557074335509e-03 -1.111808239926256534e-02
2.843402036892409797e+02 -4.355011533653892555e-03 -1.127425938234049435e-02
2.843717311222380317e+02 -4.340144061747956347e-03 -1.157432139085523039e-02
2.843875256665389770e+02 -4.331177096153627018e-03 -1.169987630318948882e-02
2.844033153140600803e+02 -4.323182732841883598e-03 -1.179278252874242303e-02
2.844348073926345819e+02 -4.307155605403341185e-03 -1.191078586950496294e-02
2.844505347847729126e+02 -4.298631261911559087e-03 -1.191852446932417132e-02
2.844662485519208417e+02 -4.289325555644745575e-03 -1.190158279728524733e-02
2.844819455181711305e+02 -4.281818031024789244e-03 -1.185732416043027912e-02
2.845133370921381015e+02 -4.268797234108487326e-03 -1.172325618088347100e-02
2.845290479641706156e+02 -4.260819217368282119e-03 -1.163173653669166870e-02
2.845447649728717465e+02 -4.253581190583249037e-03 -1.153231291898825644e-02
2.845604665831210696e+02 -4.248076072553269751e-03 -1.142741913604452403e-02
2.845917749285225682e+02 -4.236830885371920333e-03 -1.120388101111533148e-02
2.846074745919102043e+02 -4.231979976264319682e-03 -1.109213861478601862e-02
2.846232180525252033e+02 -4.228654941228740007e-03 -1.097361907575221916e-02
2.846547115507380568e+02 -4.221969814781324770e-03 -1.073203560949454599e-02
2.846703874933855332e+02 -4.219254166383482052e-03 -1.061265073323101361e-02
2.846860417058580310e+02 -4.218366609164168196e-03 -1.049170931025523480e-02
2.847016760079315532e+02 -4.217229698526288317e-03 -1.037741170298517659e-02
2.847329520965069491e+02 -4.220636265772135035e-03 -1.014454223058486142e-02
2.847486166300441823e+02 -4.224006554154143347e-03 -1.002643393232837028e-02
2.847642896961589258e+02 -4.229695746526214439e-03 -9.909148417303443104e-03
2.847956458696629625e+02 -4.242479539306340426e-03 -9.686498470653528287e-03
2.848113574286441576e+02 -4.252618868446205250e-03 -9.614132619607508590e-03
2.848271191635174091e+02 -4.261231651593433596e-03 -9.532531711620046214e-03
2.848429134943233407e+02 -4.270910576226090438e-03 -9.438890858660207300e-03
2.848744479739061717e+02 -4.295300682462084400e-03 -9.261211583704773848e-03
2.848901679922416292e+02 -4.304877075142799457e-03 -9.163403996925008343e-03
2.849058929224422059e+02 -4.315392073135123317e-03 -9.051812532647808898e-03
2.849216023469945753e+02 -4.330035623975204279e-03 -8.936583821111791087e-03
2.849530087485907757e+02 -4.346579355578446616e-03 -8.720894043755330824e-03
2.849687069873388054e+02 -4.355111343411237866e-03 -8.612428589232064280e-03
2.849844040382703838e+02 -4.360689848138272345e-03 -8.510660868305304147e-03
2.850001072816736496e+02 -4.367387540409073746e-03 -8.408434281127379409e-03
2.850315135992051410e+02 -4.383732611505347654e-03 -8.365322756327208883e-03
2.850472292256519040e+02 -4.388840765188419327e-03 -8.177918039189243163e-03
2.850629600077928671e+02 -4.393601453988071545e-03 -8.096274306276636523e-03
2.850944376683373775e+02 -4.398193898968449922e-03 -8.349898159049906621e-03
2.851101989033259656e+02 -4.401269291124210864e-03 -8.758615139583633691e-03
2.851259848792395815e+02 -4.402160673024880198e-03 -9.238580416938516407e-03
2.851417638748783361e+02 -4.400129506530861545e-03 -9.305658853350337947e-03
2.851732894718020361e+02 -4.398465555682658581e-03 -9.979482470546519740e-03
2.851890325072626524e+02 -4.396526658004619101e-03 -1.030773948151596925e-02
2.852047520668954803e+02 -4.393296861322847774e-03 -1.023843468433875172e-02
2.852204565538330030e+02 -4.391684137733657678e-03 -1.029303162807565682e-02
2.852518426208309847e+02 -4.384730768413484629e-03 -1.051610244080323532e-02
2.852675343625245432e+02 -4.381437762470709145e-03 -1.062772714631714417e-02
2.852832261721642340e+02 -4.378663560284473850e-03 -1.075485094998678698e-02
2.853146567084323237e+02 -4.367898172766709192e-03 -1.100435696459104752e-02
2.853303724780264474e+02 -4.362608475707093966e-03 -1.113888481831623936e-02
2.853461196611323771e+02 -4.355618729340674129e-03 -1.130590296704242492e-02
2.853618799521450455e+02 -4.348224278131020311e-03 -1.146396832191892007e-02
2.853934524960487238e+02 -4.332947976224937880e-03 -1.171700319373731626e-02
2.854092276555354033e+02 -4.325217924818799790e-03 -1.180515480539816309e-02
2.854249765414676290e+02 -4.315474904277158061e-03 -1.187520397340240640e-02
2.854407179070263965e+02 -4.308677881432949539e-03 -1.190831658424750493e-02
2.854721427004690781e+02 -4.291903462961245419e-03 -1.188897125122566345e-02
2.854878370997151933e+02 -4.283306106272866988e-03 -1.183738684876306166e-02
2.855035323554301954e+02 -4.274576099543994992e-03 -1.176885531438496765e-02
2.855349443628986705e+02 -4.259851789775072860e-03 -1.160674857332905444e-02
2.855506671404518215e+02 -4.253735955126293836e-03 -1.150584605880196343e-02
2.855663536608045661e+02 -4.244266637421946833e-03 -1.139938766104166799e-02
2.855820006910661846e+02 -4.241439423148453403e-03 -1.129015339934428055e-02
2.856133861849899063e+02 -4.234102904467161761e-03 -1.106527227905837463e-02
2.856291489131282901e+02 -4.232267289668645467e-03 -1.094309803690152010e-02
2.856448970813750634e+02 -4.226282813405927291e-03 -1.081925724931161528e-02
2.856606052569413237e+02 -4.222903347002345334e-03 -1.070369064341840024e-02
2.856919221741845831e+02 -4.221489024833182530e-03 -1.046284038404307615e-02
2.857075524991304860e+02 -4.221544642309873509e-03 -1.034774064536360394e-02
2.857231818625940036e+02 -4.222678445673365942e-03 -1.023030269236107834e-02
2.857545023046985762e+02 -4.229358652873386332e-03 -9.995011456860493707e-03
2.857701760226603938e+02 -4.233428850238531507e-03 -9.876262731131957295e-03
2.857858504209938815e+02 -4.238322467918807963e-03 -9.759419606936183683e-03
2.858015429942545325e+02 -4.246415997779066746e-03 -9.664694373151209300e-03
2.858330484026493536e+02 -4.266697277785625082e-03 -9.507121918957325488e-03
2.858488496412865629e+02 -4.279455752794207764e-03 -9.413460554128325053e-03
2.858646032226329794e+02 -4.288059002678607651e-03 -9.327338441988332340e-03
2.858803509431116368e+02 -4.301374726171333304e-03 -9.234986164163752620e-03
2.859117828665801540e+02 -4.323742350443735005e-03 -9.019481531010550834e-03
2.859275023622276990e+02 -4.332264205256803474e-03 -8.905034784487061289e-03
2.859432043971397093e+02 -4.343654368460372200e-03 -8.797534366388087487e-03
2.859746007363295348e+02 -4.360052967113989264e-03 -8.584047937666854783e-03
2.859902981400102249e+02 -4.367238997457087261e-03 -8.481294583961030906e-03
2.860060007688527435e+02 -4.373481335720289485e-03 -8.383281959697095470e-03
2.860217017905149532e+02 -4.378818294715466908e-03 -8.366326247869088420e-03
2.860531294723643327e+02 -4.390365418844994518e-03 -8.136755486578148289e-03
2.860688635000902877e+02 -4.394868111050270233e-03 -8.095749900321908346e-03
2.860845968940432726e+02 -4.399373478555823266e-03 -8.179216321127931108e-03
2.861003531196547556e+02 -4.402919345012520219e-03 -8.422024591727486631e-03
2.861319077119505891e+02 -4.402840334789872787e-03 -9.267400831295631580e-03
2.861476961658862024e+02 -4.403095435098185878e-03 -9.311241555621898799e-03
2.861634497258517627e+02 -4.400797419261144594e-03 -9.585770470330544010e-03
2.861949323927579485e+02 -4.397403486149515858e-03 -1.028981969629254312e-02
2.862106499410187439e+02 -4.396769632821767235e-03 -1.023542750929628750e-02
2.862263508035720747e+02 -4.394595166492456378e-03 -1.031437964808549525e-02
2.862420436504933150e+02 -4.391020031881775684e-03 -1.043322547528785157e-02
2.862734224717158895e+02 -4.382977422356728291e-03 -1.064847307933853258e-02
2.862891152671400050e+02 -4.378486778786922981e-03 -1.077933738726732753e-02
2.863048295134092882e+02 -4.373557850608065026e-03 -1.090616012410277474e-02
2.863205558160462374e+02 -4.368487582545512588e-03 -1.102243539710081287e-02
2.863520331477249101e+02 -4.355467172712482356e-03 -1.134238656101697711e-02
2.863677954761660089e+02 -4.347896136162175684e-03 -1.148847385624791710e-02
2.863835916824808123e+02 -4.340103433753599547e-03 -1.161733750292892262e-02
2.864151377265607721e+02 -4.323024133445927016e-03 -1.181908222825868958e-02
2.864308832795269382e+02 -4.314813869700143308e-03 -1.187990152922129700e-02
2.864466178842728254e+02 -4.306963910492368590e-03 -1.190358680002046726e-02
2.864623357208110974e+02 -4.299200273701279072e-03 -1.190216130607194868e-02
2.864937319095751036e+02 -4.284204451171544359e-03 -1.181247637461870989e-02
2.865094257939817908e+02 -4.275763679313055593e-03 -1.174620684008500018e-02
2.865251236871071683e+02 -4.268005723883262423e-03 -1.167059370937917687e-02
2.865408441289578150e+02 -4.260255766581056563e-03 -1.157491800701395714e-02
2.865722312410977679e+02 -4.246439877014742369e-03 -1.136716169052174111e-02
2.865878789741096853e+02 -4.242584202004820622e-03 -1.125634040408863071e-02
2.866035620923943270e+02 -4.236730976105189048e-03 -1.114554574805583752e-02
2.866350710575057974e+02 -4.228313837797676757e-03 -1.090660597823138629e-02
2.866507991593322799e+02 -4.228220497349783301e-03 -1.078668917858981516e-02
2.866664885704964831e+02 -4.223556077024565383e-03 -1.066805417827104176e-02
2.866821410632763332e+02 -4.223384885786013281e-03 -1.054480752564960697e-02
2.867134166607076509e+02 -4.224089088821651738e-03 -1.031113326251290908e-02
2.867290551177981683e+02 -4.226610305658475529e-03 -1.019287807416965203e-02
2.867447159800239547e+02 -4.229715560707007077e-03 -1.007626039168507681e-02
2.867603904352610016e+02 -4.232781845910742191e-03 -9.957240096947919325e-03
2.867917376450773759e+02 -4.243446624198186738e-03 -9.724377698185061175e-03
2.868074396184002808e+02 -4.251844831762521988e-03 -9.640477767884732957e-03
2.868231885475284457e+02 -4.259955227995061364e-03 -9.566311299644207969e-03
2.868547712154538658e+02 -4.283798791987384648e-03 -9.383800024006223525e-03
2.868705176348474311e+02 -4.296002633206012951e-03 -9.296865888252341115e-03
2.868862451286958049e+02 -4.305525087015534685e-03 -9.203095017774299072e-03
2.869019751278871126e+02 -4.317727521311695571e-03 -9.096078615714509388e-03
2.869333918439788249e+02 -4.339091144255098967e-03 -8.867720540553170744e-03
2.869490887880571108e+02 -4.349244425952325001e-03 -8.761813211603958554e-03
2.869647898358784914e+02 -4.355657367914799946e-03 -8.654169100974128115e-03
2.869804863057184434e+02 -4.363863181791213103e-03 -8.547710102525101286e-03
2.870118931895040646e+02 -4.379105613923912899e-03 -8.357948907068339303e-03
2.870275955106523043e+02 -4.384763326928306330e-03 -8.373175568557818943e-03
2.870433014211519094e+02 -4.390581348195406707e-03 -8.255315825125723872e-03
2.870747595355105659e+02 -4.397663962582437809e-03 -8.100123643070850782e-03
2.870905031834076340e+02 -4.402132532093640423e-03 -8.212527892521557377e-03
2.871062664049668456e+02 -4.402765366691148256e-03 -8.506824612616299339e-03
2.871220365660681182e+02 -4.404977453418382725e-03 -9.031684507182521568e-03
2.871536117408199402e+02 -4.402852737274331497e-03 -9.340839646475333422e-03
2.871693606884854262e+02 -4.402383697377791963e-03 -9.688178857674662608e-03
2.871851008295670908e+02 -4.400768757005741293e-03 -1.019341152097769966e-02
2.872008264279911600e+02 -4.398627880709102440e-03 -1.025697302546729750e-02
2.872322335174310979e+02 -4.393049877975955392e-03 -1.033280628079159130e-02
2.872479275279061994e+02 -4.391813181799477869e-03 -1.044534575466492948e-02
2.872636192468854119e+02 -4.389437295563920066e-03 -1.055276931907080627e-02
2.872950099176169374e+02 -4.380221602056706687e-03 -1.080467352311755523e-02
2.873107294485278658e+02 -4.377088048351635528e-03 -1.092545145520950993e-02
2.873264482863095850e+02 -4.367927761331818516e-03 -1.104320589490591885e-02
2.873421856688514140e+02 -4.362154693397764585e-03 -1.120139407824308729e-02
2.873737211306585664e+02 -4.347544753418489116e-03 -1.151110900325725064e-02
2.873895107355892264e+02 -4.338922829606104564e-03 -1.164223120881755988e-02
2.874052979024786509e+02 -4.329781145256310880e-03 -1.174766608561455400e-02
2.874210467418314465e+02 -4.324503668766117512e-03 -1.183291783185549950e-02
2.874525133200515938e+02 -4.306207822578829968e-03 -1.189896288810140396e-02
2.874682233083315737e+02 -4.297777861362276665e-03 -1.189034737263112811e-02
2.874839190884633240e+02 -4.289227886873410271e-03 -1.185148846946689448e-02
2.875153104713373864e+02 -4.275692027759978552e-03 -1.172570010876428613e-02
2.875310175902976084e+02 -4.268706189291192679e-03 -1.164214965922032857e-02
2.875467464211034212e+02 -4.261103014695896002e-03 -1.154496090936532431e-02
2.875624484780709622e+02 -4.254282877431770325e-03 -1.144353528862663248e-02
2.875937566345365326e+02 -4.242425062182077385e-03 -1.122551130278460520e-02
2.876094653926972455e+02 -4.240168708337132761e-03 -1.111582575098331999e-02
2.876252061026657429e+02 -4.236556977704827517e-03 -1.099791049716006448e-02
2.876409747807792883e+02 -4.232682659997885101e-03 -1.087189624115504800e-02
2.876723636547600336e+02 -4.227069513277443950e-03 -1.063278713023564984e-02
2.876880226597380101e+02 -4.225901115114439471e-03 -1.051147893831119035e-02
2.877036512423667318e+02 -4.224223012004559713e-03 -1.039540392620826557e-02
2.877349256043705736e+02 -4.228601945681438774e-03 -1.016064896269253288e-02
2.877505927204824729e+02 -4.231006727474236929e-03 -1.004015631131171919e-02
2.877662688948835807e+02 -4.235369624582221125e-03 -9.921850359755589321e-03
2.877819436593624118e+02 -4.242456822984577540e-03 -9.801740357078139385e-03
2.878133428930004243e+02 -4.259297098216418935e-03 -9.618693700843714001e-03
2.878291039307946448e+02 -4.267143514900586729e-03 -9.540338416210951758e-03
2.878449016041587356e+02 -4.277401406111945407e-03 -9.446851878656162618e-03
2.878606734992475253e+02 -4.289388427631272288e-03 -9.356916215243423623e-03
2.878921438205106256e+02 -4.310876371252000440e-03 -9.171585238385109723e-03
2.879078596277258839e+02 -4.321989378338342465e-03 -9.060650719117734064e-03
2.879235723359333292e+02 -4.333621059732313888e-03 -8.945948106235921543e-03
2.879549757493637117e+02 -4.351058671916149985e-03 -8.729120337753491776e-03
2.879706720447705379e+02 -4.360566882221253264e-03 -8.620807850906048175e-03
2.879863699537261823e+02 -4.366559579228237314e-03 -8.518297806900654995e-03
2.880020734203288839e+02 -4.372650109922540315e-03 -8.413918058223104554e-03
2.880334802714174316e+02 -4.387158423566314344e-03 -8.366866826844445923e-03
2.880491970038571026e+02 -4.394028060898242521e-03 -8.193088529057666880e-03
2.880649319432172888e+02 -4.397148654558684193e-03 -8.087959938449927610e-03
2.880806564841805084e+02 -4.401129538208141401e-03 -8.113028396633930120e-03
2.881121738389863367e+02 -4.405808692682597685e-03 -8.614585364164610917e-03
2.881279629591051048e+02 -4.407873044109392874e-03 -9.146949250661538106e-03
2.881437436360263291e+02 -4.406333130139331727e-03 -9.236318472921868639e-03
2.881752616508086362e+02 -4.402741749728198740e-03 -9.810215253240470862e-03
2.881910014048292510e+02 -4.402942201379866742e-03 -1.024461618837931715e-02
2.882067231060675567e+02 -4.399802177435773072e-03 -1.023247161849026587e-02
2.882224237071875450e+02 -4.398163683110303639e-03 -1.024257744227850646e-02
2.882538085103003027e+02 -4.391157783983152402e-03 -1.046368467629727080e-02
2.882694993151625340e+02 -4.387291819003148914e-03 -1.057592725366296796e-02
2.882851917549834866e+02 -4.383799509270227407e-03 -1.070319950610888575e-02
2.883008995922879762e+02 -4.380851553306463857e-03 -1.083083690014201121e-02
2.883323448358085557e+02 -4.368961960651545490e-03 -1.106674875047038847e-02
2.883480941428236974e+02 -4.363360398172585336e-03 -1.123788107005159811e-02
2.883638536926172264e+02 -4.353806068112627513e-03 -1.140415811311751987e-02
2.883954328004930403e+02 -4.339721325848610624e-03 -1.166329006635804209e-02
2.884111997836986916e+02 -4.332049789820976125e-03 -1.176305947446606992e-02
2.884269483864749759e+02 -4.321217641971546695e-03 -1.184386724178985474e-02
2.884426878193138464e+02 -4.314902076318880703e-03 -1.188209479670938699e-02
2.884741109192620456e+02 -4.298532863508446045e-03 -1.187820984414389262e-02
2.884898037831401325e+02 -4.290536710410461536e-03 -1.183235772882865709e-02
2.885054980709275014e+02 -4.281761360170150896e-03 -1.176868987861637468e-02
2.885211930264859461e+02 -4.273638154591312584e-03 -1.170429436705624181e-02
2.885526384852156525e+02 -4.259400750383392567e-03 -1.151871129874545638e-02
2.885683232698068537e+02 -4.251296631948928845e-03 -1.141691755197208648e-02
2.885839726860909309e+02 -4.247401670805317150e-03 -1.130962786973738372e-02
2.886153618978377722e+02 -4.239714079401126628e-03 -1.108810192004465282e-02
2.886311275217965999e+02 -4.239228453537476071e-03 -1.096648512581498668e-02
2.886468734994955980e+02 -4.232800407218643458e-03 -1.084231782153162807e-02
2.886625736404365625e+02 -4.228213688073832049e-03 -1.072388100037654363e-02
2.886938888034312640e+02 -4.229371677092513132e-03 -1.048107878239414557e-02
2.887095155274914760e+02 -4.229415472703978648e-03 -1.036365785388118459e-02
2.887251489577919870e+02 -4.229998797541306872e-03 -1.024465860120598454e-02
2.887408025277078423e+02 -4.231778069291811280e-03 -1.012804949069668128e-02
2.887721475394254185e+02 -4.239911115762086402e-03 -9.886758637374041397e-03
2.887878237740756049e+02 -4.244508330926909274e-03 -9.768191841401078004e-03
2.888035176891953029e+02 -4.250965479204766792e-03 -9.671334101599680239e-03
2.888350277310720458e+02 -4.272643341710170156e-03 -9.514188020313292526e-03
2.888508283376346526e+02 -4.283726723544150662e-03 -9.419246754582792994e-03
2.888665765150353195e+02 -4.293367335823534969e-03 -9.332694544083919297e-03
2.888823174926084221e+02 -4.305911256873037538e-03 -9.240825049353558820e-03
2.889137437735243452e+02 -4.326679481057683213e-03 -9.026147366851705253e-03
2.889294618896496445e+02 -4.337585130959292594e-03 -8.911540145279884390e-03
2.889451613914361019e+02 -4.347036595933118260e-03 -8.803107878800529862e-03
2.889608613642564592e+02 -4.358567128989859416e-03 -8.696357569665642828e-03
2.889922592819874012e+02 -4.371928723570700503e-03 -8.485569365997213537e-03
2.890079612647273848e+02 -4.378524363165932180e-03 -8.385321990765019773e-03
2.890236615070584207e+02 -4.384027686407571817e-03 -8.357999240616221029e-03
2.890550922729590297e+02 -4.394966413408977340e-03 -8.142480199176526517e-03
2.890708262455652289e+02 -4.399993798943019861e-03 -8.084137478694020107e-03
2.890865610811614488e+02 -4.404728206974187904e-03 -8.130148635483693681e-03
2.891023198988119134e+02 -4.405549513332167495e-03 -8.311927241825330798e-03
2.891338764148943596e+02 -4.407374818116046623e-03 -9.209468324586857560e-03
2.891496668583124006e+02 -4.408674685535027629e-03 -9.223762219248934913e-03
2.891654159421782424e+02 -4.404662117922250250e-03 -9.478370223749813667e-03
2.891811604649771539e+02 -4.403821337558721898e-03 -9.929784253081511136e-03
2.892126097631009998e+02 -4.400663005979468627e-03 -1.021033171199742066e-02
2.892283071248808142e+02 -4.400018028307009846e-03 -1.025125883791160215e-02
2.892440026467210146e+02 -4.397241852766222737e-03 -1.037223109465965770e-02
2.892753823279600169e+02 -4.389269339595878658e-03 -1.059802831843098016e-02
2.892910756850392886e+02 -4.385102606862699946e-03 -1.072901947592726918e-02
2.893067927190670616e+02 -4.379823617876434615e-03 -1.085400890660168961e-02
2.893225169256152753e+02 -4.374084565026786948e-03 -1.096009383451025318e-02
2.893540016336744998e+02 -4.359653580926794308e-03 -1.128058305813780214e-02
2.893697648339037301e+02 -4.354303889177554843e-03 -1.143358333530019623e-02
2.893855608380771969e+02 -4.345674590758857522e-03 -1.156732315905160957e-02
2.894013529337411796e+02 -4.339174707643244679e-03 -1.168602768770713590e-02
2.894328483438793569e+02 -4.321475313723109959e-03 -1.185493102901750279e-02
2.894485792399934780e+02 -4.313225990488264716e-03 -1.188556396071799998e-02
2.894642954731577333e+02 -4.304161241121383201e-03 -1.189263193706054100e-02
2.894956882665079547e+02 -4.290740951946324204e-03 -1.181513038814256331e-02
2.895113849285105516e+02 -4.282783839327403662e-03 -1.175202998531533517e-02
2.895270825159671517e+02 -4.274296840444609218e-03 -1.168295943155447242e-02
2.895428019820913619e+02 -4.267238185497831092e-03 -1.158966361445749362e-02
2.895741920229893367e+02 -4.251300609942020026e-03 -1.139038572551825598e-02
2.895898437703396553e+02 -4.248610356863955807e-03 -1.128196627056324633e-02
2.896055368113524651e+02 -4.241401054716051680e-03 -1.117302159344687150e-02
2.896212611667527881e+02 -4.240509498814005671e-03 -1.105935491923929273e-02
2.896527675095986751e+02 -4.235597336461218929e-03 -1.081337952605620524e-02
2.896684546129135356e+02 -4.231039142719243348e-03 -1.069216751718425618e-02
2.896841052526563089e+02 -4.230538073470609638e-03 -1.056855643525072413e-02
2.897153746374175967e+02 -4.229786876995151115e-03 -1.033190715107358375e-02
2.897310153305576250e+02 -4.231079335776686406e-03 -1.021130679293666410e-02
2.897466779277615956e+02 -4.235013267073348825e-03 -1.009274789353274346e-02
2.897623532680941025e+02 -4.239513670148355520e-03 -9.973209273980841727e-03
2.897937095164404013e+02 -4.248829156087518752e-03 -9.737412001960425723e-03
2.898094110596483119e+02 -4.257686236580765504e-03 -9.649357201366035724e-03
2.898251601217874622e+02 -4.265712458247198496e-03 -9.575504382520525978e-03
2.898409485547820736e+02 -4.274731642899765038e-03 -9.487331515302645929e-03
2.898724882710731094e+02 -4.299083553778023856e-03 -9.305897134546247881e-03
2.898882076097333425e+02 -4.307828873506302537e-03 -9.213230313638085325e-03
2.899039315332053661e+02 -4.319022171258432401e-03 -9.106581610256837128e-03
2.899353449051327516e+02 -4.341753519986103933e-03 -8.879063853301708345e-03
2.899510401460241837e+02 -4.352012483184774030e-03 -8.772066977912376315e-03
2.899667402785519243e+02 -4.358902815940561212e-03 -8.664296403186401083e-03
2.899824378461291872e+02 -4.365454848675615410e-03 -8.557383292207853404e-03
2.900138447856808170e+02 -4.381957772832793113e-03 -8.359218767906691216e-03
2.900295486035537351e+02 -4.389239184864536514e-03 -8.366137867818965179e-03
2.900452598920962259e+02 -4.394048318292376187e-03 -8.272314582583800008e-03
2.900609893356494240e+02 -4.400472312201907446e-03 -8.107533040728372165e-03
2.900924645498921564e+02 -4.404975526100429056e-03 -8.150686906115468117e-03
2.901082268046559989e+02 -4.407933443768649595e-03 -8.381916423034565383e-03
2.901240066888950651e+02 -4.408755001828379774e-03 -8.888273024249533291e-03
2.901555720411024595e+02 -4.405840590229629337e-03 -9.239577920803819164e-03
2.901713185674411193e+02 -4.407789793097552540e-03 -9.576305553516425637e-03
2.901870607649047997e+02 -4.404855366765715076e-03 -1.003553148722713916e-02
2.902027828633899844e+02 -4.402582999711496248e-03 -1.024476194082578340e-02
2.902341856250380374e+02 -4.397387763795100948e-03 -1.026542069452428610e-02
2.902498796961666017e+02 -4.395214220985814435e-03 -1.038605928685606278e-02
2.902655717269000206e+02 -4.393098687354038932e-03 -1.049861887145169329e-02
2.902812630300372234e+02 -4.390363138116328695e-03 -1.062284427393624456e-02
2.903126875675159226e+02 -4.381201608312599444e-03 -1.087485370420960933e-02
2.903284041372473325e+02 -4.373564279378595702e-03 -1.098388245624152063e-02
2.903441466122303041e+02 -4.366885588610847600e-03 -1.114117941385405972e-02
2.903756903674010914e+02 -4.353472267662358147e-03 -1.146694369701433541e-02
2.903914745267383068e+02 -4.344494713262749171e-03 -1.160213000845224628e-02
2.904072572245439119e+02 -4.335966257420588443e-03 -1.171766286901651348e-02
2.904230058736531532e+02 -4.329315326536175082e-03 -1.181535998130836193e-02
2.904544708841067973e+02 -4.311477227279141011e-03 -1.189855724938485536e-02
2.904701768169602474e+02 -4.304168882680496980e-03 -1.189792256310216387e-02
2.904858715356952530e+02 -4.295233549581416697e-03 -1.186537821338438589e-02
2.905015670806262733e+02 -4.287025631501120357e-03 -1.180930613290675016e-02
2.905329659273419907e+02 -4.273131575319024517e-03 -1.167309425681243781e-02
2.905486959911506801e+02 -4.266467049981262534e-03 -1.157580674624382640e-02
2.905644045888894311e+02 -4.257103444243846499e-03 -1.147940375363958043e-02
2.905800577235966102e+02 -4.251223808249191688e-03 -1.137493984742102456e-02
2.906114327311242960e+02 -4.245400694999333993e-03 -1.115621057183129559e-02
2.906271753163278504e+02 -4.242604765288122450e-03 -1.103839739753909900e-02
2.906429401375023645e+02 -4.238274185064036352e-03 -1.091163815138890790e-02
2.906743259199149065e+02 -4.232621500710306330e-03 -1.066787844705986352e-02
2.906899849040976278e+02 -4.231170163846339517e-03 -1.054579403364034294e-02
2.907056125832745579e+02 -4.229458109336075959e-03 -1.042768678774225015e-02
2.907212376715749542e+02 -4.231201213008386509e-03 -1.030618561539232633e-02
2.907525549575286732e+02 -4.236054610745447653e-03 -1.006678570981828572e-02
2.907682335952877111e+02 -4.239076645878695621e-03 -9.946627419679381077e-03
2.907839128759055711e+02 -4.244243512202995269e-03 -9.825907346803258030e-03
2.908153160177551513e+02 -4.261822503634161464e-03 -9.633908640129735731e-03
2.908310774061388315e+02 -4.268699433183440438e-03 -9.558613800972530147e-03
2.908468776088885193e+02 -4.279696134181747678e-03 -9.465809376044900456e-03
2.908626409282830423e+02 -4.288946867854769897e-03 -9.374331888359515794e-03
2.908941083560970924e+02 -4.312329067190603070e-03 -9.189751833404693690e-03
2.909098143774968435e+02 -4.323979537125621254e-03 -9.079839793028685394e-03
2.909255291579413552e+02 -4.332502368331251144e-03 -8.965612812165148909e-03
2.909412307590020532e+02 -4.344872901172224140e-03 -8.853555911447093946e-03
2.909726247142239117e+02 -4.361110380977173059e-03 -8.638808572340558184e-03
2.909883232245590534e+02 -4.367974874216463271e-03 -8.533444803698518599e-03
2.910040270499277995e+02 -4.374130679203768260e-03 -8.427723736051257949e-03
2.910354340439913017e+02 -4.386507103584404502e-03 -8.368088495537216384e-03
2.910511541808546099e+02 -4.393842508941377990e-03 -8.220068443444484771e-03
2.910668881991037438e+02 -4.397212923200705288e-03 -8.090799544937766000e-03
2.910826179300502758e+02 -4.402039745921530224e-03 -8.090755347279220827e-03
2.911141360363914146e+02 -4.405913970989923899e-03 -8.477344602692050285e-03
2.911299283681840961e+02 -4.408244661186304890e-03 -9.031894901125154043e-03
2.911457116163191472e+02 -4.407821126303011587e-03 -9.203454258249131950e-03
2.911614725480572474e+02 -4.407204153034926380e-03 -9.297021625193500199e-03
2.911929581258594908e+02 -4.403866721479244607e-03 -1.013009514288132004e-02
2.912086785197470817e+02 -4.402937984889723592e-03 -1.022615068726734355e-02
2.912243794452849670e+02 -4.400168767752753174e-03 -1.019622678588035826e-02
2.912400707432405511e+02 -4.397689854237246676e-03 -1.028668518745045127e-02
2.912714523235243860e+02 -4.389684122829592451e-03 -1.052059659131090660e-02
2.912871448790888280e+02 -4.385643861982113992e-03 -1.065046086828934889e-02
2.913028561149978941e+02 -4.382030244143949281e-03 -1.078260685994843031e-02
2.913343054211123899e+02 -4.371239665768755084e-03 -1.101275051212823562e-02
2.913500550650565515e+02 -4.366014898347553991e-03 -1.118571805461892818e-02
2.913658148252785622e+02 -4.356141446122023878e-03 -1.136478011646797209e-02
2.913816098653579161e+02 -4.349835066389359101e-03 -1.150141124167665743e-02
2.914131594695405738e+02 -4.333547354984708389e-03 -1.175011717432112267e-02
2.914289070232383096e+02 -4.323834069214408868e-03 -1.183965498188995109e-02
2.914446447111524776e+02 -4.317052420146866992e-03 -1.188666323933167124e-02
2.914603633456237048e+02 -4.310293817713803551e-03 -1.190729821607688747e-02
2.914917591615774768e+02 -4.293416458788151986e-03 -1.185938505867610397e-02
2.915074517438765156e+02 -4.285027836889848500e-03 -1.179893956184346546e-02
2.915231449135094977e+02 -4.276960704361581871e-03 -1.173814659982722400e-02
2.915545909199145740e+02 -4.261393892096270591e-03 -1.155842876002759548e-02
2.915702789037151774e+02 -4.255048220642525941e-03 -1.145920189230057243e-02
2.915859316273989634e+02 -4.249802031318628687e-03 -1.135419860548827868e-02
2.916016074949197332e+02 -4.247079324989480598e-03 -1.124486328340611706e-02
2.916330961482722159e+02 -4.239365638849688575e-03 -1.101163759449041643e-02
2.916488447504306691e+02 -4.235778751081194574e-03 -1.088706357732475115e-02
2.916645416281381813e+02 -4.230464498810864761e-03 -1.076505432290452910e-02
2.916801954295847281e+02 -4.230131138019492358e-03 -1.063883989249176688e-02
2.917114760188002265e+02 -4.231237569102884281e-03 -1.039838710277124836e-02
2.917271089490475902e+02 -4.232776138316371971e-03 -1.027690746620436336e-02
2.917427676891128385e+02 -4.233317825794845161e-03 -1.015813225372336724e-02
2.917741171431795237e+02 -4.240579582479198952e-03 -9.914381452090038904e-03
2.917897961793333934e+02 -4.245390610207708942e-03 -9.794376681534523732e-03
2.918054911230798325e+02 -4.251659961921881205e-03 -9.692946935124957530e-03
2.918212246447419034e+02 -4.258972809927574418e-03 -9.615457672799686620e-03
2.918528038520094583e+02 -4.281687141790843122e-03 -9.439648467378890934e-03
2.918685490094821944e+02 -4.292544398835471293e-03 -9.351849021600381826e-03
2.918842811924824332e+02 -4.303560904724786085e-03 -9.261249222147450652e-03
2.919000082841733388e+02 -4.315339659757214640e-03 -9.159742832937144835e-03
2.919314175957685507e+02 -4.335936081978936096e-03 -8.933181655059827669e-03
2.919471141082503891e+02 -4.345230046683015365e-03 -8.822830920696203560e-03
2.919628149178142280e+02 -4.354423019689522209e-03 -8.715783297912208308e-03
2.919942140338588388e+02 -4.370684034891519042e-03 -8.501717342335167807e-03
2.920099194272758609e+02 -4.376661701323086850e-03 -8.398031624445053203e-03
2.920256186749783183e+02 -4.382655353904685996e-03 -8.347826008333921258e-03
2.920413245599501693e+02 -4.388827833323135849e-03 -8.346744373783967011e-03
2.920727848958130153e+02 -4.397727857660372990e-03 -8.081432066266120567e-03
2.920885238830340995e+02 -4.402894662131211050e-03 -8.100882309763671532e-03
2.921042858083813485e+02 -4.402374006430532019e-03 -8.228912513135270071e-03
2.921200520263037106e+02 -4.405719001970793969e-03 -8.595066507028795849e-03
2.921516314311953693e+02 -4.406346343922081139e-03 -9.180939208124841086e-03
2.921673797882168060e+02 -4.403169001994031856e-03 -9.370658016422535666e-03
2.921831221366950899e+02 -4.402977604310482490e-03 -9.797240874982612868e-03
2.922145659851420874e+02 -4.398408604799479947e-03 -1.020200250354470761e-02
2.922302623183700234e+02 -4.397772592125149572e-03 -1.020260822737076127e-02
2.922459563860243748e+02 -4.396452715967860865e-03 -1.031125961809529167e-02
2.922616500021712795e+02 -4.393324746013805952e-03 -1.043048218918240372e-02
2.922930343495299894e+02 -4.384986669558715335e-03 -1.068116600784603867e-02
2.923087534064060264e+02 -4.380731758528250315e-03 -1.080769787710003822e-02
2.923244743250552347e+02 -4.373081725129400119e-03 -1.091226490733276412e-02
2.923402069221555735e+02 -4.368248024081969848e-03 -1.104233211069523095e-02
2.923717328081187929e+02 -4.353833842730242890e-03 -1.139852865554781373e-02
2.923875273772680998e+02 -4.345041597915667506e-03 -1.153337241203544750e-02
2.924033177386323246e+02 -4.337256720557710991e-03 -1.165910484500261475e-02
2.924348105565255196e+02 -4.321618790889901474e-03 -1.185707438033023475e-02
2.924505379112321179e+02 -4.313201907035479725e-03 -1.189511486211103884e-02
2.924662511504230338e+02 -4.304024994724007201e-03 -1.190904053658062810e-02
2.924819473660013500e+02 -4.296547716220382000e-03 -1.189221177527130351e-02
2.925133377701477571e+02 -4.283134754129680651e-03 -1.178607231318034784e-02
2.925290361796718912e+02 -4.274966531480132309e-03 -1.172445732857277552e-02
2.925447559331691423e+02 -4.267269977357315489e-03 -1.163227414231121290e-02
2.925604801627111442e+02 -4.261557200546008638e-03 -1.153840583931774189e-02
2.925918075410882011e+02 -4.247797466951743102e-03 -1.133142158740823788e-02
2.926075095952273273e+02 -4.242475658875152246e-03 -1.122186525486188954e-02
2.926232332782822141e+02 -4.240790208888345347e-03 -1.110805401926783995e-02
2.926547409683249157e+02 -4.235353569650080439e-03 -1.085918579048686036e-02
2.926704245089040342e+02 -4.231171683813751000e-03 -1.073509799864122601e-02
2.926860767190682395e+02 -4.230426136720292010e-03 -1.060912345974246267e-02
2.927017135158991437e+02 -4.227746972086345555e-03 -1.049084876868356525e-02
2.927329809920606749e+02 -4.229466842185241986e-03 -1.024583080270607786e-02
2.927486459345114440e+02 -4.232283033347094929e-03 -1.012432987486716444e-02
2.927643243767981858e+02 -4.237194910689641436e-03 -1.000364148094381490e-02
2.927800044466714553e+02 -4.242641411053769268e-03 -9.880223696413609549e-03
2.928113905794894549e+02 -4.256167179130722344e-03 -9.670014482693769717e-03
2.928271393873934585e+02 -4.263172809707329800e-03 -9.595827858615993758e-03
2.928429291950283186e+02 -4.271210277124150127e-03 -9.509544864295661065e-03
2.928744649644071956e+02 -4.294403856435338902e-03 -9.325982628210051709e-03
2.928901776680154398e+02 -4.303590557911569740e-03 -9.234029862500239133e-03
2.929058950726860644e+02 -4.314023950466512949e-03 -9.127085326643110189e-03
2.929215995470050871e+02 -4.328570952443551445e-03 -9.014632487779439957e-03
2.929529994652203300e+02 -4.345762105925195240e-03 -8.792213819308907288e-03
2.929686982234265997e+02 -4.354720689643753855e-03 -8.684623496849792901e-03
2.929843963524444348e+02 -4.360698434678646034e-03 -8.578099106003407928e-03
2.930001006888522852e+02 -4.367637556324925098e-03 -8.471028712919242976e-03
2.930315079450164717e+02 -4.384655736825016255e-03 -8.361796438435552953e-03
2.930472243586486911e+02 -4.390145054086641227e-03 -8.301320310927834747e-03
2.930629558095737366e+02 -4.395227861410642284e-03 -8.125715143027116560e-03
2.930944344537461461e+02 -4.400664663172238790e-03 -8.115475473236287429e-03
2.931101964784651273e+02 -4.404287290675531173e-03 -8.285860440718707115e-03
2.931259829717675416e+02 -4.405708631003123384e-03 -8.737619623503804431e-03
2.931417612581104777e+02 -4.404184472468179387e-03 -9.203804519142469789e-03
2.931732850911493529e+02 -4.403464040754977681e-03 -9.463773611057936866e-03
2.931890279283945802e+02 -4.401935123688252398e-03 -9.904380735817723547e-03
2.932047473375054096e+02 -4.399125361701773824e-03 -1.021510534742144614e-02
2.932204520689140281e+02 -4.397931528382696860e-03 -1.018105930113573539e-02
2.932518391743780626e+02 -4.391825958239431622e-03 -1.033294187306245220e-02
2.932675311562994125e+02 -4.388925606857543502e-03 -1.045448898111313654e-02
2.932832231070150897e+02 -4.386586710559679282e-03 -1.057966300608604616e-02
2.933146534540263133e+02 -4.376492200334028068e-03 -1.083146677480668375e-02
2.933303688221709535e+02 -4.371531037636864660e-03 -1.093408270092693403e-02
2.933461160071546487e+02 -4.364831552520786508e-03 -1.108139470571031272e-02
2.933618757538636714e+02 -4.357701440628991042e-03 -1.127309808391497095e-02
2.933934476720008320e+02 -4.342906327516379145e-03 -1.156062725294449735e-02
2.934092236266133114e+02 -4.335416925452602495e-03 -1.168546631078665535e-02
2.934249729251246777e+02 -4.325913845792715186e-03 -1.179703703298130499e-02
2.934407143912384868e+02 -4.319345392050671049e-03 -1.186401233619018870e-02
2.934721382120410453e+02 -4.302840023984865793e-03 -1.190171419152671536e-02
2.934878320165785226e+02 -4.294297446630517164e-03 -1.187678298619650012e-02
2.935035268342828090e+02 -4.285673526516531155e-03 -1.182643794989062143e-02
2.935349225604558114e+02 -4.270339550795468862e-03 -1.170086751989287549e-02
2.935506555987282695e+02 -4.264787848520940061e-03 -1.160457816075210341e-02
2.935663641529751544e+02 -4.254881383070264166e-03 -1.151122567413153004e-02
2.935820234823795545e+02 -4.250315123250010194e-03 -1.140947899561951979e-02
2.936134086049416396e+02 -4.242533284761512702e-03 -1.119321595969624376e-02
2.936291555081301681e+02 -4.241648917469296488e-03 -1.107589709559219683e-02
2.936449182797739468e+02 -4.236324432011990063e-03 -1.095047155079387560e-02
2.936606330785245973e+02 -4.232509177034700885e-03 -1.082719560109231260e-02
2.936919542575985247e+02 -4.229489860751060176e-03 -1.057650566348124904e-02
2.937075841585954663e+02 -4.228330984442051944e-03 -1.045723643710348184e-02
2.937232087063784434e+02 -4.228910732954888410e-03 -1.033265477273294548e-02
2.937545282372582847e+02 -4.233858630419006126e-03 -1.008891772207152343e-02
2.937702081181940343e+02 -4.236524490291060548e-03 -9.966666518007283662e-03
2.937858897660865978e+02 -4.240374900908549030e-03 -9.844683046497534895e-03
2.938015796263117068e+02 -4.247340839906920545e-03 -9.732690947417663857e-03
2.938330627776161350e+02 -4.264283164325651833e-03 -9.572161655262083346e-03
2.938488617842326676e+02 -4.275774791624997739e-03 -9.478687851032341349e-03
2.938646183980227988e+02 -4.283770349095617977e-03 -9.386878601113526552e-03
2.938803627070607263e+02 -4.297118410648034618e-03 -9.298329833536624414e-03
2.939117800882938241e+02 -4.318651021058686652e-03 -9.091685319668278351e-03
2.939274946255454211e+02 -4.327498982176025341e-03 -8.979272128623025373e-03
2.939431921969211317e+02 -4.339006712666028907e-03 -8.866254753605119776e-03
2.939745882687732319e+02 -4.356236059935153504e-03 -8.651701016343276915e-03
2.939902865053503547e+02 -4.363741973685479440e-03 -8.544157692234276985e-03
2.940059905415257049e+02 -4.370469189165488051e-03 -8.438072420277395805e-03
2.940216921751174937e+02 -4.376154553506373703e-03 -8.350416163362600619e-03
2.940531209782442374e+02 -4.388513446647513382e-03 -8.240249300308744723e-03
2.940688559157723603e+02 -4.393587374163892591e-03 -8.096229558920656211e-03
2.940845898935792775e+02 -4.398451868896918228e-03 -8.078424259759235670e-03
2.941003467866019605e+02 -4.402516180818705910e-03 -8.131768669015541906e-03
2.941319021951786112e+02 -4.403565882034274521e-03 -8.890359865775793527e-03
2.941476899209621934e+02 -4.404301721710315864e-03 -9.203388908505904034e-03
2.941634421350215689e+02 -4.402478249066526551e-03 -9.198549091817838363e-03
2.941949241177177896e+02 -4.399979929300326838e-03 -9.999392839347006137e-03
2.942106415275778204e+02 -4.399882511869075696e-03 -1.020905114540810073e-02
2.942263427967979510e+02 -4.398203105636593058e-03 -1.016624286913154519e-02
2.942420361871375576e+02 -4.395112388216957343e-03 -1.022929018868169899e-02
2.942734157846325616e+02 -4.387912949019205124e-03 -1.047726907955295710e-02
2.942891087073288645e+02 -4.383830309356933318e-03 -1.060533006342842532e-02
2.943048230510896133e+02 -4.379306587847568710e-03 -1.073957003117658425e-02
2.943205489048464756e+02 -4.374633658386068054e-03 -1.085136209646076974e-02
2.943520260655571406e+02 -4.362278953263218177e-03 -1.112497782334778522e-02
2.943677877532895195e+02 -4.354964117564499165e-03 -1.131308635601566137e-02
2.943835834511703524e+02 -4.347483022960157290e-03 -1.145980273869994133e-02
2.944151305875707862e+02 -4.330928920996079262e-03 -1.171462818523067752e-02
2.944308763103367141e+02 -4.322961029113009911e-03 -1.181638121641846728e-02
2.944466109676648671e+02 -4.315358237967370676e-03 -1.187082848954845206e-02
2.944623283455770206e+02 -4.307762363767472444e-03 -1.189686363579766162e-02
2.944937234191969537e+02 -4.292964679809277255e-03 -1.186272615453305528e-02
2.945094170354762468e+02 -4.284383734231064951e-03 -1.180657088627394199e-02
2.945251084024919805e+02 -4.276727275622615142e-03 -1.175185117711122391e-02
2.945408164092697803e+02 -4.268907571332921681e-03 -1.167085003575885592e-02
2.945722431715682887e+02 -4.254870167765244411e-03 -1.148423450486709026e-02
2.945879026601588180e+02 -4.250388927104086986e-03 -1.138164879821257879e-02
2.946035927465744635e+02 -4.243358046634141019e-03 -1.127416723285718479e-02
2.946350775932706938e+02 -4.236935157727304141e-03 -1.104299061389248625e-02
2.946508239968356406e+02 -4.235141548252153304e-03 -1.091853186353314124e-02
2.946665206285623526e+02 -4.229482631465004971e-03 -1.079352794959823059e-02
2.946821715399856316e+02 -4.228922953808444962e-03 -1.066463449503002314e-02
2.947134481333241638e+02 -4.227976610394044814e-03 -1.042183467133467323e-02
2.947290821142852906e+02 -4.229170758344740280e-03 -1.029609858936888188e-02
2.947447414800661818e+02 -4.231481347300829199e-03 -1.017505226238602477e-02
2.947604192384912949e+02 -4.233755665947163370e-03 -1.005240121420648489e-02
2.947917791742165150e+02 -4.242144916915061882e-03 -9.808162465271311539e-03
2.948074758910809123e+02 -4.249087355602322244e-03 -9.702962473226642640e-03
2.948232109508405756e+02 -4.255905458103215883e-03 -9.622123551135839878e-03
2.948547879315196951e+02 -4.277075926566673188e-03 -9.447946819368842342e-03
2.948705337907367721e+02 -4.288141389042170529e-03 -9.358742557525591421e-03
2.948862570449433633e+02 -4.297343618407771515e-03 -9.270007086004821567e-03
2.949019797314509219e+02 -4.309267537750547522e-03 -9.167790183359775594e-03
2.949333839513325870e+02 -4.330640559538720229e-03 -8.943276239033884703e-03
2.949490774136632467e+02 -4.341413202647298811e-03 -8.831295211858816371e-03
2.949647782711092532e+02 -4.348355918053608757e-03 -8.724460106024893580e-03
2.949804754102877382e+02 -4.357007667443211357e-03 -8.615374996560266896e-03
2.950118846901959273e+02 -4.373051077189946470e-03 -8.402040739923399837e-03
2.950275875727164703e+02 -4.379037046896264336e-03 -8.339086542928994192e-03
2.950432943223970597e+02 -4.385335785925842389e-03 -8.350416890577782789e-03
2.950747539167913374e+02 -4.393374692851494297e-03 -8.077401271226278962e-03
2.950904982357686777e+02 -4.398280332169035405e-03 -8.076367992522719488e-03
2.951062623001347447e+02 -4.399488843035851207e-03 -8.155409937660366634e-03
2.951220336191409501e+02 -4.402306347525044260e-03 -8.448408799824171436e-03
2.951536069940729590e+02 -4.401252249350190264e-03 -9.174569539134867432e-03
2.951693547541277098e+02 -4.401320946644573726e-03 -9.252794188369418971e-03
2.951850946623789582e+02 -4.400175009442877996e-03 -9.661823717894908389e-03
2.952008200775215983e+02 -4.398593188462454964e-03 -1.007943693870605277e-02
2.952322277398426991e+02 -4.393954003339416679e-03 -1.015555280681263058e-02
2.952479223068105512e+02 -4.393207629262251349e-03 -1.024555115492585544e-02
2.952636144157797844e+02 -4.391272192459298382e-03 -1.037494853765855846e-02
2.952950054030848150e+02 -4.382958723357172938e-03 -1.063016001703874502e-02
2.953107248121117436e+02 -4.380230975610735142e-03 -1.076253686245585463e-02
2.953264431467163718e+02 -4.371468523583907015e-03 -1.087305634716827923e-02
2.953421805204228008e+02 -4.366052468126956944e-03 -1.099412406506263679e-02
2.953737148433569359e+02 -4.352062873660269421e-03 -1.135748023054876550e-02
2.953895044112204573e+02 -4.343686447721697638e-03 -1.150026520068137860e-02
2.954052921080335068e+02 -4.334838024606208276e-03 -1.163162863769618381e-02
2.954210415411788517e+02 -4.329832702796082219e-03 -1.175724693182845886e-02
2.954525080986649641e+02 -4.312002940273844571e-03 -1.189474950063796818e-02
2.954682175405329758e+02 -4.303750763200669613e-03 -1.191393863167351103e-02
2.954839126725524920e+02 -4.295323584451751081e-03 -1.190391993751467592e-02
2.955153032504654789e+02 -4.281762197540694460e-03 -1.180759953063171934e-02
2.955309982301916421e+02 -4.274902518118499188e-03 -1.175220134552248767e-02
2.955467206375298019e+02 -4.266992221719121195e-03 -1.166172761330326775e-02
2.955624460933071305e+02 -4.260540227798261317e-03 -1.157124916132505621e-02
2.955937863628537343e+02 -4.245782605187542469e-03 -1.136870415465313609e-02
2.956094942307815359e+02 -4.243122837093855383e-03 -1.126050616343159810e-02
2.956252185534801242e+02 -4.240021913362850697e-03 -1.114735543387368813e-02
2.956409940795314810e+02 -4.236541518122602032e-03 -1.102326984119295084e-02
2.956724049273698824e+02 -4.229095096380475205e-03 -1.077035226906176285e-02
2.956880624566343272e+02 -4.227270700467191181e-03 -1.064288688590977160e-02
2.957036937010033739e+02 -4.223884140999323994e-03 -1.052343103286782801e-02
2.957349606937411295e+02 -4.226232543797842599e-03 -1.027495289225359432e-02
2.957506280059672576e+02 -4.228002825587049915e-03 -1.015013026608053807e-02
2.957663089332997970e+02 -4.231240156150736266e-03 -1.002795705938976968e-02
2.957819923172534118e+02 -4.236842374601768220e-03 -9.903479679709687594e-03
2.958133871532352828e+02 -4.250804303741709256e-03 -9.685632697567321189e-03
2.958291347874963435e+02 -4.256809992645413203e-03 -9.610175446348880046e-03
2.958449251925479189e+02 -4.265230556520475599e-03 -9.526522431902339355e-03
2.958607024193199777e+02 -4.276272788913597009e-03 -9.429173452373294101e-03
2.958921645106490814e+02 -4.296838698924241272e-03 -9.250620512191986070e-03
2.959078732831400771e+02 -4.307883169039475324e-03 -9.144386158033264433e-03
2.959235799968805622e+02 -4.319323551731298581e-03 -9.033166397667472328e-03
2.959549747263261565e+02 -4.337432162416683841e-03 -8.808711175428909565e-03
2.959706713279493329e+02 -4.347420935596057502e-03 -8.701318944280148418e-03
2.959863697353186467e+02 -4.353898201094627204e-03 -8.594050918097272465e-03
2.960020747718382381e+02 -4.360320805363964748e-03 -8.484455420581368465e-03
2.960334836593605701e+02 -4.375689617927596559e-03 -8.350702197189316736e-03
2.960492013131895987e+02 -4.382977248075580617e-03 -8.321785417354801706e-03
2.960649371716392579e+02 -4.386537074839903620e-03 -8.141797860782286692e-03
2.960806624275845707e+02 -4.391044762171406914e-03 -8.075871782284331155e-03
2.961121816370172155e+02 -4.396869155296474763e-03 -8.201361717917184796e-03
2.961279709400094475e+02 -4.399551456482602395e-03 -8.576879255761830911e-03
2.961437509692367485e+02 -4.398596933192691801e-03 -9.142685243818971311e-03
2.961752669477716609e+02 -4.396141044388892846e-03 -9.340584650174552084e-03
2.961910064634190007e+02 -4.396894649713581696e-03 -9.768414743837893627e-03
2.962067280968488490e+02 -4.394246898736092581e-03 -1.014111812356775777e-02
2.962224290559342990e+02 -4.393138358710833163e-03 -1.017097530923588219e-02
2.962538150299018298e+02 -4.387182123081882247e-03 -1.027138300584226789e-02
2.962695060765287849e+02 -4.383802799859202320e-03 -1.040294998095351447e-02
2.962851986251519065e+02 -4.380786633706099109e-03 -1.052920157648416614e-02
2.963009065444084627e+02 -4.378281470703656968e-03 -1.066008841310926540e-02
2.963323509185008220e+02 -4.367183326720906582e-03 -1.089720132323769575e-02
2.963481001302063760e+02 -4.361971638160595625e-03 -1.103694640906603339e-02
2.963638591887246321e+02 -4.352727199268370713e-03 -1.123553004604207171e-02
2.963954377185852422e+02 -4.339279791349664323e-03 -1.154030094630030881e-02
2.964112053744045738e+02 -4.331879197977141042e-03 -1.168071855818265427e-02
2.964269544293982790e+02 -4.321358968842925995e-03 -1.180300203038051575e-02
2.964426940443473200e+02 -4.315339049574207220e-03 -1.187960946224082305e-02
2.964741160658410877e+02 -4.299345280654218171e-03 -1.193091729168030760e-02
2.964898084624837225e+02 -4.291425231826750258e-03 -1.191256105515665908e-02
2.965055023287577001e+02 -4.282852184611912749e-03 -1.186740345624437074e-02
2.965211954006884412e+02 -4.274513324908674368e-03 -1.181165194104369549e-02
2.965526286447349662e+02 -4.260203686891031634e-03 -1.165248177304812303e-02
2.965683402129315027e+02 -4.252126400586125204e-03 -1.156036593706663909e-02
2.965840087174005362e+02 -4.246615941879931279e-03 -1.145947456382744034e-02
2.966153983049973704e+02 -4.236684773569567020e-03 -1.124343648325178135e-02
2.966311477340584588e+02 -4.235749640184586357e-03 -1.112588432011196726e-02
2.966469154399807167e+02 -4.230727982677270384e-03 -1.100162559665327985e-02
2.966626280713190909e+02 -4.225271522435668572e-03 -1.087490424277710345e-02
2.966939463704205195e+02 -4.224241033346460249e-03 -1.061954732638158497e-02
2.967095727941209589e+02 -4.222633934518309033e-03 -1.049854770254031629e-02
2.967252017170798126e+02 -4.222404580757952927e-03 -1.037186696209525458e-02
2.967408522805287134e+02 -4.222912148672271215e-03 -1.024922156038576664e-02
2.967722058114483730e+02 -4.228380274491197466e-03 -9.999422565734156568e-03
2.967878907167642524e+02 -4.231976286118640206e-03 -9.875827166948030270e-03
2.968035860519797779e+02 -4.237132713782063194e-03 -9.762329483550840140e-03
2.968350731772690096e+02 -4.255094016304437898e-03 -9.595337265699159512e-03
2.968508709608504432e+02 -4.264824345773830967e-03 -9.503490998155813066e-03
2.968666224243434613e+02 -4.273154361586417420e-03 -9.409725520241293481e-03
2.968823613901856788e+02 -4.285347992102297131e-03 -9.322053949666741363e-03
2.969137730371564317e+02 -4.305335753038489616e-03 -9.116878068103635713e-03
2.969294848192291170e+02 -4.316471618630295104e-03 -9.005205029556357862e-03
2.969451791293662950e+02 -4.326071901271278004e-03 -8.891556883965501604e-03
2.969608782203474107e+02 -4.338034047287308778e-03 -8.781498917890998013e-03
2.969922769990616871e+02 -4.352186465349871559e-03 -8.564901918349975690e-03
2.970079809390460923e+02 -4.359316749069289468e-03 -8.457721940975977334e-03
2.970236823331522942e+02 -4.365159119552106462e-03 -8.359572334050272696e-03
2.970551147965396126e+02 -4.377019083446856418e-03 -8.275598680321492179e-03
2.970708497281604537e+02 -4.382619877635353205e-03 -8.112143289315700348e-03
2.970865854950142761e+02 -4.387790915064123352e-03 -8.074735162028074537e-03
2.971023452640542359e+02 -4.389124540003410367e-03 -8.099976177273695774e-03
2.971339023104662829e+02 -4.392202494442240188e-03 -8.729852203364186353e-03
2.971496920441871907e+02 -4.394043770473954856e-03 -9.195870893685136396e-03
2.971654397137311889e+02 -4.390548944174657055e-03 -9.156331726831036522e-03
2.971811839340708161e+02 -4.390389761430327394e-03 -9.440507251941900393e-03
2.972126328958220824e+02 -4.388276760840641340e-03 -1.017246323578669190e-02
2.972283307236670566e+02 -4.388241467047694112e-03 -1.015739871386990741e-02
2.972440268287504637e+02 -4.386057708361889608e-03 -1.018327686509140455e-02
2.972754074102434743e+02 -4.379070836536986915e-03 -1.043292428039567336e-02
2.972911009116509717e+02 -4.375406413285346137e-03 -1.055694643962474220e-02
2.973068180395682703e+02 -4.370617853240776028e-03 -1.069285033193274892e-02
2.973225414806498179e+02 -4.365358123750130541e-03 -1.081449184400277638e-02
2.973540258374877681e+02 -4.351712651375440333e-03 -1.107789474032494503e-02
2.973697883735040932e+02 -4.346741090954718036e-03 -1.128371262283584496e-02
2.973855839301828041e+02 -4.338480663380634740e-03 -1.144202579906513847e-02
2.974013762360140163e+02 -4.332322518004046337e-03 -1.157340498962541181e-02
2.974328724382748419e+02 -4.315304465264407571e-03 -1.183029667923584868e-02
2.974486033277055981e+02 -4.307327727526849212e-03 -1.189638986483320532e-02
2.974643190404725033e+02 -4.298529712360823693e-03 -1.192856338001487340e-02
2.974800154982807499e+02 -4.292333241609100521e-03 -1.193236939123898041e-02
2.975114070771170418e+02 -4.277646381401573918e-03 -1.185469895647371999e-02
2.975270997125603003e+02 -4.269381997650496981e-03 -1.180405443805688723e-02
2.975428028864480439e+02 -4.261588516843001738e-03 -1.172508820526903424e-02
2.975742350583124676e+02 -4.245862878498297965e-03 -1.154079143072944333e-02
2.975899044049990039e+02 -4.241203274492764269e-03 -1.143861519085940560e-02
2.976056032586245692e+02 -4.232604914726235783e-03 -1.133137575740618755e-02
2.976213131044210627e+02 -4.232229500538453246e-03 -1.122061439382143408e-02
2.976528359512313386e+02 -4.225244116428522601e-03 -1.097348227676513133e-02
2.976685337665437601e+02 -4.219963737984961522e-03 -1.084566471788363760e-02
2.976841831076774838e+02 -4.219138411279661251e-03 -1.071453332303246367e-02
2.977154536264887952e+02 -4.216084745135257467e-03 -1.046858879131633627e-02
2.977310890170193716e+02 -4.215563936049927102e-03 -1.033985108188877587e-02
2.977467505894493343e+02 -4.218651645150554852e-03 -1.021556374342243168e-02
2.977624297243617093e+02 -4.222283606653057068e-03 -1.009175814038895842e-02
2.977938003963125198e+02 -4.228864307107680146e-03 -9.844502987015621778e-03
2.978095012090696514e+02 -4.236232506223346593e-03 -9.735111275939881473e-03
2.978252377222404448e+02 -4.242627540291616685e-03 -9.647748779434155500e-03
2.978410149893298922e+02 -4.249691724543471112e-03 -9.573812892192118049e-03
2.978725579151227407e+02 -4.271891416175541828e-03 -9.385008908139369499e-03
2.978882734293673025e+02 -4.280343544414502883e-03 -9.298418422489433330e-03
2.979039908730849788e+02 -4.291190538064444844e-03 -9.196797473643580564e-03
2.979353899278731888e+02 -4.313586627423978553e-03 -8.974813726132541136e-03
2.979510816346503930e+02 -4.324488775291636042e-03 -8.861419885111739697e-03
2.979667815552912771e+02 -4.331816291877962390e-03 -8.752725688596717235e-03
2.979824791603590484e+02 -4.338823637813894046e-03 -8.644172632578576640e-03
2.980138890689532332e+02 -4.356084469324306499e-03 -8.426633129675870082e-03
2.980295939258683120e+02 -4.363846798867159274e-03 -8.345882056681104902e-03
2.980453064839210811e+02 -4.369116718444288582e-03 -8.360436406116363364e-03
2.980610366586022906e+02 -4.375999984606629943e-03 -8.220758373964579674e-03
2.980925139304553113e+02 -4.381441013428588778e-03 -8.072671314144734545e-03
2.981082773055240978e+02 -4.385086875908385598e-03 -8.117498847143420418e-03
2.981240585467032247e+02 -4.386557090022757607e-03 -8.336592949455150225e-03
2.981556213272054379e+02 -4.384886984233689507e-03 -9.196012289448756566e-03
2.981713665792757979e+02 -4.387511357869088718e-03 -9.187433733483784185e-03
2.981871085103773567e+02 -4.385090721448726622e-03 -9.545037343228687798e-03
2.982028303066867352e+02 -4.383469738179227027e-03 -9.959966788119769751e-03
2.982342336520603112e+02 -4.379459300589318670e-03 -1.014635933180576578e-02
2.982499283937463588e+02 -4.377824459448596134e-03 -1.019980323805503783e-02
2.982656208828937565e+02 -4.376242342697504728e-03 -1.032851254201085957e-02
2.982813124432151426e+02 -4.374137012361384649e-03 -1.045984520075692731e-02
2.983127371971800699e+02 -4.365988197482700665e-03 -1.072218374468912258e-02
2.983284531467355691e+02 -4.358904137209184369e-03 -1.083423611045685429e-02
2.983441956773555148e+02 -4.352680356018222979e-03 -1.094297810491581986e-02
2.983757385739054371e+02 -4.340147334746424085e-03 -1.132219918334450084e-02
2.983915224533238302e+02 -4.331538471017274024e-03 -1.146737544582767873e-02
2.984073052310267826e+02 -4.323447618731996421e-03 -1.160277038156010652e-02
2.984230543782153404e+02 -4.317099920067926817e-03 -1.174413369922874296e-02
2.984545190865989639e+02 -4.300009935458034421e-03 -1.190273143778788380e-02
2.984702243500013310e+02 -4.292967508311141406e-03 -1.192784392705264866e-02
2.984859185188391280e+02 -4.284263293518572255e-03 -1.192296144389140035e-02
2.985016136797344757e+02 -4.276265194980745539e-03 -1.189252478961383593e-02
2.985330027040785126e+02 -4.262705750065217715e-03 -1.178847198142425438e-02
2.985487218219237207e+02 -4.255861011988485397e-03 -1.170027363137302566e-02
2.985644540160124052e+02 -4.246728988285560120e-03 -1.161365873660266494e-02
2.985801316701355290e+02 -4.240335191945916217e-03 -1.151811536571587836e-02
2.986115190812676587e+02 -4.230850070417922770e-03 -1.130789155393358350e-02
2.986272467873293408e+02 -4.228016194525739506e-03 -1.119439371002852422e-02
2.986430227153522878e+02 -4.223437090413126663e-03 -1.107148620685460307e-02
2.986744309885329471e+02 -4.216489878093444658e-03 -1.081363953986494257e-02
2.986900888301363466e+02 -4.214265479356235286e-03 -1.068378273157439065e-02
2.987057192459673161e+02 -4.211310195385974120e-03 -1.056217186334783460e-02
2.987213394445979588e+02 -4.211515621016807299e-03 -1.043436644478537394e-02
2.987526525348989139e+02 -4.214627852286484747e-03 -1.018164806316014526e-02
2.987683356902086302e+02 -4.216305517812555907e-03 -1.005714214473184265e-02
2.987840224059187904e+02 -4.219972037813920183e-03 -9.931617655211789561e-03
2.988154274099623535e+02 -4.234913562804958759e-03 -9.706353669606333084e-03
2.988311763116257112e+02 -4.240246449661281766e-03 -9.627301442236323517e-03
2.988469670739000321e+02 -4.249365256076265834e-03 -9.547281306712883733e-03
2.988627363600617741e+02 -4.257881413815289146e-03 -9.448251642344727280e-03
2.988941968075590125e+02 -4.280208142036344247e-03 -9.270193616851827786e-03
2.989098956927242057e+02 -4.291777433936360894e-03 -9.165258583941125400e-03
2.989256034050699213e+02 -4.300246295262060217e-03 -9.055021521841078933e-03
2.989412982071770557e+02 -4.312879410972208886e-03 -8.942141004857588962e-03
2.989726898676278779e+02 -4.330031143676200088e-03 -8.722140962095217484e-03
2.989883883788298817e+02 -4.337317759477548815e-03 -8.613543559263109328e-03
2.990040940371448528e+02 -4.344020493835856409e-03 -8.502709158211232965e-03
2.990355037345345863e+02 -4.357330175033475098e-03 -8.343404296644480259e-03
2.990512249253441723e+02 -4.365082780817639008e-03 -8.339705400536644858e-03
2.990669600210692920e+02 -4.369095402980509996e-03 -8.168566144150414196e-03
2.990826909936304787e+02 -4.374454586218130304e-03 -8.078307707342380697e-03
2.991142115793289804e+02 -4.379645404526468465e-03 -8.143195418851258138e-03
2.991300037376097407e+02 -4.382567011779689610e-03 -8.435114797446255364e-03
2.991457864545710663e+02 -4.382809230236902123e-03 -9.037174160571991716e-03
2.991615454357752810e+02 -4.382839868114659504e-03 -9.166995962802827747e-03
2.991930297642863934e+02 -4.380733401794558064e-03 -9.647358413912017483e-03
2.992087497822822115e+02 -4.380489094489650043e-03 -1.003879634914580342e-02
2.992244511669517237e+02 -4.378336556804942464e-03 -1.016922413976594462e-02
2.992401430127877120e+02 -4.376508759841133030e-03 -1.014507913968841490e-02
2.992715255824564338e+02 -4.369654017881409620e-03 -1.035914068063338578e-02
2.992872183595259798e+02 -4.366173140023082641e-03 -1.048573278400134062e-02
2.993029300204442507e+02 -4.363055092263075883e-03 -1.061966729773719531e-02
2.993343787738448327e+02 -4.353369457226831211e-03 -1.085510314062242652e-02
2.993501283984257952e+02 -4.348583650191192168e-03 -1.097356111956093033e-02
2.993658879015625871e+02 -4.339190158561716422e-03 -1.117159140858192505e-02
2.993816824634855038e+02 -4.333302575670962969e-03 -1.136200094340234640e-02
2.994132320209873797e+02 -4.317795538720612530e-03 -1.163717097470017177e-02
2.994289797203326202e+02 -4.308535272076286470e-03 -1.177169889256621076e-02
2.994447172524004372e+02 -4.302091789237386457e-03 -1.186124130571657338e-02
2.994604353699019725e+02 -4.295631611741109433e-03 -1.191135919661497067e-02
2.994918302546377618e+02 -4.279297797632531687e-03 -1.191664485991073344e-02
2.995075225075556773e+02 -4.271211740318032156e-03 -1.187805896599310185e-02
2.995232149208572991e+02 -4.262945855144247703e-03 -1.182933094284184181e-02
2.995546461503818705e+02 -4.247306543378718928e-03 -1.167915842306284542e-02
2.995703618268184982e+02 -4.240608752913949814e-03 -1.159266089793985384e-02
2.995860390123003185e+02 -4.234683757890916195e-03 -1.149466214895824429e-02
2.996017296895382174e+02 -4.229108996536875241e-03 -1.139101091068945096e-02
2.996331914220249359e+02 -4.220418962675502768e-03 -1.116546360599413729e-02
2.996489616130785976e+02 -4.217782527115885444e-03 -1.104239644135024227e-02
2.996646721978889900e+02 -4.211941434891460813e-03 -1.091353909566165556e-02
2.996803284791717488e+02 -4.210918644105978749e-03 -1.078019671226623788e-02
2.997116089995186599e+02 -4.209601837423507589e-03 -1.052899380764473966e-02
2.997272368386168182e+02 -4.209986545588194178e-03 -1.040009367691456521e-02
2.997428920744019933e+02 -4.209312955918666915e-03 -1.027389742617839351e-02
2.997742485598510598e+02 -4.213912405123899918e-03 -1.002027633086965616e-02
2.997899357574694363e+02 -4.217682627618500948e-03 -9.895357813922865328e-03
2.998056354262370746e+02 -4.222668640130306135e-03 -9.780449694121841689e-03
2.998213607253450732e+02 -4.228409700473801172e-03 -9.679239267409042030e-03
2.998529244006484760e+02 -4.247841891143753872e-03 -9.518015641771083654e-03
2.998686723937919396e+02 -4.257537040005788219e-03 -9.421350773607988643e-03
2.998844035607686465e+02 -4.268069039285330400e-03 -9.335015441795048788e-03
2.999001237153175907e+02 -4.279460000540342632e-03 -9.240469334514601202e-03
2.999315175042533497e+02 -4.300077861555621356e-03 -9.022313181530978304e-03
2.999472086647853075e+02 -4.309925120102256306e-03 -8.908869146461250929e-03
2.999629084333172955e+02 -4.319462695359157882e-03 -8.797509355119043778e-03
2.999943078046758842e+02 -4.336821622045042464e-03 -8.578955131542576398e-03
