1.900011873043949663e+03 -3.434344406757866737e-03 -8.502742979872324539e-03
1.900027563943713631e+03 -3.429855727289691028e-03 -8.628733956325518317e-03
1.900043257058042173e+03 -3.425598745376474703e-03 -8.771647776172522559e-03
1.900074696853655269e+03 -3.414178107255710307e-03 -9.054538535644895622e-03
1.900090429720361044e+03 -3.409469006300468001e-03 -9.192379682738022889e-03
1.900106190413711147e+03 -3.402226570070320325e-03 -9.337310452122953366e-03
1.900121958776260954e+03 -3.396738784137541198e-03 -9.463467095183560399e-03
1.900153542267638386e+03 -3.382395679839524365e-03 -9.645758857136706166e-03
1.900169292852561512e+03 -3.376155650001297186e-03 -9.704076995558872168e-03
1.900185033811336325e+03 -3.369228075348032654e-03 -9.731799828335869693e-03
1.900200760708762573e+03 -3.362194662443300942e-03 -9.732471214435831422e-03
1.900232170768243577e+03 -3.348435637357951872e-03 -9.669851662775053730e-03
1.900247867773152620e+03 -3.343105600974594603e-03 -9.605848826769699741e-03
1.900263564654815127e+03 -3.337811122320244201e-03 -9.545209316052582355e-03
1.900295000628976140e+03 -3.326527777264466895e-03 -9.361954514475216357e-03
1.900310697737047349e+03 -3.322788532351161547e-03 -9.262550383190881406e-03
1.900326344235020770e+03 -3.315903728018378474e-03 -9.160165577762417397e-03
1.900341989794066649e+03 -3.315477913182531596e-03 -9.057769855502979459e-03
1.900373416239593780e+03 -3.310434854778898390e-03 -8.846999872491167344e-03
1.900389188246261938e+03 -3.307820000156979409e-03 -8.742457617005917198e-03
1.900404903721056144e+03 -3.307832022378747860e-03 -8.640117586116850476e-03
1.900420578055603301e+03 -3.306466679855033040e-03 -8.533583454032716772e-03
1.900451853391061377e+03 -3.307445533227957885e-03 -8.332682163707583189e-03
1.900467475325111536e+03 -3.310210222943399914e-03 -8.233508227414797556e-03
1.900483115569272968e+03 -3.312892810522186267e-03 -8.136079210962141040e-03
1.900514441854247480e+03 -3.323197680730291537e-03 -7.939377347997938691e-03
1.900530110053138287e+03 -3.330132747479878311e-03 -7.841843992730685234e-03
1.900545798190332789e+03 -3.336336503715914108e-03 -7.764039584278600685e-03
1.900561516538815567e+03 -3.345479260301120229e-03 -7.710545022135239894e-03
1.900593076833471741e+03 -3.362210910135736766e-03 -7.562261778472522365e-03
1.900608854187488078e+03 -3.373879843076783066e-03 -7.491154571133034831e-03
1.900624609903844657e+03 -3.382518952187023829e-03 -7.415656537469344708e-03
1.900640333300818156e+03 -3.390823463299853617e-03 -7.329903750221728083e-03
1.900671776562495552e+03 -3.410670554288798215e-03 -7.141436030274589397e-03
1.900687492553217680e+03 -3.416749327827327092e-03 -7.048255782654847847e-03
1.900703191298831598e+03 -3.423465714366088954e-03 -6.955681964031220320e-03
1.900734590039414343e+03 -3.433921708928876042e-03 -6.780623129386092497e-03
1.900750292980904533e+03 -3.438982192055907352e-03 -6.699301141038549283e-03
1.900765996369736968e+03 -3.444851890514358944e-03 -6.652070026928875307e-03
1.900781698076750445e+03 -3.450526512844302816e-03 -6.638704136428894703e-03
1.900813140460109253e+03 -3.457006268522855308e-03 -6.527676771420927622e-03
1.900828861640364039e+03 -3.457881888387368766e-03 -6.677770248159749233e-03
1.900844611681766537e+03 -3.459076824855091513e-03 -6.864283087067852597e-03
1.900860370333402898e+03 -3.460207834996798567e-03 -7.143095330784603181e-03
1.900891935218593289e+03 -3.457420506202299373e-03 -7.472613616275009668e-03
1.900907715591468559e+03 -3.455632553599282016e-03 -7.733848316678646612e-03
1.900923464771484987e+03 -3.454121679443690647e-03 -8.064188638930531658e-03
1.900954928533830753e+03 -3.448312371655520847e-03 -8.129931132765057591e-03
1.900970632645392243e+03 -3.446090974645895418e-03 -8.231676240647144843e-03
1.900986324727113242e+03 -3.442460283999622915e-03 -8.324923341970146343e-03
1.901002017251836378e+03 -3.438749773351006123e-03 -8.415969191989395443e-03
1.901033400678037651e+03 -3.432127558882112559e-03 -8.664017960444638303e-03
1.901049104703968396e+03 -3.428461535340909024e-03 -8.808520394277197935e-03
1.901064830703641292e+03 -3.422123588882440212e-03 -8.952348243188391896e-03
1.901080546330524385e+03 -3.417403090090974458e-03 -9.086851387235755570e-03
1.901112054340746681e+03 -3.404853127263918807e-03 -9.372004231081299680e-03
1.901127843807566705e+03 -3.399692249778668400e-03 -9.489951860402173062e-03
1.901143627878013149e+03 -3.392022877141802079e-03 -9.590606627881562499e-03
1.901175150537549371e+03 -3.377378515608607350e-03 -9.709944431837464959e-03
1.901190891671097006e+03 -3.371773634300620926e-03 -9.727843076287948088e-03
1.901206614372136073e+03 -3.364290521247054015e-03 -9.722678628062818990e-03
1.901222316025364762e+03 -3.358061209601642325e-03 -9.696580742648263848e-03
1.901253706678237904e+03 -3.344180023024125557e-03 -9.582468856852547484e-03
1.901269406539105375e+03 -3.337821282968559105e-03 -9.515871727109402600e-03
1.901285127687160184e+03 -3.332588459699110418e-03 -9.421484719169136504e-03
1.901300849769811521e+03 -3.328440485854445869e-03 -9.328632432551761666e-03
1.901332168783018687e+03 -3.320380339333496578e-03 -9.126757144903564073e-03
1.901347822079922935e+03 -3.320239671602775999e-03 -9.024348544448784412e-03
1.901363535398237218e+03 -3.316200426992967076e-03 -8.920992851992663036e-03
1.901395040569050252e+03 -3.311772074819074266e-03 -8.709565451763583849e-03
1.901410744511007351e+03 -3.310499265608086907e-03 -8.606276721096595139e-03
1.901426400090937705e+03 -3.310951206639567348e-03 -8.500149186204066301e-03
1.901442051046920596e+03 -3.312175029720943256e-03 -8.399004592373429667e-03
1.901473296304811583e+03 -3.315689575304607908e-03 -8.202391687934337816e-03
1.901488942663905846e+03 -3.319394376801353391e-03 -8.106239292783175635e-03
1.901504605225444266e+03 -3.323750681156193831e-03 -8.005714214147939545e-03
1.901520272679799973e+03 -3.328772105742193455e-03 -7.907360942288488986e-03
1.901551642924380076e+03 -3.342018214216620556e-03 -7.745707512148780963e-03
1.901567379421952410e+03 -3.352526991313776929e-03 -7.689385683488337946e-03
1.901583159429961370e+03 -3.360779646308743440e-03 -7.613525541061713989e-03
1.901614709902570667e+03 -3.379262371640294558e-03 -7.468096657382141366e-03
1.901630459833774012e+03 -3.390143884974013318e-03 -7.388669790285387097e-03
1.901646191824906509e+03 -3.399101773966772041e-03 -7.300109375218210607e-03
1.901661900493191297e+03 -3.408340320101555226e-03 -7.204596194023557380e-03
1.901693331847116269e+03 -3.423732343882945200e-03 -7.018395218091703740e-03
1.901709034865242529e+03 -3.431983126475307219e-03 -6.925657489436534697e-03
1.901724733490607150e+03 -3.436316462936263132e-03 -6.837035980705371933e-03
1.901740431423376549e+03 -3.441711307124362042e-03 -6.753253888264728992e-03
1.901771833804570633e+03 -3.449640344497060564e-03 -6.649916195769586813e-03
1.901787537268594861e+03 -3.453558713466696115e-03 -6.606647664072001595e-03
1.901803258375221958e+03 -3.457442954782187147e-03 -6.502961140936355279e-03
1.901834719511746243e+03 -3.462904299392601578e-03 -6.726299900196108447e-03
1.901850472755908640e+03 -3.464717779765310018e-03 -6.922728252658660875e-03
1.901866231457490585e+03 -3.462831868987801404e-03 -7.252868069958552828e-03
1.901882024893298194e+03 -3.462564199103553963e-03 -7.480365258074587846e-03
1.901913571303128037e+03 -3.459056802467389263e-03 -7.846779517972999468e-03
1.901929318559315107e+03 -3.455853223097719602e-03 -8.088666520564280482e-03
1.901945055190985386e+03 -3.454480794900146798e-03 -8.091808964009745975e-03
1.901960773275902739e+03 -3.452867571681165169e-03 -8.156164458874039930e-03
1.901992165613044790e+03 -3.446445206065462240e-03 -8.346075310492594851e-03
1.902007855202116616e+03 -3.442634382493171656e-03 -8.445724561573837719e-03
1.902023544335043880e+03 -3.438461100315902581e-03 -8.565088871512981789e-03
1.902054950604737769e+03 -3.429429814071290744e-03 -8.845240188670262446e-03
1.902070676792338645e+03 -3.424687976542804997e-03 -8.986619178239587530e-03
1.902086400963873302e+03 -3.419842728702453174e-03 -9.120674173165964696e-03
1.902102154175582200e+03 -3.413061079213103744e-03 -9.267916658504885344e-03
1.902133713853163272e+03 -3.400066302111026499e-03 -9.519883961150733473e-03
1.902149506835635066e+03 -3.394515307637457468e-03 -9.607421370056521553e-03
1.902165259033602979e+03 -3.385803338092869836e-03 -9.673386995142890799e-03
1.902181004368898584e+03 -3.379038293004874276e-03 -9.715132013372474590e-03
1.902212456307460343e+03 -3.366028378040520838e-03 -9.714742061994267527e-03
1.902228154796495801e+03 -3.360552758136391063e-03 -9.680764083741228918e-03
1.902243852905251970e+03 -3.353899576510670829e-03 -9.623543047395361968e-03
1.902275251135831695e+03 -3.341249142966052754e-03 -9.485074451425304712e-03
1.902290974947271707e+03 -3.335506201397143555e-03 -9.393295770873029762e-03
1.902306691412138434e+03 -3.330340534942075655e-03 -9.297440472633883984e-03
1.902322352023455778e+03 -3.325952098185189221e-03 -9.196852997557923570e-03
1.902353665186314174e+03 -3.319824032950441720e-03 -8.993990898358970865e-03
1.902369388047651455e+03 -3.318443260167743599e-03 -8.889544929387918279e-03
1.902385162678361667e+03 -3.314904758168423903e-03 -8.781203351779971050e-03
1.902400889889397831e+03 -3.316020032666934080e-03 -8.680312086456897988e-03
1.902432221419301868e+03 -3.314493660267682929e-03 -8.469048414205721659e-03
1.902447864950912617e+03 -3.317244835045619466e-03 -8.370238207185881629e-03
1.902463485113212300e+03 -3.317787604871663600e-03 -8.271189519886002275e-03
1.902494772361579408e+03 -3.325186731369559907e-03 -8.074860345101573730e-03
1.902510440712971331e+03 -3.329071756540308118e-03 -7.975921949002984235e-03
1.902526106307508144e+03 -3.334461629408160509e-03 -7.877253028402657689e-03
1.902541782485003296e+03 -3.340646500452642501e-03 -7.789269949159544071e-03
1.902573245900215397e+03 -3.356379860835408645e-03 -7.667812796027136980e-03
1.902589033854958416e+03 -3.367390012816709119e-03 -7.590232326040379299e-03
1.902604825720464305e+03 -3.377216632375373145e-03 -7.517118577518148471e-03
1.902620573596439726e+03 -3.387286380752135753e-03 -7.445497627058347660e-03
1.902652038305758651e+03 -3.405445846663026147e-03 -7.271777039260274821e-03
1.902667747074666522e+03 -3.413047899826368581e-03 -7.176004916237307095e-03
1.902683465309416306e+03 -3.422348622859836161e-03 -7.083167016110922948e-03
1.902714870081236313e+03 -3.434759855536210788e-03 -6.898467748080753734e-03
1.902730567781914715e+03 -3.440813132622037081e-03 -6.810696806893419900e-03
1.902746269513343350e+03 -3.447045715570270716e-03 -6.727500808564488774e-03
1.902761974242334645e+03 -3.452392031284843513e-03 -6.659512067646500624e-03
1.902793380206451729e+03 -3.459925385428775247e-03 -6.567230475064977230e-03
1.902809107967884756e+03 -3.463573266752377738e-03 -6.496831453527487053e-03
1.902824833162779441e+03 -3.464012852081626431e-03 -6.592976193299278885e-03
1.902840573572691483e+03 -3.466744368067257998e-03 -6.776283956747586670e-03
1.902872101262137903e+03 -3.466659960494389292e-03 -7.352374565488060086e-03
1.902887891239108740e+03 -3.464691681007189654e-03 -7.468974120774429272e-03
1.902903680292030685e+03 -3.463105536880060984e-03 -7.574149761569844153e-03
1.902935172109780069e+03 -3.459553650539599380e-03 -8.097630450775940639e-03
1.902950898611809635e+03 -3.456872161774941256e-03 -8.099158274920777514e-03
1.902966610745716252e+03 -3.453322570316645895e-03 -8.180695240418435141e-03
1.902982304969218831e+03 -3.450560247629360679e-03 -8.279337456048134480e-03
1.903013690218272131e+03 -3.445860579023597974e-03 -8.474507497016591992e-03
1.903029382560405338e+03 -3.441932171338180600e-03 -8.595745098104181151e-03
1.903045080211382810e+03 -3.436967006085573425e-03 -8.735917767926719771e-03
1.903060799512310723e+03 -3.433704169956513369e-03 -8.879891281323083752e-03
1.903092255229891407e+03 -3.420561816099925833e-03 -9.155091736351216730e-03
1.903108015703787487e+03 -3.414614940582107270e-03 -9.303531204032818719e-03
1.903123792060184769e+03 -3.407988912896672135e-03 -9.433225398829641131e-03
1.903155368223771120e+03 -3.393100559983328393e-03 -9.622356296670754247e-03
1.903171116542210711e+03 -3.388582860254642486e-03 -9.686732738916634458e-03
1.903186859423851729e+03 -3.380578044159592184e-03 -9.717097694542662159e-03
1.903202583172169398e+03 -3.373459017181949099e-03 -9.721083747403736278e-03
1.903233988812795360e+03 -3.359612711354736068e-03 -9.664552029124780577e-03
1.903249685752801952e+03 -3.353716718834864972e-03 -9.603959838015098741e-03
1.903265382371791475e+03 -3.348669359969395302e-03 -9.545455757292257981e-03
1.903281095999944228e+03 -3.343364001808706108e-03 -9.456922944868717540e-03
1.903312523110792654e+03 -3.332798192527098961e-03 -9.269223010746922495e-03
1.903328167419779220e+03 -3.326794719389088335e-03 -9.169477166998977677e-03
1.903343815663992245e+03 -3.325302690189729619e-03 -9.068022569989505483e-03
1.903375249056923622e+03 -3.321857590087810320e-03 -8.858925972478733091e-03
1.903391016826501300e+03 -3.320124755491077936e-03 -8.753220040021434875e-03
1.903406732087751379e+03 -3.319218564163517200e-03 -8.651279317626723100e-03
1.903422400795442172e+03 -3.318135576261260766e-03 -8.544985485350660437e-03
1.903453675733888304e+03 -3.318236976679447402e-03 -8.343085442529828838e-03
1.903469294599515251e+03 -3.321288758486840541e-03 -8.243379012401859385e-03
1.903484936115380378e+03 -3.324397295721777130e-03 -8.147064565166690225e-03
1.903500597149785563e+03 -3.327820791095226216e-03 -8.046378173253702915e-03
1.903531937239068156e+03 -3.339987415676983276e-03 -7.850222554037415354e-03
1.903547624495742184e+03 -3.347842749254468977e-03 -7.769916893120071798e-03
1.903563345542002935e+03 -3.356259263854511482e-03 -7.715008645590453254e-03
1.903594908788102430e+03 -3.373156026988185542e-03 -7.568971626173220772e-03
1.903610677181277651e+03 -3.383126005934414607e-03 -7.497477873795512296e-03
1.903626431881022199e+03 -3.392858403843196629e-03 -7.423035091204411781e-03
1.903642153768854541e+03 -3.401292680956665825e-03 -7.338454939486951240e-03
1.903673591829669704e+03 -3.419385464360080815e-03 -7.149686584995191760e-03
1.903689305202986816e+03 -3.427207793696397491e-03 -7.057525935059504908e-03
1.903705004124345805e+03 -3.432904452350120546e-03 -6.964449425089874919e-03
1.903720702549308953e+03 -3.440045158716915994e-03 -6.872901071382712945e-03
1.903752104172672716e+03 -3.448942496561734853e-03 -6.705193185230599005e-03
1.903767806970555284e+03 -3.453763136315342579e-03 -6.651592723499862893e-03
1.903783509740298996e+03 -3.459242411243025270e-03 -6.642511826366806829e-03
1.903814956547132397e+03 -3.465498015412605236e-03 -6.507229690306743849e-03
1.903830678132918365e+03 -3.467991766760566627e-03 -6.639456826873983523e-03
1.903846431385080678e+03 -3.469485220569974195e-03 -6.828408040113580213e-03
1.903862189424249891e+03 -3.469505685894622680e-03 -7.079234726356411003e-03
1.903893759521160518e+03 -3.467882434755051660e-03 -7.470873104861684710e-03
1.903909532853748715e+03 -3.466669473897801123e-03 -7.656112894129066433e-03
1.903925282312748550e+03 -3.463064737044631997e-03 -8.020676997096640518e-03
1.903941022684978861e+03 -3.462235470201008476e-03 -8.095363799843447936e-03
1.903972445573155710e+03 -3.456536129669471845e-03 -8.207387822684895917e-03
1.903988136963125726e+03 -3.453210831498365347e-03 -8.300967183896543200e-03
1.904003828919966963e+03 -3.449122754249547580e-03 -8.391228294336321517e-03
1.904035211905264759e+03 -3.441534000711775690e-03 -8.630636959785565818e-03
1.904050919188958687e+03 -3.438403722015501672e-03 -8.771259107803136210e-03
1.904066644636538285e+03 -3.431720731513592405e-03 -8.914555282007137482e-03
1.904082364070804033e+03 -3.427551318278787042e-03 -9.048126272813436857e-03
1.904113873072883052e+03 -3.414430678045786167e-03 -9.339624919083602123e-03
1.904129666885671668e+03 -3.409624930525702053e-03 -9.462421331945436789e-03
1.904145452764359788e+03 -3.402344448455848266e-03 -9.564702298739964637e-03
1.904161219120258920e+03 -3.395888279350328578e-03 -9.639634984958119629e-03
1.904192707019202317e+03 -3.381609936879869955e-03 -9.718253492765491219e-03
1.904208428852979750e+03 -3.375457897584616118e-03 -9.718226283255648051e-03
1.904224129944302604e+03 -3.368123936252439502e-03 -9.695297569212769223e-03
1.904255518211695062e+03 -3.354661078608013863e-03 -9.588059284628702023e-03
1.904271216279181317e+03 -3.348188256818261307e-03 -9.523000088625164714e-03
1.904286938220491948e+03 -3.342012399445438639e-03 -9.433742592622928330e-03
1.904302667258579049e+03 -3.337519170562582450e-03 -9.341876541072224177e-03
1.904333987150379471e+03 -3.329542872041550954e-03 -9.143966877334588558e-03
1.904349644071411149e+03 -3.330196326713719991e-03 -9.043095785073590465e-03
1.904365358620163079e+03 -3.325082379708970901e-03 -8.940977851346130004e-03
1.904381117242000073e+03 -3.325308493068188185e-03 -8.831858925549924619e-03
1.904412561535868008e+03 -3.318967155020055744e-03 -8.624560873820177540e-03
1.904428214553117641e+03 -3.319984025284165603e-03 -8.518289137424087804e-03
1.904443866320261122e+03 -3.322666940476472902e-03 -8.416931575170767676e-03
1.904475111244429627e+03 -3.325561021173543269e-03 -8.219220779192301998e-03
1.904490758942967886e+03 -3.328403272503057189e-03 -8.121870501132003733e-03
1.904506422999796769e+03 -3.332814877012054908e-03 -8.021206490868071359e-03
1.904522091998082033e+03 -3.338064266734191987e-03 -7.921921529256756647e-03
1.904553463225985070e+03 -3.349850908273445307e-03 -7.756088021076674652e-03
1.904569201872809799e+03 -3.358799272113003123e-03 -7.700065308177221450e-03
1.904584984861877274e+03 -3.369700232289485602e-03 -7.626677121522488362e-03
1.904600781500486846e+03 -3.379472826442630595e-03 -7.550350411988103298e-03
1.904632271668015846e+03 -3.398149904048676680e-03 -7.402239072346188629e-03
1.904648005338569192e+03 -3.407279029068704078e-03 -7.314580608438940937e-03
1.904663707765639174e+03 -3.415286382180503840e-03 -7.219025760482665997e-03
1.904695135666376473e+03 -3.431022885062448395e-03 -7.033572309380307051e-03
1.904710838498452631e+03 -3.439850065047381049e-03 -6.940063901744958005e-03
1.904726537149022306e+03 -3.445132877497118426e-03 -6.850664124109248285e-03
1.904742238521817399e+03 -3.449971595086435885e-03 -6.765563946746495048e-03
1.904773639180169084e+03 -3.458341175292524612e-03 -6.652935082975227829e-03
1.904789343195361653e+03 -3.462182746902892246e-03 -6.619060714709031068e-03
1.904805067068432891e+03 -3.465470276900257073e-03 -6.506335971108639059e-03
1.904820797627861339e+03 -3.468564261350599951e-03 -6.532496417026033113e-03
1.904852284918471923e+03 -3.471287787619563737e-03 -6.888314775643971342e-03
1.904868045987919231e+03 -3.471313525927196501e-03 -7.176838801174790193e-03
1.904883839179244887e+03 -3.470447068387560140e-03 -7.456809978284992084e-03
1.904915383729245377e+03 -3.466554904061662501e-03 -7.763230566756846619e-03
1.904931129135161882e+03 -3.464680613825341180e-03 -8.073236142026797568e-03
1.904946862926393578e+03 -3.462731254514559310e-03 -8.096876125542181932e-03
1.904962579967394504e+03 -3.460349195278617212e-03 -8.141549229992476114e-03
1.904993971389752915e+03 -3.455577242737740539e-03 -8.325724452342569276e-03
1.905009662760513947e+03 -3.451506691200312282e-03 -8.422021521729281326e-03
1.905025350700131639e+03 -3.447610043390833719e-03 -8.536002456896370563e-03
1.905041043498986255e+03 -3.443487548919452711e-03 -8.668382166114091750e-03
1.905072484307347395e+03 -3.433226441245498198e-03 -8.949312815175866978e-03
1.905088211589743651e+03 -3.428607585781945702e-03 -9.081234450838209307e-03
1.905103968254144092e+03 -3.420557548177722684e-03 -9.230404643183497126e-03
1.905135528494235359e+03 -3.408496750400975741e-03 -9.490533892302602248e-03
1.905151320313991846e+03 -3.402915198159364631e-03 -9.579988421099680518e-03
1.905167071815588770e+03 -3.394369998900281012e-03 -9.653917797707431067e-03
1.905182815241899334e+03 -3.388155492841445505e-03 -9.699737558671496160e-03
1.905214262377225623e+03 -3.373849264099788425e-03 -9.709098588837072191e-03
1.905229959617032137e+03 -3.368585736959446922e-03 -9.678100717524781155e-03
1.905245655786058251e+03 -3.362748460192276252e-03 -9.625287177558405211e-03
1.905261353229283941e+03 -3.356525447249809196e-03 -9.568250191247556352e-03
1.905292781437129179e+03 -3.344619682565611735e-03 -9.403694656575140379e-03
1.905308498984552898e+03 -3.339432149382146661e-03 -9.310958514126837712e-03
1.905324157421866857e+03 -3.333133951216270957e-03 -9.213137957331031871e-03
1.905355482682603906e+03 -3.326992092705108317e-03 -9.013603378577298222e-03
1.905371202663921849e+03 -3.326891928802975292e-03 -8.909529108872176265e-03
1.905386978604541127e+03 -3.323833737052312842e-03 -8.800937961094018602e-03
1.905402702192714742e+03 -3.325043359512883621e-03 -8.699349781561440884e-03
1.905434030023211335e+03 -3.323328671302010033e-03 -8.488043993851850447e-03
1.905449668960731515e+03 -3.324188759222804039e-03 -8.388290694982572862e-03
1.905465287690771902e+03 -3.325541094903662620e-03 -8.289007829284648909e-03
1.905480921512195664e+03 -3.327831411193745131e-03 -8.189249416492540984e-03
1.905512248099645831e+03 -3.337706470644670985e-03 -7.991226567073824241e-03
1.905527919609692617e+03 -3.342385678382173587e-03 -7.891420560376156620e-03
1.905543596454336239e+03 -3.348171216581396960e-03 -7.801774105998558924e-03
1.905575060356509994e+03 -3.364600697029044001e-03 -7.679149874400372118e-03
1.905590850337805250e+03 -3.373247231049140982e-03 -7.603111222722810751e-03
1.905606636804489199e+03 -3.385117984147977942e-03 -7.529044309483227601e-03
1.905622385687840051e+03 -3.394027621098008943e-03 -7.457505630928239031e-03
1.905653838511981121e+03 -3.410716500438727185e-03 -7.285743498111445227e-03
1.905669548961616329e+03 -3.421128416187738195e-03 -7.189712293295374111e-03
1.905685263249122272e+03 -3.428706804896511102e-03 -7.097425455251435596e-03
1.905700962867661929e+03 -3.436729654557122392e-03 -7.005410823633076781e-03
1.905732363548448120e+03 -3.446464970427485109e-03 -6.824684180803354192e-03
1.905748066448944883e+03 -3.452650627211379438e-03 -6.739638252612744143e-03
1.905763769927340945e+03 -3.459078818334382875e-03 -6.668136052206492456e-03
1.905795182004078697e+03 -3.467000535377344917e-03 -6.579720837354662878e-03
1.905810909665577810e+03 -3.471561556746894425e-03 -6.493000657253016408e-03
1.905826633140651666e+03 -3.471323695577725743e-03 -6.566275019351892374e-03
1.905842378083760195e+03 -3.473410709920746447e-03 -6.739650422569903356e-03
1.905873914039928195e+03 -3.474003324958078488e-03 -7.271570106242220520e-03
1.905889698678365448e+03 -3.472032545599079267e-03 -7.467300878612167028e-03
1.905905484882159953e+03 -3.469860601361064636e-03 -7.542949392098550858e-03
1.905921233821911528e+03 -3.470318216460287208e-03 -7.864768749194360475e-03
1.905952699614475932e+03 -3.464362016485820865e-03 -8.100184514959179322e-03
1.905968408361941101e+03 -3.461560787419005678e-03 -8.164418612551309698e-03
1.905984101719847104e+03 -3.458258662395104124e-03 -8.259798424193250457e-03
1.906015487170008782e+03 -3.453097231692479029e-03 -8.452986057151092025e-03
1.906031178106713696e+03 -3.449990088946646057e-03 -8.571008708262587220e-03
1.906046880972628287e+03 -3.445265503178908569e-03 -8.705468192488350840e-03
1.906062601813181573e+03 -3.441201130151611779e-03 -8.846051038506072203e-03
1.906094059973003596e+03 -3.428488757274345163e-03 -9.117509596506914379e-03
1.906109820858779358e+03 -3.423069964633950347e-03 -9.266729629153057368e-03
1.906125604568560675e+03 -3.416762028827440272e-03 -9.396783871016736733e-03
1.906141389007530506e+03 -3.409255594059460836e-03 -9.511938583609519382e-03
1.906172919487978561e+03 -3.396462468575470791e-03 -9.663616235812379912e-03
1.906188663727111361e+03 -3.389026248344606009e-03 -9.697290579506162578e-03
1.906204384586441392e+03 -3.381623927407268002e-03 -9.707350595168542928e-03
1.906220090597166518e+03 -3.375535268146435865e-03 -9.695367860314088940e-03
1.906251481986722183e+03 -3.361597141685586463e-03 -9.600977381522700707e-03
1.906267178306057076e+03 -3.355889986386943833e-03 -9.544578817922201933e-03
1.906282891717117536e+03 -3.350968031132910661e-03 -9.461307259862080168e-03
1.906314322044152505e+03 -3.339099856140013804e-03 -9.279313285972088862e-03
1.906329964969519551e+03 -3.335400443021086046e-03 -9.181941441649415711e-03
1.906345616064860678e+03 -3.333323605758901388e-03 -9.082542108646675730e-03
1.906361321118088881e+03 -3.332283482521374973e-03 -8.982921484786703450e-03
1.906392821113039645e+03 -3.328120081435673693e-03 -8.769076062234294755e-03
1.906408533595426206e+03 -3.327103622839136694e-03 -8.667499500208255409e-03
1.906424197137740293e+03 -3.326467995569469798e-03 -8.560945042947971928e-03
1.906455472769838707e+03 -3.326522588532128573e-03 -8.357977127406763032e-03
1.906471089686351661e+03 -3.329334041802400283e-03 -8.257770067443314169e-03
1.906486732517738346e+03 -3.332720789198215846e-03 -8.161312736472527488e-03
1.906502395191142796e+03 -3.336134428638293844e-03 -8.059521255035067763e-03
1.906533739346407401e+03 -3.346436720880014044e-03 -7.861888447925796317e-03
1.906549427423206225e+03 -3.355035852635445456e-03 -7.779580966994360802e-03
1.906565151605532947e+03 -3.363872394523963368e-03 -7.722745876595054834e-03
1.906580919662605766e+03 -3.370714425196711522e-03 -7.656051104035866382e-03
1.906612477664070866e+03 -3.389023987796850514e-03 -7.506804172642461692e-03
1.906628228586780097e+03 -3.399722943966509113e-03 -7.432833853949305167e-03
1.906643952250386519e+03 -3.408594257006056227e-03 -7.348970031223546126e-03
1.906675384357286475e+03 -3.424949206933261808e-03 -7.160025343934640733e-03
1.906691092337702003e+03 -3.434691400022712570e-03 -7.069029459754124639e-03
1.906706795095897633e+03 -3.440693640478731993e-03 -6.976157885610077651e-03
1.906722491086318314e+03 -3.447156019238397599e-03 -6.884845329249293308e-03
1.906753892965170280e+03 -3.456624404942957359e-03 -6.714953564816682208e-03
1.906769594643822984e+03 -3.460913793061631480e-03 -6.658863438937777726e-03
1.906785298372989018e+03 -3.465545457307928501e-03 -6.651046255265578508e-03
1.906801016441248066e+03 -3.470714186316844509e-03 -6.537228351099648449e-03
1.906832473926650437e+03 -3.475464623534308111e-03 -6.606473554756868774e-03
1.906848228126713138e+03 -3.478081417948108468e-03 -6.792393030066435321e-03
1.906863986102580611e+03 -3.476455651738153720e-03 -7.041210034154485667e-03
1.906895562504234249e+03 -3.475956348606147519e-03 -7.468886131823751669e-03
1.906911327625221020e+03 -3.474613662600752138e-03 -7.610804617401292944e-03
1.906927076458338888e+03 -3.470458927775688356e-03 -7.964424777007083137e-03
1.906942815289846294e+03 -3.469968595594573584e-03 -8.105891810903532307e-03
1.906974236802115001e+03 -3.464957532280756643e-03 -8.188344863041419758e-03
1.906989927098796215e+03 -3.461995763278860085e-03 -8.284447462273849747e-03
1.907005618328931405e+03 -3.458003670484102992e-03 -8.375311774956062730e-03
1.907021308449199751e+03 -3.453905711388549800e-03 -8.483554192477251940e-03
1.907052711281148277e+03 -3.446314157569574377e-03 -8.742753128255068701e-03
1.907068437516830954e+03 -3.440755117561206632e-03 -8.881413286200885368e-03
1.907084160246690089e+03 -3.436211947541750137e-03 -9.011068761539941033e-03
1.907115669837784935e+03 -3.423158995104143114e-03 -9.301206055887609875e-03
1.907131465414218155e+03 -3.417718022897752849e-03 -9.425849521846382112e-03
1.907147255756163077e+03 -3.411111388492845189e-03 -9.530527981454229094e-03
1.907163014297036398e+03 -3.403997742983170399e-03 -9.609856639605127496e-03
1.907194499438489174e+03 -3.390102315674520684e-03 -9.693955719083617931e-03
1.907210218112196344e+03 -3.384452831229403918e-03 -9.698701339723888454e-03
1.907225920369545065e+03 -3.377485983253549710e-03 -9.677705125776635622e-03
1.907241614392893325e+03 -3.370595558860170482e-03 -9.633515352981788377e-03
1.907273004930190837e+03 -3.357507368312396233e-03 -9.513624732483549548e-03
1.907288726474490204e+03 -3.351180517658181122e-03 -9.430058824944253376e-03
1.907304457364998143e+03 -3.345970088166972615e-03 -9.340063404903909891e-03
1.907320133468890617e+03 -3.341500203169002307e-03 -9.245108008220691634e-03
1.907351440032831761e+03 -3.337241513155473314e-03 -9.049717212024650098e-03
1.907367155337734857e+03 -3.333358278910744134e-03 -8.948946136017385880e-03
1.907382917808078219e+03 -3.332158099129083843e-03 -8.840254825256358556e-03
1.907414353788075459e+03 -3.327126646994550945e-03 -8.632500352100053523e-03
1.907430002311482212e+03 -3.328474330193859770e-03 -8.526507041495488479e-03
1.907445653417067433e+03 -3.332103361874394921e-03 -8.425091867262434614e-03
1.907461271869756956e+03 -3.332256977459243340e-03 -8.324803985936532480e-03
1.907492550757520803e+03 -3.337021015186229789e-03 -8.127551673812323865e-03
1.907508216102604365e+03 -3.341063371140216235e-03 -8.026893375710051834e-03
1.907523885481069328e+03 -3.346418603472548284e-03 -7.926833635920912599e-03
1.907555258556963736e+03 -3.358416122154681688e-03 -7.759349500147616485e-03
1.907571000450756401e+03 -3.365676722958206059e-03 -7.702165074821335292e-03
1.907586783654098099e+03 -3.377964027647838239e-03 -7.630024083606813320e-03
1.907602580304993580e+03 -3.386669883215476153e-03 -7.553296260228821273e-03
1.907634059470403372e+03 -3.405727375269162853e-03 -7.405558584354485392e-03
1.907649792331966410e+03 -3.415567831433304578e-03 -7.318143317524715766e-03
1.907665493260470839e+03 -3.422259369282757997e-03 -7.222717940700346638e-03
1.907681213726955320e+03 -3.432085114219310309e-03 -7.128589413434757195e-03
1.907712618765695197e+03 -3.446470313846546063e-03 -6.944533275521542343e-03
1.907728315984334358e+03 -3.453131260084511996e-03 -6.854956386034800203e-03
1.907744019410135479e+03 -3.458618022844332871e-03 -6.769367309121898310e-03
1.907775421524090689e+03 -3.467157181179954511e-03 -6.657829389843755025e-03
1.907791126024966388e+03 -3.471268960804759982e-03 -6.622568317320324215e-03
1.907806852632745176e+03 -3.474473393560755657e-03 -6.502076176154796341e-03
1.907822581625061957e+03 -3.476917590944579237e-03 -6.511557162649742915e-03
1.907854075775009960e+03 -3.478814588939650298e-03 -6.849163121495988743e-03
1.907869838689936614e+03 -3.480263152039769596e-03 -7.134097574752822427e-03
1.907885630983148985e+03 -3.479136775324135483e-03 -7.395323452407740264e-03
1.907901421917623338e+03 -3.479125389095324983e-03 -7.482434987758631445e-03
1.907932916506627635e+03 -3.474225761043223289e-03 -8.035712292872003101e-03
1.907948646788307997e+03 -3.472089055160638461e-03 -8.099836200893214405e-03
1.907964362282047432e+03 -3.468853089764750361e-03 -8.125169912701360464e-03
1.907980057901078453e+03 -3.467435096284637863e-03 -8.211909499983004526e-03
1.908011444700125139e+03 -3.461821769134034148e-03 -8.403532872692248343e-03
1.908027134540123825e+03 -3.457592175187702236e-03 -8.515621775716780001e-03
1.908042827771516158e+03 -3.453634042198803177e-03 -8.643714041558666489e-03
1.908074268032854889e+03 -3.442677797833450237e-03 -8.914393477260612597e-03
1.908089999622672849e+03 -3.438165832373283552e-03 -9.046473308209186659e-03
1.908105759424320468e+03 -3.430687477408216231e-03 -9.197740090923551062e-03
1.908121525607129797e+03 -3.425629354428635226e-03 -9.334028663410674775e-03
1.908153111050077086e+03 -3.411687492265288481e-03 -9.547788173805690087e-03
1.908168862067682085e+03 -3.404929129749412284e-03 -9.626412811870911634e-03
1.908184603238175441e+03 -3.398317217394786725e-03 -9.672356237696118006e-03
1.908200330881898253e+03 -3.391297884591690411e-03 -9.690258064175432534e-03
1.908231741035300274e+03 -3.377600680496130065e-03 -9.658537803066401597e-03
1.908247437345508615e+03 -3.372395264418935352e-03 -9.608479211650746907e-03
1.908263132726823869e+03 -3.366751110939958033e-03 -9.553437375105170576e-03
1.908294565594453616e+03 -3.354667268667464990e-03 -9.394974164975474634e-03
1.908310281243604322e+03 -3.350150797902906596e-03 -9.305172909184904889e-03
1.908325938202135148e+03 -3.342783413505298357e-03 -9.210128584143771266e-03
1.908341585083464679e+03 -3.341488207975565686e-03 -9.112438230391078225e-03
1.908372994282710579e+03 -3.336800665600304916e-03 -8.911288627016665867e-03
1.908388768672158903e+03 -3.335003712780153055e-03 -8.803182239227852479e-03
1.908404490432870034e+03 -3.335018135033618759e-03 -8.700570715258947041e-03
1.908420170409702223e+03 -3.332667290360189112e-03 -8.595679670422998533e-03
1.908451449559894399e+03 -3.332868839518376373e-03 -8.390944275137703426e-03
1.908467067150033699e+03 -3.335244282514351552e-03 -8.290411926749846269e-03
1.908482702868587012e+03 -3.337200341880103890e-03 -8.191189879062452800e-03
1.908514033729494258e+03 -3.346825385446748624e-03 -7.992144221854334887e-03
1.908529705631150136e+03 -3.352774553482861311e-03 -7.891679390072063593e-03
1.908545387508121394e+03 -3.357975702774509182e-03 -7.801394461393336421e-03
1.908561095166256564e+03 -3.366658634259125926e-03 -7.738655603426462977e-03
1.908592645249496400e+03 -3.382186621076333291e-03 -7.601528168500508442e-03
1.908608424092252108e+03 -3.394222090772180695e-03 -7.527170625532996623e-03
1.908624174935987185e+03 -3.402567298819699024e-03 -7.455489564977384361e-03
1.908655616258965210e+03 -3.418968789644218163e-03 -7.283993823274862237e-03
1.908671326619351021e+03 -3.430903903709461768e-03 -7.188439205363224282e-03
1.908687040121747259e+03 -3.437274211712805852e-03 -7.096418102319315517e-03
1.908702738024828022e+03 -3.444510273267538825e-03 -7.005226913774467365e-03
1.908734137253025210e+03 -3.455275001762552183e-03 -6.825455619007674349e-03
1.908749840877441784e+03 -3.460690937587072424e-03 -6.739390795970200826e-03
1.908765544328405895e+03 -3.467090584035420215e-03 -6.667510699997610847e-03
1.908781246412572727e+03 -3.473086652505383721e-03 -6.659597796187325010e-03
1.908812689461534774e+03 -3.480335436627114438e-03 -6.481201942899220310e-03
1.908828411852242425e+03 -3.481100053552848780e-03 -6.535493610699445732e-03
1.908844161629717973e+03 -3.482723782684499312e-03 -6.694397809822220935e-03
1.908875704908127091e+03 -3.484418527070133175e-03 -7.222141599184189742e-03
1.908891485279227254e+03 -3.482191304347785187e-03 -7.417085814042767566e-03
1.908907266341331251e+03 -3.480495249560297023e-03 -7.518217452624155819e-03
1.908923015049784908e+03 -3.479913706810551770e-03 -7.798204739079553187e-03
1.908954478893090027e+03 -3.474454455996833259e-03 -8.094786860442874585e-03
1.908970184045027281e+03 -3.472466544484192116e-03 -8.139441736633071245e-03
1.908985876721847262e+03 -3.469094785312826744e-03 -8.232617758187144377e-03
1.909001569588528810e+03 -3.465787458693079734e-03 -8.327185365289230257e-03
1.909032953159249246e+03 -3.459976267041461450e-03 -8.548319569353084180e-03
1.909048656994614021e+03 -3.456249783259058954e-03 -8.680025902299924948e-03
1.909064382647506136e+03 -3.450432476608446524e-03 -8.816382030251391014e-03
1.909080097870468535e+03 -3.445560098015652741e-03 -8.943337786137402559e-03
1.909111604224781559e+03 -3.433512018173813692e-03 -9.236640828058573921e-03
1.909127392125929418e+03 -3.428317254031464870e-03 -9.364259038679685967e-03
1.909143176279866111e+03 -3.420646459103276939e-03 -9.478146670835296828e-03
1.909174701302203630e+03 -3.406491862468340008e-03 -9.637621356926227151e-03
1.909190443227080550e+03 -3.400710569058198064e-03 -9.672009185948670165e-03
1.909206165179338541e+03 -3.393047369931205624e-03 -9.685114423804644032e-03
1.909221867275432260e+03 -3.386961135143726036e-03 -9.673857271254674220e-03
1.909253257225355583e+03 -3.372845678469087952e-03 -9.583537059744349704e-03
1.909268952667782060e+03 -3.366486927565489392e-03 -9.527826946856384621e-03
1.909284665790954477e+03 -3.361055923602153037e-03 -9.449843607733959816e-03
1.909300400694259224e+03 -3.356467473655229319e-03 -9.362390407444857315e-03
1.909331742824091407e+03 -3.346690178537983264e-03 -9.176813037366216702e-03
1.909347397991425169e+03 -3.345584194098342838e-03 -9.079482845686517173e-03
1.909363106596612170e+03 -3.342688391742511603e-03 -8.981330740116207079e-03
1.909394606191026242e+03 -3.338712455990361979e-03 -8.768259026357062835e-03
1.909410315304458663e+03 -3.337218641969320887e-03 -8.666531693809287687e-03
1.909425974143269741e+03 -3.337061661387636605e-03 -8.560611203200013328e-03
1.909441627500726554e+03 -3.337366392300037971e-03 -8.457225291720511101e-03
1.909472868334898294e+03 -3.340012175430717972e-03 -8.257294747986552996e-03
1.909488511830185871e+03 -3.343193810751240395e-03 -8.160211884940076627e-03
1.909504176785477284e+03 -3.346932394060299961e-03 -8.058398865500424404e-03
1.909535522895174836e+03 -3.356003898611301019e-03 -7.860135250013267766e-03
1.909551213179481920e+03 -3.363467593991426984e-03 -7.777411400366816656e-03
1.909566937999068614e+03 -3.372860547504431209e-03 -7.719165794855723829e-03
1.909582711132542272e+03 -3.380000912243994512e-03 -7.652829803442442666e-03
1.909614261924480161e+03 -3.398001543308823598e-03 -7.503433470029603237e-03
1.909630008361928049e+03 -3.409094687260837749e-03 -7.428930392775790446e-03
1.909645733378416026e+03 -3.417989347780367622e-03 -7.345078724634561233e-03
1.909661437496238932e+03 -3.427421464579332843e-03 -7.251621150787044071e-03
1.909692863352742734e+03 -3.443541744586166645e-03 -7.065941129061556643e-03
1.909708566201004487e+03 -3.451757843325479070e-03 -6.973717354974432597e-03
1.909724263557278618e+03 -3.456466685055054836e-03 -6.882732210425487711e-03
1.909755664963003937e+03 -3.466708756788310173e-03 -6.712018819735821908e-03
1.909771365661429172e+03 -3.470746274456461711e-03 -6.656209498271425593e-03
1.909787069823781394e+03 -3.475047138145842627e-03 -6.649774676251513778e-03
1.909802791272682271e+03 -3.479499444398586553e-03 -6.531479852866763948e-03
1.909834253505761581e+03 -3.485428550749965649e-03 -6.567772158590246337e-03
1.909850007502889184e+03 -3.488057886572338250e-03 -6.742438397097187501e-03
1.909865766655949756e+03 -3.486298367273178104e-03 -6.997186132691879910e-03
1.909881559756040815e+03 -3.486586134069473691e-03 -7.292218780025341678e-03
1.909913105496461412e+03 -3.483986549846837880e-03 -7.574931610507198640e-03
1.909928853038306215e+03 -3.480818417866679299e-03 -7.895432358938679965e-03
1.909944590089075973e+03 -3.479944742808543847e-03 -8.093897492511766684e-03
1.909960308243413238e+03 -3.478757815071457666e-03 -8.094993230710239088e-03
1.909991701074581897e+03 -3.472836359607234160e-03 -8.255454173090129646e-03
1.910007390967147103e+03 -3.469263607788114316e-03 -8.351322078983227509e-03
1.910023080393125610e+03 -3.465304003807438953e-03 -8.459575174807656625e-03
1.910054486613806603e+03 -3.456965098896540908e-03 -8.716341523331337313e-03
1.910070212897759120e+03 -3.452393152061839030e-03 -8.847013312476462166e-03
1.910085936756799128e+03 -3.447742942261227111e-03 -8.973340991202250275e-03
1.910101688492810808e+03 -3.441596065398733629e-03 -9.123994267552785337e-03
1.910133246798485288e+03 -3.428567688495258621e-03 -9.396130649726589304e-03
1.910149040071939680e+03 -3.422918269438947336e-03 -9.499690170040790346e-03
1.910164793378382683e+03 -3.414578121325685320e-03 -9.586750385680749276e-03
1.910180539147734635e+03 -3.407623741988610559e-03 -9.648278846494443700e-03
1.910211991951536675e+03 -3.395130431880336291e-03 -9.683002632791391784e-03
1.910227690478386648e+03 -3.389383992779547092e-03 -9.662767611155519479e-03
1.910243388090877261e+03 -3.382544791155941456e-03 -9.620637105881396992e-03
1.910274776858212135e+03 -3.369404937499246092e-03 -9.504855163683831668e-03
1.910290496897227740e+03 -3.363355519056684083e-03 -9.424394523767806037e-03
1.910306229694256672e+03 -3.357708596817038978e-03 -9.337309784584042066e-03
1.910321905724638100e+03 -3.353053815134851047e-03 -9.245415545440770558e-03
1.910353225479750790e+03 -3.346113494951975624e-03 -9.053782116530177670e-03
1.910368937555790126e+03 -3.344657690244725104e-03 -8.953910496001728225e-03
1.910384703039779197e+03 -3.341678919586443287e-03 -8.845854345735666008e-03
1.910400443996089734e+03 -3.341722873175062732e-03 -8.742176577027974821e-03
1.910431780000311392e+03 -3.339583855770801146e-03 -8.531364175158453328e-03
1.910447428870255408e+03 -3.342191643765119336e-03 -8.430397895049547563e-03
1.910463048104265908e+03 -3.342014765892440103e-03 -8.329385157127723940e-03
1.910494328915585356e+03 -3.347939163825301278e-03 -8.130467912188186694e-03
1.910510000422716985e+03 -3.351148141662953911e-03 -8.029885065643189296e-03
1.910525670528758610e+03 -3.356012982397179462e-03 -7.929338418846638981e-03
1.910541345267036149e+03 -3.361371595637247574e-03 -7.833416596533662041e-03
1.910572788890119455e+03 -3.375308554500743106e-03 -7.702313416998876963e-03
1.910588573375200667e+03 -3.386048742709773032e-03 -7.631052656774378086e-03
1.910604367836353049e+03 -3.395401153414945826e-03 -7.553704212948353022e-03
1.910620111611829543e+03 -3.405416242729304623e-03 -7.483583243244295614e-03
1.910651567150755227e+03 -3.423628259791113709e-03 -7.319100488056467894e-03
1.910667269733401554e+03 -3.430967208710595292e-03 -7.224238253658581133e-03
1.910682985882000594e+03 -3.440633233706592072e-03 -7.129999809990138909e-03
1.910714388634063198e+03 -3.454068341027986908e-03 -6.947099912258596771e-03
1.910730086535108967e+03 -3.460693059728642100e-03 -6.856895827233158713e-03
1.910745788793839665e+03 -3.467052130511982713e-03 -6.770696619575402794e-03
1.910761494741636852e+03 -3.472258656289344252e-03 -6.689190258131384563e-03
1.910792900206567310e+03 -3.480680131635153184e-03 -6.624877003217466594e-03
1.910808628639643530e+03 -3.484418872656900278e-03 -6.498324324043503603e-03
1.910824355407045687e+03 -3.485564598668594322e-03 -6.490213928877770592e-03
1.910840095540724406e+03 -3.488810569049138281e-03 -6.607510968052186622e-03
1.910871623209511426e+03 -3.489569360368338560e-03 -7.090848962707446169e-03
1.910887413486488413e+03 -3.488102730312650501e-03 -7.339173644877308722e-03
1.910903202441330905e+03 -3.487168448856747035e-03 -7.450438530652913303e-03
1.910934694075516745e+03 -3.484006214738633554e-03 -7.979703545031992945e-03
1.910950421007871910e+03 -3.481783247513590366e-03 -8.095841686045423050e-03
1.910966133907319090e+03 -3.478470983253203249e-03 -8.104977263858314726e-03
1.910981828808852697e+03 -3.476279756121582101e-03 -8.181130650336149515e-03
1.911013214254639479e+03 -3.472139197419574132e-03 -8.378544228701366794e-03
1.911028907174365486e+03 -3.468308472899708349e-03 -8.491456417805067977e-03
1.911044603426382764e+03 -3.463817593319322603e-03 -8.617846231779703256e-03
1.911060322948625981e+03 -3.460681510995694717e-03 -8.752296646461319926e-03
1.911091777794883455e+03 -3.448172382167748618e-03 -9.009689443030845929e-03
1.911107537626779958e+03 -3.442068663489186719e-03 -9.165101409042480593e-03
1.911123310925700480e+03 -3.435865073337175495e-03 -9.307378284490942788e-03
1.911154890266564735e+03 -3.421268190608358403e-03 -9.524047504115441126e-03
1.911170639692798431e+03 -3.416680745948925089e-03 -9.609616221773894032e-03
1.911186381611093793e+03 -3.408955162337998484e-03 -9.659320197313274112e-03
1.911202106173738457e+03 -3.401888721031420815e-03 -9.682643136306748333e-03
1.911233512120310252e+03 -3.387989444484110647e-03 -9.656089549679629583e-03
1.911249208461706758e+03 -3.382339595932838065e-03 -9.609100417290013935e-03
1.911264903789182426e+03 -3.377041902660081561e-03 -9.556149850813107360e-03
1.911280606059506681e+03 -3.371225369983176304e-03 -9.487927623717891737e-03
1.911312052814324943e+03 -3.360739304857536958e-03 -9.317028551500747616e-03
1.911327710710111887e+03 -3.353890431010067910e-03 -9.224586444876163582e-03
1.911343363027312989e+03 -3.350946990178528193e-03 -9.128587117505053070e-03
1.911374780762555702e+03 -3.347447394783132756e-03 -8.929634211350481049e-03
1.911390553219409185e+03 -3.345819772014324740e-03 -8.820882098586396367e-03
1.911406275304770816e+03 -3.344458753721766663e-03 -8.718021024780675185e-03
1.911421949270507184e+03 -3.342653040834286590e-03 -8.612411915200231943e-03
1.911453229300028170e+03 -3.341594271058789378e-03 -8.407112472609524004e-03
1.911468846116645409e+03 -3.344173757133771241e-03 -8.304971238180306609e-03
1.911484482705805931e+03 -3.346443825045709430e-03 -8.206609596289092881e-03
1.911500144620835272e+03 -3.349484385224005267e-03 -8.105239071627728248e-03
1.911531493207877702e+03 -3.360647125118008428e-03 -7.904484936364909037e-03
1.911547177121329469e+03 -3.367089641686490161e-03 -7.812970783366365510e-03
1.911562887257764487e+03 -3.374849145119839400e-03 -7.747245250319893112e-03
1.911594439901430633e+03 -3.389884173361334095e-03 -7.611826309312091920e-03
1.911610211047448502e+03 -3.400416049012247675e-03 -7.536673756672116267e-03
1.911625962259774724e+03 -3.409547374100670332e-03 -7.465663584012616032e-03
1.911641677526976537e+03 -3.417645295076219940e-03 -7.385969776445468725e-03
1.911673105919525369e+03 -3.436722378804115373e-03 -7.200208541335868968e-03
1.911688816730182452e+03 -3.444298567144823443e-03 -7.108020415648319199e-03
1.911704513893559124e+03 -3.450491720732468907e-03 -7.017154142447853266e-03
1.911720212512999069e+03 -3.458036584335678204e-03 -6.923983871922463791e-03
1.911751615727277795e+03 -3.467467574569113326e-03 -6.750024801735506411e-03
1.911767318818035392e+03 -3.472934854883786594e-03 -6.674586473101378099e-03
1.911783021808926378e+03 -3.479029555703353361e-03 -6.666150853465764234e-03
1.911814469791399006e+03 -3.486027524431084979e-03 -6.481802924084614434e-03
1.911830191674748903e+03 -3.488519683927314343e-03 -6.515315687236653691e-03
1.911845945258437041e+03 -3.490295406453039224e-03 -6.654037804220195446e-03
1.911861704278833031e+03 -3.491275701338544812e-03 -6.870149597359628650e-03
1.911893272751394079e+03 -3.490187590444973360e-03 -7.368463013578457378e-03
1.911909046934186108e+03 -3.489242622615178636e-03 -7.492574144715278932e-03
1.911924796136391706e+03 -3.486594812504731442e-03 -7.743747558346687071e-03
1.911940537271097583e+03 -3.485916652449779028e-03 -8.043899212697555937e-03
1.911971960253566976e+03 -3.480899919262982114e-03 -8.120173738739562205e-03
1.911987652375548123e+03 -3.477851053393558357e-03 -8.205315902479177678e-03
1.912003344664166889e+03 -3.474163466955740298e-03 -8.304407370761148974e-03
1.912034727993526076e+03 -3.467493173615505530e-03 -8.526078167787607895e-03
1.912050434734698229e+03 -3.464637712875956194e-03 -8.656302861111676156e-03
1.912066160321950292e+03 -3.458106125356867101e-03 -8.788535604576657931e-03
1.912081878413394179e+03 -3.454180567179470761e-03 -8.911909586107300690e-03
1.912113386413490616e+03 -3.441519090183873478e-03 -9.207889278925702331e-03
1.912129178662863751e+03 -3.436859126741816269e-03 -9.345039425446457007e-03
1.912144964182936747e+03 -3.429629861160522677e-03 -9.459564885461221873e-03
1.912160733380269676e+03 -3.423369900585205260e-03 -9.552855337167541136e-03
1.912192221901392941e+03 -3.409388872218851139e-03 -9.672993299814970983e-03
1.912207944305008141e+03 -3.402882189401141774e-03 -9.692118371311213981e-03
1.912223644475783203e+03 -3.395849787146441607e-03 -9.684412082454773793e-03
1.912255032341175138e+03 -3.382147918358540967e-03 -9.601598742572674608e-03
1.912270726756129761e+03 -3.375483233389430047e-03 -9.547913399276453800e-03
1.912286436984832562e+03 -3.369406832676962674e-03 -9.475649844120680523e-03
1.912302174640052272e+03 -3.364685876990179767e-03 -9.389989459480187900e-03
1.912333523611854616e+03 -3.355278368667134747e-03 -9.208450469293479046e-03
1.912349185962067850e+03 -3.354992242696346310e-03 -9.112970266066963351e-03
1.912364895655828150e+03 -3.349810620250072164e-03 -9.015295635247035089e-03
1.912380639965753744e+03 -3.350099925178336331e-03 -8.909290452952755429e-03
1.912412104412798271e+03 -3.343512804070190511e-03 -8.698350138931189995e-03
1.912427759900470619e+03 -3.343623894802923158e-03 -8.591623306213540257e-03
1.912443413987042277e+03 -3.345131590243184509e-03 -8.488078144241800391e-03
1.912474657445395678e+03 -3.346766569172784141e-03 -8.285673530537971537e-03
1.912490301672877422e+03 -3.349149848404353331e-03 -8.186962068306057744e-03
1.912505968872246058e+03 -3.352865958051181369e-03 -8.084643307112561808e-03
1.912521643376578368e+03 -3.357133005202966088e-03 -7.983693896197375031e-03
1.912553011093486475e+03 -3.367536999259468974e-03 -7.799173258042956317e-03
1.912568738280698881e+03 -3.375756491173255436e-03 -7.737943637472111287e-03
1.912584514245729679e+03 -3.385095007374547445e-03 -7.674589007038243142e-03
1.912600312561350165e+03 -3.394755315980398265e-03 -7.596198566401213444e-03
1.912631799881153484e+03 -3.412968720115999548e-03 -7.450918256946728602e-03
1.912647526954879368e+03 -3.421850180215500661e-03 -7.367694453639101262e-03
1.912663224235411917e+03 -3.430279411902728993e-03 -7.274933872905142186e-03
1.912694646221351604e+03 -3.446545670553795293e-03 -7.089257570414787303e-03
1.912710348010243706e+03 -3.456023244696432295e-03 -6.997264197925539241e-03
1.912726047168702507e+03 -3.461056845866668057e-03 -6.905717384266716122e-03
1.912741748040264838e+03 -3.466296360499998997e-03 -6.818260510515702227e-03
1.912773150250375693e+03 -3.475387877158545805e-03 -6.670902695703652061e-03
1.912788854790192090e+03 -3.479661983920916742e-03 -6.667112591807529409e-03
1.912804579032910624e+03 -3.483475119536837659e-03 -6.554558310253463804e-03
1.912820310789885298e+03 -3.486995226584744135e-03 -6.482353521117122271e-03
1.912851798675140344e+03 -3.491123541896368546e-03 -6.708642646153677343e-03
1.912867560091746554e+03 -3.491097712868205735e-03 -6.956501404108826614e-03
1.912883353115104455e+03 -3.490865245333242984e-03 -7.267882589434200048e-03
1.912914896495290122e+03 -3.487915372506924030e-03 -7.554001541600786213e-03
1.912930642355346208e+03 -3.486207747274865966e-03 -7.843206049246905301e-03
1.912946376869828782e+03 -3.484787911723611145e-03 -8.084479999389139471e-03
1.912962093988013521e+03 -3.483134604838286370e-03 -8.099043875566629830e-03
1.912993486961224335e+03 -3.478678140933246215e-03 -8.235708492878192691e-03
1.913009177379081848e+03 -3.475020611992004488e-03 -8.335744433252412211e-03
1.913024865607943411e+03 -3.471403980401627579e-03 -8.442941992174764904e-03
1.913040558493809158e+03 -3.467556174466462221e-03 -8.565922385522759669e-03
1.913071999318733788e+03 -3.458166373085964831e-03 -8.827094583360381441e-03
1.913087725456722183e+03 -3.453714347897473072e-03 -8.950484541780113698e-03
1.913103480720727930e+03 -3.446024420536715482e-03 -9.099397553300025976e-03
1.913135039914312529e+03 -3.434194345179900076e-03 -9.382912558451824911e-03
1.913150832573629714e+03 -3.428921661141099472e-03 -9.489112319556333719e-03
1.913166584900688576e+03 -3.420262123185662494e-03 -9.582337473778923878e-03
1.913182328896605895e+03 -3.414123252981309756e-03 -9.648364706747633926e-03
1.913213777190127757e+03 -3.400224218819865307e-03 -9.695119144264576286e-03
1.913229474138740670e+03 -3.395064548996131696e-03 -9.678798730145947785e-03
1.913245169923784033e+03 -3.389028943658022909e-03 -9.639924751960324972e-03
1.913260867027493987e+03 -3.382239539406869423e-03 -9.587999471271164281e-03
1.913292278835622255e+03 -3.369917666677071239e-03 -9.450588056132164239e-03
1.913308011925532128e+03 -3.364481105218822699e-03 -9.367089496534194287e-03
1.913323688158501454e+03 -3.358574071229766464e-03 -9.277068643000060608e-03
1.913355026978477099e+03 -3.350409852351093291e-03 -9.088130558877392101e-03
1.913370736077557240e+03 -3.350606891610637215e-03 -8.988817319727121155e-03
1.913386506035909633e+03 -3.347018190506370009e-03 -8.880460068096234991e-03
1.913402243196880363e+03 -3.347204070555308449e-03 -8.775750693685408291e-03
1.913433576647051723e+03 -3.344563446657128000e-03 -8.563078808433120803e-03
1.913449220999873887e+03 -3.344885902036541080e-03 -8.461474243903257045e-03
1.913464840318410097e+03 -3.345558193867089695e-03 -8.359696106070740526e-03
1.913480469258593303e+03 -3.347144086713648228e-03 -8.257399857243033839e-03
1.913511799676989995e+03 -3.355437573457971823e-03 -8.056513902387018797e-03
1.913527475443309868e+03 -3.359255285540078354e-03 -7.954742811363794616e-03
1.913543151419363312e+03 -3.364324393086089420e-03 -7.858122866416992341e-03
1.913574597254602622e+03 -3.378784263416171382e-03 -7.722369904944671043e-03
1.913590383491476359e+03 -3.386827401427955787e-03 -7.653267675874068574e-03
1.913606174175703472e+03 -3.398084932252539488e-03 -7.574908611077378791e-03
1.913621919108927159e+03 -3.406979177920425438e-03 -7.504248863451304201e-03
1.913653363082764827e+03 -3.423704247901727862e-03 -7.341003092382649732e-03
1.913669067493576904e+03 -3.433525151137300363e-03 -7.246515325444696613e-03
1.913684778241523873e+03 -3.441893656195761046e-03 -7.152504695644549410e-03
1.913700476120922076e+03 -3.450445214692577419e-03 -7.062580173304235272e-03
1.913731876783953112e+03 -3.461092462573931664e-03 -6.879344063509644502e-03
1.913747580430102062e+03 -3.467661525286842589e-03 -6.791840702984069771e-03
1.913763284544615090e+03 -3.474132975869773446e-03 -6.707712887174149471e-03
1.913794696545759734e+03 -3.482892867407097991e-03 -6.646181335596185527e-03
1.913810425158017324e+03 -3.487677155167562618e-03 -6.517081174721838649e-03
1.913826150024729714e+03 -3.487940997306270257e-03 -6.489235207237215551e-03
1.913841894816529930e+03 -3.490658385108287489e-03 -6.584914628625005220e-03
1.913873430359698204e+03 -3.492225754869030408e-03 -7.051980278107331662e-03
1.913889215765055269e+03 -3.490707945378562337e-03 -7.322649361832543613e-03
1.913905001877383711e+03 -3.489056621410696266e-03 -7.414585603279710488e-03
1.913920750865902846e+03 -3.489812002509162271e-03 -7.628453922960158270e-03
1.913952216477012144e+03 -3.484892959491752828e-03 -8.098840062518689389e-03
1.913967926092267817e+03 -3.482263012998301852e-03 -8.103418056762470845e-03
1.913983620200578798e+03 -3.479482106586162093e-03 -8.164218257524726366e-03
1.914015005998875495e+03 -3.475383725012760622e-03 -8.365743467439583705e-03
1.914030697118718081e+03 -3.472415985321391282e-03 -8.479199099310170962e-03
1.914046399520035720e+03 -3.467862188490724706e-03 -8.606073620649431696e-03
1.914062119548622832e+03 -3.464545601028051411e-03 -8.738011972683649292e-03
1.914093576725730827e+03 -3.452045186701723032e-03 -8.989894677855011715e-03
1.914109337060140888e+03 -3.446817232938510084e-03 -9.148058862397875912e-03
1.914125118210288065e+03 -3.440459570884917342e-03 -9.290834129631409324e-03
1.914140903941817669e+03 -3.433253266539861622e-03 -9.414375610133722191e-03
1.914172436555087643e+03 -3.421077565230874057e-03 -9.604114458874862120e-03
1.914188180741353563e+03 -3.413439039822412178e-03 -9.657778721131613300e-03
1.914203901948275188e+03 -3.406239952137847440e-03 -9.686095603508186602e-03
1.914235303320944695e+03 -3.392835785248114223e-03 -9.665903313608130779e-03
1.914250999299650857e+03 -3.386417145398122868e-03 -9.621409883615606937e-03
1.914266694625843684e+03 -3.380614562966472152e-03 -9.569897121615917809e-03
1.914282395667781884e+03 -3.375295613396122902e-03 -9.506152523717266087e-03
1.914313844787133576e+03 -3.363952628297832512e-03 -9.338892909410284604e-03
1.914329502899059207e+03 -3.359046595709373403e-03 -9.247937033779338178e-03
1.914345161954273635e+03 -3.355225302623545021e-03 -9.153842181225462296e-03
1.914360867111280413e+03 -3.354456638461437382e-03 -9.058437814352155934e-03
1.914392360426422556e+03 -3.349783696162869379e-03 -8.846916452066271377e-03
1.914408082635210576e+03 -3.348002070406430348e-03 -8.743759114879273014e-03
1.914423751927167359e+03 -3.346589881691404422e-03 -8.636578313110883365e-03
1.914455031538131834e+03 -3.345084189089160467e-03 -8.430058771763272035e-03
1.914470647174156738e+03 -3.347220311899387537e-03 -8.326938027711030393e-03
1.914486285902497457e+03 -3.349886326800795462e-03 -8.228458697883325040e-03
1.914501949921997721e+03 -3.352738671955260603e-03 -8.125579777545261645e-03
1.914533303261447145e+03 -3.361810110994821639e-03 -7.923516779581680700e-03
1.914548987760457067e+03 -3.369501867697760004e-03 -7.830818127401540513e-03
1.914564702139396786e+03 -3.377126854361134183e-03 -7.761411233693165691e-03
1.914580460713417551e+03 -3.383156383216241736e-03 -7.702681455218399718e-03
1.914612021338378099e+03 -3.400507791112647709e-03 -7.551304182889487411e-03
1.914627769033135564e+03 -3.410982281895911898e-03 -7.480093920565630827e-03
1.914643486368684535e+03 -3.419489941966723755e-03 -7.400343997533611468e-03
1.914674908478738871e+03 -3.436623687777211680e-03 -7.215403525213298641e-03
1.914690613464175840e+03 -3.446426784700541788e-03 -7.123029975061550070e-03
1.914706313894164396e+03 -3.452445576496293144e-03 -7.032634312041987149e-03
1.914722009926926603e+03 -3.459659807105749333e-03 -6.939847151155281724e-03
1.914753413953133531e+03 -3.469669023885835462e-03 -6.764315442970248067e-03
1.914769116109484003e+03 -3.474502572225029052e-03 -6.685461715219180936e-03
1.914784820143282332e+03 -3.479684040589963931e-03 -6.676331155980932790e-03
1.914800538478268436e+03 -3.485320689712652961e-03 -6.606055476301995674e-03
1.914831996715516880e+03 -3.490779817633799919e-03 -6.503541008841169820e-03
1.914847752054089142e+03 -3.493631811396569805e-03 -6.621176412433800972e-03
1.914863511041957281e+03 -3.492981771345836633e-03 -6.827451986126641288e-03
1.914895085247683028e+03 -3.493290952701299818e-03 -7.345282058205346645e-03
1.914910851131546679e+03 -3.492545922214122887e-03 -7.453146749462851925e-03
1.914926599858656800e+03 -3.488875440971285317e-03 -7.707717191763814243e-03
1.914942338910683702e+03 -3.488861775031735189e-03 -8.010165230697396596e-03
1.914973760625862269e+03 -3.484539470621917778e-03 -8.110692088858681773e-03
1.914989451807497289e+03 -3.481963968662394465e-03 -8.187417075788154183e-03
1.915005143549523382e+03 -3.478279456766902433e-03 -8.289497559022402859e-03
1.915020833829848925e+03 -3.474605111418968637e-03 -8.395605923404972706e-03
1.915052236281583646e+03 -3.467975089168153207e-03 -8.644880722353696575e-03
1.915067962167029236e+03 -3.462380709753957574e-03 -8.770197479329019594e-03
1.915083684107125691e+03 -3.458238714876096017e-03 -8.890222095500541211e-03
1.915115192608000370e+03 -3.445631842059549040e-03 -9.192425808630829559e-03
1.915130987300135303e+03 -3.440660019352176444e-03 -9.324588493168303044e-03
1.915146776883094162e+03 -3.434041462051278838e-03 -9.440745167207151289e-03
1.915162537984706432e+03 -3.427308830483334016e-03 -9.543214209330217607e-03
1.915194024074829258e+03 -3.413594366958200635e-03 -9.665732407747446714e-03
1.915209742950702093e+03 -3.407998666950980745e-03 -9.686745507510950010e-03
1.915225445075846892e+03 -3.400834693863879696e-03 -9.681360600131768898e-03
1.915241137923744873e+03 -3.394137016028417938e-03 -9.651975617418321468e-03
1.915272525084875724e+03 -3.380715584149590527e-03 -9.551313521308066670e-03
1.915288233875462765e+03 -3.374461692872586169e-03 -9.480470756732618798e-03
1.915303973343989810e+03 -3.369035133075540863e-03 -9.397698563168081082e-03
1.915335325204164519e+03 -3.360533743671056343e-03 -9.220564425521318372e-03
1.915350996467993582e+03 -3.358758513627306368e-03 -9.126524944665976094e-03
1.915366705321635663e+03 -3.354062286616908261e-03 -9.029750361308900783e-03
1.915382454475858822e+03 -3.352974883045627390e-03 -8.924158972468962739e-03
1.915413916070493997e+03 -3.346849360538863352e-03 -8.712346188802946520e-03
1.915429567562391185e+03 -3.347217073279045579e-03 -8.604554439588909046e-03
1.915445220465564262e+03 -3.350095415491173133e-03 -8.501299429448480605e-03
1.915460841150793385e+03 -3.349431748715400812e-03 -8.398978364249246736e-03
1.915492113801779851e+03 -3.352645331118812942e-03 -8.196988360692280401e-03
1.915507781750636013e+03 -3.356037565822312264e-03 -8.094727647416796734e-03
1.915523456847947955e+03 -3.360502000288877883e-03 -7.992770682392102630e-03
1.915554827046780019e+03 -3.370849094397083013e-03 -7.807252623613371648e-03
1.915570557600449774e+03 -3.377389023669425967e-03 -7.743965182425661606e-03
1.915586333798014721e+03 -3.388607092989312508e-03 -7.681298275911550150e-03
1.915602133810447867e+03 -3.396949183648413986e-03 -7.601858319701719491e-03
1.915633609857856982e+03 -3.415299690231644522e-03 -7.456551993980643951e-03
1.915649337223655721e+03 -3.424863552773386305e-03 -7.372738641565471096e-03
1.915665031747066905e+03 -3.431896168992857286e-03 -7.280316959103922368e-03
1.915680748090194129e+03 -3.441716750185932518e-03 -7.185367822805578675e-03
1.915712149617260138e+03 -3.457530397423306829e-03 -7.003030517340576994e-03
1.915727846833497779e+03 -3.464212459575439704e-03 -6.911143608619984939e-03
1.915743551472712625e+03 -3.469684022482688677e-03 -6.823239607113676213e-03
1.915774954097800901e+03 -3.479037721942141847e-03 -6.673954367189654721e-03
1.915790659138460114e+03 -3.483564707620396498e-03 -6.673324342621745654e-03
1.915806385924095366e+03 -3.487191035526490332e-03 -6.559575421321058551e-03
1.915822116649886993e+03 -3.490356619507838706e-03 -6.477374354011596232e-03
1.915853611140478961e+03 -3.493322637043946334e-03 -6.663899443364432011e-03
1.915869374650991404e+03 -3.495116674955294281e-03 -6.907337118839959079e-03
1.915885166617144705e+03 -3.494604449020811097e-03 -7.244735710562142522e-03
1.915900957043144217e+03 -3.495261261829858083e-03 -7.354923475633207489e-03
1.915932451160225582e+03 -3.490938097282751586e-03 -7.798339010648335998e-03
1.915948182096913115e+03 -3.489299875806458565e-03 -8.062748388380990353e-03
1.915963897835696116e+03 -3.486663575554826110e-03 -8.094571312834640195e-03
1.915995287944652773e+03 -3.483824954775323855e-03 -8.213897526562392165e-03
1.916010981856511535e+03 -3.480532390443908698e-03 -8.318820438989451768e-03
1.916026670803486923e+03 -3.476763551180398967e-03 -8.428376190625025757e-03
1.916042364156599660e+03 -3.473191537927968701e-03 -8.552559436276746876e-03
1.916073804620902592e+03 -3.463074431400604055e-03 -8.802324933437728413e-03
1.916089535170391173e+03 -3.458869594479044816e-03 -8.923317019871538497e-03
1.916105294114850722e+03 -3.451294612426607407e-03 -9.076784673897197661e-03
1.916121058439387753e+03 -3.446744028850168631e-03 -9.232781191790634390e-03
1.916152645340108165e+03 -3.433483505056802564e-03 -9.469393047365560687e-03
1.916168396897199500e+03 -3.426328322981341077e-03 -9.569984639619227504e-03
1.916184138591450846e+03 -3.420095983437408931e-03 -9.637169215510844530e-03
1.916215580980408049e+03 -3.405701857866816340e-03 -9.688118093557284219e-03
1.916231277249020422e+03 -3.399929674438937743e-03 -9.675561563251043953e-03
1.916246973020000041e+03 -3.394721299134022523e-03 -9.638911682074575646e-03
1.916262668305729903e+03 -3.388664181791675462e-03 -9.588463638315815329e-03
1.916294083386250350e+03 -3.376048698883860055e-03 -9.455787345476701286e-03
1.916309814989270535e+03 -3.371714057586847231e-03 -9.374619128240439803e-03
1.916325490601865340e+03 -3.364681999422089800e-03 -9.286733515797422275e-03
1.916341148115324359e+03 -3.361953976383835752e-03 -9.194638899853956743e-03
1.916372551974966427e+03 -3.356440662475956502e-03 -9.001921286219150345e-03
1.916388325176287935e+03 -3.353360815199574619e-03 -8.893683714588946493e-03
1.916404060774854315e+03 -3.352462237855866143e-03 -8.788417039912156670e-03
1.916435393098765417e+03 -3.350038213221125279e-03 -8.574391265966716316e-03
1.916451031177533650e+03 -3.348430157889049821e-03 -8.472936946777497036e-03
1.916466650467134514e+03 -3.350261611752270146e-03 -8.369517500615031996e-03
1.916482282458446207e+03 -3.351165146865957463e-03 -8.266865862923937144e-03
1.916513616097879321e+03 -3.359764242538731613e-03 -8.064622145286012844e-03
1.916529294321920361e+03 -3.364446607152227469e-03 -7.961892585549216680e-03
1.916544974834286222e+03 -3.368704962671983504e-03 -7.864886577584634386e-03
1.916560675079628027e+03 -3.376536242654720830e-03 -7.786839060170630024e-03
1.916592211432931435e+03 -3.390008362848745318e-03 -7.657899025923143969e-03
1.916607995423877355e+03 -3.401725307947301748e-03 -7.578598598323066197e-03
1.916623742670414686e+03 -3.409884769212821222e-03 -7.507982967652757252e-03
1.916655175318169995e+03 -3.426111536774541395e-03 -7.344065652314528229e-03
1.916670879897548048e+03 -3.438098978386800505e-03 -7.250857589098072715e-03
1.916686588252833189e+03 -3.444953496568568547e-03 -7.156811570002695119e-03
1.916702284388721409e+03 -3.452802382653207772e-03 -7.066678133669753933e-03
1.916733683917273538e+03 -3.464118512719313592e-03 -6.884628687626218393e-03
1.916749388786855661e+03 -3.469961491220765158e-03 -6.796237835085955359e-03
1.916765092943634727e+03 -3.476830716856645423e-03 -6.710922732024437835e-03
1.916780795169581552e+03 -3.483173450040183070e-03 -6.675661624992645579e-03
1.916812238777089533e+03 -3.491440527280235701e-03 -6.518975447808522672e-03
1.916827962493135601e+03 -3.492319343335789725e-03 -6.479718817382098400e-03
1.916843712411483693e+03 -3.494520425629758092e-03 -6.553449541559447714e-03
1.916875256095300983e+03 -3.497151445279405354e-03 -7.003152213665825819e-03
1.916891036243373264e+03 -3.495568110038102874e-03 -7.304766710289917024e-03
1.916906817421354162e+03 -3.494118974386941842e-03 -7.368549223512970564e-03
1.916922565179331741e+03 -3.494566792211572116e-03 -7.579562850875882531e-03
1.916954029167144427e+03 -3.489796990597766879e-03 -8.085754744482720816e-03
1.916969735250639360e+03 -3.488142838381248605e-03 -8.091611029491125109e-03
1.916985428689864875e+03 -3.485212659200546265e-03 -8.139269707137575249e-03
1.917001122157550071e+03 -3.482478863367355695e-03 -8.238637645451964489e-03
1.917032505835525171e+03 -3.477686880419421627e-03 -8.462104800879825806e-03
1.917048209526838718e+03 -3.474030070848320613e-03 -8.586475027540828656e-03
1.917063934229681308e+03 -3.468959424854445219e-03 -8.713390594565663741e-03
1.917095394595008884e+03 -3.458188007865243239e-03 -8.956874578617943575e-03
1.917111154526611699e+03 -3.452669019476941117e-03 -9.119723923187309303e-03
1.917126940836856193e+03 -3.447490303162573707e-03 -9.269858598924573742e-03
1.917142724887068425e+03 -3.439963257903129283e-03 -9.388967000072214603e-03
1.917174252365917710e+03 -3.426562208705764660e-03 -9.590167124565694701e-03
1.917189995239633390e+03 -3.420628098777606964e-03 -9.649170333641885269e-03
1.917205716240661332e+03 -3.413017110119059231e-03 -9.679706022127072471e-03
1.917221418932716460e+03 -3.407123059567001688e-03 -9.685707744862090407e-03
1.917252808315892935e+03 -3.393172698809923844e-03 -9.624294435111329163e-03
1.917268503014697217e+03 -3.386734669778001042e-03 -9.575112551195256311e-03
1.917284203394038968e+03 -3.381247780953967278e-03 -9.515535697362950684e-03
1.917315654005586794e+03 -3.369503840352278904e-03 -9.351356324909191470e-03
1.917331314489347960e+03 -3.365950059285542553e-03 -9.262503425495024686e-03
1.917346979641956978e+03 -3.362946763651930224e-03 -9.170298855308185726e-03
1.917362686276284876e+03 -3.359917143018332879e-03 -9.074998770395638695e-03
1.917394185422574083e+03 -3.355183234916873578e-03 -8.864464780921227707e-03
1.917409906814098804e+03 -3.352994505901636321e-03 -8.760182686455000520e-03
1.917425571928473573e+03 -3.351877505240067733e-03 -8.651178568839285390e-03
1.917441224176443484e+03 -3.351459915216242844e-03 -8.545707833045356264e-03
1.917472467470001675e+03 -3.352316578560261481e-03 -8.339533658471265029e-03
1.917488107695188091e+03 -3.354854341009810663e-03 -8.239923644519336898e-03
1.917503773291316293e+03 -3.357882500932687225e-03 -8.136299321243323224e-03
1.917535130311803641e+03 -3.365234670970141360e-03 -7.933078635759318112e-03
1.917550817680442833e+03 -3.372135919844752514e-03 -7.839745144068863136e-03
1.917566532667717865e+03 -3.380409093114572928e-03 -7.768428740343184292e-03
1.917582296467528749e+03 -3.386315209243793718e-03 -7.709626743578532754e-03
1.917613850551525729e+03 -3.403009261687155694e-03 -7.557565860820942769e-03
1.917629594016519832e+03 -3.414238582994571884e-03 -7.485960600799882771e-03
1.917645312802400213e+03 -3.422868760952051288e-03 -7.406128843638693296e-03
1.917661012659679500e+03 -3.432427857837135575e-03 -7.315808470284129381e-03
1.917692428960124062e+03 -3.449255377674022294e-03 -7.129071682398526420e-03
1.917708130802736832e+03 -3.457362568652162533e-03 -7.039041113941201314e-03
1.917723827075368717e+03 -3.462783552342751491e-03 -6.947220514618811585e-03
1.917755231013219145e+03 -3.473757206813762356e-03 -6.770509866163250574e-03
1.917770932366620400e+03 -3.478240969861377905e-03 -6.690142365079279792e-03
1.917786636943806116e+03 -3.482978488581105984e-03 -6.682163307568848507e-03
1.917802358584745207e+03 -3.488061619996834454e-03 -6.613060519879437708e-03
1.917833822008698689e+03 -3.494734046453014387e-03 -6.491223189919769973e-03
1.917849577273670548e+03 -3.498094160774501988e-03 -6.585141523516412597e-03
1.917865337049245909e+03 -3.496797658215236929e-03 -6.776478807830279942e-03
1.917881129681463108e+03 -3.497842992188105252e-03 -7.110230286682983278e-03
1.917912674034927932e+03 -3.496291571940008270e-03 -7.401610871969886360e-03
1.917928421541729222e+03 -3.493372979059644785e-03 -7.661736577028915689e-03
1.917944158963236760e+03 -3.493072868457315454e-03 -7.966894031408060586e-03
1.917975579211486320e+03 -3.490012551585928210e-03 -8.095701657953362218e-03
1.917991270649238231e+03 -3.487285815825292429e-03 -8.162822130062554610e-03
1.918006961148646496e+03 -3.484023973353790084e-03 -8.267349248402921721e-03
1.918022650807596165e+03 -3.480417143795184499e-03 -8.376788679139017188e-03
1.918054056688091578e+03 -3.472981867849745177e-03 -8.624885188207394651e-03
1.918069782824288041e+03 -3.468624056090304723e-03 -8.749112608667505148e-03
1.918085506693732896e+03 -3.464309975054109120e-03 -8.863287906567887675e-03
1.918101257359335477e+03 -3.458865675761454376e-03 -8.998718733625650848e-03
1.918132814049962462e+03 -3.446023867882075115e-03 -9.307927438339377510e-03
1.918148607254664284e+03 -3.440344040364398583e-03 -9.418862242186009162e-03
1.918164362006661804e+03 -3.432500307433489477e-03 -9.527429493246270670e-03
1.918180108320123054e+03 -3.425444438355703010e-03 -9.611946349933826392e-03
1.918211561794789304e+03 -3.413619808311743609e-03 -9.686327924155382213e-03
1.918227260627954138e+03 -3.407684997969207940e-03 -9.684231198748918107e-03
1.918242957490650952e+03 -3.400733363855677326e-03 -9.657994459121209407e-03
1.918274342553711676e+03 -3.387721568981453754e-03 -9.563708899312153150e-03
1.918290049291063724e+03 -3.381505889849965776e-03 -9.493740921534996394e-03
1.918305789938985981e+03 -3.375345463390162695e-03 -9.414507479398767989e-03
1.918321486626923615e+03 -3.371020727480596342e-03 -9.330205792451905580e-03
1.918352827869959810e+03 -3.362207067175292542e-03 -9.148320147120709428e-03
1.918368532902657762e+03 -3.360102919552176819e-03 -9.052352989563397859e-03
1.918384291483113657e+03 -3.356985368047064010e-03 -8.946841687584930480e-03
1.918400049123511053e+03 -3.355717527148659174e-03 -8.840705499762981784e-03
1.918431397759942683e+03 -3.352450165355692121e-03 -8.624412946862083235e-03
1.918447047670194479e+03 -3.354460386776618626e-03 -8.521476948412881267e-03
1.918462668841153345e+03 -3.353349303244114975e-03 -8.417687708098042093e-03
1.918493945769103448e+03 -3.357250343384504416e-03 -8.212486979314204127e-03
1.918509618341303394e+03 -3.359552576214898303e-03 -8.109893773435973216e-03
1.918525294357090388e+03 -3.363770679134272558e-03 -8.006959794731600966e-03
1.918540973079403102e+03 -3.368274799602491518e-03 -7.906831756681099305e-03
1.918572400996049282e+03 -3.380145913502888549e-03 -7.754248985828314858e-03
1.918588178312913897e+03 -3.390267291523597556e-03 -7.692609663515063631e-03
1.918603976697352437e+03 -3.398727436514281143e-03 -7.612362183523211506e-03
1.918635443372690361e+03 -3.416490507105049250e-03 -7.467345779975332817e-03
1.918651167098098313e+03 -3.426535157593406291e-03 -7.383326023351143019e-03
1.918666863340774398e+03 -3.433787633694754867e-03 -7.291504632016190986e-03
1.918682574887601049e+03 -3.443768675032576974e-03 -7.196952035303532183e-03
1.918713973678794446e+03 -3.458295590502230565e-03 -7.014781455302737667e-03
1.918729671566069555e+03 -3.465522432003318061e-03 -6.922346369677877080e-03
1.918745374787490618e+03 -3.472094369368215489e-03 -6.833379109477298423e-03
1.918761082335786114e+03 -3.477308989417744918e-03 -6.746274326182977350e-03
1.918792487914852472e+03 -3.486774259409144983e-03 -6.682786938904013152e-03
1.918808216867310421e+03 -3.490797309871860286e-03 -6.571468084797148050e-03
1.918823945372810613e+03 -3.492744906253334846e-03 -6.479878027706458335e-03
1.918855447815196840e+03 -3.496284828863018695e-03 -6.624673594749268257e-03
1.918871214031895079e+03 -3.498435315837454106e-03 -6.854452751252126073e-03
1.918887004111311626e+03 -3.497558387421841140e-03 -7.211937004852284235e-03
1.918902792623185178e+03 -3.497320930127738228e-03 -7.342415889266724199e-03
1.918934283513270429e+03 -3.494828894711178580e-03 -7.750545117929686159e-03
1.918950010839591187e+03 -3.493161436794252946e-03 -8.032031015812077582e-03
1.918965724303817751e+03 -3.490257646776238985e-03 -8.093196235846603082e-03
1.918981419878927454e+03 -3.488742290374173896e-03 -8.106840856714795165e-03
1.919012805986082185e+03 -3.485303725282061331e-03 -8.299192443179307863e-03
1.919028498988716819e+03 -3.481690852710156783e-03 -8.412715522298656878e-03
1.919044194261178291e+03 -3.477787471295962305e-03 -8.534511973387122474e-03
1.919075632973942220e+03 -3.467602706241360282e-03 -8.785793253987211546e-03
1.919091367927805777e+03 -3.463199768326376184e-03 -8.900943241647477772e-03
1.919107127503677248e+03 -3.457013680056880700e-03 -9.050148018473463257e-03
1.919122898040204063e+03 -3.451356761458589800e-03 -9.215334815844571092e-03
1.919154479516196261e+03 -3.437263730603830770e-03 -9.455595738634659311e-03
1.919170230024319153e+03 -3.432524857770656319e-03 -9.560705706418801131e-03
1.919185971399883556e+03 -3.425220097949657153e-03 -9.635031080970916234e-03
1.919201696592016333e+03 -3.418294439335037641e-03 -9.677394741899630892e-03
1.919233102827321318e+03 -3.404581516749058314e-03 -9.684886692993794483e-03
1.919248798781984760e+03 -3.399173836807402576e-03 -9.651652993369541286e-03
1.919264493748215500e+03 -3.393881646806732374e-03 -9.603588279759557242e-03
1.919280189253966455e+03 -3.388069542774609175e-03 -9.554213471827164780e-03
1.919311640759041438e+03 -3.377244958559915636e-03 -9.397741048894653337e-03
1.919327318057401953e+03 -3.370060888767309124e-03 -9.311930372794303620e-03
1.919342982988133144e+03 -3.365795976899690466e-03 -9.222054829745595511e-03
1.919374393944874100e+03 -3.361165801797597660e-03 -9.030299961399484640e-03
1.919390169083135788e+03 -3.358194864100719039e-03 -8.922432726661799415e-03
1.919405905399789162e+03 -3.356151125935532328e-03 -8.816942253368407340e-03
1.919421589148000066e+03 -3.353719523012089598e-03 -8.708293600898980510e-03
1.919452870549029285e+03 -3.351458241442143490e-03 -8.498800403540925433e-03
1.919468488609244332e+03 -3.353360487962113098e-03 -8.392897086087262176e-03
1.919484122920810705e+03 -3.354427705797453571e-03 -8.290490020266159596e-03
1.919515461419961639e+03 -3.361015496189783021e-03 -8.085537600003333755e-03
1.919531141580190251e+03 -3.366343530334123778e-03 -7.981947569608814630e-03
1.919546827792595877e+03 -3.371489692043260454e-03 -7.884216770267758745e-03
1.919562529837505735e+03 -3.378448153886884613e-03 -7.802969687653106209e-03
1.919594067693694569e+03 -3.391180499281391987e-03 -7.674536692337952624e-03
1.919609844484517680e+03 -3.401539260219608313e-03 -7.593950276659594024e-03
1.919625593207677639e+03 -3.410305310690866891e-03 -7.523372877437561369e-03
1.919641302703433894e+03 -3.418243870612369152e-03 -7.448120439231397695e-03
1.919672721160105539e+03 -3.437966709567922413e-03 -7.267878109741393242e-03
1.919688426742893853e+03 -3.445414619179874415e-03 -7.174052211022663959e-03
1.919704121207970275e+03 -3.452241117439071479e-03 -7.083088097750565859e-03
1.919735519464246636e+03 -3.465065685708194898e-03 -6.901202580225001236e-03
1.919751224893771905e+03 -3.470283524894310530e-03 -6.811344018748249907e-03
1.919766928969002947e+03 -3.476409539030696563e-03 -6.723880067196438305e-03
1.919782632201415254e+03 -3.483147210977691286e-03 -6.682585352231485733e-03
1.919814081543451721e+03 -3.491106414542086752e-03 -6.535179799810515895e-03
1.919829804444439333e+03 -3.493772807247586508e-03 -6.480288073597240996e-03
1.919845558848052406e+03 -3.495999597143909909e-03 -6.534472985310142874e-03
1.919861318902337416e+03 -3.497944449350679288e-03 -6.673242880980956825e-03
1.919892885967723487e+03 -3.497732026841109121e-03 -7.289466740078646458e-03
1.919908660138764617e+03 -3.497052496201284114e-03 -7.352047397214504787e-03
1.919924408568766012e+03 -3.495485477865727456e-03 -7.529447036707132002e-03
1.919940150403578627e+03 -3.495052632317892285e-03 -7.837285169645196586e-03
1.919971573393481322e+03 -3.490998318956103214e-03 -8.092433948312265091e-03
1.919987266306185347e+03 -3.488379913002526232e-03 -8.124154579298903736e-03
1.920002959130084491e+03 -3.485210147566229072e-03 -8.218045022676855396e-03
1.920034342736397548e+03 -3.479639916095880227e-03 -8.448009902561198770e-03
1.920050049010143766e+03 -3.477090957120141778e-03 -8.572529400225780208e-03
1.920065774680780351e+03 -3.470911499693600868e-03 -8.700602659596169339e-03
1.920081491497284105e+03 -3.467240732419973968e-03 -8.820110594085807387e-03
1.920112998805956749e+03 -3.455245842769137047e-03 -9.105104833387283811e-03
1.920128789413046434e+03 -3.450762157074975002e-03 -9.262997825051544690e-03
1.920144574556665702e+03 -3.443698513288490949e-03 -9.386019089021193848e-03
1.920160345958841845e+03 -3.437664485258259354e-03 -9.499157804078792525e-03
1.920191835130264280e+03 -3.424161617697367866e-03 -9.662180055211211718e-03
1.920207557636528236e+03 -3.417438150608046506e-03 -9.698179992840698024e-03
1.920223257356540444e+03 -3.410788379331296510e-03 -9.707847811117076633e-03
1.920254645023666171e+03 -3.397176710526554275e-03 -9.652859182427489526e-03
1.920270338854074225e+03 -3.390403401398207374e-03 -9.606499251081255727e-03
1.920286037078464915e+03 -3.384426396150572690e-03 -9.548680577034509079e-03
1.920301771885006247e+03 -3.379657437787231267e-03 -9.468748032437230774e-03
1.920333158738351585e+03 -3.368973049006373979e-03 -9.301205633951084226e-03
1.920348833453838324e+03 -3.367172319697833618e-03 -9.209811280340736775e-03
1.920364537538020159e+03 -3.361736583519177139e-03 -9.115323793315041959e-03
1.920380273743567159e+03 -3.360951700661771700e-03 -9.013420785687583855e-03
1.920411763109359299e+03 -3.353750808369946462e-03 -8.798944934265686899e-03
1.920427424370860081e+03 -3.353089635545372042e-03 -8.688753167383232723e-03
1.920443077911039609e+03 -3.354184728719605130e-03 -8.582819521629633797e-03
1.920474322316602183e+03 -3.353626620663109192e-03 -8.374481443355398860e-03
1.920489964127563780e+03 -3.355359752969818907e-03 -8.272812232941604421e-03
1.920505631420979398e+03 -3.358182513659682851e-03 -8.168536133111947359e-03
1.920521310456727178e+03 -3.361266116454894679e-03 -8.065307185170851600e-03
1.920552684883900156e+03 -3.369947304893770694e-03 -7.868732863949316411e-03
1.920568402112492549e+03 -3.377300411276579813e-03 -7.792373196231952570e-03
1.920584168899583801e+03 -3.385063497613665338e-03 -7.734853325141493458e-03
1.920615716257268559e+03 -3.401034840082881126e-03 -7.582642886790378657e-03
1.920631455184623974e+03 -3.411722194348154602e-03 -7.511618743585174625e-03
1.920647175559505740e+03 -3.420238310827095323e-03 -7.432539291533313275e-03
1.920662867996945124e+03 -3.428980477763981898e-03 -7.342591477382979376e-03
1.920694279888561141e+03 -3.445741853363824044e-03 -7.156204457909382498e-03
1.920709980177145326e+03 -3.455634351813298508e-03 -7.065532872337389192e-03
1.920725679406984227e+03 -3.460745027240508340e-03 -6.973984547690409430e-03
1.920741380055247191e+03 -3.466459351546018284e-03 -6.883181824679561120e-03
1.920772784913670876e+03 -3.476434474440491702e-03 -6.709690251688623860e-03
1.920788489966184898e+03 -3.481161613622905503e-03 -6.693775392638986327e-03
1.920804214715183434e+03 -3.485563340615646481e-03 -6.641877852890775390e-03
1.920835681426030760e+03 -3.493390618988482296e-03 -6.493532913502096660e-03
1.920851437857038718e+03 -3.495139181006124557e-03 -6.567892708647588181e-03
1.920867199917497373e+03 -3.495373057023903364e-03 -6.737276622757838729e-03
1.920882992589601145e+03 -3.495884377248183530e-03 -7.059409400837694630e-03
1.920914533790954238e+03 -3.493971584195814783e-03 -7.381059470905415934e-03
1.920930279641605466e+03 -3.492665241208359975e-03 -7.615204647145728915e-03
1.920946014530640923e+03 -3.491762401527832935e-03 -7.924908591856251114e-03
1.920961731592766228e+03 -3.490879047366738253e-03 -8.095989731257326877e-03
1.920993125932342537e+03 -3.487130742708105698e-03 -8.151237218202045387e-03
1.921008816125863405e+03 -3.484021439115638288e-03 -8.252454867298104207e-03
1.921024504716489446e+03 -3.480774747591494633e-03 -8.366088983277805355e-03
1.921040197709057338e+03 -3.477303768372684220e-03 -8.484611874098669723e-03
1.921071638249238049e+03 -3.468899098508998816e-03 -8.737257330818521892e-03
1.921087363622816838e+03 -3.464732896516805986e-03 -8.855831547064410905e-03
1.921103118003024520e+03 -3.457555376357095405e-03 -8.990076139296192259e-03
1.921134675977361894e+03 -3.446112459070444726e-03 -9.305695717221160179e-03
1.921150469099371321e+03 -3.441156821762267511e-03 -9.423889814885516233e-03
1.921166222032119776e+03 -3.432612776146919120e-03 -9.539083803188604452e-03
1.921181966499942973e+03 -3.426586657054267893e-03 -9.627572195040602632e-03
1.921213415455807763e+03 -3.413254879191311014e-03 -9.712073503360913601e-03
1.921229112197598624e+03 -3.408186670992350339e-03 -9.714094101483258803e-03
1.921244808071984380e+03 -3.402057277296123127e-03 -9.690893248052251385e-03
1.921260504343625371e+03 -3.395311471446985866e-03 -9.646223271994328746e-03
1.921291899430208105e+03 -3.382651728098285630e-03 -9.531991426225046651e-03
1.921307640393403290e+03 -3.376468733410221967e-03 -9.454398110849842468e-03
1.921323338963577726e+03 -3.370814761228599441e-03 -9.371937718659182834e-03
1.921354699784967352e+03 -3.360334793442604998e-03 -9.190534460761356356e-03
1.921370400916855488e+03 -3.360168436283480446e-03 -9.095228501560199963e-03
1.921386165471540380e+03 -3.356388604635299807e-03 -8.989506830825272701e-03
1.921401920158323946e+03 -3.355585107971186584e-03 -8.882553328288288544e-03
1.921433266704199013e+03 -3.352191149686891813e-03 -8.663100053192452146e-03
1.921448912965076715e+03 -3.351691769294388133e-03 -8.559811829115486839e-03
1.921464533312371714e+03 -3.351649893287179417e-03 -8.455498006049527726e-03
1.921480160456625526e+03 -3.352253115300774921e-03 -8.348499302804728017e-03
1.921511490263936366e+03 -3.358110534664709296e-03 -8.142950325997821981e-03
1.921527170895218205e+03 -3.360977932503112723e-03 -8.038585254865978150e-03
1.921542852773534378e+03 -3.365073913985983361e-03 -7.938291972324875226e-03
1.921574285409843242e+03 -3.377234540751871458e-03 -7.778926572804093463e-03
1.921590063953105982e+03 -3.384498778957625072e-03 -7.719279756875625439e-03
1.921605858785037526e+03 -3.394602803381980768e-03 -7.638642459812883256e-03
1.921621603090484541e+03 -3.403222837948978886e-03 -7.564850902250626341e-03
1.921653038920639801e+03 -3.420038907412441872e-03 -7.409584140326485983e-03
1.921668737305098375e+03 -3.429415466981226152e-03 -7.317892682727040153e-03
1.921684442261717095e+03 -3.438229512575954883e-03 -7.224523160635161478e-03
1.921700136638709864e+03 -3.447326820672187882e-03 -7.132211406166558999e-03
1.921731537052373369e+03 -3.459006704617773129e-03 -6.949184982222877428e-03
1.921747241318768374e+03 -3.466032145572778191e-03 -6.858341580271820614e-03
1.921762946683976452e+03 -3.472581275080877973e-03 -6.770045136996214429e-03
1.921794359374838450e+03 -3.482263986040767031e-03 -6.697777767068913840e-03
1.921810089083259754e+03 -3.487283950531784235e-03 -6.602241414243570881e-03
1.921825815759862962e+03 -3.488211892262371803e-03 -6.496751456179642066e-03
1.921841561173852824e+03 -3.491533220521599035e-03 -6.507794849419931867e-03
1.921873097575759630e+03 -3.494316531621279899e-03 -6.810076470649704949e-03
1.921888882894271092e+03 -3.493283002141185471e-03 -7.170875955236298213e-03
1.921904668363808241e+03 -3.492258854183981614e-03 -7.353848156179140436e-03
1.921920416571968644e+03 -3.493320105242104373e-03 -7.425730167122523463e-03
1.921951881665187329e+03 -3.489583612830660011e-03 -7.997731403963325575e-03
1.921967591920603354e+03 -3.487353981628664532e-03 -8.104160219936682591e-03
1.921983286799458710e+03 -3.485191181217333570e-03 -8.107552036632426767e-03
1.922014673274170036e+03 -3.482223487629394331e-03 -8.285380948448283628e-03
1.922030364718754754e+03 -3.479581428227998020e-03 -8.401450257089946097e-03
1.922046066601265238e+03 -3.475382875321459362e-03 -8.519976880376325945e-03
1.922061786275442046e+03 -3.472691050293357125e-03 -8.647400480671078860e-03
1.922093242627636755e+03 -3.460766125996215300e-03 -8.889235533554340138e-03
1.922109002533659805e+03 -3.455758971883905566e-03 -9.038388005715710521e-03
1.922124781527896175e+03 -3.449613291446499558e-03 -9.207481266565278530e-03
1.922140568078603792e+03 -3.442729564856647842e-03 -9.342910816415918654e-03
1.922172102115515827e+03 -3.431204347319364873e-03 -9.572746573398250788e-03
1.922187846197455656e+03 -3.423641706103610748e-03 -9.649814543247758891e-03
1.922203567709055051e+03 -3.416672193895051862e-03 -9.697312637711393707e-03
1.922234969238910253e+03 -3.403430178058613684e-03 -9.711172222766873210e-03
1.922250664962880364e+03 -3.397229447623593013e-03 -9.682116054264885280e-03
1.922266359892834544e+03 -3.391623094700626541e-03 -9.635697754651662700e-03
1.922282054573709047e+03 -3.386564021523157282e-03 -9.588626380230986720e-03
1.922313508520351888e+03 -3.374317926535689693e-03 -9.434090853689767325e-03
1.922329188238796633e+03 -3.368672916322498854e-03 -9.349151489657231417e-03
1.922344863594497610e+03 -3.363746555148897262e-03 -9.259748685302531673e-03
1.922360566601682194e+03 -3.362027336583893640e-03 -9.166449102093954943e-03
1.922392056485376543e+03 -3.356240907484035318e-03 -8.960872483693661447e-03
1.922407792922049111e+03 -3.354032756747919817e-03 -8.854448835813700375e-03
1.922423471512882998e+03 -3.352138660546602825e-03 -8.743417301825892260e-03
1.922454752850978366e+03 -3.349573674379428389e-03 -8.531761013482233244e-03
1.922470367788531348e+03 -3.350597640215382308e-03 -8.424720027358367433e-03
1.922486004249073176e+03 -3.351962696999311996e-03 -8.321799777476813348e-03
1.922501667285622489e+03 -3.354031038048686537e-03 -8.216516922071415846e-03
1.922533030046837439e+03 -3.361008414641163816e-03 -8.009462311780192120e-03
1.922548718928163225e+03 -3.367535038576788091e-03 -7.911091008961075241e-03
1.922564427390866285e+03 -3.373864905925271721e-03 -7.825739490940095827e-03
1.922580175640786592e+03 -3.378959052521981511e-03 -7.763692019521073982e-03
1.922611737322784847e+03 -3.394651222894771048e-03 -7.615460815331542843e-03
1.922627483688823304e+03 -3.404642712998676417e-03 -7.544075417887940310e-03
1.922643194608622252e+03 -3.412909531083815375e-03 -7.469392603752920967e-03
1.922674606338410513e+03 -3.430410571315310221e-03 -7.290461481634095270e-03
1.922690305868399491e+03 -3.440197171161867105e-03 -7.196933611094317486e-03
1.922706003160963519e+03 -3.446429104881441625e-03 -7.105398144501335125e-03
1.922721699547665366e+03 -3.454298130669195693e-03 -7.014280809804139885e-03
1.922753104779299520e+03 -3.464987806586468724e-03 -6.832667084129488699e-03
1.922768808191006428e+03 -3.470350044281141771e-03 -6.743272368161165424e-03
1.922784512837986313e+03 -3.476067798336541191e-03 -6.694628426614912010e-03
1.922800231737789545e+03 -3.482149914019877068e-03 -6.686058996745916638e-03
1.922831692168957488e+03 -3.488464443579446326e-03 -6.489157668795926363e-03
1.922847448711889228e+03 -3.491646347824124263e-03 -6.525181927611025876e-03
1.922863208913756580e+03 -3.491984789320254617e-03 -6.641841524986394525e-03
1.922894781485159683e+03 -3.493257068655452029e-03 -7.265453102451932196e-03
1.922910546934764852e+03 -3.492986856002516273e-03 -7.355569917181583456e-03
1.922926295024723004e+03 -3.490013689409018297e-03 -7.488645120422252402e-03
1.922942033991228755e+03 -3.490472170039824341e-03 -7.792314656684141798e-03
1.922973455966002120e+03 -3.487109014594380347e-03 -8.103574966546123193e-03
1.922989148002689944e+03 -3.485033023590148292e-03 -8.119806047496642282e-03
1.923004840365105338e+03 -3.481807819607762259e-03 -8.203224548767613228e-03
1.923020530890428745e+03 -3.478651328677847231e-03 -8.317830691140237070e-03
1.923051933257504288e+03 -3.473056259143329164e-03 -8.555678818670588506e-03
1.923067658704952009e+03 -3.467629900813217272e-03 -8.682120904298366859e-03
1.923083379904845515e+03 -3.463954966479823247e-03 -8.802944311685149958e-03
1.923114887797647498e+03 -3.451978101165933347e-03 -9.087707784546145487e-03
1.923130681740165528e+03 -3.447464259724685679e-03 -9.251656476887569827e-03
1.923146470408226378e+03 -3.441010478239329203e-03 -9.373192980643253042e-03
1.923162233239280795e+03 -3.434635884147314942e-03 -9.495063662292108075e-03
1.923193720046271437e+03 -3.421328840464677844e-03 -9.668778080681554588e-03
1.923209439071196584e+03 -3.415842537864763676e-03 -9.708415722949914964e-03
1.923225140682988240e+03 -3.408720767906142819e-03 -9.720625731784407475e-03
1.923240833028054794e+03 -3.402231622989792485e-03 -9.707461318452844518e-03
1.923272219555169613e+03 -3.388682181251424525e-03 -9.627763019332701358e-03
1.923287916765497357e+03 -3.382533952349799783e-03 -9.570971784780977348e-03
1.923303652963922104e+03 -3.376718129945473559e-03 -9.493378605978890564e-03
1.923335047546062924e+03 -3.366771410601767170e-03 -9.328502332336232120e-03
1.923350732057759842e+03 -3.364118915515809573e-03 -9.237924540123086670e-03
1.923366433124335799e+03 -3.358822297286820184e-03 -9.144004091823469682e-03
1.923382174636014270e+03 -3.357121348999487099e-03 -9.041938005948862295e-03
1.923413663458368092e+03 -3.350848562715362175e-03 -8.827229471054545001e-03
1.923429319357587019e+03 -3.350611946015821969e-03 -8.714468452170923488e-03
1.923444972198157757e+03 -3.353212507857863348e-03 -8.607842025126506008e-03
1.923460593938657439e+03 -3.351446619151648466e-03 -8.504232550700204646e-03
1.923491862360120194e+03 -3.352479788812451778e-03 -8.293494025451476209e-03
1.923507530223294452e+03 -3.354722108280674443e-03 -8.188724574861026492e-03
1.923523209737190200e+03 -3.358011422499745848e-03 -8.084054142483402053e-03
1.923554589774253827e+03 -3.366005392229525807e-03 -7.886703372733668699e-03
1.923570311457976914e+03 -3.371658178016033371e-03 -7.806839990609896508e-03
1.923586078355467862e+03 -3.381559253728664075e-03 -7.748861035439532502e-03
1.923601877237697181e+03 -3.389104958188604404e-03 -7.673928282177220825e-03
1.923633355747512951e+03 -3.406469024839571449e-03 -7.525253088461386630e-03
1.923649076442905653e+03 -3.415578874884439044e-03 -7.446206845334118161e-03
1.923664764776053289e+03 -3.422820539087187246e-03 -7.356593474326888343e-03
1.923680475184215766e+03 -3.432713630246077546e-03 -7.264143954090718572e-03
1.923711870762970193e+03 -3.449514270399429289e-03 -7.079706443342092918e-03
1.923727567947243642e+03 -3.456435480175691632e-03 -6.988380577243097705e-03
1.923743272598075919e+03 -3.462134837947797913e-03 -6.896784468609144098e-03
1.923774677604334556e+03 -3.472326733756602325e-03 -6.720880166720732962e-03
1.923790383444972349e+03 -3.477298076047987546e-03 -6.700024853245617126e-03
1.923806110871768624e+03 -3.481469079071360627e-03 -6.657724586866891302e-03
1.923821843589236778e+03 -3.485293096745264562e-03 -6.526413440675799676e-03
1.923853339443571940e+03 -3.489348791593437256e-03 -6.547511053048947829e-03
1.923869104061915095e+03 -3.491606700402602632e-03 -6.692774378187596115e-03
1.923884895452318688e+03 -3.491738117072901593e-03 -7.004492385922531095e-03
1.923900685149256333e+03 -3.492860105706137828e-03 -7.327066420232589312e-03
1.923932177777870038e+03 -3.489558002337251295e-03 -7.568074786447582560e-03
1.923947908924810235e+03 -3.488364324009096337e-03 -7.874349194998311874e-03
1.923963624744865001e+03 -3.486404793981600757e-03 -8.086421523624867311e-03
1.923995016205992897e+03 -3.484557394687162832e-03 -8.138115376180542898e-03
1.924010710362447071e+03 -3.481599041994907703e-03 -8.235527386502584576e-03
1.924026399029482036e+03 -3.478349692149952307e-03 -8.352392759568361483e-03
1.924042092555220734e+03 -3.475209003640372229e-03 -8.468540557093645615e-03
1.924073532894405616e+03 -3.466054863804953010e-03 -8.718201790123813674e-03
1.924089262715888026e+03 -3.462215666608453590e-03 -8.831942618278569579e-03
1.924105021060027866e+03 -3.454797800647215096e-03 -8.961342822944650538e-03
1.924120784336723091e+03 -3.450675995911121636e-03 -9.137622787601929614e-03
1.924152371495737498e+03 -3.438179030593712434e-03 -9.406282589221407961e-03
1.924168123494219117e+03 -3.430972674969803154e-03 -9.528599118726643544e-03
1.924183865599866976e+03 -3.425056751961471930e-03 -9.624608394098040434e-03
1.924215308468949615e+03 -3.411091196560941344e-03 -9.716819039283536297e-03
1.924231004415049256e+03 -3.405596204501420022e-03 -9.721334279285075847e-03
1.924246699888512921e+03 -3.400420177782353861e-03 -9.702985066738561634e-03
1.924262394987420294e+03 -3.394538344550019921e-03 -9.660750496878754354e-03
1.924293792906689077e+03 -3.381268384780534032e-03 -9.552429771826432062e-03
1.924309532376679272e+03 -3.376162715948788796e-03 -9.476333288741003308e-03
1.924325231790380485e+03 -3.368786518028572645e-03 -9.395802824824002475e-03
1.924340910403539283e+03 -3.365158448799073464e-03 -9.308586523805997479e-03
1.924372311003359073e+03 -3.358611141530592429e-03 -9.122198182534443922e-03
1.924388081249446259e+03 -3.355255723022544743e-03 -9.016824363714169566e-03
1.924403833712775167e+03 -3.354117967827055253e-03 -8.909475678934544035e-03
1.924435177709117397e+03 -3.351212875598706502e-03 -8.687110284535677629e-03
1.924450818400957587e+03 -3.348714013141289303e-03 -8.583004588968067006e-03
1.924466437158904682e+03 -3.350007425246982924e-03 -8.477281484390858726e-03
1.924482067047772034e+03 -3.349581345496272997e-03 -8.369037711050015052e-03
1.924513400314071532e+03 -3.355891713362860705e-03 -8.160737215376768008e-03
1.924529084193319022e+03 -3.359157348146362635e-03 -8.054961957062522354e-03
1.924544771366200166e+03 -3.362272599570861626e-03 -7.954169247504834853e-03
1.924560471410473156e+03 -3.368920061610719639e-03 -7.863167117712158496e-03
1.924591988219227915e+03 -3.379947998890480212e-03 -7.731469973464779634e-03
1.924607777996573304e+03 -3.390613420541679825e-03 -7.650833512322608929e-03
1.924623525140090351e+03 -3.398624828052367822e-03 -7.575992628518814394e-03
1.924654948734279287e+03 -3.414614276710137720e-03 -7.421504017140661928e-03
1.924670647334063460e+03 -3.426296226805413975e-03 -7.331275955392525454e-03
1.924686348106818286e+03 -3.433320206760518117e-03 -7.238427345742664935e-03
1.924702040694094649e+03 -3.441824238660815081e-03 -7.145762113787574796e-03
1.924733440063908574e+03 -3.453858617926201281e-03 -6.963392374955106566e-03
1.924749145560306715e+03 -3.460212850493951577e-03 -6.870942943391051584e-03
1.924764851149762762e+03 -3.467432227423160925e-03 -6.781814754735454413e-03
1.924780554563154055e+03 -3.474143326684223793e-03 -6.707106267396804357e-03
1.924811999911217754e+03 -3.483307854216308088e-03 -6.618067949552368205e-03
1.924827725174526449e+03 -3.484573254694680634e-03 -6.505465663012957242e-03
1.924843475719929074e+03 -3.487323039336763519e-03 -6.501846292224292001e-03
1.924875020731851009e+03 -3.491061044775647763e-03 -6.757490197124313945e-03
1.924890800269798319e+03 -3.490085107614524472e-03 -7.120550897285225084e-03
1.924906580846714405e+03 -3.489013928608205532e-03 -7.352346918655291649e-03
1.924922327387816495e+03 -3.490288993023244173e-03 -7.398143286185978815e-03
1.924953791127958084e+03 -3.486436213332140890e-03 -7.949486936443090138e-03
1.924969497836680148e+03 -3.485239855241211403e-03 -8.103619012662776483e-03
1.924985191923233288e+03 -3.482850071453663741e-03 -8.107034157721940484e-03
1.925000886027560682e+03 -3.480712601598625906e-03 -8.159251796390850145e-03
1.925032269977449005e+03 -3.476969747604339005e-03 -8.386277336185259459e-03
1.925047973802352999e+03 -3.473610901619135060e-03 -8.504516761400406424e-03
1.925063697755169869e+03 -3.469175726378339545e-03 -8.631272618978088132e-03
1.925095157333552152e+03 -3.458872296437184683e-03 -8.862914752188357989e-03
1.925110917033264286e+03 -3.453795126996686993e-03 -9.007199232181819365e-03
1.925126702258524119e+03 -3.448781090468505672e-03 -9.186266683729947882e-03
1.925142486048864839e+03 -3.441542000384887993e-03 -9.323708239969960565e-03
1.925174014899125723e+03 -3.428869123162381089e-03 -9.558439915545762638e-03
1.925189758196953107e+03 -3.422970979530893035e-03 -9.643595849414866167e-03
1.925205478606967517e+03 -3.415570365198137073e-03 -9.696490268711761493e-03
1.925221181443346723e+03 -3.409869407297675889e-03 -9.720201099211792789e-03
1.925252570324491899e+03 -3.396153281665884906e-03 -9.691916651285365988e-03
1.925268264670912231e+03 -3.389855737172149490e-03 -9.649378873816680594e-03
1.925283959894485406e+03 -3.384584288810226979e-03 -9.604982539755819657e-03
1.925315414008623748e+03 -3.371843621689402885e-03 -9.456426046120985918e-03
1.925331098861536930e+03 -3.367504674943206256e-03 -9.373511022158642278e-03
1.925346786308470882e+03 -3.363505024227542856e-03 -9.285080181634996349e-03
1.925362489296931926e+03 -3.360066193391338194e-03 -9.193836471559206983e-03
1.925393987427142747e+03 -3.354723181818894135e-03 -8.989714265096012194e-03
1.925409721778010635e+03 -3.352076286109394263e-03 -8.882286339281432463e-03
1.925425395140449837e+03 -3.350913470757676399e-03 -8.769106430552803949e-03
1.925441048135590563e+03 -3.350012076804374361e-03 -8.658579731596244972e-03
1.925472290240940993e+03 -3.348794279353347735e-03 -8.447195205408422267e-03
1.925487928691192110e+03 -3.350046923087040152e-03 -8.342463375046819604e-03
1.925503593919271452e+03 -3.352220521483805296e-03 -8.235593251773611762e-03
1.925534960044568834e+03 -3.356973997440670498e-03 -8.026457447213671340e-03
1.925550653879812216e+03 -3.362860331463372442e-03 -7.927649217428438255e-03
1.925566365279446927e+03 -3.369850028268412973e-03 -7.839568878376040190e-03
1.925582118236821543e+03 -3.374586582136243889e-03 -7.775171506037559070e-03
1.925613673176849943e+03 -3.389491031820085747e-03 -7.628369707646884094e-03
1.925629416609754344e+03 -3.400094277016559637e-03 -7.556095910951299288e-03
1.925645128902407350e+03 -3.408375593454771816e-03 -7.482203225922686579e-03
1.925660823161382723e+03 -3.417844738899953119e-03 -7.395675020409817058e-03
1.925692225772095526e+03 -3.435002608862920952e-03 -7.211543913290025150e-03
1.925707925431956255e+03 -3.443116162144441942e-03 -7.119620891842762950e-03
1.925723621323022599e+03 -3.449256516228580219e-03 -7.028841640731914656e-03
1.925755026457879239e+03 -3.461073662325430018e-03 -6.845291619474054394e-03
1.925770729572062464e+03 -3.466025570979845618e-03 -6.754762848712310593e-03
1.925786435269548974e+03 -3.471170630388677441e-03 -6.701005516718407974e-03
1.925802157828116833e+03 -3.476823844785602129e-03 -6.697597861886257255e-03
1.925833623612976908e+03 -3.484430709189592201e-03 -6.494124504613077442e-03
1.925849379976719320e+03 -3.488394549681131471e-03 -6.514603138732829798e-03
1.925865140951979356e+03 -3.487753950878526212e-03 -6.606877474401781462e-03
1.925880933340357615e+03 -3.489426190222555922e-03 -6.838164562045595703e-03
1.925912475623639921e+03 -3.488964146572542079e-03 -7.355041804682319571e-03
1.925928222706015958e+03 -3.486571712108590786e-03 -7.451617916647637792e-03
1.925943960081747264e+03 -3.486748140465430103e-03 -7.738467287686055275e-03
1.925975380826935407e+03 -3.484703335847618398e-03 -8.108532279581876639e-03
1.925991072596344793e+03 -3.482606895170550169e-03 -8.114394952994714860e-03
1.926006763733240859e+03 -3.479797167712673361e-03 -8.185245695951994666e-03
1.926022453597360254e+03 -3.476641349580676839e-03 -8.301487213667616341e-03
1.926053859435057120e+03 -3.470166237237923973e-03 -8.541866799043456790e-03
1.926069585162630347e+03 -3.466134591061565198e-03 -8.668433840513382546e-03
1.926085308756277755e+03 -3.462221449909344724e-03 -8.788435833117679702e-03
1.926101058994298000e+03 -3.457333501315675971e-03 -8.898873711121354363e-03
1.926132614512644523e+03 -3.445013910021182350e-03 -9.234794660545143918e-03
1.926148407412430743e+03 -3.439516132718822145e-03 -9.357975733256106154e-03
1.926164163037400385e+03 -3.432074110470129374e-03 -9.479604819787226799e-03
1.926195645819223728e+03 -3.419504594153693986e-03 -9.665549247221266738e-03
1.926211363157331334e+03 -3.413902905362530080e-03 -9.710298473558396509e-03
1.926227061965594203e+03 -3.408006697190235548e-03 -9.725063539700784868e-03
1.926242758198525507e+03 -3.401144456599944094e-03 -9.715956644557389651e-03
1.926274142497050434e+03 -3.388036111086651682e-03 -9.643711164351495210e-03
1.926289839225716605e+03 -3.381923761975108664e-03 -9.588073228375857196e-03
1.926305574535306278e+03 -3.375436393085509343e-03 -9.513539258042115129e-03
1.926321293364002941e+03 -3.370204738646715315e-03 -9.438642001574815490e-03
1.926352675047402727e+03 -3.360186990165236511e-03 -9.265149298848212103e-03
1.926368373913073583e+03 -3.357284817766169761e-03 -9.172534700771587876e-03
1.926384125819605288e+03 -3.354544568273051981e-03 -9.070569576600530023e-03
1.926415609725753711e+03 -3.349303068155620993e-03 -8.855773755181355761e-03
1.926431261962270355e+03 -3.348758811572229849e-03 -8.741645653314570122e-03
1.926446913359874316e+03 -3.350548647570825590e-03 -8.634121918997199330e-03
1.926462533486534994e+03 -3.348707179412008499e-03 -8.529249319489992653e-03
1.926493806684003857e+03 -3.350244182911425641e-03 -8.314558248632697435e-03
1.926509478821609719e+03 -3.351247402933592648e-03 -8.208960419179579457e-03
1.926525158693341609e+03 -3.354287043807264307e-03 -8.102873685891541500e-03
1.926540845362071650e+03 -3.357601913963624389e-03 -7.999471803111866258e-03
1.926572271557505019e+03 -3.366999784084361534e-03 -7.820567623952456165e-03
1.926588038821013242e+03 -3.375899333227961197e-03 -7.761546033104457787e-03
1.926603837329093949e+03 -3.383152221082553254e-03 -7.688863852502663722e-03
1.926635307008672953e+03 -3.400078139332721096e-03 -7.539102060919961566e-03
1.926651024506106069e+03 -3.409716135967541181e-03 -7.460970401156609595e-03
1.926666713914522688e+03 -3.416856064739541218e-03 -7.372428161651044427e-03
1.926682418054216441e+03 -3.426814734409467517e-03 -7.280673547543125949e-03
1.926713811062943023e+03 -3.442139649964108018e-03 -7.095952335171554562e-03
1.926729508587843611e+03 -3.449818870221571347e-03 -7.004051219791126125e-03
1.926745211876628218e+03 -3.456728500814396955e-03 -6.911413788972513121e-03
1.926760921109054834e+03 -3.462227640708528779e-03 -6.821161731044966814e-03
1.926792329227903338e+03 -3.472483111036993569e-03 -6.704696258745923565e-03
1.926808059209816065e+03 -3.476968580808155029e-03 -6.675021045757827814e-03
1.926823789505122704e+03 -3.479502650023565125e-03 -6.541973419363865221e-03
1.926855293553949423e+03 -3.483996883464654786e-03 -6.533095690095135598e-03
1.926871060956727433e+03 -3.486823528731307006e-03 -6.651330780445516809e-03
1.926886850188880544e+03 -3.486527130817973757e-03 -6.939947134122848374e-03
1.926902638017264962e+03 -3.486882250438478291e-03 -7.310143997073101016e-03
1.926934127325559302e+03 -3.485374058804311097e-03 -7.524124965969331523e-03
1.926949854606323242e+03 -3.484216347232657607e-03 -7.824686015172761452e-03
1.926965568279607169e+03 -3.481841182340731332e-03 -8.058658058572063659e-03
1.926981264398954409e+03 -3.480947824478290188e-03 -8.109607698579494178e-03
1.927012651482235697e+03 -3.478440887856256575e-03 -8.217630226999077594e-03
1.927028344492824317e+03 -3.475251441166934095e-03 -8.335822793936671291e-03
1.927044039622955779e+03 -3.471874315440464341e-03 -8.453414914507280040e-03
1.927075478172183466e+03 -3.462553695816125796e-03 -8.707479025501344699e-03
1.927091212671806943e+03 -3.458582978271524527e-03 -8.824515576036865566e-03
1.927106972160099076e+03 -3.452599757541951683e-03 -8.942685974089431208e-03
1.927122741487297617e+03 -3.447425050129835668e-03 -9.118259660249513135e-03
1.927154323329090175e+03 -3.433992929400133103e-03 -9.400264681569641192e-03
1.927170074385453745e+03 -3.429358335082388892e-03 -9.522631113760315555e-03
1.927185815593677262e+03 -3.422437760059163139e-03 -9.624163505225335341e-03
1.927201540868022676e+03 -3.415750698207045081e-03 -9.690822002684318023e-03
1.927232946752397083e+03 -3.402440372658605862e-03 -9.733871046801912882e-03
1.927248642390869463e+03 -3.397249088470899198e-03 -9.719625764137658497e-03
1.927264336937576218e+03 -3.392105432999095206e-03 -9.680271042726142777e-03
1.927280031730639848e+03 -3.386121100883807133e-03 -9.643528535325076104e-03
1.927311473768068254e+03 -3.374476548016514497e-03 -9.503783445644481409e-03
1.927327176365161449e+03 -3.366927524272490899e-03 -9.425516628020665089e-03
1.927342869482350352e+03 -3.362234182671590497e-03 -9.339210044301132774e-03
1.927374278487632864e+03 -3.355870012722457583e-03 -9.154639485610906527e-03
1.927390052793847872e+03 -3.352494294058280463e-03 -9.050200526798434300e-03
1.927405803471792979e+03 -3.350333954394128875e-03 -8.943554990622269371e-03
1.927421498273341967e+03 -3.347968859292379650e-03 -8.831796116298371371e-03
1.927452784133289015e+03 -3.344574186710728373e-03 -8.613552522078894019e-03
1.927468399746492651e+03 -3.345634904186765499e-03 -8.505713140259319599e-03
1.927484031510863588e+03 -3.345118182127726318e-03 -8.397912200673441838e-03
1.927515370255406424e+03 -3.349515476046218028e-03 -8.185847322753268124e-03
1.927531055472348044e+03 -3.353507763232137576e-03 -8.078949560808859620e-03
1.927546749795177220e+03 -3.357367824494807054e-03 -7.977581247526307692e-03
1.927562454436072130e+03 -3.363235400034835995e-03 -7.884618536328758670e-03
1.927593974250613883e+03 -3.373328986722688022e-03 -7.749727355050004679e-03
1.927609757896236260e+03 -3.382588532831814435e-03 -7.670480664099341844e-03
1.927625508094255792e+03 -3.391197102821711957e-03 -7.593578839156941984e-03
1.927641213255427374e+03 -3.398812784437398038e-03 -7.523744209975606959e-03
1.927672620189233385e+03 -3.417924301809640783e-03 -7.351779408415142110e-03
1.927688317922138140e+03 -3.425312652244547236e-03 -7.259850230494072597e-03
1.927704008784597363e+03 -3.432599529057278609e-03 -7.166744291649353171e-03
1.927735406464333892e+03 -3.446061719033678347e-03 -6.984442946170918952e-03
1.927751112753133839e+03 -3.451613313691019418e-03 -6.890327644739057192e-03
1.927766818658376678e+03 -3.458156535278450894e-03 -6.799833099903245318e-03
1.927782523458238074e+03 -3.465353643998453099e-03 -6.720074921734578779e-03
1.927813975273675624e+03 -3.474083977880924878e-03 -6.643297309271199193e-03
1.927829699402542019e+03 -3.477181786204777691e-03 -6.521204233413326057e-03
1.927845454706602823e+03 -3.479855657811190949e-03 -6.502247383957006875e-03
1.927861216078220650e+03 -3.482527649608904881e-03 -6.558404256083338879e-03
1.927892782625299787e+03 -3.483422585333982580e-03 -7.057848369224588650e-03
1.927908555652491486e+03 -3.483211816145584221e-03 -7.352556722122358980e-03
1.927924303032620173e+03 -3.482380933321994106e-03 -7.382498536280440553e-03
1.927940044676096704e+03 -3.482385490345481834e-03 -7.609416419523883438e-03
1.927971467715369272e+03 -3.479379772046598419e-03 -8.092839679289099905e-03
1.927987161227551951e+03 -3.477311431973947355e-03 -8.114375230653720142e-03
1.928002854678849872e+03 -3.474682577846662217e-03 -8.149397379791046767e-03
1.928034238656053958e+03 -3.470192156760037224e-03 -8.369556802898719949e-03
1.928049945068819170e+03 -3.468084895313851453e-03 -8.490690632319624134e-03
1.928065670687698457e+03 -3.462349022531788917e-03 -8.618164913484847867e-03
1.928081386939499680e+03 -3.459073162851863947e-03 -8.751931104545593657e-03
1.928112893964132809e+03 -3.447892685191418938e-03 -9.001971430340243580e-03
1.928128683853745770e+03 -3.443719811023818883e-03 -9.185511226045340802e-03
1.928144468724357466e+03 -3.436989807442530909e-03 -9.334990404954649282e-03
1.928160240792174136e+03 -3.431264856468602912e-03 -9.457499969693958231e-03
1.928191730194884258e+03 -3.418412711714449107e-03 -9.668145791857820151e-03
1.928207452518304763e+03 -3.411844645401628656e-03 -9.725878014003765462e-03
1.928223151983197795e+03 -3.405520112407523382e-03 -9.753657088887568091e-03
1.928254539005158904e+03 -3.392205414389673317e-03 -9.730492713507676861e-03
1.928270232364706999e+03 -3.385619952660877136e-03 -9.690356944875359174e-03
1.928285927806189193e+03 -3.379724445798835096e-03 -9.646562041048056466e-03
1.928301646463364705e+03 -3.374625805876490126e-03 -9.572456047508467666e-03
1.928333078397082318e+03 -3.363329412745725590e-03 -9.417599075071099099e-03
1.928348779144737591e+03 -3.360305372202403076e-03 -9.329923926439904341e-03
1.928364479785732783e+03 -3.354254101943878776e-03 -9.238248683667528091e-03
1.928380211838769583e+03 -3.351987245300899667e-03 -9.139682451506061373e-03
1.928411721457014664e+03 -3.345428017231563082e-03 -8.925650930624143969e-03
1.928427391374648778e+03 -3.344294324111956717e-03 -8.811945066923735498e-03
1.928443046230908976e+03 -3.344730059787271240e-03 -8.700419788434497412e-03
1.928474287733970414e+03 -3.342210772778895535e-03 -8.487299830761558736e-03
1.928489927583073268e+03 -3.342934697696088933e-03 -8.380546042484199321e-03
1.928505594210835170e+03 -3.344674486603040151e-03 -8.272391382307174232e-03
1.928521275399571778e+03 -3.346499825766251126e-03 -8.166058720631889575e-03
1.928552664223817146e+03 -3.352682107330602797e-03 -7.961715083100923129e-03
1.928568381718857381e+03 -3.358820538420035327e-03 -7.869969968557552834e-03
1.928584139419551320e+03 -3.365327013396182156e-03 -7.801585504443572620e-03
1.928615687425765145e+03 -3.379280892300195668e-03 -7.657443961305127403e-03
1.928631427940912772e+03 -3.389636101380681752e-03 -7.583631822418700381e-03
1.928647142669038431e+03 -3.397477017906384150e-03 -7.510639186084205714e-03
1.928662829079644098e+03 -3.406007200816184820e-03 -7.425223935802100633e-03
1.928694227003445349e+03 -3.422776192126695399e-03 -7.242101589243350214e-03
1.928709925351256743e+03 -3.432840624124904472e-03 -7.149363525759995161e-03
1.928725624221860926e+03 -3.438330385745572929e-03 -7.058317703215514181e-03
1.928741324480081857e+03 -3.444324470476924256e-03 -6.965645596086421018e-03
1.928772733058733138e+03 -3.455116379148781645e-03 -6.781122102999053401e-03
1.928788439416701976e+03 -3.460197228090483492e-03 -6.716388203500331389e-03
1.928804165369526345e+03 -3.465095401092660021e-03 -6.717241590043775655e-03
1.928835634802506547e+03 -3.473865573958804989e-03 -6.512642606067109603e-03
1.928851392291716820e+03 -3.476172465609977252e-03 -6.517436437165119792e-03
1.928867155928963712e+03 -3.476963475791644380e-03 -6.592030144717989787e-03
1.928882948031314527e+03 -3.478073256988269569e-03 -6.791618786961004309e-03
1.928914486706810749e+03 -3.477223662273013546e-03 -7.369710818222090579e-03
1.928930232017087064e+03 -3.476549321800063812e-03 -7.433057711965316422e-03
1.928945966481613368e+03 -3.476073339829971551e-03 -7.698761054352547782e-03
1.928961683368481772e+03 -3.475827966360372275e-03 -7.974725872492760548e-03
1.928993078773630259e+03 -3.473187410750144810e-03 -8.124056575130487665e-03
1.929008769447557370e+03 -3.470610086563505770e-03 -8.179133165039317171e-03
1.929024458357343747e+03 -3.467825039973396455e-03 -8.288725710532518498e-03
1.929040151596794431e+03 -3.464829048384381136e-03 -8.405155527183221648e-03
1.929071592091199818e+03 -3.457413980675559748e-03 -8.658741930897728006e-03
1.929087317246621296e+03 -3.453686517240445002e-03 -8.795374793534940783e-03
1.929103071520897856e+03 -3.446940732218671880e-03 -8.908969084144935033e-03
1.929134628745695181e+03 -3.436218066927436247e-03 -9.243475981814462325e-03
1.929150421855983495e+03 -3.431616473744730257e-03 -9.382029986513797798e-03
1.929166175161065212e+03 -3.423400353386017551e-03 -9.507476373723604962e-03
1.929181919734969142e+03 -3.417679131409173763e-03 -9.618897194612428120e-03
1.929213368556261230e+03 -3.404978935451646611e-03 -9.749244273839937497e-03
1.929229064958393110e+03 -3.400136192703647094e-03 -9.767574189805462367e-03
1.929244760479728029e+03 -3.394219575937982170e-03 -9.761361639461530251e-03
1.929260456247882530e+03 -3.387591070324120351e-03 -9.729373567370353318e-03
1.929291843759242511e+03 -3.375263482567119385e-03 -9.636161273716532805e-03
1.929307575249553111e+03 -3.368821977146900862e-03 -9.561711915208628149e-03
1.929323296932654102e+03 -3.362697093553139189e-03 -9.486814695537320111e-03
1.929354704734189909e+03 -3.351233189914719270e-03 -9.313349205287835622e-03
1.929370400957900756e+03 -3.349802761914483142e-03 -9.220042466928849226e-03
1.929386162798928581e+03 -3.346525786591888780e-03 -9.117666550674871986e-03
1.929401930913466458e+03 -3.345227903101775317e-03 -9.011650209020720392e-03
1.929433295467739526e+03 -3.340028079454348577e-03 -8.786308075446246091e-03
1.929448944286005599e+03 -3.338887097683099475e-03 -8.677861026816753934e-03
1.929464562735881373e+03 -3.338685404895383804e-03 -8.572367721918425221e-03
1.929480186672549507e+03 -3.338285838615925698e-03 -8.461499381741300826e-03
1.929511514223897393e+03 -3.341393853055361820e-03 -8.247541123587942558e-03
1.929527198606016327e+03 -3.343030710148598220e-03 -8.139821172067882721e-03
1.929542888132137477e+03 -3.346059426615571181e-03 -8.036410027636593442e-03
1.929574325359079921e+03 -3.355707046888727584e-03 -7.851991550102485271e-03
1.929590093568684324e+03 -3.361594344535407015e-03 -7.790093889388466190e-03
1.929605889214869421e+03 -3.370373836850563964e-03 -7.720571926103994564e-03
1.929621637320607988e+03 -3.378357999229000125e-03 -7.638517526158924639e-03
1.929653068150271338e+03 -3.394548322663936205e-03 -7.490954540611037028e-03
1.929668759483439317e+03 -3.403600780064866983e-03 -7.403195848091527996e-03
1.929684456049485561e+03 -3.412260839924972314e-03 -7.312603366557957583e-03
1.929700145591929868e+03 -3.421717964089641788e-03 -7.219251127293845050e-03
1.929731544620674413e+03 -3.433972229811636714e-03 -7.034543516800849383e-03
1.929747249494836296e+03 -3.441352306677070844e-03 -6.940805218920672801e-03
1.929762956647609826e+03 -3.448180545626070275e-03 -6.849277791608274560e-03
1.929794372699402174e+03 -3.458610918813683106e-03 -6.715222111270796254e-03
1.929810103443953722e+03 -3.464002268756388118e-03 -6.703361016619667143e-03
1.929825831482197373e+03 -3.465385548348207199e-03 -6.575903639297181295e-03
1.929841578202277560e+03 -3.469128212050823657e-03 -6.507366163298830726e-03
1.929873117637848509e+03 -3.473083434415011848e-03 -6.630673135930232470e-03
1.929888901403363434e+03 -3.472643721024148891e-03 -6.885208830677495839e-03
1.929904685759825497e+03 -3.472143587099791543e-03 -7.288448243678085844e-03
1.929920432479759029e+03 -3.473830738529989134e-03 -7.374167583314124481e-03
1.929951896595933249e+03 -3.471189096368312594e-03 -7.783147304136720825e-03
1.929967606952344113e+03 -3.469488635952211637e-03 -8.029421864236666734e-03
1.929983302336858969e+03 -3.467860126380914541e-03 -8.119001699531282548e-03
1.930014689786338067e+03 -3.465931126414454212e-03 -8.208658424242286020e-03
1.930030381518953618e+03 -3.463843684434924405e-03 -8.323669873319136311e-03
1.930046083832411796e+03 -3.460151363434347573e-03 -8.440099231977735150e-03
1.930061803588427438e+03 -3.457922808046090101e-03 -8.563845973377138057e-03
1.930093259547724301e+03 -3.446894205277578182e-03 -8.830799804240400258e-03
1.930109019288123591e+03 -3.442288089436146368e-03 -8.945667596095238303e-03
1.930124797997298629e+03 -3.436553941424883105e-03 -9.119567569782100272e-03
1.930140584158761385e+03 -3.430000886093469755e-03 -9.293517873799356926e-03
1.930172118624012683e+03 -3.419191367977099990e-03 -9.550034936333618926e-03
1.930187862706969554e+03 -3.411993649009079001e-03 -9.653785729274220670e-03
1.930203584063816379e+03 -3.405316374031196018e-03 -9.727088921286097811e-03
1.930234984891171507e+03 -3.392605559849359072e-03 -9.777494297091713499e-03
1.930250680082683630e+03 -3.386613753028621786e-03 -9.765530469616999498e-03
1.930266374545676399e+03 -3.381255930570019157e-03 -9.727620960951038551e-03
1.930282068985087335e+03 -3.376117397431038260e-03 -9.691684355095184916e-03
1.930313511203399912e+03 -3.363461527383238957e-03 -9.552482882019387375e-03
1.930329220284147596e+03 -3.357622553845788452e-03 -9.474100173565140615e-03
1.930344930141276109e+03 -3.352221961461096782e-03 -9.388058573431966314e-03
1.930360635372666820e+03 -3.348933168415192934e-03 -9.298133927982557209e-03
1.930392122482056493e+03 -3.341947543148969437e-03 -9.098185650537434638e-03
1.930407875133764264e+03 -3.339818947269100873e-03 -8.990881433049463523e-03
1.930423566690223424e+03 -3.337427988235005562e-03 -8.877443736844741959e-03
1.930454851611302956e+03 -3.333702306708596907e-03 -8.656313259630130444e-03
1.930470464264536986e+03 -3.333583598424514575e-03 -8.547391919877923502e-03
1.930486097410860111e+03 -3.333288300862157459e-03 -8.439974733977352248e-03
1.930501759138940770e+03 -3.334548913892023802e-03 -8.329739888023707586e-03
1.930533127745461343e+03 -3.338999789514022782e-03 -8.115621693121436928e-03
1.930548825090846549e+03 -3.344300636833279824e-03 -8.013805982919064430e-03
1.930564539227630576e+03 -3.349632721424924096e-03 -7.918250176206526741e-03
1.930580281847101105e+03 -3.353530722597036426e-03 -7.837081653028784775e-03
1.930611839991836177e+03 -3.366819189480999529e-03 -7.701649445511557848e-03
1.930627589307848439e+03 -3.376558037619866413e-03 -7.621975525856201916e-03
1.930643296210103927e+03 -3.384395009140410329e-03 -7.551697139582072039e-03
1.930674695663299644e+03 -3.401123964491511650e-03 -7.382570549282044953e-03
1.930690386871287274e+03 -3.410987710275706179e-03 -7.290829312694490499e-03
1.930706080778854357e+03 -3.417388003266300794e-03 -7.197464147855675391e-03
1.930721776603656281e+03 -3.425585959269365419e-03 -7.105247274469781403e-03
1.930753183139589510e+03 -3.436915450997871449e-03 -6.918874613526660236e-03
1.930768888432688300e+03 -3.442669087216893627e-03 -6.826953381894575179e-03
1.930784594888759329e+03 -3.448742911307006720e-03 -6.741424324065676404e-03
1.930800315204363869e+03 -3.455193948310396855e-03 -6.721306932586759361e-03
1.930831778450671663e+03 -3.462472483476826141e-03 -6.548693170479637747e-03
1.930847536271367289e+03 -3.466176305138557283e-03 -6.510050595883652182e-03
1.930863297875049057e+03 -3.467081474320920977e-03 -6.553676502433524072e-03
1.930894869916376138e+03 -3.469503031817981059e-03 -6.997688004702368875e-03
1.930910633202575809e+03 -3.469826012416337129e-03 -7.357444745863221322e-03
1.930926380382773232e+03 -3.467428211037428681e-03 -7.384980451761562377e-03
1.930942118688830533e+03 -3.468437120567751525e-03 -7.578951460360440311e-03
1.930973540729863998e+03 -3.466199991574145378e-03 -8.070673570667985519e-03
1.930989233263292363e+03 -3.464732227921625031e-03 -8.125692792819338289e-03
1.931004926127072395e+03 -3.462062203979983637e-03 -8.153955206671113440e-03
1.931020616930132292e+03 -3.459381464029257815e-03 -8.242319474685348007e-03
1.931052020065206307e+03 -3.454751613397445079e-03 -8.477323910574418100e-03
1.931067745247368748e+03 -3.449856923480005416e-03 -8.603303172003581162e-03
1.931083466359343902e+03 -3.446636091490542456e-03 -8.739332271059413459e-03
1.931114974012758012e+03 -3.435488617519445297e-03 -8.990635685773363736e-03
1.931130767592565007e+03 -3.431329975050362389e-03 -9.177793106814949309e-03
1.931146556350132641e+03 -3.425297626130475916e-03 -9.336439856984410715e-03
1.931162319063333371e+03 -3.419221518371505075e-03 -9.467220349573830102e-03
1.931193805969860705e+03 -3.406656876740201366e-03 -9.685633104676535585e-03
1.931209524767457651e+03 -3.401467203477496169e-03 -9.750434835815474655e-03
1.931225226077464868e+03 -3.394677882151899296e-03 -9.781949403954022862e-03
1.931240917915594537e+03 -3.388398453812246393e-03 -9.785303743837840684e-03
1.931272303268841597e+03 -3.375346095188922705e-03 -9.728116070674449126e-03
1.931287998826095190e+03 -3.369022691443579205e-03 -9.685896684845774970e-03
1.931303716802973668e+03 -3.363089988413140927e-03 -9.613360097706960192e-03
1.931335163423170570e+03 -3.352425268808737445e-03 -9.460883552998015228e-03
1.931350873593667529e+03 -3.348385483586450127e-03 -9.373995144159371490e-03
1.931366571222127277e+03 -3.342507007161183742e-03 -9.282159397057282782e-03
1.931382313898462371e+03 -3.339229101582156297e-03 -9.182618152426727520e-03
1.931413823861400715e+03 -3.333466448363732633e-03 -8.968288708511986534e-03
1.931429488611062652e+03 -3.331962888447962279e-03 -8.852494464716876774e-03
1.931445143797716355e+03 -3.333870974920599608e-03 -8.739506131392063212e-03
1.931460764776511724e+03 -3.331112113549463023e-03 -8.632896797505744749e-03
1.931492027083858147e+03 -3.330706640747635189e-03 -8.414537695973124329e-03
1.931507693337729279e+03 -3.331524387304392754e-03 -8.304969130626515400e-03
1.931523375018626211e+03 -3.333655761439715138e-03 -8.196377306875115079e-03
1.931554770755619757e+03 -3.339309011506601168e-03 -7.991354663070916742e-03
1.931570495844169272e+03 -3.343768979237784177e-03 -7.896686484985808441e-03
1.931586253863945558e+03 -3.352235337668965989e-03 -7.823350009767861615e-03
1.931602047565989096e+03 -3.358475143214735732e-03 -7.762252352874262663e-03
1.931633535238110198e+03 -3.374513759450003311e-03 -7.606628458170195187e-03
1.931649251252199520e+03 -3.383089968833685734e-03 -7.533708051056709279e-03
1.931664932862711339e+03 -3.390156581562833119e-03 -7.450009517896287979e-03
1.931680634978800754e+03 -3.400029821481514048e-03 -7.360870439042550839e-03
1.931712021641728825e+03 -3.417069962075830036e-03 -7.174921067089545627e-03
1.931727718445104529e+03 -3.424479121187799617e-03 -7.082708310806075380e-03
1.931743423808852640e+03 -3.430570683568913686e-03 -6.989470565916066844e-03
1.931774832640167915e+03 -3.441514275059479652e-03 -6.803959726918758742e-03
1.931790540063962681e+03 -3.446842229281055388e-03 -6.729133452477650823e-03
1.931806268801913575e+03 -3.451483722700455885e-03 -6.726746775515111791e-03
1.931822002603292731e+03 -3.455703254693031929e-03 -6.643038836627286961e-03
1.931853501799939295e+03 -3.460648648666230735e-03 -6.518487937416931298e-03
1.931869267908087977e+03 -3.463606116163514721e-03 -6.579380145151412715e-03
1.931885058153191949e+03 -3.464270829001265834e-03 -6.747571832494599249e-03
1.931900846717546983e+03 -3.465852930979341530e-03 -7.125731769574114235e-03
1.931932337077490274e+03 -3.463859359034202230e-03 -7.417435468024274718e-03
1.931948067195596423e+03 -3.463208432627874669e-03 -7.664033244074942332e-03
1.931963782856366606e+03 -3.461737177858203313e-03 -7.934243951997101488e-03
1.931995175044735561e+03 -3.461119786205716763e-03 -8.131791958177968585e-03
1.932010869805319771e+03 -3.458769475646261953e-03 -8.176578259695428674e-03
1.932026559103666614e+03 -3.455979616402972149e-03 -8.277580976132643126e-03
1.932042253022924115e+03 -3.453335327190218580e-03 -8.392455666770945802e-03
1.932073692950453506e+03 -3.445162909276126926e-03 -8.641080944645404202e-03
1.932089423044346859e+03 -3.441791208486514545e-03 -8.778487262028924348e-03
1.932105181550394263e+03 -3.434857119209439123e-03 -8.891452556529939530e-03
1.932120944806636317e+03 -3.431090028496012329e-03 -9.040519571257040268e-03
1.932152531218301192e+03 -3.419266258532592702e-03 -9.377622321058017366e-03
1.932168283546498287e+03 -3.412606512972037563e-03 -9.507584719595849401e-03
1.932184025540938364e+03 -3.407004207214023219e-03 -9.623844828132905455e-03
1.932215467882660732e+03 -3.393672871276639733e-03 -9.768050313544390448e-03
1.932231163236935345e+03 -3.388349572931348332e-03 -9.791739607335085693e-03
1.932246858111946267e+03 -3.383485501831957377e-03 -9.789238564022492359e-03
1.932262552539910757e+03 -3.377835924013614793e-03 -9.760246542945426665e-03
1.932293945348699026e+03 -3.364989317585337890e-03 -9.674031865265161206e-03
1.932309672233410538e+03 -3.359520768163088214e-03 -9.600999901520711199e-03
1.932325396930322086e+03 -3.351768476469271351e-03 -9.527758258378066225e-03
1.932341114097336913e+03 -3.347524247285021178e-03 -9.445062920200921266e-03
1.932372524210837810e+03 -3.338811157311430931e-03 -9.263699707462484667e-03
1.932388291465405700e+03 -3.335598557896340619e-03 -9.160524953369070938e-03
1.932404059302718224e+03 -3.333832289907376865e-03 -9.053948171186617863e-03
1.932435423201031426e+03 -3.328923254090965841e-03 -8.825723976717965782e-03
1.932451066841784723e+03 -3.325799073811715363e-03 -8.715669820386622024e-03
1.932466683559806825e+03 -3.326898575128862078e-03 -8.607352491575494258e-03
1.932482308802859734e+03 -3.325656031988092048e-03 -8.495898696756754714e-03
1.932513638957064131e+03 -3.329032185074334762e-03 -8.277847313939273519e-03
1.932529326235271583e+03 -3.331356642282009856e-03 -8.168139268559377469e-03
1.932545021736278159e+03 -3.333483695760116553e-03 -8.063843643332147329e-03
1.932560730672857744e+03 -3.339063452030415022e-03 -7.966890745474450308e-03
1.932592237272507191e+03 -3.347401730891316502e-03 -7.809314202628971253e-03
1.932608028557585612e+03 -3.356598479251240389e-03 -7.742979838388687995e-03
1.932623781268080847e+03 -3.364102157890592418e-03 -7.660797887739386781e-03
1.932655199509414615e+03 -3.379432910193888497e-03 -7.512495535416022392e-03
1.932670890791237753e+03 -3.390654168025538252e-03 -7.427309185591451923e-03
1.932686583121445437e+03 -3.397588295023572843e-03 -7.337437325582138979e-03
1.932702270526770690e+03 -3.406341810348267017e-03 -7.244198771487335257e-03
1.932733668328816748e+03 -3.418987734670159411e-03 -7.059089537056542629e-03
1.932749375182289214e+03 -3.425526682553958150e-03 -6.964398021274526528e-03
1.932765082405425801e+03 -3.432962454361848832e-03 -6.872276388524416711e-03
1.932780787803422299e+03 -3.440226740491872034e-03 -6.780677038164224096e-03
1.932812236372987172e+03 -3.449961321921141306e-03 -6.721408795965736795e-03
1.932827962764792801e+03 -3.451886812160760449e-03 -6.605487203773387217e-03
1.932843715536421314e+03 -3.454973913045593630e-03 -6.520117732432156345e-03
1.932875263303513748e+03 -3.460034170808543377e-03 -6.610836434340135181e-03
1.932891041003976170e+03 -3.459607642764594114e-03 -6.829796330978840646e-03
1.932906819485808683e+03 -3.459172269332053563e-03 -7.247811375091573090e-03
1.932922564916072361e+03 -3.460857519480444681e-03 -7.384180228002684178e-03
1.932954027191165778e+03 -3.458193641713578573e-03 -7.748235694329011838e-03
1.932969733712268408e+03 -3.457628495312463704e-03 -7.993010489018554862e-03
1.932985428181090583e+03 -3.455828097461028595e-03 -8.112870234242166786e-03
1.933001122731326404e+03 -3.454139323830891523e-03 -8.140793845223480082e-03
1.933032507499646272e+03 -3.451402232645449462e-03 -8.311066187108485590e-03
1.933048211768210649e+03 -3.448735717509934361e-03 -8.428478089765167186e-03
1.933063936261195522e+03 -3.444564889447920917e-03 -8.550900307436284931e-03
1.933095395955208460e+03 -3.435450912283706092e-03 -8.817315933606111739e-03
1.933111155346385885e+03 -3.430702293188375371e-03 -8.927168108978802627e-03
1.933126940804149172e+03 -3.426206062260573216e-03 -9.096453375128446539e-03
1.933142724376194565e+03 -3.419371160197625607e-03 -9.279923435560338482e-03
1.933174252747477794e+03 -3.407288818901128835e-03 -9.547217112255961674e-03
1.933189995761503042e+03 -3.401978104539232252e-03 -9.656256299660555265e-03
1.933205716513077732e+03 -3.394874530094917162e-03 -9.735592405154085138e-03
1.933221418579574902e+03 -3.389458460921017206e-03 -9.782994793278763576e-03
1.933252805976979744e+03 -3.376272784708253278e-03 -9.789179021983042406e-03
1.933268499662310660e+03 -3.370174172174353420e-03 -9.755071148370757228e-03
1.933284194858212913e+03 -3.364758319549412350e-03 -9.721464720015532412e-03
1.933315637515856906e+03 -3.351780482713087768e-03 -9.588081810515243497e-03
1.933331355467477351e+03 -3.347210535503528876e-03 -9.511815547558812381e-03
1.933347079060621354e+03 -3.342376331185695389e-03 -9.427041106851885566e-03
1.933362781894008549e+03 -3.337440577436289867e-03 -9.338048813397625131e-03
1.933394279292177998e+03 -3.331373312155194374e-03 -9.137569768058477829e-03
1.933410033696124174e+03 -3.329077602488991153e-03 -9.028751191790761882e-03
1.933425720743151032e+03 -3.326807075827714101e-03 -8.914397939995960529e-03
1.933441375782346768e+03 -3.325299723894129412e-03 -8.797746061311898652e-03
1.933472615619079761e+03 -3.322704634723848676e-03 -8.579043514853789548e-03
1.933488249550371847e+03 -3.322282658005037363e-03 -8.470366483760210716e-03
1.933503912519022151e+03 -3.323775592223656566e-03 -8.358246454150595334e-03
1.933535283537498117e+03 -3.326245932717325493e-03 -8.140438783832165681e-03
1.933550986298798534e+03 -3.330604643741391820e-03 -8.038225846709995057e-03
1.933566706070451346e+03 -3.336593954239198620e-03 -7.941238303589946354e-03
1.933582455776681627e+03 -3.340478711840905689e-03 -7.856012286539886327e-03
1.933614007274336473e+03 -3.352972275284838832e-03 -7.722332321429928835e-03
1.933629754759418574e+03 -3.363198566280761834e-03 -7.640740570421457496e-03
1.933645464020104100e+03 -3.370807684509395750e-03 -7.569235159967342003e-03
1.933661152244130790e+03 -3.379966910299860971e-03 -7.490230572591614379e-03
1.933692539696455015e+03 -3.396551462063801975e-03 -7.312476572854873826e-03
1.933708235672944511e+03 -3.405126074084218434e-03 -7.219706913701265036e-03
1.933723931254056652e+03 -3.411365033955132946e-03 -7.127042957461424480e-03
1.933755338481612853e+03 -3.423798406887714092e-03 -6.939649246260535392e-03
1.933771043361058219e+03 -3.429131096183532252e-03 -6.847197431031375701e-03
1.933786750594393652e+03 -3.434557135490046674e-03 -6.758534594291308074e-03
1.933802474892747568e+03 -3.440359753027782096e-03 -6.726993336044722986e-03
1.933833944270468010e+03 -3.449052080800997164e-03 -6.571915311425837597e-03
1.933849702005675226e+03 -3.453347111821060064e-03 -6.516728702169669908e-03
1.933865464484932772e+03 -3.453388776892562378e-03 -6.547563184156027401e-03
1.933881256563382294e+03 -3.455437123136911263e-03 -6.651062219156682505e-03
1.933912795342723712e+03 -3.456021020559444431e-03 -7.339808215752464254e-03
1.933928541448592796e+03 -3.454470512453112780e-03 -7.382850624507294665e-03
1.933944277622319760e+03 -3.454985224217593971e-03 -7.543969777114165748e-03
1.933975698103188051e+03 -3.454375037302475325e-03 -8.038859295819770351e-03
1.933991390700189413e+03 -3.452742900000159865e-03 -8.121658153387986689e-03
1.934007082105013296e+03 -3.450577531423275855e-03 -8.153975238591406119e-03
1.934022772379053094e+03 -3.447888107382931621e-03 -8.234477985830077756e-03
1.934054179412747771e+03 -3.442334572663954036e-03 -8.464658333630047105e-03
1.934069904738430978e+03 -3.438974101591724640e-03 -8.590180241000149736e-03
1.934085628268591563e+03 -3.435534439402415131e-03 -8.725635686360474347e-03
1.934101379107939692e+03 -3.430783150024091857e-03 -8.855129382952822009e-03
1.934132934493764196e+03 -3.419500178076625724e-03 -9.154956206514271513e-03
1.934148727640743118e+03 -3.414588836931742744e-03 -9.326880775578609215e-03
1.934164482635881996e+03 -3.407293146377986161e-03 -9.463397659264950051e-03
1.934180229105048966e+03 -3.400968664093261592e-03 -9.585842562086095350e-03
1.934211682177386137e+03 -3.390165709564484531e-03 -9.756058250788939706e-03
1.934227379826463675e+03 -3.384780229111734352e-03 -9.795177776547463883e-03
1.934243075890973842e+03 -3.378290450142965810e-03 -9.803128047193602687e-03
1.934274459043505885e+03 -3.365707348712895699e-03 -9.750462225889749285e-03
1.934290155068350941e+03 -3.359499988416013265e-03 -9.710772769326600148e-03
1.934305873933052908e+03 -3.352908657754004405e-03 -9.641123156121665649e-03
1.934321608098879778e+03 -3.347148614655801394e-03 -9.572103143851028520e-03
1.934353050803725409e+03 -3.335601168869456717e-03 -9.407773299121929833e-03
1.934368749611414160e+03 -3.332295831011777062e-03 -9.316724720413133848e-03
1.934384503967340379e+03 -3.329204393030889622e-03 -9.216963755181502294e-03
1.934400278845131197e+03 -3.328235167074054812e-03 -9.112110159546419133e-03
1.934431672255797821e+03 -3.321805925578772203e-03 -8.885577658161114556e-03
1.934447326061887452e+03 -3.321944937745439745e-03 -8.771423574651210711e-03
1.934462945184122191e+03 -3.320175348794982342e-03 -8.663026470017784128e-03
1.934494209193103870e+03 -3.320412428436191922e-03 -8.440994564009150422e-03
1.934509879772885142e+03 -3.320061892952972001e-03 -8.330316668468276328e-03
1.934525561248558233e+03 -3.321881123075886774e-03 -8.219570105737802890e-03
1.934541253970412299e+03 -3.324188764793127322e-03 -8.112737083571519570e-03
1.934572697883211049e+03 -3.331468095455976212e-03 -7.917305919115123769e-03
1.934588456755687730e+03 -3.338282626382243091e-03 -7.838988772493582849e-03
1.934604250634274194e+03 -3.344579848751667774e-03 -7.778253142577318605e-03
1.934620002280391191e+03 -3.352194927678233023e-03 -7.700958845321796004e-03
1.934651442982796652e+03 -3.368595682426306706e-03 -7.550203848633825661e-03
1.934667125772549070e+03 -3.375956298164139481e-03 -7.469091251166458043e-03
1.934682820491443408e+03 -3.385651167574384862e-03 -7.381502270306277216e-03
1.934714204244500934e+03 -3.401260204357285568e-03 -7.196295521911018865e-03
1.934729901543477354e+03 -3.409075981629039465e-03 -7.102239035668335247e-03
1.934745606205401373e+03 -3.416530130945392638e-03 -7.008150256815681017e-03
1.934761316883769496e+03 -3.422639164351790313e-03 -6.914524991159131349e-03
1.934792729554778589e+03 -3.433466923359162169e-03 -6.740000984752646945e-03
1.934808460773680963e+03 -3.438469592986131539e-03 -6.731950079892819357e-03
1.934824191823677438e+03 -3.441160138532608093e-03 -6.669247289698088110e-03
1.934855700447287745e+03 -3.446891687029140280e-03 -6.519639497859862527e-03
1.934871470133513185e+03 -3.450112347175420761e-03 -6.567634301345293482e-03
1.934887257292521326e+03 -3.450256551462116059e-03 -6.704482963338208139e-03
1.934903043273860931e+03 -3.450900917403899610e-03 -7.056550671691508812e-03
1.934934529957008181e+03 -3.450945822169092757e-03 -7.398862002032692564e-03
1.934950255860985862e+03 -3.450446039178953726e-03 -7.625507513101269057e-03
1.934965968993277556e+03 -3.448622158387021960e-03 -7.897821936933564768e-03
1.934981665359327280e+03 -3.448080574230048562e-03 -8.071931777301600761e-03
1.935013053188827143e+03 -3.446908041522311460e-03 -8.171669552466622258e-03
1.935028746960066201e+03 -3.444457641500831349e-03 -8.266272582075788466e-03
1.935044443536336530e+03 -3.441380845940459569e-03 -8.377291638654608616e-03
1.935060163222547089e+03 -3.439502777540324324e-03 -8.500171995254494212e-03
1.935091616645039494e+03 -3.429575717127271439e-03 -8.778764656851168607e-03
1.935107375802817387e+03 -3.424334436944208044e-03 -8.897754776350044054e-03
1.935123146826069842e+03 -3.419344627702628533e-03 -9.024771475937205453e-03
1.935154726693481052e+03 -3.406600283771345477e-03 -9.383739626821683416e-03
1.935170477375528662e+03 -3.402748659348962292e-03 -9.516037953546952963e-03
1.935186219187874485e+03 -3.395982011769818707e-03 -9.631019972419815889e-03
1.935201943938932118e+03 -3.389607603373517158e-03 -9.721782773992543661e-03
1.935233347985139972e+03 -3.376931057350778323e-03 -9.814825347684763904e-03
1.935249042914944994e+03 -3.371830821964583776e-03 -9.815492110883825005e-03
1.935264736949451617e+03 -3.366933055011365160e-03 -9.787096912465122894e-03
1.935280431083619078e+03 -3.361368413291646127e-03 -9.755734514414561576e-03
1.935311859412952344e+03 -3.349547579640056467e-03 -9.634037541421053633e-03
1.935327585451678260e+03 -3.341743341957132633e-03 -9.562792837574883228e-03
1.935343317818140349e+03 -3.336184491296397079e-03 -9.481872617434147776e-03
1.935374742145934079e+03 -3.328518734524554823e-03 -9.301203330258842050e-03
1.935390510171266442e+03 -3.325020625075601668e-03 -9.199632971529725714e-03
1.935406277963207231e+03 -3.322745827589929524e-03 -9.092605832286817721e-03
1.935421990898414833e+03 -3.320416679876727478e-03 -8.980459908877278657e-03
1.935453282518971946e+03 -3.315015391000708089e-03 -8.752024895087336456e-03
1.935468895267818652e+03 -3.315498466951281517e-03 -8.640782174202200905e-03
1.935484521094689853e+03 -3.314153160638608122e-03 -8.530507958971887683e-03
1.935500178556875198e+03 -3.314040197472992687e-03 -8.418297745303348484e-03
1.935531543899101962e+03 -3.318748494667683388e-03 -8.197241473581721657e-03
1.935547245653697246e+03 -3.322032791364443530e-03 -8.092324271820555345e-03
1.935562963326054160e+03 -3.326483729254953604e-03 -7.994479166398617623e-03
1.935594474934168147e+03 -3.334061811902425208e-03 -7.829211502309229784e-03
1.935610260247916358e+03 -3.341382967140402432e-03 -7.766373841086697712e-03
1.935626016918882897e+03 -3.349495111472764255e-03 -7.685766322002058823e-03
1.935641721454422623e+03 -3.356787190774428338e-03 -7.610815762807951294e-03
1.935673117023887244e+03 -3.374624224553473151e-03 -7.453380759431369254e-03
1.935688805380895246e+03 -3.382368982029778856e-03 -7.364414931825020473e-03
1.935704490936954471e+03 -3.389478967697430890e-03 -7.271168211192904039e-03
1.935720187336804884e+03 -3.397965413212850408e-03 -7.177713973527230680e-03
1.935751594512736119e+03 -3.409269362115001974e-03 -6.988994097574348884e-03
1.935767301892740306e+03 -3.415936516189806670e-03 -6.895835151560382632e-03
1.935783008875834412e+03 -3.423397614945269517e-03 -6.803649138450332083e-03
1.935814464653338064e+03 -3.432843873345089482e-03 -6.737087563956625433e-03
1.935830190566508008e+03 -3.436810069771417155e-03 -6.637849785233370867e-03
1.935845948527892915e+03 -3.440003918433208029e-03 -6.534985897793211401e-03
1.935861710976061204e+03 -3.442958672514066006e-03 -6.532673187463311493e-03
1.935893277733722016e+03 -3.445362337126304294e-03 -6.778902754259396972e-03
1.935909046877405672e+03 -3.445973087588746764e-03 -7.195893576674049739e-03
1.935924793376074149e+03 -3.445158224942545741e-03 -7.403983383972476476e-03
1.935940533113343236e+03 -3.446123303559039605e-03 -7.443683005781100842e-03
1.935971955937520761e+03 -3.444281802643893182e-03 -7.960741178047575292e-03
1.935987649615394730e+03 -3.442944242369174943e-03 -8.094345244708946868e-03
1.936003343413972289e+03 -3.440804044982470004e-03 -8.139126329231126736e-03
1.936034728226155266e+03 -3.437095623052260213e-03 -8.298004100925666579e-03
1.936050435759039601e+03 -3.435690055960980566e-03 -8.412239210218854651e-03
1.936066160668468683e+03 -3.430439703296305279e-03 -8.541086113752269574e-03
1.936081878018907219e+03 -3.427774328395317201e-03 -8.688565093324234281e-03
1.936113384954739558e+03 -3.417374128662950018e-03 -8.946460735761068220e-03
1.936129175911761877e+03 -3.413690925059681674e-03 -9.094783418633454672e-03
1.936144961104306276e+03 -3.407492863126664571e-03 -9.290077707927026779e-03
1.936160731057156227e+03 -3.402102936263631458e-03 -9.448959903449597950e-03
1.936192220347636976e+03 -3.389983194099205951e-03 -9.680951131660647802e-03
1.936207942437653628e+03 -3.384104176307111463e-03 -9.761954440150264964e-03
1.936223641424250445e+03 -3.377805435381680144e-03 -9.814659359065773525e-03
1.936255026307771004e+03 -3.365124338246795310e-03 -9.826317557130972644e-03
1.936270718912024677e+03 -3.358701621025955882e-03 -9.791439208015484050e-03
1.936286414375843378e+03 -3.352765609298986871e-03 -9.758373403911065058e-03
1.936302126116572481e+03 -3.347745247308703525e-03 -9.694597618378883799e-03
1.936333587185249826e+03 -3.335353408694436035e-03 -9.550144646879782373e-03
1.936349318832555582e+03 -3.331531032544227718e-03 -9.466645168839972480e-03
1.936365024587985545e+03 -3.324606548390578089e-03 -9.376418020288919061e-03
1.936380763385610408e+03 -3.321761388380420604e-03 -9.280171204098705204e-03
1.936412286086429276e+03 -3.316419230640124758e-03 -9.068435469037841243e-03
1.936427970186290850e+03 -3.314299940439478179e-03 -8.954215046505405173e-03
1.936443627295796659e+03 -3.314572593137131862e-03 -8.837137211077717922e-03
1.936474864784714327e+03 -3.310556317129139010e-03 -8.616749236429776734e-03
1.936490499989704404e+03 -3.310005301382860921e-03 -8.506798537749930833e-03
1.936506163548240465e+03 -3.310904394664047033e-03 -8.394234642976091190e-03
1.936521843628406941e+03 -3.312045115799256909e-03 -8.282717958748428075e-03
1.936553246451282121e+03 -3.315557110251386806e-03 -8.071466814379908358e-03
1.936568976695568381e+03 -3.320220228917239360e-03 -7.973186408687311585e-03
1.936584730956292333e+03 -3.326173057085755370e-03 -7.884655124626880826e-03
1.936600512794710994e+03 -3.332103124782406951e-03 -7.818612653798538703e-03
1.936632020698931910e+03 -3.346765601734428587e-03 -7.669805784103838307e-03
1.936647733994590226e+03 -3.353916863386498335e-03 -7.595359845728554340e-03
1.936663413208634211e+03 -3.361651689407708227e-03 -7.519087798068952756e-03
1.936694795603822740e+03 -3.378225940941085789e-03 -7.343388099998023923e-03
1.936710490100089373e+03 -3.388415184651306488e-03 -7.250018341259299032e-03
1.936726187525204750e+03 -3.394742572081075726e-03 -7.156586409440192191e-03
1.936741890251674249e+03 -3.400557595635226270e-03 -7.062121326689120397e-03
1.936773301436386191e+03 -3.412343346055391347e-03 -6.873607081096569892e-03
1.936789009480876757e+03 -3.417649108752376062e-03 -6.781278196630633609e-03
1.936804737340158908e+03 -3.422745275522229638e-03 -6.735012979560819034e-03
1.936820473505647215e+03 -3.427896539576851670e-03 -6.728018834769006196e-03
1.936851970657304264e+03 -3.434640588920759904e-03 -6.528912439416939030e-03
1.936867736143429283e+03 -3.436636022334496523e-03 -6.548330170443407428e-03
1.936883527074231779e+03 -3.438125977622254192e-03 -6.631777414356344533e-03
1.936915062040358634e+03 -3.438196120865071558e-03 -7.319968327752340506e-03
1.936930806245340818e+03 -3.438574021315309991e-03 -7.398971148351458568e-03
1.936946538743718520e+03 -3.438449730650918346e-03 -7.508054332813594509e-03
1.936962255266975944e+03 -3.438503611064935937e-03 -7.795594681004175235e-03
1.936993650663145672e+03 -3.437671671890783678e-03 -8.110611769145752506e-03
1.937009342786371690e+03 -3.435514351844092679e-03 -8.152909109407068325e-03
1.937025031973267687e+03 -3.433318317981837349e-03 -8.231236334841900149e-03
1.937040725835934381e+03 -3.430932805345933423e-03 -8.330706329401764768e-03
1.937072166029623986e+03 -3.424310704151066302e-03 -8.582329642618655857e-03
1.937087892256096438e+03 -3.421179895695683742e-03 -8.735671814175026417e-03
1.937103647548414529e+03 -3.414540875110073145e-03 -8.881369878126946227e-03
1.937135204499195879e+03 -3.404922535602210917e-03 -9.158608205267808333e-03
1.937150997069874393e+03 -3.400602227417103343e-03 -9.348428552549123416e-03
1.937166750096597752e+03 -3.393005579090209532e-03 -9.501986097559552910e-03
1.937182494003367310e+03 -3.387768409594015592e-03 -9.621965422365045401e-03
1.937213941523768881e+03 -3.375408870655547105e-03 -9.792104100936380173e-03
1.937229636833121276e+03 -3.370836971238601581e-03 -9.836373002401224003e-03
1.937245331141517681e+03 -3.365456437830410125e-03 -9.847821374220641980e-03
1.937261026794501049e+03 -3.359315043903618025e-03 -9.828946809502241144e-03
1.937292414685772201e+03 -3.347096191527444437e-03 -9.754197371782348872e-03
1.937308135188670576e+03 -3.340747855442217310e-03 -9.684311160305851193e-03
1.937323865446696573e+03 -3.333496896318166852e-03 -9.613968345315606484e-03
1.937355329575329051e+03 -3.321376169241284631e-03 -9.451078487031083775e-03
1.937371033368046710e+03 -3.318841709213094827e-03 -9.358623173070360068e-03
1.937386794463847309e+03 -3.315435366323490028e-03 -9.259919673870129972e-03
1.937402565340480123e+03 -3.314179913109495130e-03 -9.154067391845890911e-03
1.937433959111152035e+03 -3.308381271134319419e-03 -8.927675820578528237e-03
1.937449610407490354e+03 -3.305240247429123718e-03 -8.813600550060942534e-03
1.937465227134852512e+03 -3.305517320010995137e-03 -8.704145837204925115e-03
1.937480843647984329e+03 -3.304746363699378239e-03 -8.590733587115742878e-03
1.937512164745827022e+03 -3.306083392685348673e-03 -8.368645147860391542e-03
1.937527850701679881e+03 -3.306923696712726381e-03 -8.255907252204146285e-03
1.937543546368313628e+03 -3.308979518513982705e-03 -8.148879912073574150e-03
1.937575005395637163e+03 -3.316287160832895840e-03 -7.951977748510540706e-03
1.937590766475836517e+03 -3.320128662694672023e-03 -7.869294745745304687e-03
1.937606557270578151e+03 -3.327953524495071754e-03 -7.806933220565416900e-03
1.937622312724619633e+03 -3.334691400931772461e-03 -7.734198338487667003e-03
1.937653741606995482e+03 -3.349246498664148336e-03 -7.579364573597391699e-03
1.937669427195756953e+03 -3.358846014524180003e-03 -7.501481729766249114e-03
1.937685114580790923e+03 -3.366684735857844706e-03 -7.415292625272488711e-03
1.937700796842170348e+03 -3.376270926080779562e-03 -7.322423626704190926e-03
1.937732192737242940e+03 -3.388553225176988044e-03 -7.134222682923389673e-03
1.937747899297396089e+03 -3.396097118609927266e-03 -7.038802116141622614e-03
1.937763607391740152e+03 -3.403411900073379827e-03 -6.944286745605795889e-03
1.937795029191304820e+03 -3.414764892425418107e-03 -6.761695640787943398e-03
1.937810760815953017e+03 -3.420615438928423669e-03 -6.741709742776034499e-03
1.937826489880777444e+03 -3.422352651966976966e-03 -6.706107029498021427e-03
1.937842240587945525e+03 -3.426216998044768081e-03 -6.575395820015811701e-03
1.937873785318602586e+03 -3.431570086350091680e-03 -6.567502338629937694e-03
1.937889565174911468e+03 -3.431746597129347980e-03 -6.679165978561571113e-03
1.937905346447484362e+03 -3.431680216269419794e-03 -6.994330719056774184e-03
1.937921091051398662e+03 -3.434435551849145812e-03 -7.401910211085899888e-03
1.937952553688762464e+03 -3.432609944898271700e-03 -7.588101106619504765e-03
1.937968263080773340e+03 -3.431779870469672724e-03 -7.871206543577542736e-03
1.937983958346444297e+03 -3.430581894996455675e-03 -8.047977872337909802e-03
1.938015346749281889e+03 -3.429425174072721350e-03 -8.172278798082891274e-03
1.938031038874486967e+03 -3.428225087576463465e-03 -8.259266591613311642e-03
1.938046742777752797e+03 -3.425301643937980582e-03 -8.360325474414523339e-03
1.938062463299382898e+03 -3.423078103712743226e-03 -8.478870215266024954e-03
1.938093919840638137e+03 -3.413328693555214323e-03 -8.779427979026616091e-03
1.938109679314585946e+03 -3.409288929227295706e-03 -8.918286245091455039e-03
1.938125460440023062e+03 -3.404220426136515300e-03 -9.037027727406830510e-03
1.938141244873833102e+03 -3.397888095916246683e-03 -9.220514070320644240e-03
1.938172777555777657e+03 -3.387553725118972858e-03 -9.549636697796451065e-03
1.938188521995627752e+03 -3.381147292860286081e-03 -9.663383139774071873e-03
1.938204242709294476e+03 -3.374629360427875129e-03 -9.753077696489628745e-03
1.938235640626329996e+03 -3.362696541252319093e-03 -9.852677568539164321e-03
1.938251334891107490e+03 -3.356702108559635276e-03 -9.856710581938182836e-03
1.938267028712049068e+03 -3.351282291983253680e-03 -9.828885165004514271e-03
1.938282723158073622e+03 -3.346364666422727008e-03 -9.796690136872171842e-03
1.938314156398867681e+03 -3.333533810619533373e-03 -9.674406718407014411e-03
1.938329882433651846e+03 -3.327570667394212124e-03 -9.603138600544850606e-03
1.938345627209813301e+03 -3.321593220138857085e-03 -9.522432721822803731e-03
1.938361345083761307e+03 -3.317093099432744281e-03 -9.434168610172682934e-03
1.938392832962358398e+03 -3.310082816756990381e-03 -9.239742138860475643e-03
1.938408600923945642e+03 -3.307940750327871982e-03 -9.131274568541741452e-03
1.938424312085688143e+03 -3.305652818371774496e-03 -9.019995164636498280e-03
1.938455603830905375e+03 -3.300609036352591431e-03 -8.789304601947666579e-03
1.938471210580628394e+03 -3.300205228118323342e-03 -8.677299152516604677e-03
1.938486836740553827e+03 -3.298859727714627179e-03 -8.567190335525047551e-03
1.938502495731646604e+03 -3.299181861714735580e-03 -8.453260435994881458e-03
1.938533862304881268e+03 -3.301521963139519063e-03 -8.229887035996166084e-03
1.938549568707129538e+03 -3.305718850542447261e-03 -8.124751670466478712e-03
1.938565297709212246e+03 -3.310383894214672437e-03 -8.025668964451412521e-03
1.938581044633676584e+03 -3.312903661008546365e-03 -7.931154413497513295e-03
1.938612593830840297e+03 -3.323134401789340237e-03 -7.793362322840361942e-03
1.938628348483493028e+03 -3.332129259213330568e-03 -7.715610012640587712e-03
1.938644055805712924e+03 -3.339586348402813400e-03 -7.635999521056463686e-03
1.938675444523289798e+03 -3.355105361986214594e-03 -7.482213605362914022e-03
1.938691125735402920e+03 -3.364918113106513033e-03 -7.393814947540534172e-03
1.938706815542633876e+03 -3.371532664051435802e-03 -7.300594775200897057e-03
1.938722508642555795e+03 -3.379468687723323223e-03 -7.206917500486725164e-03
1.938753917144994830e+03 -3.391465822882030936e-03 -7.015673434604966646e-03
1.938769623915662805e+03 -3.397436372100210225e-03 -6.921723555317981121e-03
1.938785332298943331e+03 -3.403510802181933508e-03 -6.828658671231449366e-03
1.938801055212910114e+03 -3.410090817582215640e-03 -6.747845175918669967e-03
1.938832523782468797e+03 -3.418586675003521327e-03 -6.673507472554762211e-03
1.938848283600154673e+03 -3.423201628988660483e-03 -6.554232117737749351e-03
1.938864046479111948e+03 -3.424108493339206218e-03 -6.536261439083435217e-03
1.938895618813862939e+03 -3.427942113762798022e-03 -6.742400789904572263e-03
1.938911376960177677e+03 -3.428720168670590634e-03 -7.132462943658816890e-03
1.938927123207649629e+03 -3.426917349039969481e-03 -7.431385704842994287e-03
1.938942859999839584e+03 -3.428371617290937486e-03 -7.423070987809493419e-03
1.938974281852498734e+03 -3.427660677373079844e-03 -7.934181284827901068e-03
1.938989973996224990e+03 -3.426882073158844452e-03 -8.074915177361998569e-03
1.939005666953693890e+03 -3.424900193534119106e-03 -8.131681455390412858e-03
1.939021358213271924e+03 -3.422585332662600281e-03 -8.199638882422664865e-03
1.939052763229836955e+03 -3.418642434734735138e-03 -8.390409305170522247e-03
1.939068488293665268e+03 -3.414827321347839017e-03 -8.512762746673797551e-03
1.939084210433838052e+03 -3.411910897923955879e-03 -8.660927607954973378e-03
1.939115717971440972e+03 -3.401622963537421270e-03 -8.953300733004336889e-03
1.939131512026434848e+03 -3.397517486915754316e-03 -9.085492292138824116e-03
1.939147302666030555e+03 -3.392209786397860655e-03 -9.277633983452335600e-03
1.939163062162285541e+03 -3.386156816078160318e-03 -9.457033477645532607e-03
1.939194547831551063e+03 -3.374563564119459607e-03 -9.701238640875381458e-03
1.939210265855905618e+03 -3.369707624481900216e-03 -9.782811880255804643e-03
1.939225966056038487e+03 -3.363607944417374828e-03 -9.840625737947562846e-03
1.939241658212236871e+03 -3.357319306100913815e-03 -9.865378940932095428e-03
1.939273041402687795e+03 -3.344848595969465276e-03 -9.828424393648340154e-03
1.939288737116752145e+03 -3.338791491773773854e-03 -9.796944621097302200e-03
1.939304452572617492e+03 -3.332652739282696442e-03 -9.733587417116527224e-03
1.939320181923763357e+03 -3.326531333000225243e-03 -9.664404795523421146e-03
1.939351656667738553e+03 -3.315532932718668734e-03 -9.507416627922024577e-03
1.939367368370071972e+03 -3.309809162305915597e-03 -9.416920403566822820e-03
1.939383119380354401e+03 -3.306059273089894095e-03 -9.320565674505631309e-03
1.939414639858590817e+03 -3.301482156336780008e-03 -9.107968938063126449e-03
1.939430319264311038e+03 -3.298572643993280627e-03 -8.992709963165174125e-03
1.939445975959200950e+03 -3.299295003891711871e-03 -8.874710614250472598e-03
1.939461598391325424e+03 -3.296487408009674512e-03 -8.763635748072602649e-03
1.939492849096537839e+03 -3.294927726155953956e-03 -8.539402567347904524e-03
1.939508512011719404e+03 -3.294753348228805258e-03 -8.426656154047805145e-03
1.939524190804423597e+03 -3.296160853198385875e-03 -8.313109857703950348e-03
1.939555601198605245e+03 -3.300124623713012861e-03 -8.101214215539047359e-03
1.939571342105301710e+03 -3.302857632958912902e-03 -8.001911267600482144e-03
1.939587097102272082e+03 -3.309697053014262150e-03 -7.911342727034904529e-03
1.939602883936102671e+03 -3.314581791135121861e-03 -7.840684019759269416e-03
1.939634377456405218e+03 -3.328286543913071011e-03 -7.697405331930485747e-03
1.939650092336395119e+03 -3.336476884703984229e-03 -7.618771367578984488e-03
1.939665769872293822e+03 -3.342994651645682467e-03 -7.544525636247682854e-03
1.939681463168278924e+03 -3.352868373475750927e-03 -7.462811468435211378e-03
1.939712837168001215e+03 -3.369098947124569369e-03 -7.278543078347875228e-03
1.939728533438638124e+03 -3.377009717016292954e-03 -7.183870442222278080e-03
1.939744239381947409e+03 -3.383861317705181334e-03 -7.088232335781322752e-03
1.939775653139937504e+03 -3.395555957351676854e-03 -6.898642261574352424e-03
1.939791362733626329e+03 -3.401216057691017203e-03 -6.804844612033589604e-03
1.939807093421557511e+03 -3.406232809729830852e-03 -6.743286622812147586e-03
1.939822827734949897e+03 -3.410280621657932505e-03 -6.746731338748941827e-03
1.939854334075101860e+03 -3.416169434605899596e-03 -6.542530533932371800e-03
1.939870102319246826e+03 -3.420066160691681133e-03 -6.548495587839633404e-03
1.939885890423807496e+03 -3.421117387193111769e-03 -6.618571722405015324e-03
1.939901676579527020e+03 -3.422858012464575356e-03 -6.823773288652947890e-03
1.939933163802117406e+03 -3.422734737267817736e-03 -7.423731719014921640e-03
1.939948891425878628e+03 -3.422755537183841661e-03 -7.473679426725166920e-03
1.939964606494440659e+03 -3.421476806165443980e-03 -7.759320993917846569e-03
1.939980303592105429e+03 -3.422090819439929568e-03 -7.983524630414851053e-03
1.940011693391447125e+03 -3.420839657944451263e-03 -8.145968339946890041e-03
1.940027385165907845e+03 -3.418445113640589984e-03 -8.225249513456635297e-03
1.940043079766803885e+03 -3.416252517877688914e-03 -8.313464536061855939e-03
1.940074518635283539e+03 -3.408885995294723328e-03 -8.546238831812874928e-03
1.940090250444731737e+03 -3.405937783447815677e-03 -8.700052805678825524e-03
1.940106009442427876e+03 -3.399946844490328839e-03 -8.864749413203705519e-03
1.940121774335048030e+03 -3.396200530866446549e-03 -8.986413008906297961e-03
1.940153358898046008e+03 -3.384627868810001668e-03 -9.332622139723563068e-03
1.940169110882478662e+03 -3.379397965516374013e-03 -9.508303614566691875e-03
1.940184851993325310e+03 -3.373786171970639697e-03 -9.632471569996392188e-03
1.940200579460925383e+03 -3.367672177774980440e-03 -9.734862546817419846e-03
1.940231985671590110e+03 -3.355606931960635093e-03 -9.860447506336106338e-03
1.940247680038829003e+03 -3.351064176556121238e-03 -9.877140255694584828e-03
1.940263373530251329e+03 -3.345943425778844134e-03 -9.863540656182653854e-03
1.940294768616944566e+03 -3.333387421930878412e-03 -9.792885405314767297e-03
1.940310489007771366e+03 -3.328589437587183356e-03 -9.723583103193425212e-03
1.940326214026270463e+03 -3.319555140993081434e-03 -9.655474750227157135e-03
1.940341962208398400e+03 -3.314265175501347662e-03 -9.578746408692393258e-03
1.940373410986458566e+03 -3.304869085644032006e-03 -9.400144759458314847e-03
1.940389173730973653e+03 -3.301072189928322582e-03 -9.301003026699459011e-03
1.940404944165751203e+03 -3.298186732138298164e-03 -9.194433438761268756e-03
1.940420680564706799e+03 -3.296307942985656630e-03 -9.084551348936960660e-03
1.940451984612707747e+03 -3.289468269568281145e-03 -8.850682729619809355e-03
1.940467597844258989e+03 -3.290060977211016133e-03 -8.738207208845549800e-03
1.940483215302058397e+03 -3.289076105164605909e-03 -8.624881208019108056e-03
1.940514537471683752e+03 -3.289847353354372495e-03 -8.399697352348732896e-03
1.940530222906913423e+03 -3.292237935781200733e-03 -8.285088326758338617e-03
1.940545926713942436e+03 -3.293786014548602276e-03 -8.177129462259352319e-03
1.940561649009424400e+03 -3.298009579628835564e-03 -8.077152393805863556e-03
1.940593161552108995e+03 -3.303666763293624294e-03 -7.892646044113013279e-03
1.940608947088923514e+03 -3.311154935440522099e-03 -7.827317719281913846e-03
1.940624706706754523e+03 -3.317656728900260886e-03 -7.760071812570819988e-03
1.940640415747061752e+03 -3.324212709076876208e-03 -7.678075342219941105e-03
1.940671808988992325e+03 -3.342376882047848590e-03 -7.525607047440566362e-03
1.940687493119481132e+03 -3.349087929841880733e-03 -7.442442064225463123e-03
1.940703172252887725e+03 -3.357184588756985041e-03 -7.349771079026510764e-03
1.940734567240012211e+03 -3.370900488331771746e-03 -7.161579118601502265e-03
1.940750275004427067e+03 -3.377068486552893024e-03 -7.064217262273474879e-03
1.940765983665776957e+03 -3.384434568436039958e-03 -6.969423127243672828e-03
1.940781691670193368e+03 -3.392497590553402581e-03 -6.875909940712352994e-03
1.940813145899265010e+03 -3.402413486762196054e-03 -6.746588556454011752e-03
1.940828873534090917e+03 -3.405651374009738969e-03 -6.732431177651682953e-03
1.940844630708860450e+03 -3.408954360490042395e-03 -6.604814289353704709e-03
1.940860394329622295e+03 -3.413060757987930981e-03 -6.538458746272892037e-03
1.940891957412181455e+03 -3.415786421109947343e-03 -6.657863924015265319e-03
1.940907730781201735e+03 -3.416358159194602361e-03 -6.929561316615141971e-03
1.940923476012206038e+03 -3.417601426146363135e-03 -7.386854388237941785e-03
1.940954936101919657e+03 -3.416581275404614610e-03 -7.546972783688471638e-03
1.940970641145986974e+03 -3.416792424454277808e-03 -7.834950207184342846e-03
1.940986335351037724e+03 -3.415680381755716814e-03 -8.022925622208996327e-03
1.941002029960302025e+03 -3.414289308244108662e-03 -8.103337166453490267e-03
1.941033415878403503e+03 -3.412153979363751789e-03 -8.249418595552879263e-03
1.941049121375249570e+03 -3.410656571523966365e-03 -8.339518558438691748e-03
1.941064846925324446e+03 -3.406213580109062732e-03 -8.450148666010830895e-03
1.941080561094319592e+03 -3.403293653552344998e-03 -8.582995660867905052e-03
1.941112066364094289e+03 -3.394020934698925226e-03 -8.906834348556196684e-03
1.941127853662697362e+03 -3.390245965211289864e-03 -9.022902131678616974e-03
1.941143637871678038e+03 -3.384025654447090411e-03 -9.192123547351608442e-03
1.941175162647893785e+03 -3.372037184287217035e-03 -9.555268126841185566e-03
1.941190904089070955e+03 -3.367670863108126328e-03 -9.670661527906802141e-03
1.941206626355517756e+03 -3.361064147803728870e-03 -9.764728460328381612e-03
1.941222325842369855e+03 -3.355720545645918609e-03 -9.835660527094749334e-03
1.941253711129704470e+03 -3.343102174652208634e-03 -9.886041285559707750e-03
1.941269403795365633e+03 -3.336992216323803051e-03 -9.862284480729554062e-03
1.941285099045751849e+03 -3.331525747049249395e-03 -9.834078214590384961e-03
1.941300808749111866e+03 -3.326847023545720893e-03 -9.783795161000237092e-03
1.941332264310366099e+03 -3.313610018824228887e-03 -9.645205430916875544e-03
1.941348016759719030e+03 -3.308696330374883993e-03 -9.565801112734534026e-03
1.941363739280542859e+03 -3.301846714553047582e-03 -9.476662238380430259e-03
1.941395238894513341e+03 -3.295541532881030022e-03 -9.281362617752060909e-03
1.941411007836694580e+03 -3.292800547357252212e-03 -9.172280307544182498e-03
1.941426714596243755e+03 -3.290355342436694034e-03 -9.059876946487924188e-03
1.941442373984176811e+03 -3.288648540158181123e-03 -8.939087594232737743e-03
1.941473612726576221e+03 -3.285004115322535598e-03 -8.712885963162867245e-03
1.941489238741659392e+03 -3.283674162501363375e-03 -8.600931757446417247e-03
1.941504896825663536e+03 -3.284056730200407559e-03 -8.486068064658451593e-03
1.941520573201968546e+03 -3.284682387287291352e-03 -8.372265156717089221e-03
1.941551976033279516e+03 -3.287540409175860549e-03 -8.154023695040975989e-03
1.941567711921271666e+03 -3.292390393478220999e-03 -8.053545334795778401e-03
1.941583468635587906e+03 -3.295982118331697557e-03 -7.958563664848429878e-03
1.941615011402881009e+03 -3.305840963220973896e-03 -7.815744385584287926e-03
1.941630763828440649e+03 -3.315210340381894404e-03 -7.743442607278969853e-03
1.941646475749292676e+03 -3.321681161670760486e-03 -7.659466684700364306e-03
1.941662157949684115e+03 -3.329732146390888305e-03 -7.584286854772623321e-03
1.941693530147830415e+03 -3.345696180993277223e-03 -7.422215890479403125e-03
1.941709219095026128e+03 -3.355095257704634754e-03 -7.328680354906018379e-03
1.941724914997448650e+03 -3.361278194609807531e-03 -7.235412242940676350e-03
1.941740615823832286e+03 -3.367769938077840725e-03 -7.139787089580500005e-03
1.941772030761158931e+03 -3.380082622680936292e-03 -6.947841596369470039e-03
1.941787739946725196e+03 -3.385658831866590959e-03 -6.853943959194800338e-03
1.941803467004350523e+03 -3.391329241402630309e-03 -6.766534824222047648e-03
1.941834942186145781e+03 -3.401510854568505320e-03 -6.707987994281899326e-03
1.941850701693143037e+03 -3.405527923229856053e-03 -6.579292281652508213e-03
1.941866466399298361e+03 -3.406753023873375277e-03 -6.542372286225207889e-03
1.941882257748737175e+03 -3.409043360968300445e-03 -6.585398165711382236e-03
1.941913791816500861e+03 -3.410541971377105928e-03 -7.060629014008027934e-03
1.941929536769131573e+03 -3.410421985988043234e-03 -7.447007249221358240e-03
1.941945270672963034e+03 -3.411051454434379463e-03 -7.415505188663638718e-03
1.941960987789825822e+03 -3.412208050043155291e-03 -7.632634017030286155e-03
1.941992383983778609e+03 -3.411078549791145883e-03 -8.049610794704968944e-03
1.942008075347339400e+03 -3.409588666342538293e-03 -8.118982910486209278e-03
1.942023765810939949e+03 -3.407553178320335292e-03 -8.193343786081899727e-03
1.942055175001264843e+03 -3.402714991960294980e-03 -8.369139938203455295e-03
1.942070899297220421e+03 -3.400070827398488527e-03 -8.486982951677024198e-03
1.942086622882096663e+03 -3.397092660897621345e-03 -8.627392217484481166e-03
1.942102375513565903e+03 -3.391734874553543715e-03 -8.796030583307188830e-03
1.942133931435587556e+03 -3.381953571640631574e-03 -9.065839164972399472e-03
1.942149725045685955e+03 -3.377922026748241859e-03 -9.255676431047981170e-03
1.942165478494878016e+03 -3.370472434381951640e-03 -9.455341590933849516e-03
1.942181223729686508e+03 -3.365080153452896117e-03 -9.603559036575639446e-03
1.942212674605655138e+03 -3.354051631464334202e-03 -9.799492248145490192e-03
1.942228370190294754e+03 -3.349460685799649558e-03 -9.864791509595519786e-03
1.942244065559112641e+03 -3.343662517473249864e-03 -9.894364897528276637e-03
1.942275448850241446e+03 -3.331408957788961969e-03 -9.865221306643773280e-03
1.942291145011963636e+03 -3.325536931629422942e-03 -9.836442265821003159e-03
1.942306863833148782e+03 -3.318950674944096905e-03 -9.775465809122193400e-03
1.942322588499514495e+03 -3.312429206810775951e-03 -9.707836163401066185e-03
1.942354077526454375e+03 -3.299055018282246766e-03 -9.552494529813175886e-03
1.942369796808779938e+03 -3.295633893208556667e-03 -9.461929594864105023e-03
1.942385556437546256e+03 -3.291345382040624604e-03 -9.365179008411940800e-03
1.942401323209078100e+03 -3.290243671529903286e-03 -9.260095438424155792e-03
1.942432752370371190e+03 -3.283636665284989792e-03 -9.035057802032330290e-03
1.942448409842759474e+03 -3.280939307678237132e-03 -8.916297773515480946e-03
1.942464029434288022e+03 -3.280042915721812120e-03 -8.804190282839081949e-03
1.942495280015057460e+03 -3.279194002667986958e-03 -8.575149008176808849e-03
1.942510947326113410e+03 -3.278518509603619516e-03 -8.461842618402300523e-03
1.942526627372845496e+03 -3.278907738073425036e-03 -8.346424767567856354e-03
1.942542322428574153e+03 -3.280581437442989679e-03 -8.235596453636296471e-03
1.942573791856428443e+03 -3.285882845987500925e-03 -8.033175925772038928e-03
1.942589553353086330e+03 -3.290078900230737277e-03 -7.940887695808876434e-03
1.942605340222123232e+03 -3.296360773589867860e-03 -7.864292260639749524e-03
1.942621095912680630e+03 -3.302680791242757190e-03 -7.804239068925473109e-03
1.942652537865501245e+03 -3.316732145147826671e-03 -7.644626378057819277e-03
1.942668218480236192e+03 -3.324519556721486791e-03 -7.570120032012876352e-03
1.942683903521213551e+03 -3.333188322043731909e-03 -7.492729993347501533e-03
1.942715273248336871e+03 -3.348768687550825532e-03 -7.310369854665668687e-03
1.942730970632649132e+03 -3.355861537771331719e-03 -7.215074313130978752e-03
1.942746676490713980e+03 -3.363992612140704556e-03 -7.118158732210819184e-03
1.942762386396138936e+03 -3.371035111518627756e-03 -7.021699340452274181e-03
1.942793807690460653e+03 -3.382772067786909802e-03 -6.833674934077481680e-03
1.942809540396336615e+03 -3.388452354597888076e-03 -6.758813600781215375e-03
1.942825272056351650e+03 -3.390864054620429651e-03 -6.763281802270561076e-03
1.942841021116680167e+03 -3.395574271556418573e-03 -6.677777407217502098e-03
1.942872562536489568e+03 -3.401531403398327501e-03 -6.554137694795039888e-03
1.942888345063119004e+03 -3.402257628523011092e-03 -6.613940000067768284e-03
1.942904127536549140e+03 -3.403044498194855629e-03 -6.784601972103510882e-03
1.942935611688106974e+03 -3.405033616316053766e-03 -7.455951186151938206e-03
1.942951335289171084e+03 -3.405126577343086606e-03 -7.449654053169218158e-03
1.942967046863293717e+03 -3.404141711404993793e-03 -7.720187154472341919e-03
1.942982742736940281e+03 -3.403707818237561647e-03 -7.954981576290124853e-03
1.943014131640916276e+03 -3.403888636582622432e-03 -8.139340988134199581e-03
1.943029824927067693e+03 -3.402497330362999530e-03 -8.217083834074477913e-03
1.943045525884755762e+03 -3.399692509885250073e-03 -8.299601319604535746e-03
1.943061245509249602e+03 -3.398554989085587116e-03 -8.403649080382848829e-03
1.943092699493820646e+03 -3.389171526814525014e-03 -8.680982830696661046e-03
1.943108458377148281e+03 -3.385072519842967972e-03 -8.857263456374026012e-03
1.943124233958228160e+03 -3.380073110658061639e-03 -8.994458307210238465e-03
1.943140021996351152e+03 -3.374181844813676449e-03 -9.125740830457088754e-03
1.943171557650578279e+03 -3.364895880758120208e-03 -9.524071191666280342e-03
1.943187301492675488e+03 -3.358273451140549992e-03 -9.655500583650590551e-03
1.943203024258257983e+03 -3.352164970685468995e-03 -9.754768298766831186e-03
1.943234424295095550e+03 -3.340278102886581977e-03 -9.894180094688157304e-03
1.943250118573976351e+03 -3.334938583293946095e-03 -9.914087967737961193e-03
1.943265812087028962e+03 -3.330089523344646318e-03 -9.901915784252576791e-03
1.943281505781983924e+03 -3.325118133777298004e-03 -9.872439418482798976e-03
1.943312933998297240e+03 -3.312957800135918080e-03 -9.767466253219978661e-03
1.943328654349448698e+03 -3.305220614749973355e-03 -9.699166376385293109e-03
1.943344411050950384e+03 -3.298889418289116179e-03 -9.623549929269923503e-03
1.943360148365504074e+03 -3.294402549395396892e-03 -9.536797812294816115e-03
1.943391640532297288e+03 -3.285018942629547561e-03 -9.345373726926269747e-03
1.943407414361653537e+03 -3.282352568404211818e-03 -9.238046230820515237e-03
1.943423147028684525e+03 -3.280816468579134029e-03 -9.128277668292191296e-03
1.943454454509462266e+03 -3.273866216143588546e-03 -8.892460394892444733e-03
1.943470062340952154e+03 -3.273458022861640455e-03 -8.778311548647133380e-03
1.943485681575075887e+03 -3.272226253946404744e-03 -8.665331908893059848e-03
1.943501332407919790e+03 -3.271191450954979638e-03 -8.549834739558568111e-03
1.943532692744079213e+03 -3.273285472550920179e-03 -8.321269893436405649e-03
1.943548397938320477e+03 -3.276538912950477216e-03 -8.212686925586257236e-03
1.943564129956169609e+03 -3.279889441259255939e-03 -8.111062119465604556e-03
1.943595653716914285e+03 -3.285834594363826449e-03 -7.923567057242286715e-03
1.943611431396846001e+03 -3.291148377693258430e-03 -7.853519056595316752e-03
1.943627191747333654e+03 -3.298640386575484116e-03 -7.791313472271832984e-03
1.943642899613575082e+03 -3.305465677144570937e-03 -7.710299380431937140e-03
1.943674289243714384e+03 -3.321024711494600760e-03 -7.554620393400722327e-03
1.943689967594911423e+03 -3.329726271893154992e-03 -7.475008587220327919e-03
1.943705647931018575e+03 -3.336032327900940835e-03 -7.383335653567918953e-03
1.943721339526810198e+03 -3.344546844775709345e-03 -7.289815547985040861e-03
1.943752747600855173e+03 -3.356762388783882372e-03 -7.096288635283106577e-03
1.943768457056079569e+03 -3.363308373629524204e-03 -7.001331798267728355e-03
1.943784166638002944e+03 -3.370487109959226756e-03 -6.907523070392418071e-03
1.943815627081395860e+03 -3.381017072162419753e-03 -6.759308465864560800e-03
1.943831357412160514e+03 -3.385975844805269846e-03 -6.761709806286652323e-03
1.943847118442231931e+03 -3.390229467054127390e-03 -6.643581153111037703e-03
1.943862882131527385e+03 -3.392699029028030302e-03 -6.556032368804898779e-03
1.943894450228567393e+03 -3.397185021596056155e-03 -6.648528441500956357e-03
1.943910212502662262e+03 -3.398640671024041101e-03 -6.877871732763660324e-03
1.943925958419790277e+03 -3.397423987418575833e-03 -7.357219710883805726e-03
1.943941695466914780e+03 -3.399467765834098595e-03 -7.435605904406759198e-03
1.943973117707593929e+03 -3.399034559400116503e-03 -7.800118182286783740e-03
1.943988810672203499e+03 -3.398578170514720588e-03 -7.996431662980094460e-03
1.944004504694082243e+03 -3.396963364296117817e-03 -8.088644410563996731e-03
1.944020196885338692e+03 -3.395186814821709795e-03 -8.162513531031326264e-03
1.944051600247099032e+03 -3.392760247921931989e-03 -8.327115208366412183e-03
1.944067324802412031e+03 -3.388481444262764642e-03 -8.443638953205399866e-03
1.944083044529893641e+03 -3.386188880253971321e-03 -8.581781041024177242e-03
1.944114550896567835e+03 -3.376543415828987208e-03 -8.918001470739412781e-03
1.944130343910559532e+03 -3.373237059366934396e-03 -9.041617444728974190e-03
1.944146131495802820e+03 -3.367762982007522013e-03 -9.189543891542787182e-03
1.944161895980772215e+03 -3.362480333282190630e-03 -9.404762812545862730e-03
1.944193383742883498e+03 -3.351180552092120762e-03 -9.700096975787057124e-03
1.944209103311769468e+03 -3.346327186824579313e-03 -9.789964158286573043e-03
1.944224803119896933e+03 -3.340001056764386154e-03 -9.867607770392345864e-03
1.944240493631942172e+03 -3.334269257096012830e-03 -9.911213610666278276e-03
1.944271877395567117e+03 -3.321828794172836628e-03 -9.897280930472939636e-03
1.944287572705448383e+03 -3.315916649527051417e-03 -9.870421464583027313e-03
1.944303286441027922e+03 -3.310567344738142050e-03 -9.817921348389702790e-03
1.944334745132932994e+03 -3.298304539944306446e-03 -9.681766859687222088e-03
1.944350498654712965e+03 -3.293071827504334866e-03 -9.601680893443370959e-03
1.944366228830969703e+03 -3.285496184694189793e-03 -9.513264007342172451e-03
1.944381983798083866e+03 -3.280934308792977840e-03 -9.418904466040527862e-03
1.944413513512290592e+03 -3.275934938838482094e-03 -9.209575428314721590e-03
1.944429213747160475e+03 -3.273183442913633109e-03 -9.096656180570912228e-03
1.944444878337999171e+03 -3.273133030739307919e-03 -8.976135629694088208e-03
1.944460505638665381e+03 -3.269184900705389678e-03 -8.862821513607146290e-03
1.944491743920599674e+03 -3.266751461382414075e-03 -8.634629998741096338e-03
1.944507400467284924e+03 -3.266481155658132116e-03 -8.520002612272295842e-03
1.944523076613982539e+03 -3.266985615916679232e-03 -8.404549761569256316e-03
1.944554484521918084e+03 -3.268817811763878589e-03 -8.186164100858190837e-03
1.944570230818221262e+03 -3.271686192665634527e-03 -8.084514605391033421e-03
1.944585991518474202e+03 -3.277910043335054927e-03 -7.989550850280696323e-03
1.944601773533653386e+03 -3.282345453809684156e-03 -7.903216642896820215e-03
1.944633278240083200e+03 -3.294686893337774643e-03 -7.773940341467518340e-03
1.944648995076474648e+03 -3.301639451431229080e-03 -7.688348367435157184e-03
1.944664670761645084e+03 -3.307951583734506425e-03 -7.610173268021626185e-03
1.944680362646131471e+03 -3.317052388021282661e-03 -7.535151436047744268e-03
1.944711725179424775e+03 -3.334064637990356156e-03 -7.358959987904103127e-03
1.944727418869052826e+03 -3.341914916051887206e-03 -7.265391160348892534e-03
1.944743124494082622e+03 -3.347921461246626627e-03 -7.168586446161276556e-03
1.944774540089151969e+03 -3.360784316691645471e-03 -6.976306636864706631e-03
1.944790250502802564e+03 -3.366526771541569676e-03 -6.881289483677537760e-03
1.944805980662114962e+03 -3.371810555565928590e-03 -6.789177511898552599e-03
1.944821717989721719e+03 -3.376957583240371239e-03 -6.765328410290840505e-03
1.944853222742153321e+03 -3.383877761087490318e-03 -6.608670283706051356e-03
1.944868991059974633e+03 -3.387672626539515140e-03 -6.553299733247735376e-03
1.944884779585215938e+03 -3.389515151458559299e-03 -6.586810789995413938e-03
1.944900565294054559e+03 -3.392140200388188767e-03 -6.690555894346036404e-03
1.944932052977693957e+03 -3.392267876814495167e-03 -7.455085442969815526e-03
1.944947781967671517e+03 -3.392628533588476318e-03 -7.416600660566618521e-03
1.944963497944358551e+03 -3.392384499710909395e-03 -7.589273123413352133e-03
1.944994890960863586e+03 -3.393759026973220631e-03 -8.023700752991774765e-03
1.945010586701959483e+03 -3.392271854466836351e-03 -8.104686537962930981e-03
1.945026276688490952e+03 -3.390541590034096189e-03 -8.181894555691151399e-03
1.945041971265552547e+03 -3.388767730550675938e-03 -8.261966977766349585e-03
1.945073410807409800e+03 -3.382598838522898367e-03 -8.477680684453536841e-03
1.945089139667216841e+03 -3.380058248585879332e-03 -8.623850626480271050e-03
1.945104897116182201e+03 -3.373775727982739493e-03 -8.790142770603996333e-03
1.945120659270850865e+03 -3.370813750336182791e-03 -8.966408263313447799e-03
1.945152246086846162e+03 -3.360602061679886753e-03 -9.250919085722819277e-03
1.945167998140914278e+03 -3.354349110771149157e-03 -9.468704895953382328e-03
1.945183740292904304e+03 -3.349443670320143267e-03 -9.628901739776289312e-03
1.945215183491915923e+03 -3.337308401909520189e-03 -9.817826558719775290e-03
1.945230877783549204e+03 -3.332595163712534243e-03 -9.889759115642991413e-03
1.945246571657918821e+03 -3.328065448284474055e-03 -9.922379879388381826e-03
1.945262265411346789e+03 -3.322697827401819692e-03 -9.922167476321373802e-03
1.945293656515837483e+03 -3.310603244384850534e-03 -9.864078081176834434e-03
1.945309377238269690e+03 -3.305136258002043092e-03 -9.802686400727317340e-03
1.945325097661848076e+03 -3.296741204880204116e-03 -9.736181160336108975e-03
1.945340844745931463e+03 -3.291081249217736680e-03 -9.665219501687404360e-03
1.945372327228846643e+03 -3.279743088498875657e-03 -9.492095439346346503e-03
1.945388090625575614e+03 -3.275207558402029942e-03 -9.395246186174578684e-03
1.945403863471345176e+03 -3.272202090268940856e-03 -9.290645399469624199e-03
1.945435289932422620e+03 -3.267603511056211239e-03 -9.065667811092283090e-03
1.945450945879365236e+03 -3.262475527810332256e-03 -8.947411362663592466e-03
1.945466560899610840e+03 -3.262818057012421055e-03 -8.834611595326252731e-03
1.945482173684025838e+03 -3.261976807579368594e-03 -8.718390449345298290e-03
1.945513481669883731e+03 -3.261483619270832014e-03 -8.490214901526594096e-03
1.945529165646975343e+03 -3.262340075049375860e-03 -8.373599564455993030e-03
1.945544864974782968e+03 -3.262850979454104058e-03 -8.262652734062181370e-03
1.945560587671950771e+03 -3.266460350173971527e-03 -8.160098878325122013e-03
1.945592111736117658e+03 -3.270872884773026300e-03 -7.967196617459756242e-03
1.945607895001804309e+03 -3.278256942498631449e-03 -7.885503521759221202e-03
1.945623655106744764e+03 -3.283798683754942521e-03 -7.825608980004049656e-03
1.945655082442763387e+03 -3.297141808227148363e-03 -7.668416072384593926e-03
1.945670764865347564e+03 -3.306855700879226222e-03 -7.592352609789714511e-03
1.945686445468468946e+03 -3.313500138388142564e-03 -7.516629906482171809e-03
1.945702118279815977e+03 -3.322176496465443444e-03 -7.429991803342048638e-03
1.945733507572057988e+03 -3.335496592307488940e-03 -7.242141865665822562e-03
1.945749214782601030e+03 -3.342611405731524005e-03 -7.143379886496097932e-03
1.945764925371054460e+03 -3.350379869208140477e-03 -7.046982601989318015e-03
1.945780635149676527e+03 -3.358460156078900416e-03 -6.952720615655084979e-03
1.945812088513305071e+03 -3.369442163649346081e-03 -6.774010926038951698e-03
1.945827818807543508e+03 -3.372148655758004480e-03 -6.775748926386979121e-03
1.945843575190797537e+03 -3.375960362535042249e-03 -6.711365290552851262e-03
1.945875126330487774e+03 -3.383257158598926718e-03 -6.559042384880203400e-03
1.945890900952908169e+03 -3.384206653549651743e-03 -6.609081185964112322e-03
1.945906676622433224e+03 -3.384854511117411924e-03 -6.748607472462147747e-03
1.945922420521327922e+03 -3.387816786055860684e-03 -7.143783396497956767e-03
1.945953880545143875e+03 -3.387065428541635205e-03 -7.428025146324842426e-03
1.945969587673796923e+03 -3.387443973432137812e-03 -7.674351725362129131e-03
1.945985282243396114e+03 -3.386741691844667463e-03 -7.919280596056336996e-03
1.946000977736069672e+03 -3.386153690633767876e-03 -8.045024425550391378e-03
1.946032364550030024e+03 -3.385424732637285199e-03 -8.203070060810287167e-03
1.946048069159063743e+03 -3.383718728000383903e-03 -8.283360010616611785e-03
1.946063793214851785e+03 -3.380640067108634482e-03 -8.380678271084815098e-03
1.946095251551865204e+03 -3.372991478246816378e-03 -8.666744306641792350e-03
1.946111010189153376e+03 -3.369105564394899582e-03 -8.842380997232956313e-03
1.946126794980069462e+03 -3.365219546817112446e-03 -9.005978947517954275e-03
1.946142578573948185e+03 -3.359098746993795844e-03 -9.117681285958283838e-03
1.946174106734132238e+03 -3.348574893249738060e-03 -9.527282754618150717e-03
1.946189850123020051e+03 -3.343784426003792824e-03 -9.670439654633251544e-03
1.946205570709363428e+03 -3.337253391762292406e-03 -9.764751972137091646e-03
1.946221272234439311e+03 -3.332345210739680492e-03 -9.845349650004813630e-03
1.946252657781902144e+03 -3.320101641706450345e-03 -9.932875572472951720e-03
1.946268350584141444e+03 -3.314431691114047996e-03 -9.920380488181453071e-03
1.946284045180403609e+03 -3.309413386797872142e-03 -9.894186892802366018e-03
1.946315479448579026e+03 -3.296667621272575139e-03 -9.789098643100919289e-03
1.946331198642063100e+03 -3.291091157465005773e-03 -9.723382280749814921e-03
1.946346957438966456e+03 -3.284894218208816909e-03 -9.648627310958349246e-03
1.946362699434975866e+03 -3.278607950431531009e-03 -9.562255415778320167e-03
1.946394208281136116e+03 -3.270188443355197001e-03 -9.371915441369402591e-03
1.946409988608681033e+03 -3.267812779447904804e-03 -9.264159329676240409e-03
1.946425715740686883e+03 -3.265227677257333868e-03 -9.154891270699627714e-03
1.946441384003622488e+03 -3.262762283197721564e-03 -9.034216554335054716e-03
1.946472629084091068e+03 -3.258502789679427244e-03 -8.804832024184460273e-03
1.946488249820665942e+03 -3.256992380677845803e-03 -8.690672355203170676e-03
1.946503900408731397e+03 -3.256225644414707538e-03 -8.574369313458894346e-03
1.946535262769274823e+03 -3.256007276253225155e-03 -8.344003093517916511e-03
1.946550971076423821e+03 -3.258438548570010383e-03 -8.235663530476838509e-03
1.946566709321895360e+03 -3.262755439403439411e-03 -8.133220685854045465e-03
1.946582471839641812e+03 -3.264978126460503938e-03 -8.035760454989928844e-03
1.946614016389561812e+03 -3.273458806883587213e-03 -7.870720268201316511e-03
1.946629773915440410e+03 -3.281799364374680342e-03 -7.811151841407934331e-03
1.946645485746333406e+03 -3.288206828924301710e-03 -7.731861829954183966e-03
1.946661173148041826e+03 -3.296262758616922209e-03 -7.649047794019868916e-03
1.946692537659671871e+03 -3.311264192254117968e-03 -7.495521497269725178e-03
1.946708220968488149e+03 -3.319349490649096956e-03 -7.406237660803245866e-03
1.946723911458561815e+03 -3.326442929120303031e-03 -7.313438119498980386e-03
1.946755318871981672e+03 -3.339654200140921691e-03 -7.118414772828534666e-03
1.946771028867904079e+03 -3.345958945050065986e-03 -7.023357003225028788e-03
1.946786739492528341e+03 -3.352007172375960024e-03 -6.928569941849108127e-03
1.946802465884612957e+03 -3.358374724458199935e-03 -6.833098368420462664e-03
1.946833942894789743e+03 -3.368796140617431184e-03 -6.778768252297955217e-03
1.946849703803741022e+03 -3.374023437933029983e-03 -6.673053323947858093e-03
1.946865468640613926e+03 -3.375224119129596832e-03 -6.568587981894549906e-03
1.946881259952899654e+03 -3.378308660683569491e-03 -6.570163780551772047e-03
1.946912792438925862e+03 -3.381214995968751056e-03 -6.828272606114905476e-03
1.946928537704486871e+03 -3.380764887884865535e-03 -7.306901604934251324e-03
1.946944271963851634e+03 -3.382277683504701128e-03 -7.459877935935077878e-03
1.946975692638765167e+03 -3.383807290093905455e-03 -7.756786975275060253e-03
1.946991385314245690e+03 -3.383294556071217950e-03 -7.962903272396223975e-03
1.947007077907374423e+03 -3.382178633777661002e-03 -8.063623151871720726e-03
1.947022769473362587e+03 -3.380411839648332032e-03 -8.145860867483369419e-03
1.947054177433680024e+03 -3.376764092823448561e-03 -8.306424312324624248e-03
1.947069902219486266e+03 -3.374345855696504054e-03 -8.409288616645501160e-03
1.947085625248545739e+03 -3.371763109122661705e-03 -8.550185142754166204e-03
1.947101375546412100e+03 -3.367799380778282916e-03 -8.713678980407289082e-03
1.947132930052630627e+03 -3.357995556916650286e-03 -9.041194915682244232e-03
1.947148723320543013e+03 -3.353825611483459736e-03 -9.165921225772871370e-03
1.947164477931570900e+03 -3.347236957235034688e-03 -9.387827115676063844e-03
1.947180223908014113e+03 -3.341579501173523592e-03 -9.582371246583579194e-03
1.947211676789963121e+03 -3.331942048597528842e-03 -9.795966485896014098e-03
1.947227373536753703e+03 -3.327065811526829821e-03 -9.874411402123254439e-03
1.947243068776060227e+03 -3.321053920790821221e-03 -9.927599429217663640e-03
1.947274450058672528e+03 -3.309234750681785270e-03 -9.919702788280193584e-03
1.947290145728266452e+03 -3.303413669425952440e-03 -9.894989080400666895e-03
1.947305863021660571e+03 -3.297158722607192519e-03 -9.844976317134202654e-03
1.947321588010932146e+03 -3.291086540690013953e-03 -9.777814597568507821e-03
1.947353076782233074e+03 -3.277589717847865809e-03 -9.630882575891584751e-03
1.947368815913383060e+03 -3.272814952133145956e-03 -9.543820234708032257e-03
1.947384583127533915e+03 -3.267522267603739650e-03 -9.448303712162152077e-03
1.947400350107984195e+03 -3.266255742525022397e-03 -9.345795124856674102e-03
1.947431813572633473e+03 -3.259781792695669311e-03 -9.125277817875967687e-03
1.947447480047406771e+03 -3.257584898830072004e-03 -9.004125097968211644e-03
1.947463103312383964e+03 -3.255019405810755714e-03 -8.890966060948822525e-03
1.947494343609683938e+03 -3.253100764200664210e-03 -8.659017740416878606e-03
1.947510004166515273e+03 -3.251635117985330389e-03 -8.544381003710202482e-03
1.947525680276919502e+03 -3.251634763796737871e-03 -8.427586858620605970e-03
1.947541373775278771e+03 -3.252474723369616801e-03 -8.314093172882432159e-03
1.947572846745224524e+03 -3.256037700830480709e-03 -8.107145787347938212e-03
1.947588613478294064e+03 -3.260725252622507023e-03 -8.012231533125762153e-03
1.947604399584458633e+03 -3.265424325536857297e-03 -7.923910354844847237e-03
1.947620153659444441e+03 -3.271059955024616887e-03 -7.855666959622507189e-03
1.947651606409216356e+03 -3.284588191404461902e-03 -7.710475152417328379e-03
1.947667283867487868e+03 -3.290997324394178553e-03 -7.630652421602693650e-03
1.947682968566944965e+03 -3.299681304112753264e-03 -7.554926923027986511e-03
1.947714327377137352e+03 -3.315346282272824737e-03 -7.382490626364029453e-03
1.947730021180278072e+03 -3.323157348601404448e-03 -7.288477570768836511e-03
1.947745725179073816e+03 -3.331120312154218620e-03 -7.190862077100124150e-03
1.947761437840095596e+03 -3.338162993294334791e-03 -7.092702372853098430e-03
1.947792859626717473e+03 -3.350583140716138254e-03 -6.904079004351081593e-03
1.947808593062708951e+03 -3.356281535867256839e-03 -6.809857089311836462e-03
1.947824327734969984e+03 -3.359577232789419127e-03 -6.773409449566489271e-03
1.947840076319621176e+03 -3.364967141647879582e-03 -6.767619213953212677e-03
1.947871616535649309e+03 -3.371613916089736488e-03 -6.563301943196717461e-03
1.947887400079776171e+03 -3.372979594164077655e-03 -6.586355692583375533e-03
1.947903182068044543e+03 -3.374689457795596297e-03 -6.671852433800674886e-03
1.947934665721651754e+03 -3.377001674206823751e-03 -7.438788035821760486e-03
1.947950390082041849e+03 -3.377684735323831060e-03 -7.426670196113063956e-03
1.947966103221341427e+03 -3.376858855277127709e-03 -7.544216295080221832e-03
1.947981799624597443e+03 -3.377284203268910746e-03 -7.826221544800887955e-03
1.948013189259132787e+03 -3.378254791788473568e-03 -8.083471339768076580e-03
1.948028884062007592e+03 -3.376862135717626813e-03 -8.167587309597873838e-03
1.948044581656609353e+03 -3.374687113320878635e-03 -8.245325438504064186e-03
1.948060301541320541e+03 -3.373804390563191376e-03 -8.327413535105051071e-03
1.948091754013173158e+03 -3.365576188911767203e-03 -8.589137959307749717e-03
1.948107512425919822e+03 -3.361204698118225569e-03 -8.760614070360177655e-03
1.948123283511813270e+03 -3.356937923593158058e-03 -8.947663354723887214e-03
1.948154862823231724e+03 -3.345617165117830381e-03 -9.222986828559211550e-03
1.948170612685288688e+03 -3.342515659503129087e-03 -9.456368799251440790e-03
1.948186354539033800e+03 -3.336391626478653859e-03 -9.632341492509471567e-03
1.948202079052307909e+03 -3.330574655071128626e-03 -9.745604515524324343e-03
1.948233481351423279e+03 -3.319002349473613826e-03 -9.901717654722931236e-03
1.948249175574155288e+03 -3.314288437357143426e-03 -9.945020977461027645e-03
1.948264868697918700e+03 -3.309778347002091756e-03 -9.946807224953505694e-03
1.948280561903486614e+03 -3.304603754616542571e-03 -9.923137102085064637e-03
1.948311987291381001e+03 -3.293255965947555156e-03 -9.835034524665914324e-03
1.948327704752737873e+03 -3.284944721779042062e-03 -9.768656657621744080e-03
1.948343455604809606e+03 -3.278208427052540369e-03 -9.698605556010883935e-03
1.948374957672952860e+03 -3.267660111185592339e-03 -9.525413448053557733e-03
1.948390720372997976e+03 -3.262336905192584312e-03 -9.427853419112935257e-03
1.948406502743069268e+03 -3.258332554950216491e-03 -9.321974491718567138e-03
1.948422252590982907e+03 -3.257866848783811786e-03 -9.213678326864906121e-03
1.948453579919900903e+03 -3.249823397142846161e-03 -8.976965895376597462e-03
1.948469189822154704e+03 -3.249229026300109839e-03 -8.861988402394303105e-03
1.948484804608510103e+03 -3.247999743101228666e-03 -8.746208105787967035e-03
1.948500446773803787e+03 -3.246482429251640062e-03 -8.629441997882954934e-03
1.948531800500375766e+03 -3.247661668851833505e-03 -8.397558284961727237e-03
1.948547503272794074e+03 -3.249428840509632765e-03 -8.286148511873911437e-03
1.948563233282985493e+03 -3.252021876082945243e-03 -8.182765816499954284e-03
1.948594769335041974e+03 -3.256522061782798471e-03 -7.989570549467462507e-03
1.948610545606609094e+03 -3.262024701739857716e-03 -7.904666900519675618e-03
1.948626307442798861e+03 -3.268149438730749787e-03 -7.842821295725459566e-03
1.948642017448485831e+03 -3.274222891813060709e-03 -7.774866002706304000e-03
1.948673407559527959e+03 -3.289773253075940589e-03 -7.611967060888770453e-03
1.948689085028780028e+03 -3.297222861527808555e-03 -7.535717054260542176e-03
1.948704756492955539e+03 -3.303759299893744249e-03 -7.450772092238292996e-03
1.948720445070439382e+03 -3.312419787134091454e-03 -7.358443075011044353e-03
1.948751849568670195e+03 -3.325067925332337790e-03 -7.165500846662654043e-03
1.948767561465541121e+03 -3.331995484273265942e-03 -7.069147189527268463e-03
1.948783272677565947e+03 -3.340255973444121191e-03 -6.975027095856998517e-03
1.948814734596188146e+03 -3.351281704276748256e-03 -6.791371935425821911e-03
1.948830465261064091e+03 -3.356265887397953934e-03 -6.784751678821386578e-03
1.948846227364702600e+03 -3.360368991777353681e-03 -6.741941556481155853e-03
1.948861992152349103e+03 -3.364180533676406053e-03 -6.606510653875158345e-03
1.948893556499539272e+03 -3.369331008854691868e-03 -6.606927630134045056e-03
1.948909320871682212e+03 -3.371118146452577267e-03 -6.722999839782601433e-03
1.948925066226301624e+03 -3.371028861045394578e-03 -7.072744320082451595e-03
1.948940803926328272e+03 -3.373247495137521920e-03 -7.500025265762357007e-03
1.948972226388271338e+03 -3.373380994833819098e-03 -7.629267678937287807e-03
1.948987920077156559e+03 -3.373206563871925835e-03 -7.883838637237074523e-03
1.949003614896107592e+03 -3.372118284674630560e-03 -8.017162476384905034e-03
1.949035001617137368e+03 -3.370174325460709684e-03 -8.188160335165808185e-03
1.949050710022095018e+03 -3.369755150178829328e-03 -8.264477020722171483e-03
1.949066434554692478e+03 -3.365472999216170737e-03 -8.351037891891545384e-03
1.949082152210322647e+03 -3.363642236008877393e-03 -8.471923016182146896e-03
1.949113658063136654e+03 -3.354752954189405782e-03 -8.809136629016618703e-03
1.949129449498773738e+03 -3.351839767982924337e-03 -8.998106517353872055e-03
1.949145235187351773e+03 -3.346433520058703787e-03 -9.106979947618559432e-03
1.949161003557434015e+03 -3.341674479817865768e-03 -9.289508527898568749e-03
1.949192491726498929e+03 -3.330881040001115647e-03 -9.678852834570754460e-03
1.949208213159733987e+03 -3.325770892979174140e-03 -9.779816387486766835e-03
1.949223911788432588e+03 -3.319885549799046851e-03 -9.857654597029670909e-03
1.949255294928527519e+03 -3.308211387630565804e-03 -9.958785150163740330e-03
1.949270986451144381e+03 -3.302182108668204070e-03 -9.949716409022381011e-03
1.949286681317226339e+03 -3.296539198821342009e-03 -9.926966473248080222e-03
1.949302393285983044e+03 -3.291734568565438373e-03 -9.888656606061554249e-03
1.949333843816494209e+03 -3.279169440441698918e-03 -9.758448103207537430e-03
1.949349599374598711e+03 -3.274050519966143630e-03 -9.683441930086545205e-03
1.949365345283506940e+03 -3.266184697491204651e-03 -9.598186612940070098e-03
1.949381115325590827e+03 -3.261357302146875546e-03 -9.504303934573972434e-03
1.949412660058811298e+03 -3.255123223535448355e-03 -9.296878269100986025e-03
1.949428378620611284e+03 -3.251577174074381064e-03 -9.186511726845179165e-03
1.949444051014602337e+03 -3.251170844339618896e-03 -9.064693510331151005e-03
1.949475294373186443e+03 -3.245341386121639981e-03 -8.833161164817767905e-03
1.949490915283867253e+03 -3.243774358619756337e-03 -8.716903875523960427e-03
1.949506564710728526e+03 -3.242616561402802532e-03 -8.600519933165256051e-03
1.949522238428349510e+03 -3.242417608164364397e-03 -8.483593559184800237e-03
1.949553641463603981e+03 -3.242499165680473062e-03 -8.259808000837191855e-03
1.949569390313685062e+03 -3.245279906260781916e-03 -8.156231490636560791e-03
1.949585158541556666e+03 -3.250330132834175142e-03 -8.059151582311116502e-03
1.949600941705878085e+03 -3.254592536173887569e-03 -7.966990441529289008e-03
1.949632448291812352e+03 -3.265247992422184563e-03 -7.829978843976891437e-03
1.949648166579243707e+03 -3.271341295213360360e-03 -7.753038412701889447e-03
1.949663843965291790e+03 -3.277735914158373936e-03 -7.670782699596112066e-03
1.949695203709616862e+03 -3.293252347618876377e-03 -7.515786008379558326e-03
1.949710886571643869e+03 -3.302696770005838535e-03 -7.427232734340016504e-03
1.949726577431999658e+03 -3.310445334638090209e-03 -7.335140284772947820e-03
1.949742279199113909e+03 -3.316278853787307974e-03 -7.240335469440140059e-03
1.949773697490735458e+03 -3.330038797720762719e-03 -7.045379314662171370e-03
1.949789409330297076e+03 -3.336086819378900493e-03 -6.951066797469616920e-03
1.949805139525764616e+03 -3.341807488517529404e-03 -6.857504585435152122e-03
1.949820879407137681e+03 -3.347657461767885624e-03 -6.781953382312923793e-03
1.949852384777015004e+03 -3.356041293624447818e-03 -6.706886940018734304e-03
1.949868153483780588e+03 -3.359596528472855170e-03 -6.587248235653794630e-03
1.949883942112855493e+03 -3.362106390754260234e-03 -6.574658717673764752e-03
1.949915470245108509e+03 -3.364333835271984558e-03 -6.792849141331615791e-03
1.949931213679585426e+03 -3.366097947361784259e-03 -7.238295378157975045e-03
1.949946943502721524e+03 -3.366822623341987619e-03 -7.489390708347190215e-03
1.949962659866438116e+03 -3.367652149611071854e-03 -7.446539847639029562e-03
1.949994055154122179e+03 -3.369370246752717655e-03 -7.927934864555384945e-03
1.950009749416004070e+03 -3.368159148306988995e-03 -8.036845231649061838e-03
1.950025439471269920e+03 -3.366965770404043920e-03 -8.126743406952496515e-03
1.950041134184464227e+03 -3.365507400673071765e-03 -8.207848457877867793e-03
1.950072574103849320e+03 -3.360537333967562618e-03 -8.378171620490898475e-03
1.950088300854131603e+03 -3.358294917961019213e-03 -8.509298559526038558e-03
1.950104056454581041e+03 -3.352307021633694952e-03 -8.675303997986711160e-03
1.950135613000443527e+03 -3.344208022293329932e-03 -9.040659996434666917e-03
1.950151405375878539e+03 -3.340497966332645844e-03 -9.147972813881031021e-03
1.950167157532335068e+03 -3.333853881358942329e-03 -9.362786271759493059e-03
1.950182900424514401e+03 -3.329261912443591629e-03 -9.578624449403079846e-03
1.950214346150660504e+03 -3.317902616712430867e-03 -9.811033501781328547e-03
1.950230040898998141e+03 -3.313738278103408024e-03 -9.886498288191786915e-03
1.950245734536364807e+03 -3.309029676630706983e-03 -9.948578499467225847e-03
1.950261429165173695e+03 -3.303515624192516608e-03 -9.967264051084364154e-03
1.950292816487940399e+03 -3.291900980602513200e-03 -9.927999862216386681e-03
1.950308536581886528e+03 -3.286172949626394411e-03 -9.880099142592226047e-03
1.950324258186186171e+03 -3.278475403146409797e-03 -9.813983428679902421e-03
1.950355753425747025e+03 -3.265357646099573997e-03 -9.667476109939695736e-03
1.950371501089634421e+03 -3.261073737573457355e-03 -9.580590233800010541e-03
1.950387273586260335e+03 -3.255657160359213230e-03 -9.483194094086844564e-03
1.950403051719920768e+03 -3.252045677643983744e-03 -9.379633883886660112e-03
1.950434507893779710e+03 -3.246903130928407207e-03 -9.157027928994608545e-03
1.950450173720339080e+03 -3.241657997820174796e-03 -9.036467406284984238e-03
1.950465792965027504e+03 -3.241202429485098846e-03 -8.922360286852608346e-03
1.950481402913101647e+03 -3.240062660886456388e-03 -8.803226393059415678e-03
1.950512696051989224e+03 -3.238195582173931161e-03 -8.571280253796841747e-03
1.950528379057208895e+03 -3.237632704248818820e-03 -8.452732939132340598e-03
1.950544074295260316e+03 -3.237590438290450200e-03 -8.339379410011135349e-03
1.950575556511268815e+03 -3.241760401855650967e-03 -8.131529878884893869e-03
1.950591330736371901e+03 -3.243425492687494402e-03 -8.037109787262960298e-03
1.950607114487370154e+03 -3.250058942896528764e-03 -7.945998091652268364e-03
1.950622870186023192e+03 -3.254849078392135862e-03 -7.873677337143735605e-03
1.950654306234504020e+03 -3.266930367781677863e-03 -7.732712948566126780e-03
1.950669986992210397e+03 -3.275515462838769591e-03 -7.652948666108523069e-03
1.950685666246369919e+03 -3.282374669060119168e-03 -7.576638842621420677e-03
1.950701333401627153e+03 -3.291200391765914182e-03 -7.495423458535754695e-03
1.950732714880186904e+03 -3.304240829445804963e-03 -7.311699840130264465e-03
1.950748420762163050e+03 -3.312101464260872822e-03 -7.214393734754451226e-03
1.950764132141679283e+03 -3.320259295503974906e-03 -7.116447229914675543e-03
1.950795563275095219e+03 -3.333741131613340760e-03 -6.929115922756147981e-03
1.950811297992753452e+03 -3.340049096723163649e-03 -6.835049526092307030e-03
1.950827030844920500e+03 -3.342714236252454334e-03 -6.784585496661265161e-03
1.950842787193823369e+03 -3.347102089360894789e-03 -6.791779090048061414e-03
1.950874338303996865e+03 -3.355030116422874978e-03 -6.577957364015700990e-03
1.950890112810815481e+03 -3.356611318521811587e-03 -6.591083097174436217e-03
1.950905888529461208e+03 -3.357695803652105751e-03 -6.663636356199694431e-03
1.950921631334356107e+03 -3.361610845568864178e-03 -6.886465038523744558e-03
1.950953091476387272e+03 -3.361505758304966871e-03 -7.448786688028760476e-03
1.950968800220409548e+03 -3.361969191766861747e-03 -7.506648720740324507e-03
1.950984495398571198e+03 -3.361733428728777735e-03 -7.785142712433495114e-03
1.951000191583836795e+03 -3.361925176761739343e-03 -7.961467058231632907e-03
1.951031578937186396e+03 -3.362168540727364808e-03 -8.150687429070225740e-03
1.951047283747383744e+03 -3.360515428298930726e-03 -8.227926832748493416e-03
1.951063005540220502e+03 -3.358676811110832255e-03 -8.310796871300922539e-03
1.951094462269751602e+03 -3.350971316426091823e-03 -8.552855519983486657e-03
1.951110220847103847e+03 -3.347671996152440464e-03 -8.724665600290618800e-03
1.951126003374691209e+03 -3.343629627588030461e-03 -8.922976266445319798e-03
1.951141787288564274e+03 -3.337883917193633799e-03 -9.076880392086561847e-03
1.951173317652627702e+03 -3.328588490455273129e-03 -9.440653017480224105e-03
1.951189061598281114e+03 -3.323327714553950350e-03 -9.633004925380996356e-03
1.951204781661952211e+03 -3.317238730515339323e-03 -9.764718736243554326e-03
1.951220485186619953e+03 -3.312529750019720630e-03 -9.840349058787750680e-03
1.951251871008669696e+03 -3.300819398882769238e-03 -9.966518308889305358e-03
1.951267563795943943e+03 -3.295611581662518871e-03 -9.971728512753991192e-03
1.951283257553684280e+03 -3.290947755939464467e-03 -9.953107030392146365e-03
1.951314690180561001e+03 -3.278666771219114137e-03 -9.865607712211198199e-03
1.951330406270682033e+03 -3.272897933628076631e-03 -9.799752368178473935e-03
1.951346158755575061e+03 -3.266043829493046457e-03 -9.729249089572884410e-03
1.951361911909276841e+03 -3.259940699567547354e-03 -9.646515467612108360e-03
1.951393440008059542e+03 -3.249707708310304623e-03 -9.458218593353337825e-03
1.951409231805313311e+03 -3.246555590513774091e-03 -9.350724776220198722e-03
1.951424974150025264e+03 -3.244082104630288937e-03 -9.243123322337416098e-03
1.951440651541634224e+03 -3.241007450264334240e-03 -9.123463398043771613e-03
1.951471908129283293e+03 -3.235972386957573343e-03 -8.890444593365822573e-03
1.951487524462521378e+03 -3.234358336717106566e-03 -8.773533814945295300e-03
1.951503166857505448e+03 -3.232885607512320843e-03 -8.655489580004283034e-03
1.951534523923675351e+03 -3.231404177599839136e-03 -8.421667810032968521e-03
1.951550229390105414e+03 -3.233451304325846241e-03 -8.310511429498139771e-03
1.951565967852933227e+03 -3.236623307797962569e-03 -8.205873155229867835e-03
1.951581733612751805e+03 -3.237815948471195037e-03 -8.106042875093545305e-03
1.951613282658334128e+03 -3.244889502900334156e-03 -7.925366772671216600e-03
1.951629038424699274e+03 -3.251976303039246213e-03 -7.860163521369912393e-03
1.951644750124517941e+03 -3.257997632853488253e-03 -7.793742402306833884e-03
1.951660443750013656e+03 -3.265917716902657156e-03 -7.711274439269851996e-03
1.951691804543478838e+03 -3.279964561630515762e-03 -7.556194101231108150e-03
1.951707481637839919e+03 -3.286871651766032007e-03 -7.471715258321499041e-03
1.951723166633001256e+03 -3.294616267277578753e-03 -7.379650778988531418e-03
1.951754571615593704e+03 -3.308098730705720959e-03 -7.187660784586091638e-03
1.951770283535378439e+03 -3.314629523767526238e-03 -7.090889542874059467e-03
1.951785995772854676e+03 -3.321340958339199980e-03 -6.997249908932906895e-03
1.951801722002221823e+03 -3.328418965587239594e-03 -6.904704319083933978e-03
1.951833201063719343e+03 -3.339166894342071503e-03 -6.793993383512678119e-03
1.951848964266072016e+03 -3.344909165261783068e-03 -6.771498667281656940e-03
1.951864729988288900e+03 -3.346625205850218589e-03 -6.633203525825425578e-03
1.951880521011484007e+03 -3.350430996842237823e-03 -6.575398951446466411e-03
1.951912050865773153e+03 -3.354512182785221452e-03 -6.704929452278875907e-03
1.951927796299470174e+03 -3.353972938560953986e-03 -7.008029603089032528e-03
1.951943530721801380e+03 -3.356340512029289385e-03 -7.495098529805827199e-03
1.951974952151307889e+03 -3.358064028230163880e-03 -7.582352925208152815e-03
1.951990644525403013e+03 -3.358263168943105385e-03 -7.844688071111952099e-03
1.952006338220026464e+03 -3.357478541927354232e-03 -7.985229805339551928e-03
1.952022030475771544e+03 -3.356051750626374945e-03 -8.080953757975717008e-03
1.952053437712796949e+03 -3.353651039108206285e-03 -8.248483060398303576e-03
1.952069162497604566e+03 -3.351250723274357569e-03 -8.335797056896538521e-03
1.952084885131091823e+03 -3.349112420685367193e-03 -8.446700031844740081e-03
1.952100634128471484e+03 -3.346208912171324407e-03 -8.599256224016521913e-03
1.952132187051635583e+03 -3.336689679821982016e-03 -8.984878729053130328e-03
1.952147979325483448e+03 -3.332455295898051947e-03 -9.111596615039005420e-03
1.952163735891678471e+03 -3.326676613842668301e-03 -9.271547689383362670e-03
1.952195219088535396e+03 -3.316602403537668650e-03 -9.687646363872308430e-03
1.952210936400216724e+03 -3.312275277901888942e-03 -9.797859972519461572e-03
1.952226635148437708e+03 -3.307187413766900577e-03 -9.870788898372631626e-03
1.952242328564734635e+03 -3.301289752304733920e-03 -9.941125623425282193e-03
1.952273709289361705e+03 -3.289851364531898043e-03 -9.973184830657360125e-03
1.952289404298624959e+03 -3.284143984580606499e-03 -9.950061593438761301e-03
1.952305120099939813e+03 -3.278241187700472233e-03 -9.912640618128637157e-03
1.952320846269654112e+03 -3.272478317077052220e-03 -9.848974739327328448e-03
1.952352327915000615e+03 -3.259491618854625742e-03 -9.707957014790527875e-03
1.952368080577551609e+03 -3.253591691955718106e-03 -9.623972290852820730e-03
1.952383859645011171e+03 -3.247830401210654271e-03 -9.528255162957794192e-03
1.952415413554591169e+03 -3.241067676369897409e-03 -9.320354331984541732e-03
1.952431124225246322e+03 -3.238102280136403305e-03 -9.210292385992033606e-03
1.952446799439576580e+03 -3.236828426385273631e-03 -9.088609150259600866e-03
1.952462428742886004e+03 -3.233140345498009775e-03 -8.974382237003938542e-03
1.952493663600678474e+03 -3.230443670426273468e-03 -8.738694478033805224e-03
1.952509314977338363e+03 -3.228445966864111269e-03 -8.622814681905835096e-03
1.952524987664487526e+03 -3.227782826539353240e-03 -8.504360374084890539e-03
1.952540680881293156e+03 -3.227723325763050266e-03 -8.388498185736651194e-03
1.952572153026434535e+03 -3.229216370024588691e-03 -8.176824801288310948e-03
1.952587924339058191e+03 -3.234043653971520847e-03 -8.080171753541918675e-03
1.952603714435940219e+03 -3.237690688544991955e-03 -7.987834382916128573e-03
1.952635199750797483e+03 -3.247066928864361570e-03 -7.845177085248837556e-03
1.952650919138412064e+03 -3.254359451327089054e-03 -7.771471931835242930e-03
1.952666596919070116e+03 -3.260052514440138754e-03 -7.689884955939257569e-03
1.952682282934502382e+03 -3.268290839625421357e-03 -7.612518407641383732e-03
1.952713632090261171e+03 -3.283659268225105291e-03 -7.446586493976702255e-03
1.952729321536701036e+03 -3.291934714609104362e-03 -7.352564917158472234e-03
1.952745024347859498e+03 -3.299462582299273437e-03 -7.257929473596236650e-03
1.952760737493395709e+03 -3.306519143475977578e-03 -7.159618124789684200e-03
1.952792160825501014e+03 -3.319738201099795699e-03 -6.970505050596135892e-03
1.952807895042904192e+03 -3.325598922067460935e-03 -6.878349830030774763e-03
1.952823632803480450e+03 -3.329679146117205026e-03 -6.795441533797256552e-03
1.952855149892737472e+03 -3.337902941758869035e-03 -6.736256875791898566e-03
1.952870922626479569e+03 -3.342947316966621979e-03 -6.604439482839132534e-03
1.952886706070601804e+03 -3.344965987603515118e-03 -6.579767879591315836e-03
1.952902486786498685e+03 -3.347550025349931273e-03 -6.626265811498124013e-03
1.952933969698562350e+03 -3.350261636347878248e-03 -7.165671562049189501e-03
1.952949694261110608e+03 -3.351372123550626792e-03 -7.510604753778849819e-03
1.952965408483220017e+03 -3.350902804210361720e-03 -7.420918008072148291e-03
1.952981105482580915e+03 -3.352125687507803362e-03 -7.663709737878082739e-03
1.953012496227859401e+03 -3.353661251387461163e-03 -8.007337084658890797e-03
1.953028191042275239e+03 -3.352413548339537672e-03 -8.104309097315604005e-03
1.953043887282638707e+03 -3.350936057503391043e-03 -8.184599538950907208e-03
1.953075325239945641e+03 -3.345474511053490082e-03 -8.361089565029476700e-03
1.953091058733066347e+03 -3.343196689545173666e-03 -8.484511953461832193e-03
1.953106817127985551e+03 -3.338641654335393425e-03 -8.643872018463286816e-03
1.953122584642829452e+03 -3.335181221094612233e-03 -8.837531460288858276e-03
1.953154166791429816e+03 -3.324715663410485623e-03 -9.147034092095279387e-03
1.953169917435613797e+03 -3.321227531598888987e-03 -9.346339341351634841e-03
1.953185658051171686e+03 -3.315809438157188774e-03 -9.580196642329704207e-03
1.953201383658350096e+03 -3.310283578894884088e-03 -9.733077627038913548e-03
1.953232787894902458e+03 -3.299238541584078276e-03 -9.898204123057079140e-03
1.953248481859066487e+03 -3.295033655947006944e-03 -9.962352368701568248e-03
1.953264174585446881e+03 -3.290654123797833158e-03 -9.982984509310142973e-03
1.953295569925523523e+03 -3.279014191532553506e-03 -9.944975175000887041e-03
1.953311290194631738e+03 -3.274624220536321694e-03 -9.898580346670460273e-03
1.953327008900708051e+03 -3.265963813925551289e-03 -9.832286094988712186e-03
1.953342750007185487e+03 -3.259769226188186705e-03 -9.765195255708358085e-03
1.953374272590735927e+03 -3.247905635537917148e-03 -9.598903456713247725e-03
1.953390042960556912e+03 -3.242425424968252163e-03 -9.501870523880972391e-03
1.953405834025671311e+03 -3.237245827934835847e-03 -9.397966452084495492e-03
1.953421596762097124e+03 -3.237273383477455233e-03 -9.290677407928186679e-03
1.953452946658943119e+03 -3.228594397878434188e-03 -9.056172226088250038e-03
1.953468559357596860e+03 -3.227991049347951440e-03 -8.941139438299681996e-03
1.953484170979620558e+03 -3.226634117377238931e-03 -8.823106998917190982e-03
1.953515469099264465e+03 -3.223657071418045954e-03 -8.589241433603466563e-03
1.953531151788679153e+03 -3.224484225570120859e-03 -8.470214605935114799e-03
1.953546854447513624e+03 -3.224824003519947621e-03 -8.356681341998248649e-03
1.953562581735326148e+03 -3.226786753730788004e-03 -8.251206369106679761e-03
1.953594125893537012e+03 -3.229548640000125866e-03 -8.054408096279804322e-03
1.953609902929380951e+03 -3.234809151516492443e-03 -7.962741381857724871e-03
1.953625659973880147e+03 -3.239671375742364263e-03 -7.886768852982801309e-03
1.953641369411181813e+03 -3.244804946809334498e-03 -7.826458291047052457e-03
1.953672762430494004e+03 -3.259706406157338032e-03 -7.667499107594693934e-03
1.953688440810011571e+03 -3.266162913906220204e-03 -7.591768739707407780e-03
1.953704105949487712e+03 -3.272947024751132576e-03 -7.510951801046921589e-03
1.953735484216298346e+03 -3.287906373157240946e-03 -7.326912530998507846e-03
1.953751191836003045e+03 -3.294225386345083113e-03 -7.229384629947337507e-03
1.953766904560098737e+03 -3.301387609498306237e-03 -7.132136655654657161e-03
1.953782616918655094e+03 -3.310122246315234246e-03 -7.037016089596702557e-03
1.953814080512935789e+03 -3.321695601129174592e-03 -6.851185247917492178e-03
1.953829813002415449e+03 -3.326640879573514783e-03 -6.791734487563417383e-03
1.953845576384073865e+03 -3.330912109354719399e-03 -6.806664404491838058e-03
1.953861342472901242e+03 -3.335645403341195876e-03 -6.692962228158941609e-03
1.953892903897991346e+03 -3.341475176056217782e-03 -6.589702441386774585e-03
1.953908668916700208e+03 -3.343508255005382939e-03 -6.649955253960741254e-03
1.953924413194196632e+03 -3.344597338095033675e-03 -6.837793028304422170e-03
1.953940151570370290e+03 -3.346700538221670553e-03 -7.339124467182228488e-03
1.953971573794796313e+03 -3.347584863414150742e-03 -7.461632931563655369e-03
1.953987268056497214e+03 -3.347719105832757357e-03 -7.736258630660785944e-03
1.954002963627672898e+03 -3.347207625977444839e-03 -7.921284089426550157e-03
1.954034351549695430e+03 -3.346527093919304374e-03 -8.122941937106826008e-03
1.954050059012090514e+03 -3.346489288969723384e-03 -8.204466890205059509e-03
1.954065784151948264e+03 -3.342625638873684534e-03 -8.292662924953769082e-03
1.954081499975771521e+03 -3.341035963222320493e-03 -8.392289141629257626e-03
1.954113005201385249e+03 -3.333056252528891934e-03 -8.693416686503025251e-03
1.954128794856813329e+03 -3.330343689612240941e-03 -8.903724246784308280e-03
1.954144579802592716e+03 -3.325152695377511271e-03 -9.071275282816131796e-03
1.954160350973545292e+03 -3.320801990531088536e-03 -9.188271838439005315e-03
1.954191839128154697e+03 -3.310695382207822467e-03 -9.633532396152071423e-03
1.954207561324168637e+03 -3.305349708545261920e-03 -9.763464785382513708e-03
1.954223259976504551e+03 -3.300135535250314171e-03 -9.844259615724045703e-03
1.954254643559438819e+03 -3.288796702341359630e-03 -9.969585446265314191e-03
1.954270334943301123e+03 -3.283043523751509856e-03 -9.979444588782191913e-03
1.954286029374735108e+03 -3.277730698215496237e-03 -9.961443792428954433e-03
1.954301739861820352e+03 -3.273291863746428769e-03 -9.930990312596985406e-03
1.954333188176888143e+03 -3.260852812855650259e-03 -9.809824387927140038e-03
1.954348940196532794e+03 -3.255500287830148751e-03 -9.740083400995929244e-03
1.954364695395677472e+03 -3.247167918600926250e-03 -9.659071704606050565e-03
1.954380477768826040e+03 -3.242382462590095819e-03 -9.566863340774826863e-03
1.954412036931486682e+03 -3.235300379658537662e-03 -9.363521759940041100e-03
1.954427772147357700e+03 -3.230987035953938446e-03 -9.256479138607597371e-03
1.954443453397577741e+03 -3.230370266624143540e-03 -9.136777290872416871e-03
1.954474704808979368e+03 -3.224812501341059456e-03 -8.904627306699428035e-03
1.954490321052163608e+03 -3.223344025796557114e-03 -8.786704116579745205e-03
1.954505965350375845e+03 -3.221583958754932735e-03 -8.669173787527210615e-03
1.954521633463821217e+03 -3.220603588038768988e-03 -8.551249255800124488e-03
1.954553033163500459e+03 -3.219221846574371777e-03 -8.323451613305292776e-03
1.954568781120020049e+03 -3.221470292028257628e-03 -8.218147879524292237e-03
1.954584552366467278e+03 -3.225171477017301294e-03 -8.118966684057584912e-03
1.954600340353655611e+03 -3.229157635855828355e-03 -8.025664804307166070e-03
1.954631841347255659e+03 -3.238090468651554522e-03 -7.869013258930596805e-03
1.954647558694079180e+03 -3.243241145974508962e-03 -7.802528810667190041e-03
1.954663240267692572e+03 -3.249385951070798539e-03 -7.722989577270868676e-03
1.954694597833713942e+03 -3.263760994128134078e-03 -7.568238918452005123e-03
1.954710274556535978e+03 -3.272890971167755243e-03 -7.483924174905883485e-03
1.954725962358621473e+03 -3.280312674207362320e-03 -7.391416866866243329e-03
1.954741661044267403e+03 -3.286453588438190479e-03 -7.297209622479905108e-03
1.954773081085305421e+03 -3.300288094372912442e-03 -7.102250454185938047e-03
1.954788794165056970e+03 -3.306710167241925635e-03 -7.007930355292313687e-03
1.954804524924965790e+03 -3.312810637930490350e-03 -6.917515960101470497e-03
1.954820267421587005e+03 -3.319087186167649518e-03 -6.823668770280986312e-03
1.954851774912279780e+03 -3.328884469545765820e-03 -6.788735472536495778e-03
1.954867544214838972e+03 -3.332272237257052384e-03 -6.648429296687173931e-03
1.954883332602902328e+03 -3.335332856581149641e-03 -6.579438169590907243e-03
1.954914857496306240e+03 -3.338656420962738802e-03 -6.680672563468546474e-03
1.954930601191876804e+03 -3.340547774858635289e-03 -6.941882768041542605e-03
1.954946330839242137e+03 -3.341726807241203728e-03 -7.469800710861402258e-03
1.954962047402659437e+03 -3.343387696276195302e-03 -7.409403179188986735e-03
1.954993444314394992e+03 -3.345345802662776091e-03 -7.796423445887383681e-03
1.955009137735179365e+03 -3.344681419275696149e-03 -7.946262441862124090e-03
1.955024828605865650e+03 -3.343842388350722755e-03 -8.049359162108114113e-03
1.955040523597790752e+03 -3.342748380487921105e-03 -8.138913841802295629e-03
1.955071963782080502e+03 -3.338896998545961246e-03 -8.314334520695128988e-03
1.955087689175156584e+03 -3.336954384406542237e-03 -8.425314476756068371e-03
1.955103443419736550e+03 -3.331582643877758002e-03 -8.566501523182683611e-03
1.955134999401469940e+03 -3.323998836897975283e-03 -8.965828631615074817e-03
1.955150792215565389e+03 -3.320779385924579018e-03 -9.091188135739993945e-03
1.955166544489194621e+03 -3.314116608872158618e-03 -9.243394846515354604e-03
1.955182287807513831e+03 -3.309750510610710156e-03 -9.492723697000087640e-03
1.955213735218597321e+03 -3.299276027399827491e-03 -9.785041782678593342e-03
1.955229430349383847e+03 -3.295477020617748609e-03 -9.861131504574138090e-03
1.955245124001833119e+03 -3.290716556391317087e-03 -9.935036527465728601e-03
1.955260818522234558e+03 -3.285142747962661869e-03 -9.971672444727524773e-03
1.955292203795054775e+03 -3.274094693271519148e-03 -9.949361243852757747e-03
1.955307923100809830e+03 -3.268247514123464020e-03 -9.914628470319875042e-03
1.955323645879464266e+03 -3.261240062938070873e-03 -9.852279275264294242e-03
1.955355137929824195e+03 -3.247729268922820191e-03 -9.716014510856027867e-03
1.955370894875114118e+03 -3.243082763414194269e-03 -9.632839608028416489e-03
1.955386677980257218e+03 -3.237253222670821717e-03 -9.537434276555296908e-03
1.955402462790192658e+03 -3.233913806781946523e-03 -9.437360028132182888e-03
1.955433947620714889e+03 -3.228006180259249212e-03 -9.220951560980782460e-03
1.955449621609948053e+03 -3.223813083194541386e-03 -9.101047682344605427e-03
1.955465245271940148e+03 -3.222552271781449398e-03 -8.987354017987465166e-03
1.955480853557537557e+03 -3.221562157476218994e-03 -8.867516895626013224e-03
1.955512136983623122e+03 -3.218878101839955409e-03 -8.633195098036032175e-03
1.955527814398052897e+03 -3.217239230232466114e-03 -8.513765590319891455e-03
1.955543507360013336e+03 -3.216713850748204474e-03 -8.398513143344426418e-03
1.955574989304044720e+03 -3.219063182564245711e-03 -8.187055542352925097e-03
1.955590766714601386e+03 -3.220384845155526039e-03 -8.091037341734949942e-03
1.955606553805531121e+03 -3.226037041832803889e-03 -7.997923649352148973e-03
1.955622304254867458e+03 -3.230117311996070269e-03 -7.912758533474962760e-03
1.955653741437611870e+03 -3.240761176603215547e-03 -7.779615691881366576e-03
1.955669422152652714e+03 -3.248319581246814081e-03 -7.698899197943959334e-03
1.955685101914949200e+03 -3.255129974400274712e-03 -7.621755129324927526e-03
1.955700764354289731e+03 -3.263707280312547719e-03 -7.544614168551854599e-03
1.955732137981162168e+03 -3.276761278031236485e-03 -7.362814358079184870e-03
1.955747843232521518e+03 -3.284947553804709857e-03 -7.266936652223502519e-03
1.955763555059453665e+03 -3.293337340353814056e-03 -7.170057264867643089e-03
1.955794987338470492e+03 -3.306802413759782691e-03 -6.981058215171723376e-03
1.955810723959596316e+03 -3.313499519212661712e-03 -6.890298204510080307e-03
1.955826459639494033e+03 -3.316384631661251428e-03 -6.805012119850540123e-03
1.955842216682485969e+03 -3.321359476307948668e-03 -6.811166094419007777e-03
1.955873768164929061e+03 -3.330001435000447523e-03 -6.615260795041578989e-03
1.955889542166039064e+03 -3.332054315324650597e-03 -6.580214848347760125e-03
1.955905317262369408e+03 -3.333725980873373032e-03 -6.616235298305670788e-03
1.955921059440230238e+03 -3.338097498851584546e-03 -6.726146540782892112e-03
1.955952518081020571e+03 -3.338882863590950101e-03 -7.508992536195700611e-03
1.955968228133963066e+03 -3.339418402930052852e-03 -7.391654461590661633e-03
1.955983923809918679e+03 -3.339640077293331514e-03 -7.604900452764949172e-03
1.956015315282175152e+03 -3.341384446165750807e-03 -7.970050617224049005e-03
1.956031008859647500e+03 -3.341512422382424650e-03 -8.069040579593820400e-03
1.956046713509447045e+03 -3.340063039465163662e-03 -8.157995169215451897e-03
1.956062434189423584e+03 -3.339211162410922733e-03 -8.243848479162830742e-03
1.956093890065912774e+03 -3.331821526780970842e-03 -8.459972096904407740e-03
1.956109648517014193e+03 -3.328891698043806840e-03 -8.608907501547483077e-03
1.956125429019895591e+03 -3.324860368611802335e-03 -8.808125863269669273e-03
1.956141213721776239e+03 -3.319540704120206315e-03 -9.013033067845236529e-03
1.956172745248984029e+03 -3.311233661762536060e-03 -9.311802219740933015e-03
1.956188488983080561e+03 -3.305787540292763789e-03 -9.553437766770079415e-03
1.956204209351289137e+03 -3.300134052367467274e-03 -9.711583618814913568e-03
1.956235606849711985e+03 -3.289755269559484219e-03 -9.877861552801991615e-03
1.956251300262742006e+03 -3.284500385115971324e-03 -9.947941096479751347e-03
1.956266993045121808e+03 -3.279715939720534348e-03 -9.972552082010508606e-03
1.956282686217434048e+03 -3.275320671833189742e-03 -9.964871698262581581e-03
1.956314117057937665e+03 -3.263489845692621894e-03 -9.894809723065325566e-03
1.956329833484386427e+03 -3.257401390092094524e-03 -9.831232100809621580e-03
1.956345581447024642e+03 -3.250610938855596262e-03 -9.766909254110143351e-03
1.956361340390305713e+03 -3.244378574437333657e-03 -9.690676870143133392e-03
1.956392887717108124e+03 -3.233529829357960524e-03 -9.508678996282205614e-03
1.956408687778480044e+03 -3.229531227676617471e-03 -9.404468781151628654e-03
1.956424444091954228e+03 -3.227553605098085546e-03 -9.299228591230746313e-03
1.956440133615239574e+03 -3.224367849185419150e-03 -9.184221910317723336e-03
1.956471400132918461e+03 -3.219632452955123545e-03 -8.951360651319482942e-03
1.956487013007653559e+03 -3.217796650789432091e-03 -8.832815490598980648e-03
1.956502652092132166e+03 -3.215822339333908753e-03 -8.713766617503813233e-03
1.956533998810271441e+03 -3.213522548347655383e-03 -8.477874050993847860e-03
1.956549702291674294e+03 -3.215031686752039056e-03 -8.364716664493971471e-03
1.956565440191350262e+03 -3.217044555029221434e-03 -8.258682977514242990e-03
1.956581206230404860e+03 -3.217431641926377702e-03 -8.157116006961900520e-03
1.956612760274516859e+03 -3.223227554475144568e-03 -7.971012261041930669e-03
1.956628511882164275e+03 -3.229258542040686682e-03 -7.892822004853101286e-03
1.956644220972616722e+03 -3.234653264562090645e-03 -7.828932668845909465e-03
1.956675606608583394e+03 -3.246833428514446767e-03 -7.674363267284204336e-03
1.956691277561921879e+03 -3.255301342832076037e-03 -7.599125958108411162e-03
1.956706948768935263e+03 -3.261620425028726421e-03 -7.519481389394076613e-03
1.956722629589919961e+03 -3.269686772993318172e-03 -7.429604502885035072e-03
1.956754032451340208e+03 -3.283183573494807481e-03 -7.237561602644711906e-03
1.956769745649562765e+03 -3.289489209906785571e-03 -7.141413797798543475e-03
1.956785459290044173e+03 -3.296815290227547973e-03 -7.045982655693197767e-03
1.956801185976474244e+03 -3.304505909811287622e-03 -6.954452740631547267e-03
1.956832668000143713e+03 -3.315653160764338043e-03 -6.798757317727114474e-03
1.956848433263101697e+03 -3.321666145571253431e-03 -6.815649400892819822e-03
1.956864200088793723e+03 -3.324050005179803036e-03 -6.708626743500233254e-03
1.956895766142157527e+03 -3.331173216126945540e-03 -6.585945459866564267e-03
1.956911518220363405e+03 -3.333525379540490993e-03 -6.635907482992283238e-03
1.956927263111786715e+03 -3.333117343857836760e-03 -6.791861285675757955e-03
1.956942996858134165e+03 -3.336154533568556988e-03 -7.263381420189729543e-03
1.956974418489065101e+03 -3.338173309873905450e-03 -7.415042199636531425e-03
1.956990111209933048e+03 -3.338814249197404743e-03 -7.682800203930265082e-03
1.957005805781274148e+03 -3.338373333470364551e-03 -7.877473398776525110e-03
1.957021498736665762e+03 -3.337334919426271623e-03 -7.994411147038905235e-03
1.957052905744151531e+03 -3.336051056782006648e-03 -8.179179870987707268e-03
1.957068630570239293e+03 -3.333639843286111733e-03 -8.262653495377497714e-03
1.957084352787830767e+03 -3.331944213771862069e-03 -8.367567360713415101e-03
1.957100101383486617e+03 -3.329773383245158546e-03 -8.497154299816376405e-03
1.957131653172578353e+03 -3.320772331827450546e-03 -8.872679453275305814e-03
1.957147444349410080e+03 -3.316607879216576342e-03 -9.042476311046845211e-03
1.957163202646936725e+03 -3.311416391620932483e-03 -9.147561611467448089e-03
1.957194686368346538e+03 -3.301714276217135400e-03 -9.605547470739836738e-03
1.957210404098296749e+03 -3.297721196519003747e-03 -9.740219468841673431e-03
1.957226104079550851e+03 -3.292553457882634732e-03 -9.819103964725761982e-03
1.957241795958054581e+03 -3.286985784065126707e-03 -9.898147945475839482e-03
1.957273176848884304e+03 -3.275840763320489197e-03 -9.970812752116323119e-03
1.957288871464482327e+03 -3.270282420688349397e-03 -9.952713624079286697e-03
1.957304586296010029e+03 -3.264724265072546042e-03 -9.926949395811760987e-03
1.957320312750631274e+03 -3.259114642127437615e-03 -9.873021760062624871e-03
1.957351791853611076e+03 -3.246588491521711691e-03 -9.745048613827234779e-03
1.957367551042115338e+03 -3.239913329457224603e-03 -9.666588809570136887e-03
1.957383339352987832e+03 -3.234348051703483679e-03 -9.574072531917172946e-03
1.957414910698861831e+03 -3.227317273150154785e-03 -9.372908428188048494e-03
1.957430638242405394e+03 -3.223710349306547953e-03 -9.266283199232493509e-03
1.957446322261460409e+03 -3.223117989629357798e-03 -9.147519232530831185e-03
1.957461959034478241e+03 -3.219177017972152562e-03 -9.033248710396990164e-03
1.957493189291740237e+03 -3.216214074399822466e-03 -8.795491301513956930e-03
1.957508835732557145e+03 -3.214001147471129676e-03 -8.678907488103694209e-03
1.957524502717612677e+03 -3.212658628959628917e-03 -8.559479499449126200e-03
1.957540192607940526e+03 -3.211796151420136247e-03 -8.441715558148422255e-03
1.957571662828822127e+03 -3.211537437815120948e-03 -8.226857748714191954e-03
1.957587435556244372e+03 -3.216169959812400191e-03 -8.128610084049794557e-03
1.957603229437076152e+03 -3.219021986685245956e-03 -8.035256296085186919e-03
1.957634709677397950e+03 -3.226900727854910018e-03 -7.874248418853580650e-03
1.957650428830061855e+03 -3.233467920211269882e-03 -7.807997939952481849e-03
1.957666107139637688e+03 -3.238382676128084663e-03 -7.731760303217852584e-03
1.957681792969071694e+03 -3.246128472542411485e-03 -7.651849853893239600e-03
1.957713134665757934e+03 -3.261226721571321673e-03 -7.494322463719089479e-03
1.957728820199555912e+03 -3.269943457670015582e-03 -7.401317765395288087e-03
1.957744522399452535e+03 -3.277159320454795487e-03 -7.305521011411703763e-03
1.957760235607490131e+03 -3.284053085748129402e-03 -7.209226116966417457e-03
1.957791660741615033e+03 -3.297844573107164452e-03 -7.018692962929120108e-03
1.957807396163009116e+03 -3.303960023333585381e-03 -6.929105299964828657e-03
1.957823136939532333e+03 -3.308739442768713832e-03 -6.836170482965559826e-03
1.957854655290168239e+03 -3.317596738441850115e-03 -6.803575341704091312e-03
1.957870428727139370e+03 -3.323107708142683438e-03 -6.664171419931870510e-03
1.957886211513971830e+03 -3.325665187764465219e-03 -6.585703525470082420e-03
1.957901990991358389e+03 -3.328953473759654717e-03 -6.597370697934062077e-03
1.957933472844739754e+03 -3.332151688563521948e-03 -6.885254593278432832e-03
1.957949197107252303e+03 -3.333582951380582686e-03 -7.421874249686101835e-03
1.957964912064262990e+03 -3.333528266269735526e-03 -7.410003648498051342e-03
1.957980609397053513e+03 -3.335344779205800213e-03 -7.474563351313833100e-03
1.958012001623908645e+03 -3.337257076447826959e-03 -7.908664254888791642e-03
1.958027695776340352e+03 -3.336246541808940338e-03 -8.014729387531355914e-03
1.958043391791714157e+03 -3.335287769970370596e-03 -8.113282851923229316e-03
1.958074830621673982e+03 -3.330570611010700514e-03 -8.284439937605804841e-03
1.958090563029271607e+03 -3.328724795088640678e-03 -8.398874116610815371e-03
1.958106321394083125e+03 -3.324097234824332538e-03 -8.535851239880367855e-03
1.958122086744007674e+03 -3.321255383128185381e-03 -8.710103276767511976e-03
1.958153670398063468e+03 -3.311571186675378413e-03 -9.057027512160253924e-03
1.958169421315798672e+03 -3.307703062423960477e-03 -9.200259079600309545e-03
1.958185161491502868e+03 -3.302864723778352329e-03 -9.456212175205071235e-03
1.958200887759718853e+03 -3.297605190349988703e-03 -9.650750017073057851e-03
1.958232293200542699e+03 -3.287087914777429756e-03 -9.835732271237292851e-03
1.958247986978853078e+03 -3.283227430606123782e-03 -9.918576162235081400e-03
1.958263679541695637e+03 -3.278887716728025748e-03 -9.960642457312783582e-03
1.958295073136507426e+03 -3.267485840886037544e-03 -9.944148586695141998e-03
1.958310793234843004e+03 -3.263208798190351135e-03 -9.912666221420857876e-03
1.958326512584203329e+03 -3.254740501847008718e-03 -9.852984414022634280e-03
1.958342251626427696e+03 -3.248811705164966236e-03 -9.793267503870117102e-03
1.958373781831852511e+03 -3.236296420482261040e-03 -9.640403803788180626e-03
1.958389562603687409e+03 -3.230423174983872939e-03 -9.547022066856937147e-03
1.958405360993938757e+03 -3.225437390800656428e-03 -9.447174283598872707e-03
1.958421134659075051e+03 -3.225301859264447651e-03 -9.342364391056198411e-03
1.958452507113532420e+03 -3.216654222671836479e-03 -9.112924266549386407e-03
1.958468125355374696e+03 -3.215863385505462416e-03 -8.998988850927060884e-03
1.958483734558827564e+03 -3.214395293256139957e-03 -8.879418042962472155e-03
1.958515024021771978e+03 -3.210920784674746974e-03 -8.643274957563099395e-03
1.958530701391292268e+03 -3.210889704933439504e-03 -8.523078149597638001e-03
1.958546401341500086e+03 -3.210059394695144973e-03 -8.407658967372144340e-03
1.958562126131307423e+03 -3.211461540286170493e-03 -8.300673045088018120e-03
1.958593673690685819e+03 -3.212680794696421392e-03 -8.101169298844917641e-03
1.958609453755961340e+03 -3.217674492980359020e-03 -8.008016149152773211e-03
1.958625206926473084e+03 -3.221617675829961842e-03 -7.922188441088162669e-03
1.958640913969879875e+03 -3.225797149343061655e-03 -7.854271627174367471e-03
1.958672306042545415e+03 -3.240138518138127501e-03 -7.707049308754726318e-03
1.958687984514147274e+03 -3.245913942563012893e-03 -7.630018184989094919e-03
1.958703645549624298e+03 -3.252811740448508914e-03 -7.553776920305273722e-03
1.958735016548178464e+03 -3.267691054048229085e-03 -7.374142888928444939e-03
1.958750723798869103e+03 -3.274311699310399754e-03 -7.276080967586281804e-03
1.958766437907000864e+03 -3.281715052490803957e-03 -7.181224255045870648e-03
1.958782151192743640e+03 -3.290368562288189646e-03 -7.084965216017919190e-03
1.958813617058280670e+03 -3.302886230885076352e-03 -6.903148661785275461e-03
1.958829351621644264e+03 -3.307865874735011098e-03 -6.817316821023506473e-03
1.958845116316246731e+03 -3.312499861743767923e-03 -6.820449726261702816e-03
1.958860883800523197e+03 -3.317952065693544669e-03 -6.772365249002570108e-03
1.958892443064214149e+03 -3.324489269749481349e-03 -6.584628472713236098e-03
1.958908208183380339e+03 -3.326766038795787861e-03 -6.611730642990094019e-03
1.958923951535579590e+03 -3.328923614160721970e-03 -6.700548455887943462e-03
1.958955407249636664e+03 -3.330776014136200593e-03 -7.498838203065714275e-03
1.958971111995597312e+03 -3.332429289869620961e-03 -7.371755933692582252e-03
1.958986806547625065e+03 -3.332837771829130942e-03 -7.551525273078402677e-03
1.959002502804489950e+03 -3.332778709494958660e-03 -7.798356023546782791e-03
1.959033891761846462e+03 -3.333136615059442177e-03 -8.036063095189905844e-03
1.959049598766856661e+03 -3.333311476921538546e-03 -8.134901649717331956e-03
1.959065324367975336e+03 -3.329949826748096649e-03 -8.215496767235984030e-03
1.959081039279479910e+03 -3.328440759116375013e-03 -8.309516624523630157e-03
1.959112544032904680e+03 -3.321244421470250299e-03 -8.577184178703234352e-03
1.959128332345392664e+03 -3.318655072905584130e-03 -8.765905559608995479e-03
1.959144116912942309e+03 -3.313618472618538001e-03 -8.981689737058243597e-03
1.959175638330747688e+03 -3.303331823978970187e-03 -9.267616803016180682e-03
1.959191378242251403e+03 -3.300009613921872989e-03 -9.519375612808222628e-03
1.959207100429419597e+03 -3.294551720918897225e-03 -9.687364577360709980e-03
1.959222799452927575e+03 -3.289820578464939301e-03 -9.776886107226864797e-03
1.959254183273660601e+03 -3.278780658039863287e-03 -9.930949561268928583e-03
1.959269874705762504e+03 -3.273256399277271397e-03 -9.962894331869897799e-03
1.959285568827309135e+03 -3.268210096714664181e-03 -9.955520514785492700e-03
1.959301278316242360e+03 -3.264011877564924197e-03 -9.934845207616109508e-03
1.959332725817424262e+03 -3.251665920400253779e-03 -9.833952880883598674e-03
1.959348476088219513e+03 -3.246095199571492201e-03 -9.772224751446140917e-03
1.959364235031654061e+03 -3.237667620460459982e-03 -9.698160613240237177e-03
1.959380025357229897e+03 -3.233262467501635696e-03 -9.610718249079885922e-03
1.959411599674018362e+03 -3.225063860857916003e-03 -9.415204359307427495e-03
1.959427348975983023e+03 -3.220398767632439135e-03 -9.310598425028130537e-03
1.959443039970921973e+03 -3.219616137633096991e-03 -9.194949263227371328e-03
1.959474303747166459e+03 -3.214085524494009194e-03 -8.963435068561285621e-03
1.959489916798541572e+03 -3.212436423140523859e-03 -8.843696622623102230e-03
1.959505557704950206e+03 -3.210325066451038666e-03 -8.724967048461096386e-03
1.959521220187694325e+03 -3.208787868559449027e-03 -8.606382247729431681e-03
1.959552612640646430e+03 -3.206276302770341442e-03 -8.374785404595999974e-03
1.959568358702991645e+03 -3.207980221444043691e-03 -8.268089111586527512e-03
1.959584130978800431e+03 -3.210373821158782771e-03 -8.167483995684390527e-03
1.959615677484895741e+03 -3.215593422998937190e-03 -7.981100129188175435e-03
1.959631421044432273e+03 -3.221777777803621744e-03 -7.901451031084772217e-03
1.959647135503285881e+03 -3.226189619334892799e-03 -7.833084852299776468e-03
1.959662818982109002e+03 -3.231966870909319667e-03 -7.763960173349786220e-03
1.959694173464288497e+03 -3.245423714496591117e-03 -7.607956946772010537e-03
1.959709844875049839e+03 -3.254177032282386858e-03 -7.529606441775298087e-03
1.959725528955974596e+03 -3.261552065898887069e-03 -7.441344715690835498e-03
1.959741224570384929e+03 -3.268155800277537833e-03 -7.345267921549708881e-03
1.959772646730973975e+03 -3.281723237154080507e-03 -7.152527431219525035e-03
1.959788360959368674e+03 -3.288675812863991414e-03 -7.056758247649837917e-03
1.959804092552383054e+03 -3.295166457267081819e-03 -6.966486014648947886e-03
1.959835582470250984e+03 -3.308190056001928704e-03 -6.808168290372521025e-03
1.959851347868216180e+03 -3.313087768372923164e-03 -6.826309710037125472e-03
1.959867118223493890e+03 -3.316514766116125841e-03 -6.728741927830991613e-03
1.959882906208879149e+03 -3.320081854625317463e-03 -6.605424181235657055e-03
1.959914428117524722e+03 -3.324469122137975550e-03 -6.627942299040683223e-03
1.959930171772095719e+03 -3.326465103379191730e-03 -6.756795122423571616e-03
1.959945901087023685e+03 -3.328126096735505284e-03 -7.186365146581414655e-03
1.959961617753285509e+03 -3.330376131758733173e-03 -7.480425986862894970e-03
1.959993015463362781e+03 -3.332607746537643786e-03 -7.630386508737749263e-03
1.960008708709267012e+03 -3.332419040496998209e-03 -7.838881073937160882e-03
1.960024400299374065e+03 -3.331858489248947820e-03 -7.957970391775062019e-03
1.960040095716026372e+03 -3.331075184995280127e-03 -8.063826082547870949e-03
1.960071536250049576e+03 -3.328046838757241482e-03 -8.235891515497575574e-03
1.960087260885726892e+03 -3.326372804171737196e-03 -8.337315193822166307e-03
1.960103014283338325e+03 -3.321581877394137478e-03 -8.463350763020870138e-03
1.960134569789345960e+03 -3.314322132689642448e-03 -8.825152792261869994e-03
1.960150363038688283e+03 -3.311411974232841317e-03 -9.009300641937093360e-03
1.960166115533948641e+03 -3.304865652210338834e-03 -9.102441029959705901e-03
1.960181859190882278e+03 -3.300631328982652369e-03 -9.340195592848130751e-03
1.960213307434959461e+03 -3.290878973946478707e-03 -9.713377404922455410e-03
1.960229002766638359e+03 -3.287262104165619703e-03 -9.792902897787832822e-03
1.960244696720415050e+03 -3.282489304488479115e-03 -9.878093223850184165e-03
1.960260390558479685e+03 -3.276916197729899238e-03 -9.939591211880243610e-03
1.960291774852553317e+03 -3.266248723514029312e-03 -9.944710829563854076e-03
1.960307493478135257e+03 -3.260387741931985040e-03 -9.924514772107611085e-03
1.960323216852812493e+03 -3.253852487704727518e-03 -9.871782071418540305e-03
1.960354706173030536e+03 -3.239988598762193108e-03 -9.751165501959429757e-03
1.960370469105281018e+03 -3.235277389827320108e-03 -9.674267232317351403e-03
1.960386260093036299e+03 -3.229104067236785152e-03 -9.582821506501923783e-03
1.960402052306681981e+03 -3.225946768092748627e-03 -9.487175716127367944e-03
1.960433557434477734e+03 -3.218963868955493531e-03 -9.277054547268431817e-03
1.960449242505692609e+03 -3.215258505903068487e-03 -9.159674945808720867e-03
1.960464875964659541e+03 -3.213673135368824013e-03 -9.046605312018974124e-03
1.960480482129627262e+03 -3.212794788560578534e-03 -8.926412261259663097e-03
1.960511758506044998e+03 -3.209433061113117856e-03 -8.689272640425422384e-03
1.960527429164069190e+03 -3.206881194857444384e-03 -8.569140799255277677e-03
1.960543118139695935e+03 -3.205874338646664580e-03 -8.452086686404800334e-03
1.960574597352235514e+03 -3.206436519452098965e-03 -8.237241415488601171e-03
1.960590376017005610e+03 -3.207480638779424287e-03 -8.139816197563556899e-03
1.960606167166649129e+03 -3.212197628458622785e-03 -8.045665343789674268e-03
1.960621914661312985e+03 -3.215803200549782661e-03 -7.955512000812946585e-03
1.960653348951914950e+03 -3.225054135198168834e-03 -7.814766460805417161e-03
1.960669027713407331e+03 -3.231623722473255574e-03 -7.740595296870937843e-03
1.960684707291016139e+03 -3.238460354496742154e-03 -7.660972623229676468e-03
1.960700367270872903e+03 -3.246610767998846844e-03 -7.586015048236914235e-03
1.960731731862334755e+03 -3.259950692345278071e-03 -7.413066775128946545e-03
1.960747436049547332e+03 -3.268398017213731358e-03 -7.315213928516335097e-03
1.960763149361578144e+03 -3.276930682249575792e-03 -7.219511658369279737e-03
1.960794582210823592e+03 -3.290553755385470635e-03 -7.029909023971299756e-03
1.960810320899184717e+03 -3.297797935617670026e-03 -6.941445377258421631e-03
1.960826059295574851e+03 -3.301007315021543473e-03 -6.849628706552204731e-03
1.960841817344836500e+03 -3.306480727234225193e-03 -6.812649008836758197e-03
1.960873370637797507e+03 -3.315956046583054800e-03 -6.683284974112103753e-03
1.960889143717059369e+03 -3.318438087117010164e-03 -6.593675052939293804e-03
1.960904917735348363e+03 -3.320718178340281192e-03 -6.597010447773536505e-03
1.960920659674926583e+03 -3.325294870548287877e-03 -6.650178881906416463e-03
1.960952116687737998e+03 -3.327010774473992787e-03 -7.358890152836950437e-03
1.960967827426934036e+03 -3.327665874273931079e-03 -7.419926655360203037e-03
1.960983523403707522e+03 -3.328286894633978189e-03 -7.425797127597152936e-03
1.961014915867300488e+03 -3.331000509141504324e-03 -7.875244431178646601e-03
1.961030610021812208e+03 -3.331256625201651188e-03 -7.983764928223047869e-03
1.961046314552838339e+03 -3.330048234315000511e-03 -8.091022739023831511e-03
1.961062035042191383e+03 -3.329887773714686194e-03 -8.174025464520956116e-03
1.961093490466824505e+03 -3.322906141437421707e-03 -8.366615938163480051e-03
1.961109248715570629e+03 -3.320200869535051749e-03 -8.500187686151523814e-03
1.961125027490541470e+03 -3.316280559854247606e-03 -8.669913187220615325e-03
1.961140813026054730e+03 -3.311282345489198042e-03 -8.886700249610083452e-03
1.961172345735596082e+03 -3.303682166674119011e-03 -9.153392435271036007e-03
1.961188089153444935e+03 -3.298243421710575496e-03 -9.413718422448178608e-03
1.961203809818922309e+03 -3.292899328891718720e-03 -9.620988679601446755e-03
1.961235208174741047e+03 -3.282811161331986461e-03 -9.811625412432524798e-03
1.961250901627444591e+03 -3.277894056072045825e-03 -9.898439737439156810e-03
1.961266594335537548e+03 -3.273417930269442895e-03 -9.947706976741032409e-03
1.961282287090180944e+03 -3.269177009859737439e-03 -9.956642686875830442e-03
1.961313716385668386e+03 -3.257724021003037453e-03 -9.909728346375590996e-03
1.961329433026729930e+03 -3.251408223740959256e-03 -9.853882437774519332e-03
1.961345179862255463e+03 -3.244573656615918483e-03 -9.797443111853940470e-03
1.961360939303944406e+03 -3.238411895716648056e-03 -9.729340834124217130e-03
1.961392501124997807e+03 -3.226814809635099139e-03 -9.556159680230489825e-03
1.961408305380957700e+03 -3.222071935719140155e-03 -9.456577067930663563e-03
1.961424071842211333e+03 -3.220309284931898580e-03 -9.353583259999423416e-03
1.961455444556010207e+03 -3.213656495092532574e-03 -9.126489539809296003e-03
1.961471057759108362e+03 -3.212303126583474291e-03 -9.011832155796728819e-03
1.961486666398155876e+03 -3.210164122890785381e-03 -8.892102794462652601e-03
1.961502302433605564e+03 -3.208132945950247211e-03 -8.771652038419737452e-03
1.961533638512728658e+03 -3.204956390929018014e-03 -8.534199207248599484e-03
1.961549338371029990e+03 -3.205560358617069294e-03 -8.418761580467455652e-03
1.961565074580500095e+03 -3.206766361273582448e-03 -8.311009807011233291e-03
1.961580840115478168e+03 -3.206389704461708179e-03 -8.208176232806761036e-03
1.961612399376727581e+03 -3.210941064323101675e-03 -8.019543945988229228e-03
1.961628147922378957e+03 -3.216324482235962540e-03 -7.933267553379514878e-03
1.961643853937070389e+03 -3.220926306139762236e-03 -7.859283497052076475e-03
1.961675236616994198e+03 -3.232233300278547841e-03 -7.716829772049720731e-03
1.961690908438327369e+03 -3.240149014801237386e-03 -7.639336092002243540e-03
1.961706574932199828e+03 -3.246257712160860454e-03 -7.563781380114423768e-03
1.961722251414556013e+03 -3.254487286188580131e-03 -7.480131794455937774e-03
1.961753651501586546e+03 -3.267829655158738331e-03 -7.286823789799399924e-03
1.961769365911758541e+03 -3.274034400805202281e-03 -7.192576647128114987e-03
1.961785080325666058e+03 -3.281854237383400111e-03 -7.097140998120463062e-03
1.961800807516422537e+03 -3.290190814594150508e-03 -7.003981039992732485e-03
1.961832293155714524e+03 -3.301941971246252338e-03 -6.829749738423587443e-03
1.961848060515517773e+03 -3.308238973447401483e-03 -6.827116554829024131e-03
1.961863828837171695e+03 -3.311333921940391289e-03 -6.791507276073301819e-03
1.961895391926180764e+03 -3.319298134950425874e-03 -6.590435475949410482e-03
1.961911143985423905e+03 -3.322188363152041649e-03 -6.609478391862820199e-03
1.961926888386944256e+03 -3.322077844812678683e-03 -6.681736211552154886e-03
1.961942621392252477e+03 -3.325581836223316049e-03 -6.957345240811423949e-03
1.961974042641948472e+03 -3.328019163931940708e-03 -7.364735507272584907e-03
1.961989735873128211e+03 -3.328972353907210750e-03 -7.499152303529118754e-03
1.962005431266878986e+03 -3.328848025116647614e-03 -7.759406377278267597e-03
1.962021124828452230e+03 -3.328209997081548344e-03 -7.903730614962647949e-03
1.962052532348699287e+03 -3.327862068236902681e-03 -8.113603118715921256e-03
1.962068257221370459e+03 -3.325475504565919040e-03 -8.196685032004966814e-03
1.962083979082853375e+03 -3.324205604071689153e-03 -8.285874903059944896e-03
1.962115485041835200e+03 -3.316712216091372099e-03 -8.542906699679470028e-03
1.962131278501698944e+03 -3.314059875277268474e-03 -8.725954575103144970e-03
1.962147068908877827e+03 -3.310003228887438247e-03 -8.934432839121101561e-03
1.962162828820929462e+03 -3.305231071800838766e-03 -9.031173554979475548e-03
1.962194312990361141e+03 -3.295898684207517262e-03 -9.479537040169412621e-03
1.962210030838546118e+03 -3.292118970556918382e-03 -9.656400279940396264e-03
1.962225731241879885e+03 -3.286953367435423243e-03 -9.749578433209948880e-03
1.962241422300724707e+03 -3.281712000370569891e-03 -9.831674093019222849e-03
1.962272803352118217e+03 -3.270796805674207764e-03 -9.950094105875387923e-03
1.962288497599209904e+03 -3.265380077516207014e-03 -9.942848428057550134e-03
1.962304211661680256e+03 -3.260094123736840491e-03 -9.929432900503945905e-03
1.962335663914532006e+03 -3.249100250649353261e-03 -9.835345710413499407e-03
1.962351415734774946e+03 -3.242384391364247498e-03 -9.776572716019761577e-03
1.962367177795808630e+03 -3.235093814346912469e-03 -9.705048874717292495e-03
1.962382971308147262e+03 -3.229727991921542678e-03 -9.617693153846841592e-03
1.962414554242962822e+03 -3.221550335783745535e-03 -9.424766299364509964e-03
1.962430294224591762e+03 -3.217518733281477580e-03 -9.321002275453222838e-03
1.962445988854707366e+03 -3.217002364918630525e-03 -9.206734929444175541e-03
1.962461638906005874e+03 -3.213192961100504869e-03 -9.093053392314707009e-03
1.962492864528505834e+03 -3.210101098560945790e-03 -8.854481871637872106e-03
1.962508507625694847e+03 -3.207820548059523661e-03 -8.736502328285574229e-03
1.962524169406486862e+03 -3.205886581610096261e-03 -8.616636787472155626e-03
1.962555563968589695e+03 -3.202719975298006991e-03 -8.386228820570485604e-03
1.962571319323825719e+03 -3.202481883793257406e-03 -8.279077715851110297e-03
1.962587092585743221e+03 -3.206639991675499807e-03 -8.179442503118743157e-03
1.962602889932517883e+03 -3.208916610895483530e-03 -8.084900997552862262e-03
1.962634367545241957e+03 -3.215843046413547398e-03 -7.910736218443417678e-03
1.962650084392181043e+03 -3.221449028034771914e-03 -7.840137264888056429e-03
1.962665760742450402e+03 -3.225647559181384679e-03 -7.773509619934979714e-03
1.962681445886550364e+03 -3.232857167342546509e-03 -7.693351208031555706e-03
1.962712781814160508e+03 -3.247498520867189795e-03 -7.540463263841644566e-03
1.962728463198735199e+03 -3.256513377251614872e-03 -7.452600020307284696e-03
1.962744164280529048e+03 -3.263541298488593229e-03 -7.356113310540540393e-03
1.962775588595987301e+03 -3.277469095800944737e-03 -7.163585335827128350e-03
1.962791303491423150e+03 -3.284568033386877760e-03 -7.068834216501201917e-03
1.962807039976866463e+03 -3.291130233031372594e-03 -6.978832608653636090e-03
1.962822784045169328e+03 -3.296548125503910923e-03 -6.889918480088215794e-03
1.962854304773457670e+03 -3.306231418922652831e-03 -6.838092765157281760e-03
1.962870079732590284e+03 -3.312145726734664914e-03 -6.748383522320388489e-03
1.962885861156258215e+03 -3.315206397072651030e-03 -6.618158531307054629e-03
1.962901638882005045e+03 -3.319113187071887766e-03 -6.593522748801717778e-03
1.962933119502964928e+03 -3.322901090133257261e-03 -6.729373502818379246e-03
1.962948843230836928e+03 -3.324663185519024459e-03 -7.118529868024523963e-03
1.962964558418472507e+03 -3.325039829104095394e-03 -7.485926088517073397e-03
1.962980255782518498e+03 -3.327338262318325478e-03 -7.350427729564897733e-03
1.963011649713434508e+03 -3.329680597626138907e-03 -7.806490515122550648e-03
1.963027343384128926e+03 -3.328997469827817482e-03 -7.933495843010479609e-03
1.963043039863770218e+03 -3.328462184568236910e-03 -8.043892265307816050e-03
1.963074479731150632e+03 -3.324487211724862137e-03 -8.219445057036662422e-03
1.963090211495700260e+03 -3.323031428804617410e-03 -8.310628153569820514e-03
1.963105969712219576e+03 -3.318437397315952310e-03 -8.429815063427627958e-03
1.963121733767463411e+03 -3.316065516172486249e-03 -8.588677398013175660e-03
1.963153318353710802e+03 -3.307101471135931274e-03 -8.961768448749379834e-03
1.963169069572920080e+03 -3.303007692072041333e-03 -9.062721340120916819e-03
1.963184809763546355e+03 -3.298631454611216512e-03 -9.296187026210565862e-03
1.963200536363225410e+03 -3.293626555621475931e-03 -9.538281376867144279e-03
1.963231942306122846e+03 -3.283628475389119370e-03 -9.766232744399977114e-03
1.963247635984647331e+03 -3.280000201973607039e-03 -9.857247148422055433e-03
1.963263328442466900e+03 -3.275704200018169504e-03 -9.924044156282237072e-03
1.963294720607629642e+03 -3.264588284122196381e-03 -9.936398758510586737e-03
1.963310440550722660e+03 -3.260319094641442490e-03 -9.920121164422930626e-03
1.963326160277890949e+03 -3.251975346730589817e-03 -9.871147568364203179e-03
1.963341898873352420e+03 -3.246245661973774441e-03 -9.819130545766935683e-03
1.963373432598376212e+03 -3.233337175062073101e-03 -9.680900309194804404e-03
1.963389218806135659e+03 -3.227053811126703257e-03 -9.592028363752353598e-03
1.963405022118817669e+03 -3.221534654331653820e-03 -9.497867278007639594e-03
1.963420802720074789e+03 -3.221334952058830386e-03 -9.394883778568178384e-03
1.963452198700276085e+03 -3.212076724969531363e-03 -9.173053810772898928e-03
1.963467826747500112e+03 -3.211258262416736599e-03 -9.060149421986093618e-03
1.963483432402758126e+03 -3.210230531235465454e-03 -8.940611260586787609e-03
1.963514715076890525e+03 -3.206408210447292406e-03 -8.701717166484499236e-03
1.963530385482302108e+03 -3.205411614299286376e-03 -8.581377158375209924e-03
1.963546080350638704e+03 -3.203744508718984595e-03 -8.464090655537308966e-03
1.963561802859066120e+03 -3.204731034733683970e-03 -8.355151882926206003e-03
1.963593351216120254e+03 -3.204516531541661949e-03 -8.152899898769576034e-03
1.963609135254655939e+03 -3.209077215604482902e-03 -8.058671428637172521e-03
1.963624886334691382e+03 -3.212369259305489048e-03 -7.969028247511018154e-03
1.963640590888422366e+03 -3.215881378137462610e-03 -7.888839319465648300e-03
1.963671978518525520e+03 -3.229109928567804651e-03 -7.751003000807901722e-03
1.963687657441051442e+03 -3.234539786194617038e-03 -7.672081358348012588e-03
1.963703315854250832e+03 -3.241024812892846687e-03 -7.596749654628177049e-03
1.963734678668742163e+03 -3.255865490931261503e-03 -7.426664202841422834e-03
1.963750385257090556e+03 -3.262609289289509530e-03 -7.327549751231354942e-03
1.963766099691159070e+03 -3.270438707611508528e-03 -7.232177250230828469e-03
1.963781813158325804e+03 -3.279044849582322951e-03 -7.136978593400260772e-03
1.963813281344949019e+03 -3.292581202512514290e-03 -6.955028840840152965e-03
1.963829018554203913e+03 -3.297628098683713909e-03 -6.865019302782353859e-03
1.963844785074405081e+03 -3.302685188585300236e-03 -6.824776354130681656e-03
1.963860554205628432e+03 -3.308732602347303972e-03 -6.835128143683004941e-03
1.963892111481145548e+03 -3.315980640129062660e-03 -6.605489753375631823e-03
1.963907875840713132e+03 -3.318583874495296872e-03 -6.601321086558841096e-03
1.963923618326703263e+03 -3.321633373805467533e-03 -6.641362620903433316e-03
1.963955072252653963e+03 -3.323763613986433722e-03 -7.300266301899634332e-03
1.963970777507903904e+03 -3.325745981473451299e-03 -7.426488023143261799e-03
1.963986472267073623e+03 -3.326452055554885053e-03 -7.383697160745257212e-03
1.964002169419007714e+03 -3.326831518443837919e-03 -7.658460873649983701e-03
1.964033559766249255e+03 -3.328166387705224719e-03 -7.966585050326878067e-03
1.964049266880008190e+03 -3.328567469484529969e-03 -8.071397138221464776e-03
1.964064992852385558e+03 -3.325753636206558225e-03 -8.158018502588525872e-03
1.964080707516668781e+03 -3.324342505711603765e-03 -8.240482453122701181e-03
1.964112212022320364e+03 -3.317925667369618116e-03 -8.471013959050274419e-03
1.964127999346914521e+03 -3.315480699710649220e-03 -8.639592393708307033e-03
1.964143783671384881e+03 -3.310599154952709091e-03 -8.848154335802750625e-03
1.964175306672414081e+03 -3.300996389928680542e-03 -9.113916403716440170e-03
1.964191046793752548e+03 -3.297804832027769698e-03 -9.369708732114401251e-03
1.964206768513885663e+03 -3.292372706187993072e-03 -9.585665140513330296e-03
1.964222467829488096e+03 -3.288006139927493639e-03 -9.703754684726461494e-03
1.964253851815713233e+03 -3.277298557780372341e-03 -9.874297210295025079e-03
1.964269543302287275e+03 -3.271984560578210070e-03 -9.929208756025237337e-03
1.964285237114679830e+03 -3.267170488283372299e-03 -9.937355454211271172e-03
1.964300945791704407e+03 -3.263136815668472249e-03 -9.926908145146667167e-03
1.964332392467024647e+03 -3.250927813288017904e-03 -9.849813695534706884e-03
1.964348143057398374e+03 -3.245222685264086224e-03 -9.795940764311302992e-03
1.964363901600489953e+03 -3.236953814248402089e-03 -9.730226268759576899e-03
1.964395475160876686e+03 -3.226705346807588141e-03 -9.560439067237769609e-03
1.964411279211184592e+03 -3.223196376609142530e-03 -9.463008599447701730e-03
1.964427038845125480e+03 -3.217754364543260782e-03 -9.360791829747226039e-03
1.964442740005575388e+03 -3.216743276967231908e-03 -9.250841330049846059e-03
1.964474019568912581e+03 -3.211391007078148035e-03 -9.022364406129934969e-03
1.964489628797089381e+03 -3.209680930639650324e-03 -8.902064919394814951e-03
1.964505267426789260e+03 -3.207343806644196837e-03 -8.781831612199081719e-03
1.964520925692533183e+03 -3.205462352865031100e-03 -8.662899687010144900e-03
1.964552307746962470e+03 -3.201920654642018138e-03 -8.428849699103974774e-03
1.964568051223432121e+03 -3.203134020360113611e-03 -8.320559671427521162e-03
1.964583823991213194e+03 -3.204383358166564000e-03 -8.218714978328961474e-03
1.964615375666623549e+03 -3.208672107139058562e-03 -8.030047595777120573e-03
1.964631117386391907e+03 -3.214611021666238713e-03 -7.944075813297184901e-03
1.964646827979523096e+03 -3.218286881617800788e-03 -7.865452070012060592e-03
1.964662510599525604e+03 -3.223599602047165329e-03 -7.802433937765427922e-03
1.964693863346090211e+03 -3.236251627258365793e-03 -7.648401617878054261e-03
1.964709531212454522e+03 -3.244642333160594871e-03 -7.572776802051137991e-03
1.964725210416169602e+03 -3.251690111031413886e-03 -7.490441793486670059e-03
1.964740903391519169e+03 -3.258556952441855979e-03 -7.396821104037429317e-03
1.964772325479364326e+03 -3.272087177920206692e-03 -7.202755542068456883e-03
1.964788040557108161e+03 -3.279491095747813154e-03 -7.107086558933420686e-03
1.964803773229368517e+03 -3.286357742179865909e-03 -7.014876540089710552e-03
1.964835267546352952e+03 -3.300182921750582574e-03 -6.842265582441624597e-03
1.964851034823813734e+03 -3.305829075808108201e-03 -6.836676876729287124e-03
1.964866806630413976e+03 -3.309400787468059178e-03 -6.807628257658539066e-03
1.964882594097333367e+03 -3.313464483943235651e-03 -6.656229008949828344e-03
1.964914112417542128e+03 -3.318927098105581980e-03 -6.608579917065383544e-03
1.964929855767123399e+03 -3.321069268210546932e-03 -6.665190094877067664e-03
1.964945584256621714e+03 -3.323170014581543295e-03 -6.904788062187606004e-03
1.964961300549012321e+03 -3.325892436211134486e-03 -7.438822382027199254e-03
1.964992698588752774e+03 -3.328547403152169477e-03 -7.449254431942969011e-03
1.965008392307672239e+03 -3.328790428538762943e-03 -7.720633339009953106e-03
1.965024084748190944e+03 -3.328552121276230624e-03 -7.878127115462913929e-03
1.965055498161336573e+03 -3.326898479128757510e-03 -8.094919110899830017e-03
1.965071222115376486e+03 -3.325877387554831630e-03 -8.177075008815122906e-03
1.965086946553699363e+03 -3.324538238063029939e-03 -8.259968179504403873e-03
1.965102699513798370e+03 -3.320321400385971549e-03 -8.369012108205724221e-03
1.965134254611534971e+03 -3.313403142108124234e-03 -8.694440986411951580e-03
1.965150048207620330e+03 -3.310737433884984593e-03 -8.894155943652344576e-03
1.965165800880205779e+03 -3.304403679550182646e-03 -8.985365119246829790e-03
1.965181544858171037e+03 -3.300311780627677299e-03 -9.179667190705410526e-03
1.965212993374365851e+03 -3.291241440510683791e-03 -9.621984590460539929e-03
1.965228688822077402e+03 -3.287772240992098676e-03 -9.716809632098455038e-03
1.965244383175590428e+03 -3.283043804035515496e-03 -9.804631122512544664e-03
1.965260076242820105e+03 -3.277557003058763265e-03 -9.887357030650946454e-03
1.965291459985998472e+03 -3.267205720315505615e-03 -9.925192511609956872e-03
1.965307178029439910e+03 -3.261401163827162917e-03 -9.918034117088780563e-03
1.965322901936259996e+03 -3.255164581183693680e-03 -9.879647978380791395e-03
1.965354389924353654e+03 -3.241490787845469502e-03 -9.775267801996711040e-03
1.965370154257462900e+03 -3.236446263657475220e-03 -9.706351068970432011e-03
1.965385948409488947e+03 -3.230326076587091214e-03 -9.620244324351512680e-03
1.965401746510193107e+03 -3.226871401578095943e-03 -9.531334944118105557e-03
1.965433267337771440e+03 -3.218631679519174445e-03 -9.328561219470702867e-03
1.965448962861456494e+03 -3.214797412004494898e-03 -9.215361272597219142e-03
1.965464607302822515e+03 -3.212749576683580216e-03 -9.103497908200707672e-03
1.965480212177503063e+03 -3.212225060667807993e-03 -8.985186181828383120e-03
1.965511482702698459e+03 -3.208478245795148408e-03 -8.745403595683121437e-03
1.965527146511133651e+03 -3.205441962406662890e-03 -8.625134791381983829e-03
1.965542829605400129e+03 -3.203858411436553630e-03 -8.507375037575318905e-03
1.965574305147856876e+03 -3.202970874706218777e-03 -8.288877785481497604e-03
1.965590084694627421e+03 -3.203835858862494508e-03 -8.190285215817884670e-03
1.965605879547357745e+03 -3.207799372772469904e-03 -8.095122705835126192e-03
1.965621626885452997e+03 -3.211158490076438613e-03 -8.003572754163943564e-03
1.965653056608996621e+03 -3.219356012298129569e-03 -7.847400264079189974e-03
1.965668733372638826e+03 -3.224877248552337691e-03 -7.780793518222656018e-03
1.965684413155719540e+03 -3.231502443471429530e-03 -7.703327305636387123e-03
1.965700071344103435e+03 -3.239176327169863978e-03 -7.626492308635386685e-03
1.965731428105332725e+03 -3.252752685117754443e-03 -7.463060691497125712e-03
1.965747130851817474e+03 -3.261218733532421626e-03 -7.366758144571917966e-03
1.965762843784111965e+03 -3.269630371584227729e-03 -7.269557550111261507e-03
1.965794277085460180e+03 -3.283724969642515604e-03 -7.079792419282133001e-03
1.965810017573965524e+03 -3.291507431840221942e-03 -6.990419445128657344e-03
1.965825758643753716e+03 -3.295055491575397000e-03 -6.902457882364109593e-03
1.965841518266498952e+03 -3.300936422636722468e-03 -6.831640435905087134e-03
1.965873074258264978e+03 -3.311306278120162289e-03 -6.764602968129253616e-03
1.965888846043112153e+03 -3.314230242387758343e-03 -6.629301239097984237e-03
1.965904618314779555e+03 -3.317064269186902146e-03 -6.599802627365868556e-03
1.965920359650457385e+03 -3.321777507827646837e-03 -6.619249565209304499e-03
1.965951814610827341e+03 -3.324493720265360355e-03 -7.052752771014906240e-03
1.965967525510787027e+03 -3.325281826834133956e-03 -7.479196868527803951e-03
1.965983221510693966e+03 -3.326285365440849462e-03 -7.326252160436977183e-03
1.966014615342222214e+03 -3.329906346047210516e-03 -7.767254817402500199e-03
1.966030310387046711e+03 -3.330333546461920410e-03 -7.914689600865642757e-03
1.966046014894186555e+03 -3.329434671751453547e-03 -8.021546424192482413e-03
1.966061735627927874e+03 -3.329842717229721753e-03 -8.119260943141706766e-03
1.966093191305444179e+03 -3.323427954086067854e-03 -8.286091881755663913e-03
1.966108949418240400e+03 -3.320940314087456654e-03 -8.407181579306675229e-03
1.966124726913371205e+03 -3.317199024504083934e-03 -8.560516232149217170e-03
1.966140513096767108e+03 -3.312472442071861655e-03 -8.755241956573702605e-03
1.966172046737014171e+03 -3.305485286631707886e-03 -9.017958633637615865e-03
1.966187789849731871e+03 -3.300174040506439251e-03 -9.256088395091802146e-03
1.966203510732717632e+03 -3.295095591206429787e-03 -9.489935988070803685e-03
1.966234909493841542e+03 -3.285315959648369907e-03 -9.732073950926229192e-03
1.966250603016692367e+03 -3.280698661476151492e-03 -9.826334912776955519e-03
1.966266295719422033e+03 -3.276485486737777241e-03 -9.899006733511590134e-03
1.966281988238378517e+03 -3.272351963877921221e-03 -9.925832961669371624e-03
1.966313416318087548e+03 -3.261265734433313815e-03 -9.903782384765106792e-03
1.966329133223699500e+03 -3.254730396304654841e-03 -9.859678055508641278e-03
1.966344879813310627e+03 -3.248098419106407609e-03 -9.811096490602929862e-03
1.966360638365813202e+03 -3.242182039424908353e-03 -9.752872805588501393e-03
1.966392206130906743e+03 -3.229688603223000720e-03 -9.591834538088761519e-03
1.966408012856875985e+03 -3.224230111477327174e-03 -9.499009142869094258e-03
1.966423787216408982e+03 -3.222429387979322459e-03 -9.398596216563675360e-03
1.966455182176392782e+03 -3.214552536804562034e-03 -9.180160567520100068e-03
1.966470802490413007e+03 -3.213125647244874719e-03 -9.067748378463314982e-03
1.966486407849799889e+03 -3.211211886758456435e-03 -8.948466715148459955e-03
1.966502040687229282e+03 -3.209289290228368834e-03 -8.826760591765958619e-03
1.966533366408492384e+03 -3.205084260861696364e-03 -8.588999616537206644e-03
1.966549061946984466e+03 -3.205083299944573149e-03 -8.472075757462485882e-03
1.966564795260379697e+03 -3.205815540459629187e-03 -8.362521578758603039e-03
1.966580560713135583e+03 -3.204807173779871624e-03 -8.258414795530624394e-03
1.966612125422808049e+03 -3.208433012158765866e-03 -8.068086914818617048e-03
1.966627873309246752e+03 -3.213459816337863734e-03 -7.979122085260133973e-03
1.966643575688366809e+03 -3.217296562231789902e-03 -7.894541376206428568e-03
1.966674954830053366e+03 -3.227648711129708133e-03 -7.758503542546466014e-03
1.966690627561978090e+03 -3.235140183328462718e-03 -7.680675218946200235e-03
1.966706290281220163e+03 -3.240953907145181865e-03 -7.604556388651519984e-03
1.966721962869415393e+03 -3.249247696442108656e-03 -7.525953431935774630e-03
1.966753359389590969e+03 -3.262551927642212430e-03 -7.338023168093380302e-03
1.966769073004706570e+03 -3.268850388158644343e-03 -7.242898115379788407e-03
1.966784788270607351e+03 -3.277046103497111527e-03 -7.148001402932467087e-03
1.966800516546489462e+03 -3.285919685904524143e-03 -7.052964466744657789e-03
1.966832005442194941e+03 -3.298267447185467167e-03 -6.876893149630330937e-03
1.966847775209474548e+03 -3.304814521436308297e-03 -6.834113397037672004e-03
1.966863545526259941e+03 -3.308591881435035253e-03 -6.847628547659784411e-03
1.966895105733260834e+03 -3.317440447378858411e-03 -6.614447627242467029e-03
1.966910857014695466e+03 -3.320875653874009667e-03 -6.603542873645418601e-03
1.966926600899844971e+03 -3.321153155943714404e-03 -6.633977024898195587e-03
1.966942332875144530e+03 -3.325008170560884383e-03 -6.765897785342275469e-03
1.966973753170432246e+03 -3.327916152408871755e-03 -7.433036195678617043e-03
1.966989446806992419e+03 -3.329177069173214903e-03 -7.344437296758482905e-03
1.967005142987398813e+03 -3.329431857041946410e-03 -7.611091410097441633e-03
1.967020837354753439e+03 -3.329185327696295577e-03 -7.815956147519443481e-03
1.967052245688469156e+03 -3.329712628079667565e-03 -8.051490834101969474e-03
1.967067970738938129e+03 -3.327442559017429035e-03 -8.139818796141841742e-03
1.967083692550978412e+03 -3.326604253394662390e-03 -8.213636950774367076e-03
1.967115198466002539e+03 -3.319700459095317833e-03 -8.448569862588461987e-03
1.967130991624635044e+03 -3.317422226341042255e-03 -8.611398403295125736e-03
1.967146781245907960e+03 -3.313492060140367859e-03 -8.815648700927573508e-03
1.967162542469002119e+03 -3.309064502507245466e-03 -8.933369533623596731e-03
1.967194026992575800e+03 -3.300093537165431530e-03 -9.326962046789051206e-03
1.967209744828691328e+03 -3.296475979721393088e-03 -9.541398273563889837e-03
1.967225445226668171e+03 -3.291374813487919944e-03 -9.668140153723615848e-03
1.967241135771220797e+03 -3.286420591484788632e-03 -9.749708820347211327e-03
1.967272517156000504e+03 -3.275713406997631753e-03 -9.905462445603365265e-03
1.967288211168637190e+03 -3.270425659171307797e-03 -9.911856284095575328e-03
1.967303924638154285e+03 -3.265366829777725279e-03 -9.909692035501916837e-03
1.967335377013897414e+03 -3.254483524639941155e-03 -9.840733249559353163e-03
1.967351128891844610e+03 -3.248166735951565562e-03 -9.791049374377854692e-03
1.967366889357086393e+03 -3.240640335996666180e-03 -9.728551129917380885e-03
1.967382684834752808e+03 -3.234960646730059095e-03 -9.648266236882292388e-03
1.967414274149924495e+03 -3.225735585394929987e-03 -9.466555092690717710e-03
1.967430025390547371e+03 -3.220890602678601160e-03 -9.367197502051670052e-03
1.967445730888914113e+03 -3.219807418012834727e-03 -9.258342837961194491e-03
1.967461391765637700e+03 -3.216038861583582313e-03 -9.146330388833454408e-03
1.967492615673601676e+03 -3.212825475290381587e-03 -8.910082926044305199e-03
1.967508254962810497e+03 -3.210477208226824881e-03 -8.790902502267959606e-03
1.967523911981069659e+03 -3.208263793381467555e-03 -8.670638444519864971e-03
1.967555297489467193e+03 -3.203805152913780270e-03 -8.438634659270803293e-03
1.967571049731694302e+03 -3.203064379108099338e-03 -8.329996863524796041e-03
1.967586824223622671e+03 -3.206714907261844910e-03 -8.229182800866888248e-03
1.967602624100524508e+03 -3.208667893275009200e-03 -8.133819859685156861e-03
1.967634102896947070e+03 -3.214817127337560223e-03 -7.954103382996414659e-03
1.967649815947417892e+03 -3.219706081425970264e-03 -7.873005253953071006e-03
1.967665490193037385e+03 -3.223275374319376982e-03 -7.810194494984330771e-03
1.967681175115204042e+03 -3.229800326095750348e-03 -7.736208023696074243e-03
1.967712506739801711e+03 -3.244142485391180147e-03 -7.582658719152630608e-03
1.967728184305657123e+03 -3.253213632688653663e-03 -7.500633312929651415e-03
1.967743883892207123e+03 -3.259970764987058997e-03 -7.407998015542706718e-03
1.967775305747532002e+03 -3.274255551730614541e-03 -7.215023462420754562e-03
1.967791022194881862e+03 -3.281725217686777551e-03 -7.120060133962886027e-03
1.967806760213611142e+03 -3.288718792448722898e-03 -7.027953227112092999e-03
1.967822506542819838e+03 -3.294763605998000944e-03 -6.941695927120852642e-03
1.967854030225600354e+03 -3.305317638372138028e-03 -6.846880705839731782e-03
1.967869807149243798e+03 -3.311612602752306202e-03 -6.824758524236702872e-03
1.967885587275414309e+03 -3.315245119728269484e-03 -6.671799142312090890e-03
1.967901362793297494e+03 -3.319714831783205332e-03 -6.608884937959584767e-03
1.967932841903018925e+03 -3.324148556496001050e-03 -6.655011674364249077e-03
1.967948564895346863e+03 -3.326231772241780744e-03 -6.856094343328399641e-03
1.967964279923392496e+03 -3.327015472906373356e-03 -7.387942091576042529e-03
1.967995674440584480e+03 -3.331938062572848813e-03 -7.399347161721285364e-03
1.968011372437165846e+03 -3.332529211271795504e-03 -7.672867762755428145e-03
1.968027066032958601e+03 -3.332230212695391509e-03 -7.857610424896398563e-03
1.968042763105560653e+03 -3.332058718564384799e-03 -7.963868089182174481e-03
1.968074203947649266e+03 -3.328798641533062350e-03 -8.153074968200250613e-03
1.968089935404513426e+03 -3.327728657667234757e-03 -8.233684480000631051e-03
1.968105693446066653e+03 -3.323230626867307996e-03 -8.352336079983315245e-03
1.968121456746818694e+03 -3.321228749678638032e-03 -8.488452425501540749e-03
1.968153041843505207e+03 -3.312902038293076123e-03 -8.859350746767306189e-03
1.968168793267135698e+03 -3.308651261375418397e-03 -8.944121403359305347e-03
1.968184533604274066e+03 -3.304645295329022240e-03 -9.136678437949352638e-03
1.968200260381996941e+03 -3.299871350696344154e-03 -9.387041191047022434e-03
1.968231666469799620e+03 -3.290327391721848543e-03 -9.674846842774658187e-03
1.968247360048004793e+03 -3.286863956175755438e-03 -9.768092830220434855e-03
1.968263052605951771e+03 -3.282603782218979083e-03 -9.856583446628423839e-03
1.968294443765597634e+03 -3.271740529587360054e-03 -9.898173853622077231e-03
1.968310163645628336e+03 -3.267439453215181550e-03 -9.896179207365275732e-03
1.968325883791758088e+03 -3.259201358908581005e-03 -9.862080795448223414e-03
1.968341621868323955e+03 -3.253726635372590666e-03 -9.818751610704353969e-03
1.968373155142697215e+03 -3.240506352642558586e-03 -9.700205820220419300e-03
1.968388944057376648e+03 -3.234173365911938679e-03 -9.617273404446100710e-03
1.968404750041456509e+03 -3.228576465012656781e-03 -9.530452175383865437e-03
1.968420534875340763e+03 -3.227298221888745197e-03 -9.431675125784065930e-03
1.968451954344307751e+03 -3.217531804137849227e-03 -9.219871052186804500e-03
1.968467591133957740e+03 -3.216162131866760841e-03 -9.109752580454500911e-03
1.968483194938972474e+03 -3.215184555080506570e-03 -8.992376458524473440e-03
1.968514469073319788e+03 -3.211468197240712787e-03 -8.751333215912107666e-03
1.968530133302832610e+03 -3.209732723831840683e-03 -8.631522461514376174e-03
1.968545822715980648e+03 -3.207343227244801621e-03 -8.513850213537586809e-03
1.968561541862788317e+03 -3.207921704582179356e-03 -8.403231874452273334e-03
1.968593090116676194e+03 -3.206619231549636632e-03 -8.198858252755118758e-03
1.968608878188227209e+03 -3.210662660874690887e-03 -8.104051802822332187e-03
1.968624629330567586e+03 -3.213642671330226713e-03 -8.013567782035428688e-03
1.968640331221866518e+03 -3.216644664849828677e-03 -7.926049551438388990e-03
1.968671713496670463e+03 -3.228762808002725530e-03 -7.787512091986949214e-03
1.968687392790798867e+03 -3.233826968648286990e-03 -7.712462234740681544e-03
1.968703048831773685e+03 -3.239960427619465073e-03 -7.635836067321383723e-03
1.968734405655356795e+03 -3.254776007770744575e-03 -7.473746598635072798e-03
1.968750110718284759e+03 -3.261626064513417720e-03 -7.377537524496603251e-03
1.968765823601986312e+03 -3.269914158251236835e-03 -7.281567520272931582e-03
1.968781537530486276e+03 -3.278754670630931040e-03 -7.187000852487580339e-03
1.968813008358507204e+03 -3.293251150410739063e-03 -7.002506653835004723e-03
1.968828747564181185e+03 -3.298439643381251285e-03 -6.915782126397383538e-03
1.968844515564953326e+03 -3.303926496170407276e-03 -6.842580216798309356e-03
1.968860286768176593e+03 -3.310542837356114654e-03 -6.858211105659936004e-03
1.968891842494554794e+03 -3.318688828592815648e-03 -6.641256539911273571e-03
1.968907605607731739e+03 -3.321632910675810946e-03 -6.605236480448647453e-03
1.968923347259227967e+03 -3.325492737003871765e-03 -6.616982267441528544e-03
1.968954799390145581e+03 -3.327997293857598918e-03 -6.984683045013398602e-03
1.968970504924062197e+03 -3.330245170887000204e-03 -7.462482835582283369e-03
1.968986199729858072e+03 -3.331251560340115370e-03 -7.316945356768678882e-03
1.969001897461648696e+03 -3.332056359370553621e-03 -7.474693863604118041e-03
1.969033289120217887e+03 -3.334274027265703936e-03 -7.878167122834444161e-03
1.969048996294295648e+03 -3.334890764938825899e-03 -7.996744670823483642e-03
1.969064722470581728e+03 -3.332593945711003446e-03 -8.105344154370575788e-03
1.969080437284659638e+03 -3.331304264734968965e-03 -8.163506175952066346e-03
1.969111941666435314e+03 -3.325582330253058078e-03 -8.388280850444624140e-03
1.969127728332993456e+03 -3.323271741706957608e-03 -8.531827468097040804e-03
1.969143512360708883e+03 -3.318505941246116444e-03 -8.723844397722332195e-03
1.969175036556602890e+03 -3.309479797056009455e-03 -8.972686350990785598e-03
1.969190776863988731e+03 -3.306371124356349660e-03 -9.208570215426850961e-03
1.969206497908995061e+03 -3.300989854577038307e-03 -9.443885520846182977e-03
1.969222197438860121e+03 -3.296875528833077048e-03 -9.600145377884351447e-03
1.969253581528342693e+03 -3.286455665650048295e-03 -9.787004672339633810e-03
1.969269273242403870e+03 -3.281298186964738163e-03 -9.862780422885471243e-03
1.969284966952083778e+03 -3.276665943504145691e-03 -9.886783234276080856e-03
1.969300675020571589e+03 -3.272736642342682998e-03 -9.888310319236696955e-03
1.969332121368798198e+03 -3.260616112489280079e-03 -9.838522791111824206e-03
1.969347872335462853e+03 -3.254961782890880388e-03 -9.795502847352036829e-03
1.969363630256099896e+03 -3.247002351481313807e-03 -9.740602114898543051e-03
1.969395208430311413e+03 -3.235774783842305154e-03 -9.586093337367240438e-03
1.969411011415798384e+03 -3.231653170737753926e-03 -9.495567614573987084e-03
1.969426779778474838e+03 -3.225916592452857719e-03 -9.398051272946118112e-03
1.969442494388645628e+03 -3.224329772202928941e-03 -9.294340928793104820e-03
1.969473789463155299e+03 -3.218573414929825922e-03 -9.072213519906661972e-03
1.969489395438065003e+03 -3.217162882961370225e-03 -8.952089862319967048e-03
1.969505028914223885e+03 -3.214883514223583396e-03 -8.830988628803710175e-03
1.969520682430108309e+03 -3.212315640375612655e-03 -8.711449960663291553e-03
1.969552053342820727e+03 -3.208056199117865787e-03 -8.476961624079910884e-03
1.969567792514276789e+03 -3.208766904261052804e-03 -8.367217597995125350e-03
1.969583565669243171e+03 -3.209025161963342376e-03 -8.264177175153857718e-03
1.969615122955882725e+03 -3.212486759822916031e-03 -8.074198750725717147e-03
1.969630864204747695e+03 -3.218126121894409036e-03 -7.986383974164941099e-03
1.969646569712479732e+03 -3.221159238120469004e-03 -7.898301681439151567e-03
1.969662249793292176e+03 -3.226083264700523034e-03 -7.832109249650191438e-03
1.969693601460737227e+03 -3.238073738526326198e-03 -7.687651667230958191e-03
1.969709266351545693e+03 -3.246154802319661456e-03 -7.611640217580060118e-03
1.969724942516087594e+03 -3.252877928261803300e-03 -7.533278863803501840e-03
1.969740632375201358e+03 -3.259731942970275301e-03 -7.444914537680127377e-03
1.969772051950011701e+03 -3.273757781926603730e-03 -7.252972459620486527e-03
1.969787768461479345e+03 -3.281532017854282054e-03 -7.157750449313067705e-03
1.969803502697948716e+03 -3.288906821445235912e-03 -7.063310233731402883e-03
1.969835000097057446e+03 -3.303612162329902600e-03 -6.888950323459529582e-03
1.969850769052557780e+03 -3.309996944893647212e-03 -6.838784065090143874e-03
1.969866542617044843e+03 -3.313766150200763826e-03 -6.855776182400771628e-03
1.969882329624232398e+03 -3.318384174553265682e-03 -6.731483078635135640e-03
1.969913844347437134e+03 -3.325022295586464553e-03 -6.603392745157901991e-03
1.969929587436306292e+03 -3.327291612266528725e-03 -6.626498633157128053e-03
1.969945315202804295e+03 -3.329784100494630108e-03 -6.733308763383289222e-03
1.969961031109918395e+03 -3.332915143373627303e-03 -7.146199297127339006e-03
1.969992429029638970e+03 -3.336023121239200129e-03 -7.312924448515415073e-03
1.970008123233024207e+03 -3.336645142078301009e-03 -7.548256059669762770e-03
1.970023816333383593e+03 -3.336699349140175366e-03 -7.785460478411491969e-03
1.970055230221401416e+03 -3.335698948530734648e-03 -8.033631842261221984e-03
1.970070954662479835e+03 -3.335024947586859041e-03 -8.118017545676536884e-03
1.970086679059809740e+03 -3.333982112252624821e-03 -8.179645069459604012e-03
1.970102431678403491e+03 -3.330286974266026372e-03 -8.295567117573964672e-03
1.970133986534710630e+03 -3.323619998399230356e-03 -8.575912015137458766e-03
1.970149780301654800e+03 -3.321111221458690650e-03 -8.777786728341662251e-03
1.970165533131701068e+03 -3.314977832968918001e-03 -8.884037618051501481e-03
1.970181277342619978e+03 -3.310967094168739376e-03 -9.021279884692508591e-03
1.970212725769052213e+03 -3.302432151848525184e-03 -9.489451669823484314e-03
1.970228421208500322e+03 -3.299036604769283246e-03 -9.610217859878722804e-03
1.970244115876337446e+03 -3.294311496058883060e-03 -9.701929016986528265e-03
1.970275497404511952e+03 -3.283885674820894753e-03 -9.863924459471991313e-03
1.970291192052565975e+03 -3.278737787312062217e-03 -9.872052973570870707e-03
1.970306909694419573e+03 -3.272983469597927093e-03 -9.878122721864873029e-03
1.970322634267061858e+03 -3.266976218223838300e-03 -9.855885550678270338e-03
1.970354121818626254e+03 -3.253423820922919565e-03 -9.773177964240870388e-03
1.970369884800062437e+03 -3.248280920624407094e-03 -9.714776547863200606e-03
1.970385681034625122e+03 -3.241572484278487827e-03 -9.637029950911807710e-03
1.970401482130682780e+03 -3.237460520154717206e-03 -9.555547001776770744e-03
1.970433015365829533e+03 -3.228674996340362164e-03 -9.364425843900001101e-03
1.970448723337680804e+03 -3.224971405585806347e-03 -9.256458774546982501e-03
1.970464378030210128e+03 -3.222370731015701106e-03 -9.147309649980324073e-03
1.970495601556558313e+03 -3.219886433637404559e-03 -8.910295109943356870e-03
1.970511244193832908e+03 -3.217904056681106153e-03 -8.792051790331340683e-03
1.970526902073580231e+03 -3.214775233336237062e-03 -8.671563945173163881e-03
1.970542578753942507e+03 -3.212459550188177110e-03 -8.554493643869932884e-03
1.970574046994864830e+03 -3.210142552013749845e-03 -8.333431671825888842e-03
1.970589827504101095e+03 -3.210676901995396758e-03 -8.233863681015423860e-03
1.970605625852793310e+03 -3.213831567939035971e-03 -8.138233683788676648e-03
1.970621374460410607e+03 -3.216750389180681163e-03 -8.046292624421134618e-03
1.970652798048610293e+03 -3.224083060193356793e-03 -7.876344475005578674e-03
1.970668471994233869e+03 -3.228690763421550574e-03 -7.810927904829083682e-03
1.970684151982311505e+03 -3.234955151731973202e-03 -7.741252163516176843e-03
1.970715480706815015e+03 -3.248485283420065369e-03 -7.589410083750814003e-03
1.970731160063381594e+03 -3.255928333784952316e-03 -7.506812489182563240e-03
1.970746860475650919e+03 -3.264535101577549156e-03 -7.415069474999494425e-03
1.970762571336494830e+03 -3.272743710508304368e-03 -7.318913956562066343e-03
1.970794005774994503e+03 -3.287794101091803031e-03 -7.129735620602979489e-03
1.970809747854716761e+03 -3.296112871493945932e-03 -7.037815483799412207e-03
1.970825491004423384e+03 -3.300205463428968009e-03 -6.952128768831400581e-03
1.970841251745264572e+03 -3.306588838057980279e-03 -6.866567179402099583e-03
1.970872810519844279e+03 -3.317998737861556097e-03 -6.837304368339475885e-03
1.970888581125183237e+03 -3.321452513472646691e-03 -6.686777407424924179e-03
1.970904351652368860e+03 -3.324775362660979238e-03 -6.611564992956027627e-03
1.970920092218348827e+03 -3.329630690039173460e-03 -6.606060028158979025e-03
1.970951545660053853e+03 -3.333378445308619528e-03 -6.807377877006651201e-03
1.970967256739288132e+03 -3.334278477871560013e-03 -7.312836464626246841e-03
1.970982952721250513e+03 -3.335666885961870859e-03 -7.380266375182005165e-03
1.971014347372390148e+03 -3.340097078009949400e-03 -7.625143617780304368e-03
1.971030043063108678e+03 -3.340699856879451000e-03 -7.816718905597873010e-03
1.971045747188860105e+03 -3.340081540939634618e-03 -7.941430701982209531e-03
1.971061468141067508e+03 -3.340941050230952260e-03 -8.062803882454385937e-03
1.971092923983148921e+03 -3.335068643424978722e-03 -8.208391922626089021e-03
1.971108682011670453e+03 -3.332733007254006039e-03 -8.330129911260008777e-03
1.971124458419401208e+03 -3.329192132825820570e-03 -8.459289448072577350e-03
1.971140245214739025e+03 -3.324667905175307872e-03 -8.632128827533884496e-03
1.971171779611956481e+03 -3.318128656354610469e-03 -8.893373510694366560e-03
1.971187522327249326e+03 -3.312929364972454650e-03 -9.089470100957567494e-03
1.971203243299162978e+03 -3.308023817058006102e-03 -9.337641435105457563e-03
1.971234642072665338e+03 -3.298428514462080092e-03 -9.620058371998431099e-03
1.971250335703758765e+03 -3.294038908111722105e-03 -9.723419791399044027e-03
1.971266028546875077e+03 -3.290022070503894908e-03 -9.815685580697208409e-03
1.971281721031130701e+03 -3.285912981303651826e-03 -9.857148571876755624e-03
1.971313148396697443e+03 -3.275111605449507191e-03 -9.865147647464834677e-03
1.971328865828145581e+03 -3.268322209581046682e-03 -9.835892058833551471e-03
1.971344612005345880e+03 -3.261802772372240228e-03 -9.798811879312894352e-03
1.971360371221203877e+03 -3.255914461943926197e-03 -9.751998607972626673e-03
1.971391940375155173e+03 -3.242724033909897240e-03 -9.609283812101595754e-03
1.971407746155364293e+03 -3.237179052099419582e-03 -9.524482785360973217e-03
1.971423525718824521e+03 -3.234960683948448056e-03 -9.429408880296067177e-03
1.971454946688858854e+03 -3.226251848791785847e-03 -9.220866435625758861e-03
1.971470575160361477e+03 -3.224323814660561525e-03 -9.113072084568457978e-03
1.971486180315891943e+03 -3.222578695711499075e-03 -8.995407225801048401e-03
1.971501806045213243e+03 -3.221113118404319610e-03 -8.872953144642028653e-03
1.971533119808251286e+03 -3.215998959715273258e-03 -8.635333524917540235e-03
1.971548808982073297e+03 -3.215399871537945840e-03 -8.518164537336147743e-03
1.971564537272255848e+03 -3.215569751425536530e-03 -8.407173969950620246e-03
1.971580302080176352e+03 -3.213810261592174675e-03 -8.301835003560967957e-03
1.971611872440480511e+03 -3.216186775657097364e-03 -8.110412933165214375e-03
1.971627621573830766e+03 -3.220579781649282949e-03 -8.020691470767522119e-03
1.971643319506807302e+03 -3.223835197328435258e-03 -7.930052867957365637e-03
1.971674692679758891e+03 -3.233423741688045642e-03 -7.790326886334054957e-03
1.971690366143455549e+03 -3.240431372845451775e-03 -7.718497116550401653e-03
1.971706025746821751e+03 -3.245802917325217411e-03 -7.642457647413900337e-03
1.971721696051128447e+03 -3.254131083479922144e-03 -7.565795684914596551e-03
1.971753087437704835e+03 -3.267588473307712123e-03 -7.386671746900640330e-03
1.971768800020795197e+03 -3.274365684816998683e-03 -7.292367726974379252e-03
1.971784516189024089e+03 -3.282859873397937257e-03 -7.198484420325680297e-03
1.971800245547397253e+03 -3.292245771766942521e-03 -7.102141827857824143e-03
1.971831737252413859e+03 -3.305383778672644005e-03 -6.927685476159245979e-03
1.971847508843141668e+03 -3.312263882464576859e-03 -6.850895824206444489e-03
1.971863281030078042e+03 -3.316752733585733894e-03 -6.858309676069902251e-03
1.971894839084561909e+03 -3.326560773293520470e-03 -6.652074383731687059e-03
1.971910589489622453e+03 -3.330542281854670383e-03 -6.606313696015871616e-03
1.971926332789383196e+03 -3.331252075602334980e-03 -6.611271177896910038e-03
1.971942063997586729e+03 -3.335379884077831203e-03 -6.670740047100377941e-03
1.971973483695961249e+03 -3.338752580091349040e-03 -7.423627354994032784e-03
1.971989177606750445e+03 -3.340312378913462468e-03 -7.320855142099782706e-03
1.972004874289208146e+03 -3.340923229329342391e-03 -7.415094949738584330e-03
1.972020569139013332e+03 -3.341022610215284034e-03 -7.689293666189193910e-03
1.972051977733845206e+03 -3.342331611781720804e-03 -7.979006582093163893e-03
1.972067702900732229e+03 -3.340158648951838203e-03 -8.085902927048558425e-03
1.972083424529982040e+03 -3.339691440972613126e-03 -8.145144906172159874e-03
1.972114930573464335e+03 -3.333266218131558049e-03 -8.361306999509460214e-03
1.972130723614105818e+03 -3.331298769597681054e-03 -8.499272860849218722e-03
1.972146512289784141e+03 -3.327448118639746676e-03 -8.689490841641176258e-03
1.972162274680477822e+03 -3.323301569116202375e-03 -8.826243977112895045e-03
1.972193759409612085e+03 -3.314558030244694770e-03 -9.161238571824308757e-03
1.972209477174948915e+03 -3.311003736606385126e-03 -9.391408313405597008e-03
1.972225177187976897e+03 -3.305924268346306129e-03 -9.540466461596404379e-03
1.972240867308682709e+03 -3.301178885501591855e-03 -9.634274702625313797e-03
1.972272249228184137e+03 -3.290564525098025120e-03 -9.820744766071747012e-03
1.972287943229144275e+03 -3.285356802972803393e-03 -9.843809252703523277e-03
1.972303656348688264e+03 -3.280474426153348090e-03 -9.855534243208639855e-03
1.972335109248260096e+03 -3.269576897132670835e-03 -9.816585092274756480e-03
1.972350861197970971e+03 -3.263642689065841471e-03 -9.779267241690505624e-03
1.972366620778293282e+03 -3.255689498253565989e-03 -9.728333249670128788e-03
1.972382416425093425e+03 -3.249586105021796435e-03 -9.658657153958876210e-03
1.972414005389492786e+03 -3.239425157984029708e-03 -9.491920358860372886e-03
1.972429768669762325e+03 -3.234135833025682683e-03 -9.398096172668157430e-03
1.972445488488094043e+03 -3.232543966126817051e-03 -9.295224231869504000e-03
1.972461161149894906e+03 -3.229048434284476424e-03 -9.185984396720008743e-03
1.972492386903330726e+03 -3.225769116221757771e-03 -8.954901957219053507e-03
1.972508016777339890e+03 -3.223444910058359189e-03 -8.835496845896876825e-03
1.972523668914552218e+03 -3.220795761503239193e-03 -8.714635776767147221e-03
1.972555041259900463e+03 -3.215416764813240104e-03 -8.482792517698001938e-03
1.972570788448858139e+03 -3.214015303136250230e-03 -8.372870651044731286e-03
1.972586564027211125e+03 -3.217106752514753594e-03 -8.270955737070300601e-03
1.972602365422525736e+03 -3.218485602903881429e-03 -8.175115862281158094e-03
1.972633848612741303e+03 -3.223534024657949849e-03 -7.993613528594739268e-03
1.972649556849464943e+03 -3.227759969524488220e-03 -7.903565826518885867e-03
1.972665227418592849e+03 -3.230903288094948318e-03 -7.835249591848053932e-03
1.972680911374660582e+03 -3.236959074096653049e-03 -7.769311194224371928e-03
1.972712239148085246e+03 -3.250929837140645491e-03 -7.619767493486247906e-03
1.972727914315244107e+03 -3.259747084886960647e-03 -7.541062720744685574e-03
1.972743611596423989e+03 -3.266645499910308774e-03 -7.453537156957288842e-03
1.972775030441460558e+03 -3.281194415558269517e-03 -7.264181873707210510e-03
1.972790748179668526e+03 -3.289186807965750227e-03 -7.170063003779142755e-03
1.972806487024957050e+03 -3.296483893103992462e-03 -7.075943216579788295e-03
1.972822235631505919e+03 -3.303292658491156775e-03 -6.988883531874886569e-03
1.972853761832468308e+03 -3.314940893297365927e-03 -6.844684422127002808e-03
1.972869540730570407e+03 -3.321632201996275319e-03 -6.861906362051687323e-03
1.972885319899034585e+03 -3.325862758608228494e-03 -6.752952642719477032e-03
1.972901093744003447e+03 -3.330935918374958692e-03 -6.630219488695073687e-03
1.972932571109853370e+03 -3.335946934385785548e-03 -6.621262916203542875e-03
1.972948293857688668e+03 -3.338291921781302938e-03 -6.710973072305714653e-03
1.972964008833788057e+03 -3.339501768231012586e-03 -7.060606638680554277e-03
1.972995403533493800e+03 -3.345004834790294562e-03 -7.298507539841664511e-03
1.973011102035985687e+03 -3.345770865624442866e-03 -7.495664040201163551e-03
1.973026795286816878e+03 -3.345842476964333827e-03 -7.741280855742998721e-03
1.973042492721679764e+03 -3.345942447668628916e-03 -7.901933710049978757e-03
1.973073934306186857e+03 -3.343308967699418124e-03 -8.106177643889980397e-03
1.973089665375796358e+03 -3.342552659619227231e-03 -8.166225007598894650e-03
1.973105423259948566e+03 -3.338126224977907685e-03 -8.279449934288213991e-03
1.973121186042694035e+03 -3.336432937866877328e-03 -8.397011748476785123e-03
1.973152771527009463e+03 -3.328640722798737860e-03 -8.742239248292853898e-03
1.973168522964448812e+03 -3.324185333281381993e-03 -8.827536347150805041e-03
1.973184263498769724e+03 -3.320438997118172093e-03 -8.982764958644131811e-03
1.973215702441523490e+03 -3.310545235359476507e-03 -9.438928476162920800e-03
1.973231396240966205e+03 -3.306606195469626291e-03 -9.554699634739934055e-03
1.973247089718426651e+03 -3.303209937754080644e-03 -9.659056678969241139e-03
1.973262782528468961e+03 -3.298925657422045483e-03 -9.765440534658912861e-03
1.973294173071688419e+03 -3.288213508877765347e-03 -9.836507559105173160e-03
1.973309893145054502e+03 -3.283825971268981240e-03 -9.849071340240237935e-03
1.973325614049135538e+03 -3.275693628521451125e-03 -9.831199350668723760e-03
1.973341351771488917e+03 -3.270356808656699199e-03 -9.799964387573191840e-03
1.973372882544694221e+03 -3.256844542179091178e-03 -9.705761266860483613e-03
1.973388674568276201e+03 -3.249730063459192481e-03 -9.631084810760758702e-03
1.973404478864242947e+03 -3.243650660637456030e-03 -9.552377254973412959e-03
1.973420266242927937e+03 -3.241668027057798777e-03 -9.460312914848091614e-03
1.973451715860589729e+03 -3.232248774147810158e-03 -9.258778266359509596e-03
1.973467363138871178e+03 -3.229887163695385668e-03 -9.152630501674086094e-03
1.973482969749822360e+03 -3.228713941019997844e-03 -9.038810310626975084e-03
1.973514227601488301e+03 -3.225711322487210143e-03 -8.796668551787203277e-03
1.973529886785516965e+03 -3.223406449975194099e-03 -8.677045925276256205e-03
1.973545568310099497e+03 -3.220241819905064837e-03 -8.559850539570038747e-03
1.973561280805081424e+03 -3.220234123654930249e-03 -8.447953052648411038e-03
1.973592827176447372e+03 -3.217552211194426356e-03 -8.241285977992507394e-03
1.973608619155044835e+03 -3.220992090123746352e-03 -8.145883480008189043e-03
1.973624371950349769e+03 -3.223423458042907423e-03 -8.054984639462319310e-03
1.973640072937819241e+03 -3.225882030367635284e-03 -7.964518092284532738e-03
1.973671447877234186e+03 -3.237001710827003362e-03 -7.814321353222138111e-03
1.973687126201044293e+03 -3.241553095321069063e-03 -7.748023693168997611e-03
1.973702780148445981e+03 -3.247517189992648028e-03 -7.673655592328231315e-03
1.973734132077837103e+03 -3.262280180616389247e-03 -7.516677927497524350e-03
1.973749834073286593e+03 -3.269219287959024538e-03 -7.425317209077411489e-03
1.973765545861590454e+03 -3.277868251688376491e-03 -7.330842389437418685e-03
1.973781260600334917e+03 -3.287150697615755061e-03 -7.237938447419330068e-03
1.973812732780922033e+03 -3.302433062536649054e-03 -7.050769681989871827e-03
1.973828474280824821e+03 -3.307855369355194169e-03 -6.965507970895129172e-03
1.973844243741809578e+03 -3.313807705604213723e-03 -6.880017869649254075e-03
1.973860016684814354e+03 -3.321076880999120073e-03 -6.846778904910775197e-03
1.973891571546341311e+03 -3.330142694304380393e-03 -6.706360248475145593e-03
1.973907333653924752e+03 -3.333374486179434444e-03 -6.616717416298823796e-03
1.973923074095420588e+03 -3.337992510660994089e-03 -6.603799011255058124e-03
1.973954525322548307e+03 -3.340922958839743356e-03 -6.772368465159777848e-03
1.973970231185601278e+03 -3.343394012891925341e-03 -7.224101208830609189e-03
1.973985926069561856e+03 -3.344665560430496853e-03 -7.396609944510070152e-03
1.974001624164784516e+03 -3.345861072881914800e-03 -7.318541840490738228e-03
1.974033016337429444e+03 -3.348854306501114486e-03 -7.797811219690594688e-03
1.974048723497921628e+03 -3.349622691396384171e-03 -7.931089469467984127e-03
1.974064449683226258e+03 -3.347820443706631816e-03 -8.044573037419131337e-03
1.974080164608028781e+03 -3.346563481391189813e-03 -8.118488152553886283e-03
1.974111668836634408e+03 -3.341431615622942122e-03 -8.309700277690438078e-03
1.974127454910259530e+03 -3.339209556022124277e-03 -8.432338262914042259e-03
1.974143238633454985e+03 -3.334513809438601102e-03 -8.604507023077115693e-03
1.974174763839218940e+03 -3.325972625489201622e-03 -8.841642902124946177e-03
1.974190504487262160e+03 -3.322856158227392026e-03 -9.054248666231872605e-03
1.974206224675242538e+03 -3.317484801148741416e-03 -9.291838890860708300e-03
1.974221924306535129e+03 -3.313529102939622925e-03 -9.470810543025093287e-03
1.974253308402780476e+03 -3.303287043185403841e-03 -9.686544769446652284e-03
1.974269000398282287e+03 -3.298241918511193686e-03 -9.779071063978565792e-03
1.974284694107803489e+03 -3.293744796336904763e-03 -9.817536546006684281e-03
1.974300401775786213e+03 -3.289851635722347480e-03 -9.834329460823382218e-03
1.974331848273394371e+03 -3.277745069241156956e-03 -9.815214815693544884e-03
1.974347599452020859e+03 -3.271964822122381492e-03 -9.785153182172644584e-03
1.974363358152268574e+03 -3.263995801642959917e-03 -9.742243683922945444e-03
1.974394937828958746e+03 -3.252130946573424889e-03 -9.606428065069286953e-03
1.974410735711520829e+03 -3.247222581119108692e-03 -9.523932225629387280e-03
1.974426512492342681e+03 -3.241226528449805012e-03 -9.432332235981978619e-03
1.974442244326591435e+03 -3.238954665619886951e-03 -9.334424917376807351e-03
1.974473561003429722e+03 -3.232724677047714521e-03 -9.119937986507096334e-03
1.974489166431308604e+03 -3.231603431016719270e-03 -9.001131107074157589e-03
1.974504790003159997e+03 -3.229246411946168002e-03 -8.879826555712084374e-03
1.974520436027441974e+03 -3.226278803363369276e-03 -8.759465041360110782e-03
1.974551793540495737e+03 -3.221631508599846240e-03 -8.525421992218749911e-03
1.974567525846088756e+03 -3.221796660735044230e-03 -8.414374170574607029e-03
1.974583298241033617e+03 -3.220963202206615465e-03 -8.310052969974746420e-03
1.974614860237351195e+03 -3.222872766741833542e-03 -8.118778317704014244e-03
1.974630604042227105e+03 -3.228146899474465710e-03 -8.030158936062108815e-03
1.974646305956074457e+03 -3.230546452759277057e-03 -7.936987295428032246e-03
1.974661982771593784e+03 -3.235145131201395269e-03 -7.860377137783697635e-03
1.974693330777095298e+03 -3.246221621020288235e-03 -7.727119643403452219e-03
1.974708992211160648e+03 -3.253842927497328352e-03 -7.652049346985282698e-03
1.974724665498184777e+03 -3.260382410541379575e-03 -7.575521898275237170e-03
1.974740352671966775e+03 -3.267526581330387671e-03 -7.492569741461890288e-03
1.974771769683040930e+03 -3.281992868512783029e-03 -7.305303192495653068e-03
1.974787487052446068e+03 -3.289846279314555776e-03 -7.212155719156284478e-03
1.974803221787790562e+03 -3.297750634007077641e-03 -7.116614275711916245e-03
1.974834722825550443e+03 -3.313440968030939224e-03 -6.943173165361844409e-03
1.974850493563355485e+03 -3.320605208982078081e-03 -6.861915024244154976e-03
1.974866268782261614e+03 -3.324648325026569387e-03 -6.855721801712101604e-03
1.974882055406462541e+03 -3.329840268704411729e-03 -6.820971794517060108e-03
1.974913567145174511e+03 -3.337665506564225538e-03 -6.608882202446769369e-03
1.974929309750870743e+03 -3.340012416029770805e-03 -6.607526824637554273e-03
1.974945037257821014e+03 -3.342886355248336598e-03 -6.661070582970009778e-03
1.974960753021543724e+03 -3.346364046749741340e-03 -6.860415449865248268e-03
1.974992150717186632e+03 -3.349912574348284239e-03 -7.338082917379451162e-03
1.975007845347623970e+03 -3.350856510577438115e-03 -7.373370153181622519e-03
1.975023538819034684e+03 -3.351151101421537964e-03 -7.645385842532805010e-03
1.975054952879817847e+03 -3.350731392434612172e-03 -7.965666820030730538e-03
1.975070677743853821e+03 -3.350327062330299508e-03 -8.071599307089817599e-03
1.975086402101063186e+03 -3.349538178237271291e-03 -8.124207156783115613e-03
1.975102154366762989e+03 -3.346344522589818002e-03 -8.222157711544940059e-03
1.975133708984167924e+03 -3.339838973726959228e-03 -8.467823258388570279e-03
1.975149502784627657e+03 -3.337414531299081472e-03 -8.655165273067496820e-03
1.975165255749272092e+03 -3.331490149847196169e-03 -8.768486190090385088e-03
1.975181000208017849e+03 -3.327489532575148359e-03 -8.881835206715925010e-03
1.975212448516033874e+03 -3.319404752338587020e-03 -9.343946410080596759e-03
1.975228143866128903e+03 -3.316012661998695571e-03 -9.489828705755215185e-03
1.975243838702808716e+03 -3.311242538333275792e-03 -9.594128838692586245e-03
1.975275219833637721e+03 -3.300955631154117633e-03 -9.785642927202575780e-03
1.975290914490878095e+03 -3.295838166178686850e-03 -9.811268005286373495e-03
1.975306631857414459e+03 -3.290136813520591532e-03 -9.831948246198181710e-03
1.975322357304116167e+03 -3.284324836769113992e-03 -9.826862173949749146e-03
1.975353844551609427e+03 -3.270872874116034952e-03 -9.769559040439700776e-03
1.975369607049268325e+03 -3.265408740829858856e-03 -9.723053251833875532e-03
1.975385403249078308e+03 -3.258258010974953572e-03 -9.655529652633042595e-03
1.975401204342977735e+03 -3.253569729261988897e-03 -9.581120756098928520e-03
1.975432749168466671e+03 -3.243663910840567394e-03 -9.403339030539780916e-03
1.975448474735547961e+03 -3.240346846629273050e-03 -9.299649971202510884e-03
1.975464144409847904e+03 -3.237017578866902348e-03 -9.193539039778219485e-03
1.975495366432539868e+03 -3.234181994995941577e-03 -8.961193812199459707e-03
1.975510999776749259e+03 -3.232306247041586301e-03 -8.842372375950757757e-03
1.975526650086615746e+03 -3.229121516547866274e-03 -8.721166353849221439e-03
1.975542319508024548e+03 -3.226447401712739371e-03 -8.605014575430161225e-03
1.975573774488451136e+03 -3.222494846389673852e-03 -8.381591623168194866e-03
1.975589554468579081e+03 -3.222512270157746293e-03 -8.280655307258697265e-03
1.975605355301268901e+03 -3.224785820615155667e-03 -8.184462621807329571e-03
1.975621104879603990e+03 -3.227135411217806667e-03 -8.091698050391036429e-03
1.975652528601136964e+03 -3.233622826395358626e-03 -7.912486065543299779e-03
1.975668197478694310e+03 -3.237453201567905975e-03 -7.838722384963506609e-03
1.975683875513083876e+03 -3.243280885287275640e-03 -7.776027804450868358e-03
1.975715198706308684e+03 -3.256011978465423330e-03 -7.630489063735577428e-03
1.975730875447461585e+03 -3.264147429372507830e-03 -7.551482518581721821e-03
1.975746572398222042e+03 -3.272940322449315736e-03 -7.464885537893746134e-03
1.975762282187208257e+03 -3.280794902169729185e-03 -7.371390963996707346e-03
1.975793717305806240e+03 -3.296442237191730788e-03 -7.185324990361282443e-03
1.975809460005687470e+03 -3.305170128836771182e-03 -7.091532597258029709e-03
1.975825206186144669e+03 -3.309904438651161632e-03 -7.004333708248124818e-03
1.975840968423112827e+03 -3.316815196964737790e-03 -6.920496977416269388e-03
1.975872529517821249e+03 -3.329345067798316054e-03 -6.860678646154176434e-03
1.975888299381809702e+03 -3.333309607783623788e-03 -6.781131887492461603e-03
1.975904068792310682e+03 -3.337174443507525019e-03 -6.642885149268570009e-03
1.975935541930849922e+03 -3.344164461220996455e-03 -6.616816970134119930e-03
1.975951260838579401e+03 -3.346770936343920581e-03 -6.696247487115883877e-03
1.975966972210428821e+03 -3.347775146448326872e-03 -6.981153749507436508e-03
1.975982668182163252e+03 -3.349538281293357959e-03 -7.417533193176811812e-03
1.976014063312247799e+03 -3.354636834952578681e-03 -7.442746437872595905e-03
1.976029759529722924e+03 -3.355361576500654787e-03 -7.709031110406631623e-03
1.976045462910596143e+03 -3.354998686272881499e-03 -7.863525286150618507e-03
1.976061184120597318e+03 -3.356182089750565575e-03 -8.007251637472852235e-03
1.976092639997036258e+03 -3.350796483135800967e-03 -8.139053017392114051e-03
1.976108397971423983e+03 -3.348525196436099357e-03 -8.252298553392083819e-03
1.976124173171539496e+03 -3.345192497500252236e-03 -8.364963218834602782e-03
1.976155747693464491e+03 -3.336379702772788742e-03 -8.698249719621579251e-03
1.976171495864766257e+03 -3.334600931121905771e-03 -8.773905280097693549e-03
1.976187238152894224e+03 -3.329501556370587523e-03 -8.946645445593129700e-03
1.976202959318580042e+03 -3.324714977315403833e-03 -9.189680746977169773e-03
1.976234358026642894e+03 -3.315223909953512668e-03 -9.510574831848455507e-03
1.976250051751626415e+03 -3.311034629688242546e-03 -9.623504125318101121e-03
1.976265744700284131e+03 -3.307181645849975680e-03 -9.732138853448020141e-03
1.976281437185345112e+03 -3.303043651788762584e-03 -9.787408898850434233e-03
1.976312863943263437e+03 -3.292516294067999224e-03 -9.827306298209350505e-03
1.976328582093836303e+03 -3.285454519685614572e-03 -9.813371272105513021e-03
1.976344327871695441e+03 -3.279018984985874845e-03 -9.788539021995265599e-03
1.976360087978575166e+03 -3.273121710022609213e-03 -9.753471885031832211e-03
1.976391657962035879e+03 -3.259127209625358422e-03 -9.630096507731299160e-03
1.976407457917188140e+03 -3.253022629076615397e-03 -9.553029643648666691e-03
1.976423239718087871e+03 -3.250397953718923202e-03 -9.464550640848652316e-03
1.976454697947395744e+03 -3.241047437396110155e-03 -9.264613635846677062e-03
1.976470338869783973e+03 -3.238882865303633653e-03 -9.161269855237717114e-03
1.976485944315874804e+03 -3.236499323218149180e-03 -9.046276593063616242e-03
1.976501562588664228e+03 -3.235415104390813867e-03 -8.923922251436122721e-03
1.976532858128559610e+03 -3.230116235892193689e-03 -8.686076064868928845e-03
1.976548539074609835e+03 -3.228834372484373078e-03 -8.569128692804307487e-03
1.976564259404946824e+03 -3.228259979555099610e-03 -8.456945858880933822e-03
1.976580020110264968e+03 -3.225752628902015234e-03 -8.350270183839225008e-03
1.976611593034965153e+03 -3.226476741850504461e-03 -8.157380120319478872e-03
1.976627345477819745e+03 -3.230204946800731107e-03 -8.066779206236980235e-03
1.976643043182845076e+03 -3.232988308685419681e-03 -7.974045211410129771e-03
1.976674407471967697e+03 -3.241812788224141071e-03 -7.819179444216263486e-03
1.976690080022316351e+03 -3.248112528064983715e-03 -7.756579775108829976e-03
1.976705735123594422e+03 -3.253165699874728187e-03 -7.684784255574361213e-03
1.976721402243514603e+03 -3.261689027337647678e-03 -7.608757560924688489e-03
1.976752786887796447e+03 -3.275474639610118349e-03 -7.438907679270087038e-03
1.976768499301804923e+03 -3.282676086269052228e-03 -7.346827301950661741e-03
1.976784216435178905e+03 -3.291234971178085521e-03 -7.255637360918093699e-03
1.976815697716192744e+03 -3.307366257329921646e-03 -7.068046518601866883e-03
1.976831441739582715e+03 -3.314997037744825143e-03 -6.982907147327337832e-03
1.976847215402356369e+03 -3.322270009844177120e-03 -6.898222894659278813e-03
1.976862989238606133e+03 -3.327563173301345024e-03 -6.845102114424463438e-03
1.976894545407644500e+03 -3.338344941922762477e-03 -6.738880396651908411e-03
1.976910295435409125e+03 -3.342772054405346478e-03 -6.623351058183672702e-03
1.976926037871907283e+03 -3.343983680994930610e-03 -6.601415216406380897e-03
1.976941768633295169e+03 -3.348351591380787067e-03 -6.632157764295634229e-03
1.976973187985880486e+03 -3.352163618552005207e-03 -7.123448289634470160e-03
1.976988882095101644e+03 -3.353983436411263949e-03 -7.410202401760455047e-03
1.977004579235632036e+03 -3.354917783421775164e-03 -7.304210109138775490e-03
1.977020274461174949e+03 -3.355332073343057688e-03 -7.527316839995186297e-03
1.977051682942017123e+03 -3.357333706853294318e-03 -7.909875076338085398e-03
1.977067408217761340e+03 -3.355217764116967365e-03 -8.033626007655118167e-03
1.977083129513905533e+03 -3.355068002240056343e-03 -8.089081359299610599e-03
1.977114635629658324e+03 -3.349025052030504303e-03 -8.274624766985020155e-03
1.977130428506908629e+03 -3.347322040281017902e-03 -8.392523365636180011e-03
1.977146216248231667e+03 -3.343504944150303259e-03 -8.563400969248406019e-03
1.977161979975728627e+03 -3.339608328120019856e-03 -8.720300984265232092e-03
1.977193464925421495e+03 -3.331017243315266725e-03 -9.015980718836288932e-03
1.977209182836950959e+03 -3.327459585066799320e-03 -9.246702845061301190e-03
1.977224882199584727e+03 -3.322392916617839323e-03 -9.426891508265072134e-03
1.977240572017549539e+03 -3.317814540667846958e-03 -9.535261214348002626e-03
1.977271954410059834e+03 -3.307256844920995319e-03 -9.746440235641053856e-03
1.977287648388129583e+03 -3.302125914813532157e-03 -9.786418808704400174e-03
1.977303361109546358e+03 -3.297417632622711130e-03 -9.811509712003983058e-03
1.977334814488142683e+03 -3.286461388880913218e-03 -9.802142290354590864e-03
1.977350566482347858e+03 -3.280790411192271213e-03 -9.776475034917686546e-03
1.977366326653921305e+03 -3.272491867657443491e-03 -9.736736006478461172e-03
1.977382121431103542e+03 -3.266561919706724697e-03 -9.677655788563563691e-03
1.977413702627164184e+03 -3.255265403281878620e-03 -9.524835793535137499e-03
1.977429474878156498e+03 -3.249815357891570628e-03 -9.436323455748445860e-03
1.977445215700099425e+03 -3.247163942925993755e-03 -9.338345962796881783e-03
1.977460908768368654e+03 -3.244064593075418699e-03 -9.232320423979071058e-03
1.977492137314339971e+03 -3.239703853912342339e-03 -9.007654766354046549e-03
1.977507759953063442e+03 -3.237421670784688520e-03 -8.888196515601029871e-03
1.977523402200535656e+03 -3.234491876353845323e-03 -8.766428628243895863e-03
1.977554757195332286e+03 -3.228676095471128601e-03 -8.535536111720653379e-03
1.977570495584135188e+03 -3.226275509063470867e-03 -8.424452972939512618e-03
1.977586268853818638e+03 -3.228426996386643717e-03 -8.321228664306914991e-03
1.977602071231701757e+03 -3.228887964223741813e-03 -8.224696484960139845e-03
1.977633562302636165e+03 -3.232658535920877787e-03 -8.041915302987654238e-03
1.977649269015579193e+03 -3.236032559492750538e-03 -7.947609693066012143e-03
1.977664932845518479e+03 -3.238656459536013756e-03 -7.867391064632484748e-03
1.977680612828688254e+03 -3.244176699802668162e-03 -7.801538779354700789e-03
1.977711934434376190e+03 -3.257818645802032075e-03 -7.664611380199812599e-03
1.977727606179509166e+03 -3.266322905078381487e-03 -7.587483359435127396e-03
1.977743299118569666e+03 -3.273375721598005116e-03 -7.505474071132036719e-03
1.977774716041709326e+03 -3.288087314508308587e-03 -7.322234367294879788e-03
1.977790434872135393e+03 -3.296286682908598862e-03 -7.230216149522548236e-03
1.977806174276169713e+03 -3.303885156903544739e-03 -7.135526713209384454e-03
1.977821926206000171e+03 -3.311444900762343813e-03 -7.045465214173809651e-03
1.977853455233432669e+03 -3.324455348647601706e-03 -6.877594663629408266e-03
1.977869235942447403e+03 -3.331560589760749255e-03 -6.845467370008514324e-03
1.977885014229830404e+03 -3.336446006400898331e-03 -6.841015841209246127e-03
1.977900786977810867e+03 -3.342091104117199830e-03 -6.699483911228582174e-03
1.977932262775389745e+03 -3.347764026583923032e-03 -6.604885854578648741e-03
1.977947985611800732e+03 -3.350341357381006469e-03 -6.655359937311399951e-03
1.977963700545794154e+03 -3.352038826648880317e-03 -6.816239591650945229e-03
1.977995095544233664e+03 -3.358074812657189327e-03 -7.364590421517692997e-03
1.978010794341441624e+03 -3.358972475415191589e-03 -7.335702416353282948e-03
1.978026487140555901e+03 -3.359427140749339600e-03 -7.598379905162023183e-03
1.978042184753746596e+03 -3.359707979270999331e-03 -7.807899051001091460e-03
1.978073626892094126e+03 -3.357690226952784237e-03 -8.054008599597014054e-03
1.978089357369365871e+03 -3.357190051492982968e-03 -8.099639224166484477e-03
1.978105114902310333e+03 -3.352794710443993218e-03 -8.187674435689781816e-03
1.978120877056210929e+03 -3.351358289964640868e-03 -8.300081854748519311e-03
1.978152463171551290e+03 -3.344074865372614110e-03 -8.613901819587030384e-03
1.978168214639389362e+03 -3.339375349244719845e-03 -8.731638941392637354e-03
1.978183955488309266e+03 -3.335833633653610773e-03 -8.849150212708763868e-03
1.978215394835164943e+03 -3.326154041146842013e-03 -9.303372242202918169e-03
1.978231088436958089e+03 -3.322456894336431842e-03 -9.456974777835171209e-03
1.978246781778518425e+03 -3.319066783764974219e-03 -9.564514005772985911e-03
1.978262474892599812e+03 -3.314733464406934178e-03 -9.683103381171308255e-03
1.978293864482340723e+03 -3.304157754256986136e-03 -9.789041694416095868e-03
1.978309584585540506e+03 -3.299639726634309624e-03 -9.814023186211091529e-03
1.978325306203173568e+03 -3.291669245675162610e-03 -9.813002635565695048e-03
1.978341043455752242e+03 -3.286452356279436979e-03 -9.792895864380639359e-03
1.978372573630590068e+03 -3.272985421159967968e-03 -9.720465335832538176e-03
1.978388366873073892e+03 -3.265727495927166907e-03 -9.653968613104659674e-03
1.978404166022205800e+03 -3.259576824590576950e-03 -9.582094810158335585e-03
1.978435704203902560e+03 -3.252076057483086879e-03 -9.408151200997468683e-03
1.978451434991233782e+03 -3.247861987777134717e-03 -9.304304818973305191e-03
1.978467100498398622e+03 -3.244485556957830193e-03 -9.201684118348551350e-03
1.978482710161306841e+03 -3.242571577815350336e-03 -9.091892413221594818e-03
1.978513955667415985e+03 -3.239574598139638353e-03 -8.850664429773334382e-03
1.978529604387518020e+03 -3.236850165360848595e-03 -8.731312218489981070e-03
1.978545275647994004e+03 -3.233010575657671408e-03 -8.615266141497629482e-03
1.978560979702632267e+03 -3.232083254542414234e-03 -8.502650041255910632e-03
1.978592517542831274e+03 -3.227360240218540670e-03 -8.293794343549329776e-03
1.978608312683715894e+03 -3.230001996961580704e-03 -8.197980388873997784e-03
1.978624067437382791e+03 -3.231667889878335215e-03 -8.106583781530458943e-03
1.978655472444605493e+03 -3.237467334131118989e-03 -7.925364579630118922e-03
1.978671138197505115e+03 -3.243447486408858500e-03 -7.847224137467873756e-03
1.978686813366025490e+03 -3.247394196433958744e-03 -7.785252295690370077e-03
1.978702464344203236e+03 -3.253170332642938041e-03 -7.720301589228674259e-03
1.978733808609675634e+03 -3.267858076527480320e-03 -7.567096925836467106e-03
1.978749506524475237e+03 -3.274774738637734137e-03 -7.481165289529181570e-03
1.978765217063465116e+03 -3.283711733059327571e-03 -7.390232050466343829e-03
1.978780933049546093e+03 -3.293262459718613363e-03 -7.300048091162395295e-03
1.978812407055434960e+03 -3.309130138881103637e-03 -7.112807849479712771e-03
1.978828151801847298e+03 -3.314908999202546749e-03 -7.024731936937671749e-03
1.978843922722911884e+03 -3.321305180079318301e-03 -6.942101760644490971e-03
1.978875489056713150e+03 -3.335093283337919878e-03 -6.850031260808640658e-03
1.978891251472192153e+03 -3.339366539422621450e-03 -6.814717052101083514e-03
1.978907013232178087e+03 -3.342896125054813442e-03 -6.665532829551909857e-03
1.978922752276699157e+03 -3.348249452202549034e-03 -6.603913172437801335e-03
1.978954202764616412e+03 -3.351718952401660200e-03 -6.686326414489096939e-03
1.978969908943029850e+03 -3.354401894520327946e-03 -6.911192698657180750e-03
1.978985603922259770e+03 -3.355925928456901259e-03 -7.371121343396295350e-03
1.979001302526417476e+03 -3.357520630124295746e-03 -7.321385468244857517e-03
1.979032695069890451e+03 -3.361272678856084412e-03 -7.665270329542689214e-03
1.979048402140736471e+03 -3.362119309728093218e-03 -7.858577904482019066e-03
1.979064127988317068e+03 -3.360846452025907823e-03 -7.985412232905830798e-03
1.979095589268022422e+03 -3.357337412474231154e-03 -8.113401870887725770e-03
1.979111346794857127e+03 -3.354960392413501580e-03 -8.215975694416484745e-03
1.979127132119615680e+03 -3.352768418725187230e-03 -8.327179717918161209e-03
1.979142915603168149e+03 -3.348120080744477513e-03 -8.473377047283332450e-03
1.979174442156105897e+03 -3.340085150599310382e-03 -8.741076923063875737e-03
1.979190183351391397e+03 -3.336881577274807258e-03 -8.910861933398963111e-03
1.979205902752099064e+03 -3.331539943470417792e-03 -9.148616555900608571e-03
1.979221602744172060e+03 -3.327718857424045735e-03 -9.351052251203719606e-03
1.979252986794168919e+03 -3.317641800797381177e-03 -9.593839411728194780e-03
1.979268679045768522e+03 -3.312737497765041918e-03 -9.701970054834127555e-03
1.979284372631392898e+03 -3.308399662442897040e-03 -9.758911476012389549e-03
1.979300079721904240e+03 -3.304497030539730023e-03 -9.789758637258961713e-03
1.979331526011497999e+03 -3.292447024653501024e-03 -9.800785013835655937e-03
1.979347277222999082e+03 -3.286469219307164204e-03 -9.780934639512356074e-03
1.979363036608669518e+03 -3.278836694001753451e-03 -9.748634108686544952e-03
1.979394615790281023e+03 -3.266661565184925033e-03 -9.630389232153055076e-03
1.979410402629147484e+03 -3.261616746490987248e-03 -9.554901169533176752e-03
1.979426181431628947e+03 -3.255542768620170706e-03 -9.468841633127932436e-03
1.979441934179488726e+03 -3.252702664550622541e-03 -9.376456165640166540e-03
1.979473286735425972e+03 -3.245707362497543720e-03 -9.169749674652906066e-03
1.979488891749057075e+03 -3.243733500054732377e-03 -9.054305356850936293e-03
1.979504509570477921e+03 -3.241544133185926980e-03 -8.934163809227251354e-03
1.979520147186377926e+03 -3.238788808356646634e-03 -8.813098735588185961e-03
1.979551483858725533e+03 -3.233333555941703824e-03 -8.580828838166918229e-03
1.979567205665245183e+03 -3.232595039027321305e-03 -8.469113523938443314e-03
1.979582972957454103e+03 -3.230540387819517880e-03 -8.363585633512129677e-03
1.979614539026685634e+03 -3.230427757724913321e-03 -8.171582766781497822e-03
1.979630288309757589e+03 -3.235235363442402843e-03 -8.081950017032836150e-03
1.979645990192723275e+03 -3.236820139319333909e-03 -7.987430564744610675e-03
1.979661662741539658e+03 -3.240898224147367637e-03 -7.901844429035256856e-03
1.979693002624046585e+03 -3.250882777475190208e-03 -7.768033738151781595e-03
1.979708660620343380e+03 -3.258002979270404643e-03 -7.700278763504919514e-03
1.979724329226522968e+03 -3.264415351719677366e-03 -7.624160183381392154e-03
1.979740012212176680e+03 -3.271891920790569522e-03 -7.545612375448090305e-03
1.979771425812363987e+03 -3.286172292560530887e-03 -7.366016478839339243e-03
1.979787144637493611e+03 -3.293908059233636131e-03 -7.275664176597293475e-03
1.979802880239293017e+03 -3.302438985235947935e-03 -7.180638871563701890e-03
1.979834385624174274e+03 -3.319147328395203548e-03 -7.003654936549120157e-03
1.979850158138619008e+03 -3.327153974178943905e-03 -6.920062042553030805e-03
1.979865934973484855e+03 -3.331533828027595512e-03 -6.850000182486807102e-03
1.979881721287721120e+03 -3.337330353577006980e-03 -6.855034671420175835e-03
1.979913230571086615e+03 -3.346460308270896977e-03 -6.638726043453630626e-03
1.979928972743498207e+03 -3.348869524627793009e-03 -6.601952336439810380e-03
1.979944700119262507e+03 -3.352177069832578109e-03 -6.628764356249897301e-03
1.979960415520438801e+03 -3.355991092667014262e-03 -6.726446741869964406e-03
1.979991812970023147e+03 -3.359991913729566074e-03 -7.407575609013142444e-03
1.980007508245811778e+03 -3.361245585317862439e-03 -7.296223409067327872e-03
1.980023202088121025e+03 -3.361779988524396523e-03 -7.471680162288957955e-03
1.980054615946855620e+03 -3.361961787334397014e-03 -7.894420662001355726e-03
1.980070341069422057e+03 -3.361781077561086344e-03 -8.019986579535549540e-03
1.980086065430008375e+03 -3.361240776193724460e-03 -8.076225232902333948e-03
1.980101817088933558e+03 -3.358600240636657516e-03 -8.132316290070861972e-03
1.980133371141803991e+03 -3.352179278720236830e-03 -8.357016945538316144e-03
1.980149164983474520e+03 -3.349768184443160327e-03 -8.522425254584211490e-03
1.980164918465297205e+03 -3.344126077541071437e-03 -8.679379939945814845e-03
1.980180663245625283e+03 -3.340076529120911131e-03 -8.769489823574574960e-03
1.980212111918726350e+03 -3.332497871497368865e-03 -9.207263397597816035e-03
1.980227807373135647e+03 -3.329051280303251502e-03 -9.389873480127193181e-03
1.980243502153280360e+03 -3.324218190088716780e-03 -9.504720109935652084e-03
1.980274882817255957e+03 -3.314103919846466892e-03 -9.715770076228943605e-03
1.980290577351105640e+03 -3.309024544230950923e-03 -9.759764722023632488e-03
1.980306294239927865e+03 -3.303402092417484243e-03 -9.791537410882789061e-03
1.980322020418108195e+03 -3.297810977633980258e-03 -9.803441523364677529e-03
1.980353506776600398e+03 -3.284512032898522730e-03 -9.767425519401493755e-03
1.980369270004777945e+03 -3.279149388871772756e-03 -9.731488125910955217e-03
1.980385065426894016e+03 -3.272150955721696373e-03 -9.673287642525126018e-03
1.980400862906790508e+03 -3.267252345579145165e-03 -9.605090526872160639e-03
1.980432406567162616e+03 -3.256403641207247616e-03 -9.439292483843383930e-03
1.980448154518435558e+03 -3.252915481460040559e-03 -9.341441687938318097e-03
1.980463845638661724e+03 -3.249225493335964644e-03 -9.238722663898316090e-03
1.980495074008563734e+03 -3.245203788448566308e-03 -9.014213471667050989e-03
1.980510700494082130e+03 -3.243385649473039256e-03 -8.895971410744156482e-03
1.980526340079374904e+03 -3.240331134626380730e-03 -8.774345422051505958e-03
1.980541998916807870e+03 -3.237470268236387633e-03 -8.660186324702190755e-03
1.980573433776763977e+03 -3.231610477728433847e-03 -8.435956273791135260e-03
1.980589210504947914e+03 -3.230859170857325671e-03 -8.333854969441919017e-03
1.980605014273387496e+03 -3.232131390136861251e-03 -8.237501179294400011e-03
1.980620765699575941e+03 -3.233727094035215854e-03 -8.144318252749145615e-03
1.980652195434181294e+03 -3.238881946284056634e-03 -7.961793903546381806e-03
1.980667857133927782e+03 -3.241874335220712357e-03 -7.877071076011587028e-03
1.980683530879249929e+03 -3.247222727437934237e-03 -7.809307452126475722e-03
1.980714847455245945e+03 -3.259138840468860272e-03 -7.679165529644283242e-03
1.980730520368828820e+03 -3.267483496588399153e-03 -7.601285123472596023e-03
1.980746212630114769e+03 -3.276028630674048415e-03 -7.519800028586363407e-03
1.980761920526903168e+03 -3.283904585935889901e-03 -7.430728758640532498e-03
1.980793356092129216e+03 -3.299851493279443680e-03 -7.249421860464363640e-03
1.980809100132036519e+03 -3.308851309312345508e-03 -7.155797235622958843e-03
1.980824849840310435e+03 -3.314475349635494054e-03 -7.065589595533439127e-03
1.980840613218819499e+03 -3.322000946435284176e-03 -6.982323469728947928e-03
1.980872176756723093e+03 -3.335645465695856373e-03 -6.842535070600468464e-03
1.980887946236374773e+03 -3.340243654552612317e-03 -6.851562891632366308e-03
1.980903714849079734e+03 -3.344789884214800692e-03 -6.735467762026789949e-03
1.980935186034180788e+03 -3.352418282881654971e-03 -6.603191816891992860e-03
1.980950904994289658e+03 -3.355524966521625241e-03 -6.647810758658792563e-03
1.980966616488952013e+03 -3.356642601831820016e-03 -6.778931681776800139e-03
1.980982312442609782e+03 -3.358861825989918701e-03 -7.167195197826157702e-03
1.981013708299499740e+03 -3.364625413230712229e-03 -7.314766334966040472e-03
1.981029405077039655e+03 -3.365473496813254500e-03 -7.557980215585164037e-03
1.981045107269562095e+03 -3.365413806348235837e-03 -7.772814061905117602e-03
1.981060828754833665e+03 -3.366841978110020686e-03 -7.937865872292806241e-03
1.981092284414185315e+03 -3.362019004789352453e-03 -8.073670190869131069e-03
1.981108042294068127e+03 -3.359733582727161393e-03 -8.157043115268982833e-03
1.981123815710831877e+03 -3.356671163440823249e-03 -8.270107226312028645e-03
1.981155392158015957e+03 -3.348162781646286338e-03 -8.570146373949445034e-03
1.981171140728932869e+03 -3.346502816781605355e-03 -8.690962398487567589e-03
1.981186882375058303e+03 -3.341559978496904185e-03 -8.814860656568754976e-03
1.981202604100566759e+03 -3.336900465321353780e-03 -9.044804586427767495e-03
1.981234003130937708e+03 -3.327537899400343467e-03 -9.417368825201371391e-03
1.981249696865901342e+03 -3.323592729788824203e-03 -9.529258050792686549e-03
1.981265389845273830e+03 -3.319912919448375459e-03 -9.646987974556296003e-03
1.981281082297243529e+03 -3.315707572255229517e-03 -9.720052949263308442e-03
1.981312508008393479e+03 -3.305518191699930580e-03 -9.788558293788551801e-03
1.981328226770356423e+03 -3.298162806884065087e-03 -9.791019149037486977e-03
1.981343971784433734e+03 -3.291857150769687129e-03 -9.776316373599980986e-03
1.981375515441387279e+03 -3.279486075031744132e-03 -9.710698210454768442e-03
1.981391300448795619e+03 -3.271982343122640212e-03 -9.646574676023650027e-03
1.981407091082095576e+03 -3.265684150535646917e-03 -9.576478034659869840e-03
1.981422867956069467e+03 -3.262465576798804882e-03 -9.494375995131355134e-03
1.981454364817794158e+03 -3.252977611110434170e-03 -9.304854630448064837e-03
1.981470025129178111e+03 -3.250382418288215707e-03 -9.205479566238896835e-03
1.981485636134502329e+03 -3.247367321402557048e-03 -9.095081252809229799e-03
1.981501249091476893e+03 -3.245710065458955271e-03 -8.975067651775825786e-03
1.981532525644025782e+03 -3.241184217231310016e-03 -8.738132993927642464e-03
1.981548195685614473e+03 -3.238692585712426089e-03 -8.622383288194325132e-03
1.981563903573949801e+03 -3.237180985176532026e-03 -8.510099340445323110e-03
1.981595447185209878e+03 -3.232642356589689181e-03 -8.303433435348407318e-03
1.981611232518805309e+03 -3.232918278983128255e-03 -8.208704391602161116e-03
1.981626989419954953e+03 -3.235950491177618567e-03 -8.117709228982384131e-03
1.981642689636215209e+03 -3.238080267262932223e-03 -8.024408370924541317e-03
1.981674044927436853e+03 -3.245885841399499556e-03 -7.852838200189317386e-03
1.981689714070306536e+03 -3.251190596842085025e-03 -7.790241330255935279e-03
1.981705364107480136e+03 -3.255997116943231198e-03 -7.729112874694522330e-03
1.981721027767046280e+03 -3.264303639993396903e-03 -7.655927243357538853e-03
1.981752404576739536e+03 -3.278275712293405881e-03 -7.493454574377698268e-03
1.981768114887806405e+03 -3.285560242409026749e-03 -7.405364667755987007e-03
1.981783833056521644e+03 -3.294481732865252137e-03 -7.317555225879917961e-03
1.981815317668239686e+03 -3.311609420638348018e-03 -7.130446621184186040e-03
1.981831063205007240e+03 -3.319575891432114713e-03 -7.041804497604815458e-03
1.981846838704247830e+03 -3.327222319360151510e-03 -6.959743849173537916e-03
1.981862614789656618e+03 -3.333433574413059448e-03 -6.874694966417980134e-03
1.981894169474340970e+03 -3.345312131564714877e-03 -6.833710502893393379e-03
1.981909919275231459e+03 -3.350207086449830379e-03 -6.694714817966583402e-03
1.981925660617831454e+03 -3.352027204287399975e-03 -6.603174042477241192e-03
1.981941391216593502e+03 -3.356726921235946449e-03 -6.607648604874036963e-03
1.981972809767039735e+03 -3.361089937350493061e-03 -6.849914305581837962e-03
1.981988504205166919e+03 -3.363164752687245948e-03 -7.287341763996897995e-03
1.982004201984534575e+03 -3.364455993089076821e-03 -7.339679870431464748e-03
1.982035594233970414e+03 -3.366525045204173290e-03 -7.618791643737470205e-03
1.982051305744754700e+03 -3.368023576486351214e-03 -7.822966952149366937e-03
1.982067031056936685e+03 -3.365959540048371872e-03 -7.981339938901554215e-03
1.982082751791255760e+03 -3.366113909865425628e-03 -8.052581031217054611e-03
1.982114258031921509e+03 -3.360470772704039159e-03 -8.186455921180991330e-03
1.982130050435812791e+03 -3.359004712140580516e-03 -8.294663004845260340e-03
1.982145837118692953e+03 -3.355195422317461870e-03 -8.433640042183240468e-03
1.982161602655412025e+03 -3.351572805788331604e-03 -8.609699311705878294e-03
1.982193088129026137e+03 -3.343137055324146671e-03 -8.872269338726757049e-03
1.982208806818645826e+03 -3.339519767231201742e-03 -9.106488265203535604e-03
1.982224505350212894e+03 -3.334537180337172977e-03 -9.307441001748453444e-03
1.982240194981302920e+03 -3.330106867519516071e-03 -9.441480579916297633e-03
1.982271577753272140e+03 -3.319626782634977659e-03 -9.664430681993008837e-03
1.982287271648216120e+03 -3.314597728033045598e-03 -9.722876142565346769e-03
1.982302983750046451e+03 -3.310103442529565513e-03 -9.760737413593872924e-03
1.982334437082514114e+03 -3.299051563464108598e-03 -9.781064765977322273e-03
1.982350189098628789e+03 -3.293672071324578714e-03 -9.765525691798131527e-03
1.982365949435761877e+03 -3.285186213825772895e-03 -9.736664504359894903e-03
1.982381744418880999e+03 -3.279407719132087454e-03 -9.688520732631005286e-03
1.982413308159214694e+03 -3.267284915421452690e-03 -9.549869390747887932e-03
1.982429084061341428e+03 -3.261450423285844682e-03 -9.466392528506180348e-03
1.982444845038517315e+03 -3.258058098256410261e-03 -9.375234712902032197e-03
1.982460560855759013e+03 -3.255226184149273908e-03 -9.272472965356737609e-03
1.982491807234854150e+03 -3.249279452223271733e-03 -9.056691274509131098e-03
1.982507422490986528e+03 -3.247724898387918755e-03 -8.938605096852351301e-03
1.982523053950348640e+03 -3.244720539487213565e-03 -8.816719989962713139e-03
1.982554386812483472e+03 -3.238423715396068596e-03 -8.587789812990267307e-03
1.982570111789732209e+03 -3.235269595136151116e-03 -8.476517704350098464e-03
1.982585881068506524e+03 -3.236428637244932131e-03 -8.372111222529884933e-03
1.982601681790305065e+03 -3.236106992007819518e-03 -8.274966473720861068e-03
1.982633184328373545e+03 -3.238505721818463103e-03 -8.091649906211532267e-03
1.982648891182142734e+03 -3.240765308238503350e-03 -7.996376234850459744e-03
1.982664550707741000e+03 -3.242902706078114143e-03 -7.909484935294358934e-03
1.982680224782076948e+03 -3.247789378733191568e-03 -7.831646602226339376e-03
1.982711538404669000e+03 -3.261012005588842522e-03 -7.709083134514611510e-03
1.982727206010146801e+03 -3.268953912855987205e-03 -7.634228056748148562e-03
1.982742894784111968e+03 -3.275914416509509604e-03 -7.556074851713200265e-03
1.982774306627039095e+03 -3.290726351209157571e-03 -7.380763317167995247e-03
1.982790026348013498e+03 -3.299169670593281225e-03 -7.291676799368628122e-03
1.982805766849167412e+03 -3.307385380857125277e-03 -7.198323646929186831e-03
1.982821522174901475e+03 -3.315611349644015556e-03 -7.106682954020050909e-03
1.982853053680206131e+03 -3.330239246424950787e-03 -6.937920459534884302e-03
1.982868836518689932e+03 -3.337643157771320694e-03 -6.856025712202921604e-03
1.982884614343974135e+03 -3.343194735653622074e-03 -6.838250522117309167e-03
1.982900386259099605e+03 -3.349492986629455573e-03 -6.807501739072005509e-03
1.982931860076241264e+03 -3.356038591702041520e-03 -6.595135554260525730e-03
1.982947583119852879e+03 -3.358853164841629248e-03 -6.618273301849251361e-03
1.982963297609319170e+03 -3.361203416503327161e-03 -6.702835027297368228e-03
1.982994693326036895e+03 -3.367734321718511906e-03 -7.360509148790174948e-03
1.983010392030624644e+03 -3.368776304052312383e-03 -7.303236173440800193e-03
1.983026084410758585e+03 -3.369667160590437884e-03 -7.427540312451106491e-03
1.983041782229513274e+03 -3.370145695209724162e-03 -7.680301748619547918e-03
1.983073224964211704e+03 -3.368807756148802564e-03 -8.010400622698447479e-03
1.983088954737399263e+03 -3.368550048703842711e-03 -8.052576564660463010e-03
1.983104711844878011e+03 -3.364216870035891590e-03 -8.100666614106671187e-03
1.983120473398293143e+03 -3.362965517323535016e-03 -8.214975578803752551e-03
1.983152059994826232e+03 -3.356248483331139044e-03 -8.481474667226368905e-03
1.983167811646036171e+03 -3.351235718426635608e-03 -8.636139673045184831e-03
1.983183553075037025e+03 -3.347880635784529317e-03 -8.735951663411111248e-03
1.983214993729435264e+03 -3.338483656104865912e-03 -9.165178489781405924e-03
1.983230687265244796e+03 -3.335077515351653806e-03 -9.347956659638650273e-03
1.983246380379225457e+03 -3.331621823236254661e-03 -9.467595823321685658e-03
1.983262073968106733e+03 -3.327203042018310204e-03 -9.589019768081406478e-03
1.983293461985925433e+03 -3.316792778621563756e-03 -9.727743721931232310e-03
1.983309181953113011e+03 -3.312067126902786159e-03 -9.763612368563826666e-03
1.983324904332701408e+03 -3.304371881718030576e-03 -9.780100363356289406e-03
1.983340640721990439e+03 -3.299291097965366057e-03 -9.770696231397927450e-03
1.983372170433093061e+03 -3.285919844654764527e-03 -9.719807502367346086e-03
1.983387963684084980e+03 -3.278550765836979637e-03 -9.662739260259858853e-03
1.983403756652701304e+03 -3.272210971030468929e-03 -9.597813037041174125e-03
1.983435293930443095e+03 -3.262841544180885081e-03 -9.436722249995392262e-03
1.983451046281124263e+03 -3.258604928629287197e-03 -9.339235010863502356e-03
1.983466734829504048e+03 -3.254477428082817869e-03 -9.239352098548873210e-03
1.983482358001778266e+03 -3.252343142180207265e-03 -9.135331229634224837e-03
1.983513590000511613e+03 -3.248937554948753536e-03 -8.898394402346677251e-03
1.983529227871971443e+03 -3.246715171415975008e-03 -8.779309072349875120e-03
1.983544886730426242e+03 -3.242848208632345772e-03 -8.664995644117245641e-03
1.983560576707446216e+03 -3.241033756467622852e-03 -8.552595880925651511e-03
1.983592100134338807e+03 -3.234824991373798017e-03 -8.342210455532989011e-03
1.983607899528336475e+03 -3.236792916172495128e-03 -8.246208056770187173e-03
1.983623655904652423e+03 -3.237736691459169175e-03 -8.154536017187798483e-03
1.983655067345782982e+03 -3.242150442341178943e-03 -7.971281144412941874e-03
1.983670727116702210e+03 -3.247412514728094651e-03 -7.883745241707321855e-03
1.983686395680683972e+03 -3.250841375364970851e-03 -7.811874116323244341e-03
1.983702041942599180e+03 -3.256355701534053779e-03 -7.755525449914394895e-03
1.983733378282022613e+03 -3.270545516824839138e-03 -7.611568290338951645e-03
1.983749071653498504e+03 -3.277626506254171460e-03 -7.529865803526751382e-03
1.983764779138747144e+03 -3.286854534933321241e-03 -7.443762568886123573e-03
1.983780495208185130e+03 -3.296497466809714377e-03 -7.357475099553645315e-03
1.983811971097318747e+03 -3.313331374726274838e-03 -7.173393249058787613e-03
1.983827718811986188e+03 -3.319654401798007633e-03 -7.082168314550975341e-03
1.983843490412964684e+03 -3.326521939560083199e-03 -6.998233598131847408e-03
1.983875059767322000e+03 -3.341458613869582612e-03 -6.839985847228342852e-03
1.983890821612434138e+03 -3.346462861712920771e-03 -6.837645365048732396e-03
1.983906583044360332e+03 -3.350471680399927637e-03 -6.772843957624380580e-03
1.983922320206565928e+03 -3.356792312864807781e-03 -6.628553964706481068e-03
1.983953770022275648e+03 -3.360941923941479417e-03 -6.633800712811842130e-03
1.983969476524239099e+03 -3.363839282094325308e-03 -6.742899583879969662e-03
1.983985171611631358e+03 -3.365667248950419879e-03 -7.053002998748798130e-03
1.984000870797478228e+03 -3.367729766737603825e-03 -7.383270825293245139e-03
1.984032263597258861e+03 -3.372308785340513617e-03 -7.484286020450718092e-03
1.984047970806597732e+03 -3.373225487869438519e-03 -7.751182867853947250e-03
1.984063695922211991e+03 -3.372634677677885384e-03 -7.918289119517175900e-03
1.984095157058494124e+03 -3.369120166223536425e-03 -8.051707091756319518e-03
1.984110914817895491e+03 -3.367146399244536851e-03 -8.129377190857616300e-03
1.984126699211186860e+03 -3.364881357672997245e-03 -8.238796788831883114e-03
1.984142482310092873e+03 -3.360279208070829967e-03 -8.353704843457921553e-03
1.984174010531501835e+03 -3.352827658370962846e-03 -8.652077825120063626e-03
1.984189752578414982e+03 -3.349385516556781586e-03 -8.781576457420715159e-03
1.984205471506717686e+03 -3.344140336434419172e-03 -9.005579181779797479e-03
1.984221172358294098e+03 -3.340428088853999566e-03 -9.218235828366901086e-03
1.984252556261072186e+03 -3.330497751837326308e-03 -9.497928930315884324e-03
1.984268248734184908e+03 -3.325773786419860406e-03 -9.612715340428047706e-03
1.984283942073842582e+03 -3.321609055849411574e-03 -9.686606888570719123e-03
1.984315375441362903e+03 -3.310499985414866193e-03 -9.767215339196572838e-03
1.984331094222287447e+03 -3.305589085794916580e-03 -9.772834984183657522e-03
1.984346845215048916e+03 -3.299361033247850440e-03 -9.762620255891718904e-03
1.984362605156590234e+03 -3.292071471040782481e-03 -9.741174830995274342e-03
1.984394181053550483e+03 -3.279430590766496331e-03 -9.641062566451160873e-03
1.984409958812463174e+03 -3.273834690529798044e-03 -9.573030155497173899e-03
1.984425731899478023e+03 -3.266747439562360002e-03 -9.492355153265944270e-03
1.984441500662120916e+03 -3.263431072733731595e-03 -9.406863787742284280e-03
1.984472897161522724e+03 -3.255867290400247215e-03 -9.208025888389198901e-03
1.984488509211402516e+03 -3.252790052787646845e-03 -9.097969059783356238e-03
1.984504121353633536e+03 -3.250170419526881693e-03 -8.980035095203828255e-03
1.984535391507269196e+03 -3.245084562476518997e-03 -8.744512692473303817e-03
1.984551060768950492e+03 -3.242793119563943272e-03 -8.629363011592349614e-03
1.984566768362638868e+03 -3.241366366836167211e-03 -8.517996257667094159e-03
1.984582528444073660e+03 -3.238307564977305555e-03 -8.411468775554461000e-03
1.984614097805820620e+03 -3.236478296517993417e-03 -8.219191058013549517e-03
1.984629851537292097e+03 -3.240705894702417596e-03 -8.128745667134432487e-03
1.984645554033678081e+03 -3.241539118757818996e-03 -8.033902202279705890e-03
1.984661227897979870e+03 -3.245371059284161280e-03 -7.945491268382351771e-03
1.984692555693475242e+03 -3.254079684181505287e-03 -7.794391360710797509e-03
1.984708209357397436e+03 -3.260470545722981249e-03 -7.737286483532180778e-03
1.984723871630628764e+03 -3.266810768127882247e-03 -7.666660355988063301e-03
1.984755248077529586e+03 -3.281732741412652504e-03 -7.504747234666540520e-03
1.984770958916840982e+03 -3.288925191745173393e-03 -7.418669506790832521e-03
1.984786677837624893e+03 -3.296583622872171441e-03 -7.331689266134515208e-03
1.984802413588791978e+03 -3.306156892042154318e-03 -7.238535637262977565e-03
1.984833922834860914e+03 -3.323923389985372449e-03 -7.058069862579775117e-03
1.984849697720453378e+03 -3.332806173220436482e-03 -6.975422730516541575e-03
1.984865476567997575e+03 -3.337564139419986736e-03 -6.889797673657182576e-03
1.984881262526775572e+03 -3.344124590810681162e-03 -6.830349539952905620e-03
1.984912769360738139e+03 -3.354936175410002698e-03 -6.730836516653562404e-03
1.984928510846711788e+03 -3.357443859082425309e-03 -6.605342250659168926e-03
1.984944238199997471e+03 -3.361438905065049828e-03 -6.597763271170198687e-03
1.984975655199411221e+03 -3.368034281704042690e-03 -6.796752074803139032e-03
1.984991350061576213e+03 -3.370124603943164092e-03 -7.173943446138923014e-03
1.985007046192903772e+03 -3.371717091407436945e-03 -7.353582955056265844e-03
1.985022740432946875e+03 -3.372509377019552827e-03 -7.318874054494600191e-03
1.985054154061546114e+03 -3.373464296335675679e-03 -7.799548548281212863e-03
1.985069879602049696e+03 -3.373422679076871610e-03 -7.960689797485629576e-03
1.985085604221909307e+03 -3.373169011533813481e-03 -8.040096424171460157e-03
1.985101355265035636e+03 -3.371214181316429734e-03 -8.058473704512925453e-03
1.985132908706313856e+03 -3.364757847430112098e-03 -8.261557717116863389e-03
1.985148702084666638e+03 -3.362252474025989937e-03 -8.395557305633179895e-03
1.985164456467196942e+03 -3.357002182087152637e-03 -8.562474562016492846e-03
1.985180201911117592e+03 -3.352768128015919374e-03 -8.674654895994544576e-03
1.985211651968463684e+03 -3.345756351191820927e-03 -9.069976866284214928e-03
1.985227347986286304e+03 -3.342135353225506988e-03 -9.268690944447278632e-03
1.985243042190339338e+03 -3.337195990649411293e-03 -9.409472135815260402e-03
1.985274422221566283e+03 -3.327208021988970442e-03 -9.634562109770566929e-03
1.985290116478967093e+03 -3.322121144182564687e-03 -9.697517898626554361e-03
1.985305832677610624e+03 -3.316583588849808008e-03 -9.740998478112874656e-03
1.985321559636402526e+03 -3.311189003842892557e-03 -9.770482862773136393e-03
1.985353044548743810e+03 -3.298090134924730726e-03 -9.757007571180809080e-03
1.985368808038246016e+03 -3.292380074724440744e-03 -9.730709317657361065e-03
1.985384603521736608e+03 -3.285323109562686764e-03 -9.682795714219791933e-03
1.985400398256854487e+03 -3.280304869770872458e-03 -9.620911405143740824e-03
1.985431930953439178e+03 -3.267493306907592009e-03 -9.467068301041329376e-03
1.985447697399880553e+03 -3.263323716140918533e-03 -9.375600227653586513e-03
1.985463411755262314e+03 -3.259071679509657846e-03 -9.275521547054859858e-03
1.985494659891787933e+03 -3.253696233751166358e-03 -9.059702992994139378e-03
1.985510278023532237e+03 -3.252316648882999303e-03 -8.942771764638576815e-03
1.985525905757695909e+03 -3.249446575046011695e-03 -8.821103542601425873e-03
1.985541554918167094e+03 -3.246486879494794083e-03 -8.708472844561731402e-03
1.985572963763989037e+03 -3.239702531448326005e-03 -8.484627038955548650e-03
1.985588736201548045e+03 -3.238810076392604868e-03 -8.381152969499070654e-03
1.985604540480791911e+03 -3.238845949601680888e-03 -8.284938630437877621e-03
1.985620294684933924e+03 -3.239747794539009525e-03 -8.191225015254334149e-03
1.985651733905920310e+03 -3.243498014726936725e-03 -8.007385867263053583e-03
1.985667392130886128e+03 -3.245499269323869410e-03 -7.918576225543391342e-03
1.985683059962542529e+03 -3.250401772152097021e-03 -7.837162113521898427e-03
1.985714366386602705e+03 -3.261637185459783771e-03 -7.717680409674030143e-03
1.985730034258487649e+03 -3.269959961765707239e-03 -7.642721417609177163e-03
1.985745721989912454e+03 -3.278436211767142040e-03 -7.563821491262288747e-03
1.985761427366516955e+03 -3.286052468689627283e-03 -7.479063777661739028e-03
1.985792860794539820e+03 -3.302432191652033763e-03 -7.303870067176452402e-03
1.985808604995099358e+03 -3.311713534857320743e-03 -7.212673712579120884e-03
1.985824358945371387e+03 -3.318514147179782089e-03 -7.121139538847160756e-03
1.985840123155871652e+03 -3.326879425818612609e-03 -7.034662765193228778e-03
1.985871689358755702e+03 -3.341492374267810914e-03 -6.867150840523126611e-03
1.985887458093242913e+03 -3.346826071879372474e-03 -6.826971284908129461e-03
1.985903225823280991e+03 -3.352316128144357255e-03 -6.822833036861897585e-03
1.985934694833358662e+03 -3.360806554441480611e-03 -6.592737328837941675e-03
1.985950413814292006e+03 -3.364497804419242302e-03 -6.608322688005535163e-03
1.985966125515245722e+03 -3.365754140560702715e-03 -6.680117830506111971e-03
1.985981821324764951e+03 -3.368591871490564816e-03 -6.869402362838568366e-03
1.986013217907476701e+03 -3.374997754332076209e-03 -7.324655738239702236e-03
1.986028915203510451e+03 -3.375950704392970559e-03 -7.375548018231156168e-03
1.986044616091012585e+03 -3.376307849713083582e-03 -7.630330087293197248e-03
1.986060338171933154e+03 -3.377889830053136706e-03 -7.849583471702977280e-03
1.986091793807147951e+03 -3.373855775435108742e-03 -8.034382971878736845e-03
1.986107551933521563e+03 -3.371433176524191166e-03 -8.078665232241563285e-03
1.986123323132990436e+03 -3.368735100209425699e-03 -8.189427414876602682e-03
1.986154901612488175e+03 -3.360573341820426944e-03 -8.442030569132948775e-03
1.986170651169155008e+03 -3.358827670260980391e-03 -8.593878922380790777e-03
1.986186392097539965e+03 -3.354146045274072375e-03 -8.708643872643861972e-03
1.986202115138576801e+03 -3.349618394870754971e-03 -8.907677971590350838e-03
1.986233515174603326e+03 -3.340368643092347847e-03 -9.311253163958572651e-03
1.986249208688130011e+03 -3.336705698830971529e-03 -9.440602530754177782e-03
1.986264901457505403e+03 -3.333146639921337646e-03 -9.561208827534724633e-03
1.986280593846863667e+03 -3.328772670743096289e-03 -9.649105282461446428e-03
1.986312017909956239e+03 -3.318892935781213738e-03 -9.746976472312445308e-03
1.986327737322610801e+03 -3.311141812431493692e-03 -9.766176854086251052e-03
1.986343480989574800e+03 -3.305000276622026712e-03 -9.761862312249189669e-03
1.986375023665297704e+03 -3.292252339649170186e-03 -9.715969538071510606e-03
1.986390808899744343e+03 -3.284705334617175725e-03 -9.660562468070265849e-03
1.986406595724263525e+03 -3.277968870823700503e-03 -9.596917186464257177e-03
1.986422359485800371e+03 -3.274309600124869057e-03 -9.520726052666690642e-03
1.986453884055826848e+03 -3.263451276624479078e-03 -9.341343395204742411e-03
1.986469569459211925e+03 -3.259980792054960243e-03 -9.244245932800243190e-03
1.986485193370070874e+03 -3.256432886336453093e-03 -9.138785717676976839e-03
1.986500802735062280e+03 -3.254213005609726383e-03 -9.021718202356625999e-03
1.986532059926758166e+03 -3.250948298486392319e-03 -8.785776669723317084e-03
1.986547718386075076e+03 -3.247967251553549300e-03 -8.670883952054174101e-03
1.986563411249940600e+03 -3.245679298923591621e-03 -8.559206586464336922e-03
1.986594941276923919e+03 -3.239474144822910608e-03 -8.350431597384071203e-03
1.986610733205644920e+03 -3.239048932741537667e-03 -8.255710290310514649e-03
1.986626493084861977e+03 -3.241236298334819726e-03 -8.164267664553253798e-03
1.986642196771384761e+03 -3.242600879034228216e-03 -8.070625229863372802e-03
1.986673550716909403e+03 -3.249397472065741321e-03 -7.890819269823890966e-03
1.986689214195567956e+03 -3.253542211610486404e-03 -7.815612911158889217e-03
1.986704857179558303e+03 -3.258180448427001104e-03 -7.758469004926838060e-03
1.986720516177993204e+03 -3.266179713392425559e-03 -7.694510946926945601e-03
1.986751884887322831e+03 -3.280110008401128461e-03 -7.536459325788456669e-03
1.986767593949253296e+03 -3.287489402891135160e-03 -7.452684286553034124e-03
1.986783311053810621e+03 -3.297031336663813327e-03 -7.367812889750777888e-03
1.986814795983924114e+03 -3.315084154901374973e-03 -7.185245913266072836e-03
1.986830543636076527e+03 -3.323193857211077188e-03 -7.094573119860678526e-03
1.986846321325774625e+03 -3.331165297816837678e-03 -7.010350359086555891e-03
1.986862098876830714e+03 -3.338344998963818817e-03 -6.927282037118278821e-03
1.986893651105590379e+03 -3.351280567632159042e-03 -6.823112927315118890e-03
1.986909400668017952e+03 -3.356617682019333478e-03 -6.796336993787865412e-03
1.986925140481188919e+03 -3.359479888703094039e-03 -6.646950229636906272e-03
1.986940871038720616e+03 -3.364463917627145539e-03 -6.586323713490218126e-03
1.986972288769005900e+03 -3.369456610538854556e-03 -6.710831317531540559e-03
1.986987983329991494e+03 -3.371763753248478625e-03 -6.958358279064671970e-03
1.987003681736602630e+03 -3.373474892266003274e-03 -7.335352153198690557e-03
1.987035074981182333e+03 -3.376508365875883263e-03 -7.432903080361558806e-03
1.987050786072447636e+03 -3.378476029201585643e-03 -7.696814078168930269e-03
1.987066511761290940e+03 -3.376506434993312676e-03 -7.905509272155993722e-03
1.987082231639881229e+03 -3.376930973005780757e-03 -8.014989035847398108e-03
1.987113738287409888e+03 -3.371819177102793226e-03 -8.102828729145668610e-03
1.987129529748324103e+03 -3.370524791891484420e-03 -8.208475323477222238e-03
1.987145315199395782e+03 -3.366706388318935726e-03 -8.320647165707547102e-03
1.987161083107651848e+03 -3.363386704803720487e-03 -8.481542878404772431e-03
1.987192569833245898e+03 -3.355158271798064536e-03 -8.755600650400844828e-03
1.987208289987871694e+03 -3.351324204452090384e-03 -8.972416506327745775e-03
1.987223987712312919e+03 -3.346602085461312243e-03 -9.180716592329366335e-03
1.987255368984314600e+03 -3.337060195986735721e-03 -9.472730168990670802e-03
1.987271060023476366e+03 -3.331840215120127850e-03 -9.582726712468259481e-03
1.987286753740715994e+03 -3.326948909349063642e-03 -9.658992284661008232e-03
1.987302464861312274e+03 -3.322706988797728082e-03 -9.709701706411118238e-03
1.987333917426897187e+03 -3.311422269379311022e-03 -9.760282620760868388e-03
1.987349669263518535e+03 -3.306293206789219941e-03 -9.754257980217236057e-03
1.987365429520168846e+03 -3.297521426502914021e-03 -9.735159248680102725e-03
1.987381224336983223e+03 -3.291891392285399825e-03 -9.697447057476413917e-03
1.987412779175444712e+03 -3.279059571819470213e-03 -9.572071040285476048e-03
1.987428546183628441e+03 -3.272009291586035901e-03 -9.492956197652214351e-03
1.987444319477943282e+03 -3.268014217867938609e-03 -9.408497373646778489e-03
1.987460056785308097e+03 -3.265428563447009443e-03 -9.308622334787595987e-03
1.987491332987399801e+03 -3.257532388978091106e-03 -9.100804571129444617e-03
1.987506942027076093e+03 -3.255771576701808456e-03 -8.984634844878431129e-03
1.987522564049643506e+03 -3.253216920062253995e-03 -8.863541467444790295e-03
1.987553873562337685e+03 -3.246677471571566848e-03 -8.635519594843366759e-03
1.987569584849802141e+03 -3.243194836008583999e-03 -8.525158239709566127e-03
1.987585349133121554e+03 -3.243213986244143209e-03 -8.419492212901400277e-03
1.987601144305081334e+03 -3.242164714075866649e-03 -8.321458622224942037e-03
1.987632660384117798e+03 -3.243598865153474349e-03 -8.137419876355937373e-03
1.987648369854850216e+03 -3.244559664570976967e-03 -8.041488804467636017e-03
1.987664031294385040e+03 -3.246314839071371989e-03 -7.953068254784175298e-03
1.987695349177988419e+03 -3.256219244524437024e-03 -7.796338734536505284e-03
1.987711000342757643e+03 -3.262778465376500823e-03 -7.739974081830087137e-03
1.987726662685111705e+03 -3.269961642392149939e-03 -7.672651976756799524e-03
1.987742346129070029e+03 -3.276953074285186493e-03 -7.595645384230873508e-03
1.987773754745458746e+03 -3.291873418556376472e-03 -7.427048919057099852e-03
1.987789472725702353e+03 -3.300102568511488390e-03 -7.340583469837474832e-03
1.987805212158385757e+03 -3.308807937432828392e-03 -7.250397769213532718e-03
1.987820970832640796e+03 -3.317670189220448766e-03 -7.159650660173079439e-03
1.987852506733500149e+03 -3.334030641784043857e-03 -6.987274314213788584e-03
1.987868289987187381e+03 -3.341405464464004132e-03 -6.902631973538182579e-03
1.987884066653865375e+03 -3.347653507265386727e-03 -6.826685571793244568e-03
1.987915569457574065e+03 -3.357151499553037884e-03 -6.762142125616093548e-03
1.987931308325276177e+03 -3.362314207302223058e-03 -6.615949367669267736e-03
1.987947031414214962e+03 -3.365455561810577496e-03 -6.586425807834019215e-03
1.987962745534873193e+03 -3.368660634180591605e-03 -6.635978270932659830e-03
1.987994142236631433e+03 -3.375527228733538315e-03 -7.058545022901100557e-03
1.988009840229878137e+03 -3.376828925378752913e-03 -7.347625133447833502e-03
1.988025532788588862e+03 -3.378186480382298646e-03 -7.312550361688222034e-03
1.988041231027339791e+03 -3.378902432652208365e-03 -7.491589220396732002e-03
1.988072674740432376e+03 -3.378426926483523492e-03 -7.942345831095022624e-03
1.988088403535012276e+03 -3.378420657760440333e-03 -8.023894964281057945e-03
1.988104159842485387e+03 -3.374291362980768889e-03 -8.039339552973843311e-03
1.988135715366669046e+03 -3.369372297928420468e-03 -8.227301294403471452e-03
1.988151507845460173e+03 -3.367118960694416921e-03 -8.352869190224434040e-03
1.988167259881849304e+03 -3.361774407568440901e-03 -8.514241764940318202e-03
1.988183002331759781e+03 -3.358577075756563526e-03 -8.648851663233141085e-03
1.988214445560261538e+03 -3.349620280576643284e-03 -9.034552970171354225e-03
1.988230139101722898e+03 -3.346548788971349594e-03 -9.231394251836748041e-03
1.988245831721839977e+03 -3.342916395973900400e-03 -9.383203844279004030e-03
1.988261525803575751e+03 -3.338337047680012531e-03 -9.509796456432005954e-03
1.988292911517056837e+03 -3.328144247574349804e-03 -9.675511384144776239e-03
1.988308631131145830e+03 -3.323111905662352091e-03 -9.724566772514675952e-03
1.988324354403818234e+03 -3.315839706717048276e-03 -9.758770148830220661e-03
1.988340089348928359e+03 -3.310853297963126714e-03 -9.762175967228146206e-03
1.988371617581823557e+03 -3.297369332765669268e-03 -9.730981664985483004e-03
1.988387411614814937e+03 -3.289901011676138812e-03 -9.683796023040277742e-03
1.988403203211096070e+03 -3.283711858842828374e-03 -9.623934158140657474e-03
1.988434725262543907e+03 -3.272256774009402874e-03 -9.473353831840478773e-03
1.988450492507892704e+03 -3.268401554313330685e-03 -9.381512652663716312e-03
1.988466206671755572e+03 -3.262847800784630589e-03 -9.282516474419830882e-03
1.988481849387645070e+03 -3.260145953192294509e-03 -9.182404320712893656e-03
1.988513075048166911e+03 -3.256183929499301046e-03 -8.949791568220871740e-03
1.988528704164577903e+03 -3.254209547825506407e-03 -8.830393927595174899e-03
1.988544350470398058e+03 -3.250868808187748135e-03 -8.717024251327840784e-03
1.988560027152123439e+03 -3.248462649490827144e-03 -8.604574088621419481e-03
1.988591533557723096e+03 -3.240770731936341419e-03 -8.392756606393306576e-03
1.988607336105965487e+03 -3.241801542968573199e-03 -8.296238482362787783e-03
1.988623093331895006e+03 -3.242128649374984278e-03 -8.203653787517625751e-03
1.988654518119838031e+03 -3.244978489267570394e-03 -8.019164252225001802e-03
1.988670176683379850e+03 -3.248961037948831874e-03 -7.928950198676940064e-03
1.988685838076281470e+03 -3.252064385678595220e-03 -7.844674749177911813e-03
1.988701477174650336e+03 -3.257388507347473445e-03 -7.781218272402340604e-03
1.988732802821146379e+03 -3.270347830171745421e-03 -7.652174532049055289e-03
1.988748491758516593e+03 -3.277799009020314954e-03 -7.571844264944795587e-03
1.988764197951974211e+03 -3.287116963284765405e-03 -7.489785772237754317e-03
1.988795638020094657e+03 -3.303875282040320740e-03 -7.315953061029166135e-03
1.988811385464517343e+03 -3.314039597899209270e-03 -7.227654197620424388e-03
1.988827137631085634e+03 -3.320828506852191355e-03 -7.136694347087649271e-03
1.988842911082100045e+03 -3.328094235871479657e-03 -7.049735683571516781e-03
1.988874481095978354e+03 -3.343878584638465459e-03 -6.880992371681196942e-03
1.988890241354187765e+03 -3.349522549277738920e-03 -6.815686540741413071e-03
1.988906001661845039e+03 -3.354068524355256244e-03 -6.819967168130864829e-03
1.988921736799971995e+03 -3.361317060476849174e-03 -6.724257765982398147e-03
1.988953185597254105e+03 -3.366373210731322344e-03 -6.595947290265073704e-03
1.988968892846191011e+03 -3.369298847240494513e-03 -6.659753432067981246e-03
1.988984587951723370e+03 -3.371422491467301105e-03 -6.810067220066366549e-03
1.989000287616515152e+03 -3.374023880391191672e-03 -7.163261006864647500e-03
1.989031681215883282e+03 -3.379449761346135523e-03 -7.322146752918414110e-03
1.989047389068502525e+03 -3.380455294393905179e-03 -7.588065915837076923e-03
1.989063113039999052e+03 -3.380772588887999332e-03 -7.823568982755997603e-03
1.989094573916103627e+03 -3.377233782560964265e-03 -8.028427225629308078e-03
1.989110331868357662e+03 -3.375702229306777949e-03 -8.052412000963064809e-03
1.989126114703129815e+03 -3.373264314922644769e-03 -8.150323932340379496e-03
1.989141897717756819e+03 -3.368838482947423239e-03 -8.253021817136718674e-03
1.989173428090762627e+03 -3.362207874378333496e-03 -8.551580066024643684e-03
1.989189171230204010e+03 -3.358384379123211406e-03 -8.692652398355666526e-03
1.989204890414692954e+03 -3.353424315464300330e-03 -8.882886932246614534e-03
1.989220592600565624e+03 -3.349814347518250291e-03 -9.097267011103547796e-03
1.989251976117481036e+03 -3.340149020789464056e-03 -9.428440281204274881e-03
1.989267668613450724e+03 -3.335713099711662671e-03 -9.545474708048066331e-03
1.989283361545066327e+03 -3.331761888091776258e-03 -9.632698582748662128e-03
1.989314793803052680e+03 -3.320751387508232792e-03 -9.744021206985507139e-03
1.989330511751492622e+03 -3.315552611408071563e-03 -9.767123411028573107e-03
1.989346261824349540e+03 -3.309104509547884133e-03 -9.767384150498594972e-03
1.989362022182890769e+03 -3.302275077161098173e-03 -9.755927661909373841e-03
1.989393596012828993e+03 -3.289221253714981908e-03 -9.672389419643495287e-03
1.989409372521807427e+03 -3.283319281004044507e-03 -9.609175730409601907e-03
1.989425132567551827e+03 -3.276142413896428966e-03 -9.532752733457527591e-03
1.989440905298413782e+03 -3.272306477264724268e-03 -9.451908646441416206e-03
1.989472343326780219e+03 -3.263710542835301844e-03 -9.257274300193404221e-03
1.989487969581427251e+03 -3.259762460950379678e-03 -9.151177592238483871e-03
1.989503579785044394e+03 -3.256796094954948154e-03 -9.035379345514193278e-03
1.989534831515573615e+03 -3.252865925975923292e-03 -8.800276496860047135e-03
1.989550487437263428e+03 -3.250226037355474339e-03 -8.684529545632140024e-03
1.989566181523433215e+03 -3.248064281916777842e-03 -8.573602132089326935e-03
1.989581931334113960e+03 -3.243701223101318112e-03 -8.466159912229957382e-03
1.989613502511181650e+03 -3.240334262356356788e-03 -8.272063215500348107e-03
1.989629260107070195e+03 -3.243734257865444563e-03 -8.180524305713940056e-03
1.989644964739173929e+03 -3.244095938274120516e-03 -8.085371516526712946e-03
1.989660646431731948e+03 -3.247304898662722698e-03 -7.995639608960877082e-03
1.989691963986877681e+03 -3.254220565307200299e-03 -7.825831641568154612e-03
1.989707609780048188e+03 -3.259661437754476834e-03 -7.766300216453671246e-03
1.989723264884577020e+03 -3.266143687748037771e-03 -7.706306897489226607e-03
1.989754634659841258e+03 -3.280895668799335176e-03 -7.548920756231394975e-03
1.989770344245569277e+03 -3.287704219613339033e-03 -7.465861898135322909e-03
1.989786060623032427e+03 -3.295524330462423247e-03 -7.381737536091766659e-03
1.989801794953059016e+03 -3.305775169293669307e-03 -7.291519176843346169e-03
1.989833308315487557e+03 -3.323865461239805964e-03 -7.112668163650469853e-03
1.989849086879854440e+03 -3.333277816594338964e-03 -7.027341727935816976e-03
1.989864865688565942e+03 -3.338375268008727820e-03 -6.944490981960399489e-03
1.989880650791415064e+03 -3.345523666824698310e-03 -6.858412264585257712e-03
1.989912153161416200e+03 -3.357759575268355178e-03 -6.812052422044344649e-03
1.989927893897942340e+03 -3.360206538640649575e-03 -6.682255162940175033e-03
1.989943620689015916e+03 -3.364994555106071844e-03 -6.586364840861799394e-03
1.989975037381817856e+03 -3.371669274836128563e-03 -6.689578764718808954e-03
1.989990731642609262e+03 -3.374268825114892789e-03 -6.883509660861646985e-03
1.990006428826762203e+03 -3.376181148841898676e-03 -7.252974753989025435e-03
1.990022123926549739e+03 -3.377266705854985868e-03 -7.317832813822318372e-03
1.990053537732288760e+03 -3.379226372098790513e-03 -7.642233583086428979e-03
1.990069263724039502e+03 -3.379189475687691385e-03 -7.883144604585220344e-03
1.990084988616061764e+03 -3.379300794032764899e-03 -8.011417523318272241e-03
1.990100739091498099e+03 -3.378213423121769962e-03 -8.022977827872580098e-03
1.990132291357250097e+03 -3.371819502577580105e-03 -8.174243928956711341e-03
1.990148083692816954e+03 -3.369214024116345789e-03 -8.284567663542423757e-03
1.990163839845696884e+03 -3.364573884254661723e-03 -8.432541920452875372e-03
1.990195322232812259e+03 -3.357066644277811353e-03 -8.745411138532679929e-03
1.990211038566807474e+03 -3.353870037545060925e-03 -8.948211181824494015e-03
1.990226735877678720e+03 -3.350020019389936266e-03 -9.154497668536640265e-03
1.990242428257421579e+03 -3.345112266155598774e-03 -9.327878251540239543e-03
1.990273807824462438e+03 -3.335323249196217761e-03 -9.571221893653909102e-03
1.990289501698771801e+03 -3.330266773785038777e-03 -9.650727557471292656e-03
1.990305216949945816e+03 -3.324939986412853588e-03 -9.708097348978301719e-03
1.990320944495714457e+03 -3.319723558158395489e-03 -9.753753979140996136e-03
1.990352427098034696e+03 -3.307142490572067672e-03 -9.766058783530998100e-03
1.990368190452118370e+03 -3.300842626790174896e-03 -9.749309434917044492e-03
1.990383986086754931e+03 -3.293956289086843233e-03 -9.711648234270542010e-03
1.990415536265401670e+03 -3.280603403892958132e-03 -9.588213249933688273e-03
1.990431296418674947e+03 -3.274938218437329664e-03 -9.510208499822864550e-03
1.990447069333638410e+03 -3.270164125984847438e-03 -9.424375291037871347e-03
1.990462805577612016e+03 -3.266240184874460908e-03 -9.325597002406871283e-03
1.990494088364913523e+03 -3.259337058611878977e-03 -9.115762129224229751e-03
1.990509698997252826e+03 -3.257476258406353641e-03 -9.000041370419507858e-03
1.990525316646342844e+03 -3.255296989040586380e-03 -8.878156649585919671e-03
1.990540954483623409e+03 -3.252209053405608324e-03 -8.765959839693368907e-03
1.990572335199818099e+03 -3.244581681864053789e-03 -8.541549189974424056e-03
1.990588100173020166e+03 -3.243813009020153452e-03 -8.436837843690585259e-03
1.990603902198129617e+03 -3.242421864041812162e-03 -8.339503270524335418e-03
1.990635401002781919e+03 -3.242307502559674693e-03 -8.153972300376354648e-03
1.990651111912491615e+03 -3.245139781122887476e-03 -8.059024182084904148e-03
1.990666771900408094e+03 -3.245840202832350144e-03 -7.969195603365153077e-03
1.990682436365933881e+03 -3.249894509570729929e-03 -7.879964925950989213e-03
1.990713727536108081e+03 -3.260453587162826568e-03 -7.749698670669474126e-03
1.990729389682231840e+03 -3.268345154562301083e-03 -7.684269898974928001e-03
1.990745072881517672e+03 -3.276689291515805583e-03 -7.606688788338411382e-03
1.990760776933533407e+03 -3.283646947862854486e-03 -7.524702540919680875e-03
1.990792205124856082e+03 -3.300039598816010937e-03 -7.355241265296953886e-03
1.990807948480761752e+03 -3.309447307829955186e-03 -7.266823126885878920e-03
1.990823706812031105e+03 -3.317077373468922327e-03 -7.176856669217772898e-03
1.990855254623489827e+03 -3.332714026869636366e-03 -7.004131967077768806e-03
1.990871040127140077e+03 -3.341293497286523979e-03 -6.920315888114386520e-03
1.990886807599055373e+03 -3.347255594102641583e-03 -6.836136502953757237e-03
1.990902572789183978e+03 -3.353639739223206358e-03 -6.808539741134000262e-03
1.990934039734212092e+03 -3.362665158034911905e-03 -6.642469385146320890e-03
1.990949758419601494e+03 -3.366834830505299053e-03 -6.583661941473653578e-03
1.990965470480094837e+03 -3.368269407882834403e-03 -6.625633361803568572e-03
1.990981166442850508e+03 -3.371759271834472681e-03 -6.724079252107499800e-03
1.991012564095090738e+03 -3.378568584519397056e-03 -7.314708125212562168e-03
1.991028261471535188e+03 -3.379596440386864031e-03 -7.317366869546933217e-03
1.991043961272098159e+03 -3.380498152602476238e-03 -7.437968465848058576e-03
1.991075403535601708e+03 -3.379334817962698339e-03 -7.935734058308177574e-03
1.991091139662795513e+03 -3.379156707764463270e-03 -8.016916325755733819e-03
1.991106898167560530e+03 -3.376450555082103570e-03 -8.022144606448388185e-03
1.991122666029951915e+03 -3.374356710987074133e-03 -8.091756884546575171e-03
1.991154246957907617e+03 -3.366774826697463419e-03 -8.316654650919075298e-03
1.991169997812981592e+03 -3.364609431397790063e-03 -8.472492893914721629e-03
1.991185738283939372e+03 -3.360483537841955481e-03 -8.631105600422265753e-03
1.991201463172251806e+03 -3.356156874083908014e-03 -8.800873912275235245e-03
1.991232864574579480e+03 -3.347225198540928169e-03 -9.205681324107256938e-03
1.991248557578948521e+03 -3.343945015468203618e-03 -9.369532705947496501e-03
1.991264249906526175e+03 -3.340444613272680607e-03 -9.499679860838612655e-03
1.991295643720406360e+03 -3.330181377406581447e-03 -9.668073152631410233e-03
1.991311364046569224e+03 -3.326363312209198314e-03 -9.724191671250667982e-03
1.991327084186810680e+03 -3.318280069223686953e-03 -9.763742312479012017e-03
1.991342825889003279e+03 -3.312445049352281609e-03 -9.772437644777589097e-03
1.991374366238961784e+03 -3.299368703033012454e-03 -9.747662844311586611e-03
1.991390153060975990e+03 -3.292035381645210673e-03 -9.702489268741362402e-03
1.991405940033579327e+03 -3.284913679552478507e-03 -9.643067197003854160e-03
1.991421693360612380e+03 -3.281119344819253322e-03 -9.572433147486080623e-03
1.991453219743292493e+03 -3.269795954319138290e-03 -9.401303690716740491e-03
1.991468932386268307e+03 -3.265336467619945129e-03 -9.304170817723720829e-03
1.991484577404556603e+03 -3.261636397761261043e-03 -9.202409770300729389e-03
1.991500192764576013e+03 -3.259140842855453180e-03 -9.087789240092909726e-03
1.991531429883133569e+03 -3.255686286756074004e-03 -8.851979379828921191e-03
1.991547076513759293e+03 -3.252528069808312966e-03 -8.735909817066071087e-03
1.991562754007369904e+03 -3.250108988651607012e-03 -8.623975112395917964e-03
1.991594262130665129e+03 -3.242006026531165687e-03 -8.412963344437782848e-03
1.991610060338502990e+03 -3.241124223774075400e-03 -8.316763953288161537e-03
1.991625822616293135e+03 -3.242153155847729042e-03 -8.224146233340216827e-03
1.991641530435353843e+03 -3.243058439890363336e-03 -8.130241208842469217e-03
1.991672890998802586e+03 -3.248330816438143014e-03 -7.946866468226523872e-03
1.991688549889743399e+03 -3.251123945416674495e-03 -7.860751526988818058e-03
1.991704183676555886e+03 -3.255404780231099717e-03 -7.791275064397164100e-03
1.991735506150392666e+03 -3.270150661862009523e-03 -7.667758719313541235e-03
1.991751196171932406e+03 -3.276286618564798123e-03 -7.585642604306147736e-03
1.991766903665563177e+03 -3.283925955438961493e-03 -7.504654936713039959e-03
1.991782617632621623e+03 -3.293759946135958912e-03 -7.422566664165902196e-03
1.991814102237222869e+03 -3.312221267957839686e-03 -7.246168184023726692e-03
1.991829853239413296e+03 -3.320413319397736481e-03 -7.155881095373536546e-03
1.991845633579973310e+03 -3.328442413716781786e-03 -7.068597944349704586e-03
1.991861411434799493e+03 -3.336559066643492600e-03 -6.985084543239258176e-03
1.991892960094376804e+03 -3.349995780974066376e-03 -6.821127483102359078e-03
1.991908708549309495e+03 -3.355518200194136484e-03 -6.811603441979756021e-03
1.991924446868288669e+03 -3.359742886818474321e-03 -6.760668445223293188e-03
1.991940177749430177e+03 -3.364614433975678890e-03 -6.616466901755449492e-03
1.991971594165240504e+03 -3.370236460963028143e-03 -6.648770898324898003e-03
1.991987289151385767e+03 -3.372679189788272726e-03 -6.772991792114149354e-03
1.992002988132774362e+03 -3.374803964656924223e-03 -7.062870340633984299e-03
1.992034382692236477e+03 -3.378997574476179204e-03 -7.330006865558150349e-03
1.992050093080124952e+03 -3.381355260610350959e-03 -7.520577662787935290e-03
1.992065819737912534e+03 -3.379672555865621993e-03 -7.805262201457071822e-03
1.992081538139806071e+03 -3.380201462951694987e-03 -7.974048431136949999e-03
1.992113044792473602e+03 -3.375849349363094654e-03 -8.031328708271138692e-03
1.992128834415625533e+03 -3.374615708044362370e-03 -8.120306705269562247e-03
1.992144618907981112e+03 -3.370810951133879248e-03 -8.225150729761470519e-03
1.992160390067721664e+03 -3.367827897048550345e-03 -8.351000477724719942e-03
1.992191878325468679e+03 -3.360092330683289198e-03 -8.679212802335019988e-03
1.992207599760210542e+03 -3.355876162026114572e-03 -8.867947037280658751e-03
1.992223297088309437e+03 -3.351738905436149607e-03 -9.073901040430116388e-03
1.992254678275312926e+03 -3.342325180649108243e-03 -9.419549348948541220e-03
1.992270369327179878e+03 -3.337273751551488553e-03 -9.538574959315324411e-03
1.992286062828149625e+03 -3.332639175277530858e-03 -9.626388203989132489e-03
1.992301772538204659e+03 -3.328737672141673497e-03 -9.694813467895248629e-03
1.992333223503268073e+03 -3.317305524009989907e-03 -9.781307298078582152e-03
1.992348975194873901e+03 -3.312254739940168318e-03 -9.786492815637766463e-03
1.992364735411758829e+03 -3.303483170373652973e-03 -9.778613273774366260e-03
1.992380530154784992e+03 -3.298170813877333157e-03 -9.751834980391406102e-03
1.992412082905898842e+03 -3.285028306993037061e-03 -9.637010216258687714e-03
1.992427838584667597e+03 -3.277308122787433043e-03 -9.561256754714926587e-03
1.992443607138030075e+03 -3.273442038589537053e-03 -9.480040587453629486e-03
1.992475050144232455e+03 -3.265457486041474251e-03 -9.284673993969351502e-03
1.992490678022130169e+03 -3.261359636983513811e-03 -9.177027531297286475e-03
1.992506289018975622e+03 -3.258554443649485082e-03 -9.061894456299740205e-03
1.992521902704514332e+03 -3.255966127069673689e-03 -8.939852516201187566e-03
1.992553186762679388e+03 -3.250289766044676433e-03 -8.709304704509137837e-03
1.992568882870277776e+03 -3.246381289380802747e-03 -8.598540626555422131e-03
1.992584635814756894e+03 -3.244790375598635961e-03 -8.491854066191462103e-03
1.992600422157737512e+03 -3.243293467400947330e-03 -8.391821863995655231e-03
1.992631952748857202e+03 -3.243284891776752193e-03 -8.205071176881720621e-03
1.992647663743134672e+03 -3.243175429965833821e-03 -8.108260500492011497e-03
1.992663332486213221e+03 -3.244559146323562366e-03 -8.018426149676094808e-03
1.992694643812716777e+03 -3.252703612357256066e-03 -7.844495158385490427e-03
1.992710286531586007e+03 -3.258931282693727435e-03 -7.779937731429425497e-03
1.992725943735546025e+03 -3.265152412297968234e-03 -7.722931903513904905e-03
1.992741619930586012e+03 -3.272143129941302870e-03 -7.650273482385731155e-03
1.992773023999780207e+03 -3.286876780842217915e-03 -7.484901786876782016e-03
1.992788739951603475e+03 -3.294707087784393054e-03 -7.401193969483970021e-03
1.992804478863592522e+03 -3.304033471856701772e-03 -7.314424911229294203e-03
1.992820240169851786e+03 -3.313551231356983567e-03 -7.225998040028582849e-03
1.992851780920099600e+03 -3.330947948796071124e-03 -7.050427272672491960e-03
1.992867563032888029e+03 -3.337853671998292082e-03 -6.967021559081198329e-03
1.992883339409386735e+03 -3.344665563839298306e-03 -6.881324918209148767e-03
1.992914836069749981e+03 -3.355658756619865797e-03 -6.813524941479629123e-03
1.992930575447505362e+03 -3.360821411760563527e-03 -6.727400930922086512e-03
1.992946297882924000e+03 -3.364233623369299649e-03 -6.601958449276725850e-03
1.992962011147429848e+03 -3.368438662990420451e-03 -6.606847246609394257e-03
1.992993409161512091e+03 -3.375197664043776916e-03 -6.837050021205707227e-03
1.993009106170303085e+03 -3.376980314722315829e-03 -7.159640749817369754e-03
1.993024799631136830e+03 -3.378670914970082189e-03 -7.357142870478560435e-03
1.993040498214106037e+03 -3.379657548521845020e-03 -7.358762610381089017e-03
1.993071942999667499e+03 -3.380215700469775715e-03 -7.866047568827763681e-03
1.993087670810221880e+03 -3.380428222318896357e-03 -8.010646340431531662e-03
1.993103425987462970e+03 -3.376825923590717326e-03 -8.024638526313916664e-03
1.993134980792839315e+03 -3.372202211019357729e-03 -8.148734149791444364e-03
1.993150773791470328e+03 -3.370421467327202724e-03 -8.255832911054482998e-03
1.993166526454902623e+03 -3.364854806559687116e-03 -8.391935048696463201e-03
1.993182270080847275e+03 -3.361773439380685673e-03 -8.561261370501555348e-03
1.993213716122501410e+03 -3.353633652578693735e-03 -8.937174834752141528e-03
1.993229409873874147e+03 -3.350906907557484309e-03 -9.135452836308273136e-03
1.993245102233557418e+03 -3.347075254856807236e-03 -9.314717729280502442e-03
1.993260796155535900e+03 -3.342301407145097363e-03 -9.466141440784368172e-03
1.993292179795163747e+03 -3.332556747586664422e-03 -9.652618925137050263e-03
1.993307898668187818e+03 -3.327272306371655518e-03 -9.714453099645241341e-03
1.993323623037963671e+03 -3.320690481291473962e-03 -9.768260073697210624e-03
1.993355116347905323e+03 -3.307649900590097902e-03 -9.790884506239156196e-03
1.993370882070410289e+03 -3.302405988530385597e-03 -9.777587813708592604e-03
1.993386676832343028e+03 -3.294968410201603703e-03 -9.741507654640031363e-03
1.993402468873702219e+03 -3.288977991164661416e-03 -9.684408239077343244e-03
1.993433975580749802e+03 -3.276688210947336678e-03 -9.541936724650059570e-03
1.993449739757008274e+03 -3.272133477746043666e-03 -9.454740470745924552e-03
1.993465477182261111e+03 -3.266559364151305506e-03 -9.354947931302048242e-03
1.993481144891451549e+03 -3.263801082875328764e-03 -9.257140175112789360e-03
1.993512379289129967e+03 -3.258200635094540918e-03 -9.027072797343178162e-03
1.993527997626088791e+03 -3.256435994572439395e-03 -8.906791419792430692e-03
1.993543628624212943e+03 -3.253267077176259965e-03 -8.792595226817990009e-03
1.993575010048486774e+03 -3.246371722003853905e-03 -8.568893309620660009e-03
1.993590774295868187e+03 -3.242161648506728267e-03 -8.464650803345855762e-03
1.993606576875131395e+03 -3.242342150195524908e-03 -8.366327476467570051e-03
1.993622334770991756e+03 -3.241726956348356739e-03 -8.271609174106046500e-03
1.993653774184445638e+03 -3.243354540739742421e-03 -8.085224976698239877e-03
1.993669435387516614e+03 -3.245878388315242159e-03 -7.993379397813936416e-03
1.993685093754049376e+03 -3.248845348051256424e-03 -7.903959495197112814e-03
1.993700726263906063e+03 -3.254052995646127076e-03 -7.824974466381794461e-03
1.993732038322259541e+03 -3.265725645689843745e-03 -7.703926408664660101e-03
1.993747721911990539e+03 -3.273553222101439029e-03 -7.625863915006025028e-03
1.993763425875986968e+03 -3.282630240211881992e-03 -7.545018130857724520e-03
1.993794860980362728e+03 -3.298856210404486119e-03 -7.376981075838881519e-03
1.993810607736782913e+03 -3.309345660645491433e-03 -7.291301528891608492e-03
1.993826364659027377e+03 -3.316591187230663942e-03 -7.201953740043932038e-03
1.993842138951851666e+03 -3.324314742790158463e-03 -7.113642300953374950e-03
1.993873709597540028e+03 -3.340655244073815512e-03 -6.944755400136870191e-03
1.993889468567310132e+03 -3.346687899071667475e-03 -6.858078065282352531e-03
1.993905226501216021e+03 -3.351846812169187711e-03 -6.804241032495056928e-03
1.993920959835766553e+03 -3.359581356041532567e-03 -6.804914756098958198e-03
1.993952406616208009e+03 -3.366058475602403711e-03 -6.591866370341705264e-03
1.993968114417684319e+03 -3.368805565654389104e-03 -6.621767390540947429e-03
1.993983810109519482e+03 -3.371289306382760712e-03 -6.711408536928096039e-03
1.994015208757899245e+03 -3.378314380312691378e-03 -7.247653094077099144e-03
1.994030904909390529e+03 -3.380599337147298985e-03 -7.339438464180656797e-03
1.994046612718735105e+03 -3.381672544547766751e-03 -7.436872751516889271e-03
1.994062335680130673e+03 -3.383136713166983930e-03 -7.685494851500606316e-03
1.994093796269086624e+03 -3.379666584192205815e-03 -8.026751542721300564e-03
1.994109554328737204e+03 -3.378471938339785725e-03 -8.021898226950433669e-03
1.994125334390016860e+03 -3.375809857900158480e-03 -8.075794056079992067e-03
1.994141118275881809e+03 -3.371726652574761826e-03 -8.174657815633503549e-03
1.994172651291907641e+03 -3.366137417361893258e-03 -8.433167067320161692e-03
1.994188394957453966e+03 -3.361892854390009702e-03 -8.612877609726265690e-03
1.994204114978624602e+03 -3.357367868009463775e-03 -8.799768890472903227e-03
1.994235509757315413e+03 -3.349026123137389347e-03 -9.187106980584903645e-03
1.994251202141630074e+03 -3.344680465573898927e-03 -9.362161904557369033e-03
1.994266894529534966e+03 -3.340692467536743836e-03 -9.499942466178412648e-03
1.994282586993052973e+03 -3.336959463996308408e-03 -9.594793261308090515e-03
1.994314017095426834e+03 -3.326291705048207634e-03 -9.731997107342793552e-03
1.994329734887712448e+03 -3.320557955630185683e-03 -9.779432043760135501e-03
1.994345483448753384e+03 -3.314061215919854135e-03 -9.792554029261423335e-03
1.994361244288602848e+03 -3.307788951365889154e-03 -9.793440590118544786e-03
1.994392815789951555e+03 -3.294274889550310396e-03 -9.730979014994978193e-03
1.994408594263631358e+03 -3.287927357561102638e-03 -9.672490094568119562e-03
1.994424346875857736e+03 -3.281452895952445287e-03 -9.601752473123021520e-03
1.994440105931111475e+03 -3.276862133298843929e-03 -9.523430065073000203e-03
1.994471577012615853e+03 -3.267781453268139152e-03 -9.332805318343713810e-03
1.994487225742432202e+03 -3.263591303597345328e-03 -9.230240686894559260e-03
1.994502842817835699e+03 -3.259814413984963698e-03 -9.116435448206932496e-03
1.994534075890891245e+03 -3.256329166017564360e-03 -8.880610623287590530e-03
1.994549718150788522e+03 -3.253689975182787533e-03 -8.762212591402755019e-03
1.994565398217957409e+03 -3.250855318955522995e-03 -8.650713238613879502e-03
1.994581130890993336e+03 -3.245907096979103700e-03 -8.542759770581057760e-03
1.994612697967871554e+03 -3.241036687370271469e-03 -8.343911601989210947e-03
1.994628458887728357e+03 -3.243228915970587049e-03 -8.251020919647180860e-03
1.994644165654417975e+03 -3.243520073161764144e-03 -8.155198264687621434e-03
1.994675521346626965e+03 -3.246697205745843751e-03 -7.970888260961771915e-03
1.994691170846192108e+03 -3.251550547173855023e-03 -7.883999792722761607e-03
1.994706807727533032e+03 -3.255914941993498339e-03 -7.808724113716097696e-03
1.994722454616258119e+03 -3.263005236684672974e-03 -7.752390852901618751e-03
1.994753813966106918e+03 -3.277013706730326666e-03 -7.605956003342399796e-03
1.994769521788448174e+03 -3.283669510695733876e-03 -7.524725929019334889e-03
1.994785235801385852e+03 -3.291869447710782295e-03 -7.443949516773514657e-03
1.994800968472860404e+03 -3.302675665144983071e-03 -7.357327428843920755e-03
1.994832484645758996e+03 -3.320945315348568499e-03 -7.182000875434219056e-03
1.994848266631309571e+03 -3.330441607322465278e-03 -7.094393114758259372e-03
1.994864045225106338e+03 -3.336154735876220231e-03 -7.009792977829946287e-03
1.994895590419591827e+03 -3.351022683668015371e-03 -6.839032192164590761e-03
1.994911327101996449e+03 -3.357473260287849141e-03 -6.799826024523958519e-03
1.994927066959382728e+03 -3.359906105573195328e-03 -6.789291030144899847e-03
1.994942792934229828e+03 -3.365591044330404607e-03 -6.656820121393558325e-03
1.994974208210486950e+03 -3.372284867769106270e-03 -6.642232553741243481e-03
1.994989902959858455e+03 -3.375272273278718572e-03 -6.752018299949367683e-03
1.995005601325722409e+03 -3.377499477141553651e-03 -6.983413137191038858e-03
1.995021297416030393e+03 -3.378956523548572784e-03 -7.308225095836822643e-03
1.995052710612719238e+03 -3.382222478187954778e-03 -7.478104938914331007e-03
1.995068436852233390e+03 -3.381919664605713936e-03 -7.779694948116509974e-03
1.995084161379251555e+03 -3.382465478100734214e-03 -7.983838823349591676e-03
1.995115668742389516e+03 -3.377800608578064925e-03 -8.031079829122777375e-03
1.995131462123266829e+03 -3.376137618437351218e-03 -8.102377003289189250e-03
1.995147252831153992e+03 -3.373388567941472665e-03 -8.201645561686021074e-03
1.995163012296327679e+03 -3.369478159930621233e-03 -8.319752922099368786e-03
1.995194497087725267e+03 -3.362089167333164215e-03 -8.662989617498388639e-03
1.995210214122811976e+03 -3.359168260951990101e-03 -8.859669291310982853e-03
1.995225912993988914e+03 -3.354978652002333413e-03 -9.057070936743483527e-03
1.995241602883228325e+03 -3.350395685141876329e-03 -9.239032391830199684e-03
1.995272982576424056e+03 -3.340671327666946445e-03 -9.533783360072243390e-03
1.995288676139372456e+03 -3.335686250732763578e-03 -9.625478830775423961e-03
1.995304390056146303e+03 -3.330709406880864778e-03 -9.696819603644562038e-03
1.995320118026186037e+03 -3.325502423940297075e-03 -9.760808164148333105e-03
1.995351598517456523e+03 -3.313849178671286321e-03 -9.809740147549740608e-03
1.995367361340905518e+03 -3.306659947765825443e-03 -9.806231575574671580e-03
1.995383157135758665e+03 -3.300116611379316171e-03 -9.782376953955184556e-03
1.995414705887200171e+03 -3.286503277279636832e-03 -9.670954961388880666e-03
1.995430456898914827e+03 -3.280393955015617306e-03 -9.596237884334729226e-03
1.995446214413142116e+03 -3.275594730073534341e-03 -9.514129109315254407e-03
1.995461964577955996e+03 -3.272206703720158261e-03 -9.416005183896920122e-03
1.995493298551822136e+03 -3.263698661545948437e-03 -9.208913463278281183e-03
1.995508909602182939e+03 -3.260757687833040069e-03 -9.093567104368415269e-03
1.995524520305554006e+03 -3.258730549025587193e-03 -8.970768254476842868e-03
1.995540144191231093e+03 -3.255784639714038968e-03 -8.856771424096056278e-03
1.995571494381454841e+03 -3.247803988357200397e-03 -8.629661287995313637e-03
1.995587245582001515e+03 -3.247422334030174423e-03 -8.523371228714682682e-03
1.995603038275221706e+03 -3.244997662546060015e-03 -8.423170657371966547e-03
1.995634551585943882e+03 -3.243179739931373231e-03 -8.234567506099568432e-03
1.995650266491411685e+03 -3.244952422004790654e-03 -8.137825793875813618e-03
1.995665932075646651e+03 -3.244950656908262513e-03 -8.046661709169245988e-03
1.995681596303800234e+03 -3.248421409739764721e-03 -7.955017611173904879e-03
1.995712874841819485e+03 -3.258350728736535227e-03 -7.799565792253432620e-03
1.995728528949002111e+03 -3.265830519814754557e-03 -7.743301155632675327e-03
1.995744206625101469e+03 -3.273428471448583833e-03 -7.672992883674793069e-03
1.995775613870510824e+03 -3.287859339385829083e-03 -7.509381115568877253e-03
1.995791330314755896e+03 -3.296543526443145022e-03 -7.427575518798777005e-03
1.995807071749238276e+03 -3.306010755079118874e-03 -7.342429411685910332e-03
1.995822834263101186e+03 -3.314369699320551723e-03 -7.255003704373077546e-03
1.995854385423241183e+03 -3.330596635291839872e-03 -7.079803135688786560e-03
1.995870169299654663e+03 -3.339522231181857228e-03 -6.995082305091503833e-03
1.995885935869494688e+03 -3.346126676427681711e-03 -6.910410656525808187e-03
1.995901698121551362e+03 -3.353496682744384547e-03 -6.828998740518655262e-03
1.995933162597257706e+03 -3.363076330320465424e-03 -6.771945280191272662e-03
1.995948880424751906e+03 -3.367452547330623477e-03 -6.635242381347098393e-03
1.995964592166241573e+03 -3.369426149745201934e-03 -6.606889943098459041e-03
1.995980288539543608e+03 -3.373700215010887876e-03 -6.673856478340005338e-03
1.996011688686317939e+03 -3.380519842372395160e-03 -7.074802953128843906e-03
1.996027384321456793e+03 -3.381808971257390089e-03 -7.361728860084770440e-03
1.996043083599344527e+03 -3.383230443055992593e-03 -7.379198649667781384e-03
1.996074527661115553e+03 -3.382822284557480182e-03 -7.866791931975820884e-03
1.996090262217680220e+03 -3.383201638526176988e-03 -8.017937666324572929e-03
1.996106020965666175e+03 -3.380055468111399335e-03 -8.034679190436802912e-03
1.996121785111143481e+03 -3.378771279291721292e-03 -8.052701576325238184e-03
1.996153368859081638e+03 -3.372047434149885725e-03 -8.234192115099504133e-03
1.996169120693857394e+03 -3.368925622757806305e-03 -8.361085671135708511e-03
1.996184861318753292e+03 -3.365564794683251638e-03 -8.528387036332088500e-03
1.996200587996298964e+03 -3.361479520255390100e-03 -8.722844737685456554e-03
1.996231991344246808e+03 -3.353067938940184657e-03 -9.116351169659872924e-03
1.996247683833588553e+03 -3.350133082810126308e-03 -9.295651872641776808e-03
1.996263375723893660e+03 -3.346476960604902618e-03 -9.455661697004243138e-03
1.996294766891606287e+03 -3.336265087935466785e-03 -9.656638439310850225e-03
1.996310487031522143e+03 -3.332423746922190053e-03 -9.722803729311241955e-03
1.996326208199336179e+03 -3.324263756341124323e-03 -9.785174840855054637e-03
1.996341947581590375e+03 -3.318862391834073115e-03 -9.811931487177179972e-03
1.996373484223427340e+03 -3.305613583363642763e-03 -9.813424028700099000e-03
1.996389273702654236e+03 -3.298279795995443485e-03 -9.780081362974439932e-03
1.996405062014173382e+03 -3.291032665303145633e-03 -9.725010652343707776e-03
1.996420813629713166e+03 -3.287074051192792699e-03 -9.660485793352780945e-03
1.996452315312015344e+03 -3.275097339384468263e-03 -9.495005912999789424e-03
1.996468051497443639e+03 -3.269970885889768308e-03 -9.395543640467497737e-03
1.996483725008459032e+03 -3.266114848010526466e-03 -9.295782577186552723e-03
1.996514964304092928e+03 -3.261055705539270353e-03 -9.062719900036974099e-03
1.996530579808905941e+03 -3.258991800795281359e-03 -8.945751946252904208e-03
1.996546213640740461e+03 -3.256121222943626509e-03 -8.826276430343593313e-03
1.996561875144022451e+03 -3.254271717852674425e-03 -8.713491016668309386e-03
1.996593355280393553e+03 -3.245154598376049759e-03 -8.499393624469409395e-03
1.996609155914689609e+03 -3.244307045043839845e-03 -8.400575981847697299e-03
1.996624918472306717e+03 -3.243948658696249859e-03 -8.305577339164956288e-03
1.996640632400154800e+03 -3.244008565043452613e-03 -8.211426404701217818e-03
1.996672002806184992e+03 -3.248725633840269817e-03 -8.024787016346672519e-03
1.996687661019825782e+03 -3.250504592674821093e-03 -7.935159403322936469e-03
1.996703288619481555e+03 -3.254393646102247181e-03 -7.851982732994412101e-03
1.996734596373769136e+03 -3.268112234333807667e-03 -7.730277912942917252e-03
1.996750281449758631e+03 -3.274539145223553157e-03 -7.652207958075908818e-03
1.996765986966398714e+03 -3.282401788974390056e-03 -7.571191739854064851e-03
1.996781697673971848e+03 -3.292115435711295574e-03 -7.491350869179155651e-03
1.996813178177456393e+03 -3.310780278305439604e-03 -7.321470224678883199e-03
1.996828933523587921e+03 -3.318755504534405629e-03 -7.233552502793432620e-03
1.996844715135265687e+03 -3.326745113785838700e-03 -7.145222120379940076e-03
1.996860494278934993e+03 -3.335926973996993210e-03 -7.059464563885237652e-03
1.996892038734408288e+03 -3.349688412021216161e-03 -6.889527027342333583e-03
1.996907786402773581e+03 -3.355209524131081908e-03 -6.817793187519714977e-03
1.996923521819273446e+03 -3.361319622660386992e-03 -6.807996549636107647e-03
1.996954963797343225e+03 -3.368183021367632344e-03 -6.617250790443486574e-03
1.996970666945805988e+03 -3.372241849935543601e-03 -6.623635666633723162e-03
1.996986362711090578e+03 -3.374827152795001860e-03 -6.705978187596680837e-03
1.997002062712404495e+03 -3.377376931298449458e-03 -6.872373051631562937e-03
1.997033458664427144e+03 -3.382988221227138572e-03 -7.389729546243939233e-03
1.997049168086374721e+03 -3.385433798800930542e-03 -7.417601239712204308e-03
1.997064895863771426e+03 -3.384505369884031282e-03 -7.672147590777928135e-03
1.997080612806678573e+03 -3.384817739582263955e-03 -7.929386475192600620e-03
1.997112119130897099e+03 -3.381482445871742629e-03 -8.037553278315892266e-03
1.997127906198976234e+03 -3.380130005983315259e-03 -8.075356746823981677e-03
1.997143690012913794e+03 -3.376239202039729628e-03 -8.161279549255806218e-03
1.997175214468906233e+03 -3.368642549209612067e-03 -8.404271617316780643e-03
1.997190955044146449e+03 -3.366408387516639858e-03 -8.584655077805524240e-03
1.997206676496316049e+03 -3.361754837183181938e-03 -8.787893376023763956e-03
1.997222374806544849e+03 -3.358251990015286795e-03 -8.987113132301808097e-03
1.997253756257068972e+03 -3.348968686921317481e-03 -9.345081331149737713e-03
1.997269447470381692e+03 -3.344171507687369524e-03 -9.491133643983981280e-03
1.997285140702616673e+03 -3.339869327162659895e-03 -9.594011273195869952e-03
1.997300848643688823e+03 -3.336233510123345555e-03 -9.674023500284525956e-03
1.997332297364671376e+03 -3.324672227906812650e-03 -9.792476338871213687e-03
1.997348048954542037e+03 -3.319245744192937057e-03 -9.812747857913311708e-03
1.997363809348745690e+03 -3.310980060660770070e-03 -9.818887015698931839e-03
1.997395389427247437e+03 -3.298729584311741597e-03 -9.759940829793532432e-03
1.997411156980474516e+03 -3.292491252210127603e-03 -9.704381330313980800e-03
1.997426908558661808e+03 -3.284476468735277304e-03 -9.633419540753982227e-03
1.997442660168742577e+03 -3.280361510164831254e-03 -9.554868170334697083e-03
1.997474130030284186e+03 -3.271176836574586286e-03 -9.362199729417057872e-03
1.997489782327789499e+03 -3.266987108246110268e-03 -9.258567972659850764e-03
1.997505399506188496e+03 -3.263082237507837664e-03 -9.144712925834833431e-03
1.997521010234785308e+03 -3.260151658375354429e-03 -9.022235555083257114e-03
1.997552270760358624e+03 -3.255760114439174187e-03 -8.788572458611424582e-03
1.997567949301444742e+03 -3.252262773661546407e-03 -8.677853368216203317e-03
1.997583688602270513e+03 -3.249480683487025560e-03 -8.569938708268774394e-03
1.997615247374872069e+03 -3.244872209888487440e-03 -8.370527365721460930e-03
1.997631005069398270e+03 -3.247289828206151654e-03 -8.277775613295776380e-03
1.997646714595920685e+03 -3.246154362178258531e-03 -8.180167456501656262e-03
1.997662395935991071e+03 -3.247546948945561913e-03 -8.088875723377735028e-03
1.997693706292430988e+03 -3.253887622530305095e-03 -7.908332471121286636e-03
1.997709341586208666e+03 -3.259822163681904729e-03 -7.828637792439342713e-03
1.997724989959279355e+03 -3.265334651557462876e-03 -7.769676627637048770e-03
1.997740657688694455e+03 -3.272584961416407246e-03 -7.707568741341827047e-03
1.997772056255567804e+03 -3.287072515649954851e-03 -7.543904941808847638e-03
1.997787770189851017e+03 -3.294886780028492227e-03 -7.463558985331526785e-03
1.997803506576404743e+03 -3.304550356257863770e-03 -7.379847225441217920e-03
1.997835033296488746e+03 -3.324726444233316869e-03 -7.206639882016582094e-03
1.997850815140827990e+03 -3.332911215175319002e-03 -7.118700600558349086e-03
1.997866595095551702e+03 -3.339163136428929812e-03 -7.033704639248728602e-03
1.997882371976481409e+03 -3.346703595799829095e-03 -6.949574813408040605e-03
1.997913861845916472e+03 -3.359637703483926013e-03 -6.803471594516989629e-03
1.997929600938703970e+03 -3.364362720082423458e-03 -6.800073191189230475e-03
1.997945322118674994e+03 -3.368432318728305664e-03 -6.702487441050908497e-03
1.997961033757908353e+03 -3.373690523835415518e-03 -6.602757794540869626e-03
1.997992432540697564e+03 -3.380067044187199526e-03 -6.737375072423170200e-03
1.998008129713477047e+03 -3.382504794352176204e-03 -6.933112686088614696e-03
1.998023824648463005e+03 -3.384410144027623617e-03 -7.261549040279619005e-03
1.998055243033395527e+03 -3.386494912378009391e-03 -7.480643237859086955e-03
1.998070968971845559e+03 -3.387393812060475115e-03 -7.747095529532321487e-03
1.998086695525099685e+03 -3.387820198832958065e-03 -7.986360196813048137e-03
1.998102449386495209e+03 -3.385290214443325511e-03 -8.043848875998908105e-03
1.998134003559761368e+03 -3.380553842900784877e-03 -8.093187633954753227e-03
1.998149797444808655e+03 -3.379030322885106120e-03 -8.184431425711099009e-03
1.998165550605304588e+03 -3.373545453563801463e-03 -8.297425819007114497e-03
1.998181295513308214e+03 -3.370300329815955481e-03 -8.450471486525536202e-03
1.998212744280346215e+03 -3.363217161307139463e-03 -8.844480463514716242e-03
1.998228438697927004e+03 -3.360499055881171517e-03 -9.037811595672620366e-03
1.998244132009711848e+03 -3.356329480289419256e-03 -9.213967612664644702e-03
1.998275512139683769e+03 -3.346764869724487210e-03 -9.513425044211737402e-03
1.998291206230534499e+03 -3.341935238148110478e-03 -9.610217823108013063e-03
1.998306923774101051e+03 -3.336479192951109351e-03 -9.681802327671018560e-03
1.998322649759444630e+03 -3.330668764648318358e-03 -9.750742397260288644e-03
1.998354139103391844e+03 -3.317478659979857230e-03 -9.809332131578142946e-03
1.998369904016371947e+03 -3.312375661491606497e-03 -9.810336850723910818e-03
1.998385699300035640e+03 -3.304993041698566034e-03 -9.788648432531353236e-03
1.998401491954320136e+03 -3.299398052320069111e-03 -9.738783312000318798e-03
1.998432992260241008e+03 -3.286011922582192640e-03 -9.607643186697481172e-03
1.998448739902986290e+03 -3.280676930512461086e-03 -9.526243043719285347e-03
1.998464487724611672e+03 -3.275195280276247799e-03 -9.427838369173248412e-03
1.998480186093591556e+03 -3.271946899301064575e-03 -9.332112535889738880e-03
1.998511442139619930e+03 -3.264406565619111088e-03 -9.106119349321024556e-03
1.998527052281442138e+03 -3.262565219658641793e-03 -8.986192514580861046e-03
1.998542672264878320e+03 -3.259873419074580531e-03 -8.870140155908224147e-03
1.998574018958825945e+03 -3.253338423011163140e-03 -8.645004980548239362e-03
1.998589771594037529e+03 -3.249909697187647068e-03 -8.538900165906523204e-03
1.998605567911962908e+03 -3.249531731357397767e-03 -8.438825381894542524e-03
1.998621328648987173e+03 -3.248229789676111007e-03 -8.341913264321024549e-03
1.998652779718558577e+03 -3.248900436290567788e-03 -8.153592962949738482e-03
1.998668445796034575e+03 -3.250109545599517112e-03 -8.060351847766522235e-03
1.998684105608003620e+03 -3.253198269632098880e-03 -7.969401808453025968e-03
1.998715375678953251e+03 -3.262452153104939204e-03 -7.808777931853866892e-03
1.998731030315221915e+03 -3.269100411179100361e-03 -7.751041540560551363e-03
1.998746707835915686e+03 -3.277427981794012700e-03 -7.682763670389882067e-03
1.998762407807843147e+03 -3.285865451810504167e-03 -7.602197583211618530e-03
1.998793836899894814e+03 -3.302079169255551280e-03 -7.439279719225361590e-03
1.998809581444513242e+03 -3.312259540623682229e-03 -7.356619929048640108e-03
1.998825342897206610e+03 -3.319896535417743259e-03 -7.270377722061403467e-03
1.998841118045975463e+03 -3.328387898680468075e-03 -7.182687408223574835e-03
1.998872688646417373e+03 -3.345288951728204140e-03 -7.010194027294693389e-03
1.998888447008813500e+03 -3.351677149423186453e-03 -6.925122995386887199e-03
1.998904203200130496e+03 -3.357789018689171651e-03 -6.839948791589898873e-03
1.998935663752087748e+03 -3.369260835490755796e-03 -6.784658505390638028e-03
1.998951377140188470e+03 -3.373815409868440029e-03 -6.666985403553505989e-03
1.998967085308874630e+03 -3.376228918399254431e-03 -6.598862525942456730e-03
1.998982781925415111e+03 -3.379227669166317682e-03 -6.655816392653550462e-03
1.999014181983475964e+03 -3.387453640678008381e-03 -6.996983712831851727e-03
1.999029879374270195e+03 -3.389538779893741700e-03 -7.318764188617268678e-03
1.999045585011153435e+03 -3.390675507000969532e-03 -7.417474593679600561e-03
1.999061308067555274e+03 -3.393144731032475721e-03 -7.522460962553220200e-03
1.999092767780538225e+03 -3.390075024062673067e-03 -8.021195018142784211e-03
1.999108525916122062e+03 -3.388828400713357874e-03 -8.037085638680368377e-03
1.999124301646019603e+03 -3.386205190098285842e-03 -8.044665718354696363e-03
1.999140088180543898e+03 -3.382447497805994140e-03 -8.116480620412492783e-03
1.999171624184357597e+03 -3.377641612988943696e-03 -8.331687906916716152e-03
1.999187367316708787e+03 -3.373169517175638767e-03 -8.495177668241605737e-03
1.999203089159876299e+03 -3.368958236478443186e-03 -8.690830610098053757e-03
1.999234486447935751e+03 -3.360564009408795270e-03 -9.081979517497569543e-03
1.999250178925436103e+03 -3.356733082844582088e-03 -9.258297337502474286e-03
1.999265870998335231e+03 -3.353204020054143062e-03 -9.418942560691744362e-03
1.999281562923629735e+03 -3.349388046292817687e-03 -9.537511899298727752e-03
1.999312989795024123e+03 -3.339276375361125825e-03 -9.701517871916448543e-03
1.999328708452290357e+03 -3.332498943561985633e-03 -9.768700458530852129e-03
1.999344454481631146e+03 -3.326133837806807651e-03 -9.801629557459629744e-03
1.999360215930310233e+03 -3.320273112819512734e-03 -9.819228320194316531e-03
1.999391784989528787e+03 -3.306103007372309700e-03 -9.785369175623752011e-03
1.999407566727999665e+03 -3.299309443785885913e-03 -9.734780688357447601e-03
1.999423317506379135e+03 -3.293999159963035585e-03 -9.671388104943140496e-03
1.999454809630090267e+03 -3.281648903701440793e-03 -9.509177822644106215e-03
1.999470542408791971e+03 -3.277618019494856188e-03 -9.410665372809387877e-03
1.999486222045558407e+03 -3.272739433666318337e-03 -9.311646032340034976e-03
1.999501854661556763e+03 -3.268773469384249342e-03 -9.199281246100110901e-03
1.999533077481560667e+03 -3.264793505741639314e-03 -8.963992238336078791e-03
1.999548707085170008e+03 -3.262283641363583273e-03 -8.842742679011302703e-03
1.999564368964926189e+03 -3.259721653512449597e-03 -8.730624943058354695e-03
1.999580084214125691e+03 -3.255151251440518544e-03 -8.621166174349558647e-03
1.999611642433658744e+03 -3.249662481730953255e-03 -8.418683890817383123e-03
1.999627405612432085e+03 -3.250815832823061597e-03 -8.323515396541174977e-03
1.999643114215708920e+03 -3.250862919783625762e-03 -8.227659544880283268e-03
1.999674481469178772e+03 -3.253343852236544476e-03 -8.040343674824921780e-03
1.999690135326419295e+03 -3.256692768034869911e-03 -7.951464212681731702e-03
1.999705763200469164e+03 -3.260362784061695933e-03 -7.865530513528735945e-03
1.999721401914543321e+03 -3.267769539317437726e-03 -7.795998201372632275e-03
1.999752749077119006e+03 -3.281296604457353046e-03 -7.666453195522405714e-03
1.999768453178307709e+03 -3.287743406024274187e-03 -7.584019405974208247e-03
1.999784165735424494e+03 -3.296596987274454625e-03 -7.505753477096732337e-03
1.999815655217966651e+03 -3.317442635389309617e-03 -7.339731994298341958e-03
1.999831413058348517e+03 -3.325585898982496777e-03 -7.253357439449628803e-03
1.999847198693134487e+03 -3.334646569745469257e-03 -7.165491321051667417e-03
1.999862976860869594e+03 -3.341626210555046807e-03 -7.078855788717500382e-03
1.999894516907414072e+03 -3.357331739024118668e-03 -6.907050685520551431e-03
1.999910254175286809e+03 -3.364233323881907732e-03 -6.826303347144332088e-03
1.999925991717803072e+03 -3.367268228279238045e-03 -6.788362931474961441e-03
1.999941715802038061e+03 -3.373730835904125997e-03 -6.769209087677957766e-03
1.999973128578178830e+03 -3.380556742789809967e-03 -6.610699366139596335e-03
1.999988824440324152e+03 -3.383663768428641760e-03 -6.683138201319356077e-03
2.000004524144678498e+03 -3.386177421089612595e-03 -6.828473305126911419e-03
