,ruido,frec_obs,periodo,n_seg,n_meses,ok
0,0.0,7,30,20,3,True
1,0.0,7,30,20,6,True
2,0.0,7,30,20,9,True
3,0.0,7,30,20,12,True
4,0.0,7,60,20,3,False
5,0.0,7,60,20,6,True
6,0.0,7,60,20,9,True
7,0.0,7,60,20,12,True
8,0.0,7,90,20,3,True
9,0.0,7,90,20,6,True
10,0.0,7,90,20,9,True
11,0.0,7,90,20,12,True
12,0.0,7,120,20,3,False
13,0.0,7,120,20,6,True
14,0.0,7,120,20,9,True
15,0.0,7,120,20,12,True
16,0.0,7,150,20,3,True
17,0.0,7,150,20,6,True
18,0.0,7,150,20,9,True
19,0.0,7,150,20,12,True
20,0.0,7,180,20,3,False
21,0.0,7,180,20,6,True
22,0.0,7,180,20,9,False
23,0.0,7,180,20,12,True
24,0.0,7,210,20,3,True
25,0.0,7,210,20,6,True
26,0.0,7,210,20,9,True
27,0.0,7,210,20,12,True
28,0.0,7,240,20,3,True
29,0.0,7,240,20,6,True
30,0.0,7,240,20,9,True
31,0.0,7,240,20,12,True
32,0.0,7,270,20,3,True
33,0.0,7,270,20,6,False
34,0.0,7,270,20,9,True
35,0.0,7,270,20,12,True
36,0.0,7,300,20,3,True
37,0.0,7,300,20,6,True
38,0.0,7,300,20,9,True
39,0.0,7,300,20,12,True
40,0.0,7,330,20,3,True
41,0.0,7,330,20,6,False
42,0.0,7,330,20,9,True
43,0.0,7,330,20,12,True
44,0.0,7,360,20,3,True
45,0.0,7,360,20,6,True
46,0.0,7,360,20,9,True
47,0.0,7,360,20,12,True
48,0.0,14,30,20,3,False
49,0.0,14,30,20,6,True
50,0.0,14,30,20,9,False
51,0.0,14,30,20,12,False
52,0.0,14,60,20,3,False
53,0.0,14,60,20,6,True
54,0.0,14,60,20,9,True
55,0.0,14,60,20,12,True
56,0.0,14,90,20,3,False
57,0.0,14,90,20,6,False
58,0.0,14,90,20,9,True
59,0.0,14,90,20,12,True
60,0.0,14,120,20,3,False
61,0.0,14,120,20,6,False
62,0.0,14,120,20,9,True
63,0.0,14,120,20,12,True
64,0.0,14,150,20,3,True
65,0.0,14,150,20,6,True
66,0.0,14,150,20,9,True
67,0.0,14,150,20,12,True
68,0.0,14,180,20,3,True
69,0.0,14,180,20,6,True
70,0.0,14,180,20,9,False
71,0.0,14,180,20,12,True
72,0.0,14,210,20,3,True
73,0.0,14,210,20,6,True
74,0.0,14,210,20,9,True
75,0.0,14,210,20,12,True
76,0.0,14,240,20,3,True
77,0.0,14,240,20,6,True
78,0.0,14,240,20,9,True
79,0.0,14,240,20,12,True
80,0.0,14,270,20,3,True
81,0.0,14,270,20,6,False
82,0.0,14,270,20,9,True
83,0.0,14,270,20,12,True
84,0.0,14,300,20,3,True
85,0.0,14,300,20,6,True
86,0.0,14,300,20,9,True
87,0.0,14,300,20,12,True
88,0.0,14,330,20,3,True
89,0.0,14,330,20,6,False
90,0.0,14,330,20,9,True
91,0.0,14,330,20,12,True
92,0.0,14,360,20,3,True
93,0.0,14,360,20,6,True
94,0.0,14,360,20,9,True
95,0.0,14,360,20,12,True
96,0.0,21,30,20,3,False
97,0.0,21,30,20,6,False
98,0.0,21,30,20,9,False
99,0.0,21,30,20,12,False
100,0.0,21,60,20,3,False
101,0.0,21,60,20,6,False
102,0.0,21,60,20,9,False
103,0.0,21,60,20,12,True
104,0.0,21,90,20,3,True
105,0.0,21,90,20,6,True
106,0.0,21,90,20,9,True
107,0.0,21,90,20,12,True
108,0.0,21,120,20,3,True
109,0.0,21,120,20,6,True
110,0.0,21,120,20,9,True
111,0.0,21,120,20,12,True
112,0.0,21,150,20,3,False
113,0.0,21,150,20,6,True
114,0.0,21,150,20,9,True
115,0.0,21,150,20,12,True
116,0.0,21,180,20,3,True
117,0.0,21,180,20,6,True
118,0.0,21,180,20,9,True
119,0.0,21,180,20,12,True
120,0.0,21,210,20,3,True
121,0.0,21,210,20,6,True
122,0.0,21,210,20,9,True
123,0.0,21,210,20,12,True
124,0.0,21,240,20,3,False
125,0.0,21,240,20,6,True
126,0.0,21,240,20,9,True
127,0.0,21,240,20,12,True
128,0.0,21,270,20,3,True
129,0.0,21,270,20,6,True
130,0.0,21,270,20,9,True
131,0.0,21,270,20,12,True
132,0.0,21,300,20,3,True
133,0.0,21,300,20,6,True
134,0.0,21,300,20,9,True
135,0.0,21,300,20,12,True
136,0.0,21,330,20,3,True
137,0.0,21,330,20,6,False
138,0.0,21,330,20,9,True
139,0.0,21,330,20,12,True
140,0.0,21,360,20,3,True
141,0.0,21,360,20,6,True
142,0.0,21,360,20,9,True
143,0.0,21,360,20,12,True
144,0.0,28,30,20,3,False
145,0.0,28,30,20,6,False
146,0.0,28,30,20,9,False
147,0.0,28,30,20,12,False
148,0.0,28,60,20,3,False
149,0.0,28,60,20,6,False
150,0.0,28,60,20,9,False
151,0.0,28,60,20,12,False
152,0.0,28,90,20,3,False
153,0.0,28,90,20,6,False
154,0.0,28,90,20,9,True
155,0.0,28,90,20,12,False
156,0.0,28,120,20,3,False
157,0.0,28,120,20,6,True
158,0.0,28,120,20,9,True
159,0.0,28,120,20,12,True
160,0.0,28,150,20,3,False
161,0.0,28,150,20,6,True
162,0.0,28,150,20,9,True
163,0.0,28,150,20,12,True
164,0.0,28,180,20,3,False
165,0.0,28,180,20,6,True
166,0.0,28,180,20,9,True
167,0.0,28,180,20,12,True
168,0.0,28,210,20,3,False
169,0.0,28,210,20,6,True
170,0.0,28,210,20,9,True
171,0.0,28,210,20,12,True
172,0.0,28,240,20,3,False
173,0.0,28,240,20,6,True
174,0.0,28,240,20,9,True
175,0.0,28,240,20,12,True
176,0.0,28,270,20,3,True
177,0.0,28,270,20,6,True
178,0.0,28,270,20,9,True
179,0.0,28,270,20,12,True
180,0.0,28,300,20,3,True
181,0.0,28,300,20,6,True
182,0.0,28,300,20,9,True
183,0.0,28,300,20,12,True
184,0.0,28,330,20,3,True
185,0.0,28,330,20,6,False
186,0.0,28,330,20,9,True
187,0.0,28,330,20,12,True
188,0.0,28,360,20,3,True
189,0.0,28,360,20,6,True
190,0.0,28,360,20,9,False
191,0.0,28,360,20,12,True
192,0.2,7,30,20,3,True
193,0.2,7,30,20,6,True
194,0.2,7,30,20,9,True
195,0.2,7,30,20,12,True
196,0.2,7,60,20,3,False
197,0.2,7,60,20,6,True
198,0.2,7,60,20,9,True
199,0.2,7,60,20,12,True
200,0.2,7,90,20,3,True
201,0.2,7,90,20,6,True
202,0.2,7,90,20,9,True
203,0.2,7,90,20,12,True
204,0.2,7,120,20,3,False
205,0.2,7,120,20,6,True
206,0.2,7,120,20,9,True
207,0.2,7,120,20,12,True
208,0.2,7,150,20,3,False
209,0.2,7,150,20,6,True
210,0.2,7,150,20,9,True
211,0.2,7,150,20,12,True
212,0.2,7,180,20,3,False
213,0.2,7,180,20,6,True
214,0.2,7,180,20,9,False
215,0.2,7,180,20,12,True
216,0.2,7,210,20,3,False
217,0.2,7,210,20,6,True
218,0.2,7,210,20,9,False
219,0.2,7,210,20,12,True
220,0.2,7,240,20,3,False
221,0.2,7,240,20,6,True
222,0.2,7,240,20,9,True
223,0.2,7,240,20,12,True
224,0.2,7,270,20,3,True
225,0.2,7,270,20,6,True
226,0.2,7,270,20,9,True
227,0.2,7,270,20,12,True
228,0.2,7,300,20,3,True
229,0.2,7,300,20,6,True
230,0.2,7,300,20,9,True
231,0.2,7,300,20,12,True
232,0.2,7,330,20,3,True
233,0.2,7,330,20,6,True
234,0.2,7,330,20,9,True
235,0.2,7,330,20,12,True
236,0.2,7,360,20,3,False
237,0.2,7,360,20,6,True
238,0.2,7,360,20,9,False
239,0.2,7,360,20,12,True
240,0.2,14,30,20,3,False
241,0.2,14,30,20,6,True
242,0.2,14,30,20,9,False
243,0.2,14,30,20,12,False
244,0.2,14,60,20,3,False
245,0.2,14,60,20,6,True
246,0.2,14,60,20,9,True
247,0.2,14,60,20,12,True
248,0.2,14,90,20,3,False
249,0.2,14,90,20,6,True
250,0.2,14,90,20,9,True
251,0.2,14,90,20,12,True
252,0.2,14,120,20,3,True
253,0.2,14,120,20,6,False
254,0.2,14,120,20,9,True
255,0.2,14,120,20,12,True
256,0.2,14,150,20,3,True
257,0.2,14,150,20,6,True
258,0.2,14,150,20,9,True
259,0.2,14,150,20,12,True
260,0.2,14,180,20,3,False
261,0.2,14,180,20,6,True
262,0.2,14,180,20,9,True
263,0.2,14,180,20,12,True
264,0.2,14,210,20,3,False
265,0.2,14,210,20,6,True
266,0.2,14,210,20,9,False
267,0.2,14,210,20,12,True
268,0.2,14,240,20,3,False
269,0.2,14,240,20,6,True
270,0.2,14,240,20,9,True
271,0.2,14,240,20,12,True
272,0.2,14,270,20,3,True
273,0.2,14,270,20,6,True
274,0.2,14,270,20,9,True
275,0.2,14,270,20,12,True
276,0.2,14,300,20,3,True
277,0.2,14,300,20,6,False
278,0.2,14,300,20,9,True
279,0.2,14,300,20,12,True
280,0.2,14,330,20,3,True
281,0.2,14,330,20,6,True
282,0.2,14,330,20,9,True
283,0.2,14,330,20,12,True
284,0.2,14,360,20,3,False
285,0.2,14,360,20,6,True
286,0.2,14,360,20,9,True
287,0.2,14,360,20,12,True
288,0.2,21,30,20,3,False
289,0.2,21,30,20,6,False
290,0.2,21,30,20,9,False
291,0.2,21,30,20,12,False
292,0.2,21,60,20,3,False
293,0.2,21,60,20,6,False
294,0.2,21,60,20,9,False
295,0.2,21,60,20,12,False
296,0.2,21,90,20,3,True
297,0.2,21,90,20,6,True
298,0.2,21,90,20,9,True
299,0.2,21,90,20,12,True
300,0.2,21,120,20,3,False
301,0.2,21,120,20,6,True
302,0.2,21,120,20,9,True
303,0.2,21,120,20,12,True
304,0.2,21,150,20,3,True
305,0.2,21,150,20,6,True
306,0.2,21,150,20,9,True
307,0.2,21,150,20,12,True
308,0.2,21,180,20,3,False
309,0.2,21,180,20,6,True
310,0.2,21,180,20,9,False
311,0.2,21,180,20,12,True
312,0.2,21,210,20,3,False
313,0.2,21,210,20,6,True
314,0.2,21,210,20,9,True
315,0.2,21,210,20,12,True
316,0.2,21,240,20,3,False
317,0.2,21,240,20,6,True
318,0.2,21,240,20,9,True
319,0.2,21,240,20,12,True
320,0.2,21,270,20,3,True
321,0.2,21,270,20,6,False
322,0.2,21,270,20,9,True
323,0.2,21,270,20,12,True
324,0.2,21,300,20,3,True
325,0.2,21,300,20,6,True
326,0.2,21,300,20,9,True
327,0.2,21,300,20,12,True
328,0.2,21,330,20,3,True
329,0.2,21,330,20,6,False
330,0.2,21,330,20,9,True
331,0.2,21,330,20,12,True
332,0.2,21,360,20,3,True
333,0.2,21,360,20,6,True
334,0.2,21,360,20,9,True
335,0.2,21,360,20,12,True
336,0.2,28,30,20,3,False
337,0.2,28,30,20,6,False
338,0.2,28,30,20,9,False
339,0.2,28,30,20,12,False
340,0.2,28,60,20,3,False
341,0.2,28,60,20,6,False
342,0.2,28,60,20,9,False
343,0.2,28,60,20,12,True
344,0.2,28,90,20,3,False
345,0.2,28,90,20,6,False
346,0.2,28,90,20,9,True
347,0.2,28,90,20,12,True
348,0.2,28,120,20,3,False
349,0.2,28,120,20,6,False
350,0.2,28,120,20,9,True
351,0.2,28,120,20,12,True
352,0.2,28,150,20,3,False
353,0.2,28,150,20,6,True
354,0.2,28,150,20,9,True
355,0.2,28,150,20,12,True
356,0.2,28,180,20,3,False
357,0.2,28,180,20,6,False
358,0.2,28,180,20,9,True
359,0.2,28,180,20,12,True
360,0.2,28,210,20,3,False
361,0.2,28,210,20,6,True
362,0.2,28,210,20,9,False
363,0.2,28,210,20,12,True
364,0.2,28,240,20,3,False
365,0.2,28,240,20,6,False
366,0.2,28,240,20,9,True
367,0.2,28,240,20,12,True
368,0.2,28,270,20,3,True
369,0.2,28,270,20,6,True
370,0.2,28,270,20,9,True
371,0.2,28,270,20,12,True
372,0.2,28,300,20,3,True
373,0.2,28,300,20,6,False
374,0.2,28,300,20,9,True
375,0.2,28,300,20,12,True
376,0.2,28,330,20,3,True
377,0.2,28,330,20,6,True
378,0.2,28,330,20,9,True
379,0.2,28,330,20,12,True
380,0.2,28,360,20,3,True
381,0.2,28,360,20,6,True
382,0.2,28,360,20,9,True
383,0.2,28,360,20,12,True
384,0.4,7,30,20,3,False
385,0.4,7,30,20,6,True
386,0.4,7,30,20,9,True
387,0.4,7,30,20,12,True
388,0.4,7,60,20,3,False
389,0.4,7,60,20,6,True
390,0.4,7,60,20,9,False
391,0.4,7,60,20,12,True
392,0.4,7,90,20,3,True
393,0.4,7,90,20,6,True
394,0.4,7,90,20,9,True
395,0.4,7,90,20,12,True
396,0.4,7,120,20,3,False
397,0.4,7,120,20,6,False
398,0.4,7,120,20,9,False
399,0.4,7,120,20,12,True
400,0.4,7,150,20,3,True
401,0.4,7,150,20,6,True
402,0.4,7,150,20,9,True
403,0.4,7,150,20,12,True
404,0.4,7,180,20,3,False
405,0.4,7,180,20,6,True
406,0.4,7,180,20,9,False
407,0.4,7,180,20,12,True
408,0.4,7,210,20,3,False
409,0.4,7,210,20,6,False
410,0.4,7,210,20,9,True
411,0.4,7,210,20,12,True
412,0.4,7,240,20,3,True
413,0.4,7,240,20,6,False
414,0.4,7,240,20,9,False
415,0.4,7,240,20,12,True
416,0.4,7,270,20,3,False
417,0.4,7,270,20,6,False
418,0.4,7,270,20,9,True
419,0.4,7,270,20,12,True
420,0.4,7,300,20,3,True
421,0.4,7,300,20,6,False
422,0.4,7,300,20,9,False
423,0.4,7,300,20,12,True
424,0.4,7,330,20,3,True
425,0.4,7,330,20,6,False
426,0.4,7,330,20,9,True
427,0.4,7,330,20,12,True
428,0.4,7,360,20,3,False
429,0.4,7,360,20,6,True
430,0.4,7,360,20,9,False
431,0.4,7,360,20,12,True
432,0.4,14,30,20,3,False
433,0.4,14,30,20,6,True
434,0.4,14,30,20,9,False
435,0.4,14,30,20,12,False
436,0.4,14,60,20,3,False
437,0.4,14,60,20,6,False
438,0.4,14,60,20,9,True
439,0.4,14,60,20,12,True
440,0.4,14,90,20,3,False
441,0.4,14,90,20,6,False
442,0.4,14,90,20,9,False
443,0.4,14,90,20,12,True
444,0.4,14,120,20,3,False
445,0.4,14,120,20,6,False
446,0.4,14,120,20,9,True
447,0.4,14,120,20,12,True
448,0.4,14,150,20,3,True
449,0.4,14,150,20,6,True
450,0.4,14,150,20,9,True
451,0.4,14,150,20,12,True
452,0.4,14,180,20,3,False
453,0.4,14,180,20,6,True
454,0.4,14,180,20,9,False
455,0.4,14,180,20,12,True
456,0.4,14,210,20,3,False
457,0.4,14,210,20,6,True
458,0.4,14,210,20,9,False
459,0.4,14,210,20,12,True
460,0.4,14,240,20,3,True
461,0.4,14,240,20,6,True
462,0.4,14,240,20,9,True
463,0.4,14,240,20,12,True
464,0.4,14,270,20,3,False
465,0.4,14,270,20,6,False
466,0.4,14,270,20,9,False
467,0.4,14,270,20,12,False
468,0.4,14,300,20,3,False
469,0.4,14,300,20,6,False
470,0.4,14,300,20,9,True
471,0.4,14,300,20,12,True
472,0.4,14,330,20,3,True
473,0.4,14,330,20,6,True
474,0.4,14,330,20,9,True
475,0.4,14,330,20,12,True
476,0.4,14,360,20,3,True
477,0.4,14,360,20,6,True
478,0.4,14,360,20,9,True
479,0.4,14,360,20,12,True
480,0.4,21,30,20,3,False
481,0.4,21,30,20,6,False
482,0.4,21,30,20,9,False
483,0.4,21,30,20,12,False
484,0.4,21,60,20,3,False
485,0.4,21,60,20,6,False
486,0.4,21,60,20,9,False
487,0.4,21,60,20,12,False
488,0.4,21,90,20,3,True
489,0.4,21,90,20,6,True
490,0.4,21,90,20,9,True
491,0.4,21,90,20,12,True
492,0.4,21,120,20,3,False
493,0.4,21,120,20,6,True
494,0.4,21,120,20,9,True
495,0.4,21,120,20,12,False
496,0.4,21,150,20,3,False
497,0.4,21,150,20,6,True
498,0.4,21,150,20,9,False
499,0.4,21,150,20,12,True
500,0.4,21,180,20,3,True
501,0.4,21,180,20,6,True
502,0.4,21,180,20,9,True
503,0.4,21,180,20,12,True
504,0.4,21,210,20,3,False
505,0.4,21,210,20,6,True
506,0.4,21,210,20,9,True
507,0.4,21,210,20,12,True
508,0.4,21,240,20,3,False
509,0.4,21,240,20,6,True
510,0.4,21,240,20,9,True
511,0.4,21,240,20,12,True
512,0.4,21,270,20,3,True
513,0.4,21,270,20,6,False
514,0.4,21,270,20,9,True
515,0.4,21,270,20,12,True
516,0.4,21,300,20,3,False
517,0.4,21,300,20,6,False
518,0.4,21,300,20,9,True
519,0.4,21,300,20,12,True
520,0.4,21,330,20,3,True
521,0.4,21,330,20,6,False
522,0.4,21,330,20,9,False
523,0.4,21,330,20,12,True
524,0.4,21,360,20,3,False
525,0.4,21,360,20,6,True
526,0.4,21,360,20,9,True
527,0.4,21,360,20,12,True
528,0.4,28,30,20,3,False
529,0.4,28,30,20,6,False
530,0.4,28,30,20,9,False
531,0.4,28,30,20,12,False
532,0.4,28,60,20,3,False
533,0.4,28,60,20,6,False
534,0.4,28,60,20,9,False
535,0.4,28,60,20,12,True
536,0.4,28,90,20,3,False
537,0.4,28,90,20,6,False
538,0.4,28,90,20,9,True
539,0.4,28,90,20,12,False
540,0.4,28,120,20,3,False
541,0.4,28,120,20,6,True
542,0.4,28,120,20,9,False
543,0.4,28,120,20,12,True
544,0.4,28,150,20,3,False
545,0.4,28,150,20,6,True
546,0.4,28,150,20,9,True
547,0.4,28,150,20,12,True
548,0.4,28,180,20,3,False
549,0.4,28,180,20,6,True
550,0.4,28,180,20,9,True
551,0.4,28,180,20,12,True
552,0.4,28,210,20,3,False
553,0.4,28,210,20,6,True
554,0.4,28,210,20,9,True
555,0.4,28,210,20,12,True
556,0.4,28,240,20,3,False
557,0.4,28,240,20,6,True
558,0.4,28,240,20,9,True
559,0.4,28,240,20,12,True
560,0.4,28,270,20,3,True
561,0.4,28,270,20,6,False
562,0.4,28,270,20,9,False
563,0.4,28,270,20,12,True
564,0.4,28,300,20,3,True
565,0.4,28,300,20,6,False
566,0.4,28,300,20,9,True
567,0.4,28,300,20,12,True
568,0.4,28,330,20,3,True
569,0.4,28,330,20,6,False
570,0.4,28,330,20,9,False
571,0.4,28,330,20,12,True
572,0.4,28,360,20,3,True
573,0.4,28,360,20,6,True
574,0.4,28,360,20,9,True
575,0.4,28,360,20,12,True
576,0.6000000000000001,7,30,20,3,False
577,0.6000000000000001,7,30,20,6,True
578,0.6000000000000001,7,30,20,9,True
579,0.6000000000000001,7,30,20,12,True
580,0.6000000000000001,7,60,20,3,False
581,0.6000000000000001,7,60,20,6,True
582,0.6000000000000001,7,60,20,9,False
583,0.6000000000000001,7,60,20,12,True
584,0.6000000000000001,7,90,20,3,True
585,0.6000000000000001,7,90,20,6,False
586,0.6000000000000001,7,90,20,9,True
587,0.6000000000000001,7,90,20,12,True
588,0.6000000000000001,7,120,20,3,False
589,0.6000000000000001,7,120,20,6,False
590,0.6000000000000001,7,120,20,9,False
591,0.6000000000000001,7,120,20,12,True
592,0.6000000000000001,7,150,20,3,False
593,0.6000000000000001,7,150,20,6,True
594,0.6000000000000001,7,150,20,9,True
595,0.6000000000000001,7,150,20,12,True
596,0.6000000000000001,7,180,20,3,True
597,0.6000000000000001,7,180,20,6,False
598,0.6000000000000001,7,180,20,9,False
599,0.6000000000000001,7,180,20,12,True
600,0.6000000000000001,7,210,20,3,True
601,0.6000000000000001,7,210,20,6,True
602,0.6000000000000001,7,210,20,9,True
603,0.6000000000000001,7,210,20,12,True
604,0.6000000000000001,7,240,20,3,False
605,0.6000000000000001,7,240,20,6,False
606,0.6000000000000001,7,240,20,9,True
607,0.6000000000000001,7,240,20,12,True
608,0.6000000000000001,7,270,20,3,False
609,0.6000000000000001,7,270,20,6,True
610,0.6000000000000001,7,270,20,9,True
611,0.6000000000000001,7,270,20,12,True
612,0.6000000000000001,7,300,20,3,True
613,0.6000000000000001,7,300,20,6,True
614,0.6000000000000001,7,300,20,9,False
615,0.6000000000000001,7,300,20,12,True
616,0.6000000000000001,7,330,20,3,False
617,0.6000000000000001,7,330,20,6,True
618,0.6000000000000001,7,330,20,9,True
619,0.6000000000000001,7,330,20,12,True
620,0.6000000000000001,7,360,20,3,True
621,0.6000000000000001,7,360,20,6,True
622,0.6000000000000001,7,360,20,9,True
623,0.6000000000000001,7,360,20,12,True
624,0.6000000000000001,14,30,20,3,False
625,0.6000000000000001,14,30,20,6,True
626,0.6000000000000001,14,30,20,9,True
627,0.6000000000000001,14,30,20,12,True
628,0.6000000000000001,14,60,20,3,False
629,0.6000000000000001,14,60,20,6,False
630,0.6000000000000001,14,60,20,9,True
631,0.6000000000000001,14,60,20,12,True
632,0.6000000000000001,14,90,20,3,False
633,0.6000000000000001,14,90,20,6,False
634,0.6000000000000001,14,90,20,9,False
635,0.6000000000000001,14,90,20,12,True
636,0.6000000000000001,14,120,20,3,False
637,0.6000000000000001,14,120,20,6,True
638,0.6000000000000001,14,120,20,9,False
639,0.6000000000000001,14,120,20,12,True
640,0.6000000000000001,14,150,20,3,True
641,0.6000000000000001,14,150,20,6,False
642,0.6000000000000001,14,150,20,9,False
643,0.6000000000000001,14,150,20,12,True
644,0.6000000000000001,14,180,20,3,False
645,0.6000000000000001,14,180,20,6,True
646,0.6000000000000001,14,180,20,9,False
647,0.6000000000000001,14,180,20,12,False
648,0.6000000000000001,14,210,20,3,True
649,0.6000000000000001,14,210,20,6,True
650,0.6000000000000001,14,210,20,9,True
651,0.6000000000000001,14,210,20,12,True
652,0.6000000000000001,14,240,20,3,True
653,0.6000000000000001,14,240,20,6,False
654,0.6000000000000001,14,240,20,9,True
655,0.6000000000000001,14,240,20,12,True
656,0.6000000000000001,14,270,20,3,False
657,0.6000000000000001,14,270,20,6,True
658,0.6000000000000001,14,270,20,9,True
659,0.6000000000000001,14,270,20,12,True
660,0.6000000000000001,14,300,20,3,False
661,0.6000000000000001,14,300,20,6,True
662,0.6000000000000001,14,300,20,9,True
663,0.6000000000000001,14,300,20,12,True
664,0.6000000000000001,14,330,20,3,False
665,0.6000000000000001,14,330,20,6,True
666,0.6000000000000001,14,330,20,9,False
667,0.6000000000000001,14,330,20,12,True
668,0.6000000000000001,14,360,20,3,True
669,0.6000000000000001,14,360,20,6,True
670,0.6000000000000001,14,360,20,9,False
671,0.6000000000000001,14,360,20,12,True
672,0.6000000000000001,21,30,20,3,False
673,0.6000000000000001,21,30,20,6,False
674,0.6000000000000001,21,30,20,9,False
675,0.6000000000000001,21,30,20,12,False
676,0.6000000000000001,21,60,20,3,False
677,0.6000000000000001,21,60,20,6,False
678,0.6000000000000001,21,60,20,9,False
679,0.6000000000000001,21,60,20,12,True
680,0.6000000000000001,21,90,20,3,False
681,0.6000000000000001,21,90,20,6,False
682,0.6000000000000001,21,90,20,9,True
683,0.6000000000000001,21,90,20,12,True
684,0.6000000000000001,21,120,20,3,False
685,0.6000000000000001,21,120,20,6,False
686,0.6000000000000001,21,120,20,9,True
687,0.6000000000000001,21,120,20,12,False
688,0.6000000000000001,21,150,20,3,True
689,0.6000000000000001,21,150,20,6,False
690,0.6000000000000001,21,150,20,9,False
691,0.6000000000000001,21,150,20,12,True
692,0.6000000000000001,21,180,20,3,False
693,0.6000000000000001,21,180,20,6,False
694,0.6000000000000001,21,180,20,9,False
695,0.6000000000000001,21,180,20,12,True
696,0.6000000000000001,21,210,20,3,True
697,0.6000000000000001,21,210,20,6,False
698,0.6000000000000001,21,210,20,9,False
699,0.6000000000000001,21,210,20,12,True
700,0.6000000000000001,21,240,20,3,False
701,0.6000000000000001,21,240,20,6,False
702,0.6000000000000001,21,240,20,9,False
703,0.6000000000000001,21,240,20,12,True
704,0.6000000000000001,21,270,20,3,False
705,0.6000000000000001,21,270,20,6,False
706,0.6000000000000001,21,270,20,9,True
707,0.6000000000000001,21,270,20,12,False
708,0.6000000000000001,21,300,20,3,True
709,0.6000000000000001,21,300,20,6,True
710,0.6000000000000001,21,300,20,9,True
711,0.6000000000000001,21,300,20,12,True
712,0.6000000000000001,21,330,20,3,True
713,0.6000000000000001,21,330,20,6,False
714,0.6000000000000001,21,330,20,9,True
715,0.6000000000000001,21,330,20,12,True
716,0.6000000000000001,21,360,20,3,True
717,0.6000000000000001,21,360,20,6,False
718,0.6000000000000001,21,360,20,9,True
719,0.6000000000000001,21,360,20,12,True
720,0.6000000000000001,28,30,20,3,True
721,0.6000000000000001,28,30,20,6,False
722,0.6000000000000001,28,30,20,9,False
723,0.6000000000000001,28,30,20,12,False
724,0.6000000000000001,28,60,20,3,False
725,0.6000000000000001,28,60,20,6,False
726,0.6000000000000001,28,60,20,9,False
727,0.6000000000000001,28,60,20,12,False
728,0.6000000000000001,28,90,20,3,False
729,0.6000000000000001,28,90,20,6,False
730,0.6000000000000001,28,90,20,9,False
731,0.6000000000000001,28,90,20,12,False
732,0.6000000000000001,28,120,20,3,False
733,0.6000000000000001,28,120,20,6,False
734,0.6000000000000001,28,120,20,9,False
735,0.6000000000000001,28,120,20,12,True
736,0.6000000000000001,28,150,20,3,True
737,0.6000000000000001,28,150,20,6,True
738,0.6000000000000001,28,150,20,9,True
739,0.6000000000000001,28,150,20,12,False
740,0.6000000000000001,28,180,20,3,False
741,0.6000000000000001,28,180,20,6,False
742,0.6000000000000001,28,180,20,9,True
743,0.6000000000000001,28,180,20,12,True
744,0.6000000000000001,28,210,20,3,False
745,0.6000000000000001,28,210,20,6,True
746,0.6000000000000001,28,210,20,9,False
747,0.6000000000000001,28,210,20,12,True
748,0.6000000000000001,28,240,20,3,True
749,0.6000000000000001,28,240,20,6,True
750,0.6000000000000001,28,240,20,9,True
751,0.6000000000000001,28,240,20,12,False
752,0.6000000000000001,28,270,20,3,True
753,0.6000000000000001,28,270,20,6,False
754,0.6000000000000001,28,270,20,9,False
755,0.6000000000000001,28,270,20,12,True
756,0.6000000000000001,28,300,20,3,True
757,0.6000000000000001,28,300,20,6,False
758,0.6000000000000001,28,300,20,9,True
759,0.6000000000000001,28,300,20,12,True
760,0.6000000000000001,28,330,20,3,False
761,0.6000000000000001,28,330,20,6,False
762,0.6000000000000001,28,330,20,9,True
763,0.6000000000000001,28,330,20,12,True
764,0.6000000000000001,28,360,20,3,False
765,0.6000000000000001,28,360,20,6,True
766,0.6000000000000001,28,360,20,9,True
767,0.6000000000000001,28,360,20,12,True
768,0.8,7,30,20,3,False
769,0.8,7,30,20,6,False
770,0.8,7,30,20,9,True
771,0.8,7,30,20,12,False
772,0.8,7,60,20,3,False
773,0.8,7,60,20,6,False
774,0.8,7,60,20,9,False
775,0.8,7,60,20,12,True
776,0.8,7,90,20,3,False
777,0.8,7,90,20,6,True
778,0.8,7,90,20,9,True
779,0.8,7,90,20,12,True
780,0.8,7,120,20,3,False
781,0.8,7,120,20,6,False
782,0.8,7,120,20,9,True
783,0.8,7,120,20,12,True
784,0.8,7,150,20,3,False
785,0.8,7,150,20,6,True
786,0.8,7,150,20,9,True
787,0.8,7,150,20,12,True
788,0.8,7,180,20,3,True
789,0.8,7,180,20,6,True
790,0.8,7,180,20,9,True
791,0.8,7,180,20,12,True
792,0.8,7,210,20,3,True
793,0.8,7,210,20,6,True
794,0.8,7,210,20,9,True
795,0.8,7,210,20,12,True
796,0.8,7,240,20,3,False
797,0.8,7,240,20,6,True
798,0.8,7,240,20,9,True
799,0.8,7,240,20,12,True
800,0.8,7,270,20,3,True
801,0.8,7,270,20,6,True
802,0.8,7,270,20,9,True
803,0.8,7,270,20,12,True
804,0.8,7,300,20,3,True
805,0.8,7,300,20,6,True
806,0.8,7,300,20,9,True
807,0.8,7,300,20,12,True
808,0.8,7,330,20,3,False
809,0.8,7,330,20,6,True
810,0.8,7,330,20,9,True
811,0.8,7,330,20,12,True
812,0.8,7,360,20,3,False
813,0.8,7,360,20,6,True
814,0.8,7,360,20,9,True
815,0.8,7,360,20,12,True
816,0.8,14,30,20,3,False
817,0.8,14,30,20,6,False
818,0.8,14,30,20,9,False
819,0.8,14,30,20,12,False
820,0.8,14,60,20,3,False
821,0.8,14,60,20,6,False
822,0.8,14,60,20,9,False
823,0.8,14,60,20,12,True
824,0.8,14,90,20,3,False
825,0.8,14,90,20,6,False
826,0.8,14,90,20,9,True
827,0.8,14,90,20,12,True
828,0.8,14,120,20,3,False
829,0.8,14,120,20,6,False
830,0.8,14,120,20,9,True
831,0.8,14,120,20,12,False
832,0.8,14,150,20,3,False
833,0.8,14,150,20,6,True
834,0.8,14,150,20,9,True
835,0.8,14,150,20,12,True
836,0.8,14,180,20,3,False
837,0.8,14,180,20,6,False
838,0.8,14,180,20,9,False
839,0.8,14,180,20,12,True
840,0.8,14,210,20,3,True
841,0.8,14,210,20,6,False
842,0.8,14,210,20,9,True
843,0.8,14,210,20,12,True
844,0.8,14,240,20,3,False
845,0.8,14,240,20,6,False
846,0.8,14,240,20,9,False
847,0.8,14,240,20,12,True
848,0.8,14,270,20,3,False
849,0.8,14,270,20,6,True
850,0.8,14,270,20,9,True
851,0.8,14,270,20,12,True
852,0.8,14,300,20,3,False
853,0.8,14,300,20,6,True
854,0.8,14,300,20,9,True
855,0.8,14,300,20,12,True
856,0.8,14,330,20,3,True
857,0.8,14,330,20,6,True
858,0.8,14,330,20,9,True
859,0.8,14,330,20,12,True
860,0.8,14,360,20,3,True
861,0.8,14,360,20,6,True
862,0.8,14,360,20,9,True
863,0.8,14,360,20,12,True
864,0.8,21,30,20,3,False
865,0.8,21,30,20,6,False
866,0.8,21,30,20,9,False
867,0.8,21,30,20,12,False
868,0.8,21,60,20,3,False
869,0.8,21,60,20,6,False
870,0.8,21,60,20,9,False
871,0.8,21,60,20,12,False
872,0.8,21,90,20,3,False
873,0.8,21,90,20,6,False
874,0.8,21,90,20,9,False
875,0.8,21,90,20,12,True
876,0.8,21,120,20,3,False
877,0.8,21,120,20,6,True
878,0.8,21,120,20,9,True
879,0.8,21,120,20,12,True
880,0.8,21,150,20,3,False
881,0.8,21,150,20,6,False
882,0.8,21,150,20,9,False
883,0.8,21,150,20,12,True
884,0.8,21,180,20,3,False
885,0.8,21,180,20,6,False
886,0.8,21,180,20,9,False
887,0.8,21,180,20,12,True
888,0.8,21,210,20,3,False
889,0.8,21,210,20,6,False
890,0.8,21,210,20,9,True
891,0.8,21,210,20,12,False
892,0.8,21,240,20,3,False
893,0.8,21,240,20,6,False
894,0.8,21,240,20,9,True
895,0.8,21,240,20,12,True
896,0.8,21,270,20,3,True
897,0.8,21,270,20,6,False
898,0.8,21,270,20,9,True
899,0.8,21,270,20,12,True
900,0.8,21,300,20,3,False
901,0.8,21,300,20,6,False
902,0.8,21,300,20,9,True
903,0.8,21,300,20,12,True
904,0.8,21,330,20,3,False
905,0.8,21,330,20,6,False
906,0.8,21,330,20,9,True
907,0.8,21,330,20,12,True
908,0.8,21,360,20,3,False
909,0.8,21,360,20,6,True
910,0.8,21,360,20,9,True
911,0.8,21,360,20,12,True
912,0.8,28,30,20,3,False
913,0.8,28,30,20,6,False
914,0.8,28,30,20,9,False
915,0.8,28,30,20,12,False
916,0.8,28,60,20,3,False
917,0.8,28,60,20,6,False
918,0.8,28,60,20,9,False
919,0.8,28,60,20,12,False
920,0.8,28,90,20,3,False
921,0.8,28,90,20,6,False
922,0.8,28,90,20,9,False
923,0.8,28,90,20,12,False
924,0.8,28,120,20,3,False
925,0.8,28,120,20,6,True
926,0.8,28,120,20,9,True
927,0.8,28,120,20,12,True
928,0.8,28,150,20,3,False
929,0.8,28,150,20,6,False
930,0.8,28,150,20,9,True
931,0.8,28,150,20,12,True
932,0.8,28,180,20,3,False
933,0.8,28,180,20,6,False
934,0.8,28,180,20,9,False
935,0.8,28,180,20,12,False
936,0.8,28,210,20,3,False
937,0.8,28,210,20,6,True
938,0.8,28,210,20,9,False
939,0.8,28,210,20,12,True
940,0.8,28,240,20,3,False
941,0.8,28,240,20,6,True
942,0.8,28,240,20,9,True
943,0.8,28,240,20,12,True
944,0.8,28,270,20,3,True
945,0.8,28,270,20,6,True
946,0.8,28,270,20,9,False
947,0.8,28,270,20,12,False
948,0.8,28,300,20,3,False
949,0.8,28,300,20,6,False
950,0.8,28,300,20,9,True
951,0.8,28,300,20,12,False
952,0.8,28,330,20,3,False
953,0.8,28,330,20,6,False
954,0.8,28,330,20,9,True
955,0.8,28,330,20,12,True
956,0.8,28,360,20,3,False
957,0.8,28,360,20,6,False
958,0.8,28,360,20,9,True
959,0.8,28,360,20,12,True
960,1.0,7,30,20,3,False
961,1.0,7,30,20,6,False
962,1.0,7,30,20,9,False
963,1.0,7,30,20,12,False
964,1.0,7,60,20,3,False
965,1.0,7,60,20,6,False
966,1.0,7,60,20,9,False
967,1.0,7,60,20,12,False
968,1.0,7,90,20,3,True
969,1.0,7,90,20,6,True
970,1.0,7,90,20,9,True
971,1.0,7,90,20,12,True
972,1.0,7,120,20,3,False
973,1.0,7,120,20,6,False
974,1.0,7,120,20,9,False
975,1.0,7,120,20,12,True
976,1.0,7,150,20,3,True
977,1.0,7,150,20,6,True
978,1.0,7,150,20,9,True
979,1.0,7,150,20,12,True
980,1.0,7,180,20,3,True
981,1.0,7,180,20,6,True
982,1.0,7,180,20,9,True
983,1.0,7,180,20,12,True
984,1.0,7,210,20,3,True
985,1.0,7,210,20,6,True
986,1.0,7,210,20,9,True
987,1.0,7,210,20,12,True
988,1.0,7,240,20,3,True
989,1.0,7,240,20,6,True
990,1.0,7,240,20,9,True
991,1.0,7,240,20,12,True
992,1.0,7,270,20,3,True
993,1.0,7,270,20,6,True
994,1.0,7,270,20,9,True
995,1.0,7,270,20,12,True
996,1.0,7,300,20,3,True
997,1.0,7,300,20,6,True
998,1.0,7,300,20,9,True
999,1.0,7,300,20,12,True
1000,1.0,7,330,20,3,True
1001,1.0,7,330,20,6,True
1002,1.0,7,330,20,9,False
1003,1.0,7,330,20,12,True
1004,1.0,7,360,20,3,False
1005,1.0,7,360,20,6,True
1006,1.0,7,360,20,9,True
1007,1.0,7,360,20,12,True
1008,1.0,14,30,20,3,False
1009,1.0,14,30,20,6,False
1010,1.0,14,30,20,9,False
1011,1.0,14,30,20,12,False
1012,1.0,14,60,20,3,False
1013,1.0,14,60,20,6,False
1014,1.0,14,60,20,9,True
1015,1.0,14,60,20,12,False
1016,1.0,14,90,20,3,True
1017,1.0,14,90,20,6,False
1018,1.0,14,90,20,9,False
1019,1.0,14,90,20,12,True
1020,1.0,14,120,20,3,False
1021,1.0,14,120,20,6,False
1022,1.0,14,120,20,9,True
1023,1.0,14,120,20,12,True
1024,1.0,14,150,20,3,False
1025,1.0,14,150,20,6,True
1026,1.0,14,150,20,9,False
1027,1.0,14,150,20,12,False
1028,1.0,14,180,20,3,True
1029,1.0,14,180,20,6,False
1030,1.0,14,180,20,9,True
1031,1.0,14,180,20,12,False
1032,1.0,14,210,20,3,True
1033,1.0,14,210,20,6,False
1034,1.0,14,210,20,9,True
1035,1.0,14,210,20,12,True
1036,1.0,14,240,20,3,True
1037,1.0,14,240,20,6,False
1038,1.0,14,240,20,9,True
1039,1.0,14,240,20,12,True
1040,1.0,14,270,20,3,True
1041,1.0,14,270,20,6,True
1042,1.0,14,270,20,9,True
1043,1.0,14,270,20,12,True
1044,1.0,14,300,20,3,False
1045,1.0,14,300,20,6,True
1046,1.0,14,300,20,9,True
1047,1.0,14,300,20,12,True
1048,1.0,14,330,20,3,True
1049,1.0,14,330,20,6,True
1050,1.0,14,330,20,9,True
1051,1.0,14,330,20,12,True
1052,1.0,14,360,20,3,True
1053,1.0,14,360,20,6,True
1054,1.0,14,360,20,9,True
1055,1.0,14,360,20,12,True
1056,1.0,21,30,20,3,False
1057,1.0,21,30,20,6,False
1058,1.0,21,30,20,9,False
1059,1.0,21,30,20,12,False
1060,1.0,21,60,20,3,False
1061,1.0,21,60,20,6,False
1062,1.0,21,60,20,9,False
1063,1.0,21,60,20,12,True
1064,1.0,21,90,20,3,False
1065,1.0,21,90,20,6,False
1066,1.0,21,90,20,9,True
1067,1.0,21,90,20,12,False
1068,1.0,21,120,20,3,False
1069,1.0,21,120,20,6,False
1070,1.0,21,120,20,9,False
1071,1.0,21,120,20,12,True
1072,1.0,21,150,20,3,False
1073,1.0,21,150,20,6,True
1074,1.0,21,150,20,9,False
1075,1.0,21,150,20,12,True
1076,1.0,21,180,20,3,False
1077,1.0,21,180,20,6,False
1078,1.0,21,180,20,9,False
1079,1.0,21,180,20,12,False
1080,1.0,21,210,20,3,False
1081,1.0,21,210,20,6,False
1082,1.0,21,210,20,9,True
1083,1.0,21,210,20,12,True
1084,1.0,21,240,20,3,True
1085,1.0,21,240,20,6,True
1086,1.0,21,240,20,9,True
1087,1.0,21,240,20,12,False
1088,1.0,21,270,20,3,False
1089,1.0,21,270,20,6,False
1090,1.0,21,270,20,9,True
1091,1.0,21,270,20,12,True
1092,1.0,21,300,20,3,False
1093,1.0,21,300,20,6,False
1094,1.0,21,300,20,9,True
1095,1.0,21,300,20,12,True
1096,1.0,21,330,20,3,False
1097,1.0,21,330,20,6,True
1098,1.0,21,330,20,9,True
1099,1.0,21,330,20,12,True
1100,1.0,21,360,20,3,True
1101,1.0,21,360,20,6,True
1102,1.0,21,360,20,9,True
1103,1.0,21,360,20,12,True
1104,1.0,28,30,20,3,False
1105,1.0,28,30,20,6,False
1106,1.0,28,30,20,9,False
1107,1.0,28,30,20,12,False
1108,1.0,28,60,20,3,False
1109,1.0,28,60,20,6,False
1110,1.0,28,60,20,9,False
1111,1.0,28,60,20,12,False
1112,1.0,28,90,20,3,False
1113,1.0,28,90,20,6,False
1114,1.0,28,90,20,9,False
1115,1.0,28,90,20,12,False
1116,1.0,28,120,20,3,False
1117,1.0,28,120,20,6,False
1118,1.0,28,120,20,9,False
1119,1.0,28,120,20,12,True
1120,1.0,28,150,20,3,False
1121,1.0,28,150,20,6,True
1122,1.0,28,150,20,9,False
1123,1.0,28,150,20,12,False
1124,1.0,28,180,20,3,False
1125,1.0,28,180,20,6,False
1126,1.0,28,180,20,9,False
1127,1.0,28,180,20,12,True
1128,1.0,28,210,20,3,False
1129,1.0,28,210,20,6,False
1130,1.0,28,210,20,9,False
1131,1.0,28,210,20,12,True
1132,1.0,28,240,20,3,False
1133,1.0,28,240,20,6,True
1134,1.0,28,240,20,9,True
1135,1.0,28,240,20,12,False
1136,1.0,28,270,20,3,False
1137,1.0,28,270,20,6,True
1138,1.0,28,270,20,9,True
1139,1.0,28,270,20,12,True
1140,1.0,28,300,20,3,False
1141,1.0,28,300,20,6,False
1142,1.0,28,300,20,9,True
1143,1.0,28,300,20,12,False
1144,1.0,28,330,20,3,False
1145,1.0,28,330,20,6,False
1146,1.0,28,330,20,9,True
1147,1.0,28,330,20,12,True
1148,1.0,28,360,20,3,True
1149,1.0,28,360,20,6,True
1150,1.0,28,360,20,9,True
1151,1.0,28,360,20,12,True
1152,1.2000000000000002,7,30,20,3,True
1153,1.2000000000000002,7,30,20,6,False
1154,1.2000000000000002,7,30,20,9,False
1155,1.2000000000000002,7,30,20,12,False
1156,1.2000000000000002,7,60,20,3,False
1157,1.2000000000000002,7,60,20,6,True
1158,1.2000000000000002,7,60,20,9,False
1159,1.2000000000000002,7,60,20,12,True
1160,1.2000000000000002,7,90,20,3,True
1161,1.2000000000000002,7,90,20,6,True
1162,1.2000000000000002,7,90,20,9,False
1163,1.2000000000000002,7,90,20,12,True
1164,1.2000000000000002,7,120,20,3,True
1165,1.2000000000000002,7,120,20,6,False
1166,1.2000000000000002,7,120,20,9,True
1167,1.2000000000000002,7,120,20,12,True
1168,1.2000000000000002,7,150,20,3,True
1169,1.2000000000000002,7,150,20,6,True
1170,1.2000000000000002,7,150,20,9,True
1171,1.2000000000000002,7,150,20,12,True
1172,1.2000000000000002,7,180,20,3,True
1173,1.2000000000000002,7,180,20,6,True
1174,1.2000000000000002,7,180,20,9,True
1175,1.2000000000000002,7,180,20,12,True
1176,1.2000000000000002,7,210,20,3,False
1177,1.2000000000000002,7,210,20,6,True
1178,1.2000000000000002,7,210,20,9,True
1179,1.2000000000000002,7,210,20,12,False
1180,1.2000000000000002,7,240,20,3,True
1181,1.2000000000000002,7,240,20,6,True
1182,1.2000000000000002,7,240,20,9,True
1183,1.2000000000000002,7,240,20,12,True
1184,1.2000000000000002,7,270,20,3,True
1185,1.2000000000000002,7,270,20,6,True
1186,1.2000000000000002,7,270,20,9,True
1187,1.2000000000000002,7,270,20,12,True
1188,1.2000000000000002,7,300,20,3,True
1189,1.2000000000000002,7,300,20,6,True
1190,1.2000000000000002,7,300,20,9,True
1191,1.2000000000000002,7,300,20,12,True
1192,1.2000000000000002,7,330,20,3,True
1193,1.2000000000000002,7,330,20,6,True
1194,1.2000000000000002,7,330,20,9,True
1195,1.2000000000000002,7,330,20,12,True
1196,1.2000000000000002,7,360,20,3,False
1197,1.2000000000000002,7,360,20,6,True
1198,1.2000000000000002,7,360,20,9,True
1199,1.2000000000000002,7,360,20,12,True
1200,1.2000000000000002,14,30,20,3,False
1201,1.2000000000000002,14,30,20,6,False
1202,1.2000000000000002,14,30,20,9,False
1203,1.2000000000000002,14,30,20,12,False
1204,1.2000000000000002,14,60,20,3,False
1205,1.2000000000000002,14,60,20,6,False
1206,1.2000000000000002,14,60,20,9,False
1207,1.2000000000000002,14,60,20,12,False
1208,1.2000000000000002,14,90,20,3,False
1209,1.2000000000000002,14,90,20,6,False
1210,1.2000000000000002,14,90,20,9,False
1211,1.2000000000000002,14,90,20,12,True
1212,1.2000000000000002,14,120,20,3,False
1213,1.2000000000000002,14,120,20,6,True
1214,1.2000000000000002,14,120,20,9,False
1215,1.2000000000000002,14,120,20,12,True
1216,1.2000000000000002,14,150,20,3,True
1217,1.2000000000000002,14,150,20,6,True
1218,1.2000000000000002,14,150,20,9,True
1219,1.2000000000000002,14,150,20,12,False
1220,1.2000000000000002,14,180,20,3,False
1221,1.2000000000000002,14,180,20,6,True
1222,1.2000000000000002,14,180,20,9,False
1223,1.2000000000000002,14,180,20,12,True
1224,1.2000000000000002,14,210,20,3,True
1225,1.2000000000000002,14,210,20,6,False
1226,1.2000000000000002,14,210,20,9,True
1227,1.2000000000000002,14,210,20,12,True
1228,1.2000000000000002,14,240,20,3,False
1229,1.2000000000000002,14,240,20,6,False
1230,1.2000000000000002,14,240,20,9,True
1231,1.2000000000000002,14,240,20,12,True
1232,1.2000000000000002,14,270,20,3,True
1233,1.2000000000000002,14,270,20,6,True
1234,1.2000000000000002,14,270,20,9,True
1235,1.2000000000000002,14,270,20,12,True
1236,1.2000000000000002,14,300,20,3,False
1237,1.2000000000000002,14,300,20,6,False
1238,1.2000000000000002,14,300,20,9,True
1239,1.2000000000000002,14,300,20,12,True
1240,1.2000000000000002,14,330,20,3,True
1241,1.2000000000000002,14,330,20,6,False
1242,1.2000000000000002,14,330,20,9,True
1243,1.2000000000000002,14,330,20,12,True
1244,1.2000000000000002,14,360,20,3,False
1245,1.2000000000000002,14,360,20,6,True
1246,1.2000000000000002,14,360,20,9,True
1247,1.2000000000000002,14,360,20,12,True
1248,1.2000000000000002,21,30,20,3,False
1249,1.2000000000000002,21,30,20,6,False
1250,1.2000000000000002,21,30,20,9,False
1251,1.2000000000000002,21,30,20,12,False
1252,1.2000000000000002,21,60,20,3,False
1253,1.2000000000000002,21,60,20,6,False
1254,1.2000000000000002,21,60,20,9,False
1255,1.2000000000000002,21,60,20,12,False
1256,1.2000000000000002,21,90,20,3,False
1257,1.2000000000000002,21,90,20,6,False
1258,1.2000000000000002,21,90,20,9,True
1259,1.2000000000000002,21,90,20,12,False
1260,1.2000000000000002,21,120,20,3,False
1261,1.2000000000000002,21,120,20,6,False
1262,1.2000000000000002,21,120,20,9,True
1263,1.2000000000000002,21,120,20,12,False
1264,1.2000000000000002,21,150,20,3,False
1265,1.2000000000000002,21,150,20,6,False
1266,1.2000000000000002,21,150,20,9,False
1267,1.2000000000000002,21,150,20,12,True
1268,1.2000000000000002,21,180,20,3,False
1269,1.2000000000000002,21,180,20,6,False
1270,1.2000000000000002,21,180,20,9,False
1271,1.2000000000000002,21,180,20,12,True
1272,1.2000000000000002,21,210,20,3,False
1273,1.2000000000000002,21,210,20,6,True
1274,1.2000000000000002,21,210,20,9,False
1275,1.2000000000000002,21,210,20,12,True
1276,1.2000000000000002,21,240,20,3,True
1277,1.2000000000000002,21,240,20,6,False
1278,1.2000000000000002,21,240,20,9,True
1279,1.2000000000000002,21,240,20,12,True
1280,1.2000000000000002,21,270,20,3,False
1281,1.2000000000000002,21,270,20,6,True
1282,1.2000000000000002,21,270,20,9,True
1283,1.2000000000000002,21,270,20,12,True
1284,1.2000000000000002,21,300,20,3,False
1285,1.2000000000000002,21,300,20,6,False
1286,1.2000000000000002,21,300,20,9,True
1287,1.2000000000000002,21,300,20,12,True
1288,1.2000000000000002,21,330,20,3,False
1289,1.2000000000000002,21,330,20,6,True
1290,1.2000000000000002,21,330,20,9,True
1291,1.2000000000000002,21,330,20,12,True
1292,1.2000000000000002,21,360,20,3,False
1293,1.2000000000000002,21,360,20,6,True
1294,1.2000000000000002,21,360,20,9,True
1295,1.2000000000000002,21,360,20,12,True
1296,1.2000000000000002,28,30,20,3,False
1297,1.2000000000000002,28,30,20,6,False
1298,1.2000000000000002,28,30,20,9,False
1299,1.2000000000000002,28,30,20,12,False
1300,1.2000000000000002,28,60,20,3,False
1301,1.2000000000000002,28,60,20,6,False
1302,1.2000000000000002,28,60,20,9,False
1303,1.2000000000000002,28,60,20,12,False
1304,1.2000000000000002,28,90,20,3,False
1305,1.2000000000000002,28,90,20,6,False
1306,1.2000000000000002,28,90,20,9,False
1307,1.2000000000000002,28,90,20,12,False
1308,1.2000000000000002,28,120,20,3,True
1309,1.2000000000000002,28,120,20,6,False
1310,1.2000000000000002,28,120,20,9,False
1311,1.2000000000000002,28,120,20,12,True
1312,1.2000000000000002,28,150,20,3,False
1313,1.2000000000000002,28,150,20,6,True
1314,1.2000000000000002,28,150,20,9,False
1315,1.2000000000000002,28,150,20,12,True
1316,1.2000000000000002,28,180,20,3,False
1317,1.2000000000000002,28,180,20,6,True
1318,1.2000000000000002,28,180,20,9,True
1319,1.2000000000000002,28,180,20,12,False
1320,1.2000000000000002,28,210,20,3,False
1321,1.2000000000000002,28,210,20,6,False
1322,1.2000000000000002,28,210,20,9,False
1323,1.2000000000000002,28,210,20,12,True
1324,1.2000000000000002,28,240,20,3,False
1325,1.2000000000000002,28,240,20,6,False
1326,1.2000000000000002,28,240,20,9,True
1327,1.2000000000000002,28,240,20,12,True
1328,1.2000000000000002,28,270,20,3,False
1329,1.2000000000000002,28,270,20,6,True
1330,1.2000000000000002,28,270,20,9,True
1331,1.2000000000000002,28,270,20,12,True
1332,1.2000000000000002,28,300,20,3,False
1333,1.2000000000000002,28,300,20,6,False
1334,1.2000000000000002,28,300,20,9,True
1335,1.2000000000000002,28,300,20,12,True
1336,1.2000000000000002,28,330,20,3,False
1337,1.2000000000000002,28,330,20,6,False
1338,1.2000000000000002,28,330,20,9,True
1339,1.2000000000000002,28,330,20,12,True
1340,1.2000000000000002,28,360,20,3,True
1341,1.2000000000000002,28,360,20,6,False
1342,1.2000000000000002,28,360,20,9,True
1343,1.2000000000000002,28,360,20,12,True
1344,1.4000000000000001,7,30,20,3,False
1345,1.4000000000000001,7,30,20,6,False
1346,1.4000000000000001,7,30,20,9,True
1347,1.4000000000000001,7,30,20,12,True
1348,1.4000000000000001,7,60,20,3,False
1349,1.4000000000000001,7,60,20,6,False
1350,1.4000000000000001,7,60,20,9,True
1351,1.4000000000000001,7,60,20,12,True
1352,1.4000000000000001,7,90,20,3,True
1353,1.4000000000000001,7,90,20,6,True
1354,1.4000000000000001,7,90,20,9,True
1355,1.4000000000000001,7,90,20,12,True
1356,1.4000000000000001,7,120,20,3,False
1357,1.4000000000000001,7,120,20,6,False
1358,1.4000000000000001,7,120,20,9,True
1359,1.4000000000000001,7,120,20,12,True
1360,1.4000000000000001,7,150,20,3,True
1361,1.4000000000000001,7,150,20,6,True
1362,1.4000000000000001,7,150,20,9,True
1363,1.4000000000000001,7,150,20,12,True
1364,1.4000000000000001,7,180,20,3,True
1365,1.4000000000000001,7,180,20,6,True
1366,1.4000000000000001,7,180,20,9,True
1367,1.4000000000000001,7,180,20,12,True
1368,1.4000000000000001,7,210,20,3,True
1369,1.4000000000000001,7,210,20,6,True
1370,1.4000000000000001,7,210,20,9,True
1371,1.4000000000000001,7,210,20,12,True
1372,1.4000000000000001,7,240,20,3,True
1373,1.4000000000000001,7,240,20,6,True
1374,1.4000000000000001,7,240,20,9,True
1375,1.4000000000000001,7,240,20,12,True
1376,1.4000000000000001,7,270,20,3,True
1377,1.4000000000000001,7,270,20,6,True
1378,1.4000000000000001,7,270,20,9,True
1379,1.4000000000000001,7,270,20,12,True
1380,1.4000000000000001,7,300,20,3,True
1381,1.4000000000000001,7,300,20,6,True
1382,1.4000000000000001,7,300,20,9,True
1383,1.4000000000000001,7,300,20,12,True
1384,1.4000000000000001,7,330,20,3,True
1385,1.4000000000000001,7,330,20,6,True
1386,1.4000000000000001,7,330,20,9,True
1387,1.4000000000000001,7,330,20,12,True
1388,1.4000000000000001,7,360,20,3,True
1389,1.4000000000000001,7,360,20,6,True
1390,1.4000000000000001,7,360,20,9,True
1391,1.4000000000000001,7,360,20,12,True
1392,1.4000000000000001,14,30,20,3,False
1393,1.4000000000000001,14,30,20,6,False
1394,1.4000000000000001,14,30,20,9,False
1395,1.4000000000000001,14,30,20,12,False
1396,1.4000000000000001,14,60,20,3,False
1397,1.4000000000000001,14,60,20,6,False
1398,1.4000000000000001,14,60,20,9,True
1399,1.4000000000000001,14,60,20,12,True
1400,1.4000000000000001,14,90,20,3,False
1401,1.4000000000000001,14,90,20,6,False
1402,1.4000000000000001,14,90,20,9,True
1403,1.4000000000000001,14,90,20,12,True
1404,1.4000000000000001,14,120,20,3,False
1405,1.4000000000000001,14,120,20,6,True
1406,1.4000000000000001,14,120,20,9,False
1407,1.4000000000000001,14,120,20,12,True
1408,1.4000000000000001,14,150,20,3,False
1409,1.4000000000000001,14,150,20,6,True
1410,1.4000000000000001,14,150,20,9,True
1411,1.4000000000000001,14,150,20,12,False
1412,1.4000000000000001,14,180,20,3,True
1413,1.4000000000000001,14,180,20,6,True
1414,1.4000000000000001,14,180,20,9,False
1415,1.4000000000000001,14,180,20,12,True
1416,1.4000000000000001,14,210,20,3,True
1417,1.4000000000000001,14,210,20,6,False
1418,1.4000000000000001,14,210,20,9,True
1419,1.4000000000000001,14,210,20,12,True
1420,1.4000000000000001,14,240,20,3,True
1421,1.4000000000000001,14,240,20,6,False
1422,1.4000000000000001,14,240,20,9,True
1423,1.4000000000000001,14,240,20,12,True
1424,1.4000000000000001,14,270,20,3,False
1425,1.4000000000000001,14,270,20,6,True
1426,1.4000000000000001,14,270,20,9,True
1427,1.4000000000000001,14,270,20,12,True
1428,1.4000000000000001,14,300,20,3,False
1429,1.4000000000000001,14,300,20,6,True
1430,1.4000000000000001,14,300,20,9,True
1431,1.4000000000000001,14,300,20,12,True
1432,1.4000000000000001,14,330,20,3,True
1433,1.4000000000000001,14,330,20,6,True
1434,1.4000000000000001,14,330,20,9,True
1435,1.4000000000000001,14,330,20,12,True
1436,1.4000000000000001,14,360,20,3,False
1437,1.4000000000000001,14,360,20,6,True
1438,1.4000000000000001,14,360,20,9,True
1439,1.4000000000000001,14,360,20,12,True
1440,1.4000000000000001,21,30,20,3,False
1441,1.4000000000000001,21,30,20,6,False
1442,1.4000000000000001,21,30,20,9,False
1443,1.4000000000000001,21,30,20,12,False
1444,1.4000000000000001,21,60,20,3,False
1445,1.4000000000000001,21,60,20,6,False
1446,1.4000000000000001,21,60,20,9,False
1447,1.4000000000000001,21,60,20,12,False
1448,1.4000000000000001,21,90,20,3,True
1449,1.4000000000000001,21,90,20,6,False
1450,1.4000000000000001,21,90,20,9,False
1451,1.4000000000000001,21,90,20,12,False
1452,1.4000000000000001,21,120,20,3,False
1453,1.4000000000000001,21,120,20,6,False
1454,1.4000000000000001,21,120,20,9,False
1455,1.4000000000000001,21,120,20,12,True
1456,1.4000000000000001,21,150,20,3,False
1457,1.4000000000000001,21,150,20,6,True
1458,1.4000000000000001,21,150,20,9,True
1459,1.4000000000000001,21,150,20,12,True
1460,1.4000000000000001,21,180,20,3,False
1461,1.4000000000000001,21,180,20,6,False
1462,1.4000000000000001,21,180,20,9,False
1463,1.4000000000000001,21,180,20,12,True
1464,1.4000000000000001,21,210,20,3,False
1465,1.4000000000000001,21,210,20,6,True
1466,1.4000000000000001,21,210,20,9,False
1467,1.4000000000000001,21,210,20,12,True
1468,1.4000000000000001,21,240,20,3,False
1469,1.4000000000000001,21,240,20,6,True
1470,1.4000000000000001,21,240,20,9,True
1471,1.4000000000000001,21,240,20,12,True
1472,1.4000000000000001,21,270,20,3,False
1473,1.4000000000000001,21,270,20,6,True
1474,1.4000000000000001,21,270,20,9,True
1475,1.4000000000000001,21,270,20,12,True
1476,1.4000000000000001,21,300,20,3,True
1477,1.4000000000000001,21,300,20,6,True
1478,1.4000000000000001,21,300,20,9,True
1479,1.4000000000000001,21,300,20,12,True
1480,1.4000000000000001,21,330,20,3,False
1481,1.4000000000000001,21,330,20,6,True
1482,1.4000000000000001,21,330,20,9,True
1483,1.4000000000000001,21,330,20,12,True
1484,1.4000000000000001,21,360,20,3,True
1485,1.4000000000000001,21,360,20,6,True
1486,1.4000000000000001,21,360,20,9,True
1487,1.4000000000000001,21,360,20,12,True
1488,1.4000000000000001,28,30,20,3,False
1489,1.4000000000000001,28,30,20,6,False
1490,1.4000000000000001,28,30,20,9,False
1491,1.4000000000000001,28,30,20,12,False
1492,1.4000000000000001,28,60,20,3,False
1493,1.4000000000000001,28,60,20,6,False
1494,1.4000000000000001,28,60,20,9,False
1495,1.4000000000000001,28,60,20,12,False
1496,1.4000000000000001,28,90,20,3,False
1497,1.4000000000000001,28,90,20,6,False
1498,1.4000000000000001,28,90,20,9,False
1499,1.4000000000000001,28,90,20,12,False
1500,1.4000000000000001,28,120,20,3,False
1501,1.4000000000000001,28,120,20,6,False
1502,1.4000000000000001,28,120,20,9,False
1503,1.4000000000000001,28,120,20,12,True
1504,1.4000000000000001,28,150,20,3,False
1505,1.4000000000000001,28,150,20,6,True
1506,1.4000000000000001,28,150,20,9,False
1507,1.4000000000000001,28,150,20,12,True
1508,1.4000000000000001,28,180,20,3,True
1509,1.4000000000000001,28,180,20,6,True
1510,1.4000000000000001,28,180,20,9,True
1511,1.4000000000000001,28,180,20,12,True
1512,1.4000000000000001,28,210,20,3,True
1513,1.4000000000000001,28,210,20,6,False
1514,1.4000000000000001,28,210,20,9,True
1515,1.4000000000000001,28,210,20,12,True
1516,1.4000000000000001,28,240,20,3,False
1517,1.4000000000000001,28,240,20,6,False
1518,1.4000000000000001,28,240,20,9,True
1519,1.4000000000000001,28,240,20,12,False
1520,1.4000000000000001,28,270,20,3,False
1521,1.4000000000000001,28,270,20,6,False
1522,1.4000000000000001,28,270,20,9,True
1523,1.4000000000000001,28,270,20,12,True
1524,1.4000000000000001,28,300,20,3,False
1525,1.4000000000000001,28,300,20,6,False
1526,1.4000000000000001,28,300,20,9,True
1527,1.4000000000000001,28,300,20,12,True
1528,1.4000000000000001,28,330,20,3,False
1529,1.4000000000000001,28,330,20,6,False
1530,1.4000000000000001,28,330,20,9,True
1531,1.4000000000000001,28,330,20,12,False
1532,1.4000000000000001,28,360,20,3,False
1533,1.4000000000000001,28,360,20,6,True
1534,1.4000000000000001,28,360,20,9,True
1535,1.4000000000000001,28,360,20,12,True
1536,1.6,7,30,20,3,False
1537,1.6,7,30,20,6,True
1538,1.6,7,30,20,9,False
1539,1.6,7,30,20,12,False
1540,1.6,7,60,20,3,True
1541,1.6,7,60,20,6,True
1542,1.6,7,60,20,9,True
1543,1.6,7,60,20,12,True
1544,1.6,7,90,20,3,True
1545,1.6,7,90,20,6,True
1546,1.6,7,90,20,9,True
1547,1.6,7,90,20,12,True
1548,1.6,7,120,20,3,True
1549,1.6,7,120,20,6,True
1550,1.6,7,120,20,9,True
1551,1.6,7,120,20,12,True
1552,1.6,7,150,20,3,True
1553,1.6,7,150,20,6,True
1554,1.6,7,150,20,9,False
1555,1.6,7,150,20,12,True
1556,1.6,7,180,20,3,False
1557,1.6,7,180,20,6,True
1558,1.6,7,180,20,9,True
1559,1.6,7,180,20,12,True
1560,1.6,7,210,20,3,True
1561,1.6,7,210,20,6,True
1562,1.6,7,210,20,9,True
1563,1.6,7,210,20,12,True
1564,1.6,7,240,20,3,True
1565,1.6,7,240,20,6,True
1566,1.6,7,240,20,9,True
1567,1.6,7,240,20,12,True
1568,1.6,7,270,20,3,True
1569,1.6,7,270,20,6,True
1570,1.6,7,270,20,9,True
1571,1.6,7,270,20,12,True
1572,1.6,7,300,20,3,False
1573,1.6,7,300,20,6,True
1574,1.6,7,300,20,9,True
1575,1.6,7,300,20,12,True
1576,1.6,7,330,20,3,False
1577,1.6,7,330,20,6,True
1578,1.6,7,330,20,9,True
1579,1.6,7,330,20,12,True
1580,1.6,7,360,20,3,True
1581,1.6,7,360,20,6,True
1582,1.6,7,360,20,9,True
1583,1.6,7,360,20,12,True
1584,1.6,14,30,20,3,False
1585,1.6,14,30,20,6,False
1586,1.6,14,30,20,9,False
1587,1.6,14,30,20,12,False
1588,1.6,14,60,20,3,False
1589,1.6,14,60,20,6,True
1590,1.6,14,60,20,9,True
1591,1.6,14,60,20,12,False
1592,1.6,14,90,20,3,False
1593,1.6,14,90,20,6,True
1594,1.6,14,90,20,9,True
1595,1.6,14,90,20,12,False
1596,1.6,14,120,20,3,True
1597,1.6,14,120,20,6,True
1598,1.6,14,120,20,9,False
1599,1.6,14,120,20,12,True
1600,1.6,14,150,20,3,False
1601,1.6,14,150,20,6,True
1602,1.6,14,150,20,9,False
1603,1.6,14,150,20,12,True
1604,1.6,14,180,20,3,False
1605,1.6,14,180,20,6,True
1606,1.6,14,180,20,9,False
1607,1.6,14,180,20,12,True
1608,1.6,14,210,20,3,True
1609,1.6,14,210,20,6,False
1610,1.6,14,210,20,9,True
1611,1.6,14,210,20,12,True
1612,1.6,14,240,20,3,True
1613,1.6,14,240,20,6,True
1614,1.6,14,240,20,9,True
1615,1.6,14,240,20,12,True
1616,1.6,14,270,20,3,True
1617,1.6,14,270,20,6,True
1618,1.6,14,270,20,9,True
1619,1.6,14,270,20,12,True
1620,1.6,14,300,20,3,True
1621,1.6,14,300,20,6,True
1622,1.6,14,300,20,9,True
1623,1.6,14,300,20,12,True
1624,1.6,14,330,20,3,False
1625,1.6,14,330,20,6,True
1626,1.6,14,330,20,9,True
1627,1.6,14,330,20,12,True
1628,1.6,14,360,20,3,True
1629,1.6,14,360,20,6,True
1630,1.6,14,360,20,9,True
1631,1.6,14,360,20,12,True
1632,1.6,21,30,20,3,False
1633,1.6,21,30,20,6,False
1634,1.6,21,30,20,9,False
1635,1.6,21,30,20,12,False
1636,1.6,21,60,20,3,False
1637,1.6,21,60,20,6,False
1638,1.6,21,60,20,9,False
1639,1.6,21,60,20,12,False
1640,1.6,21,90,20,3,False
1641,1.6,21,90,20,6,False
1642,1.6,21,90,20,9,True
1643,1.6,21,90,20,12,False
1644,1.6,21,120,20,3,True
1645,1.6,21,120,20,6,False
1646,1.6,21,120,20,9,False
1647,1.6,21,120,20,12,False
1648,1.6,21,150,20,3,True
1649,1.6,21,150,20,6,False
1650,1.6,21,150,20,9,False
1651,1.6,21,150,20,12,True
1652,1.6,21,180,20,3,False
1653,1.6,21,180,20,6,False
1654,1.6,21,180,20,9,False
1655,1.6,21,180,20,12,True
1656,1.6,21,210,20,3,True
1657,1.6,21,210,20,6,True
1658,1.6,21,210,20,9,True
1659,1.6,21,210,20,12,False
1660,1.6,21,240,20,3,True
1661,1.6,21,240,20,6,True
1662,1.6,21,240,20,9,True
1663,1.6,21,240,20,12,True
1664,1.6,21,270,20,3,False
1665,1.6,21,270,20,6,False
1666,1.6,21,270,20,9,True
1667,1.6,21,270,20,12,True
1668,1.6,21,300,20,3,False
1669,1.6,21,300,20,6,True
1670,1.6,21,300,20,9,True
1671,1.6,21,300,20,12,True
1672,1.6,21,330,20,3,True
1673,1.6,21,330,20,6,False
1674,1.6,21,330,20,9,True
1675,1.6,21,330,20,12,False
1676,1.6,21,360,20,3,True
1677,1.6,21,360,20,6,True
1678,1.6,21,360,20,9,True
1679,1.6,21,360,20,12,True
1680,1.6,28,30,20,3,False
1681,1.6,28,30,20,6,False
1682,1.6,28,30,20,9,False
1683,1.6,28,30,20,12,False
1684,1.6,28,60,20,3,False
1685,1.6,28,60,20,6,False
1686,1.6,28,60,20,9,False
1687,1.6,28,60,20,12,False
1688,1.6,28,90,20,3,False
1689,1.6,28,90,20,6,False
1690,1.6,28,90,20,9,False
1691,1.6,28,90,20,12,False
1692,1.6,28,120,20,3,False
1693,1.6,28,120,20,6,False
1694,1.6,28,120,20,9,False
1695,1.6,28,120,20,12,True
1696,1.6,28,150,20,3,False
1697,1.6,28,150,20,6,False
1698,1.6,28,150,20,9,False
1699,1.6,28,150,20,12,True
1700,1.6,28,180,20,3,True
1701,1.6,28,180,20,6,False
1702,1.6,28,180,20,9,False
1703,1.6,28,180,20,12,True
1704,1.6,28,210,20,3,False
1705,1.6,28,210,20,6,True
1706,1.6,28,210,20,9,True
1707,1.6,28,210,20,12,True
1708,1.6,28,240,20,3,True
1709,1.6,28,240,20,6,False
1710,1.6,28,240,20,9,False
1711,1.6,28,240,20,12,True
1712,1.6,28,270,20,3,False
1713,1.6,28,270,20,6,True
1714,1.6,28,270,20,9,True
1715,1.6,28,270,20,12,True
1716,1.6,28,300,20,3,False
1717,1.6,28,300,20,6,True
1718,1.6,28,300,20,9,True
1719,1.6,28,300,20,12,True
1720,1.6,28,330,20,3,True
1721,1.6,28,330,20,6,False
1722,1.6,28,330,20,9,True
1723,1.6,28,330,20,12,True
1724,1.6,28,360,20,3,False
1725,1.6,28,360,20,6,False
1726,1.6,28,360,20,9,True
1727,1.6,28,360,20,12,True
1728,1.8,7,30,20,3,False
1729,1.8,7,30,20,6,False
1730,1.8,7,30,20,9,False
1731,1.8,7,30,20,12,False
1732,1.8,7,60,20,3,True
1733,1.8,7,60,20,6,True
1734,1.8,7,60,20,9,False
1735,1.8,7,60,20,12,True
1736,1.8,7,90,20,3,True
1737,1.8,7,90,20,6,True
1738,1.8,7,90,20,9,True
1739,1.8,7,90,20,12,True
1740,1.8,7,120,20,3,True
1741,1.8,7,120,20,6,True
1742,1.8,7,120,20,9,True
1743,1.8,7,120,20,12,True
1744,1.8,7,150,20,3,False
1745,1.8,7,150,20,6,True
1746,1.8,7,150,20,9,True
1747,1.8,7,150,20,12,True
1748,1.8,7,180,20,3,True
1749,1.8,7,180,20,6,True
1750,1.8,7,180,20,9,True
1751,1.8,7,180,20,12,True
1752,1.8,7,210,20,3,True
1753,1.8,7,210,20,6,True
1754,1.8,7,210,20,9,True
1755,1.8,7,210,20,12,True
1756,1.8,7,240,20,3,False
1757,1.8,7,240,20,6,True
1758,1.8,7,240,20,9,True
1759,1.8,7,240,20,12,True
1760,1.8,7,270,20,3,True
1761,1.8,7,270,20,6,True
1762,1.8,7,270,20,9,True
1763,1.8,7,270,20,12,True
1764,1.8,7,300,20,3,True
1765,1.8,7,300,20,6,True
1766,1.8,7,300,20,9,True
1767,1.8,7,300,20,12,True
1768,1.8,7,330,20,3,True
1769,1.8,7,330,20,6,True
1770,1.8,7,330,20,9,True
1771,1.8,7,330,20,12,True
1772,1.8,7,360,20,3,False
1773,1.8,7,360,20,6,True
1774,1.8,7,360,20,9,True
1775,1.8,7,360,20,12,True
1776,1.8,14,30,20,3,False
1777,1.8,14,30,20,6,False
1778,1.8,14,30,20,9,False
1779,1.8,14,30,20,12,False
1780,1.8,14,60,20,3,False
1781,1.8,14,60,20,6,False
1782,1.8,14,60,20,9,False
1783,1.8,14,60,20,12,False
1784,1.8,14,90,20,3,True
1785,1.8,14,90,20,6,False
1786,1.8,14,90,20,9,True
1787,1.8,14,90,20,12,False
1788,1.8,14,120,20,3,False
1789,1.8,14,120,20,6,False
1790,1.8,14,120,20,9,True
1791,1.8,14,120,20,12,False
1792,1.8,14,150,20,3,True
1793,1.8,14,150,20,6,True
1794,1.8,14,150,20,9,True
1795,1.8,14,150,20,12,True
1796,1.8,14,180,20,3,False
1797,1.8,14,180,20,6,True
1798,1.8,14,180,20,9,False
1799,1.8,14,180,20,12,True
1800,1.8,14,210,20,3,False
1801,1.8,14,210,20,6,True
1802,1.8,14,210,20,9,True
1803,1.8,14,210,20,12,False
1804,1.8,14,240,20,3,True
1805,1.8,14,240,20,6,True
1806,1.8,14,240,20,9,True
1807,1.8,14,240,20,12,True
1808,1.8,14,270,20,3,True
1809,1.8,14,270,20,6,True
1810,1.8,14,270,20,9,True
1811,1.8,14,270,20,12,True
1812,1.8,14,300,20,3,True
1813,1.8,14,300,20,6,True
1814,1.8,14,300,20,9,True
1815,1.8,14,300,20,12,True
1816,1.8,14,330,20,3,True
1817,1.8,14,330,20,6,True
1818,1.8,14,330,20,9,True
1819,1.8,14,330,20,12,True
1820,1.8,14,360,20,3,False
1821,1.8,14,360,20,6,True
1822,1.8,14,360,20,9,True
1823,1.8,14,360,20,12,True
1824,1.8,21,30,20,3,False
1825,1.8,21,30,20,6,False
1826,1.8,21,30,20,9,False
1827,1.8,21,30,20,12,False
1828,1.8,21,60,20,3,False
1829,1.8,21,60,20,6,False
1830,1.8,21,60,20,9,False
1831,1.8,21,60,20,12,False
1832,1.8,21,90,20,3,False
1833,1.8,21,90,20,6,False
1834,1.8,21,90,20,9,False
1835,1.8,21,90,20,12,False
1836,1.8,21,120,20,3,False
1837,1.8,21,120,20,6,False
1838,1.8,21,120,20,9,True
1839,1.8,21,120,20,12,False
1840,1.8,21,150,20,3,False
1841,1.8,21,150,20,6,False
1842,1.8,21,150,20,9,True
1843,1.8,21,150,20,12,True
1844,1.8,21,180,20,3,False
1845,1.8,21,180,20,6,True
1846,1.8,21,180,20,9,False
1847,1.8,21,180,20,12,True
1848,1.8,21,210,20,3,False
1849,1.8,21,210,20,6,True
1850,1.8,21,210,20,9,True
1851,1.8,21,210,20,12,True
1852,1.8,21,240,20,3,False
1853,1.8,21,240,20,6,False
1854,1.8,21,240,20,9,True
1855,1.8,21,240,20,12,True
1856,1.8,21,270,20,3,True
1857,1.8,21,270,20,6,True
1858,1.8,21,270,20,9,True
1859,1.8,21,270,20,12,True
1860,1.8,21,300,20,3,True
1861,1.8,21,300,20,6,True
1862,1.8,21,300,20,9,True
1863,1.8,21,300,20,12,True
1864,1.8,21,330,20,3,True
1865,1.8,21,330,20,6,False
1866,1.8,21,330,20,9,True
1867,1.8,21,330,20,12,True
1868,1.8,21,360,20,3,True
1869,1.8,21,360,20,6,False
1870,1.8,21,360,20,9,True
1871,1.8,21,360,20,12,True
1872,1.8,28,30,20,3,False
1873,1.8,28,30,20,6,False
1874,1.8,28,30,20,9,False
1875,1.8,28,30,20,12,False
1876,1.8,28,60,20,3,False
1877,1.8,28,60,20,6,False
1878,1.8,28,60,20,9,False
1879,1.8,28,60,20,12,False
1880,1.8,28,90,20,3,False
1881,1.8,28,90,20,6,False
1882,1.8,28,90,20,9,False
1883,1.8,28,90,20,12,False
1884,1.8,28,120,20,3,False
1885,1.8,28,120,20,6,False
1886,1.8,28,120,20,9,False
1887,1.8,28,120,20,12,False
1888,1.8,28,150,20,3,False
1889,1.8,28,150,20,6,True
1890,1.8,28,150,20,9,True
1891,1.8,28,150,20,12,False
1892,1.8,28,180,20,3,False
1893,1.8,28,180,20,6,False
1894,1.8,28,180,20,9,False
1895,1.8,28,180,20,12,True
1896,1.8,28,210,20,3,False
1897,1.8,28,210,20,6,False
1898,1.8,28,210,20,9,False
1899,1.8,28,210,20,12,True
1900,1.8,28,240,20,3,False
1901,1.8,28,240,20,6,True
1902,1.8,28,240,20,9,True
1903,1.8,28,240,20,12,True
1904,1.8,28,270,20,3,True
1905,1.8,28,270,20,6,True
1906,1.8,28,270,20,9,True
1907,1.8,28,270,20,12,True
1908,1.8,28,300,20,3,False
1909,1.8,28,300,20,6,True
1910,1.8,28,300,20,9,False
1911,1.8,28,300,20,12,True
1912,1.8,28,330,20,3,False
1913,1.8,28,330,20,6,False
1914,1.8,28,330,20,9,True
1915,1.8,28,330,20,12,True
1916,1.8,28,360,20,3,False
1917,1.8,28,360,20,6,False
1918,1.8,28,360,20,9,False
1919,1.8,28,360,20,12,True
1920,2.0,7,30,20,3,False
1921,2.0,7,30,20,6,False
1922,2.0,7,30,20,9,False
1923,2.0,7,30,20,12,False
1924,2.0,7,60,20,3,False
1925,2.0,7,60,20,6,True
1926,2.0,7,60,20,9,True
1927,2.0,7,60,20,12,True
1928,2.0,7,90,20,3,False
1929,2.0,7,90,20,6,True
1930,2.0,7,90,20,9,True
1931,2.0,7,90,20,12,True
1932,2.0,7,120,20,3,True
1933,2.0,7,120,20,6,True
1934,2.0,7,120,20,9,True
1935,2.0,7,120,20,12,True
1936,2.0,7,150,20,3,True
1937,2.0,7,150,20,6,True
1938,2.0,7,150,20,9,True
1939,2.0,7,150,20,12,True
1940,2.0,7,180,20,3,True
1941,2.0,7,180,20,6,True
1942,2.0,7,180,20,9,True
1943,2.0,7,180,20,12,True
1944,2.0,7,210,20,3,True
1945,2.0,7,210,20,6,True
1946,2.0,7,210,20,9,True
1947,2.0,7,210,20,12,True
1948,2.0,7,240,20,3,True
1949,2.0,7,240,20,6,False
1950,2.0,7,240,20,9,True
1951,2.0,7,240,20,12,True
1952,2.0,7,270,20,3,True
1953,2.0,7,270,20,6,True
1954,2.0,7,270,20,9,True
1955,2.0,7,270,20,12,True
1956,2.0,7,300,20,3,True
1957,2.0,7,300,20,6,True
1958,2.0,7,300,20,9,True
1959,2.0,7,300,20,12,True
1960,2.0,7,330,20,3,True
1961,2.0,7,330,20,6,True
1962,2.0,7,330,20,9,True
1963,2.0,7,330,20,12,True
1964,2.0,7,360,20,3,False
1965,2.0,7,360,20,6,True
1966,2.0,7,360,20,9,True
1967,2.0,7,360,20,12,True
1968,2.0,14,30,20,3,False
1969,2.0,14,30,20,6,False
1970,2.0,14,30,20,9,False
1971,2.0,14,30,20,12,False
1972,2.0,14,60,20,3,False
1973,2.0,14,60,20,6,False
1974,2.0,14,60,20,9,False
1975,2.0,14,60,20,12,True
1976,2.0,14,90,20,3,True
1977,2.0,14,90,20,6,True
1978,2.0,14,90,20,9,False
1979,2.0,14,90,20,12,False
1980,2.0,14,120,20,3,False
1981,2.0,14,120,20,6,False
1982,2.0,14,120,20,9,True
1983,2.0,14,120,20,12,False
1984,2.0,14,150,20,3,True
1985,2.0,14,150,20,6,True
1986,2.0,14,150,20,9,True
1987,2.0,14,150,20,12,True
1988,2.0,14,180,20,3,True
1989,2.0,14,180,20,6,False
1990,2.0,14,180,20,9,False
1991,2.0,14,180,20,12,True
1992,2.0,14,210,20,3,False
1993,2.0,14,210,20,6,True
1994,2.0,14,210,20,9,True
1995,2.0,14,210,20,12,True
1996,2.0,14,240,20,3,True
1997,2.0,14,240,20,6,True
1998,2.0,14,240,20,9,True
1999,2.0,14,240,20,12,True
2000,2.0,14,270,20,3,True
2001,2.0,14,270,20,6,True
2002,2.0,14,270,20,9,True
2003,2.0,14,270,20,12,False
2004,2.0,14,300,20,3,False
2005,2.0,14,300,20,6,True
2006,2.0,14,300,20,9,True
2007,2.0,14,300,20,12,True
2008,2.0,14,330,20,3,False
2009,2.0,14,330,20,6,True
2010,2.0,14,330,20,9,True
2011,2.0,14,330,20,12,True
2012,2.0,14,360,20,3,True
2013,2.0,14,360,20,6,True
2014,2.0,14,360,20,9,True
2015,2.0,14,360,20,12,True
2016,2.0,21,30,20,3,True
2017,2.0,21,30,20,6,False
2018,2.0,21,30,20,9,False
2019,2.0,21,30,20,12,False
2020,2.0,21,60,20,3,False
2021,2.0,21,60,20,6,False
2022,2.0,21,60,20,9,False
2023,2.0,21,60,20,12,False
2024,2.0,21,90,20,3,False
2025,2.0,21,90,20,6,True
2026,2.0,21,90,20,9,True
2027,2.0,21,90,20,12,True
2028,2.0,21,120,20,3,False
2029,2.0,21,120,20,6,True
2030,2.0,21,120,20,9,True
2031,2.0,21,120,20,12,False
2032,2.0,21,150,20,3,False
2033,2.0,21,150,20,6,True
2034,2.0,21,150,20,9,False
2035,2.0,21,150,20,12,True
2036,2.0,21,180,20,3,True
2037,2.0,21,180,20,6,True
2038,2.0,21,180,20,9,False
2039,2.0,21,180,20,12,True
2040,2.0,21,210,20,3,True
2041,2.0,21,210,20,6,False
2042,2.0,21,210,20,9,True
2043,2.0,21,210,20,12,False
2044,2.0,21,240,20,3,True
2045,2.0,21,240,20,6,False
2046,2.0,21,240,20,9,True
2047,2.0,21,240,20,12,True
2048,2.0,21,270,20,3,True
2049,2.0,21,270,20,6,True
2050,2.0,21,270,20,9,True
2051,2.0,21,270,20,12,False
2052,2.0,21,300,20,3,True
2053,2.0,21,300,20,6,False
2054,2.0,21,300,20,9,True
2055,2.0,21,300,20,12,True
2056,2.0,21,330,20,3,True
2057,2.0,21,330,20,6,False
2058,2.0,21,330,20,9,True
2059,2.0,21,330,20,12,True
2060,2.0,21,360,20,3,False
2061,2.0,21,360,20,6,False
2062,2.0,21,360,20,9,False
2063,2.0,21,360,20,12,True
2064,2.0,28,30,20,3,False
2065,2.0,28,30,20,6,False
2066,2.0,28,30,20,9,False
2067,2.0,28,30,20,12,False
2068,2.0,28,60,20,3,False
2069,2.0,28,60,20,6,False
2070,2.0,28,60,20,9,False
2071,2.0,28,60,20,12,False
2072,2.0,28,90,20,3,False
2073,2.0,28,90,20,6,False
2074,2.0,28,90,20,9,False
2075,2.0,28,90,20,12,False
2076,2.0,28,120,20,3,False
2077,2.0,28,120,20,6,False
2078,2.0,28,120,20,9,True
2079,2.0,28,120,20,12,False
2080,2.0,28,150,20,3,False
2081,2.0,28,150,20,6,False
2082,2.0,28,150,20,9,False
2083,2.0,28,150,20,12,False
2084,2.0,28,180,20,3,False
2085,2.0,28,180,20,6,True
2086,2.0,28,180,20,9,False
2087,2.0,28,180,20,12,True
2088,2.0,28,210,20,3,False
2089,2.0,28,210,20,6,False
2090,2.0,28,210,20,9,True
2091,2.0,28,210,20,12,True
2092,2.0,28,240,20,3,False
2093,2.0,28,240,20,6,False
2094,2.0,28,240,20,9,True
2095,2.0,28,240,20,12,True
2096,2.0,28,270,20,3,True
2097,2.0,28,270,20,6,True
2098,2.0,28,270,20,9,True
2099,2.0,28,270,20,12,True
2100,2.0,28,300,20,3,True
2101,2.0,28,300,20,6,True
2102,2.0,28,300,20,9,True
2103,2.0,28,300,20,12,True
2104,2.0,28,330,20,3,True
2105,2.0,28,330,20,6,True
2106,2.0,28,330,20,9,True
2107,2.0,28,330,20,12,True
2108,2.0,28,360,20,3,False
2109,2.0,28,360,20,6,False
2110,2.0,28,360,20,9,True
2111,2.0,28,360,20,12,False
2112,2.2,7,30,20,3,True
2113,2.2,7,30,20,6,True
2114,2.2,7,30,20,9,False
2115,2.2,7,30,20,12,True
2116,2.2,7,60,20,3,False
2117,2.2,7,60,20,6,True
2118,2.2,7,60,20,9,True
2119,2.2,7,60,20,12,True
2120,2.2,7,90,20,3,True
2121,2.2,7,90,20,6,True
2122,2.2,7,90,20,9,True
2123,2.2,7,90,20,12,True
2124,2.2,7,120,20,3,False
2125,2.2,7,120,20,6,True
2126,2.2,7,120,20,9,True
2127,2.2,7,120,20,12,True
2128,2.2,7,150,20,3,True
2129,2.2,7,150,20,6,True
2130,2.2,7,150,20,9,True
2131,2.2,7,150,20,12,True
2132,2.2,7,180,20,3,True
2133,2.2,7,180,20,6,True
2134,2.2,7,180,20,9,True
2135,2.2,7,180,20,12,True
2136,2.2,7,210,20,3,True
2137,2.2,7,210,20,6,False
2138,2.2,7,210,20,9,True
2139,2.2,7,210,20,12,True
2140,2.2,7,240,20,3,False
2141,2.2,7,240,20,6,True
2142,2.2,7,240,20,9,True
2143,2.2,7,240,20,12,True
2144,2.2,7,270,20,3,True
2145,2.2,7,270,20,6,True
2146,2.2,7,270,20,9,True
2147,2.2,7,270,20,12,True
2148,2.2,7,300,20,3,True
2149,2.2,7,300,20,6,True
2150,2.2,7,300,20,9,True
2151,2.2,7,300,20,12,True
2152,2.2,7,330,20,3,False
2153,2.2,7,330,20,6,True
2154,2.2,7,330,20,9,True
2155,2.2,7,330,20,12,True
2156,2.2,7,360,20,3,True
2157,2.2,7,360,20,6,True
2158,2.2,7,360,20,9,True
2159,2.2,7,360,20,12,True
2160,2.2,14,30,20,3,False
2161,2.2,14,30,20,6,False
2162,2.2,14,30,20,9,False
2163,2.2,14,30,20,12,False
2164,2.2,14,60,20,3,False
2165,2.2,14,60,20,6,False
2166,2.2,14,60,20,9,False
2167,2.2,14,60,20,12,False
2168,2.2,14,90,20,3,False
2169,2.2,14,90,20,6,True
2170,2.2,14,90,20,9,False
2171,2.2,14,90,20,12,True
2172,2.2,14,120,20,3,False
2173,2.2,14,120,20,6,True
2174,2.2,14,120,20,9,False
2175,2.2,14,120,20,12,True
2176,2.2,14,150,20,3,True
2177,2.2,14,150,20,6,False
2178,2.2,14,150,20,9,True
2179,2.2,14,150,20,12,True
2180,2.2,14,180,20,3,False
2181,2.2,14,180,20,6,True
2182,2.2,14,180,20,9,False
2183,2.2,14,180,20,12,True
2184,2.2,14,210,20,3,True
2185,2.2,14,210,20,6,False
2186,2.2,14,210,20,9,True
2187,2.2,14,210,20,12,True
2188,2.2,14,240,20,3,True
2189,2.2,14,240,20,6,True
2190,2.2,14,240,20,9,True
2191,2.2,14,240,20,12,True
2192,2.2,14,270,20,3,False
2193,2.2,14,270,20,6,True
2194,2.2,14,270,20,9,True
2195,2.2,14,270,20,12,True
2196,2.2,14,300,20,3,True
2197,2.2,14,300,20,6,True
2198,2.2,14,300,20,9,True
2199,2.2,14,300,20,12,True
2200,2.2,14,330,20,3,True
2201,2.2,14,330,20,6,True
2202,2.2,14,330,20,9,True
2203,2.2,14,330,20,12,True
2204,2.2,14,360,20,3,False
2205,2.2,14,360,20,6,True
2206,2.2,14,360,20,9,False
2207,2.2,14,360,20,12,True
2208,2.2,21,30,20,3,False
2209,2.2,21,30,20,6,False
2210,2.2,21,30,20,9,False
2211,2.2,21,30,20,12,False
2212,2.2,21,60,20,3,False
2213,2.2,21,60,20,6,False
2214,2.2,21,60,20,9,False
2215,2.2,21,60,20,12,False
2216,2.2,21,90,20,3,False
2217,2.2,21,90,20,6,False
2218,2.2,21,90,20,9,False
2219,2.2,21,90,20,12,True
2220,2.2,21,120,20,3,False
2221,2.2,21,120,20,6,True
2222,2.2,21,120,20,9,False
2223,2.2,21,120,20,12,True
2224,2.2,21,150,20,3,False
2225,2.2,21,150,20,6,True
2226,2.2,21,150,20,9,False
2227,2.2,21,150,20,12,False
2228,2.2,21,180,20,3,False
2229,2.2,21,180,20,6,False
2230,2.2,21,180,20,9,False
2231,2.2,21,180,20,12,False
2232,2.2,21,210,20,3,True
2233,2.2,21,210,20,6,False
2234,2.2,21,210,20,9,True
2235,2.2,21,210,20,12,True
2236,2.2,21,240,20,3,True
2237,2.2,21,240,20,6,False
2238,2.2,21,240,20,9,False
2239,2.2,21,240,20,12,True
2240,2.2,21,270,20,3,False
2241,2.2,21,270,20,6,True
2242,2.2,21,270,20,9,True
2243,2.2,21,270,20,12,True
2244,2.2,21,300,20,3,True
2245,2.2,21,300,20,6,False
2246,2.2,21,300,20,9,True
2247,2.2,21,300,20,12,True
2248,2.2,21,330,20,3,False
2249,2.2,21,330,20,6,True
2250,2.2,21,330,20,9,True
2251,2.2,21,330,20,12,True
2252,2.2,21,360,20,3,True
2253,2.2,21,360,20,6,False
2254,2.2,21,360,20,9,True
2255,2.2,21,360,20,12,True
2256,2.2,28,30,20,3,False
2257,2.2,28,30,20,6,False
2258,2.2,28,30,20,9,False
2259,2.2,28,30,20,12,False
2260,2.2,28,60,20,3,False
2261,2.2,28,60,20,6,False
2262,2.2,28,60,20,9,False
2263,2.2,28,60,20,12,False
2264,2.2,28,90,20,3,False
2265,2.2,28,90,20,6,True
2266,2.2,28,90,20,9,False
2267,2.2,28,90,20,12,False
2268,2.2,28,120,20,3,False
2269,2.2,28,120,20,6,False
2270,2.2,28,120,20,9,False
2271,2.2,28,120,20,12,True
2272,2.2,28,150,20,3,False
2273,2.2,28,150,20,6,False
2274,2.2,28,150,20,9,False
2275,2.2,28,150,20,12,True
2276,2.2,28,180,20,3,False
2277,2.2,28,180,20,6,True
2278,2.2,28,180,20,9,True
2279,2.2,28,180,20,12,True
2280,2.2,28,210,20,3,False
2281,2.2,28,210,20,6,True
2282,2.2,28,210,20,9,True
2283,2.2,28,210,20,12,True
2284,2.2,28,240,20,3,True
2285,2.2,28,240,20,6,True
2286,2.2,28,240,20,9,False
2287,2.2,28,240,20,12,True
2288,2.2,28,270,20,3,False
2289,2.2,28,270,20,6,False
2290,2.2,28,270,20,9,True
2291,2.2,28,270,20,12,True
2292,2.2,28,300,20,3,False
2293,2.2,28,300,20,6,True
2294,2.2,28,300,20,9,True
2295,2.2,28,300,20,12,True
2296,2.2,28,330,20,3,False
2297,2.2,28,330,20,6,True
2298,2.2,28,330,20,9,True
2299,2.2,28,330,20,12,True
2300,2.2,28,360,20,3,False
2301,2.2,28,360,20,6,True
2302,2.2,28,360,20,9,True
2303,2.2,28,360,20,12,True
2304,2.4000000000000004,7,30,20,3,True
2305,2.4000000000000004,7,30,20,6,True
2306,2.4000000000000004,7,30,20,9,False
2307,2.4000000000000004,7,30,20,12,False
2308,2.4000000000000004,7,60,20,3,False
2309,2.4000000000000004,7,60,20,6,True
2310,2.4000000000000004,7,60,20,9,True
2311,2.4000000000000004,7,60,20,12,False
2312,2.4000000000000004,7,90,20,3,True
2313,2.4000000000000004,7,90,20,6,True
2314,2.4000000000000004,7,90,20,9,True
2315,2.4000000000000004,7,90,20,12,True
2316,2.4000000000000004,7,120,20,3,True
2317,2.4000000000000004,7,120,20,6,True
2318,2.4000000000000004,7,120,20,9,True
2319,2.4000000000000004,7,120,20,12,True
2320,2.4000000000000004,7,150,20,3,True
2321,2.4000000000000004,7,150,20,6,True
2322,2.4000000000000004,7,150,20,9,True
2323,2.4000000000000004,7,150,20,12,True
2324,2.4000000000000004,7,180,20,3,True
2325,2.4000000000000004,7,180,20,6,True
2326,2.4000000000000004,7,180,20,9,True
2327,2.4000000000000004,7,180,20,12,True
2328,2.4000000000000004,7,210,20,3,True
2329,2.4000000000000004,7,210,20,6,True
2330,2.4000000000000004,7,210,20,9,True
2331,2.4000000000000004,7,210,20,12,False
2332,2.4000000000000004,7,240,20,3,True
2333,2.4000000000000004,7,240,20,6,True
2334,2.4000000000000004,7,240,20,9,True
2335,2.4000000000000004,7,240,20,12,True
2336,2.4000000000000004,7,270,20,3,True
2337,2.4000000000000004,7,270,20,6,True
2338,2.4000000000000004,7,270,20,9,True
2339,2.4000000000000004,7,270,20,12,True
2340,2.4000000000000004,7,300,20,3,False
2341,2.4000000000000004,7,300,20,6,True
2342,2.4000000000000004,7,300,20,9,True
2343,2.4000000000000004,7,300,20,12,True
2344,2.4000000000000004,7,330,20,3,True
2345,2.4000000000000004,7,330,20,6,True
2346,2.4000000000000004,7,330,20,9,True
2347,2.4000000000000004,7,330,20,12,True
2348,2.4000000000000004,7,360,20,3,True
2349,2.4000000000000004,7,360,20,6,False
2350,2.4000000000000004,7,360,20,9,True
2351,2.4000000000000004,7,360,20,12,True
2352,2.4000000000000004,14,30,20,3,False
2353,2.4000000000000004,14,30,20,6,False
2354,2.4000000000000004,14,30,20,9,False
2355,2.4000000000000004,14,30,20,12,False
2356,2.4000000000000004,14,60,20,3,False
2357,2.4000000000000004,14,60,20,6,False
2358,2.4000000000000004,14,60,20,9,False
2359,2.4000000000000004,14,60,20,12,False
2360,2.4000000000000004,14,90,20,3,False
2361,2.4000000000000004,14,90,20,6,True
2362,2.4000000000000004,14,90,20,9,True
2363,2.4000000000000004,14,90,20,12,True
2364,2.4000000000000004,14,120,20,3,False
2365,2.4000000000000004,14,120,20,6,False
2366,2.4000000000000004,14,120,20,9,True
2367,2.4000000000000004,14,120,20,12,False
2368,2.4000000000000004,14,150,20,3,False
2369,2.4000000000000004,14,150,20,6,True
2370,2.4000000000000004,14,150,20,9,True
2371,2.4000000000000004,14,150,20,12,True
2372,2.4000000000000004,14,180,20,3,False
2373,2.4000000000000004,14,180,20,6,False
2374,2.4000000000000004,14,180,20,9,False
2375,2.4000000000000004,14,180,20,12,True
2376,2.4000000000000004,14,210,20,3,False
2377,2.4000000000000004,14,210,20,6,True
2378,2.4000000000000004,14,210,20,9,True
2379,2.4000000000000004,14,210,20,12,False
2380,2.4000000000000004,14,240,20,3,True
2381,2.4000000000000004,14,240,20,6,True
2382,2.4000000000000004,14,240,20,9,True
2383,2.4000000000000004,14,240,20,12,True
2384,2.4000000000000004,14,270,20,3,False
2385,2.4000000000000004,14,270,20,6,False
2386,2.4000000000000004,14,270,20,9,True
2387,2.4000000000000004,14,270,20,12,True
2388,2.4000000000000004,14,300,20,3,True
2389,2.4000000000000004,14,300,20,6,False
2390,2.4000000000000004,14,300,20,9,True
2391,2.4000000000000004,14,300,20,12,True
2392,2.4000000000000004,14,330,20,3,True
2393,2.4000000000000004,14,330,20,6,True
2394,2.4000000000000004,14,330,20,9,True
2395,2.4000000000000004,14,330,20,12,True
2396,2.4000000000000004,14,360,20,3,True
2397,2.4000000000000004,14,360,20,6,True
2398,2.4000000000000004,14,360,20,9,True
2399,2.4000000000000004,14,360,20,12,True
2400,2.4000000000000004,21,30,20,3,False
2401,2.4000000000000004,21,30,20,6,False
2402,2.4000000000000004,21,30,20,9,False
2403,2.4000000000000004,21,30,20,12,False
2404,2.4000000000000004,21,60,20,3,False
2405,2.4000000000000004,21,60,20,6,False
2406,2.4000000000000004,21,60,20,9,False
2407,2.4000000000000004,21,60,20,12,False
2408,2.4000000000000004,21,90,20,3,False
2409,2.4000000000000004,21,90,20,6,False
2410,2.4000000000000004,21,90,20,9,False
2411,2.4000000000000004,21,90,20,12,False
2412,2.4000000000000004,21,120,20,3,False
2413,2.4000000000000004,21,120,20,6,False
2414,2.4000000000000004,21,120,20,9,False
2415,2.4000000000000004,21,120,20,12,True
2416,2.4000000000000004,21,150,20,3,False
2417,2.4000000000000004,21,150,20,6,False
2418,2.4000000000000004,21,150,20,9,True
2419,2.4000000000000004,21,150,20,12,True
2420,2.4000000000000004,21,180,20,3,False
2421,2.4000000000000004,21,180,20,6,False
2422,2.4000000000000004,21,180,20,9,True
2423,2.4000000000000004,21,180,20,12,True
2424,2.4000000000000004,21,210,20,3,False
2425,2.4000000000000004,21,210,20,6,True
2426,2.4000000000000004,21,210,20,9,False
2427,2.4000000000000004,21,210,20,12,True
2428,2.4000000000000004,21,240,20,3,False
2429,2.4000000000000004,21,240,20,6,True
2430,2.4000000000000004,21,240,20,9,False
2431,2.4000000000000004,21,240,20,12,True
2432,2.4000000000000004,21,270,20,3,True
2433,2.4000000000000004,21,270,20,6,False
2434,2.4000000000000004,21,270,20,9,True
2435,2.4000000000000004,21,270,20,12,True
2436,2.4000000000000004,21,300,20,3,True
2437,2.4000000000000004,21,300,20,6,False
2438,2.4000000000000004,21,300,20,9,False
2439,2.4000000000000004,21,300,20,12,True
2440,2.4000000000000004,21,330,20,3,True
2441,2.4000000000000004,21,330,20,6,True
2442,2.4000000000000004,21,330,20,9,True
2443,2.4000000000000004,21,330,20,12,True
2444,2.4000000000000004,21,360,20,3,True
2445,2.4000000000000004,21,360,20,6,False
2446,2.4000000000000004,21,360,20,9,True
2447,2.4000000000000004,21,360,20,12,True
2448,2.4000000000000004,28,30,20,3,False
2449,2.4000000000000004,28,30,20,6,False
2450,2.4000000000000004,28,30,20,9,False
2451,2.4000000000000004,28,30,20,12,False
2452,2.4000000000000004,28,60,20,3,False
2453,2.4000000000000004,28,60,20,6,False
2454,2.4000000000000004,28,60,20,9,False
2455,2.4000000000000004,28,60,20,12,False
2456,2.4000000000000004,28,90,20,3,False
2457,2.4000000000000004,28,90,20,6,False
2458,2.4000000000000004,28,90,20,9,False
2459,2.4000000000000004,28,90,20,12,False
2460,2.4000000000000004,28,120,20,3,False
2461,2.4000000000000004,28,120,20,6,False
2462,2.4000000000000004,28,120,20,9,False
2463,2.4000000000000004,28,120,20,12,True
2464,2.4000000000000004,28,150,20,3,False
2465,2.4000000000000004,28,150,20,6,False
2466,2.4000000000000004,28,150,20,9,False
2467,2.4000000000000004,28,150,20,12,True
2468,2.4000000000000004,28,180,20,3,False
2469,2.4000000000000004,28,180,20,6,True
2470,2.4000000000000004,28,180,20,9,False
2471,2.4000000000000004,28,180,20,12,True
2472,2.4000000000000004,28,210,20,3,False
2473,2.4000000000000004,28,210,20,6,True
2474,2.4000000000000004,28,210,20,9,False
2475,2.4000000000000004,28,210,20,12,False
2476,2.4000000000000004,28,240,20,3,True
2477,2.4000000000000004,28,240,20,6,True
2478,2.4000000000000004,28,240,20,9,False
2479,2.4000000000000004,28,240,20,12,False
2480,2.4000000000000004,28,270,20,3,False
2481,2.4000000000000004,28,270,20,6,False
2482,2.4000000000000004,28,270,20,9,True
2483,2.4000000000000004,28,270,20,12,False
2484,2.4000000000000004,28,300,20,3,False
2485,2.4000000000000004,28,300,20,6,True
2486,2.4000000000000004,28,300,20,9,True
2487,2.4000000000000004,28,300,20,12,True
2488,2.4000000000000004,28,330,20,3,False
2489,2.4000000000000004,28,330,20,6,True
2490,2.4000000000000004,28,330,20,9,True
2491,2.4000000000000004,28,330,20,12,True
2492,2.4000000000000004,28,360,20,3,False
2493,2.4000000000000004,28,360,20,6,False
2494,2.4000000000000004,28,360,20,9,False
2495,2.4000000000000004,28,360,20,12,True
2496,2.6,7,30,20,3,False
2497,2.6,7,30,20,6,False
2498,2.6,7,30,20,9,False
2499,2.6,7,30,20,12,False
2500,2.6,7,60,20,3,False
2501,2.6,7,60,20,6,True
2502,2.6,7,60,20,9,True
2503,2.6,7,60,20,12,True
2504,2.6,7,90,20,3,True
2505,2.6,7,90,20,6,True
2506,2.6,7,90,20,9,True
2507,2.6,7,90,20,12,True
2508,2.6,7,120,20,3,False
2509,2.6,7,120,20,6,False
2510,2.6,7,120,20,9,True
2511,2.6,7,120,20,12,True
2512,2.6,7,150,20,3,True
2513,2.6,7,150,20,6,True
2514,2.6,7,150,20,9,True
2515,2.6,7,150,20,12,True
2516,2.6,7,180,20,3,True
2517,2.6,7,180,20,6,True
2518,2.6,7,180,20,9,True
2519,2.6,7,180,20,12,True
2520,2.6,7,210,20,3,True
2521,2.6,7,210,20,6,True
2522,2.6,7,210,20,9,True
2523,2.6,7,210,20,12,True
2524,2.6,7,240,20,3,False
2525,2.6,7,240,20,6,True
2526,2.6,7,240,20,9,True
2527,2.6,7,240,20,12,True
2528,2.6,7,270,20,3,False
2529,2.6,7,270,20,6,True
2530,2.6,7,270,20,9,True
2531,2.6,7,270,20,12,True
2532,2.6,7,300,20,3,True
2533,2.6,7,300,20,6,True
2534,2.6,7,300,20,9,True
2535,2.6,7,300,20,12,True
2536,2.6,7,330,20,3,True
2537,2.6,7,330,20,6,True
2538,2.6,7,330,20,9,True
2539,2.6,7,330,20,12,True
2540,2.6,7,360,20,3,False
2541,2.6,7,360,20,6,True
2542,2.6,7,360,20,9,True
2543,2.6,7,360,20,12,True
2544,2.6,14,30,20,3,False
2545,2.6,14,30,20,6,False
2546,2.6,14,30,20,9,False
2547,2.6,14,30,20,12,False
2548,2.6,14,60,20,3,False
2549,2.6,14,60,20,6,False
2550,2.6,14,60,20,9,False
2551,2.6,14,60,20,12,True
2552,2.6,14,90,20,3,True
2553,2.6,14,90,20,6,False
2554,2.6,14,90,20,9,False
2555,2.6,14,90,20,12,False
2556,2.6,14,120,20,3,False
2557,2.6,14,120,20,6,False
2558,2.6,14,120,20,9,False
2559,2.6,14,120,20,12,True
2560,2.6,14,150,20,3,True
2561,2.6,14,150,20,6,True
2562,2.6,14,150,20,9,True
2563,2.6,14,150,20,12,False
2564,2.6,14,180,20,3,False
2565,2.6,14,180,20,6,True
2566,2.6,14,180,20,9,True
2567,2.6,14,180,20,12,True
2568,2.6,14,210,20,3,False
2569,2.6,14,210,20,6,False
2570,2.6,14,210,20,9,False
2571,2.6,14,210,20,12,True
2572,2.6,14,240,20,3,False
2573,2.6,14,240,20,6,False
2574,2.6,14,240,20,9,False
2575,2.6,14,240,20,12,True
2576,2.6,14,270,20,3,False
2577,2.6,14,270,20,6,False
2578,2.6,14,270,20,9,True
2579,2.6,14,270,20,12,True
2580,2.6,14,300,20,3,True
2581,2.6,14,300,20,6,True
2582,2.6,14,300,20,9,True
2583,2.6,14,300,20,12,True
2584,2.6,14,330,20,3,False
2585,2.6,14,330,20,6,False
2586,2.6,14,330,20,9,True
2587,2.6,14,330,20,12,True
2588,2.6,14,360,20,3,False
2589,2.6,14,360,20,6,False
2590,2.6,14,360,20,9,True
2591,2.6,14,360,20,12,True
2592,2.6,21,30,20,3,False
2593,2.6,21,30,20,6,False
2594,2.6,21,30,20,9,False
2595,2.6,21,30,20,12,False
2596,2.6,21,60,20,3,False
2597,2.6,21,60,20,6,False
2598,2.6,21,60,20,9,False
2599,2.6,21,60,20,12,False
2600,2.6,21,90,20,3,True
2601,2.6,21,90,20,6,False
2602,2.6,21,90,20,9,False
2603,2.6,21,90,20,12,False
2604,2.6,21,120,20,3,False
2605,2.6,21,120,20,6,False
2606,2.6,21,120,20,9,False
2607,2.6,21,120,20,12,True
2608,2.6,21,150,20,3,True
2609,2.6,21,150,20,6,True
2610,2.6,21,150,20,9,False
2611,2.6,21,150,20,12,True
2612,2.6,21,180,20,3,False
2613,2.6,21,180,20,6,True
2614,2.6,21,180,20,9,False
2615,2.6,21,180,20,12,False
2616,2.6,21,210,20,3,False
2617,2.6,21,210,20,6,True
2618,2.6,21,210,20,9,True
2619,2.6,21,210,20,12,True
2620,2.6,21,240,20,3,True
2621,2.6,21,240,20,6,False
2622,2.6,21,240,20,9,True
2623,2.6,21,240,20,12,True
2624,2.6,21,270,20,3,True
2625,2.6,21,270,20,6,False
2626,2.6,21,270,20,9,True
2627,2.6,21,270,20,12,True
2628,2.6,21,300,20,3,False
2629,2.6,21,300,20,6,False
2630,2.6,21,300,20,9,False
2631,2.6,21,300,20,12,True
2632,2.6,21,330,20,3,False
2633,2.6,21,330,20,6,False
2634,2.6,21,330,20,9,True
2635,2.6,21,330,20,12,True
2636,2.6,21,360,20,3,False
2637,2.6,21,360,20,6,False
2638,2.6,21,360,20,9,False
2639,2.6,21,360,20,12,False
2640,2.6,28,30,20,3,False
2641,2.6,28,30,20,6,False
2642,2.6,28,30,20,9,False
2643,2.6,28,30,20,12,False
2644,2.6,28,60,20,3,False
2645,2.6,28,60,20,6,False
2646,2.6,28,60,20,9,False
2647,2.6,28,60,20,12,False
2648,2.6,28,90,20,3,False
2649,2.6,28,90,20,6,False
2650,2.6,28,90,20,9,False
2651,2.6,28,90,20,12,False
2652,2.6,28,120,20,3,False
2653,2.6,28,120,20,6,False
2654,2.6,28,120,20,9,False
2655,2.6,28,120,20,12,True
2656,2.6,28,150,20,3,False
2657,2.6,28,150,20,6,True
2658,2.6,28,150,20,9,True
2659,2.6,28,150,20,12,True
2660,2.6,28,180,20,3,False
2661,2.6,28,180,20,6,True
2662,2.6,28,180,20,9,False
2663,2.6,28,180,20,12,False
2664,2.6,28,210,20,3,False
2665,2.6,28,210,20,6,True
2666,2.6,28,210,20,9,True
2667,2.6,28,210,20,12,True
2668,2.6,28,240,20,3,False
2669,2.6,28,240,20,6,False
2670,2.6,28,240,20,9,True
2671,2.6,28,240,20,12,False
2672,2.6,28,270,20,3,False
2673,2.6,28,270,20,6,False
2674,2.6,28,270,20,9,False
2675,2.6,28,270,20,12,False
2676,2.6,28,300,20,3,False
2677,2.6,28,300,20,6,False
2678,2.6,28,300,20,9,True
2679,2.6,28,300,20,12,True
2680,2.6,28,330,20,3,False
2681,2.6,28,330,20,6,False
2682,2.6,28,330,20,9,False
2683,2.6,28,330,20,12,True
2684,2.6,28,360,20,3,True
2685,2.6,28,360,20,6,False
2686,2.6,28,360,20,9,False
2687,2.6,28,360,20,12,True
2688,2.8000000000000003,7,30,20,3,False
2689,2.8000000000000003,7,30,20,6,False
2690,2.8000000000000003,7,30,20,9,False
2691,2.8000000000000003,7,30,20,12,True
2692,2.8000000000000003,7,60,20,3,False
2693,2.8000000000000003,7,60,20,6,True
2694,2.8000000000000003,7,60,20,9,True
2695,2.8000000000000003,7,60,20,12,True
2696,2.8000000000000003,7,90,20,3,True
2697,2.8000000000000003,7,90,20,6,False
2698,2.8000000000000003,7,90,20,9,True
2699,2.8000000000000003,7,90,20,12,True
2700,2.8000000000000003,7,120,20,3,False
2701,2.8000000000000003,7,120,20,6,False
2702,2.8000000000000003,7,120,20,9,False
2703,2.8000000000000003,7,120,20,12,True
2704,2.8000000000000003,7,150,20,3,True
2705,2.8000000000000003,7,150,20,6,True
2706,2.8000000000000003,7,150,20,9,True
2707,2.8000000000000003,7,150,20,12,True
2708,2.8000000000000003,7,180,20,3,True
2709,2.8000000000000003,7,180,20,6,True
2710,2.8000000000000003,7,180,20,9,True
2711,2.8000000000000003,7,180,20,12,True
2712,2.8000000000000003,7,210,20,3,True
2713,2.8000000000000003,7,210,20,6,True
2714,2.8000000000000003,7,210,20,9,False
2715,2.8000000000000003,7,210,20,12,True
2716,2.8000000000000003,7,240,20,3,False
2717,2.8000000000000003,7,240,20,6,False
2718,2.8000000000000003,7,240,20,9,True
2719,2.8000000000000003,7,240,20,12,True
2720,2.8000000000000003,7,270,20,3,True
2721,2.8000000000000003,7,270,20,6,False
2722,2.8000000000000003,7,270,20,9,True
2723,2.8000000000000003,7,270,20,12,True
2724,2.8000000000000003,7,300,20,3,True
2725,2.8000000000000003,7,300,20,6,False
2726,2.8000000000000003,7,300,20,9,True
2727,2.8000000000000003,7,300,20,12,True
2728,2.8000000000000003,7,330,20,3,True
2729,2.8000000000000003,7,330,20,6,True
2730,2.8000000000000003,7,330,20,9,True
2731,2.8000000000000003,7,330,20,12,True
2732,2.8000000000000003,7,360,20,3,True
2733,2.8000000000000003,7,360,20,6,False
2734,2.8000000000000003,7,360,20,9,True
2735,2.8000000000000003,7,360,20,12,True
2736,2.8000000000000003,14,30,20,3,False
2737,2.8000000000000003,14,30,20,6,False
2738,2.8000000000000003,14,30,20,9,False
2739,2.8000000000000003,14,30,20,12,False
2740,2.8000000000000003,14,60,20,3,False
2741,2.8000000000000003,14,60,20,6,False
2742,2.8000000000000003,14,60,20,9,False
2743,2.8000000000000003,14,60,20,12,False
2744,2.8000000000000003,14,90,20,3,True
2745,2.8000000000000003,14,90,20,6,False
2746,2.8000000000000003,14,90,20,9,False
2747,2.8000000000000003,14,90,20,12,False
2748,2.8000000000000003,14,120,20,3,False
2749,2.8000000000000003,14,120,20,6,True
2750,2.8000000000000003,14,120,20,9,False
2751,2.8000000000000003,14,120,20,12,True
2752,2.8000000000000003,14,150,20,3,True
2753,2.8000000000000003,14,150,20,6,False
2754,2.8000000000000003,14,150,20,9,True
2755,2.8000000000000003,14,150,20,12,True
2756,2.8000000000000003,14,180,20,3,False
2757,2.8000000000000003,14,180,20,6,False
2758,2.8000000000000003,14,180,20,9,True
2759,2.8000000000000003,14,180,20,12,True
2760,2.8000000000000003,14,210,20,3,False
2761,2.8000000000000003,14,210,20,6,True
2762,2.8000000000000003,14,210,20,9,False
2763,2.8000000000000003,14,210,20,12,True
2764,2.8000000000000003,14,240,20,3,False
2765,2.8000000000000003,14,240,20,6,False
2766,2.8000000000000003,14,240,20,9,True
2767,2.8000000000000003,14,240,20,12,True
2768,2.8000000000000003,14,270,20,3,True
2769,2.8000000000000003,14,270,20,6,True
2770,2.8000000000000003,14,270,20,9,True
2771,2.8000000000000003,14,270,20,12,True
2772,2.8000000000000003,14,300,20,3,True
2773,2.8000000000000003,14,300,20,6,True
2774,2.8000000000000003,14,300,20,9,True
2775,2.8000000000000003,14,300,20,12,True
2776,2.8000000000000003,14,330,20,3,True
2777,2.8000000000000003,14,330,20,6,True
2778,2.8000000000000003,14,330,20,9,True
2779,2.8000000000000003,14,330,20,12,True
2780,2.8000000000000003,14,360,20,3,True
2781,2.8000000000000003,14,360,20,6,True
2782,2.8000000000000003,14,360,20,9,True
2783,2.8000000000000003,14,360,20,12,True
2784,2.8000000000000003,21,30,20,3,False
2785,2.8000000000000003,21,30,20,6,False
2786,2.8000000000000003,21,30,20,9,False
2787,2.8000000000000003,21,30,20,12,False
2788,2.8000000000000003,21,60,20,3,False
2789,2.8000000000000003,21,60,20,6,False
2790,2.8000000000000003,21,60,20,9,False
2791,2.8000000000000003,21,60,20,12,False
2792,2.8000000000000003,21,90,20,3,True
2793,2.8000000000000003,21,90,20,6,True
2794,2.8000000000000003,21,90,20,9,False
2795,2.8000000000000003,21,90,20,12,False
2796,2.8000000000000003,21,120,20,3,True
2797,2.8000000000000003,21,120,20,6,True
2798,2.8000000000000003,21,120,20,9,True
2799,2.8000000000000003,21,120,20,12,True
2800,2.8000000000000003,21,150,20,3,False
2801,2.8000000000000003,21,150,20,6,False
2802,2.8000000000000003,21,150,20,9,False
2803,2.8000000000000003,21,150,20,12,True
2804,2.8000000000000003,21,180,20,3,True
2805,2.8000000000000003,21,180,20,6,True
2806,2.8000000000000003,21,180,20,9,False
2807,2.8000000000000003,21,180,20,12,False
2808,2.8000000000000003,21,210,20,3,False
2809,2.8000000000000003,21,210,20,6,True
2810,2.8000000000000003,21,210,20,9,True
2811,2.8000000000000003,21,210,20,12,True
2812,2.8000000000000003,21,240,20,3,True
2813,2.8000000000000003,21,240,20,6,False
2814,2.8000000000000003,21,240,20,9,False
2815,2.8000000000000003,21,240,20,12,False
2816,2.8000000000000003,21,270,20,3,True
2817,2.8000000000000003,21,270,20,6,True
2818,2.8000000000000003,21,270,20,9,True
2819,2.8000000000000003,21,270,20,12,True
2820,2.8000000000000003,21,300,20,3,False
2821,2.8000000000000003,21,300,20,6,True
2822,2.8000000000000003,21,300,20,9,False
2823,2.8000000000000003,21,300,20,12,True
2824,2.8000000000000003,21,330,20,3,False
2825,2.8000000000000003,21,330,20,6,False
2826,2.8000000000000003,21,330,20,9,False
2827,2.8000000000000003,21,330,20,12,True
2828,2.8000000000000003,21,360,20,3,True
2829,2.8000000000000003,21,360,20,6,False
2830,2.8000000000000003,21,360,20,9,True
2831,2.8000000000000003,21,360,20,12,True
2832,2.8000000000000003,28,30,20,3,False
2833,2.8000000000000003,28,30,20,6,False
2834,2.8000000000000003,28,30,20,9,False
2835,2.8000000000000003,28,30,20,12,False
2836,2.8000000000000003,28,60,20,3,False
2837,2.8000000000000003,28,60,20,6,False
2838,2.8000000000000003,28,60,20,9,False
2839,2.8000000000000003,28,60,20,12,False
2840,2.8000000000000003,28,90,20,3,False
2841,2.8000000000000003,28,90,20,6,False
2842,2.8000000000000003,28,90,20,9,False
2843,2.8000000000000003,28,90,20,12,False
2844,2.8000000000000003,28,120,20,3,False
2845,2.8000000000000003,28,120,20,6,False
2846,2.8000000000000003,28,120,20,9,False
2847,2.8000000000000003,28,120,20,12,False
2848,2.8000000000000003,28,150,20,3,False
2849,2.8000000000000003,28,150,20,6,False
2850,2.8000000000000003,28,150,20,9,False
2851,2.8000000000000003,28,150,20,12,False
2852,2.8000000000000003,28,180,20,3,False
2853,2.8000000000000003,28,180,20,6,False
2854,2.8000000000000003,28,180,20,9,False
2855,2.8000000000000003,28,180,20,12,False
2856,2.8000000000000003,28,210,20,3,False
2857,2.8000000000000003,28,210,20,6,False
2858,2.8000000000000003,28,210,20,9,True
2859,2.8000000000000003,28,210,20,12,True
2860,2.8000000000000003,28,240,20,3,True
2861,2.8000000000000003,28,240,20,6,True
2862,2.8000000000000003,28,240,20,9,True
2863,2.8000000000000003,28,240,20,12,False
2864,2.8000000000000003,28,270,20,3,False
2865,2.8000000000000003,28,270,20,6,False
2866,2.8000000000000003,28,270,20,9,True
2867,2.8000000000000003,28,270,20,12,True
2868,2.8000000000000003,28,300,20,3,False
2869,2.8000000000000003,28,300,20,6,False
2870,2.8000000000000003,28,300,20,9,True
2871,2.8000000000000003,28,300,20,12,True
2872,2.8000000000000003,28,330,20,3,False
2873,2.8000000000000003,28,330,20,6,False
2874,2.8000000000000003,28,330,20,9,True
2875,2.8000000000000003,28,330,20,12,True
2876,2.8000000000000003,28,360,20,3,False
2877,2.8000000000000003,28,360,20,6,True
2878,2.8000000000000003,28,360,20,9,True
2879,2.8000000000000003,28,360,20,12,True
2880,3.0,7,30,20,3,False
2881,3.0,7,30,20,6,True
2882,3.0,7,30,20,9,False
2883,3.0,7,30,20,12,True
2884,3.0,7,60,20,3,True
2885,3.0,7,60,20,6,True
2886,3.0,7,60,20,9,False
2887,3.0,7,60,20,12,False
2888,3.0,7,90,20,3,False
2889,3.0,7,90,20,6,True
2890,3.0,7,90,20,9,False
2891,3.0,7,90,20,12,False
2892,3.0,7,120,20,3,False
2893,3.0,7,120,20,6,True
2894,3.0,7,120,20,9,True
2895,3.0,7,120,20,12,True
2896,3.0,7,150,20,3,False
2897,3.0,7,150,20,6,True
2898,3.0,7,150,20,9,True
2899,3.0,7,150,20,12,True
2900,3.0,7,180,20,3,True
2901,3.0,7,180,20,6,True
2902,3.0,7,180,20,9,True
2903,3.0,7,180,20,12,True
2904,3.0,7,210,20,3,True
2905,3.0,7,210,20,6,True
2906,3.0,7,210,20,9,True
2907,3.0,7,210,20,12,True
2908,3.0,7,240,20,3,False
2909,3.0,7,240,20,6,True
2910,3.0,7,240,20,9,True
2911,3.0,7,240,20,12,True
2912,3.0,7,270,20,3,False
2913,3.0,7,270,20,6,True
2914,3.0,7,270,20,9,False
2915,3.0,7,270,20,12,True
2916,3.0,7,300,20,3,False
2917,3.0,7,300,20,6,True
2918,3.0,7,300,20,9,False
2919,3.0,7,300,20,12,True
2920,3.0,7,330,20,3,True
2921,3.0,7,330,20,6,False
2922,3.0,7,330,20,9,True
2923,3.0,7,330,20,12,True
2924,3.0,7,360,20,3,True
2925,3.0,7,360,20,6,True
2926,3.0,7,360,20,9,False
2927,3.0,7,360,20,12,False
2928,3.0,14,30,20,3,True
2929,3.0,14,30,20,6,False
2930,3.0,14,30,20,9,False
2931,3.0,14,30,20,12,False
2932,3.0,14,60,20,3,False
2933,3.0,14,60,20,6,False
2934,3.0,14,60,20,9,False
2935,3.0,14,60,20,12,False
2936,3.0,14,90,20,3,True
2937,3.0,14,90,20,6,True
2938,3.0,14,90,20,9,True
2939,3.0,14,90,20,12,True
2940,3.0,14,120,20,3,False
2941,3.0,14,120,20,6,False
2942,3.0,14,120,20,9,False
2943,3.0,14,120,20,12,True
2944,3.0,14,150,20,3,True
2945,3.0,14,150,20,6,True
2946,3.0,14,150,20,9,True
2947,3.0,14,150,20,12,True
2948,3.0,14,180,20,3,False
2949,3.0,14,180,20,6,False
2950,3.0,14,180,20,9,True
2951,3.0,14,180,20,12,True
2952,3.0,14,210,20,3,True
2953,3.0,14,210,20,6,True
2954,3.0,14,210,20,9,True
2955,3.0,14,210,20,12,True
2956,3.0,14,240,20,3,False
2957,3.0,14,240,20,6,False
2958,3.0,14,240,20,9,True
2959,3.0,14,240,20,12,True
2960,3.0,14,270,20,3,False
2961,3.0,14,270,20,6,True
2962,3.0,14,270,20,9,True
2963,3.0,14,270,20,12,True
2964,3.0,14,300,20,3,False
2965,3.0,14,300,20,6,True
2966,3.0,14,300,20,9,True
2967,3.0,14,300,20,12,True
2968,3.0,14,330,20,3,True
2969,3.0,14,330,20,6,True
2970,3.0,14,330,20,9,False
2971,3.0,14,330,20,12,False
2972,3.0,14,360,20,3,True
2973,3.0,14,360,20,6,True
2974,3.0,14,360,20,9,True
2975,3.0,14,360,20,12,False
2976,3.0,21,30,20,3,False
2977,3.0,21,30,20,6,False
2978,3.0,21,30,20,9,False
2979,3.0,21,30,20,12,False
2980,3.0,21,60,20,3,False
2981,3.0,21,60,20,6,False
2982,3.0,21,60,20,9,False
2983,3.0,21,60,20,12,False
2984,3.0,21,90,20,3,False
2985,3.0,21,90,20,6,False
2986,3.0,21,90,20,9,True
2987,3.0,21,90,20,12,False
2988,3.0,21,120,20,3,False
2989,3.0,21,120,20,6,False
2990,3.0,21,120,20,9,False
2991,3.0,21,120,20,12,False
2992,3.0,21,150,20,3,False
2993,3.0,21,150,20,6,False
2994,3.0,21,150,20,9,True
2995,3.0,21,150,20,12,True
2996,3.0,21,180,20,3,False
2997,3.0,21,180,20,6,True
2998,3.0,21,180,20,9,False
2999,3.0,21,180,20,12,True
3000,3.0,21,210,20,3,False
3001,3.0,21,210,20,6,True
3002,3.0,21,210,20,9,False
3003,3.0,21,210,20,12,False
3004,3.0,21,240,20,3,False
3005,3.0,21,240,20,6,True
3006,3.0,21,240,20,9,True
3007,3.0,21,240,20,12,False
3008,3.0,21,270,20,3,False
3009,3.0,21,270,20,6,False
3010,3.0,21,270,20,9,True
3011,3.0,21,270,20,12,True
3012,3.0,21,300,20,3,False
3013,3.0,21,300,20,6,True
3014,3.0,21,300,20,9,True
3015,3.0,21,300,20,12,True
3016,3.0,21,330,20,3,False
3017,3.0,21,330,20,6,True
3018,3.0,21,330,20,9,True
3019,3.0,21,330,20,12,True
3020,3.0,21,360,20,3,False
3021,3.0,21,360,20,6,True
3022,3.0,21,360,20,9,True
3023,3.0,21,360,20,12,True
3024,3.0,28,30,20,3,False
3025,3.0,28,30,20,6,False
3026,3.0,28,30,20,9,False
3027,3.0,28,30,20,12,False
3028,3.0,28,60,20,3,False
3029,3.0,28,60,20,6,False
3030,3.0,28,60,20,9,True
3031,3.0,28,60,20,12,False
3032,3.0,28,90,20,3,False
3033,3.0,28,90,20,6,False
3034,3.0,28,90,20,9,False
3035,3.0,28,90,20,12,False
3036,3.0,28,120,20,3,False
3037,3.0,28,120,20,6,False
3038,3.0,28,120,20,9,False
3039,3.0,28,120,20,12,True
3040,3.0,28,150,20,3,False
3041,3.0,28,150,20,6,False
3042,3.0,28,150,20,9,True
3043,3.0,28,150,20,12,False
3044,3.0,28,180,20,3,False
3045,3.0,28,180,20,6,False
3046,3.0,28,180,20,9,False
3047,3.0,28,180,20,12,False
3048,3.0,28,210,20,3,False
3049,3.0,28,210,20,6,True
3050,3.0,28,210,20,9,False
3051,3.0,28,210,20,12,False
3052,3.0,28,240,20,3,False
3053,3.0,28,240,20,6,False
3054,3.0,28,240,20,9,True
3055,3.0,28,240,20,12,True
3056,3.0,28,270,20,3,False
3057,3.0,28,270,20,6,True
3058,3.0,28,270,20,9,True
3059,3.0,28,270,20,12,True
3060,3.0,28,300,20,3,False
3061,3.0,28,300,20,6,False
3062,3.0,28,300,20,9,True
3063,3.0,28,300,20,12,True
3064,3.0,28,330,20,3,False
3065,3.0,28,330,20,6,False
3066,3.0,28,330,20,9,True
3067,3.0,28,330,20,12,True
3068,3.0,28,360,20,3,False
3069,3.0,28,360,20,6,True
3070,3.0,28,360,20,9,False
3071,3.0,28,360,20,12,True
3072,3.2,7,30,20,3,True
3073,3.2,7,30,20,6,False
3074,3.2,7,30,20,9,False
3075,3.2,7,30,20,12,False
3076,3.2,7,60,20,3,False
3077,3.2,7,60,20,6,True
3078,3.2,7,60,20,9,False
3079,3.2,7,60,20,12,True
3080,3.2,7,90,20,3,False
3081,3.2,7,90,20,6,False
3082,3.2,7,90,20,9,False
3083,3.2,7,90,20,12,False
3084,3.2,7,120,20,3,False
3085,3.2,7,120,20,6,False
3086,3.2,7,120,20,9,True
3087,3.2,7,120,20,12,True
3088,3.2,7,150,20,3,True
3089,3.2,7,150,20,6,False
3090,3.2,7,150,20,9,False
3091,3.2,7,150,20,12,True
3092,3.2,7,180,20,3,True
3093,3.2,7,180,20,6,True
3094,3.2,7,180,20,9,True
3095,3.2,7,180,20,12,True
3096,3.2,7,210,20,3,False
3097,3.2,7,210,20,6,True
3098,3.2,7,210,20,9,True
3099,3.2,7,210,20,12,True
3100,3.2,7,240,20,3,False
3101,3.2,7,240,20,6,True
3102,3.2,7,240,20,9,True
3103,3.2,7,240,20,12,True
3104,3.2,7,270,20,3,False
3105,3.2,7,270,20,6,True
3106,3.2,7,270,20,9,True
3107,3.2,7,270,20,12,True
3108,3.2,7,300,20,3,False
3109,3.2,7,300,20,6,False
3110,3.2,7,300,20,9,True
3111,3.2,7,300,20,12,False
3112,3.2,7,330,20,3,True
3113,3.2,7,330,20,6,True
3114,3.2,7,330,20,9,True
3115,3.2,7,330,20,12,True
3116,3.2,7,360,20,3,False
3117,3.2,7,360,20,6,False
3118,3.2,7,360,20,9,True
3119,3.2,7,360,20,12,False
3120,3.2,14,30,20,3,False
3121,3.2,14,30,20,6,False
3122,3.2,14,30,20,9,False
3123,3.2,14,30,20,12,False
3124,3.2,14,60,20,3,False
3125,3.2,14,60,20,6,False
3126,3.2,14,60,20,9,False
3127,3.2,14,60,20,12,False
3128,3.2,14,90,20,3,False
3129,3.2,14,90,20,6,False
3130,3.2,14,90,20,9,True
3131,3.2,14,90,20,12,True
3132,3.2,14,120,20,3,True
3133,3.2,14,120,20,6,False
3134,3.2,14,120,20,9,True
3135,3.2,14,120,20,12,True
3136,3.2,14,150,20,3,False
3137,3.2,14,150,20,6,True
3138,3.2,14,150,20,9,False
3139,3.2,14,150,20,12,True
3140,3.2,14,180,20,3,True
3141,3.2,14,180,20,6,True
3142,3.2,14,180,20,9,True
3143,3.2,14,180,20,12,True
3144,3.2,14,210,20,3,False
3145,3.2,14,210,20,6,False
3146,3.2,14,210,20,9,True
3147,3.2,14,210,20,12,True
3148,3.2,14,240,20,3,False
3149,3.2,14,240,20,6,False
3150,3.2,14,240,20,9,True
3151,3.2,14,240,20,12,True
3152,3.2,14,270,20,3,False
3153,3.2,14,270,20,6,False
3154,3.2,14,270,20,9,True
3155,3.2,14,270,20,12,False
3156,3.2,14,300,20,3,True
3157,3.2,14,300,20,6,True
3158,3.2,14,300,20,9,True
3159,3.2,14,300,20,12,False
3160,3.2,14,330,20,3,True
3161,3.2,14,330,20,6,False
3162,3.2,14,330,20,9,False
3163,3.2,14,330,20,12,True
3164,3.2,14,360,20,3,False
3165,3.2,14,360,20,6,False
3166,3.2,14,360,20,9,True
3167,3.2,14,360,20,12,True
3168,3.2,21,30,20,3,False
3169,3.2,21,30,20,6,False
3170,3.2,21,30,20,9,False
3171,3.2,21,30,20,12,False
3172,3.2,21,60,20,3,False
3173,3.2,21,60,20,6,False
3174,3.2,21,60,20,9,False
3175,3.2,21,60,20,12,False
3176,3.2,21,90,20,3,False
3177,3.2,21,90,20,6,False
3178,3.2,21,90,20,9,False
3179,3.2,21,90,20,12,False
3180,3.2,21,120,20,3,False
3181,3.2,21,120,20,6,False
3182,3.2,21,120,20,9,False
3183,3.2,21,120,20,12,True
3184,3.2,21,150,20,3,False
3185,3.2,21,150,20,6,False
3186,3.2,21,150,20,9,True
3187,3.2,21,150,20,12,True
3188,3.2,21,180,20,3,False
3189,3.2,21,180,20,6,False
3190,3.2,21,180,20,9,False
3191,3.2,21,180,20,12,True
3192,3.2,21,210,20,3,False
3193,3.2,21,210,20,6,True
3194,3.2,21,210,20,9,False
3195,3.2,21,210,20,12,False
3196,3.2,21,240,20,3,False
3197,3.2,21,240,20,6,True
3198,3.2,21,240,20,9,True
3199,3.2,21,240,20,12,True
3200,3.2,21,270,20,3,False
3201,3.2,21,270,20,6,True
3202,3.2,21,270,20,9,False
3203,3.2,21,270,20,12,True
3204,3.2,21,300,20,3,False
3205,3.2,21,300,20,6,True
3206,3.2,21,300,20,9,True
3207,3.2,21,300,20,12,False
3208,3.2,21,330,20,3,True
3209,3.2,21,330,20,6,False
3210,3.2,21,330,20,9,False
3211,3.2,21,330,20,12,True
3212,3.2,21,360,20,3,False
3213,3.2,21,360,20,6,True
3214,3.2,21,360,20,9,False
3215,3.2,21,360,20,12,True
3216,3.2,28,30,20,3,False
3217,3.2,28,30,20,6,False
3218,3.2,28,30,20,9,False
3219,3.2,28,30,20,12,False
3220,3.2,28,60,20,3,False
3221,3.2,28,60,20,6,False
3222,3.2,28,60,20,9,False
3223,3.2,28,60,20,12,False
3224,3.2,28,90,20,3,False
3225,3.2,28,90,20,6,False
3226,3.2,28,90,20,9,False
3227,3.2,28,90,20,12,False
3228,3.2,28,120,20,3,False
3229,3.2,28,120,20,6,False
3230,3.2,28,120,20,9,False
3231,3.2,28,120,20,12,False
3232,3.2,28,150,20,3,False
3233,3.2,28,150,20,6,False
3234,3.2,28,150,20,9,False
3235,3.2,28,150,20,12,False
3236,3.2,28,180,20,3,False
3237,3.2,28,180,20,6,False
3238,3.2,28,180,20,9,False
3239,3.2,28,180,20,12,False
3240,3.2,28,210,20,3,True
3241,3.2,28,210,20,6,False
3242,3.2,28,210,20,9,True
3243,3.2,28,210,20,12,True
3244,3.2,28,240,20,3,True
3245,3.2,28,240,20,6,False
3246,3.2,28,240,20,9,True
3247,3.2,28,240,20,12,True
3248,3.2,28,270,20,3,False
3249,3.2,28,270,20,6,False
3250,3.2,28,270,20,9,False
3251,3.2,28,270,20,12,False
3252,3.2,28,300,20,3,False
3253,3.2,28,300,20,6,False
3254,3.2,28,300,20,9,False
3255,3.2,28,300,20,12,False
3256,3.2,28,330,20,3,False
3257,3.2,28,330,20,6,True
3258,3.2,28,330,20,9,True
3259,3.2,28,330,20,12,True
3260,3.2,28,360,20,3,False
3261,3.2,28,360,20,6,False
3262,3.2,28,360,20,9,False
3263,3.2,28,360,20,12,True
3264,3.4000000000000004,7,30,20,3,False
3265,3.4000000000000004,7,30,20,6,False
3266,3.4000000000000004,7,30,20,9,False
3267,3.4000000000000004,7,30,20,12,True
3268,3.4000000000000004,7,60,20,3,False
3269,3.4000000000000004,7,60,20,6,False
3270,3.4000000000000004,7,60,20,9,False
3271,3.4000000000000004,7,60,20,12,False
3272,3.4000000000000004,7,90,20,3,False
3273,3.4000000000000004,7,90,20,6,False
3274,3.4000000000000004,7,90,20,9,True
3275,3.4000000000000004,7,90,20,12,True
3276,3.4000000000000004,7,120,20,3,False
3277,3.4000000000000004,7,120,20,6,True
3278,3.4000000000000004,7,120,20,9,False
3279,3.4000000000000004,7,120,20,12,True
3280,3.4000000000000004,7,150,20,3,False
3281,3.4000000000000004,7,150,20,6,True
3282,3.4000000000000004,7,150,20,9,True
3283,3.4000000000000004,7,150,20,12,True
3284,3.4000000000000004,7,180,20,3,True
3285,3.4000000000000004,7,180,20,6,True
3286,3.4000000000000004,7,180,20,9,True
3287,3.4000000000000004,7,180,20,12,True
3288,3.4000000000000004,7,210,20,3,False
3289,3.4000000000000004,7,210,20,6,True
3290,3.4000000000000004,7,210,20,9,False
3291,3.4000000000000004,7,210,20,12,True
3292,3.4000000000000004,7,240,20,3,False
3293,3.4000000000000004,7,240,20,6,True
3294,3.4000000000000004,7,240,20,9,True
3295,3.4000000000000004,7,240,20,12,True
3296,3.4000000000000004,7,270,20,3,True
3297,3.4000000000000004,7,270,20,6,True
3298,3.4000000000000004,7,270,20,9,True
3299,3.4000000000000004,7,270,20,12,True
3300,3.4000000000000004,7,300,20,3,True
3301,3.4000000000000004,7,300,20,6,True
3302,3.4000000000000004,7,300,20,9,True
3303,3.4000000000000004,7,300,20,12,True
3304,3.4000000000000004,7,330,20,3,False
3305,3.4000000000000004,7,330,20,6,False
3306,3.4000000000000004,7,330,20,9,True
3307,3.4000000000000004,7,330,20,12,True
3308,3.4000000000000004,7,360,20,3,False
3309,3.4000000000000004,7,360,20,6,True
3310,3.4000000000000004,7,360,20,9,False
3311,3.4000000000000004,7,360,20,12,True
3312,3.4000000000000004,14,30,20,3,False
3313,3.4000000000000004,14,30,20,6,False
3314,3.4000000000000004,14,30,20,9,False
3315,3.4000000000000004,14,30,20,12,False
3316,3.4000000000000004,14,60,20,3,True
3317,3.4000000000000004,14,60,20,6,False
3318,3.4000000000000004,14,60,20,9,False
3319,3.4000000000000004,14,60,20,12,False
3320,3.4000000000000004,14,90,20,3,False
3321,3.4000000000000004,14,90,20,6,False
3322,3.4000000000000004,14,90,20,9,True
3323,3.4000000000000004,14,90,20,12,False
3324,3.4000000000000004,14,120,20,3,False
3325,3.4000000000000004,14,120,20,6,False
3326,3.4000000000000004,14,120,20,9,True
3327,3.4000000000000004,14,120,20,12,True
3328,3.4000000000000004,14,150,20,3,True
3329,3.4000000000000004,14,150,20,6,False
3330,3.4000000000000004,14,150,20,9,False
3331,3.4000000000000004,14,150,20,12,False
3332,3.4000000000000004,14,180,20,3,True
3333,3.4000000000000004,14,180,20,6,False
3334,3.4000000000000004,14,180,20,9,False
3335,3.4000000000000004,14,180,20,12,True
3336,3.4000000000000004,14,210,20,3,False
3337,3.4000000000000004,14,210,20,6,False
3338,3.4000000000000004,14,210,20,9,True
3339,3.4000000000000004,14,210,20,12,True
3340,3.4000000000000004,14,240,20,3,False
3341,3.4000000000000004,14,240,20,6,True
3342,3.4000000000000004,14,240,20,9,False
3343,3.4000000000000004,14,240,20,12,False
3344,3.4000000000000004,14,270,20,3,False
3345,3.4000000000000004,14,270,20,6,True
3346,3.4000000000000004,14,270,20,9,True
3347,3.4000000000000004,14,270,20,12,False
3348,3.4000000000000004,14,300,20,3,False
3349,3.4000000000000004,14,300,20,6,True
3350,3.4000000000000004,14,300,20,9,True
3351,3.4000000000000004,14,300,20,12,True
3352,3.4000000000000004,14,330,20,3,False
3353,3.4000000000000004,14,330,20,6,False
3354,3.4000000000000004,14,330,20,9,False
3355,3.4000000000000004,14,330,20,12,True
3356,3.4000000000000004,14,360,20,3,False
3357,3.4000000000000004,14,360,20,6,True
3358,3.4000000000000004,14,360,20,9,False
3359,3.4000000000000004,14,360,20,12,True
3360,3.4000000000000004,21,30,20,3,False
3361,3.4000000000000004,21,30,20,6,True
3362,3.4000000000000004,21,30,20,9,False
3363,3.4000000000000004,21,30,20,12,False
3364,3.4000000000000004,21,60,20,3,False
3365,3.4000000000000004,21,60,20,6,False
3366,3.4000000000000004,21,60,20,9,False
3367,3.4000000000000004,21,60,20,12,True
3368,3.4000000000000004,21,90,20,3,False
3369,3.4000000000000004,21,90,20,6,False
3370,3.4000000000000004,21,90,20,9,False
3371,3.4000000000000004,21,90,20,12,False
3372,3.4000000000000004,21,120,20,3,False
3373,3.4000000000000004,21,120,20,6,False
3374,3.4000000000000004,21,120,20,9,False
3375,3.4000000000000004,21,120,20,12,False
3376,3.4000000000000004,21,150,20,3,False
3377,3.4000000000000004,21,150,20,6,False
3378,3.4000000000000004,21,150,20,9,False
3379,3.4000000000000004,21,150,20,12,True
3380,3.4000000000000004,21,180,20,3,False
3381,3.4000000000000004,21,180,20,6,True
3382,3.4000000000000004,21,180,20,9,False
3383,3.4000000000000004,21,180,20,12,True
3384,3.4000000000000004,21,210,20,3,False
3385,3.4000000000000004,21,210,20,6,True
3386,3.4000000000000004,21,210,20,9,False
3387,3.4000000000000004,21,210,20,12,True
3388,3.4000000000000004,21,240,20,3,False
3389,3.4000000000000004,21,240,20,6,True
3390,3.4000000000000004,21,240,20,9,False
3391,3.4000000000000004,21,240,20,12,False
3392,3.4000000000000004,21,270,20,3,False
3393,3.4000000000000004,21,270,20,6,True
3394,3.4000000000000004,21,270,20,9,False
3395,3.4000000000000004,21,270,20,12,False
3396,3.4000000000000004,21,300,20,3,False
3397,3.4000000000000004,21,300,20,6,False
3398,3.4000000000000004,21,300,20,9,False
3399,3.4000000000000004,21,300,20,12,True
3400,3.4000000000000004,21,330,20,3,True
3401,3.4000000000000004,21,330,20,6,False
3402,3.4000000000000004,21,330,20,9,False
3403,3.4000000000000004,21,330,20,12,True
3404,3.4000000000000004,21,360,20,3,False
3405,3.4000000000000004,21,360,20,6,False
3406,3.4000000000000004,21,360,20,9,True
3407,3.4000000000000004,21,360,20,12,False
3408,3.4000000000000004,28,30,20,3,False
3409,3.4000000000000004,28,30,20,6,False
3410,3.4000000000000004,28,30,20,9,False
3411,3.4000000000000004,28,30,20,12,False
3412,3.4000000000000004,28,60,20,3,False
3413,3.4000000000000004,28,60,20,6,False
3414,3.4000000000000004,28,60,20,9,False
3415,3.4000000000000004,28,60,20,12,False
3416,3.4000000000000004,28,90,20,3,False
3417,3.4000000000000004,28,90,20,6,True
3418,3.4000000000000004,28,90,20,9,False
3419,3.4000000000000004,28,90,20,12,False
3420,3.4000000000000004,28,120,20,3,False
3421,3.4000000000000004,28,120,20,6,False
3422,3.4000000000000004,28,120,20,9,False
3423,3.4000000000000004,28,120,20,12,False
3424,3.4000000000000004,28,150,20,3,False
3425,3.4000000000000004,28,150,20,6,True
3426,3.4000000000000004,28,150,20,9,False
3427,3.4000000000000004,28,150,20,12,False
3428,3.4000000000000004,28,180,20,3,False
3429,3.4000000000000004,28,180,20,6,True
3430,3.4000000000000004,28,180,20,9,False
3431,3.4000000000000004,28,180,20,12,True
3432,3.4000000000000004,28,210,20,3,False
3433,3.4000000000000004,28,210,20,6,True
3434,3.4000000000000004,28,210,20,9,True
3435,3.4000000000000004,28,210,20,12,False
3436,3.4000000000000004,28,240,20,3,False
3437,3.4000000000000004,28,240,20,6,False
3438,3.4000000000000004,28,240,20,9,False
3439,3.4000000000000004,28,240,20,12,False
3440,3.4000000000000004,28,270,20,3,False
3441,3.4000000000000004,28,270,20,6,False
3442,3.4000000000000004,28,270,20,9,True
3443,3.4000000000000004,28,270,20,12,True
3444,3.4000000000000004,28,300,20,3,False
3445,3.4000000000000004,28,300,20,6,False
3446,3.4000000000000004,28,300,20,9,True
3447,3.4000000000000004,28,300,20,12,True
3448,3.4000000000000004,28,330,20,3,False
3449,3.4000000000000004,28,330,20,6,False
3450,3.4000000000000004,28,330,20,9,False
3451,3.4000000000000004,28,330,20,12,True
3452,3.4000000000000004,28,360,20,3,True
3453,3.4000000000000004,28,360,20,6,True
3454,3.4000000000000004,28,360,20,9,True
3455,3.4000000000000004,28,360,20,12,True
3456,3.6,7,30,20,3,True
3457,3.6,7,30,20,6,False
3458,3.6,7,30,20,9,True
3459,3.6,7,30,20,12,False
3460,3.6,7,60,20,3,True
3461,3.6,7,60,20,6,False
3462,3.6,7,60,20,9,True
3463,3.6,7,60,20,12,True
3464,3.6,7,90,20,3,True
3465,3.6,7,90,20,6,False
3466,3.6,7,90,20,9,True
3467,3.6,7,90,20,12,True
3468,3.6,7,120,20,3,False
3469,3.6,7,120,20,6,True
3470,3.6,7,120,20,9,True
3471,3.6,7,120,20,12,True
3472,3.6,7,150,20,3,False
3473,3.6,7,150,20,6,False
3474,3.6,7,150,20,9,False
3475,3.6,7,150,20,12,False
3476,3.6,7,180,20,3,True
3477,3.6,7,180,20,6,True
3478,3.6,7,180,20,9,True
3479,3.6,7,180,20,12,True
3480,3.6,7,210,20,3,True
3481,3.6,7,210,20,6,False
3482,3.6,7,210,20,9,False
3483,3.6,7,210,20,12,False
3484,3.6,7,240,20,3,True
3485,3.6,7,240,20,6,True
3486,3.6,7,240,20,9,True
3487,3.6,7,240,20,12,False
3488,3.6,7,270,20,3,False
3489,3.6,7,270,20,6,True
3490,3.6,7,270,20,9,False
3491,3.6,7,270,20,12,True
3492,3.6,7,300,20,3,True
3493,3.6,7,300,20,6,True
3494,3.6,7,300,20,9,True
3495,3.6,7,300,20,12,True
3496,3.6,7,330,20,3,False
3497,3.6,7,330,20,6,True
3498,3.6,7,330,20,9,True
3499,3.6,7,330,20,12,False
3500,3.6,7,360,20,3,False
3501,3.6,7,360,20,6,True
3502,3.6,7,360,20,9,False
3503,3.6,7,360,20,12,True
3504,3.6,14,30,20,3,False
3505,3.6,14,30,20,6,False
3506,3.6,14,30,20,9,False
3507,3.6,14,30,20,12,False
3508,3.6,14,60,20,3,False
3509,3.6,14,60,20,6,False
3510,3.6,14,60,20,9,False
3511,3.6,14,60,20,12,False
3512,3.6,14,90,20,3,False
3513,3.6,14,90,20,6,True
3514,3.6,14,90,20,9,True
3515,3.6,14,90,20,12,True
3516,3.6,14,120,20,3,False
3517,3.6,14,120,20,6,False
3518,3.6,14,120,20,9,False
3519,3.6,14,120,20,12,True
3520,3.6,14,150,20,3,False
3521,3.6,14,150,20,6,True
3522,3.6,14,150,20,9,False
3523,3.6,14,150,20,12,True
3524,3.6,14,180,20,3,False
3525,3.6,14,180,20,6,False
3526,3.6,14,180,20,9,False
3527,3.6,14,180,20,12,False
3528,3.6,14,210,20,3,True
3529,3.6,14,210,20,6,False
3530,3.6,14,210,20,9,False
3531,3.6,14,210,20,12,True
3532,3.6,14,240,20,3,False
3533,3.6,14,240,20,6,True
3534,3.6,14,240,20,9,False
3535,3.6,14,240,20,12,True
3536,3.6,14,270,20,3,True
3537,3.6,14,270,20,6,False
3538,3.6,14,270,20,9,True
3539,3.6,14,270,20,12,True
3540,3.6,14,300,20,3,False
3541,3.6,14,300,20,6,False
3542,3.6,14,300,20,9,True
3543,3.6,14,300,20,12,False
3544,3.6,14,330,20,3,True
3545,3.6,14,330,20,6,False
3546,3.6,14,330,20,9,True
3547,3.6,14,330,20,12,True
3548,3.6,14,360,20,3,True
3549,3.6,14,360,20,6,False
3550,3.6,14,360,20,9,False
3551,3.6,14,360,20,12,True
3552,3.6,21,30,20,3,False
3553,3.6,21,30,20,6,False
3554,3.6,21,30,20,9,False
3555,3.6,21,30,20,12,False
3556,3.6,21,60,20,3,False
3557,3.6,21,60,20,6,False
3558,3.6,21,60,20,9,False
3559,3.6,21,60,20,12,False
3560,3.6,21,90,20,3,False
3561,3.6,21,90,20,6,False
3562,3.6,21,90,20,9,False
3563,3.6,21,90,20,12,True
3564,3.6,21,120,20,3,False
3565,3.6,21,120,20,6,True
3566,3.6,21,120,20,9,True
3567,3.6,21,120,20,12,False
3568,3.6,21,150,20,3,False
3569,3.6,21,150,20,6,False
3570,3.6,21,150,20,9,False
3571,3.6,21,150,20,12,True
3572,3.6,21,180,20,3,False
3573,3.6,21,180,20,6,False
3574,3.6,21,180,20,9,False
3575,3.6,21,180,20,12,True
3576,3.6,21,210,20,3,False
3577,3.6,21,210,20,6,True
3578,3.6,21,210,20,9,False
3579,3.6,21,210,20,12,True
3580,3.6,21,240,20,3,True
3581,3.6,21,240,20,6,False
3582,3.6,21,240,20,9,False
3583,3.6,21,240,20,12,False
3584,3.6,21,270,20,3,True
3585,3.6,21,270,20,6,True
3586,3.6,21,270,20,9,True
3587,3.6,21,270,20,12,True
3588,3.6,21,300,20,3,False
3589,3.6,21,300,20,6,False
3590,3.6,21,300,20,9,True
3591,3.6,21,300,20,12,False
3592,3.6,21,330,20,3,False
3593,3.6,21,330,20,6,True
3594,3.6,21,330,20,9,False
3595,3.6,21,330,20,12,True
3596,3.6,21,360,20,3,True
3597,3.6,21,360,20,6,False
3598,3.6,21,360,20,9,False
3599,3.6,21,360,20,12,True
3600,3.6,28,30,20,3,False
3601,3.6,28,30,20,6,False
3602,3.6,28,30,20,9,False
3603,3.6,28,30,20,12,False
3604,3.6,28,60,20,3,False
3605,3.6,28,60,20,6,False
3606,3.6,28,60,20,9,False
3607,3.6,28,60,20,12,False
3608,3.6,28,90,20,3,False
3609,3.6,28,90,20,6,False
3610,3.6,28,90,20,9,False
3611,3.6,28,90,20,12,False
3612,3.6,28,120,20,3,False
3613,3.6,28,120,20,6,False
3614,3.6,28,120,20,9,False
3615,3.6,28,120,20,12,False
3616,3.6,28,150,20,3,True
3617,3.6,28,150,20,6,True
3618,3.6,28,150,20,9,False
3619,3.6,28,150,20,12,False
3620,3.6,28,180,20,3,False
3621,3.6,28,180,20,6,False
3622,3.6,28,180,20,9,False
3623,3.6,28,180,20,12,False
3624,3.6,28,210,20,3,False
3625,3.6,28,210,20,6,True
3626,3.6,28,210,20,9,True
3627,3.6,28,210,20,12,False
3628,3.6,28,240,20,3,False
3629,3.6,28,240,20,6,True
3630,3.6,28,240,20,9,False
3631,3.6,28,240,20,12,True
3632,3.6,28,270,20,3,False
3633,3.6,28,270,20,6,True
3634,3.6,28,270,20,9,False
3635,3.6,28,270,20,12,False
3636,3.6,28,300,20,3,False
3637,3.6,28,300,20,6,False
3638,3.6,28,300,20,9,False
3639,3.6,28,300,20,12,True
3640,3.6,28,330,20,3,False
3641,3.6,28,330,20,6,False
3642,3.6,28,330,20,9,False
3643,3.6,28,330,20,12,True
3644,3.6,28,360,20,3,False
3645,3.6,28,360,20,6,False
3646,3.6,28,360,20,9,False
3647,3.6,28,360,20,12,True
3648,3.8000000000000003,7,30,20,3,False
3649,3.8000000000000003,7,30,20,6,False
3650,3.8000000000000003,7,30,20,9,False
3651,3.8000000000000003,7,30,20,12,True
3652,3.8000000000000003,7,60,20,3,False
3653,3.8000000000000003,7,60,20,6,True
3654,3.8000000000000003,7,60,20,9,True
3655,3.8000000000000003,7,60,20,12,True
3656,3.8000000000000003,7,90,20,3,True
3657,3.8000000000000003,7,90,20,6,True
3658,3.8000000000000003,7,90,20,9,True
3659,3.8000000000000003,7,90,20,12,True
3660,3.8000000000000003,7,120,20,3,False
3661,3.8000000000000003,7,120,20,6,False
3662,3.8000000000000003,7,120,20,9,True
3663,3.8000000000000003,7,120,20,12,True
3664,3.8000000000000003,7,150,20,3,False
3665,3.8000000000000003,7,150,20,6,True
3666,3.8000000000000003,7,150,20,9,True
3667,3.8000000000000003,7,150,20,12,True
3668,3.8000000000000003,7,180,20,3,True
3669,3.8000000000000003,7,180,20,6,True
3670,3.8000000000000003,7,180,20,9,True
3671,3.8000000000000003,7,180,20,12,True
3672,3.8000000000000003,7,210,20,3,True
3673,3.8000000000000003,7,210,20,6,True
3674,3.8000000000000003,7,210,20,9,False
3675,3.8000000000000003,7,210,20,12,True
3676,3.8000000000000003,7,240,20,3,True
3677,3.8000000000000003,7,240,20,6,False
3678,3.8000000000000003,7,240,20,9,True
3679,3.8000000000000003,7,240,20,12,True
3680,3.8000000000000003,7,270,20,3,True
3681,3.8000000000000003,7,270,20,6,True
3682,3.8000000000000003,7,270,20,9,False
3683,3.8000000000000003,7,270,20,12,False
3684,3.8000000000000003,7,300,20,3,True
3685,3.8000000000000003,7,300,20,6,True
3686,3.8000000000000003,7,300,20,9,True
3687,3.8000000000000003,7,300,20,12,True
3688,3.8000000000000003,7,330,20,3,False
3689,3.8000000000000003,7,330,20,6,False
3690,3.8000000000000003,7,330,20,9,True
3691,3.8000000000000003,7,330,20,12,True
3692,3.8000000000000003,7,360,20,3,True
3693,3.8000000000000003,7,360,20,6,False
3694,3.8000000000000003,7,360,20,9,False
3695,3.8000000000000003,7,360,20,12,False
3696,3.8000000000000003,14,30,20,3,False
3697,3.8000000000000003,14,30,20,6,False
3698,3.8000000000000003,14,30,20,9,False
3699,3.8000000000000003,14,30,20,12,False
3700,3.8000000000000003,14,60,20,3,False
3701,3.8000000000000003,14,60,20,6,False
3702,3.8000000000000003,14,60,20,9,False
3703,3.8000000000000003,14,60,20,12,False
3704,3.8000000000000003,14,90,20,3,False
3705,3.8000000000000003,14,90,20,6,False
3706,3.8000000000000003,14,90,20,9,False
3707,3.8000000000000003,14,90,20,12,True
3708,3.8000000000000003,14,120,20,3,False
3709,3.8000000000000003,14,120,20,6,False
3710,3.8000000000000003,14,120,20,9,True
3711,3.8000000000000003,14,120,20,12,True
3712,3.8000000000000003,14,150,20,3,True
3713,3.8000000000000003,14,150,20,6,False
3714,3.8000000000000003,14,150,20,9,False
3715,3.8000000000000003,14,150,20,12,True
3716,3.8000000000000003,14,180,20,3,False
3717,3.8000000000000003,14,180,20,6,False
3718,3.8000000000000003,14,180,20,9,True
3719,3.8000000000000003,14,180,20,12,True
3720,3.8000000000000003,14,210,20,3,False
3721,3.8000000000000003,14,210,20,6,False
3722,3.8000000000000003,14,210,20,9,False
3723,3.8000000000000003,14,210,20,12,False
3724,3.8000000000000003,14,240,20,3,False
3725,3.8000000000000003,14,240,20,6,False
3726,3.8000000000000003,14,240,20,9,False
3727,3.8000000000000003,14,240,20,12,True
3728,3.8000000000000003,14,270,20,3,False
3729,3.8000000000000003,14,270,20,6,False
3730,3.8000000000000003,14,270,20,9,False
3731,3.8000000000000003,14,270,20,12,False
3732,3.8000000000000003,14,300,20,3,True
3733,3.8000000000000003,14,300,20,6,True
3734,3.8000000000000003,14,300,20,9,False
3735,3.8000000000000003,14,300,20,12,True
3736,3.8000000000000003,14,330,20,3,True
3737,3.8000000000000003,14,330,20,6,False
3738,3.8000000000000003,14,330,20,9,True
3739,3.8000000000000003,14,330,20,12,True
3740,3.8000000000000003,14,360,20,3,False
3741,3.8000000000000003,14,360,20,6,True
3742,3.8000000000000003,14,360,20,9,False
3743,3.8000000000000003,14,360,20,12,True
3744,3.8000000000000003,21,30,20,3,True
3745,3.8000000000000003,21,30,20,6,False
3746,3.8000000000000003,21,30,20,9,False
3747,3.8000000000000003,21,30,20,12,False
3748,3.8000000000000003,21,60,20,3,False
3749,3.8000000000000003,21,60,20,6,False
3750,3.8000000000000003,21,60,20,9,False
3751,3.8000000000000003,21,60,20,12,False
3752,3.8000000000000003,21,90,20,3,False
3753,3.8000000000000003,21,90,20,6,False
3754,3.8000000000000003,21,90,20,9,False
3755,3.8000000000000003,21,90,20,12,False
3756,3.8000000000000003,21,120,20,3,False
3757,3.8000000000000003,21,120,20,6,False
3758,3.8000000000000003,21,120,20,9,False
3759,3.8000000000000003,21,120,20,12,True
3760,3.8000000000000003,21,150,20,3,True
3761,3.8000000000000003,21,150,20,6,False
3762,3.8000000000000003,21,150,20,9,False
3763,3.8000000000000003,21,150,20,12,False
3764,3.8000000000000003,21,180,20,3,False
3765,3.8000000000000003,21,180,20,6,False
3766,3.8000000000000003,21,180,20,9,False
3767,3.8000000000000003,21,180,20,12,False
3768,3.8000000000000003,21,210,20,3,False
3769,3.8000000000000003,21,210,20,6,True
3770,3.8000000000000003,21,210,20,9,True
3771,3.8000000000000003,21,210,20,12,False
3772,3.8000000000000003,21,240,20,3,False
3773,3.8000000000000003,21,240,20,6,False
3774,3.8000000000000003,21,240,20,9,True
3775,3.8000000000000003,21,240,20,12,True
3776,3.8000000000000003,21,270,20,3,True
3777,3.8000000000000003,21,270,20,6,True
3778,3.8000000000000003,21,270,20,9,True
3779,3.8000000000000003,21,270,20,12,True
3780,3.8000000000000003,21,300,20,3,False
3781,3.8000000000000003,21,300,20,6,False
3782,3.8000000000000003,21,300,20,9,False
3783,3.8000000000000003,21,300,20,12,False
3784,3.8000000000000003,21,330,20,3,True
3785,3.8000000000000003,21,330,20,6,False
3786,3.8000000000000003,21,330,20,9,False
3787,3.8000000000000003,21,330,20,12,False
3788,3.8000000000000003,21,360,20,3,True
3789,3.8000000000000003,21,360,20,6,False
3790,3.8000000000000003,21,360,20,9,True
3791,3.8000000000000003,21,360,20,12,False
3792,3.8000000000000003,28,30,20,3,False
3793,3.8000000000000003,28,30,20,6,False
3794,3.8000000000000003,28,30,20,9,False
3795,3.8000000000000003,28,30,20,12,False
3796,3.8000000000000003,28,60,20,3,False
3797,3.8000000000000003,28,60,20,6,True
3798,3.8000000000000003,28,60,20,9,False
3799,3.8000000000000003,28,60,20,12,False
3800,3.8000000000000003,28,90,20,3,False
3801,3.8000000000000003,28,90,20,6,False
3802,3.8000000000000003,28,90,20,9,False
3803,3.8000000000000003,28,90,20,12,False
3804,3.8000000000000003,28,120,20,3,False
3805,3.8000000000000003,28,120,20,6,True
3806,3.8000000000000003,28,120,20,9,False
3807,3.8000000000000003,28,120,20,12,False
3808,3.8000000000000003,28,150,20,3,True
3809,3.8000000000000003,28,150,20,6,False
3810,3.8000000000000003,28,150,20,9,False
3811,3.8000000000000003,28,150,20,12,True
3812,3.8000000000000003,28,180,20,3,True
3813,3.8000000000000003,28,180,20,6,False
3814,3.8000000000000003,28,180,20,9,False
3815,3.8000000000000003,28,180,20,12,True
3816,3.8000000000000003,28,210,20,3,False
3817,3.8000000000000003,28,210,20,6,False
3818,3.8000000000000003,28,210,20,9,False
3819,3.8000000000000003,28,210,20,12,True
3820,3.8000000000000003,28,240,20,3,False
3821,3.8000000000000003,28,240,20,6,False
3822,3.8000000000000003,28,240,20,9,True
3823,3.8000000000000003,28,240,20,12,True
3824,3.8000000000000003,28,270,20,3,False
3825,3.8000000000000003,28,270,20,6,True
3826,3.8000000000000003,28,270,20,9,True
3827,3.8000000000000003,28,270,20,12,True
3828,3.8000000000000003,28,300,20,3,True
3829,3.8000000000000003,28,300,20,6,False
3830,3.8000000000000003,28,300,20,9,False
3831,3.8000000000000003,28,300,20,12,False
3832,3.8000000000000003,28,330,20,3,False
3833,3.8000000000000003,28,330,20,6,False
3834,3.8000000000000003,28,330,20,9,False
3835,3.8000000000000003,28,330,20,12,False
3836,3.8000000000000003,28,360,20,3,True
3837,3.8000000000000003,28,360,20,6,False
3838,3.8000000000000003,28,360,20,9,True
3839,3.8000000000000003,28,360,20,12,True
3840,4.0,7,30,20,3,False
3841,4.0,7,30,20,6,True
3842,4.0,7,30,20,9,True
3843,4.0,7,30,20,12,True
3844,4.0,7,60,20,3,False
3845,4.0,7,60,20,6,False
3846,4.0,7,60,20,9,True
3847,4.0,7,60,20,12,False
3848,4.0,7,90,20,3,False
3849,4.0,7,90,20,6,True
3850,4.0,7,90,20,9,True
3851,4.0,7,90,20,12,False
3852,4.0,7,120,20,3,False
3853,4.0,7,120,20,6,False
3854,4.0,7,120,20,9,False
3855,4.0,7,120,20,12,False
3856,4.0,7,150,20,3,False
3857,4.0,7,150,20,6,True
3858,4.0,7,150,20,9,False
3859,4.0,7,150,20,12,False
3860,4.0,7,180,20,3,False
3861,4.0,7,180,20,6,True
3862,4.0,7,180,20,9,True
3863,4.0,7,180,20,12,True
3864,4.0,7,210,20,3,True
3865,4.0,7,210,20,6,False
3866,4.0,7,210,20,9,True
3867,4.0,7,210,20,12,True
3868,4.0,7,240,20,3,False
3869,4.0,7,240,20,6,True
3870,4.0,7,240,20,9,False
3871,4.0,7,240,20,12,True
3872,4.0,7,270,20,3,True
3873,4.0,7,270,20,6,False
3874,4.0,7,270,20,9,False
3875,4.0,7,270,20,12,True
3876,4.0,7,300,20,3,False
3877,4.0,7,300,20,6,False
3878,4.0,7,300,20,9,True
3879,4.0,7,300,20,12,False
3880,4.0,7,330,20,3,False
3881,4.0,7,330,20,6,True
3882,4.0,7,330,20,9,True
3883,4.0,7,330,20,12,False
3884,4.0,7,360,20,3,True
3885,4.0,7,360,20,6,True
3886,4.0,7,360,20,9,True
3887,4.0,7,360,20,12,False
3888,4.0,14,30,20,3,False
3889,4.0,14,30,20,6,False
3890,4.0,14,30,20,9,False
3891,4.0,14,30,20,12,False
3892,4.0,14,60,20,3,False
3893,4.0,14,60,20,6,False
3894,4.0,14,60,20,9,False
3895,4.0,14,60,20,12,False
3896,4.0,14,90,20,3,True
3897,4.0,14,90,20,6,False
3898,4.0,14,90,20,9,True
3899,4.0,14,90,20,12,False
3900,4.0,14,120,20,3,True
3901,4.0,14,120,20,6,False
3902,4.0,14,120,20,9,False
3903,4.0,14,120,20,12,True
3904,4.0,14,150,20,3,False
3905,4.0,14,150,20,6,False
3906,4.0,14,150,20,9,True
3907,4.0,14,150,20,12,True
3908,4.0,14,180,20,3,False
3909,4.0,14,180,20,6,False
3910,4.0,14,180,20,9,True
3911,4.0,14,180,20,12,True
3912,4.0,14,210,20,3,False
3913,4.0,14,210,20,6,True
3914,4.0,14,210,20,9,False
3915,4.0,14,210,20,12,True
3916,4.0,14,240,20,3,False
3917,4.0,14,240,20,6,True
3918,4.0,14,240,20,9,False
3919,4.0,14,240,20,12,False
3920,4.0,14,270,20,3,True
3921,4.0,14,270,20,6,True
3922,4.0,14,270,20,9,True
3923,4.0,14,270,20,12,True
3924,4.0,14,300,20,3,True
3925,4.0,14,300,20,6,True
3926,4.0,14,300,20,9,False
3927,4.0,14,300,20,12,False
3928,4.0,14,330,20,3,True
3929,4.0,14,330,20,6,False
3930,4.0,14,330,20,9,False
3931,4.0,14,330,20,12,False
3932,4.0,14,360,20,3,False
3933,4.0,14,360,20,6,True
3934,4.0,14,360,20,9,True
3935,4.0,14,360,20,12,True
3936,4.0,21,30,20,3,False
3937,4.0,21,30,20,6,False
3938,4.0,21,30,20,9,False
3939,4.0,21,30,20,12,False
3940,4.0,21,60,20,3,False
3941,4.0,21,60,20,6,False
3942,4.0,21,60,20,9,False
3943,4.0,21,60,20,12,False
3944,4.0,21,90,20,3,False
3945,4.0,21,90,20,6,True
3946,4.0,21,90,20,9,False
3947,4.0,21,90,20,12,True
3948,4.0,21,120,20,3,False
3949,4.0,21,120,20,6,True
3950,4.0,21,120,20,9,False
3951,4.0,21,120,20,12,True
3952,4.0,21,150,20,3,False
3953,4.0,21,150,20,6,False
3954,4.0,21,150,20,9,False
3955,4.0,21,150,20,12,True
3956,4.0,21,180,20,3,False
3957,4.0,21,180,20,6,False
3958,4.0,21,180,20,9,False
3959,4.0,21,180,20,12,True
3960,4.0,21,210,20,3,False
3961,4.0,21,210,20,6,False
3962,4.0,21,210,20,9,False
3963,4.0,21,210,20,12,False
3964,4.0,21,240,20,3,False
3965,4.0,21,240,20,6,False
3966,4.0,21,240,20,9,False
3967,4.0,21,240,20,12,False
3968,4.0,21,270,20,3,False
3969,4.0,21,270,20,6,True
3970,4.0,21,270,20,9,False
3971,4.0,21,270,20,12,True
3972,4.0,21,300,20,3,True
3973,4.0,21,300,20,6,False
3974,4.0,21,300,20,9,False
3975,4.0,21,300,20,12,True
3976,4.0,21,330,20,3,False
3977,4.0,21,330,20,6,False
3978,4.0,21,330,20,9,False
3979,4.0,21,330,20,12,False
3980,4.0,21,360,20,3,True
3981,4.0,21,360,20,6,False
3982,4.0,21,360,20,9,True
3983,4.0,21,360,20,12,False
3984,4.0,28,30,20,3,False
3985,4.0,28,30,20,6,False
3986,4.0,28,30,20,9,False
3987,4.0,28,30,20,12,False
3988,4.0,28,60,20,3,True
3989,4.0,28,60,20,6,False
3990,4.0,28,60,20,9,True
3991,4.0,28,60,20,12,False
3992,4.0,28,90,20,3,True
3993,4.0,28,90,20,6,False
3994,4.0,28,90,20,9,False
3995,4.0,28,90,20,12,False
3996,4.0,28,120,20,3,False
3997,4.0,28,120,20,6,False
3998,4.0,28,120,20,9,False
3999,4.0,28,120,20,12,False
4000,4.0,28,150,20,3,False
4001,4.0,28,150,20,6,False
4002,4.0,28,150,20,9,False
4003,4.0,28,150,20,12,False
4004,4.0,28,180,20,3,True
4005,4.0,28,180,20,6,False
4006,4.0,28,180,20,9,False
4007,4.0,28,180,20,12,False
4008,4.0,28,210,20,3,False
4009,4.0,28,210,20,6,False
4010,4.0,28,210,20,9,False
4011,4.0,28,210,20,12,True
4012,4.0,28,240,20,3,False
4013,4.0,28,240,20,6,False
4014,4.0,28,240,20,9,True
4015,4.0,28,240,20,12,False
4016,4.0,28,270,20,3,True
4017,4.0,28,270,20,6,False
4018,4.0,28,270,20,9,False
4019,4.0,28,270,20,12,False
4020,4.0,28,300,20,3,True
4021,4.0,28,300,20,6,False
4022,4.0,28,300,20,9,True
4023,4.0,28,300,20,12,True
4024,4.0,28,330,20,3,False
4025,4.0,28,330,20,6,False
4026,4.0,28,330,20,9,False
4027,4.0,28,330,20,12,True
4028,4.0,28,360,20,3,False
4029,4.0,28,360,20,6,False
4030,4.0,28,360,20,9,True
4031,4.0,28,360,20,12,False
4032,4.2,7,30,20,3,False
4033,4.2,7,30,20,6,False
4034,4.2,7,30,20,9,False
4035,4.2,7,30,20,12,True
4036,4.2,7,60,20,3,False
4037,4.2,7,60,20,6,True
4038,4.2,7,60,20,9,False
4039,4.2,7,60,20,12,True
4040,4.2,7,90,20,3,False
4041,4.2,7,90,20,6,True
4042,4.2,7,90,20,9,False
4043,4.2,7,90,20,12,True
4044,4.2,7,120,20,3,False
4045,4.2,7,120,20,6,False
4046,4.2,7,120,20,9,False
4047,4.2,7,120,20,12,True
4048,4.2,7,150,20,3,False
4049,4.2,7,150,20,6,True
4050,4.2,7,150,20,9,True
4051,4.2,7,150,20,12,True
4052,4.2,7,180,20,3,True
4053,4.2,7,180,20,6,False
4054,4.2,7,180,20,9,True
4055,4.2,7,180,20,12,True
4056,4.2,7,210,20,3,True
4057,4.2,7,210,20,6,True
4058,4.2,7,210,20,9,True
4059,4.2,7,210,20,12,False
4060,4.2,7,240,20,3,False
4061,4.2,7,240,20,6,True
4062,4.2,7,240,20,9,True
4063,4.2,7,240,20,12,True
4064,4.2,7,270,20,3,True
4065,4.2,7,270,20,6,False
4066,4.2,7,270,20,9,False
4067,4.2,7,270,20,12,False
4068,4.2,7,300,20,3,True
4069,4.2,7,300,20,6,True
4070,4.2,7,300,20,9,False
4071,4.2,7,300,20,12,True
4072,4.2,7,330,20,3,False
4073,4.2,7,330,20,6,False
4074,4.2,7,330,20,9,False
4075,4.2,7,330,20,12,False
4076,4.2,7,360,20,3,False
4077,4.2,7,360,20,6,True
4078,4.2,7,360,20,9,False
4079,4.2,7,360,20,12,False
4080,4.2,14,30,20,3,False
4081,4.2,14,30,20,6,False
4082,4.2,14,30,20,9,False
4083,4.2,14,30,20,12,False
4084,4.2,14,60,20,3,False
4085,4.2,14,60,20,6,False
4086,4.2,14,60,20,9,False
4087,4.2,14,60,20,12,False
4088,4.2,14,90,20,3,False
4089,4.2,14,90,20,6,False
4090,4.2,14,90,20,9,True
4091,4.2,14,90,20,12,False
4092,4.2,14,120,20,3,False
4093,4.2,14,120,20,6,False
4094,4.2,14,120,20,9,False
4095,4.2,14,120,20,12,False
4096,4.2,14,150,20,3,False
4097,4.2,14,150,20,6,True
4098,4.2,14,150,20,9,False
4099,4.2,14,150,20,12,True
4100,4.2,14,180,20,3,False
4101,4.2,14,180,20,6,False
4102,4.2,14,180,20,9,False
4103,4.2,14,180,20,12,False
4104,4.2,14,210,20,3,True
4105,4.2,14,210,20,6,True
4106,4.2,14,210,20,9,False
4107,4.2,14,210,20,12,False
4108,4.2,14,240,20,3,False
4109,4.2,14,240,20,6,False
4110,4.2,14,240,20,9,False
4111,4.2,14,240,20,12,False
4112,4.2,14,270,20,3,True
4113,4.2,14,270,20,6,True
4114,4.2,14,270,20,9,True
4115,4.2,14,270,20,12,True
4116,4.2,14,300,20,3,False
4117,4.2,14,300,20,6,True
4118,4.2,14,300,20,9,True
4119,4.2,14,300,20,12,True
4120,4.2,14,330,20,3,True
4121,4.2,14,330,20,6,True
4122,4.2,14,330,20,9,True
4123,4.2,14,330,20,12,False
4124,4.2,14,360,20,3,False
4125,4.2,14,360,20,6,True
4126,4.2,14,360,20,9,True
4127,4.2,14,360,20,12,False
4128,4.2,21,30,20,3,False
4129,4.2,21,30,20,6,False
4130,4.2,21,30,20,9,False
4131,4.2,21,30,20,12,False
4132,4.2,21,60,20,3,False
4133,4.2,21,60,20,6,False
4134,4.2,21,60,20,9,False
4135,4.2,21,60,20,12,False
4136,4.2,21,90,20,3,True
4137,4.2,21,90,20,6,False
4138,4.2,21,90,20,9,False
4139,4.2,21,90,20,12,False
4140,4.2,21,120,20,3,False
4141,4.2,21,120,20,6,False
4142,4.2,21,120,20,9,False
4143,4.2,21,120,20,12,False
4144,4.2,21,150,20,3,False
4145,4.2,21,150,20,6,False
4146,4.2,21,150,20,9,True
4147,4.2,21,150,20,12,True
4148,4.2,21,180,20,3,False
4149,4.2,21,180,20,6,True
4150,4.2,21,180,20,9,False
4151,4.2,21,180,20,12,False
4152,4.2,21,210,20,3,False
4153,4.2,21,210,20,6,False
4154,4.2,21,210,20,9,False
4155,4.2,21,210,20,12,False
4156,4.2,21,240,20,3,False
4157,4.2,21,240,20,6,True
4158,4.2,21,240,20,9,False
4159,4.2,21,240,20,12,True
4160,4.2,21,270,20,3,False
4161,4.2,21,270,20,6,True
4162,4.2,21,270,20,9,False
4163,4.2,21,270,20,12,False
4164,4.2,21,300,20,3,False
4165,4.2,21,300,20,6,True
4166,4.2,21,300,20,9,False
4167,4.2,21,300,20,12,True
4168,4.2,21,330,20,3,False
4169,4.2,21,330,20,6,False
4170,4.2,21,330,20,9,False
4171,4.2,21,330,20,12,False
4172,4.2,21,360,20,3,False
4173,4.2,21,360,20,6,False
4174,4.2,21,360,20,9,True
4175,4.2,21,360,20,12,False
4176,4.2,28,30,20,3,False
4177,4.2,28,30,20,6,False
4178,4.2,28,30,20,9,False
4179,4.2,28,30,20,12,False
4180,4.2,28,60,20,3,False
4181,4.2,28,60,20,6,False
4182,4.2,28,60,20,9,False
4183,4.2,28,60,20,12,False
4184,4.2,28,90,20,3,False
4185,4.2,28,90,20,6,False
4186,4.2,28,90,20,9,False
4187,4.2,28,90,20,12,False
4188,4.2,28,120,20,3,False
4189,4.2,28,120,20,6,False
4190,4.2,28,120,20,9,False
4191,4.2,28,120,20,12,False
4192,4.2,28,150,20,3,False
4193,4.2,28,150,20,6,False
4194,4.2,28,150,20,9,False
4195,4.2,28,150,20,12,False
4196,4.2,28,180,20,3,False
4197,4.2,28,180,20,6,False
4198,4.2,28,180,20,9,True
4199,4.2,28,180,20,12,True
4200,4.2,28,210,20,3,False
4201,4.2,28,210,20,6,False
4202,4.2,28,210,20,9,True
4203,4.2,28,210,20,12,False
4204,4.2,28,240,20,3,False
4205,4.2,28,240,20,6,False
4206,4.2,28,240,20,9,False
4207,4.2,28,240,20,12,True
4208,4.2,28,270,20,3,False
4209,4.2,28,270,20,6,False
4210,4.2,28,270,20,9,False
4211,4.2,28,270,20,12,False
4212,4.2,28,300,20,3,False
4213,4.2,28,300,20,6,False
4214,4.2,28,300,20,9,False
4215,4.2,28,300,20,12,False
4216,4.2,28,330,20,3,False
4217,4.2,28,330,20,6,False
4218,4.2,28,330,20,9,False
4219,4.2,28,330,20,12,False
4220,4.2,28,360,20,3,True
4221,4.2,28,360,20,6,False
4222,4.2,28,360,20,9,False
4223,4.2,28,360,20,12,True
4224,4.4,7,30,20,3,False
4225,4.4,7,30,20,6,True
4226,4.4,7,30,20,9,True
4227,4.4,7,30,20,12,False
4228,4.4,7,60,20,3,False
4229,4.4,7,60,20,6,True
4230,4.4,7,60,20,9,True
4231,4.4,7,60,20,12,True
4232,4.4,7,90,20,3,False
4233,4.4,7,90,20,6,False
4234,4.4,7,90,20,9,True
4235,4.4,7,90,20,12,False
4236,4.4,7,120,20,3,False
4237,4.4,7,120,20,6,True
4238,4.4,7,120,20,9,False
4239,4.4,7,120,20,12,True
4240,4.4,7,150,20,3,False
4241,4.4,7,150,20,6,False
4242,4.4,7,150,20,9,True
4243,4.4,7,150,20,12,True
4244,4.4,7,180,20,3,True
4245,4.4,7,180,20,6,False
4246,4.4,7,180,20,9,True
4247,4.4,7,180,20,12,False
4248,4.4,7,210,20,3,False
4249,4.4,7,210,20,6,True
4250,4.4,7,210,20,9,False
4251,4.4,7,210,20,12,True
4252,4.4,7,240,20,3,False
4253,4.4,7,240,20,6,False
4254,4.4,7,240,20,9,False
4255,4.4,7,240,20,12,False
4256,4.4,7,270,20,3,False
4257,4.4,7,270,20,6,True
4258,4.4,7,270,20,9,True
4259,4.4,7,270,20,12,True
4260,4.4,7,300,20,3,True
4261,4.4,7,300,20,6,False
4262,4.4,7,300,20,9,False
4263,4.4,7,300,20,12,True
4264,4.4,7,330,20,3,True
4265,4.4,7,330,20,6,True
4266,4.4,7,330,20,9,True
4267,4.4,7,330,20,12,True
4268,4.4,7,360,20,3,False
4269,4.4,7,360,20,6,True
4270,4.4,7,360,20,9,True
4271,4.4,7,360,20,12,True
4272,4.4,14,30,20,3,False
4273,4.4,14,30,20,6,False
4274,4.4,14,30,20,9,False
4275,4.4,14,30,20,12,False
4276,4.4,14,60,20,3,False
4277,4.4,14,60,20,6,False
4278,4.4,14,60,20,9,False
4279,4.4,14,60,20,12,False
4280,4.4,14,90,20,3,False
4281,4.4,14,90,20,6,False
4282,4.4,14,90,20,9,True
4283,4.4,14,90,20,12,False
4284,4.4,14,120,20,3,True
4285,4.4,14,120,20,6,False
4286,4.4,14,120,20,9,False
4287,4.4,14,120,20,12,False
4288,4.4,14,150,20,3,False
4289,4.4,14,150,20,6,False
4290,4.4,14,150,20,9,False
4291,4.4,14,150,20,12,False
4292,4.4,14,180,20,3,False
4293,4.4,14,180,20,6,True
4294,4.4,14,180,20,9,False
4295,4.4,14,180,20,12,False
4296,4.4,14,210,20,3,False
4297,4.4,14,210,20,6,True
4298,4.4,14,210,20,9,False
4299,4.4,14,210,20,12,True
4300,4.4,14,240,20,3,False
4301,4.4,14,240,20,6,False
4302,4.4,14,240,20,9,True
4303,4.4,14,240,20,12,True
4304,4.4,14,270,20,3,False
4305,4.4,14,270,20,6,True
4306,4.4,14,270,20,9,True
4307,4.4,14,270,20,12,True
4308,4.4,14,300,20,3,False
4309,4.4,14,300,20,6,True
4310,4.4,14,300,20,9,False
4311,4.4,14,300,20,12,True
4312,4.4,14,330,20,3,True
4313,4.4,14,330,20,6,False
4314,4.4,14,330,20,9,True
4315,4.4,14,330,20,12,True
4316,4.4,14,360,20,3,False
4317,4.4,14,360,20,6,True
4318,4.4,14,360,20,9,True
4319,4.4,14,360,20,12,True
4320,4.4,21,30,20,3,False
4321,4.4,21,30,20,6,False
4322,4.4,21,30,20,9,False
4323,4.4,21,30,20,12,False
4324,4.4,21,60,20,3,False
4325,4.4,21,60,20,6,False
4326,4.4,21,60,20,9,False
4327,4.4,21,60,20,12,True
4328,4.4,21,90,20,3,False
4329,4.4,21,90,20,6,False
4330,4.4,21,90,20,9,False
4331,4.4,21,90,20,12,True
4332,4.4,21,120,20,3,False
4333,4.4,21,120,20,6,False
4334,4.4,21,120,20,9,False
4335,4.4,21,120,20,12,True
4336,4.4,21,150,20,3,False
4337,4.4,21,150,20,6,False
4338,4.4,21,150,20,9,False
4339,4.4,21,150,20,12,True
4340,4.4,21,180,20,3,False
4341,4.4,21,180,20,6,False
4342,4.4,21,180,20,9,False
4343,4.4,21,180,20,12,True
4344,4.4,21,210,20,3,True
4345,4.4,21,210,20,6,False
4346,4.4,21,210,20,9,False
4347,4.4,21,210,20,12,False
4348,4.4,21,240,20,3,True
4349,4.4,21,240,20,6,False
4350,4.4,21,240,20,9,True
4351,4.4,21,240,20,12,True
4352,4.4,21,270,20,3,False
4353,4.4,21,270,20,6,True
4354,4.4,21,270,20,9,False
4355,4.4,21,270,20,12,True
4356,4.4,21,300,20,3,True
4357,4.4,21,300,20,6,False
4358,4.4,21,300,20,9,False
4359,4.4,21,300,20,12,True
4360,4.4,21,330,20,3,False
4361,4.4,21,330,20,6,False
4362,4.4,21,330,20,9,True
4363,4.4,21,330,20,12,False
4364,4.4,21,360,20,3,False
4365,4.4,21,360,20,6,False
4366,4.4,21,360,20,9,False
4367,4.4,21,360,20,12,True
4368,4.4,28,30,20,3,False
4369,4.4,28,30,20,6,False
4370,4.4,28,30,20,9,False
4371,4.4,28,30,20,12,False
4372,4.4,28,60,20,3,False
4373,4.4,28,60,20,6,False
4374,4.4,28,60,20,9,False
4375,4.4,28,60,20,12,False
4376,4.4,28,90,20,3,False
4377,4.4,28,90,20,6,False
4378,4.4,28,90,20,9,False
4379,4.4,28,90,20,12,False
4380,4.4,28,120,20,3,False
4381,4.4,28,120,20,6,True
4382,4.4,28,120,20,9,False
4383,4.4,28,120,20,12,False
4384,4.4,28,150,20,3,False
4385,4.4,28,150,20,6,False
4386,4.4,28,150,20,9,False
4387,4.4,28,150,20,12,False
4388,4.4,28,180,20,3,False
4389,4.4,28,180,20,6,False
4390,4.4,28,180,20,9,False
4391,4.4,28,180,20,12,False
4392,4.4,28,210,20,3,False
4393,4.4,28,210,20,6,True
4394,4.4,28,210,20,9,False
4395,4.4,28,210,20,12,True
4396,4.4,28,240,20,3,False
4397,4.4,28,240,20,6,False
4398,4.4,28,240,20,9,False
4399,4.4,28,240,20,12,True
4400,4.4,28,270,20,3,False
4401,4.4,28,270,20,6,False
4402,4.4,28,270,20,9,True
4403,4.4,28,270,20,12,False
4404,4.4,28,300,20,3,False
4405,4.4,28,300,20,6,True
4406,4.4,28,300,20,9,True
4407,4.4,28,300,20,12,True
4408,4.4,28,330,20,3,True
4409,4.4,28,330,20,6,True
4410,4.4,28,330,20,9,True
4411,4.4,28,330,20,12,True
4412,4.4,28,360,20,3,False
4413,4.4,28,360,20,6,False
4414,4.4,28,360,20,9,False
4415,4.4,28,360,20,12,True
4416,4.6000000000000005,7,30,20,3,False
4417,4.6000000000000005,7,30,20,6,False
4418,4.6000000000000005,7,30,20,9,True
4419,4.6000000000000005,7,30,20,12,False
4420,4.6000000000000005,7,60,20,3,False
4421,4.6000000000000005,7,60,20,6,False
4422,4.6000000000000005,7,60,20,9,False
4423,4.6000000000000005,7,60,20,12,False
4424,4.6000000000000005,7,90,20,3,False
4425,4.6000000000000005,7,90,20,6,True
4426,4.6000000000000005,7,90,20,9,False
4427,4.6000000000000005,7,90,20,12,True
4428,4.6000000000000005,7,120,20,3,False
4429,4.6000000000000005,7,120,20,6,True
4430,4.6000000000000005,7,120,20,9,True
4431,4.6000000000000005,7,120,20,12,True
4432,4.6000000000000005,7,150,20,3,True
4433,4.6000000000000005,7,150,20,6,True
4434,4.6000000000000005,7,150,20,9,False
4435,4.6000000000000005,7,150,20,12,True
4436,4.6000000000000005,7,180,20,3,False
4437,4.6000000000000005,7,180,20,6,True
4438,4.6000000000000005,7,180,20,9,True
4439,4.6000000000000005,7,180,20,12,True
4440,4.6000000000000005,7,210,20,3,False
4441,4.6000000000000005,7,210,20,6,False
4442,4.6000000000000005,7,210,20,9,False
4443,4.6000000000000005,7,210,20,12,True
4444,4.6000000000000005,7,240,20,3,False
4445,4.6000000000000005,7,240,20,6,False
4446,4.6000000000000005,7,240,20,9,True
4447,4.6000000000000005,7,240,20,12,False
4448,4.6000000000000005,7,270,20,3,False
4449,4.6000000000000005,7,270,20,6,False
4450,4.6000000000000005,7,270,20,9,False
4451,4.6000000000000005,7,270,20,12,False
4452,4.6000000000000005,7,300,20,3,False
4453,4.6000000000000005,7,300,20,6,False
4454,4.6000000000000005,7,300,20,9,True
4455,4.6000000000000005,7,300,20,12,True
4456,4.6000000000000005,7,330,20,3,False
4457,4.6000000000000005,7,330,20,6,False
4458,4.6000000000000005,7,330,20,9,True
4459,4.6000000000000005,7,330,20,12,True
4460,4.6000000000000005,7,360,20,3,True
4461,4.6000000000000005,7,360,20,6,False
4462,4.6000000000000005,7,360,20,9,True
4463,4.6000000000000005,7,360,20,12,False
4464,4.6000000000000005,14,30,20,3,False
4465,4.6000000000000005,14,30,20,6,False
4466,4.6000000000000005,14,30,20,9,False
4467,4.6000000000000005,14,30,20,12,False
4468,4.6000000000000005,14,60,20,3,False
4469,4.6000000000000005,14,60,20,6,False
4470,4.6000000000000005,14,60,20,9,False
4471,4.6000000000000005,14,60,20,12,False
4472,4.6000000000000005,14,90,20,3,False
4473,4.6000000000000005,14,90,20,6,False
4474,4.6000000000000005,14,90,20,9,True
4475,4.6000000000000005,14,90,20,12,False
4476,4.6000000000000005,14,120,20,3,False
4477,4.6000000000000005,14,120,20,6,False
4478,4.6000000000000005,14,120,20,9,False
4479,4.6000000000000005,14,120,20,12,False
4480,4.6000000000000005,14,150,20,3,False
4481,4.6000000000000005,14,150,20,6,True
4482,4.6000000000000005,14,150,20,9,False
4483,4.6000000000000005,14,150,20,12,True
4484,4.6000000000000005,14,180,20,3,True
4485,4.6000000000000005,14,180,20,6,False
4486,4.6000000000000005,14,180,20,9,True
4487,4.6000000000000005,14,180,20,12,True
4488,4.6000000000000005,14,210,20,3,False
4489,4.6000000000000005,14,210,20,6,True
4490,4.6000000000000005,14,210,20,9,True
4491,4.6000000000000005,14,210,20,12,False
4492,4.6000000000000005,14,240,20,3,False
4493,4.6000000000000005,14,240,20,6,True
4494,4.6000000000000005,14,240,20,9,True
4495,4.6000000000000005,14,240,20,12,False
4496,4.6000000000000005,14,270,20,3,False
4497,4.6000000000000005,14,270,20,6,False
4498,4.6000000000000005,14,270,20,9,False
4499,4.6000000000000005,14,270,20,12,True
4500,4.6000000000000005,14,300,20,3,False
4501,4.6000000000000005,14,300,20,6,False
4502,4.6000000000000005,14,300,20,9,True
4503,4.6000000000000005,14,300,20,12,False
4504,4.6000000000000005,14,330,20,3,True
4505,4.6000000000000005,14,330,20,6,False
4506,4.6000000000000005,14,330,20,9,True
4507,4.6000000000000005,14,330,20,12,True
4508,4.6000000000000005,14,360,20,3,True
4509,4.6000000000000005,14,360,20,6,False
4510,4.6000000000000005,14,360,20,9,True
4511,4.6000000000000005,14,360,20,12,True
4512,4.6000000000000005,21,30,20,3,False
4513,4.6000000000000005,21,30,20,6,False
4514,4.6000000000000005,21,30,20,9,False
4515,4.6000000000000005,21,30,20,12,False
4516,4.6000000000000005,21,60,20,3,False
4517,4.6000000000000005,21,60,20,6,False
4518,4.6000000000000005,21,60,20,9,False
4519,4.6000000000000005,21,60,20,12,False
4520,4.6000000000000005,21,90,20,3,True
4521,4.6000000000000005,21,90,20,6,False
4522,4.6000000000000005,21,90,20,9,False
4523,4.6000000000000005,21,90,20,12,False
4524,4.6000000000000005,21,120,20,3,False
4525,4.6000000000000005,21,120,20,6,False
4526,4.6000000000000005,21,120,20,9,False
4527,4.6000000000000005,21,120,20,12,False
4528,4.6000000000000005,21,150,20,3,False
4529,4.6000000000000005,21,150,20,6,False
4530,4.6000000000000005,21,150,20,9,False
4531,4.6000000000000005,21,150,20,12,False
4532,4.6000000000000005,21,180,20,3,True
4533,4.6000000000000005,21,180,20,6,False
4534,4.6000000000000005,21,180,20,9,False
4535,4.6000000000000005,21,180,20,12,False
4536,4.6000000000000005,21,210,20,3,False
4537,4.6000000000000005,21,210,20,6,False
4538,4.6000000000000005,21,210,20,9,False
4539,4.6000000000000005,21,210,20,12,True
4540,4.6000000000000005,21,240,20,3,False
4541,4.6000000000000005,21,240,20,6,False
4542,4.6000000000000005,21,240,20,9,False
4543,4.6000000000000005,21,240,20,12,False
4544,4.6000000000000005,21,270,20,3,False
4545,4.6000000000000005,21,270,20,6,True
4546,4.6000000000000005,21,270,20,9,False
4547,4.6000000000000005,21,270,20,12,True
4548,4.6000000000000005,21,300,20,3,True
4549,4.6000000000000005,21,300,20,6,False
4550,4.6000000000000005,21,300,20,9,False
4551,4.6000000000000005,21,300,20,12,False
4552,4.6000000000000005,21,330,20,3,False
4553,4.6000000000000005,21,330,20,6,False
4554,4.6000000000000005,21,330,20,9,True
4555,4.6000000000000005,21,330,20,12,True
4556,4.6000000000000005,21,360,20,3,False
4557,4.6000000000000005,21,360,20,6,False
4558,4.6000000000000005,21,360,20,9,True
4559,4.6000000000000005,21,360,20,12,False
4560,4.6000000000000005,28,30,20,3,False
4561,4.6000000000000005,28,30,20,6,False
4562,4.6000000000000005,28,30,20,9,False
4563,4.6000000000000005,28,30,20,12,False
4564,4.6000000000000005,28,60,20,3,False
4565,4.6000000000000005,28,60,20,6,False
4566,4.6000000000000005,28,60,20,9,False
4567,4.6000000000000005,28,60,20,12,False
4568,4.6000000000000005,28,90,20,3,False
4569,4.6000000000000005,28,90,20,6,False
4570,4.6000000000000005,28,90,20,9,False
4571,4.6000000000000005,28,90,20,12,False
4572,4.6000000000000005,28,120,20,3,True
4573,4.6000000000000005,28,120,20,6,False
4574,4.6000000000000005,28,120,20,9,True
4575,4.6000000000000005,28,120,20,12,False
4576,4.6000000000000005,28,150,20,3,False
4577,4.6000000000000005,28,150,20,6,False
4578,4.6000000000000005,28,150,20,9,False
4579,4.6000000000000005,28,150,20,12,False
4580,4.6000000000000005,28,180,20,3,False
4581,4.6000000000000005,28,180,20,6,False
4582,4.6000000000000005,28,180,20,9,False
4583,4.6000000000000005,28,180,20,12,False
4584,4.6000000000000005,28,210,20,3,False
4585,4.6000000000000005,28,210,20,6,False
4586,4.6000000000000005,28,210,20,9,False
4587,4.6000000000000005,28,210,20,12,False
4588,4.6000000000000005,28,240,20,3,False
4589,4.6000000000000005,28,240,20,6,True
4590,4.6000000000000005,28,240,20,9,True
4591,4.6000000000000005,28,240,20,12,False
4592,4.6000000000000005,28,270,20,3,False
4593,4.6000000000000005,28,270,20,6,False
4594,4.6000000000000005,28,270,20,9,True
4595,4.6000000000000005,28,270,20,12,True
4596,4.6000000000000005,28,300,20,3,False
4597,4.6000000000000005,28,300,20,6,False
4598,4.6000000000000005,28,300,20,9,False
4599,4.6000000000000005,28,300,20,12,True
4600,4.6000000000000005,28,330,20,3,True
4601,4.6000000000000005,28,330,20,6,False
4602,4.6000000000000005,28,330,20,9,False
4603,4.6000000000000005,28,330,20,12,True
4604,4.6000000000000005,28,360,20,3,False
4605,4.6000000000000005,28,360,20,6,False
4606,4.6000000000000005,28,360,20,9,False
4607,4.6000000000000005,28,360,20,12,True
4608,4.800000000000001,7,30,20,3,True
4609,4.800000000000001,7,30,20,6,True
4610,4.800000000000001,7,30,20,9,False
4611,4.800000000000001,7,30,20,12,False
4612,4.800000000000001,7,60,20,3,False
4613,4.800000000000001,7,60,20,6,False
4614,4.800000000000001,7,60,20,9,False
4615,4.800000000000001,7,60,20,12,False
4616,4.800000000000001,7,90,20,3,False
4617,4.800000000000001,7,90,20,6,False
4618,4.800000000000001,7,90,20,9,False
4619,4.800000000000001,7,90,20,12,True
4620,4.800000000000001,7,120,20,3,False
4621,4.800000000000001,7,120,20,6,False
4622,4.800000000000001,7,120,20,9,False
4623,4.800000000000001,7,120,20,12,True
4624,4.800000000000001,7,150,20,3,False
4625,4.800000000000001,7,150,20,6,False
4626,4.800000000000001,7,150,20,9,False
4627,4.800000000000001,7,150,20,12,False
4628,4.800000000000001,7,180,20,3,False
4629,4.800000000000001,7,180,20,6,False
4630,4.800000000000001,7,180,20,9,True
4631,4.800000000000001,7,180,20,12,True
4632,4.800000000000001,7,210,20,3,True
4633,4.800000000000001,7,210,20,6,True
4634,4.800000000000001,7,210,20,9,False
4635,4.800000000000001,7,210,20,12,True
4636,4.800000000000001,7,240,20,3,False
4637,4.800000000000001,7,240,20,6,False
4638,4.800000000000001,7,240,20,9,True
4639,4.800000000000001,7,240,20,12,False
4640,4.800000000000001,7,270,20,3,False
4641,4.800000000000001,7,270,20,6,True
4642,4.800000000000001,7,270,20,9,False
4643,4.800000000000001,7,270,20,12,True
4644,4.800000000000001,7,300,20,3,True
4645,4.800000000000001,7,300,20,6,False
4646,4.800000000000001,7,300,20,9,False
4647,4.800000000000001,7,300,20,12,True
4648,4.800000000000001,7,330,20,3,False
4649,4.800000000000001,7,330,20,6,True
4650,4.800000000000001,7,330,20,9,False
4651,4.800000000000001,7,330,20,12,False
4652,4.800000000000001,7,360,20,3,False
4653,4.800000000000001,7,360,20,6,False
4654,4.800000000000001,7,360,20,9,False
4655,4.800000000000001,7,360,20,12,False
4656,4.800000000000001,14,30,20,3,False
4657,4.800000000000001,14,30,20,6,False
4658,4.800000000000001,14,30,20,9,False
4659,4.800000000000001,14,30,20,12,True
4660,4.800000000000001,14,60,20,3,False
4661,4.800000000000001,14,60,20,6,True
4662,4.800000000000001,14,60,20,9,True
4663,4.800000000000001,14,60,20,12,False
4664,4.800000000000001,14,90,20,3,False
4665,4.800000000000001,14,90,20,6,False
4666,4.800000000000001,14,90,20,9,True
4667,4.800000000000001,14,90,20,12,False
4668,4.800000000000001,14,120,20,3,False
4669,4.800000000000001,14,120,20,6,False
4670,4.800000000000001,14,120,20,9,True
4671,4.800000000000001,14,120,20,12,False
4672,4.800000000000001,14,150,20,3,True
4673,4.800000000000001,14,150,20,6,True
4674,4.800000000000001,14,150,20,9,True
4675,4.800000000000001,14,150,20,12,False
4676,4.800000000000001,14,180,20,3,False
4677,4.800000000000001,14,180,20,6,True
4678,4.800000000000001,14,180,20,9,False
4679,4.800000000000001,14,180,20,12,True
4680,4.800000000000001,14,210,20,3,False
4681,4.800000000000001,14,210,20,6,False
4682,4.800000000000001,14,210,20,9,False
4683,4.800000000000001,14,210,20,12,True
4684,4.800000000000001,14,240,20,3,False
4685,4.800000000000001,14,240,20,6,False
4686,4.800000000000001,14,240,20,9,False
4687,4.800000000000001,14,240,20,12,True
4688,4.800000000000001,14,270,20,3,True
4689,4.800000000000001,14,270,20,6,False
4690,4.800000000000001,14,270,20,9,False
4691,4.800000000000001,14,270,20,12,False
4692,4.800000000000001,14,300,20,3,False
4693,4.800000000000001,14,300,20,6,False
4694,4.800000000000001,14,300,20,9,False
4695,4.800000000000001,14,300,20,12,True
4696,4.800000000000001,14,330,20,3,False
4697,4.800000000000001,14,330,20,6,False
4698,4.800000000000001,14,330,20,9,False
4699,4.800000000000001,14,330,20,12,False
4700,4.800000000000001,14,360,20,3,False
4701,4.800000000000001,14,360,20,6,False
4702,4.800000000000001,14,360,20,9,False
4703,4.800000000000001,14,360,20,12,True
4704,4.800000000000001,21,30,20,3,False
4705,4.800000000000001,21,30,20,6,False
4706,4.800000000000001,21,30,20,9,False
4707,4.800000000000001,21,30,20,12,False
4708,4.800000000000001,21,60,20,3,False
4709,4.800000000000001,21,60,20,6,False
4710,4.800000000000001,21,60,20,9,False
4711,4.800000000000001,21,60,20,12,False
4712,4.800000000000001,21,90,20,3,False
4713,4.800000000000001,21,90,20,6,False
4714,4.800000000000001,21,90,20,9,False
4715,4.800000000000001,21,90,20,12,False
4716,4.800000000000001,21,120,20,3,False
4717,4.800000000000001,21,120,20,6,False
4718,4.800000000000001,21,120,20,9,False
4719,4.800000000000001,21,120,20,12,True
4720,4.800000000000001,21,150,20,3,False
4721,4.800000000000001,21,150,20,6,False
4722,4.800000000000001,21,150,20,9,True
4723,4.800000000000001,21,150,20,12,False
4724,4.800000000000001,21,180,20,3,False
4725,4.800000000000001,21,180,20,6,True
4726,4.800000000000001,21,180,20,9,True
4727,4.800000000000001,21,180,20,12,False
4728,4.800000000000001,21,210,20,3,False
4729,4.800000000000001,21,210,20,6,False
4730,4.800000000000001,21,210,20,9,False
4731,4.800000000000001,21,210,20,12,False
4732,4.800000000000001,21,240,20,3,False
4733,4.800000000000001,21,240,20,6,False
4734,4.800000000000001,21,240,20,9,True
4735,4.800000000000001,21,240,20,12,False
4736,4.800000000000001,21,270,20,3,True
4737,4.800000000000001,21,270,20,6,False
4738,4.800000000000001,21,270,20,9,False
4739,4.800000000000001,21,270,20,12,True
4740,4.800000000000001,21,300,20,3,False
4741,4.800000000000001,21,300,20,6,False
4742,4.800000000000001,21,300,20,9,True
4743,4.800000000000001,21,300,20,12,False
4744,4.800000000000001,21,330,20,3,False
4745,4.800000000000001,21,330,20,6,False
4746,4.800000000000001,21,330,20,9,False
4747,4.800000000000001,21,330,20,12,True
4748,4.800000000000001,21,360,20,3,True
4749,4.800000000000001,21,360,20,6,False
4750,4.800000000000001,21,360,20,9,False
4751,4.800000000000001,21,360,20,12,False
4752,4.800000000000001,28,30,20,3,False
4753,4.800000000000001,28,30,20,6,True
4754,4.800000000000001,28,30,20,9,False
4755,4.800000000000001,28,30,20,12,False
4756,4.800000000000001,28,60,20,3,False
4757,4.800000000000001,28,60,20,6,False
4758,4.800000000000001,28,60,20,9,False
4759,4.800000000000001,28,60,20,12,False
4760,4.800000000000001,28,90,20,3,False
4761,4.800000000000001,28,90,20,6,False
4762,4.800000000000001,28,90,20,9,False
4763,4.800000000000001,28,90,20,12,False
4764,4.800000000000001,28,120,20,3,False
4765,4.800000000000001,28,120,20,6,False
4766,4.800000000000001,28,120,20,9,False
4767,4.800000000000001,28,120,20,12,False
4768,4.800000000000001,28,150,20,3,True
4769,4.800000000000001,28,150,20,6,True
4770,4.800000000000001,28,150,20,9,False
4771,4.800000000000001,28,150,20,12,False
4772,4.800000000000001,28,180,20,3,False
4773,4.800000000000001,28,180,20,6,False
4774,4.800000000000001,28,180,20,9,False
4775,4.800000000000001,28,180,20,12,False
4776,4.800000000000001,28,210,20,3,False
4777,4.800000000000001,28,210,20,6,False
4778,4.800000000000001,28,210,20,9,False
4779,4.800000000000001,28,210,20,12,False
4780,4.800000000000001,28,240,20,3,False
4781,4.800000000000001,28,240,20,6,True
4782,4.800000000000001,28,240,20,9,False
4783,4.800000000000001,28,240,20,12,False
4784,4.800000000000001,28,270,20,3,False
4785,4.800000000000001,28,270,20,6,False
4786,4.800000000000001,28,270,20,9,False
4787,4.800000000000001,28,270,20,12,True
4788,4.800000000000001,28,300,20,3,True
4789,4.800000000000001,28,300,20,6,False
4790,4.800000000000001,28,300,20,9,False
4791,4.800000000000001,28,300,20,12,False
4792,4.800000000000001,28,330,20,3,False
4793,4.800000000000001,28,330,20,6,False
4794,4.800000000000001,28,330,20,9,True
4795,4.800000000000001,28,330,20,12,False
4796,4.800000000000001,28,360,20,3,False
4797,4.800000000000001,28,360,20,6,False
4798,4.800000000000001,28,360,20,9,True
4799,4.800000000000001,28,360,20,12,True
4800,5.0,7,30,20,3,False
4801,5.0,7,30,20,6,False
4802,5.0,7,30,20,9,False
4803,5.0,7,30,20,12,False
4804,5.0,7,60,20,3,False
4805,5.0,7,60,20,6,True
4806,5.0,7,60,20,9,False
4807,5.0,7,60,20,12,True
4808,5.0,7,90,20,3,False
4809,5.0,7,90,20,6,False
4810,5.0,7,90,20,9,False
4811,5.0,7,90,20,12,True
4812,5.0,7,120,20,3,False
4813,5.0,7,120,20,6,True
4814,5.0,7,120,20,9,False
4815,5.0,7,120,20,12,False
4816,5.0,7,150,20,3,False
4817,5.0,7,150,20,6,True
4818,5.0,7,150,20,9,True
4819,5.0,7,150,20,12,True
4820,5.0,7,180,20,3,False
4821,5.0,7,180,20,6,False
4822,5.0,7,180,20,9,False
4823,5.0,7,180,20,12,True
4824,5.0,7,210,20,3,True
4825,5.0,7,210,20,6,False
4826,5.0,7,210,20,9,False
4827,5.0,7,210,20,12,True
4828,5.0,7,240,20,3,False
4829,5.0,7,240,20,6,False
4830,5.0,7,240,20,9,False
4831,5.0,7,240,20,12,False
4832,5.0,7,270,20,3,False
4833,5.0,7,270,20,6,True
4834,5.0,7,270,20,9,False
4835,5.0,7,270,20,12,True
4836,5.0,7,300,20,3,False
4837,5.0,7,300,20,6,False
4838,5.0,7,300,20,9,False
4839,5.0,7,300,20,12,False
4840,5.0,7,330,20,3,False
4841,5.0,7,330,20,6,False
4842,5.0,7,330,20,9,True
4843,5.0,7,330,20,12,True
4844,5.0,7,360,20,3,False
4845,5.0,7,360,20,6,False
4846,5.0,7,360,20,9,False
4847,5.0,7,360,20,12,False
4848,5.0,14,30,20,3,False
4849,5.0,14,30,20,6,False
4850,5.0,14,30,20,9,False
4851,5.0,14,30,20,12,False
4852,5.0,14,60,20,3,False
4853,5.0,14,60,20,6,False
4854,5.0,14,60,20,9,False
4855,5.0,14,60,20,12,False
4856,5.0,14,90,20,3,False
4857,5.0,14,90,20,6,False
4858,5.0,14,90,20,9,False
4859,5.0,14,90,20,12,False
4860,5.0,14,120,20,3,False
4861,5.0,14,120,20,6,False
4862,5.0,14,120,20,9,False
4863,5.0,14,120,20,12,False
4864,5.0,14,150,20,3,False
4865,5.0,14,150,20,6,False
4866,5.0,14,150,20,9,True
4867,5.0,14,150,20,12,False
4868,5.0,14,180,20,3,False
4869,5.0,14,180,20,6,True
4870,5.0,14,180,20,9,False
4871,5.0,14,180,20,12,True
4872,5.0,14,210,20,3,False
4873,5.0,14,210,20,6,False
4874,5.0,14,210,20,9,True
4875,5.0,14,210,20,12,False
4876,5.0,14,240,20,3,False
4877,5.0,14,240,20,6,False
4878,5.0,14,240,20,9,True
4879,5.0,14,240,20,12,False
4880,5.0,14,270,20,3,False
4881,5.0,14,270,20,6,False
4882,5.0,14,270,20,9,False
4883,5.0,14,270,20,12,True
4884,5.0,14,300,20,3,True
4885,5.0,14,300,20,6,False
4886,5.0,14,300,20,9,False
4887,5.0,14,300,20,12,False
4888,5.0,14,330,20,3,False
4889,5.0,14,330,20,6,False
4890,5.0,14,330,20,9,True
4891,5.0,14,330,20,12,False
4892,5.0,14,360,20,3,False
4893,5.0,14,360,20,6,False
4894,5.0,14,360,20,9,False
4895,5.0,14,360,20,12,False
4896,5.0,21,30,20,3,False
4897,5.0,21,30,20,6,False
4898,5.0,21,30,20,9,False
4899,5.0,21,30,20,12,False
4900,5.0,21,60,20,3,False
4901,5.0,21,60,20,6,False
4902,5.0,21,60,20,9,False
4903,5.0,21,60,20,12,False
4904,5.0,21,90,20,3,False
4905,5.0,21,90,20,6,False
4906,5.0,21,90,20,9,False
4907,5.0,21,90,20,12,True
4908,5.0,21,120,20,3,False
4909,5.0,21,120,20,6,True
4910,5.0,21,120,20,9,False
4911,5.0,21,120,20,12,True
4912,5.0,21,150,20,3,False
4913,5.0,21,150,20,6,False
4914,5.0,21,150,20,9,False
4915,5.0,21,150,20,12,False
4916,5.0,21,180,20,3,False
4917,5.0,21,180,20,6,False
4918,5.0,21,180,20,9,False
4919,5.0,21,180,20,12,False
4920,5.0,21,210,20,3,False
4921,5.0,21,210,20,6,False
4922,5.0,21,210,20,9,True
4923,5.0,21,210,20,12,True
4924,5.0,21,240,20,3,False
4925,5.0,21,240,20,6,True
4926,5.0,21,240,20,9,False
4927,5.0,21,240,20,12,True
4928,5.0,21,270,20,3,False
4929,5.0,21,270,20,6,False
4930,5.0,21,270,20,9,False
4931,5.0,21,270,20,12,False
4932,5.0,21,300,20,3,False
4933,5.0,21,300,20,6,True
4934,5.0,21,300,20,9,False
4935,5.0,21,300,20,12,False
4936,5.0,21,330,20,3,False
4937,5.0,21,330,20,6,False
4938,5.0,21,330,20,9,False
4939,5.0,21,330,20,12,False
4940,5.0,21,360,20,3,False
4941,5.0,21,360,20,6,False
4942,5.0,21,360,20,9,False
4943,5.0,21,360,20,12,False
4944,5.0,28,30,20,3,False
4945,5.0,28,30,20,6,False
4946,5.0,28,30,20,9,False
4947,5.0,28,30,20,12,False
4948,5.0,28,60,20,3,True
4949,5.0,28,60,20,6,False
4950,5.0,28,60,20,9,False
4951,5.0,28,60,20,12,False
4952,5.0,28,90,20,3,True
4953,5.0,28,90,20,6,False
4954,5.0,28,90,20,9,False
4955,5.0,28,90,20,12,False
4956,5.0,28,120,20,3,False
4957,5.0,28,120,20,6,False
4958,5.0,28,120,20,9,False
4959,5.0,28,120,20,12,False
4960,5.0,28,150,20,3,True
4961,5.0,28,150,20,6,False
4962,5.0,28,150,20,9,False
4963,5.0,28,150,20,12,False
4964,5.0,28,180,20,3,False
4965,5.0,28,180,20,6,True
4966,5.0,28,180,20,9,False
4967,5.0,28,180,20,12,False
4968,5.0,28,210,20,3,False
4969,5.0,28,210,20,6,False
4970,5.0,28,210,20,9,False
4971,5.0,28,210,20,12,False
4972,5.0,28,240,20,3,False
4973,5.0,28,240,20,6,False
4974,5.0,28,240,20,9,True
4975,5.0,28,240,20,12,False
4976,5.0,28,270,20,3,False
4977,5.0,28,270,20,6,False
4978,5.0,28,270,20,9,False
4979,5.0,28,270,20,12,False
4980,5.0,28,300,20,3,False
4981,5.0,28,300,20,6,False
4982,5.0,28,300,20,9,False
4983,5.0,28,300,20,12,False
4984,5.0,28,330,20,3,False
4985,5.0,28,330,20,6,False
4986,5.0,28,330,20,9,False
4987,5.0,28,330,20,12,False
4988,5.0,28,360,20,3,True
4989,5.0,28,360,20,6,False
4990,5.0,28,360,20,9,True
4991,5.0,28,360,20,12,False
4992,5.2,7,30,20,3,False
4993,5.2,7,30,20,6,False
4994,5.2,7,30,20,9,False
4995,5.2,7,30,20,12,False
4996,5.2,7,60,20,3,False
4997,5.2,7,60,20,6,False
4998,5.2,7,60,20,9,False
4999,5.2,7,60,20,12,True
5000,5.2,7,90,20,3,False
5001,5.2,7,90,20,6,True
5002,5.2,7,90,20,9,False
5003,5.2,7,90,20,12,False
5004,5.2,7,120,20,3,False
5005,5.2,7,120,20,6,False
5006,5.2,7,120,20,9,False
5007,5.2,7,120,20,12,False
5008,5.2,7,150,20,3,True
5009,5.2,7,150,20,6,False
5010,5.2,7,150,20,9,True
5011,5.2,7,150,20,12,True
5012,5.2,7,180,20,3,False
5013,5.2,7,180,20,6,False
5014,5.2,7,180,20,9,False
5015,5.2,7,180,20,12,True
5016,5.2,7,210,20,3,False
5017,5.2,7,210,20,6,True
5018,5.2,7,210,20,9,False
5019,5.2,7,210,20,12,True
5020,5.2,7,240,20,3,False
5021,5.2,7,240,20,6,True
5022,5.2,7,240,20,9,False
5023,5.2,7,240,20,12,False
5024,5.2,7,270,20,3,False
5025,5.2,7,270,20,6,False
5026,5.2,7,270,20,9,True
5027,5.2,7,270,20,12,False
5028,5.2,7,300,20,3,False
5029,5.2,7,300,20,6,False
5030,5.2,7,300,20,9,True
5031,5.2,7,300,20,12,True
5032,5.2,7,330,20,3,False
5033,5.2,7,330,20,6,False
5034,5.2,7,330,20,9,False
5035,5.2,7,330,20,12,True
5036,5.2,7,360,20,3,True
5037,5.2,7,360,20,6,False
5038,5.2,7,360,20,9,True
5039,5.2,7,360,20,12,False
5040,5.2,14,30,20,3,False
5041,5.2,14,30,20,6,False
5042,5.2,14,30,20,9,False
5043,5.2,14,30,20,12,False
5044,5.2,14,60,20,3,False
5045,5.2,14,60,20,6,False
5046,5.2,14,60,20,9,False
5047,5.2,14,60,20,12,True
5048,5.2,14,90,20,3,False
5049,5.2,14,90,20,6,False
5050,5.2,14,90,20,9,False
5051,5.2,14,90,20,12,False
5052,5.2,14,120,20,3,False
5053,5.2,14,120,20,6,False
5054,5.2,14,120,20,9,False
5055,5.2,14,120,20,12,True
5056,5.2,14,150,20,3,False
5057,5.2,14,150,20,6,False
5058,5.2,14,150,20,9,False
5059,5.2,14,150,20,12,True
5060,5.2,14,180,20,3,False
5061,5.2,14,180,20,6,True
5062,5.2,14,180,20,9,True
5063,5.2,14,180,20,12,True
5064,5.2,14,210,20,3,False
5065,5.2,14,210,20,6,True
5066,5.2,14,210,20,9,False
5067,5.2,14,210,20,12,True
5068,5.2,14,240,20,3,True
5069,5.2,14,240,20,6,False
5070,5.2,14,240,20,9,False
5071,5.2,14,240,20,12,False
5072,5.2,14,270,20,3,True
5073,5.2,14,270,20,6,False
5074,5.2,14,270,20,9,False
5075,5.2,14,270,20,12,True
5076,5.2,14,300,20,3,False
5077,5.2,14,300,20,6,False
5078,5.2,14,300,20,9,True
5079,5.2,14,300,20,12,False
5080,5.2,14,330,20,3,False
5081,5.2,14,330,20,6,False
5082,5.2,14,330,20,9,False
5083,5.2,14,330,20,12,False
5084,5.2,14,360,20,3,False
5085,5.2,14,360,20,6,True
5086,5.2,14,360,20,9,True
5087,5.2,14,360,20,12,True
5088,5.2,21,30,20,3,False
5089,5.2,21,30,20,6,False
5090,5.2,21,30,20,9,False
5091,5.2,21,30,20,12,False
5092,5.2,21,60,20,3,False
5093,5.2,21,60,20,6,False
5094,5.2,21,60,20,9,False
5095,5.2,21,60,20,12,False
5096,5.2,21,90,20,3,False
5097,5.2,21,90,20,6,False
5098,5.2,21,90,20,9,False
5099,5.2,21,90,20,12,False
5100,5.2,21,120,20,3,False
5101,5.2,21,120,20,6,False
5102,5.2,21,120,20,9,False
5103,5.2,21,120,20,12,False
5104,5.2,21,150,20,3,False
5105,5.2,21,150,20,6,False
5106,5.2,21,150,20,9,False
5107,5.2,21,150,20,12,False
5108,5.2,21,180,20,3,False
5109,5.2,21,180,20,6,False
5110,5.2,21,180,20,9,False
5111,5.2,21,180,20,12,False
5112,5.2,21,210,20,3,False
5113,5.2,21,210,20,6,False
5114,5.2,21,210,20,9,False
5115,5.2,21,210,20,12,False
5116,5.2,21,240,20,3,False
5117,5.2,21,240,20,6,False
5118,5.2,21,240,20,9,False
5119,5.2,21,240,20,12,False
5120,5.2,21,270,20,3,False
5121,5.2,21,270,20,6,True
5122,5.2,21,270,20,9,False
5123,5.2,21,270,20,12,True
5124,5.2,21,300,20,3,False
5125,5.2,21,300,20,6,False
5126,5.2,21,300,20,9,False
5127,5.2,21,300,20,12,False
5128,5.2,21,330,20,3,True
5129,5.2,21,330,20,6,False
5130,5.2,21,330,20,9,True
5131,5.2,21,330,20,12,True
5132,5.2,21,360,20,3,True
5133,5.2,21,360,20,6,False
5134,5.2,21,360,20,9,False
5135,5.2,21,360,20,12,True
5136,5.2,28,30,20,3,False
5137,5.2,28,30,20,6,False
5138,5.2,28,30,20,9,False
5139,5.2,28,30,20,12,False
5140,5.2,28,60,20,3,False
5141,5.2,28,60,20,6,False
5142,5.2,28,60,20,9,False
5143,5.2,28,60,20,12,False
5144,5.2,28,90,20,3,False
5145,5.2,28,90,20,6,False
5146,5.2,28,90,20,9,False
5147,5.2,28,90,20,12,False
5148,5.2,28,120,20,3,True
5149,5.2,28,120,20,6,False
5150,5.2,28,120,20,9,False
5151,5.2,28,120,20,12,False
5152,5.2,28,150,20,3,False
5153,5.2,28,150,20,6,False
5154,5.2,28,150,20,9,False
5155,5.2,28,150,20,12,False
5156,5.2,28,180,20,3,False
5157,5.2,28,180,20,6,False
5158,5.2,28,180,20,9,False
5159,5.2,28,180,20,12,True
5160,5.2,28,210,20,3,False
5161,5.2,28,210,20,6,False
5162,5.2,28,210,20,9,True
5163,5.2,28,210,20,12,True
5164,5.2,28,240,20,3,True
5165,5.2,28,240,20,6,True
5166,5.2,28,240,20,9,False
5167,5.2,28,240,20,12,False
5168,5.2,28,270,20,3,False
5169,5.2,28,270,20,6,False
5170,5.2,28,270,20,9,False
5171,5.2,28,270,20,12,False
5172,5.2,28,300,20,3,False
5173,5.2,28,300,20,6,False
5174,5.2,28,300,20,9,False
5175,5.2,28,300,20,12,True
5176,5.2,28,330,20,3,False
5177,5.2,28,330,20,6,False
5178,5.2,28,330,20,9,True
5179,5.2,28,330,20,12,True
5180,5.2,28,360,20,3,True
5181,5.2,28,360,20,6,False
5182,5.2,28,360,20,9,False
5183,5.2,28,360,20,12,False
5184,5.4,7,30,20,3,False
5185,5.4,7,30,20,6,False
5186,5.4,7,30,20,9,False
5187,5.4,7,30,20,12,False
5188,5.4,7,60,20,3,False
5189,5.4,7,60,20,6,False
5190,5.4,7,60,20,9,True
5191,5.4,7,60,20,12,False
5192,5.4,7,90,20,3,False
5193,5.4,7,90,20,6,False
5194,5.4,7,90,20,9,True
5195,5.4,7,90,20,12,False
5196,5.4,7,120,20,3,False
5197,5.4,7,120,20,6,False
5198,5.4,7,120,20,9,True
5199,5.4,7,120,20,12,False
5200,5.4,7,150,20,3,False
5201,5.4,7,150,20,6,False
5202,5.4,7,150,20,9,False
5203,5.4,7,150,20,12,True
5204,5.4,7,180,20,3,False
5205,5.4,7,180,20,6,False
5206,5.4,7,180,20,9,False
5207,5.4,7,180,20,12,False
5208,5.4,7,210,20,3,False
5209,5.4,7,210,20,6,False
5210,5.4,7,210,20,9,False
5211,5.4,7,210,20,12,True
5212,5.4,7,240,20,3,False
5213,5.4,7,240,20,6,False
5214,5.4,7,240,20,9,False
5215,5.4,7,240,20,12,False
5216,5.4,7,270,20,3,True
5217,5.4,7,270,20,6,False
5218,5.4,7,270,20,9,False
5219,5.4,7,270,20,12,True
5220,5.4,7,300,20,3,False
5221,5.4,7,300,20,6,False
5222,5.4,7,300,20,9,False
5223,5.4,7,300,20,12,False
5224,5.4,7,330,20,3,True
5225,5.4,7,330,20,6,False
5226,5.4,7,330,20,9,False
5227,5.4,7,330,20,12,True
5228,5.4,7,360,20,3,False
5229,5.4,7,360,20,6,False
5230,5.4,7,360,20,9,False
5231,5.4,7,360,20,12,True
5232,5.4,14,30,20,3,False
5233,5.4,14,30,20,6,False
5234,5.4,14,30,20,9,False
5235,5.4,14,30,20,12,False
5236,5.4,14,60,20,3,False
5237,5.4,14,60,20,6,False
5238,5.4,14,60,20,9,False
5239,5.4,14,60,20,12,True
5240,5.4,14,90,20,3,False
5241,5.4,14,90,20,6,False
5242,5.4,14,90,20,9,False
5243,5.4,14,90,20,12,False
5244,5.4,14,120,20,3,False
5245,5.4,14,120,20,6,False
5246,5.4,14,120,20,9,False
5247,5.4,14,120,20,12,False
5248,5.4,14,150,20,3,False
5249,5.4,14,150,20,6,True
5250,5.4,14,150,20,9,True
5251,5.4,14,150,20,12,False
5252,5.4,14,180,20,3,True
5253,5.4,14,180,20,6,True
5254,5.4,14,180,20,9,False
5255,5.4,14,180,20,12,False
5256,5.4,14,210,20,3,False
5257,5.4,14,210,20,6,False
5258,5.4,14,210,20,9,False
5259,5.4,14,210,20,12,True
5260,5.4,14,240,20,3,True
5261,5.4,14,240,20,6,False
5262,5.4,14,240,20,9,False
5263,5.4,14,240,20,12,False
5264,5.4,14,270,20,3,True
5265,5.4,14,270,20,6,False
5266,5.4,14,270,20,9,False
5267,5.4,14,270,20,12,True
5268,5.4,14,300,20,3,False
5269,5.4,14,300,20,6,True
5270,5.4,14,300,20,9,False
5271,5.4,14,300,20,12,False
5272,5.4,14,330,20,3,False
5273,5.4,14,330,20,6,False
5274,5.4,14,330,20,9,False
5275,5.4,14,330,20,12,False
5276,5.4,14,360,20,3,True
5277,5.4,14,360,20,6,True
5278,5.4,14,360,20,9,False
5279,5.4,14,360,20,12,True
5280,5.4,21,30,20,3,False
5281,5.4,21,30,20,6,False
5282,5.4,21,30,20,9,False
5283,5.4,21,30,20,12,False
5284,5.4,21,60,20,3,False
5285,5.4,21,60,20,6,False
5286,5.4,21,60,20,9,False
5287,5.4,21,60,20,12,False
5288,5.4,21,90,20,3,False
5289,5.4,21,90,20,6,False
5290,5.4,21,90,20,9,False
5291,5.4,21,90,20,12,False
5292,5.4,21,120,20,3,False
5293,5.4,21,120,20,6,False
5294,5.4,21,120,20,9,False
5295,5.4,21,120,20,12,False
5296,5.4,21,150,20,3,False
5297,5.4,21,150,20,6,False
5298,5.4,21,150,20,9,True
5299,5.4,21,150,20,12,False
5300,5.4,21,180,20,3,False
5301,5.4,21,180,20,6,False
5302,5.4,21,180,20,9,False
5303,5.4,21,180,20,12,False
5304,5.4,21,210,20,3,False
5305,5.4,21,210,20,6,False
5306,5.4,21,210,20,9,False
5307,5.4,21,210,20,12,True
5308,5.4,21,240,20,3,False
5309,5.4,21,240,20,6,False
5310,5.4,21,240,20,9,False
5311,5.4,21,240,20,12,True
5312,5.4,21,270,20,3,False
5313,5.4,21,270,20,6,False
5314,5.4,21,270,20,9,False
5315,5.4,21,270,20,12,True
5316,5.4,21,300,20,3,False
5317,5.4,21,300,20,6,False
5318,5.4,21,300,20,9,False
5319,5.4,21,300,20,12,False
5320,5.4,21,330,20,3,False
5321,5.4,21,330,20,6,False
5322,5.4,21,330,20,9,False
5323,5.4,21,330,20,12,False
5324,5.4,21,360,20,3,False
5325,5.4,21,360,20,6,False
5326,5.4,21,360,20,9,False
5327,5.4,21,360,20,12,False
5328,5.4,28,30,20,3,False
5329,5.4,28,30,20,6,False
5330,5.4,28,30,20,9,False
5331,5.4,28,30,20,12,False
5332,5.4,28,60,20,3,False
5333,5.4,28,60,20,6,False
5334,5.4,28,60,20,9,False
5335,5.4,28,60,20,12,False
5336,5.4,28,90,20,3,False
5337,5.4,28,90,20,6,False
5338,5.4,28,90,20,9,False
5339,5.4,28,90,20,12,False
5340,5.4,28,120,20,3,False
5341,5.4,28,120,20,6,False
5342,5.4,28,120,20,9,False
5343,5.4,28,120,20,12,False
5344,5.4,28,150,20,3,False
5345,5.4,28,150,20,6,False
5346,5.4,28,150,20,9,False
5347,5.4,28,150,20,12,False
5348,5.4,28,180,20,3,True
5349,5.4,28,180,20,6,True
5350,5.4,28,180,20,9,False
5351,5.4,28,180,20,12,False
5352,5.4,28,210,20,3,False
5353,5.4,28,210,20,6,False
5354,5.4,28,210,20,9,False
5355,5.4,28,210,20,12,False
5356,5.4,28,240,20,3,False
5357,5.4,28,240,20,6,False
5358,5.4,28,240,20,9,True
5359,5.4,28,240,20,12,False
5360,5.4,28,270,20,3,False
5361,5.4,28,270,20,6,False
5362,5.4,28,270,20,9,False
5363,5.4,28,270,20,12,True
5364,5.4,28,300,20,3,False
5365,5.4,28,300,20,6,False
5366,5.4,28,300,20,9,False
5367,5.4,28,300,20,12,True
5368,5.4,28,330,20,3,False
5369,5.4,28,330,20,6,False
5370,5.4,28,330,20,9,True
5371,5.4,28,330,20,12,True
5372,5.4,28,360,20,3,False
5373,5.4,28,360,20,6,False
5374,5.4,28,360,20,9,True
5375,5.4,28,360,20,12,True
5376,5.6000000000000005,7,30,20,3,False
5377,5.6000000000000005,7,30,20,6,False
5378,5.6000000000000005,7,30,20,9,False
5379,5.6000000000000005,7,30,20,12,True
5380,5.6000000000000005,7,60,20,3,True
5381,5.6000000000000005,7,60,20,6,False
5382,5.6000000000000005,7,60,20,9,False
5383,5.6000000000000005,7,60,20,12,False
5384,5.6000000000000005,7,90,20,3,False
5385,5.6000000000000005,7,90,20,6,True
5386,5.6000000000000005,7,90,20,9,False
5387,5.6000000000000005,7,90,20,12,False
5388,5.6000000000000005,7,120,20,3,False
5389,5.6000000000000005,7,120,20,6,False
5390,5.6000000000000005,7,120,20,9,False
5391,5.6000000000000005,7,120,20,12,True
5392,5.6000000000000005,7,150,20,3,False
5393,5.6000000000000005,7,150,20,6,True
5394,5.6000000000000005,7,150,20,9,False
5395,5.6000000000000005,7,150,20,12,False
5396,5.6000000000000005,7,180,20,3,False
5397,5.6000000000000005,7,180,20,6,False
5398,5.6000000000000005,7,180,20,9,True
5399,5.6000000000000005,7,180,20,12,True
5400,5.6000000000000005,7,210,20,3,False
5401,5.6000000000000005,7,210,20,6,True
5402,5.6000000000000005,7,210,20,9,True
5403,5.6000000000000005,7,210,20,12,False
5404,5.6000000000000005,7,240,20,3,True
5405,5.6000000000000005,7,240,20,6,False
5406,5.6000000000000005,7,240,20,9,False
5407,5.6000000000000005,7,240,20,12,False
5408,5.6000000000000005,7,270,20,3,False
5409,5.6000000000000005,7,270,20,6,True
5410,5.6000000000000005,7,270,20,9,False
5411,5.6000000000000005,7,270,20,12,True
5412,5.6000000000000005,7,300,20,3,False
5413,5.6000000000000005,7,300,20,6,False
5414,5.6000000000000005,7,300,20,9,False
5415,5.6000000000000005,7,300,20,12,True
5416,5.6000000000000005,7,330,20,3,False
5417,5.6000000000000005,7,330,20,6,False
5418,5.6000000000000005,7,330,20,9,False
5419,5.6000000000000005,7,330,20,12,True
5420,5.6000000000000005,7,360,20,3,False
5421,5.6000000000000005,7,360,20,6,True
5422,5.6000000000000005,7,360,20,9,False
5423,5.6000000000000005,7,360,20,12,False
5424,5.6000000000000005,14,30,20,3,False
5425,5.6000000000000005,14,30,20,6,False
5426,5.6000000000000005,14,30,20,9,True
5427,5.6000000000000005,14,30,20,12,False
5428,5.6000000000000005,14,60,20,3,False
5429,5.6000000000000005,14,60,20,6,False
5430,5.6000000000000005,14,60,20,9,False
5431,5.6000000000000005,14,60,20,12,False
5432,5.6000000000000005,14,90,20,3,True
5433,5.6000000000000005,14,90,20,6,True
5434,5.6000000000000005,14,90,20,9,False
5435,5.6000000000000005,14,90,20,12,True
5436,5.6000000000000005,14,120,20,3,False
5437,5.6000000000000005,14,120,20,6,False
5438,5.6000000000000005,14,120,20,9,False
5439,5.6000000000000005,14,120,20,12,False
5440,5.6000000000000005,14,150,20,3,False
5441,5.6000000000000005,14,150,20,6,False
5442,5.6000000000000005,14,150,20,9,False
5443,5.6000000000000005,14,150,20,12,False
5444,5.6000000000000005,14,180,20,3,False
5445,5.6000000000000005,14,180,20,6,False
5446,5.6000000000000005,14,180,20,9,False
5447,5.6000000000000005,14,180,20,12,False
5448,5.6000000000000005,14,210,20,3,False
5449,5.6000000000000005,14,210,20,6,False
5450,5.6000000000000005,14,210,20,9,False
5451,5.6000000000000005,14,210,20,12,False
5452,5.6000000000000005,14,240,20,3,False
5453,5.6000000000000005,14,240,20,6,True
5454,5.6000000000000005,14,240,20,9,False
5455,5.6000000000000005,14,240,20,12,False
5456,5.6000000000000005,14,270,20,3,False
5457,5.6000000000000005,14,270,20,6,False
5458,5.6000000000000005,14,270,20,9,False
5459,5.6000000000000005,14,270,20,12,False
5460,5.6000000000000005,14,300,20,3,False
5461,5.6000000000000005,14,300,20,6,False
5462,5.6000000000000005,14,300,20,9,False
5463,5.6000000000000005,14,300,20,12,True
5464,5.6000000000000005,14,330,20,3,False
5465,5.6000000000000005,14,330,20,6,False
5466,5.6000000000000005,14,330,20,9,True
5467,5.6000000000000005,14,330,20,12,True
5468,5.6000000000000005,14,360,20,3,False
5469,5.6000000000000005,14,360,20,6,True
5470,5.6000000000000005,14,360,20,9,False
5471,5.6000000000000005,14,360,20,12,False
5472,5.6000000000000005,21,30,20,3,False
5473,5.6000000000000005,21,30,20,6,False
5474,5.6000000000000005,21,30,20,9,False
5475,5.6000000000000005,21,30,20,12,False
5476,5.6000000000000005,21,60,20,3,False
5477,5.6000000000000005,21,60,20,6,False
5478,5.6000000000000005,21,60,20,9,False
5479,5.6000000000000005,21,60,20,12,False
5480,5.6000000000000005,21,90,20,3,False
5481,5.6000000000000005,21,90,20,6,False
5482,5.6000000000000005,21,90,20,9,False
5483,5.6000000000000005,21,90,20,12,False
5484,5.6000000000000005,21,120,20,3,False
5485,5.6000000000000005,21,120,20,6,False
5486,5.6000000000000005,21,120,20,9,False
5487,5.6000000000000005,21,120,20,12,False
5488,5.6000000000000005,21,150,20,3,False
5489,5.6000000000000005,21,150,20,6,False
5490,5.6000000000000005,21,150,20,9,False
5491,5.6000000000000005,21,150,20,12,True
5492,5.6000000000000005,21,180,20,3,True
5493,5.6000000000000005,21,180,20,6,False
5494,5.6000000000000005,21,180,20,9,False
5495,5.6000000000000005,21,180,20,12,False
5496,5.6000000000000005,21,210,20,3,False
5497,5.6000000000000005,21,210,20,6,False
5498,5.6000000000000005,21,210,20,9,False
5499,5.6000000000000005,21,210,20,12,True
5500,5.6000000000000005,21,240,20,3,True
5501,5.6000000000000005,21,240,20,6,False
5502,5.6000000000000005,21,240,20,9,True
5503,5.6000000000000005,21,240,20,12,False
5504,5.6000000000000005,21,270,20,3,False
5505,5.6000000000000005,21,270,20,6,False
5506,5.6000000000000005,21,270,20,9,True
5507,5.6000000000000005,21,270,20,12,False
5508,5.6000000000000005,21,300,20,3,False
5509,5.6000000000000005,21,300,20,6,False
5510,5.6000000000000005,21,300,20,9,False
5511,5.6000000000000005,21,300,20,12,False
5512,5.6000000000000005,21,330,20,3,False
5513,5.6000000000000005,21,330,20,6,False
5514,5.6000000000000005,21,330,20,9,False
5515,5.6000000000000005,21,330,20,12,True
5516,5.6000000000000005,21,360,20,3,False
5517,5.6000000000000005,21,360,20,6,False
5518,5.6000000000000005,21,360,20,9,False
5519,5.6000000000000005,21,360,20,12,False
5520,5.6000000000000005,28,30,20,3,False
5521,5.6000000000000005,28,30,20,6,False
5522,5.6000000000000005,28,30,20,9,False
5523,5.6000000000000005,28,30,20,12,False
5524,5.6000000000000005,28,60,20,3,False
5525,5.6000000000000005,28,60,20,6,False
5526,5.6000000000000005,28,60,20,9,False
5527,5.6000000000000005,28,60,20,12,True
5528,5.6000000000000005,28,90,20,3,True
5529,5.6000000000000005,28,90,20,6,False
5530,5.6000000000000005,28,90,20,9,False
5531,5.6000000000000005,28,90,20,12,False
5532,5.6000000000000005,28,120,20,3,False
5533,5.6000000000000005,28,120,20,6,False
5534,5.6000000000000005,28,120,20,9,True
5535,5.6000000000000005,28,120,20,12,False
5536,5.6000000000000005,28,150,20,3,False
5537,5.6000000000000005,28,150,20,6,False
5538,5.6000000000000005,28,150,20,9,True
5539,5.6000000000000005,28,150,20,12,False
5540,5.6000000000000005,28,180,20,3,True
5541,5.6000000000000005,28,180,20,6,True
5542,5.6000000000000005,28,180,20,9,False
5543,5.6000000000000005,28,180,20,12,False
5544,5.6000000000000005,28,210,20,3,False
5545,5.6000000000000005,28,210,20,6,False
5546,5.6000000000000005,28,210,20,9,False
5547,5.6000000000000005,28,210,20,12,True
5548,5.6000000000000005,28,240,20,3,False
5549,5.6000000000000005,28,240,20,6,False
5550,5.6000000000000005,28,240,20,9,True
5551,5.6000000000000005,28,240,20,12,False
5552,5.6000000000000005,28,270,20,3,False
5553,5.6000000000000005,28,270,20,6,False
5554,5.6000000000000005,28,270,20,9,True
5555,5.6000000000000005,28,270,20,12,False
5556,5.6000000000000005,28,300,20,3,False
5557,5.6000000000000005,28,300,20,6,False
5558,5.6000000000000005,28,300,20,9,False
5559,5.6000000000000005,28,300,20,12,True
5560,5.6000000000000005,28,330,20,3,False
5561,5.6000000000000005,28,330,20,6,False
5562,5.6000000000000005,28,330,20,9,True
5563,5.6000000000000005,28,330,20,12,False
5564,5.6000000000000005,28,360,20,3,False
5565,5.6000000000000005,28,360,20,6,False
5566,5.6000000000000005,28,360,20,9,False
5567,5.6000000000000005,28,360,20,12,True
5568,5.800000000000001,7,30,20,3,False
5569,5.800000000000001,7,30,20,6,False
5570,5.800000000000001,7,30,20,9,False
5571,5.800000000000001,7,30,20,12,False
5572,5.800000000000001,7,60,20,3,False
5573,5.800000000000001,7,60,20,6,False
5574,5.800000000000001,7,60,20,9,False
5575,5.800000000000001,7,60,20,12,False
5576,5.800000000000001,7,90,20,3,False
5577,5.800000000000001,7,90,20,6,False
5578,5.800000000000001,7,90,20,9,False
5579,5.800000000000001,7,90,20,12,False
5580,5.800000000000001,7,120,20,3,True
5581,5.800000000000001,7,120,20,6,False
5582,5.800000000000001,7,120,20,9,False
5583,5.800000000000001,7,120,20,12,False
5584,5.800000000000001,7,150,20,3,False
5585,5.800000000000001,7,150,20,6,False
5586,5.800000000000001,7,150,20,9,False
5587,5.800000000000001,7,150,20,12,True
5588,5.800000000000001,7,180,20,3,False
5589,5.800000000000001,7,180,20,6,False
5590,5.800000000000001,7,180,20,9,False
5591,5.800000000000001,7,180,20,12,True
5592,5.800000000000001,7,210,20,3,False
5593,5.800000000000001,7,210,20,6,False
5594,5.800000000000001,7,210,20,9,True
5595,5.800000000000001,7,210,20,12,False
5596,5.800000000000001,7,240,20,3,False
5597,5.800000000000001,7,240,20,6,False
5598,5.800000000000001,7,240,20,9,False
5599,5.800000000000001,7,240,20,12,False
5600,5.800000000000001,7,270,20,3,False
5601,5.800000000000001,7,270,20,6,False
5602,5.800000000000001,7,270,20,9,False
5603,5.800000000000001,7,270,20,12,True
5604,5.800000000000001,7,300,20,3,False
5605,5.800000000000001,7,300,20,6,False
5606,5.800000000000001,7,300,20,9,True
5607,5.800000000000001,7,300,20,12,True
5608,5.800000000000001,7,330,20,3,False
5609,5.800000000000001,7,330,20,6,False
5610,5.800000000000001,7,330,20,9,False
5611,5.800000000000001,7,330,20,12,True
5612,5.800000000000001,7,360,20,3,False
5613,5.800000000000001,7,360,20,6,False
5614,5.800000000000001,7,360,20,9,True
5615,5.800000000000001,7,360,20,12,False
5616,5.800000000000001,14,30,20,3,True
5617,5.800000000000001,14,30,20,6,False
5618,5.800000000000001,14,30,20,9,False
5619,5.800000000000001,14,30,20,12,False
5620,5.800000000000001,14,60,20,3,True
5621,5.800000000000001,14,60,20,6,False
5622,5.800000000000001,14,60,20,9,False
5623,5.800000000000001,14,60,20,12,True
5624,5.800000000000001,14,90,20,3,False
5625,5.800000000000001,14,90,20,6,False
5626,5.800000000000001,14,90,20,9,True
5627,5.800000000000001,14,90,20,12,False
5628,5.800000000000001,14,120,20,3,False
5629,5.800000000000001,14,120,20,6,False
5630,5.800000000000001,14,120,20,9,False
5631,5.800000000000001,14,120,20,12,False
5632,5.800000000000001,14,150,20,3,False
5633,5.800000000000001,14,150,20,6,False
5634,5.800000000000001,14,150,20,9,False
5635,5.800000000000001,14,150,20,12,True
5636,5.800000000000001,14,180,20,3,False
5637,5.800000000000001,14,180,20,6,False
5638,5.800000000000001,14,180,20,9,False
5639,5.800000000000001,14,180,20,12,False
5640,5.800000000000001,14,210,20,3,False
5641,5.800000000000001,14,210,20,6,False
5642,5.800000000000001,14,210,20,9,False
5643,5.800000000000001,14,210,20,12,False
5644,5.800000000000001,14,240,20,3,False
5645,5.800000000000001,14,240,20,6,False
5646,5.800000000000001,14,240,20,9,False
5647,5.800000000000001,14,240,20,12,False
5648,5.800000000000001,14,270,20,3,False
5649,5.800000000000001,14,270,20,6,False
5650,5.800000000000001,14,270,20,9,False
5651,5.800000000000001,14,270,20,12,False
5652,5.800000000000001,14,300,20,3,False
5653,5.800000000000001,14,300,20,6,False
5654,5.800000000000001,14,300,20,9,False
5655,5.800000000000001,14,300,20,12,True
5656,5.800000000000001,14,330,20,3,False
5657,5.800000000000001,14,330,20,6,False
5658,5.800000000000001,14,330,20,9,True
5659,5.800000000000001,14,330,20,12,False
5660,5.800000000000001,14,360,20,3,False
5661,5.800000000000001,14,360,20,6,False
5662,5.800000000000001,14,360,20,9,False
5663,5.800000000000001,14,360,20,12,True
5664,5.800000000000001,21,30,20,3,False
5665,5.800000000000001,21,30,20,6,False
5666,5.800000000000001,21,30,20,9,False
5667,5.800000000000001,21,30,20,12,False
5668,5.800000000000001,21,60,20,3,False
5669,5.800000000000001,21,60,20,6,False
5670,5.800000000000001,21,60,20,9,False
5671,5.800000000000001,21,60,20,12,False
5672,5.800000000000001,21,90,20,3,False
5673,5.800000000000001,21,90,20,6,False
5674,5.800000000000001,21,90,20,9,False
5675,5.800000000000001,21,90,20,12,False
5676,5.800000000000001,21,120,20,3,False
5677,5.800000000000001,21,120,20,6,False
5678,5.800000000000001,21,120,20,9,False
5679,5.800000000000001,21,120,20,12,True
5680,5.800000000000001,21,150,20,3,False
5681,5.800000000000001,21,150,20,6,False
5682,5.800000000000001,21,150,20,9,True
5683,5.800000000000001,21,150,20,12,False
5684,5.800000000000001,21,180,20,3,False
5685,5.800000000000001,21,180,20,6,False
5686,5.800000000000001,21,180,20,9,False
5687,5.800000000000001,21,180,20,12,False
5688,5.800000000000001,21,210,20,3,False
5689,5.800000000000001,21,210,20,6,False
5690,5.800000000000001,21,210,20,9,True
5691,5.800000000000001,21,210,20,12,False
5692,5.800000000000001,21,240,20,3,False
5693,5.800000000000001,21,240,20,6,True
5694,5.800000000000001,21,240,20,9,True
5695,5.800000000000001,21,240,20,12,False
5696,5.800000000000001,21,270,20,3,False
5697,5.800000000000001,21,270,20,6,False
5698,5.800000000000001,21,270,20,9,False
5699,5.800000000000001,21,270,20,12,True
5700,5.800000000000001,21,300,20,3,True
5701,5.800000000000001,21,300,20,6,False
5702,5.800000000000001,21,300,20,9,True
5703,5.800000000000001,21,300,20,12,True
5704,5.800000000000001,21,330,20,3,False
5705,5.800000000000001,21,330,20,6,False
5706,5.800000000000001,21,330,20,9,False
5707,5.800000000000001,21,330,20,12,False
5708,5.800000000000001,21,360,20,3,False
5709,5.800000000000001,21,360,20,6,False
5710,5.800000000000001,21,360,20,9,True
5711,5.800000000000001,21,360,20,12,True
5712,5.800000000000001,28,30,20,3,False
5713,5.800000000000001,28,30,20,6,False
5714,5.800000000000001,28,30,20,9,False
5715,5.800000000000001,28,30,20,12,False
5716,5.800000000000001,28,60,20,3,False
5717,5.800000000000001,28,60,20,6,False
5718,5.800000000000001,28,60,20,9,False
5719,5.800000000000001,28,60,20,12,False
5720,5.800000000000001,28,90,20,3,False
5721,5.800000000000001,28,90,20,6,True
5722,5.800000000000001,28,90,20,9,False
5723,5.800000000000001,28,90,20,12,False
5724,5.800000000000001,28,120,20,3,False
5725,5.800000000000001,28,120,20,6,False
5726,5.800000000000001,28,120,20,9,False
5727,5.800000000000001,28,120,20,12,False
5728,5.800000000000001,28,150,20,3,False
5729,5.800000000000001,28,150,20,6,False
5730,5.800000000000001,28,150,20,9,False
5731,5.800000000000001,28,150,20,12,False
5732,5.800000000000001,28,180,20,3,False
5733,5.800000000000001,28,180,20,6,False
5734,5.800000000000001,28,180,20,9,False
5735,5.800000000000001,28,180,20,12,False
5736,5.800000000000001,28,210,20,3,False
5737,5.800000000000001,28,210,20,6,True
5738,5.800000000000001,28,210,20,9,False
5739,5.800000000000001,28,210,20,12,False
5740,5.800000000000001,28,240,20,3,False
5741,5.800000000000001,28,240,20,6,False
5742,5.800000000000001,28,240,20,9,False
5743,5.800000000000001,28,240,20,12,False
5744,5.800000000000001,28,270,20,3,False
5745,5.800000000000001,28,270,20,6,False
5746,5.800000000000001,28,270,20,9,False
5747,5.800000000000001,28,270,20,12,False
5748,5.800000000000001,28,300,20,3,False
5749,5.800000000000001,28,300,20,6,False
5750,5.800000000000001,28,300,20,9,False
5751,5.800000000000001,28,300,20,12,True
5752,5.800000000000001,28,330,20,3,False
5753,5.800000000000001,28,330,20,6,False
5754,5.800000000000001,28,330,20,9,True
5755,5.800000000000001,28,330,20,12,False
5756,5.800000000000001,28,360,20,3,False
5757,5.800000000000001,28,360,20,6,False
5758,5.800000000000001,28,360,20,9,False
5759,5.800000000000001,28,360,20,12,False
5760,6.0,7,30,20,3,False
5761,6.0,7,30,20,6,False
5762,6.0,7,30,20,9,False
5763,6.0,7,30,20,12,False
5764,6.0,7,60,20,3,False
5765,6.0,7,60,20,6,False
5766,6.0,7,60,20,9,False
5767,6.0,7,60,20,12,True
5768,6.0,7,90,20,3,False
5769,6.0,7,90,20,6,False
5770,6.0,7,90,20,9,False
5771,6.0,7,90,20,12,False
5772,6.0,7,120,20,3,False
5773,6.0,7,120,20,6,False
5774,6.0,7,120,20,9,False
5775,6.0,7,120,20,12,True
5776,6.0,7,150,20,3,True
5777,6.0,7,150,20,6,False
5778,6.0,7,150,20,9,False
5779,6.0,7,150,20,12,False
5780,6.0,7,180,20,3,False
5781,6.0,7,180,20,6,False
5782,6.0,7,180,20,9,False
5783,6.0,7,180,20,12,False
5784,6.0,7,210,20,3,False
5785,6.0,7,210,20,6,False
5786,6.0,7,210,20,9,False
5787,6.0,7,210,20,12,False
5788,6.0,7,240,20,3,False
5789,6.0,7,240,20,6,False
5790,6.0,7,240,20,9,True
5791,6.0,7,240,20,12,True
5792,6.0,7,270,20,3,False
5793,6.0,7,270,20,6,False
5794,6.0,7,270,20,9,False
5795,6.0,7,270,20,12,True
5796,6.0,7,300,20,3,False
5797,6.0,7,300,20,6,False
5798,6.0,7,300,20,9,False
5799,6.0,7,300,20,12,True
5800,6.0,7,330,20,3,True
5801,6.0,7,330,20,6,False
5802,6.0,7,330,20,9,False
5803,6.0,7,330,20,12,False
5804,6.0,7,360,20,3,False
5805,6.0,7,360,20,6,False
5806,6.0,7,360,20,9,False
5807,6.0,7,360,20,12,False
5808,6.0,14,30,20,3,False
5809,6.0,14,30,20,6,False
5810,6.0,14,30,20,9,False
5811,6.0,14,30,20,12,False
5812,6.0,14,60,20,3,False
5813,6.0,14,60,20,6,False
5814,6.0,14,60,20,9,False
5815,6.0,14,60,20,12,False
5816,6.0,14,90,20,3,False
5817,6.0,14,90,20,6,False
5818,6.0,14,90,20,9,False
5819,6.0,14,90,20,12,False
5820,6.0,14,120,20,3,False
5821,6.0,14,120,20,6,False
5822,6.0,14,120,20,9,True
5823,6.0,14,120,20,12,False
5824,6.0,14,150,20,3,False
5825,6.0,14,150,20,6,False
5826,6.0,14,150,20,9,False
5827,6.0,14,150,20,12,False
5828,6.0,14,180,20,3,False
5829,6.0,14,180,20,6,True
5830,6.0,14,180,20,9,False
5831,6.0,14,180,20,12,False
5832,6.0,14,210,20,3,False
5833,6.0,14,210,20,6,False
5834,6.0,14,210,20,9,False
5835,6.0,14,210,20,12,True
5836,6.0,14,240,20,3,False
5837,6.0,14,240,20,6,False
5838,6.0,14,240,20,9,False
5839,6.0,14,240,20,12,False
5840,6.0,14,270,20,3,False
5841,6.0,14,270,20,6,False
5842,6.0,14,270,20,9,False
5843,6.0,14,270,20,12,False
5844,6.0,14,300,20,3,False
5845,6.0,14,300,20,6,False
5846,6.0,14,300,20,9,False
5847,6.0,14,300,20,12,False
5848,6.0,14,330,20,3,False
5849,6.0,14,330,20,6,False
5850,6.0,14,330,20,9,False
5851,6.0,14,330,20,12,True
5852,6.0,14,360,20,3,True
5853,6.0,14,360,20,6,False
5854,6.0,14,360,20,9,True
5855,6.0,14,360,20,12,False
5856,6.0,21,30,20,3,False
5857,6.0,21,30,20,6,False
5858,6.0,21,30,20,9,False
5859,6.0,21,30,20,12,False
5860,6.0,21,60,20,3,False
5861,6.0,21,60,20,6,False
5862,6.0,21,60,20,9,False
5863,6.0,21,60,20,12,False
5864,6.0,21,90,20,3,False
5865,6.0,21,90,20,6,False
5866,6.0,21,90,20,9,False
5867,6.0,21,90,20,12,False
5868,6.0,21,120,20,3,False
5869,6.0,21,120,20,6,False
5870,6.0,21,120,20,9,False
5871,6.0,21,120,20,12,False
5872,6.0,21,150,20,3,False
5873,6.0,21,150,20,6,False
5874,6.0,21,150,20,9,True
5875,6.0,21,150,20,12,True
5876,6.0,21,180,20,3,False
5877,6.0,21,180,20,6,False
5878,6.0,21,180,20,9,False
5879,6.0,21,180,20,12,False
5880,6.0,21,210,20,3,False
5881,6.0,21,210,20,6,False
5882,6.0,21,210,20,9,False
5883,6.0,21,210,20,12,False
5884,6.0,21,240,20,3,False
5885,6.0,21,240,20,6,False
5886,6.0,21,240,20,9,False
5887,6.0,21,240,20,12,False
5888,6.0,21,270,20,3,False
5889,6.0,21,270,20,6,False
5890,6.0,21,270,20,9,True
5891,6.0,21,270,20,12,False
5892,6.0,21,300,20,3,False
5893,6.0,21,300,20,6,False
5894,6.0,21,300,20,9,False
5895,6.0,21,300,20,12,False
5896,6.0,21,330,20,3,False
5897,6.0,21,330,20,6,False
5898,6.0,21,330,20,9,False
5899,6.0,21,330,20,12,False
5900,6.0,21,360,20,3,False
5901,6.0,21,360,20,6,False
5902,6.0,21,360,20,9,False
5903,6.0,21,360,20,12,False
5904,6.0,28,30,20,3,False
5905,6.0,28,30,20,6,False
5906,6.0,28,30,20,9,False
5907,6.0,28,30,20,12,False
5908,6.0,28,60,20,3,False
5909,6.0,28,60,20,6,False
5910,6.0,28,60,20,9,True
5911,6.0,28,60,20,12,False
5912,6.0,28,90,20,3,False
5913,6.0,28,90,20,6,False
5914,6.0,28,90,20,9,False
5915,6.0,28,90,20,12,False
5916,6.0,28,120,20,3,False
5917,6.0,28,120,20,6,False
5918,6.0,28,120,20,9,False
5919,6.0,28,120,20,12,False
5920,6.0,28,150,20,3,False
5921,6.0,28,150,20,6,False
5922,6.0,28,150,20,9,False
5923,6.0,28,150,20,12,False
5924,6.0,28,180,20,3,False
5925,6.0,28,180,20,6,False
5926,6.0,28,180,20,9,False
5927,6.0,28,180,20,12,True
5928,6.0,28,210,20,3,False
5929,6.0,28,210,20,6,False
5930,6.0,28,210,20,9,False
5931,6.0,28,210,20,12,False
5932,6.0,28,240,20,3,False
5933,6.0,28,240,20,6,False
5934,6.0,28,240,20,9,False
5935,6.0,28,240,20,12,True
5936,6.0,28,270,20,3,False
5937,6.0,28,270,20,6,False
5938,6.0,28,270,20,9,False
5939,6.0,28,270,20,12,False
5940,6.0,28,300,20,3,False
5941,6.0,28,300,20,6,False
5942,6.0,28,300,20,9,False
5943,6.0,28,300,20,12,False
5944,6.0,28,330,20,3,False
5945,6.0,28,330,20,6,False
5946,6.0,28,330,20,9,False
5947,6.0,28,330,20,12,False
5948,6.0,28,360,20,3,False
5949,6.0,28,360,20,6,False
5950,6.0,28,360,20,9,False
5951,6.0,28,360,20,12,False
5952,6.2,7,30,20,3,False
5953,6.2,7,30,20,6,False
5954,6.2,7,30,20,9,False
5955,6.2,7,30,20,12,True
5956,6.2,7,60,20,3,True
5957,6.2,7,60,20,6,False
5958,6.2,7,60,20,9,False
5959,6.2,7,60,20,12,False
5960,6.2,7,90,20,3,False
5961,6.2,7,90,20,6,True
5962,6.2,7,90,20,9,False
5963,6.2,7,90,20,12,True
5964,6.2,7,120,20,3,False
5965,6.2,7,120,20,6,True
5966,6.2,7,120,20,9,False
5967,6.2,7,120,20,12,True
5968,6.2,7,150,20,3,True
5969,6.2,7,150,20,6,True
5970,6.2,7,150,20,9,False
5971,6.2,7,150,20,12,False
5972,6.2,7,180,20,3,False
5973,6.2,7,180,20,6,True
5974,6.2,7,180,20,9,False
5975,6.2,7,180,20,12,False
5976,6.2,7,210,20,3,True
5977,6.2,7,210,20,6,False
5978,6.2,7,210,20,9,False
5979,6.2,7,210,20,12,False
5980,6.2,7,240,20,3,False
5981,6.2,7,240,20,6,False
5982,6.2,7,240,20,9,False
5983,6.2,7,240,20,12,False
5984,6.2,7,270,20,3,False
5985,6.2,7,270,20,6,False
5986,6.2,7,270,20,9,False
5987,6.2,7,270,20,12,False
5988,6.2,7,300,20,3,False
5989,6.2,7,300,20,6,False
5990,6.2,7,300,20,9,False
5991,6.2,7,300,20,12,False
5992,6.2,7,330,20,3,False
5993,6.2,7,330,20,6,False
5994,6.2,7,330,20,9,False
5995,6.2,7,330,20,12,False
5996,6.2,7,360,20,3,False
5997,6.2,7,360,20,6,False
5998,6.2,7,360,20,9,True
5999,6.2,7,360,20,12,False
6000,6.2,14,30,20,3,False
6001,6.2,14,30,20,6,False
6002,6.2,14,30,20,9,False
6003,6.2,14,30,20,12,False
6004,6.2,14,60,20,3,False
6005,6.2,14,60,20,6,False
6006,6.2,14,60,20,9,False
6007,6.2,14,60,20,12,False
6008,6.2,14,90,20,3,False
6009,6.2,14,90,20,6,False
6010,6.2,14,90,20,9,False
6011,6.2,14,90,20,12,False
6012,6.2,14,120,20,3,False
6013,6.2,14,120,20,6,False
6014,6.2,14,120,20,9,False
6015,6.2,14,120,20,12,False
6016,6.2,14,150,20,3,True
6017,6.2,14,150,20,6,True
6018,6.2,14,150,20,9,True
6019,6.2,14,150,20,12,True
6020,6.2,14,180,20,3,False
6021,6.2,14,180,20,6,False
6022,6.2,14,180,20,9,False
6023,6.2,14,180,20,12,False
6024,6.2,14,210,20,3,False
6025,6.2,14,210,20,6,False
6026,6.2,14,210,20,9,False
6027,6.2,14,210,20,12,True
6028,6.2,14,240,20,3,False
6029,6.2,14,240,20,6,False
6030,6.2,14,240,20,9,False
6031,6.2,14,240,20,12,False
6032,6.2,14,270,20,3,False
6033,6.2,14,270,20,6,False
6034,6.2,14,270,20,9,False
6035,6.2,14,270,20,12,True
6036,6.2,14,300,20,3,False
6037,6.2,14,300,20,6,False
6038,6.2,14,300,20,9,False
6039,6.2,14,300,20,12,True
6040,6.2,14,330,20,3,True
6041,6.2,14,330,20,6,False
6042,6.2,14,330,20,9,False
6043,6.2,14,330,20,12,True
6044,6.2,14,360,20,3,False
6045,6.2,14,360,20,6,False
6046,6.2,14,360,20,9,False
6047,6.2,14,360,20,12,False
6048,6.2,21,30,20,3,False
6049,6.2,21,30,20,6,False
6050,6.2,21,30,20,9,False
6051,6.2,21,30,20,12,False
6052,6.2,21,60,20,3,False
6053,6.2,21,60,20,6,False
6054,6.2,21,60,20,9,False
6055,6.2,21,60,20,12,False
6056,6.2,21,90,20,3,False
6057,6.2,21,90,20,6,False
6058,6.2,21,90,20,9,False
6059,6.2,21,90,20,12,False
6060,6.2,21,120,20,3,False
6061,6.2,21,120,20,6,False
6062,6.2,21,120,20,9,True
6063,6.2,21,120,20,12,False
6064,6.2,21,150,20,3,False
6065,6.2,21,150,20,6,False
6066,6.2,21,150,20,9,False
6067,6.2,21,150,20,12,False
6068,6.2,21,180,20,3,False
6069,6.2,21,180,20,6,False
6070,6.2,21,180,20,9,True
6071,6.2,21,180,20,12,False
6072,6.2,21,210,20,3,False
6073,6.2,21,210,20,6,False
6074,6.2,21,210,20,9,False
6075,6.2,21,210,20,12,True
6076,6.2,21,240,20,3,False
6077,6.2,21,240,20,6,False
6078,6.2,21,240,20,9,False
6079,6.2,21,240,20,12,False
6080,6.2,21,270,20,3,False
6081,6.2,21,270,20,6,False
6082,6.2,21,270,20,9,False
6083,6.2,21,270,20,12,False
6084,6.2,21,300,20,3,False
6085,6.2,21,300,20,6,False
6086,6.2,21,300,20,9,False
6087,6.2,21,300,20,12,False
6088,6.2,21,330,20,3,True
6089,6.2,21,330,20,6,False
6090,6.2,21,330,20,9,False
6091,6.2,21,330,20,12,False
6092,6.2,21,360,20,3,False
6093,6.2,21,360,20,6,False
6094,6.2,21,360,20,9,False
6095,6.2,21,360,20,12,False
6096,6.2,28,30,20,3,True
6097,6.2,28,30,20,6,False
6098,6.2,28,30,20,9,False
6099,6.2,28,30,20,12,False
6100,6.2,28,60,20,3,False
6101,6.2,28,60,20,6,False
6102,6.2,28,60,20,9,False
6103,6.2,28,60,20,12,False
6104,6.2,28,90,20,3,False
6105,6.2,28,90,20,6,False
6106,6.2,28,90,20,9,False
6107,6.2,28,90,20,12,False
6108,6.2,28,120,20,3,False
6109,6.2,28,120,20,6,False
6110,6.2,28,120,20,9,False
6111,6.2,28,120,20,12,False
6112,6.2,28,150,20,3,True
6113,6.2,28,150,20,6,False
6114,6.2,28,150,20,9,False
6115,6.2,28,150,20,12,True
6116,6.2,28,180,20,3,False
6117,6.2,28,180,20,6,False
6118,6.2,28,180,20,9,False
6119,6.2,28,180,20,12,False
6120,6.2,28,210,20,3,False
6121,6.2,28,210,20,6,False
6122,6.2,28,210,20,9,False
6123,6.2,28,210,20,12,False
6124,6.2,28,240,20,3,False
6125,6.2,28,240,20,6,False
6126,6.2,28,240,20,9,False
6127,6.2,28,240,20,12,False
6128,6.2,28,270,20,3,True
6129,6.2,28,270,20,6,False
6130,6.2,28,270,20,9,False
6131,6.2,28,270,20,12,False
6132,6.2,28,300,20,3,False
6133,6.2,28,300,20,6,False
6134,6.2,28,300,20,9,False
6135,6.2,28,300,20,12,False
6136,6.2,28,330,20,3,False
6137,6.2,28,330,20,6,True
6138,6.2,28,330,20,9,False
6139,6.2,28,330,20,12,False
6140,6.2,28,360,20,3,False
6141,6.2,28,360,20,6,False
6142,6.2,28,360,20,9,False
6143,6.2,28,360,20,12,True
6144,6.4,7,30,20,3,False
6145,6.4,7,30,20,6,False
6146,6.4,7,30,20,9,False
6147,6.4,7,30,20,12,False
6148,6.4,7,60,20,3,False
6149,6.4,7,60,20,6,False
6150,6.4,7,60,20,9,False
6151,6.4,7,60,20,12,False
6152,6.4,7,90,20,3,False
6153,6.4,7,90,20,6,False
6154,6.4,7,90,20,9,False
6155,6.4,7,90,20,12,False
6156,6.4,7,120,20,3,False
6157,6.4,7,120,20,6,True
6158,6.4,7,120,20,9,False
6159,6.4,7,120,20,12,False
6160,6.4,7,150,20,3,False
6161,6.4,7,150,20,6,False
6162,6.4,7,150,20,9,False
6163,6.4,7,150,20,12,True
6164,6.4,7,180,20,3,True
6165,6.4,7,180,20,6,True
6166,6.4,7,180,20,9,False
6167,6.4,7,180,20,12,False
6168,6.4,7,210,20,3,True
6169,6.4,7,210,20,6,False
6170,6.4,7,210,20,9,False
6171,6.4,7,210,20,12,False
6172,6.4,7,240,20,3,False
6173,6.4,7,240,20,6,False
6174,6.4,7,240,20,9,False
6175,6.4,7,240,20,12,False
6176,6.4,7,270,20,3,False
6177,6.4,7,270,20,6,False
6178,6.4,7,270,20,9,False
6179,6.4,7,270,20,12,False
6180,6.4,7,300,20,3,False
6181,6.4,7,300,20,6,False
6182,6.4,7,300,20,9,False
6183,6.4,7,300,20,12,False
6184,6.4,7,330,20,3,True
6185,6.4,7,330,20,6,True
6186,6.4,7,330,20,9,False
6187,6.4,7,330,20,12,False
6188,6.4,7,360,20,3,False
6189,6.4,7,360,20,6,False
6190,6.4,7,360,20,9,False
6191,6.4,7,360,20,12,False
6192,6.4,14,30,20,3,False
6193,6.4,14,30,20,6,False
6194,6.4,14,30,20,9,False
6195,6.4,14,30,20,12,False
6196,6.4,14,60,20,3,False
6197,6.4,14,60,20,6,True
6198,6.4,14,60,20,9,False
6199,6.4,14,60,20,12,False
6200,6.4,14,90,20,3,False
6201,6.4,14,90,20,6,False
6202,6.4,14,90,20,9,False
6203,6.4,14,90,20,12,False
6204,6.4,14,120,20,3,True
6205,6.4,14,120,20,6,True
6206,6.4,14,120,20,9,False
6207,6.4,14,120,20,12,True
6208,6.4,14,150,20,3,True
6209,6.4,14,150,20,6,False
6210,6.4,14,150,20,9,False
6211,6.4,14,150,20,12,False
6212,6.4,14,180,20,3,False
6213,6.4,14,180,20,6,True
6214,6.4,14,180,20,9,False
6215,6.4,14,180,20,12,False
6216,6.4,14,210,20,3,False
6217,6.4,14,210,20,6,True
6218,6.4,14,210,20,9,False
6219,6.4,14,210,20,12,False
6220,6.4,14,240,20,3,True
6221,6.4,14,240,20,6,False
6222,6.4,14,240,20,9,False
6223,6.4,14,240,20,12,False
6224,6.4,14,270,20,3,False
6225,6.4,14,270,20,6,False
6226,6.4,14,270,20,9,False
6227,6.4,14,270,20,12,True
6228,6.4,14,300,20,3,False
6229,6.4,14,300,20,6,False
6230,6.4,14,300,20,9,True
6231,6.4,14,300,20,12,False
6232,6.4,14,330,20,3,False
6233,6.4,14,330,20,6,False
6234,6.4,14,330,20,9,False
6235,6.4,14,330,20,12,True
6236,6.4,14,360,20,3,True
6237,6.4,14,360,20,6,False
6238,6.4,14,360,20,9,False
6239,6.4,14,360,20,12,True
6240,6.4,21,30,20,3,False
6241,6.4,21,30,20,6,False
6242,6.4,21,30,20,9,False
6243,6.4,21,30,20,12,False
6244,6.4,21,60,20,3,False
6245,6.4,21,60,20,6,True
6246,6.4,21,60,20,9,False
6247,6.4,21,60,20,12,False
6248,6.4,21,90,20,3,False
6249,6.4,21,90,20,6,False
6250,6.4,21,90,20,9,True
6251,6.4,21,90,20,12,False
6252,6.4,21,120,20,3,False
6253,6.4,21,120,20,6,False
6254,6.4,21,120,20,9,False
6255,6.4,21,120,20,12,False
6256,6.4,21,150,20,3,False
6257,6.4,21,150,20,6,False
6258,6.4,21,150,20,9,False
6259,6.4,21,150,20,12,False
6260,6.4,21,180,20,3,False
6261,6.4,21,180,20,6,False
6262,6.4,21,180,20,9,False
6263,6.4,21,180,20,12,False
6264,6.4,21,210,20,3,True
6265,6.4,21,210,20,6,True
6266,6.4,21,210,20,9,False
6267,6.4,21,210,20,12,True
6268,6.4,21,240,20,3,False
6269,6.4,21,240,20,6,False
6270,6.4,21,240,20,9,False
6271,6.4,21,240,20,12,True
6272,6.4,21,270,20,3,False
6273,6.4,21,270,20,6,False
6274,6.4,21,270,20,9,True
6275,6.4,21,270,20,12,False
6276,6.4,21,300,20,3,False
6277,6.4,21,300,20,6,False
6278,6.4,21,300,20,9,False
6279,6.4,21,300,20,12,False
6280,6.4,21,330,20,3,False
6281,6.4,21,330,20,6,False
6282,6.4,21,330,20,9,False
6283,6.4,21,330,20,12,False
6284,6.4,21,360,20,3,False
6285,6.4,21,360,20,6,False
6286,6.4,21,360,20,9,False
6287,6.4,21,360,20,12,False
6288,6.4,28,30,20,3,False
6289,6.4,28,30,20,6,False
6290,6.4,28,30,20,9,True
6291,6.4,28,30,20,12,False
6292,6.4,28,60,20,3,False
6293,6.4,28,60,20,6,False
6294,6.4,28,60,20,9,False
6295,6.4,28,60,20,12,False
6296,6.4,28,90,20,3,False
6297,6.4,28,90,20,6,False
6298,6.4,28,90,20,9,False
6299,6.4,28,90,20,12,False
6300,6.4,28,120,20,3,False
6301,6.4,28,120,20,6,False
6302,6.4,28,120,20,9,False
6303,6.4,28,120,20,12,False
6304,6.4,28,150,20,3,False
6305,6.4,28,150,20,6,False
6306,6.4,28,150,20,9,False
6307,6.4,28,150,20,12,False
6308,6.4,28,180,20,3,True
6309,6.4,28,180,20,6,False
6310,6.4,28,180,20,9,False
6311,6.4,28,180,20,12,False
6312,6.4,28,210,20,3,False
6313,6.4,28,210,20,6,False
6314,6.4,28,210,20,9,False
6315,6.4,28,210,20,12,False
6316,6.4,28,240,20,3,True
6317,6.4,28,240,20,6,False
6318,6.4,28,240,20,9,False
6319,6.4,28,240,20,12,False
6320,6.4,28,270,20,3,False
6321,6.4,28,270,20,6,False
6322,6.4,28,270,20,9,False
6323,6.4,28,270,20,12,False
6324,6.4,28,300,20,3,False
6325,6.4,28,300,20,6,False
6326,6.4,28,300,20,9,False
6327,6.4,28,300,20,12,False
6328,6.4,28,330,20,3,False
6329,6.4,28,330,20,6,False
6330,6.4,28,330,20,9,False
6331,6.4,28,330,20,12,True
6332,6.4,28,360,20,3,False
6333,6.4,28,360,20,6,False
6334,6.4,28,360,20,9,False
6335,6.4,28,360,20,12,True
6336,6.6000000000000005,7,30,20,3,False
6337,6.6000000000000005,7,30,20,6,False
6338,6.6000000000000005,7,30,20,9,True
6339,6.6000000000000005,7,30,20,12,False
6340,6.6000000000000005,7,60,20,3,False
6341,6.6000000000000005,7,60,20,6,False
6342,6.6000000000000005,7,60,20,9,False
6343,6.6000000000000005,7,60,20,12,False
6344,6.6000000000000005,7,90,20,3,False
6345,6.6000000000000005,7,90,20,6,False
6346,6.6000000000000005,7,90,20,9,False
6347,6.6000000000000005,7,90,20,12,False
6348,6.6000000000000005,7,120,20,3,False
6349,6.6000000000000005,7,120,20,6,False
6350,6.6000000000000005,7,120,20,9,False
6351,6.6000000000000005,7,120,20,12,False
6352,6.6000000000000005,7,150,20,3,True
6353,6.6000000000000005,7,150,20,6,False
6354,6.6000000000000005,7,150,20,9,False
6355,6.6000000000000005,7,150,20,12,False
6356,6.6000000000000005,7,180,20,3,False
6357,6.6000000000000005,7,180,20,6,False
6358,6.6000000000000005,7,180,20,9,False
6359,6.6000000000000005,7,180,20,12,False
6360,6.6000000000000005,7,210,20,3,False
6361,6.6000000000000005,7,210,20,6,False
6362,6.6000000000000005,7,210,20,9,True
6363,6.6000000000000005,7,210,20,12,False
6364,6.6000000000000005,7,240,20,3,False
6365,6.6000000000000005,7,240,20,6,False
6366,6.6000000000000005,7,240,20,9,False
6367,6.6000000000000005,7,240,20,12,True
6368,6.6000000000000005,7,270,20,3,False
6369,6.6000000000000005,7,270,20,6,False
6370,6.6000000000000005,7,270,20,9,False
6371,6.6000000000000005,7,270,20,12,False
6372,6.6000000000000005,7,300,20,3,False
6373,6.6000000000000005,7,300,20,6,False
6374,6.6000000000000005,7,300,20,9,False
6375,6.6000000000000005,7,300,20,12,False
6376,6.6000000000000005,7,330,20,3,False
6377,6.6000000000000005,7,330,20,6,False
6378,6.6000000000000005,7,330,20,9,False
6379,6.6000000000000005,7,330,20,12,False
6380,6.6000000000000005,7,360,20,3,False
6381,6.6000000000000005,7,360,20,6,False
6382,6.6000000000000005,7,360,20,9,True
6383,6.6000000000000005,7,360,20,12,True
6384,6.6000000000000005,14,30,20,3,False
6385,6.6000000000000005,14,30,20,6,False
6386,6.6000000000000005,14,30,20,9,False
6387,6.6000000000000005,14,30,20,12,False
6388,6.6000000000000005,14,60,20,3,False
6389,6.6000000000000005,14,60,20,6,False
6390,6.6000000000000005,14,60,20,9,False
6391,6.6000000000000005,14,60,20,12,False
6392,6.6000000000000005,14,90,20,3,False
6393,6.6000000000000005,14,90,20,6,False
6394,6.6000000000000005,14,90,20,9,False
6395,6.6000000000000005,14,90,20,12,False
6396,6.6000000000000005,14,120,20,3,False
6397,6.6000000000000005,14,120,20,6,False
6398,6.6000000000000005,14,120,20,9,False
6399,6.6000000000000005,14,120,20,12,False
6400,6.6000000000000005,14,150,20,3,False
6401,6.6000000000000005,14,150,20,6,False
6402,6.6000000000000005,14,150,20,9,False
6403,6.6000000000000005,14,150,20,12,False
6404,6.6000000000000005,14,180,20,3,False
6405,6.6000000000000005,14,180,20,6,False
6406,6.6000000000000005,14,180,20,9,False
6407,6.6000000000000005,14,180,20,12,False
6408,6.6000000000000005,14,210,20,3,False
6409,6.6000000000000005,14,210,20,6,True
6410,6.6000000000000005,14,210,20,9,False
6411,6.6000000000000005,14,210,20,12,False
6412,6.6000000000000005,14,240,20,3,False
6413,6.6000000000000005,14,240,20,6,False
6414,6.6000000000000005,14,240,20,9,False
6415,6.6000000000000005,14,240,20,12,False
6416,6.6000000000000005,14,270,20,3,False
6417,6.6000000000000005,14,270,20,6,False
6418,6.6000000000000005,14,270,20,9,False
6419,6.6000000000000005,14,270,20,12,False
6420,6.6000000000000005,14,300,20,3,False
6421,6.6000000000000005,14,300,20,6,True
6422,6.6000000000000005,14,300,20,9,False
6423,6.6000000000000005,14,300,20,12,True
6424,6.6000000000000005,14,330,20,3,False
6425,6.6000000000000005,14,330,20,6,False
6426,6.6000000000000005,14,330,20,9,False
6427,6.6000000000000005,14,330,20,12,False
6428,6.6000000000000005,14,360,20,3,False
6429,6.6000000000000005,14,360,20,6,False
6430,6.6000000000000005,14,360,20,9,False
6431,6.6000000000000005,14,360,20,12,False
6432,6.6000000000000005,21,30,20,3,False
6433,6.6000000000000005,21,30,20,6,False
6434,6.6000000000000005,21,30,20,9,False
6435,6.6000000000000005,21,30,20,12,False
6436,6.6000000000000005,21,60,20,3,False
6437,6.6000000000000005,21,60,20,6,False
6438,6.6000000000000005,21,60,20,9,True
6439,6.6000000000000005,21,60,20,12,False
6440,6.6000000000000005,21,90,20,3,False
6441,6.6000000000000005,21,90,20,6,False
6442,6.6000000000000005,21,90,20,9,False
6443,6.6000000000000005,21,90,20,12,False
6444,6.6000000000000005,21,120,20,3,False
6445,6.6000000000000005,21,120,20,6,False
6446,6.6000000000000005,21,120,20,9,False
6447,6.6000000000000005,21,120,20,12,True
6448,6.6000000000000005,21,150,20,3,False
6449,6.6000000000000005,21,150,20,6,False
6450,6.6000000000000005,21,150,20,9,False
6451,6.6000000000000005,21,150,20,12,False
6452,6.6000000000000005,21,180,20,3,False
6453,6.6000000000000005,21,180,20,6,False
6454,6.6000000000000005,21,180,20,9,False
6455,6.6000000000000005,21,180,20,12,True
6456,6.6000000000000005,21,210,20,3,False
6457,6.6000000000000005,21,210,20,6,False
6458,6.6000000000000005,21,210,20,9,False
6459,6.6000000000000005,21,210,20,12,False
6460,6.6000000000000005,21,240,20,3,False
6461,6.6000000000000005,21,240,20,6,False
6462,6.6000000000000005,21,240,20,9,False
6463,6.6000000000000005,21,240,20,12,False
6464,6.6000000000000005,21,270,20,3,False
6465,6.6000000000000005,21,270,20,6,False
6466,6.6000000000000005,21,270,20,9,False
6467,6.6000000000000005,21,270,20,12,False
6468,6.6000000000000005,21,300,20,3,False
6469,6.6000000000000005,21,300,20,6,False
6470,6.6000000000000005,21,300,20,9,False
6471,6.6000000000000005,21,300,20,12,False
6472,6.6000000000000005,21,330,20,3,False
6473,6.6000000000000005,21,330,20,6,False
6474,6.6000000000000005,21,330,20,9,True
6475,6.6000000000000005,21,330,20,12,False
6476,6.6000000000000005,21,360,20,3,False
6477,6.6000000000000005,21,360,20,6,False
6478,6.6000000000000005,21,360,20,9,False
6479,6.6000000000000005,21,360,20,12,False
6480,6.6000000000000005,28,30,20,3,False
6481,6.6000000000000005,28,30,20,6,False
6482,6.6000000000000005,28,30,20,9,False
6483,6.6000000000000005,28,30,20,12,False
6484,6.6000000000000005,28,60,20,3,False
6485,6.6000000000000005,28,60,20,6,False
6486,6.6000000000000005,28,60,20,9,False
6487,6.6000000000000005,28,60,20,12,False
6488,6.6000000000000005,28,90,20,3,False
6489,6.6000000000000005,28,90,20,6,True
6490,6.6000000000000005,28,90,20,9,False
6491,6.6000000000000005,28,90,20,12,False
6492,6.6000000000000005,28,120,20,3,False
6493,6.6000000000000005,28,120,20,6,False
6494,6.6000000000000005,28,120,20,9,False
6495,6.6000000000000005,28,120,20,12,False
6496,6.6000000000000005,28,150,20,3,False
6497,6.6000000000000005,28,150,20,6,False
6498,6.6000000000000005,28,150,20,9,False
6499,6.6000000000000005,28,150,20,12,True
6500,6.6000000000000005,28,180,20,3,True
6501,6.6000000000000005,28,180,20,6,False
6502,6.6000000000000005,28,180,20,9,False
6503,6.6000000000000005,28,180,20,12,False
6504,6.6000000000000005,28,210,20,3,False
6505,6.6000000000000005,28,210,20,6,False
6506,6.6000000000000005,28,210,20,9,False
6507,6.6000000000000005,28,210,20,12,True
6508,6.6000000000000005,28,240,20,3,False
6509,6.6000000000000005,28,240,20,6,False
6510,6.6000000000000005,28,240,20,9,True
6511,6.6000000000000005,28,240,20,12,False
6512,6.6000000000000005,28,270,20,3,False
6513,6.6000000000000005,28,270,20,6,False
6514,6.6000000000000005,28,270,20,9,False
6515,6.6000000000000005,28,270,20,12,False
6516,6.6000000000000005,28,300,20,3,False
6517,6.6000000000000005,28,300,20,6,False
6518,6.6000000000000005,28,300,20,9,False
6519,6.6000000000000005,28,300,20,12,False
6520,6.6000000000000005,28,330,20,3,False
6521,6.6000000000000005,28,330,20,6,False
6522,6.6000000000000005,28,330,20,9,False
6523,6.6000000000000005,28,330,20,12,False
6524,6.6000000000000005,28,360,20,3,False
6525,6.6000000000000005,28,360,20,6,False
6526,6.6000000000000005,28,360,20,9,False
6527,6.6000000000000005,28,360,20,12,False
6528,6.800000000000001,7,30,20,3,False
6529,6.800000000000001,7,30,20,6,False
6530,6.800000000000001,7,30,20,9,False
6531,6.800000000000001,7,30,20,12,False
6532,6.800000000000001,7,60,20,3,False
6533,6.800000000000001,7,60,20,6,False
6534,6.800000000000001,7,60,20,9,True
6535,6.800000000000001,7,60,20,12,False
6536,6.800000000000001,7,90,20,3,False
6537,6.800000000000001,7,90,20,6,False
6538,6.800000000000001,7,90,20,9,False
6539,6.800000000000001,7,90,20,12,True
6540,6.800000000000001,7,120,20,3,False
6541,6.800000000000001,7,120,20,6,False
6542,6.800000000000001,7,120,20,9,True
6543,6.800000000000001,7,120,20,12,False
6544,6.800000000000001,7,150,20,3,False
6545,6.800000000000001,7,150,20,6,False
6546,6.800000000000001,7,150,20,9,False
6547,6.800000000000001,7,150,20,12,False
6548,6.800000000000001,7,180,20,3,False
6549,6.800000000000001,7,180,20,6,False
6550,6.800000000000001,7,180,20,9,False
6551,6.800000000000001,7,180,20,12,False
6552,6.800000000000001,7,210,20,3,True
6553,6.800000000000001,7,210,20,6,True
6554,6.800000000000001,7,210,20,9,False
6555,6.800000000000001,7,210,20,12,False
6556,6.800000000000001,7,240,20,3,False
6557,6.800000000000001,7,240,20,6,False
6558,6.800000000000001,7,240,20,9,True
6559,6.800000000000001,7,240,20,12,False
6560,6.800000000000001,7,270,20,3,False
6561,6.800000000000001,7,270,20,6,True
6562,6.800000000000001,7,270,20,9,False
6563,6.800000000000001,7,270,20,12,False
6564,6.800000000000001,7,300,20,3,False
6565,6.800000000000001,7,300,20,6,False
6566,6.800000000000001,7,300,20,9,False
6567,6.800000000000001,7,300,20,12,False
6568,6.800000000000001,7,330,20,3,False
6569,6.800000000000001,7,330,20,6,True
6570,6.800000000000001,7,330,20,9,False
6571,6.800000000000001,7,330,20,12,False
6572,6.800000000000001,7,360,20,3,True
6573,6.800000000000001,7,360,20,6,False
6574,6.800000000000001,7,360,20,9,True
6575,6.800000000000001,7,360,20,12,False
6576,6.800000000000001,14,30,20,3,False
6577,6.800000000000001,14,30,20,6,False
6578,6.800000000000001,14,30,20,9,False
6579,6.800000000000001,14,30,20,12,False
6580,6.800000000000001,14,60,20,3,False
6581,6.800000000000001,14,60,20,6,True
6582,6.800000000000001,14,60,20,9,False
6583,6.800000000000001,14,60,20,12,False
6584,6.800000000000001,14,90,20,3,False
6585,6.800000000000001,14,90,20,6,False
6586,6.800000000000001,14,90,20,9,False
6587,6.800000000000001,14,90,20,12,False
6588,6.800000000000001,14,120,20,3,True
6589,6.800000000000001,14,120,20,6,False
6590,6.800000000000001,14,120,20,9,False
6591,6.800000000000001,14,120,20,12,True
6592,6.800000000000001,14,150,20,3,False
6593,6.800000000000001,14,150,20,6,False
6594,6.800000000000001,14,150,20,9,False
6595,6.800000000000001,14,150,20,12,True
6596,6.800000000000001,14,180,20,3,False
6597,6.800000000000001,14,180,20,6,False
6598,6.800000000000001,14,180,20,9,False
6599,6.800000000000001,14,180,20,12,False
6600,6.800000000000001,14,210,20,3,False
6601,6.800000000000001,14,210,20,6,False
6602,6.800000000000001,14,210,20,9,False
6603,6.800000000000001,14,210,20,12,False
6604,6.800000000000001,14,240,20,3,False
6605,6.800000000000001,14,240,20,6,False
6606,6.800000000000001,14,240,20,9,False
6607,6.800000000000001,14,240,20,12,False
6608,6.800000000000001,14,270,20,3,False
6609,6.800000000000001,14,270,20,6,False
6610,6.800000000000001,14,270,20,9,False
6611,6.800000000000001,14,270,20,12,False
6612,6.800000000000001,14,300,20,3,False
6613,6.800000000000001,14,300,20,6,False
6614,6.800000000000001,14,300,20,9,False
6615,6.800000000000001,14,300,20,12,False
6616,6.800000000000001,14,330,20,3,False
6617,6.800000000000001,14,330,20,6,False
6618,6.800000000000001,14,330,20,9,False
6619,6.800000000000001,14,330,20,12,False
6620,6.800000000000001,14,360,20,3,True
6621,6.800000000000001,14,360,20,6,True
6622,6.800000000000001,14,360,20,9,False
6623,6.800000000000001,14,360,20,12,False
6624,6.800000000000001,21,30,20,3,False
6625,6.800000000000001,21,30,20,6,False
6626,6.800000000000001,21,30,20,9,False
6627,6.800000000000001,21,30,20,12,False
6628,6.800000000000001,21,60,20,3,False
6629,6.800000000000001,21,60,20,6,False
6630,6.800000000000001,21,60,20,9,False
6631,6.800000000000001,21,60,20,12,False
6632,6.800000000000001,21,90,20,3,False
6633,6.800000000000001,21,90,20,6,False
6634,6.800000000000001,21,90,20,9,False
6635,6.800000000000001,21,90,20,12,False
6636,6.800000000000001,21,120,20,3,False
6637,6.800000000000001,21,120,20,6,False
6638,6.800000000000001,21,120,20,9,False
6639,6.800000000000001,21,120,20,12,False
6640,6.800000000000001,21,150,20,3,True
6641,6.800000000000001,21,150,20,6,False
6642,6.800000000000001,21,150,20,9,False
6643,6.800000000000001,21,150,20,12,False
6644,6.800000000000001,21,180,20,3,False
6645,6.800000000000001,21,180,20,6,False
6646,6.800000000000001,21,180,20,9,False
6647,6.800000000000001,21,180,20,12,False
6648,6.800000000000001,21,210,20,3,False
6649,6.800000000000001,21,210,20,6,False
6650,6.800000000000001,21,210,20,9,False
6651,6.800000000000001,21,210,20,12,False
6652,6.800000000000001,21,240,20,3,True
6653,6.800000000000001,21,240,20,6,False
6654,6.800000000000001,21,240,20,9,True
6655,6.800000000000001,21,240,20,12,False
6656,6.800000000000001,21,270,20,3,True
6657,6.800000000000001,21,270,20,6,False
6658,6.800000000000001,21,270,20,9,False
6659,6.800000000000001,21,270,20,12,False
6660,6.800000000000001,21,300,20,3,False
6661,6.800000000000001,21,300,20,6,False
6662,6.800000000000001,21,300,20,9,False
6663,6.800000000000001,21,300,20,12,False
6664,6.800000000000001,21,330,20,3,False
6665,6.800000000000001,21,330,20,6,False
6666,6.800000000000001,21,330,20,9,False
6667,6.800000000000001,21,330,20,12,True
6668,6.800000000000001,21,360,20,3,False
6669,6.800000000000001,21,360,20,6,False
6670,6.800000000000001,21,360,20,9,False
6671,6.800000000000001,21,360,20,12,False
6672,6.800000000000001,28,30,20,3,False
6673,6.800000000000001,28,30,20,6,False
6674,6.800000000000001,28,30,20,9,False
6675,6.800000000000001,28,30,20,12,False
6676,6.800000000000001,28,60,20,3,False
6677,6.800000000000001,28,60,20,6,False
6678,6.800000000000001,28,60,20,9,False
6679,6.800000000000001,28,60,20,12,False
6680,6.800000000000001,28,90,20,3,False
6681,6.800000000000001,28,90,20,6,False
6682,6.800000000000001,28,90,20,9,False
6683,6.800000000000001,28,90,20,12,False
6684,6.800000000000001,28,120,20,3,False
6685,6.800000000000001,28,120,20,6,False
6686,6.800000000000001,28,120,20,9,False
6687,6.800000000000001,28,120,20,12,False
6688,6.800000000000001,28,150,20,3,False
6689,6.800000000000001,28,150,20,6,False
6690,6.800000000000001,28,150,20,9,False
6691,6.800000000000001,28,150,20,12,False
6692,6.800000000000001,28,180,20,3,False
6693,6.800000000000001,28,180,20,6,False
6694,6.800000000000001,28,180,20,9,False
6695,6.800000000000001,28,180,20,12,False
6696,6.800000000000001,28,210,20,3,False
6697,6.800000000000001,28,210,20,6,False
6698,6.800000000000001,28,210,20,9,True
6699,6.800000000000001,28,210,20,12,False
6700,6.800000000000001,28,240,20,3,False
6701,6.800000000000001,28,240,20,6,False
6702,6.800000000000001,28,240,20,9,False
6703,6.800000000000001,28,240,20,12,False
6704,6.800000000000001,28,270,20,3,True
6705,6.800000000000001,28,270,20,6,True
6706,6.800000000000001,28,270,20,9,False
6707,6.800000000000001,28,270,20,12,False
6708,6.800000000000001,28,300,20,3,False
6709,6.800000000000001,28,300,20,6,False
6710,6.800000000000001,28,300,20,9,False
6711,6.800000000000001,28,300,20,12,False
6712,6.800000000000001,28,330,20,3,False
6713,6.800000000000001,28,330,20,6,True
6714,6.800000000000001,28,330,20,9,False
6715,6.800000000000001,28,330,20,12,False
6716,6.800000000000001,28,360,20,3,False
6717,6.800000000000001,28,360,20,6,False
6718,6.800000000000001,28,360,20,9,False
6719,6.800000000000001,28,360,20,12,False
6720,7.0,7,30,20,3,False
6721,7.0,7,30,20,6,False
6722,7.0,7,30,20,9,False
6723,7.0,7,30,20,12,False
6724,7.0,7,60,20,3,False
6725,7.0,7,60,20,6,False
6726,7.0,7,60,20,9,False
6727,7.0,7,60,20,12,False
6728,7.0,7,90,20,3,False
6729,7.0,7,90,20,6,False
6730,7.0,7,90,20,9,False
6731,7.0,7,90,20,12,False
6732,7.0,7,120,20,3,False
6733,7.0,7,120,20,6,False
6734,7.0,7,120,20,9,False
6735,7.0,7,120,20,12,False
6736,7.0,7,150,20,3,False
6737,7.0,7,150,20,6,False
6738,7.0,7,150,20,9,False
6739,7.0,7,150,20,12,False
6740,7.0,7,180,20,3,False
6741,7.0,7,180,20,6,False
6742,7.0,7,180,20,9,False
6743,7.0,7,180,20,12,True
6744,7.0,7,210,20,3,False
6745,7.0,7,210,20,6,False
6746,7.0,7,210,20,9,False
6747,7.0,7,210,20,12,True
6748,7.0,7,240,20,3,False
6749,7.0,7,240,20,6,False
6750,7.0,7,240,20,9,False
6751,7.0,7,240,20,12,False
6752,7.0,7,270,20,3,False
6753,7.0,7,270,20,6,False
6754,7.0,7,270,20,9,False
6755,7.0,7,270,20,12,False
6756,7.0,7,300,20,3,False
6757,7.0,7,300,20,6,False
6758,7.0,7,300,20,9,False
6759,7.0,7,300,20,12,False
6760,7.0,7,330,20,3,False
6761,7.0,7,330,20,6,False
6762,7.0,7,330,20,9,False
6763,7.0,7,330,20,12,True
6764,7.0,7,360,20,3,False
6765,7.0,7,360,20,6,False
6766,7.0,7,360,20,9,False
6767,7.0,7,360,20,12,False
6768,7.0,14,30,20,3,False
6769,7.0,14,30,20,6,False
6770,7.0,14,30,20,9,False
6771,7.0,14,30,20,12,False
6772,7.0,14,60,20,3,False
6773,7.0,14,60,20,6,False
6774,7.0,14,60,20,9,False
6775,7.0,14,60,20,12,False
6776,7.0,14,90,20,3,False
6777,7.0,14,90,20,6,False
6778,7.0,14,90,20,9,False
6779,7.0,14,90,20,12,False
6780,7.0,14,120,20,3,False
6781,7.0,14,120,20,6,False
6782,7.0,14,120,20,9,False
6783,7.0,14,120,20,12,False
6784,7.0,14,150,20,3,False
6785,7.0,14,150,20,6,False
6786,7.0,14,150,20,9,False
6787,7.0,14,150,20,12,False
6788,7.0,14,180,20,3,False
6789,7.0,14,180,20,6,False
6790,7.0,14,180,20,9,False
6791,7.0,14,180,20,12,False
6792,7.0,14,210,20,3,False
6793,7.0,14,210,20,6,False
6794,7.0,14,210,20,9,True
6795,7.0,14,210,20,12,True
6796,7.0,14,240,20,3,False
6797,7.0,14,240,20,6,False
6798,7.0,14,240,20,9,False
6799,7.0,14,240,20,12,False
6800,7.0,14,270,20,3,False
6801,7.0,14,270,20,6,False
6802,7.0,14,270,20,9,False
6803,7.0,14,270,20,12,False
6804,7.0,14,300,20,3,False
6805,7.0,14,300,20,6,False
6806,7.0,14,300,20,9,True
6807,7.0,14,300,20,12,False
6808,7.0,14,330,20,3,False
6809,7.0,14,330,20,6,False
6810,7.0,14,330,20,9,False
6811,7.0,14,330,20,12,False
6812,7.0,14,360,20,3,False
6813,7.0,14,360,20,6,False
6814,7.0,14,360,20,9,False
6815,7.0,14,360,20,12,True
6816,7.0,21,30,20,3,False
6817,7.0,21,30,20,6,False
6818,7.0,21,30,20,9,False
6819,7.0,21,30,20,12,False
6820,7.0,21,60,20,3,False
6821,7.0,21,60,20,6,False
6822,7.0,21,60,20,9,False
6823,7.0,21,60,20,12,False
6824,7.0,21,90,20,3,False
6825,7.0,21,90,20,6,False
6826,7.0,21,90,20,9,False
6827,7.0,21,90,20,12,False
6828,7.0,21,120,20,3,False
6829,7.0,21,120,20,6,False
6830,7.0,21,120,20,9,False
6831,7.0,21,120,20,12,True
6832,7.0,21,150,20,3,False
6833,7.0,21,150,20,6,False
6834,7.0,21,150,20,9,False
6835,7.0,21,150,20,12,False
6836,7.0,21,180,20,3,False
6837,7.0,21,180,20,6,False
6838,7.0,21,180,20,9,False
6839,7.0,21,180,20,12,False
6840,7.0,21,210,20,3,False
6841,7.0,21,210,20,6,True
6842,7.0,21,210,20,9,False
6843,7.0,21,210,20,12,False
6844,7.0,21,240,20,3,False
6845,7.0,21,240,20,6,True
6846,7.0,21,240,20,9,False
6847,7.0,21,240,20,12,True
6848,7.0,21,270,20,3,False
6849,7.0,21,270,20,6,False
6850,7.0,21,270,20,9,True
6851,7.0,21,270,20,12,False
6852,7.0,21,300,20,3,False
6853,7.0,21,300,20,6,False
6854,7.0,21,300,20,9,False
6855,7.0,21,300,20,12,True
6856,7.0,21,330,20,3,False
6857,7.0,21,330,20,6,False
6858,7.0,21,330,20,9,False
6859,7.0,21,330,20,12,True
6860,7.0,21,360,20,3,False
6861,7.0,21,360,20,6,False
6862,7.0,21,360,20,9,False
6863,7.0,21,360,20,12,False
6864,7.0,28,30,20,3,False
6865,7.0,28,30,20,6,False
6866,7.0,28,30,20,9,False
6867,7.0,28,30,20,12,False
6868,7.0,28,60,20,3,False
6869,7.0,28,60,20,6,False
6870,7.0,28,60,20,9,False
6871,7.0,28,60,20,12,False
6872,7.0,28,90,20,3,False
6873,7.0,28,90,20,6,False
6874,7.0,28,90,20,9,False
6875,7.0,28,90,20,12,False
6876,7.0,28,120,20,3,False
6877,7.0,28,120,20,6,False
6878,7.0,28,120,20,9,False
6879,7.0,28,120,20,12,False
6880,7.0,28,150,20,3,False
6881,7.0,28,150,20,6,False
6882,7.0,28,150,20,9,False
6883,7.0,28,150,20,12,False
6884,7.0,28,180,20,3,False
6885,7.0,28,180,20,6,False
6886,7.0,28,180,20,9,True
6887,7.0,28,180,20,12,False
6888,7.0,28,210,20,3,True
6889,7.0,28,210,20,6,False
6890,7.0,28,210,20,9,False
6891,7.0,28,210,20,12,False
6892,7.0,28,240,20,3,False
6893,7.0,28,240,20,6,False
6894,7.0,28,240,20,9,False
6895,7.0,28,240,20,12,False
6896,7.0,28,270,20,3,False
6897,7.0,28,270,20,6,False
6898,7.0,28,270,20,9,False
6899,7.0,28,270,20,12,False
6900,7.0,28,300,20,3,False
6901,7.0,28,300,20,6,False
6902,7.0,28,300,20,9,False
6903,7.0,28,300,20,12,False
6904,7.0,28,330,20,3,False
6905,7.0,28,330,20,6,False
6906,7.0,28,330,20,9,False
6907,7.0,28,330,20,12,False
6908,7.0,28,360,20,3,False
6909,7.0,28,360,20,6,False
6910,7.0,28,360,20,9,False
6911,7.0,28,360,20,12,False
6912,7.2,7,30,20,3,False
6913,7.2,7,30,20,6,True
6914,7.2,7,30,20,9,False
6915,7.2,7,30,20,12,True
6916,7.2,7,60,20,3,False
6917,7.2,7,60,20,6,False
6918,7.2,7,60,20,9,False
6919,7.2,7,60,20,12,False
6920,7.2,7,90,20,3,False
6921,7.2,7,90,20,6,False
6922,7.2,7,90,20,9,False
6923,7.2,7,90,20,12,True
6924,7.2,7,120,20,3,False
6925,7.2,7,120,20,6,False
6926,7.2,7,120,20,9,False
6927,7.2,7,120,20,12,False
6928,7.2,7,150,20,3,False
6929,7.2,7,150,20,6,False
6930,7.2,7,150,20,9,False
6931,7.2,7,150,20,12,False
6932,7.2,7,180,20,3,False
6933,7.2,7,180,20,6,False
6934,7.2,7,180,20,9,False
6935,7.2,7,180,20,12,False
6936,7.2,7,210,20,3,False
6937,7.2,7,210,20,6,False
6938,7.2,7,210,20,9,False
6939,7.2,7,210,20,12,False
6940,7.2,7,240,20,3,False
6941,7.2,7,240,20,6,False
6942,7.2,7,240,20,9,False
6943,7.2,7,240,20,12,False
6944,7.2,7,270,20,3,False
6945,7.2,7,270,20,6,True
6946,7.2,7,270,20,9,False
6947,7.2,7,270,20,12,False
6948,7.2,7,300,20,3,False
6949,7.2,7,300,20,6,False
6950,7.2,7,300,20,9,False
6951,7.2,7,300,20,12,False
6952,7.2,7,330,20,3,False
6953,7.2,7,330,20,6,False
6954,7.2,7,330,20,9,False
6955,7.2,7,330,20,12,True
6956,7.2,7,360,20,3,True
6957,7.2,7,360,20,6,False
6958,7.2,7,360,20,9,False
6959,7.2,7,360,20,12,False
6960,7.2,14,30,20,3,False
6961,7.2,14,30,20,6,False
6962,7.2,14,30,20,9,True
6963,7.2,14,30,20,12,False
6964,7.2,14,60,20,3,False
6965,7.2,14,60,20,6,False
6966,7.2,14,60,20,9,True
6967,7.2,14,60,20,12,False
6968,7.2,14,90,20,3,False
6969,7.2,14,90,20,6,False
6970,7.2,14,90,20,9,True
6971,7.2,14,90,20,12,True
6972,7.2,14,120,20,3,False
6973,7.2,14,120,20,6,False
6974,7.2,14,120,20,9,True
6975,7.2,14,120,20,12,True
6976,7.2,14,150,20,3,False
6977,7.2,14,150,20,6,False
6978,7.2,14,150,20,9,False
6979,7.2,14,150,20,12,False
6980,7.2,14,180,20,3,False
6981,7.2,14,180,20,6,False
6982,7.2,14,180,20,9,False
6983,7.2,14,180,20,12,False
6984,7.2,14,210,20,3,False
6985,7.2,14,210,20,6,False
6986,7.2,14,210,20,9,True
6987,7.2,14,210,20,12,False
6988,7.2,14,240,20,3,False
6989,7.2,14,240,20,6,False
6990,7.2,14,240,20,9,False
6991,7.2,14,240,20,12,False
6992,7.2,14,270,20,3,True
6993,7.2,14,270,20,6,False
6994,7.2,14,270,20,9,False
6995,7.2,14,270,20,12,False
6996,7.2,14,300,20,3,False
6997,7.2,14,300,20,6,False
6998,7.2,14,300,20,9,False
6999,7.2,14,300,20,12,False
7000,7.2,14,330,20,3,False
7001,7.2,14,330,20,6,False
7002,7.2,14,330,20,9,False
7003,7.2,14,330,20,12,False
7004,7.2,14,360,20,3,False
7005,7.2,14,360,20,6,True
7006,7.2,14,360,20,9,False
7007,7.2,14,360,20,12,False
7008,7.2,21,30,20,3,False
7009,7.2,21,30,20,6,False
7010,7.2,21,30,20,9,False
7011,7.2,21,30,20,12,False
7012,7.2,21,60,20,3,False
7013,7.2,21,60,20,6,False
7014,7.2,21,60,20,9,False
7015,7.2,21,60,20,12,False
7016,7.2,21,90,20,3,False
7017,7.2,21,90,20,6,False
7018,7.2,21,90,20,9,False
7019,7.2,21,90,20,12,False
7020,7.2,21,120,20,3,False
7021,7.2,21,120,20,6,False
7022,7.2,21,120,20,9,False
7023,7.2,21,120,20,12,True
7024,7.2,21,150,20,3,False
7025,7.2,21,150,20,6,False
7026,7.2,21,150,20,9,False
7027,7.2,21,150,20,12,False
7028,7.2,21,180,20,3,False
7029,7.2,21,180,20,6,True
7030,7.2,21,180,20,9,False
7031,7.2,21,180,20,12,False
7032,7.2,21,210,20,3,False
7033,7.2,21,210,20,6,False
7034,7.2,21,210,20,9,False
7035,7.2,21,210,20,12,False
7036,7.2,21,240,20,3,False
7037,7.2,21,240,20,6,False
7038,7.2,21,240,20,9,False
7039,7.2,21,240,20,12,False
7040,7.2,21,270,20,3,True
7041,7.2,21,270,20,6,False
7042,7.2,21,270,20,9,True
7043,7.2,21,270,20,12,False
7044,7.2,21,300,20,3,False
7045,7.2,21,300,20,6,False
7046,7.2,21,300,20,9,False
7047,7.2,21,300,20,12,False
7048,7.2,21,330,20,3,False
7049,7.2,21,330,20,6,False
7050,7.2,21,330,20,9,False
7051,7.2,21,330,20,12,False
7052,7.2,21,360,20,3,False
7053,7.2,21,360,20,6,False
7054,7.2,21,360,20,9,False
7055,7.2,21,360,20,12,False
7056,7.2,28,30,20,3,False
7057,7.2,28,30,20,6,False
7058,7.2,28,30,20,9,False
7059,7.2,28,30,20,12,False
7060,7.2,28,60,20,3,False
7061,7.2,28,60,20,6,False
7062,7.2,28,60,20,9,False
7063,7.2,28,60,20,12,False
7064,7.2,28,90,20,3,False
7065,7.2,28,90,20,6,False
7066,7.2,28,90,20,9,False
7067,7.2,28,90,20,12,False
7068,7.2,28,120,20,3,False
7069,7.2,28,120,20,6,False
7070,7.2,28,120,20,9,False
7071,7.2,28,120,20,12,False
7072,7.2,28,150,20,3,False
7073,7.2,28,150,20,6,False
7074,7.2,28,150,20,9,False
7075,7.2,28,150,20,12,False
7076,7.2,28,180,20,3,False
7077,7.2,28,180,20,6,False
7078,7.2,28,180,20,9,False
7079,7.2,28,180,20,12,False
7080,7.2,28,210,20,3,False
7081,7.2,28,210,20,6,False
7082,7.2,28,210,20,9,False
7083,7.2,28,210,20,12,False
7084,7.2,28,240,20,3,False
7085,7.2,28,240,20,6,False
7086,7.2,28,240,20,9,False
7087,7.2,28,240,20,12,True
7088,7.2,28,270,20,3,False
7089,7.2,28,270,20,6,False
7090,7.2,28,270,20,9,False
7091,7.2,28,270,20,12,False
7092,7.2,28,300,20,3,False
7093,7.2,28,300,20,6,False
7094,7.2,28,300,20,9,False
7095,7.2,28,300,20,12,False
7096,7.2,28,330,20,3,False
7097,7.2,28,330,20,6,False
7098,7.2,28,330,20,9,False
7099,7.2,28,330,20,12,True
7100,7.2,28,360,20,3,True
7101,7.2,28,360,20,6,False
7102,7.2,28,360,20,9,True
7103,7.2,28,360,20,12,False
7104,7.4,7,30,20,3,False
7105,7.4,7,30,20,6,False
7106,7.4,7,30,20,9,False
7107,7.4,7,30,20,12,False
7108,7.4,7,60,20,3,False
7109,7.4,7,60,20,6,False
7110,7.4,7,60,20,9,True
7111,7.4,7,60,20,12,False
7112,7.4,7,90,20,3,True
7113,7.4,7,90,20,6,False
7114,7.4,7,90,20,9,False
7115,7.4,7,90,20,12,False
7116,7.4,7,120,20,3,False
7117,7.4,7,120,20,6,False
7118,7.4,7,120,20,9,False
7119,7.4,7,120,20,12,True
7120,7.4,7,150,20,3,False
7121,7.4,7,150,20,6,False
7122,7.4,7,150,20,9,False
7123,7.4,7,150,20,12,False
7124,7.4,7,180,20,3,False
7125,7.4,7,180,20,6,False
7126,7.4,7,180,20,9,False
7127,7.4,7,180,20,12,False
7128,7.4,7,210,20,3,False
7129,7.4,7,210,20,6,False
7130,7.4,7,210,20,9,True
7131,7.4,7,210,20,12,False
7132,7.4,7,240,20,3,False
7133,7.4,7,240,20,6,False
7134,7.4,7,240,20,9,False
7135,7.4,7,240,20,12,True
7136,7.4,7,270,20,3,False
7137,7.4,7,270,20,6,False
7138,7.4,7,270,20,9,False
7139,7.4,7,270,20,12,False
7140,7.4,7,300,20,3,False
7141,7.4,7,300,20,6,True
7142,7.4,7,300,20,9,False
7143,7.4,7,300,20,12,True
7144,7.4,7,330,20,3,False
7145,7.4,7,330,20,6,False
7146,7.4,7,330,20,9,False
7147,7.4,7,330,20,12,False
7148,7.4,7,360,20,3,False
7149,7.4,7,360,20,6,False
7150,7.4,7,360,20,9,False
7151,7.4,7,360,20,12,False
7152,7.4,14,30,20,3,False
7153,7.4,14,30,20,6,False
7154,7.4,14,30,20,9,False
7155,7.4,14,30,20,12,False
7156,7.4,14,60,20,3,False
7157,7.4,14,60,20,6,False
7158,7.4,14,60,20,9,False
7159,7.4,14,60,20,12,True
7160,7.4,14,90,20,3,False
7161,7.4,14,90,20,6,False
7162,7.4,14,90,20,9,False
7163,7.4,14,90,20,12,False
7164,7.4,14,120,20,3,False
7165,7.4,14,120,20,6,False
7166,7.4,14,120,20,9,False
7167,7.4,14,120,20,12,False
7168,7.4,14,150,20,3,False
7169,7.4,14,150,20,6,False
7170,7.4,14,150,20,9,False
7171,7.4,14,150,20,12,False
7172,7.4,14,180,20,3,True
7173,7.4,14,180,20,6,False
7174,7.4,14,180,20,9,False
7175,7.4,14,180,20,12,False
7176,7.4,14,210,20,3,False
7177,7.4,14,210,20,6,False
7178,7.4,14,210,20,9,False
7179,7.4,14,210,20,12,False
7180,7.4,14,240,20,3,False
7181,7.4,14,240,20,6,False
7182,7.4,14,240,20,9,False
7183,7.4,14,240,20,12,False
7184,7.4,14,270,20,3,False
7185,7.4,14,270,20,6,False
7186,7.4,14,270,20,9,False
7187,7.4,14,270,20,12,False
7188,7.4,14,300,20,3,False
7189,7.4,14,300,20,6,False
7190,7.4,14,300,20,9,False
7191,7.4,14,300,20,12,False
7192,7.4,14,330,20,3,False
7193,7.4,14,330,20,6,True
7194,7.4,14,330,20,9,True
7195,7.4,14,330,20,12,False
7196,7.4,14,360,20,3,False
7197,7.4,14,360,20,6,False
7198,7.4,14,360,20,9,False
7199,7.4,14,360,20,12,True
7200,7.4,21,30,20,3,False
7201,7.4,21,30,20,6,False
7202,7.4,21,30,20,9,False
7203,7.4,21,30,20,12,False
7204,7.4,21,60,20,3,False
7205,7.4,21,60,20,6,False
7206,7.4,21,60,20,9,False
7207,7.4,21,60,20,12,False
7208,7.4,21,90,20,3,False
7209,7.4,21,90,20,6,False
7210,7.4,21,90,20,9,False
7211,7.4,21,90,20,12,False
7212,7.4,21,120,20,3,False
7213,7.4,21,120,20,6,False
7214,7.4,21,120,20,9,False
7215,7.4,21,120,20,12,False
7216,7.4,21,150,20,3,False
7217,7.4,21,150,20,6,False
7218,7.4,21,150,20,9,False
7219,7.4,21,150,20,12,True
7220,7.4,21,180,20,3,False
7221,7.4,21,180,20,6,False
7222,7.4,21,180,20,9,False
7223,7.4,21,180,20,12,False
7224,7.4,21,210,20,3,False
7225,7.4,21,210,20,6,False
7226,7.4,21,210,20,9,False
7227,7.4,21,210,20,12,False
7228,7.4,21,240,20,3,False
7229,7.4,21,240,20,6,False
7230,7.4,21,240,20,9,False
7231,7.4,21,240,20,12,True
7232,7.4,21,270,20,3,False
7233,7.4,21,270,20,6,False
7234,7.4,21,270,20,9,False
7235,7.4,21,270,20,12,False
7236,7.4,21,300,20,3,False
7237,7.4,21,300,20,6,True
7238,7.4,21,300,20,9,False
7239,7.4,21,300,20,12,False
7240,7.4,21,330,20,3,False
7241,7.4,21,330,20,6,False
7242,7.4,21,330,20,9,True
7243,7.4,21,330,20,12,True
7244,7.4,21,360,20,3,False
7245,7.4,21,360,20,6,False
7246,7.4,21,360,20,9,False
7247,7.4,21,360,20,12,False
7248,7.4,28,30,20,3,False
7249,7.4,28,30,20,6,True
7250,7.4,28,30,20,9,False
7251,7.4,28,30,20,12,False
7252,7.4,28,60,20,3,False
7253,7.4,28,60,20,6,False
7254,7.4,28,60,20,9,False
7255,7.4,28,60,20,12,False
7256,7.4,28,90,20,3,False
7257,7.4,28,90,20,6,False
7258,7.4,28,90,20,9,False
7259,7.4,28,90,20,12,False
7260,7.4,28,120,20,3,False
7261,7.4,28,120,20,6,False
7262,7.4,28,120,20,9,False
7263,7.4,28,120,20,12,True
7264,7.4,28,150,20,3,False
7265,7.4,28,150,20,6,False
7266,7.4,28,150,20,9,False
7267,7.4,28,150,20,12,False
7268,7.4,28,180,20,3,False
7269,7.4,28,180,20,6,False
7270,7.4,28,180,20,9,False
7271,7.4,28,180,20,12,True
7272,7.4,28,210,20,3,False
7273,7.4,28,210,20,6,False
7274,7.4,28,210,20,9,False
7275,7.4,28,210,20,12,False
7276,7.4,28,240,20,3,False
7277,7.4,28,240,20,6,False
7278,7.4,28,240,20,9,False
7279,7.4,28,240,20,12,False
7280,7.4,28,270,20,3,False
7281,7.4,28,270,20,6,False
7282,7.4,28,270,20,9,False
7283,7.4,28,270,20,12,False
7284,7.4,28,300,20,3,False
7285,7.4,28,300,20,6,False
7286,7.4,28,300,20,9,False
7287,7.4,28,300,20,12,False
7288,7.4,28,330,20,3,False
7289,7.4,28,330,20,6,False
7290,7.4,28,330,20,9,False
7291,7.4,28,330,20,12,True
7292,7.4,28,360,20,3,False
7293,7.4,28,360,20,6,False
7294,7.4,28,360,20,9,False
7295,7.4,28,360,20,12,False
7296,7.6000000000000005,7,30,20,3,False
7297,7.6000000000000005,7,30,20,6,False
7298,7.6000000000000005,7,30,20,9,False
7299,7.6000000000000005,7,30,20,12,False
7300,7.6000000000000005,7,60,20,3,True
7301,7.6000000000000005,7,60,20,6,False
7302,7.6000000000000005,7,60,20,9,False
7303,7.6000000000000005,7,60,20,12,True
7304,7.6000000000000005,7,90,20,3,False
7305,7.6000000000000005,7,90,20,6,False
7306,7.6000000000000005,7,90,20,9,False
7307,7.6000000000000005,7,90,20,12,True
7308,7.6000000000000005,7,120,20,3,False
7309,7.6000000000000005,7,120,20,6,False
7310,7.6000000000000005,7,120,20,9,False
7311,7.6000000000000005,7,120,20,12,False
7312,7.6000000000000005,7,150,20,3,False
7313,7.6000000000000005,7,150,20,6,False
7314,7.6000000000000005,7,150,20,9,False
7315,7.6000000000000005,7,150,20,12,False
7316,7.6000000000000005,7,180,20,3,False
7317,7.6000000000000005,7,180,20,6,False
7318,7.6000000000000005,7,180,20,9,False
7319,7.6000000000000005,7,180,20,12,False
7320,7.6000000000000005,7,210,20,3,False
7321,7.6000000000000005,7,210,20,6,False
7322,7.6000000000000005,7,210,20,9,False
7323,7.6000000000000005,7,210,20,12,True
7324,7.6000000000000005,7,240,20,3,False
7325,7.6000000000000005,7,240,20,6,False
7326,7.6000000000000005,7,240,20,9,False
7327,7.6000000000000005,7,240,20,12,True
7328,7.6000000000000005,7,270,20,3,False
7329,7.6000000000000005,7,270,20,6,False
7330,7.6000000000000005,7,270,20,9,False
7331,7.6000000000000005,7,270,20,12,True
7332,7.6000000000000005,7,300,20,3,False
7333,7.6000000000000005,7,300,20,6,False
7334,7.6000000000000005,7,300,20,9,False
7335,7.6000000000000005,7,300,20,12,True
7336,7.6000000000000005,7,330,20,3,False
7337,7.6000000000000005,7,330,20,6,True
7338,7.6000000000000005,7,330,20,9,False
7339,7.6000000000000005,7,330,20,12,False
7340,7.6000000000000005,7,360,20,3,False
7341,7.6000000000000005,7,360,20,6,False
7342,7.6000000000000005,7,360,20,9,False
7343,7.6000000000000005,7,360,20,12,False
7344,7.6000000000000005,14,30,20,3,False
7345,7.6000000000000005,14,30,20,6,False
7346,7.6000000000000005,14,30,20,9,False
7347,7.6000000000000005,14,30,20,12,False
7348,7.6000000000000005,14,60,20,3,False
7349,7.6000000000000005,14,60,20,6,False
7350,7.6000000000000005,14,60,20,9,False
7351,7.6000000000000005,14,60,20,12,False
7352,7.6000000000000005,14,90,20,3,False
7353,7.6000000000000005,14,90,20,6,False
7354,7.6000000000000005,14,90,20,9,False
7355,7.6000000000000005,14,90,20,12,False
7356,7.6000000000000005,14,120,20,3,False
7357,7.6000000000000005,14,120,20,6,True
7358,7.6000000000000005,14,120,20,9,False
7359,7.6000000000000005,14,120,20,12,False
7360,7.6000000000000005,14,150,20,3,False
7361,7.6000000000000005,14,150,20,6,False
7362,7.6000000000000005,14,150,20,9,False
7363,7.6000000000000005,14,150,20,12,True
7364,7.6000000000000005,14,180,20,3,True
7365,7.6000000000000005,14,180,20,6,False
7366,7.6000000000000005,14,180,20,9,False
7367,7.6000000000000005,14,180,20,12,False
7368,7.6000000000000005,14,210,20,3,False
7369,7.6000000000000005,14,210,20,6,False
7370,7.6000000000000005,14,210,20,9,False
7371,7.6000000000000005,14,210,20,12,True
7372,7.6000000000000005,14,240,20,3,True
7373,7.6000000000000005,14,240,20,6,False
7374,7.6000000000000005,14,240,20,9,False
7375,7.6000000000000005,14,240,20,12,False
7376,7.6000000000000005,14,270,20,3,False
7377,7.6000000000000005,14,270,20,6,False
7378,7.6000000000000005,14,270,20,9,False
7379,7.6000000000000005,14,270,20,12,False
7380,7.6000000000000005,14,300,20,3,False
7381,7.6000000000000005,14,300,20,6,False
7382,7.6000000000000005,14,300,20,9,True
7383,7.6000000000000005,14,300,20,12,True
7384,7.6000000000000005,14,330,20,3,False
7385,7.6000000000000005,14,330,20,6,False
7386,7.6000000000000005,14,330,20,9,True
7387,7.6000000000000005,14,330,20,12,False
7388,7.6000000000000005,14,360,20,3,False
7389,7.6000000000000005,14,360,20,6,False
7390,7.6000000000000005,14,360,20,9,False
7391,7.6000000000000005,14,360,20,12,True
7392,7.6000000000000005,21,30,20,3,False
7393,7.6000000000000005,21,30,20,6,False
7394,7.6000000000000005,21,30,20,9,False
7395,7.6000000000000005,21,30,20,12,False
7396,7.6000000000000005,21,60,20,3,False
7397,7.6000000000000005,21,60,20,6,False
7398,7.6000000000000005,21,60,20,9,False
7399,7.6000000000000005,21,60,20,12,True
7400,7.6000000000000005,21,90,20,3,False
7401,7.6000000000000005,21,90,20,6,False
7402,7.6000000000000005,21,90,20,9,False
7403,7.6000000000000005,21,90,20,12,False
7404,7.6000000000000005,21,120,20,3,False
7405,7.6000000000000005,21,120,20,6,False
7406,7.6000000000000005,21,120,20,9,False
7407,7.6000000000000005,21,120,20,12,False
7408,7.6000000000000005,21,150,20,3,False
7409,7.6000000000000005,21,150,20,6,False
7410,7.6000000000000005,21,150,20,9,False
7411,7.6000000000000005,21,150,20,12,False
7412,7.6000000000000005,21,180,20,3,False
7413,7.6000000000000005,21,180,20,6,False
7414,7.6000000000000005,21,180,20,9,False
7415,7.6000000000000005,21,180,20,12,False
7416,7.6000000000000005,21,210,20,3,False
7417,7.6000000000000005,21,210,20,6,False
7418,7.6000000000000005,21,210,20,9,False
7419,7.6000000000000005,21,210,20,12,False
7420,7.6000000000000005,21,240,20,3,False
7421,7.6000000000000005,21,240,20,6,False
7422,7.6000000000000005,21,240,20,9,False
7423,7.6000000000000005,21,240,20,12,False
7424,7.6000000000000005,21,270,20,3,False
7425,7.6000000000000005,21,270,20,6,False
7426,7.6000000000000005,21,270,20,9,False
7427,7.6000000000000005,21,270,20,12,False
7428,7.6000000000000005,21,300,20,3,False
7429,7.6000000000000005,21,300,20,6,False
7430,7.6000000000000005,21,300,20,9,False
7431,7.6000000000000005,21,300,20,12,False
7432,7.6000000000000005,21,330,20,3,True
7433,7.6000000000000005,21,330,20,6,True
7434,7.6000000000000005,21,330,20,9,False
7435,7.6000000000000005,21,330,20,12,False
7436,7.6000000000000005,21,360,20,3,False
7437,7.6000000000000005,21,360,20,6,False
7438,7.6000000000000005,21,360,20,9,False
7439,7.6000000000000005,21,360,20,12,False
7440,7.6000000000000005,28,30,20,3,False
7441,7.6000000000000005,28,30,20,6,False
7442,7.6000000000000005,28,30,20,9,False
7443,7.6000000000000005,28,30,20,12,False
7444,7.6000000000000005,28,60,20,3,False
7445,7.6000000000000005,28,60,20,6,False
7446,7.6000000000000005,28,60,20,9,False
7447,7.6000000000000005,28,60,20,12,False
7448,7.6000000000000005,28,90,20,3,False
7449,7.6000000000000005,28,90,20,6,False
7450,7.6000000000000005,28,90,20,9,False
7451,7.6000000000000005,28,90,20,12,False
7452,7.6000000000000005,28,120,20,3,False
7453,7.6000000000000005,28,120,20,6,False
7454,7.6000000000000005,28,120,20,9,False
7455,7.6000000000000005,28,120,20,12,False
7456,7.6000000000000005,28,150,20,3,False
7457,7.6000000000000005,28,150,20,6,False
7458,7.6000000000000005,28,150,20,9,False
7459,7.6000000000000005,28,150,20,12,False
7460,7.6000000000000005,28,180,20,3,False
7461,7.6000000000000005,28,180,20,6,False
7462,7.6000000000000005,28,180,20,9,False
7463,7.6000000000000005,28,180,20,12,False
7464,7.6000000000000005,28,210,20,3,False
7465,7.6000000000000005,28,210,20,6,False
7466,7.6000000000000005,28,210,20,9,True
7467,7.6000000000000005,28,210,20,12,False
7468,7.6000000000000005,28,240,20,3,False
7469,7.6000000000000005,28,240,20,6,False
7470,7.6000000000000005,28,240,20,9,False
7471,7.6000000000000005,28,240,20,12,True
7472,7.6000000000000005,28,270,20,3,False
7473,7.6000000000000005,28,270,20,6,False
7474,7.6000000000000005,28,270,20,9,False
7475,7.6000000000000005,28,270,20,12,False
7476,7.6000000000000005,28,300,20,3,False
7477,7.6000000000000005,28,300,20,6,False
7478,7.6000000000000005,28,300,20,9,False
7479,7.6000000000000005,28,300,20,12,False
7480,7.6000000000000005,28,330,20,3,False
7481,7.6000000000000005,28,330,20,6,False
7482,7.6000000000000005,28,330,20,9,False
7483,7.6000000000000005,28,330,20,12,False
7484,7.6000000000000005,28,360,20,3,False
7485,7.6000000000000005,28,360,20,6,False
7486,7.6000000000000005,28,360,20,9,False
7487,7.6000000000000005,28,360,20,12,False
7488,7.800000000000001,7,30,20,3,False
7489,7.800000000000001,7,30,20,6,False
7490,7.800000000000001,7,30,20,9,False
7491,7.800000000000001,7,30,20,12,True
7492,7.800000000000001,7,60,20,3,False
7493,7.800000000000001,7,60,20,6,False
7494,7.800000000000001,7,60,20,9,False
7495,7.800000000000001,7,60,20,12,False
7496,7.800000000000001,7,90,20,3,False
7497,7.800000000000001,7,90,20,6,False
7498,7.800000000000001,7,90,20,9,False
7499,7.800000000000001,7,90,20,12,False
7500,7.800000000000001,7,120,20,3,False
7501,7.800000000000001,7,120,20,6,False
7502,7.800000000000001,7,120,20,9,False
7503,7.800000000000001,7,120,20,12,False
7504,7.800000000000001,7,150,20,3,False
7505,7.800000000000001,7,150,20,6,False
7506,7.800000000000001,7,150,20,9,False
7507,7.800000000000001,7,150,20,12,False
7508,7.800000000000001,7,180,20,3,False
7509,7.800000000000001,7,180,20,6,False
7510,7.800000000000001,7,180,20,9,False
7511,7.800000000000001,7,180,20,12,False
7512,7.800000000000001,7,210,20,3,False
7513,7.800000000000001,7,210,20,6,False
7514,7.800000000000001,7,210,20,9,False
7515,7.800000000000001,7,210,20,12,False
7516,7.800000000000001,7,240,20,3,False
7517,7.800000000000001,7,240,20,6,False
7518,7.800000000000001,7,240,20,9,False
7519,7.800000000000001,7,240,20,12,False
7520,7.800000000000001,7,270,20,3,False
7521,7.800000000000001,7,270,20,6,False
7522,7.800000000000001,7,270,20,9,False
7523,7.800000000000001,7,270,20,12,False
7524,7.800000000000001,7,300,20,3,False
7525,7.800000000000001,7,300,20,6,False
7526,7.800000000000001,7,300,20,9,False
7527,7.800000000000001,7,300,20,12,False
7528,7.800000000000001,7,330,20,3,False
7529,7.800000000000001,7,330,20,6,False
7530,7.800000000000001,7,330,20,9,False
7531,7.800000000000001,7,330,20,12,False
7532,7.800000000000001,7,360,20,3,True
7533,7.800000000000001,7,360,20,6,False
7534,7.800000000000001,7,360,20,9,False
7535,7.800000000000001,7,360,20,12,True
7536,7.800000000000001,14,30,20,3,False
7537,7.800000000000001,14,30,20,6,False
7538,7.800000000000001,14,30,20,9,False
7539,7.800000000000001,14,30,20,12,False
7540,7.800000000000001,14,60,20,3,False
7541,7.800000000000001,14,60,20,6,False
7542,7.800000000000001,14,60,20,9,False
7543,7.800000000000001,14,60,20,12,False
7544,7.800000000000001,14,90,20,3,False
7545,7.800000000000001,14,90,20,6,False
7546,7.800000000000001,14,90,20,9,False
7547,7.800000000000001,14,90,20,12,False
7548,7.800000000000001,14,120,20,3,False
7549,7.800000000000001,14,120,20,6,False
7550,7.800000000000001,14,120,20,9,False
7551,7.800000000000001,14,120,20,12,False
7552,7.800000000000001,14,150,20,3,False
7553,7.800000000000001,14,150,20,6,False
7554,7.800000000000001,14,150,20,9,True
7555,7.800000000000001,14,150,20,12,False
7556,7.800000000000001,14,180,20,3,False
7557,7.800000000000001,14,180,20,6,False
7558,7.800000000000001,14,180,20,9,True
7559,7.800000000000001,14,180,20,12,False
7560,7.800000000000001,14,210,20,3,False
7561,7.800000000000001,14,210,20,6,False
7562,7.800000000000001,14,210,20,9,True
7563,7.800000000000001,14,210,20,12,True
7564,7.800000000000001,14,240,20,3,True
7565,7.800000000000001,14,240,20,6,False
7566,7.800000000000001,14,240,20,9,False
7567,7.800000000000001,14,240,20,12,True
7568,7.800000000000001,14,270,20,3,False
7569,7.800000000000001,14,270,20,6,False
7570,7.800000000000001,14,270,20,9,False
7571,7.800000000000001,14,270,20,12,False
7572,7.800000000000001,14,300,20,3,False
7573,7.800000000000001,14,300,20,6,False
7574,7.800000000000001,14,300,20,9,False
7575,7.800000000000001,14,300,20,12,False
7576,7.800000000000001,14,330,20,3,False
7577,7.800000000000001,14,330,20,6,True
7578,7.800000000000001,14,330,20,9,False
7579,7.800000000000001,14,330,20,12,True
7580,7.800000000000001,14,360,20,3,False
7581,7.800000000000001,14,360,20,6,False
7582,7.800000000000001,14,360,20,9,False
7583,7.800000000000001,14,360,20,12,False
7584,7.800000000000001,21,30,20,3,False
7585,7.800000000000001,21,30,20,6,False
7586,7.800000000000001,21,30,20,9,False
7587,7.800000000000001,21,30,20,12,False
7588,7.800000000000001,21,60,20,3,False
7589,7.800000000000001,21,60,20,6,False
7590,7.800000000000001,21,60,20,9,True
7591,7.800000000000001,21,60,20,12,False
7592,7.800000000000001,21,90,20,3,False
7593,7.800000000000001,21,90,20,6,False
7594,7.800000000000001,21,90,20,9,False
7595,7.800000000000001,21,90,20,12,False
7596,7.800000000000001,21,120,20,3,False
7597,7.800000000000001,21,120,20,6,False
7598,7.800000000000001,21,120,20,9,False
7599,7.800000000000001,21,120,20,12,True
7600,7.800000000000001,21,150,20,3,False
7601,7.800000000000001,21,150,20,6,False
7602,7.800000000000001,21,150,20,9,True
7603,7.800000000000001,21,150,20,12,False
7604,7.800000000000001,21,180,20,3,False
7605,7.800000000000001,21,180,20,6,False
7606,7.800000000000001,21,180,20,9,False
7607,7.800000000000001,21,180,20,12,False
7608,7.800000000000001,21,210,20,3,False
7609,7.800000000000001,21,210,20,6,False
7610,7.800000000000001,21,210,20,9,False
7611,7.800000000000001,21,210,20,12,False
7612,7.800000000000001,21,240,20,3,False
7613,7.800000000000001,21,240,20,6,False
7614,7.800000000000001,21,240,20,9,False
7615,7.800000000000001,21,240,20,12,False
7616,7.800000000000001,21,270,20,3,False
7617,7.800000000000001,21,270,20,6,False
7618,7.800000000000001,21,270,20,9,False
7619,7.800000000000001,21,270,20,12,False
7620,7.800000000000001,21,300,20,3,False
7621,7.800000000000001,21,300,20,6,True
7622,7.800000000000001,21,300,20,9,False
7623,7.800000000000001,21,300,20,12,True
7624,7.800000000000001,21,330,20,3,False
7625,7.800000000000001,21,330,20,6,False
7626,7.800000000000001,21,330,20,9,False
7627,7.800000000000001,21,330,20,12,False
7628,7.800000000000001,21,360,20,3,False
7629,7.800000000000001,21,360,20,6,False
7630,7.800000000000001,21,360,20,9,False
7631,7.800000000000001,21,360,20,12,False
7632,7.800000000000001,28,30,20,3,True
7633,7.800000000000001,28,30,20,6,False
7634,7.800000000000001,28,30,20,9,False
7635,7.800000000000001,28,30,20,12,False
7636,7.800000000000001,28,60,20,3,False
7637,7.800000000000001,28,60,20,6,False
7638,7.800000000000001,28,60,20,9,False
7639,7.800000000000001,28,60,20,12,False
7640,7.800000000000001,28,90,20,3,False
7641,7.800000000000001,28,90,20,6,False
7642,7.800000000000001,28,90,20,9,False
7643,7.800000000000001,28,90,20,12,False
7644,7.800000000000001,28,120,20,3,False
7645,7.800000000000001,28,120,20,6,False
7646,7.800000000000001,28,120,20,9,False
7647,7.800000000000001,28,120,20,12,False
7648,7.800000000000001,28,150,20,3,False
7649,7.800000000000001,28,150,20,6,False
7650,7.800000000000001,28,150,20,9,False
7651,7.800000000000001,28,150,20,12,False
7652,7.800000000000001,28,180,20,3,False
7653,7.800000000000001,28,180,20,6,False
7654,7.800000000000001,28,180,20,9,False
7655,7.800000000000001,28,180,20,12,False
7656,7.800000000000001,28,210,20,3,False
7657,7.800000000000001,28,210,20,6,False
7658,7.800000000000001,28,210,20,9,False
7659,7.800000000000001,28,210,20,12,False
7660,7.800000000000001,28,240,20,3,False
7661,7.800000000000001,28,240,20,6,False
7662,7.800000000000001,28,240,20,9,False
7663,7.800000000000001,28,240,20,12,False
7664,7.800000000000001,28,270,20,3,False
7665,7.800000000000001,28,270,20,6,False
7666,7.800000000000001,28,270,20,9,False
7667,7.800000000000001,28,270,20,12,False
7668,7.800000000000001,28,300,20,3,False
7669,7.800000000000001,28,300,20,6,False
7670,7.800000000000001,28,300,20,9,False
7671,7.800000000000001,28,300,20,12,False
7672,7.800000000000001,28,330,20,3,False
7673,7.800000000000001,28,330,20,6,False
7674,7.800000000000001,28,330,20,9,False
7675,7.800000000000001,28,330,20,12,True
7676,7.800000000000001,28,360,20,3,False
7677,7.800000000000001,28,360,20,6,False
7678,7.800000000000001,28,360,20,9,False
7679,7.800000000000001,28,360,20,12,False
7680,8.0,7,30,20,3,False
7681,8.0,7,30,20,6,False
7682,8.0,7,30,20,9,False
7683,8.0,7,30,20,12,False
7684,8.0,7,60,20,3,False
7685,8.0,7,60,20,6,False
7686,8.0,7,60,20,9,False
7687,8.0,7,60,20,12,False
7688,8.0,7,90,20,3,False
7689,8.0,7,90,20,6,False
7690,8.0,7,90,20,9,False
7691,8.0,7,90,20,12,True
7692,8.0,7,120,20,3,True
7693,8.0,7,120,20,6,False
7694,8.0,7,120,20,9,False
7695,8.0,7,120,20,12,False
7696,8.0,7,150,20,3,False
7697,8.0,7,150,20,6,False
7698,8.0,7,150,20,9,False
7699,8.0,7,150,20,12,False
7700,8.0,7,180,20,3,False
7701,8.0,7,180,20,6,False
7702,8.0,7,180,20,9,False
7703,8.0,7,180,20,12,False
7704,8.0,7,210,20,3,False
7705,8.0,7,210,20,6,False
7706,8.0,7,210,20,9,False
7707,8.0,7,210,20,12,False
7708,8.0,7,240,20,3,False
7709,8.0,7,240,20,6,False
7710,8.0,7,240,20,9,False
7711,8.0,7,240,20,12,False
7712,8.0,7,270,20,3,False
7713,8.0,7,270,20,6,False
7714,8.0,7,270,20,9,False
7715,8.0,7,270,20,12,False
7716,8.0,7,300,20,3,False
7717,8.0,7,300,20,6,False
7718,8.0,7,300,20,9,False
7719,8.0,7,300,20,12,False
7720,8.0,7,330,20,3,False
7721,8.0,7,330,20,6,False
7722,8.0,7,330,20,9,True
7723,8.0,7,330,20,12,False
7724,8.0,7,360,20,3,False
7725,8.0,7,360,20,6,False
7726,8.0,7,360,20,9,False
7727,8.0,7,360,20,12,False
7728,8.0,14,30,20,3,True
7729,8.0,14,30,20,6,False
7730,8.0,14,30,20,9,False
7731,8.0,14,30,20,12,True
7732,8.0,14,60,20,3,False
7733,8.0,14,60,20,6,False
7734,8.0,14,60,20,9,True
7735,8.0,14,60,20,12,False
7736,8.0,14,90,20,3,False
7737,8.0,14,90,20,6,False
7738,8.0,14,90,20,9,False
7739,8.0,14,90,20,12,True
7740,8.0,14,120,20,3,False
7741,8.0,14,120,20,6,False
7742,8.0,14,120,20,9,False
7743,8.0,14,120,20,12,False
7744,8.0,14,150,20,3,False
7745,8.0,14,150,20,6,False
7746,8.0,14,150,20,9,False
7747,8.0,14,150,20,12,False
7748,8.0,14,180,20,3,False
7749,8.0,14,180,20,6,False
7750,8.0,14,180,20,9,False
7751,8.0,14,180,20,12,False
7752,8.0,14,210,20,3,False
7753,8.0,14,210,20,6,False
7754,8.0,14,210,20,9,False
7755,8.0,14,210,20,12,False
7756,8.0,14,240,20,3,False
7757,8.0,14,240,20,6,False
7758,8.0,14,240,20,9,False
7759,8.0,14,240,20,12,False
7760,8.0,14,270,20,3,False
7761,8.0,14,270,20,6,False
7762,8.0,14,270,20,9,True
7763,8.0,14,270,20,12,False
7764,8.0,14,300,20,3,False
7765,8.0,14,300,20,6,False
7766,8.0,14,300,20,9,False
7767,8.0,14,300,20,12,False
7768,8.0,14,330,20,3,False
7769,8.0,14,330,20,6,False
7770,8.0,14,330,20,9,False
7771,8.0,14,330,20,12,False
7772,8.0,14,360,20,3,False
7773,8.0,14,360,20,6,False
7774,8.0,14,360,20,9,False
7775,8.0,14,360,20,12,False
7776,8.0,21,30,20,3,False
7777,8.0,21,30,20,6,False
7778,8.0,21,30,20,9,False
7779,8.0,21,30,20,12,False
7780,8.0,21,60,20,3,False
7781,8.0,21,60,20,6,False
7782,8.0,21,60,20,9,True
7783,8.0,21,60,20,12,False
7784,8.0,21,90,20,3,False
7785,8.0,21,90,20,6,False
7786,8.0,21,90,20,9,False
7787,8.0,21,90,20,12,False
7788,8.0,21,120,20,3,False
7789,8.0,21,120,20,6,False
7790,8.0,21,120,20,9,False
7791,8.0,21,120,20,12,False
7792,8.0,21,150,20,3,False
7793,8.0,21,150,20,6,False
7794,8.0,21,150,20,9,False
7795,8.0,21,150,20,12,False
7796,8.0,21,180,20,3,False
7797,8.0,21,180,20,6,False
7798,8.0,21,180,20,9,False
7799,8.0,21,180,20,12,True
7800,8.0,21,210,20,3,False
7801,8.0,21,210,20,6,False
7802,8.0,21,210,20,9,True
7803,8.0,21,210,20,12,False
7804,8.0,21,240,20,3,False
7805,8.0,21,240,20,6,False
7806,8.0,21,240,20,9,False
7807,8.0,21,240,20,12,True
7808,8.0,21,270,20,3,False
7809,8.0,21,270,20,6,False
7810,8.0,21,270,20,9,False
7811,8.0,21,270,20,12,False
7812,8.0,21,300,20,3,False
7813,8.0,21,300,20,6,False
7814,8.0,21,300,20,9,False
7815,8.0,21,300,20,12,False
7816,8.0,21,330,20,3,False
7817,8.0,21,330,20,6,False
7818,8.0,21,330,20,9,False
7819,8.0,21,330,20,12,False
7820,8.0,21,360,20,3,False
7821,8.0,21,360,20,6,False
7822,8.0,21,360,20,9,False
7823,8.0,21,360,20,12,False
7824,8.0,28,30,20,3,False
7825,8.0,28,30,20,6,True
7826,8.0,28,30,20,9,False
7827,8.0,28,30,20,12,False
7828,8.0,28,60,20,3,False
7829,8.0,28,60,20,6,False
7830,8.0,28,60,20,9,False
7831,8.0,28,60,20,12,True
7832,8.0,28,90,20,3,False
7833,8.0,28,90,20,6,True
7834,8.0,28,90,20,9,False
7835,8.0,28,90,20,12,True
7836,8.0,28,120,20,3,True
7837,8.0,28,120,20,6,False
7838,8.0,28,120,20,9,False
7839,8.0,28,120,20,12,False
7840,8.0,28,150,20,3,False
7841,8.0,28,150,20,6,False
7842,8.0,28,150,20,9,False
7843,8.0,28,150,20,12,False
7844,8.0,28,180,20,3,False
7845,8.0,28,180,20,6,False
7846,8.0,28,180,20,9,False
7847,8.0,28,180,20,12,True
7848,8.0,28,210,20,3,False
7849,8.0,28,210,20,6,False
7850,8.0,28,210,20,9,False
7851,8.0,28,210,20,12,False
7852,8.0,28,240,20,3,False
7853,8.0,28,240,20,6,False
7854,8.0,28,240,20,9,False
7855,8.0,28,240,20,12,False
7856,8.0,28,270,20,3,False
7857,8.0,28,270,20,6,False
7858,8.0,28,270,20,9,False
7859,8.0,28,270,20,12,False
7860,8.0,28,300,20,3,False
7861,8.0,28,300,20,6,False
7862,8.0,28,300,20,9,False
7863,8.0,28,300,20,12,False
7864,8.0,28,330,20,3,False
7865,8.0,28,330,20,6,False
7866,8.0,28,330,20,9,False
7867,8.0,28,330,20,12,False
7868,8.0,28,360,20,3,True
7869,8.0,28,360,20,6,False
7870,8.0,28,360,20,9,False
7871,8.0,28,360,20,12,False
7872,8.200000000000001,7,30,20,3,False
7873,8.200000000000001,7,30,20,6,False
7874,8.200000000000001,7,30,20,9,True
7875,8.200000000000001,7,30,20,12,True
7876,8.200000000000001,7,60,20,3,False
7877,8.200000000000001,7,60,20,6,True
7878,8.200000000000001,7,60,20,9,False
7879,8.200000000000001,7,60,20,12,False
7880,8.200000000000001,7,90,20,3,True
7881,8.200000000000001,7,90,20,6,False
7882,8.200000000000001,7,90,20,9,False
7883,8.200000000000001,7,90,20,12,True
7884,8.200000000000001,7,120,20,3,False
7885,8.200000000000001,7,120,20,6,False
7886,8.200000000000001,7,120,20,9,False
7887,8.200000000000001,7,120,20,12,False
7888,8.200000000000001,7,150,20,3,False
7889,8.200000000000001,7,150,20,6,False
7890,8.200000000000001,7,150,20,9,False
7891,8.200000000000001,7,150,20,12,False
7892,8.200000000000001,7,180,20,3,False
7893,8.200000000000001,7,180,20,6,True
7894,8.200000000000001,7,180,20,9,False
7895,8.200000000000001,7,180,20,12,False
7896,8.200000000000001,7,210,20,3,False
7897,8.200000000000001,7,210,20,6,False
7898,8.200000000000001,7,210,20,9,False
7899,8.200000000000001,7,210,20,12,False
7900,8.200000000000001,7,240,20,3,False
7901,8.200000000000001,7,240,20,6,False
7902,8.200000000000001,7,240,20,9,True
7903,8.200000000000001,7,240,20,12,False
7904,8.200000000000001,7,270,20,3,False
7905,8.200000000000001,7,270,20,6,False
7906,8.200000000000001,7,270,20,9,False
7907,8.200000000000001,7,270,20,12,False
7908,8.200000000000001,7,300,20,3,False
7909,8.200000000000001,7,300,20,6,False
7910,8.200000000000001,7,300,20,9,False
7911,8.200000000000001,7,300,20,12,True
7912,8.200000000000001,7,330,20,3,False
7913,8.200000000000001,7,330,20,6,True
7914,8.200000000000001,7,330,20,9,False
7915,8.200000000000001,7,330,20,12,False
7916,8.200000000000001,7,360,20,3,False
7917,8.200000000000001,7,360,20,6,False
7918,8.200000000000001,7,360,20,9,False
7919,8.200000000000001,7,360,20,12,False
7920,8.200000000000001,14,30,20,3,False
7921,8.200000000000001,14,30,20,6,False
7922,8.200000000000001,14,30,20,9,False
7923,8.200000000000001,14,30,20,12,False
7924,8.200000000000001,14,60,20,3,False
7925,8.200000000000001,14,60,20,6,False
7926,8.200000000000001,14,60,20,9,False
7927,8.200000000000001,14,60,20,12,False
7928,8.200000000000001,14,90,20,3,False
7929,8.200000000000001,14,90,20,6,True
7930,8.200000000000001,14,90,20,9,False
7931,8.200000000000001,14,90,20,12,False
7932,8.200000000000001,14,120,20,3,False
7933,8.200000000000001,14,120,20,6,False
7934,8.200000000000001,14,120,20,9,False
7935,8.200000000000001,14,120,20,12,False
7936,8.200000000000001,14,150,20,3,False
7937,8.200000000000001,14,150,20,6,False
7938,8.200000000000001,14,150,20,9,False
7939,8.200000000000001,14,150,20,12,False
7940,8.200000000000001,14,180,20,3,False
7941,8.200000000000001,14,180,20,6,False
7942,8.200000000000001,14,180,20,9,False
7943,8.200000000000001,14,180,20,12,False
7944,8.200000000000001,14,210,20,3,False
7945,8.200000000000001,14,210,20,6,False
7946,8.200000000000001,14,210,20,9,False
7947,8.200000000000001,14,210,20,12,False
7948,8.200000000000001,14,240,20,3,False
7949,8.200000000000001,14,240,20,6,False
7950,8.200000000000001,14,240,20,9,False
7951,8.200000000000001,14,240,20,12,False
7952,8.200000000000001,14,270,20,3,False
7953,8.200000000000001,14,270,20,6,False
7954,8.200000000000001,14,270,20,9,False
7955,8.200000000000001,14,270,20,12,False
7956,8.200000000000001,14,300,20,3,False
7957,8.200000000000001,14,300,20,6,False
7958,8.200000000000001,14,300,20,9,False
7959,8.200000000000001,14,300,20,12,False
7960,8.200000000000001,14,330,20,3,False
7961,8.200000000000001,14,330,20,6,False
7962,8.200000000000001,14,330,20,9,False
7963,8.200000000000001,14,330,20,12,False
7964,8.200000000000001,14,360,20,3,False
7965,8.200000000000001,14,360,20,6,False
7966,8.200000000000001,14,360,20,9,False
7967,8.200000000000001,14,360,20,12,True
7968,8.200000000000001,21,30,20,3,False
7969,8.200000000000001,21,30,20,6,False
7970,8.200000000000001,21,30,20,9,False
7971,8.200000000000001,21,30,20,12,False
7972,8.200000000000001,21,60,20,3,False
7973,8.200000000000001,21,60,20,6,False
7974,8.200000000000001,21,60,20,9,True
7975,8.200000000000001,21,60,20,12,False
7976,8.200000000000001,21,90,20,3,False
7977,8.200000000000001,21,90,20,6,False
7978,8.200000000000001,21,90,20,9,False
7979,8.200000000000001,21,90,20,12,False
7980,8.200000000000001,21,120,20,3,False
7981,8.200000000000001,21,120,20,6,False
7982,8.200000000000001,21,120,20,9,False
7983,8.200000000000001,21,120,20,12,False
7984,8.200000000000001,21,150,20,3,False
7985,8.200000000000001,21,150,20,6,False
7986,8.200000000000001,21,150,20,9,False
7987,8.200000000000001,21,150,20,12,False
7988,8.200000000000001,21,180,20,3,False
7989,8.200000000000001,21,180,20,6,False
7990,8.200000000000001,21,180,20,9,False
7991,8.200000000000001,21,180,20,12,False
7992,8.200000000000001,21,210,20,3,False
7993,8.200000000000001,21,210,20,6,False
7994,8.200000000000001,21,210,20,9,False
7995,8.200000000000001,21,210,20,12,True
7996,8.200000000000001,21,240,20,3,False
7997,8.200000000000001,21,240,20,6,True
7998,8.200000000000001,21,240,20,9,False
7999,8.200000000000001,21,240,20,12,False
8000,8.200000000000001,21,270,20,3,False
8001,8.200000000000001,21,270,20,6,False
8002,8.200000000000001,21,270,20,9,False
8003,8.200000000000001,21,270,20,12,False
8004,8.200000000000001,21,300,20,3,False
8005,8.200000000000001,21,300,20,6,False
8006,8.200000000000001,21,300,20,9,False
8007,8.200000000000001,21,300,20,12,False
8008,8.200000000000001,21,330,20,3,False
8009,8.200000000000001,21,330,20,6,False
8010,8.200000000000001,21,330,20,9,False
8011,8.200000000000001,21,330,20,12,False
8012,8.200000000000001,21,360,20,3,False
8013,8.200000000000001,21,360,20,6,False
8014,8.200000000000001,21,360,20,9,False
8015,8.200000000000001,21,360,20,12,False
8016,8.200000000000001,28,30,20,3,False
8017,8.200000000000001,28,30,20,6,False
8018,8.200000000000001,28,30,20,9,False
8019,8.200000000000001,28,30,20,12,False
8020,8.200000000000001,28,60,20,3,False
8021,8.200000000000001,28,60,20,6,True
8022,8.200000000000001,28,60,20,9,False
8023,8.200000000000001,28,60,20,12,False
8024,8.200000000000001,28,90,20,3,False
8025,8.200000000000001,28,90,20,6,False
8026,8.200000000000001,28,90,20,9,False
8027,8.200000000000001,28,90,20,12,False
8028,8.200000000000001,28,120,20,3,False
8029,8.200000000000001,28,120,20,6,False
8030,8.200000000000001,28,120,20,9,False
8031,8.200000000000001,28,120,20,12,False
8032,8.200000000000001,28,150,20,3,True
8033,8.200000000000001,28,150,20,6,False
8034,8.200000000000001,28,150,20,9,False
8035,8.200000000000001,28,150,20,12,False
8036,8.200000000000001,28,180,20,3,False
8037,8.200000000000001,28,180,20,6,False
8038,8.200000000000001,28,180,20,9,False
8039,8.200000000000001,28,180,20,12,False
8040,8.200000000000001,28,210,20,3,False
8041,8.200000000000001,28,210,20,6,False
8042,8.200000000000001,28,210,20,9,False
8043,8.200000000000001,28,210,20,12,False
8044,8.200000000000001,28,240,20,3,False
8045,8.200000000000001,28,240,20,6,False
8046,8.200000000000001,28,240,20,9,False
8047,8.200000000000001,28,240,20,12,False
8048,8.200000000000001,28,270,20,3,False
8049,8.200000000000001,28,270,20,6,False
8050,8.200000000000001,28,270,20,9,False
8051,8.200000000000001,28,270,20,12,False
8052,8.200000000000001,28,300,20,3,False
8053,8.200000000000001,28,300,20,6,False
8054,8.200000000000001,28,300,20,9,True
8055,8.200000000000001,28,300,20,12,False
8056,8.200000000000001,28,330,20,3,False
8057,8.200000000000001,28,330,20,6,False
8058,8.200000000000001,28,330,20,9,False
8059,8.200000000000001,28,330,20,12,False
8060,8.200000000000001,28,360,20,3,False
8061,8.200000000000001,28,360,20,6,False
8062,8.200000000000001,28,360,20,9,False
8063,8.200000000000001,28,360,20,12,False
8064,8.4,7,30,20,3,False
8065,8.4,7,30,20,6,False
8066,8.4,7,30,20,9,False
8067,8.4,7,30,20,12,False
8068,8.4,7,60,20,3,False
8069,8.4,7,60,20,6,True
8070,8.4,7,60,20,9,True
8071,8.4,7,60,20,12,False
8072,8.4,7,90,20,3,False
8073,8.4,7,90,20,6,False
8074,8.4,7,90,20,9,False
8075,8.4,7,90,20,12,False
8076,8.4,7,120,20,3,False
8077,8.4,7,120,20,6,False
8078,8.4,7,120,20,9,False
8079,8.4,7,120,20,12,False
8080,8.4,7,150,20,3,False
8081,8.4,7,150,20,6,False
8082,8.4,7,150,20,9,False
8083,8.4,7,150,20,12,False
8084,8.4,7,180,20,3,False
8085,8.4,7,180,20,6,False
8086,8.4,7,180,20,9,False
8087,8.4,7,180,20,12,False
8088,8.4,7,210,20,3,False
8089,8.4,7,210,20,6,False
8090,8.4,7,210,20,9,False
8091,8.4,7,210,20,12,False
8092,8.4,7,240,20,3,False
8093,8.4,7,240,20,6,False
8094,8.4,7,240,20,9,False
8095,8.4,7,240,20,12,False
8096,8.4,7,270,20,3,False
8097,8.4,7,270,20,6,False
8098,8.4,7,270,20,9,False
8099,8.4,7,270,20,12,False
8100,8.4,7,300,20,3,False
8101,8.4,7,300,20,6,False
8102,8.4,7,300,20,9,False
8103,8.4,7,300,20,12,False
8104,8.4,7,330,20,3,False
8105,8.4,7,330,20,6,False
8106,8.4,7,330,20,9,False
8107,8.4,7,330,20,12,False
8108,8.4,7,360,20,3,False
8109,8.4,7,360,20,6,False
8110,8.4,7,360,20,9,False
8111,8.4,7,360,20,12,True
8112,8.4,14,30,20,3,False
8113,8.4,14,30,20,6,False
8114,8.4,14,30,20,9,False
8115,8.4,14,30,20,12,False
8116,8.4,14,60,20,3,False
8117,8.4,14,60,20,6,False
8118,8.4,14,60,20,9,False
8119,8.4,14,60,20,12,False
8120,8.4,14,90,20,3,False
8121,8.4,14,90,20,6,False
8122,8.4,14,90,20,9,False
8123,8.4,14,90,20,12,False
8124,8.4,14,120,20,3,True
8125,8.4,14,120,20,6,False
8126,8.4,14,120,20,9,False
8127,8.4,14,120,20,12,False
8128,8.4,14,150,20,3,False
8129,8.4,14,150,20,6,False
8130,8.4,14,150,20,9,False
8131,8.4,14,150,20,12,False
8132,8.4,14,180,20,3,False
8133,8.4,14,180,20,6,False
8134,8.4,14,180,20,9,False
8135,8.4,14,180,20,12,False
8136,8.4,14,210,20,3,False
8137,8.4,14,210,20,6,False
8138,8.4,14,210,20,9,True
8139,8.4,14,210,20,12,False
8140,8.4,14,240,20,3,False
8141,8.4,14,240,20,6,False
8142,8.4,14,240,20,9,False
8143,8.4,14,240,20,12,False
8144,8.4,14,270,20,3,False
8145,8.4,14,270,20,6,False
8146,8.4,14,270,20,9,True
8147,8.4,14,270,20,12,True
8148,8.4,14,300,20,3,False
8149,8.4,14,300,20,6,False
8150,8.4,14,300,20,9,True
8151,8.4,14,300,20,12,False
8152,8.4,14,330,20,3,False
8153,8.4,14,330,20,6,False
8154,8.4,14,330,20,9,False
8155,8.4,14,330,20,12,False
8156,8.4,14,360,20,3,False
8157,8.4,14,360,20,6,False
8158,8.4,14,360,20,9,False
8159,8.4,14,360,20,12,False
8160,8.4,21,30,20,3,False
8161,8.4,21,30,20,6,False
8162,8.4,21,30,20,9,False
8163,8.4,21,30,20,12,False
8164,8.4,21,60,20,3,False
8165,8.4,21,60,20,6,False
8166,8.4,21,60,20,9,False
8167,8.4,21,60,20,12,False
8168,8.4,21,90,20,3,False
8169,8.4,21,90,20,6,False
8170,8.4,21,90,20,9,False
8171,8.4,21,90,20,12,False
8172,8.4,21,120,20,3,False
8173,8.4,21,120,20,6,False
8174,8.4,21,120,20,9,False
8175,8.4,21,120,20,12,False
8176,8.4,21,150,20,3,False
8177,8.4,21,150,20,6,False
8178,8.4,21,150,20,9,False
8179,8.4,21,150,20,12,False
8180,8.4,21,180,20,3,False
8181,8.4,21,180,20,6,False
8182,8.4,21,180,20,9,False
8183,8.4,21,180,20,12,False
8184,8.4,21,210,20,3,False
8185,8.4,21,210,20,6,False
8186,8.4,21,210,20,9,False
8187,8.4,21,210,20,12,False
8188,8.4,21,240,20,3,False
8189,8.4,21,240,20,6,False
8190,8.4,21,240,20,9,False
8191,8.4,21,240,20,12,False
8192,8.4,21,270,20,3,False
8193,8.4,21,270,20,6,False
8194,8.4,21,270,20,9,False
8195,8.4,21,270,20,12,False
8196,8.4,21,300,20,3,False
8197,8.4,21,300,20,6,False
8198,8.4,21,300,20,9,False
8199,8.4,21,300,20,12,False
8200,8.4,21,330,20,3,False
8201,8.4,21,330,20,6,False
8202,8.4,21,330,20,9,True
8203,8.4,21,330,20,12,False
8204,8.4,21,360,20,3,False
8205,8.4,21,360,20,6,False
8206,8.4,21,360,20,9,False
8207,8.4,21,360,20,12,False
8208,8.4,28,30,20,3,False
8209,8.4,28,30,20,6,False
8210,8.4,28,30,20,9,False
8211,8.4,28,30,20,12,False
8212,8.4,28,60,20,3,False
8213,8.4,28,60,20,6,False
8214,8.4,28,60,20,9,False
8215,8.4,28,60,20,12,False
8216,8.4,28,90,20,3,False
8217,8.4,28,90,20,6,False
8218,8.4,28,90,20,9,False
8219,8.4,28,90,20,12,False
8220,8.4,28,120,20,3,False
8221,8.4,28,120,20,6,False
8222,8.4,28,120,20,9,False
8223,8.4,28,120,20,12,False
8224,8.4,28,150,20,3,False
8225,8.4,28,150,20,6,True
8226,8.4,28,150,20,9,False
8227,8.4,28,150,20,12,False
8228,8.4,28,180,20,3,False
8229,8.4,28,180,20,6,False
8230,8.4,28,180,20,9,False
8231,8.4,28,180,20,12,False
8232,8.4,28,210,20,3,False
8233,8.4,28,210,20,6,False
8234,8.4,28,210,20,9,False
8235,8.4,28,210,20,12,True
8236,8.4,28,240,20,3,False
8237,8.4,28,240,20,6,False
8238,8.4,28,240,20,9,False
8239,8.4,28,240,20,12,False
8240,8.4,28,270,20,3,False
8241,8.4,28,270,20,6,False
8242,8.4,28,270,20,9,False
8243,8.4,28,270,20,12,False
8244,8.4,28,300,20,3,False
8245,8.4,28,300,20,6,False
8246,8.4,28,300,20,9,False
8247,8.4,28,300,20,12,False
8248,8.4,28,330,20,3,True
8249,8.4,28,330,20,6,False
8250,8.4,28,330,20,9,False
8251,8.4,28,330,20,12,False
8252,8.4,28,360,20,3,False
8253,8.4,28,360,20,6,False
8254,8.4,28,360,20,9,False
8255,8.4,28,360,20,12,False
8256,8.6,7,30,20,3,False
8257,8.6,7,30,20,6,False
8258,8.6,7,30,20,9,False
8259,8.6,7,30,20,12,False
8260,8.6,7,60,20,3,False
8261,8.6,7,60,20,6,False
8262,8.6,7,60,20,9,False
8263,8.6,7,60,20,12,False
8264,8.6,7,90,20,3,False
8265,8.6,7,90,20,6,False
8266,8.6,7,90,20,9,False
8267,8.6,7,90,20,12,False
8268,8.6,7,120,20,3,False
8269,8.6,7,120,20,6,False
8270,8.6,7,120,20,9,False
8271,8.6,7,120,20,12,False
8272,8.6,7,150,20,3,False
8273,8.6,7,150,20,6,False
8274,8.6,7,150,20,9,False
8275,8.6,7,150,20,12,True
8276,8.6,7,180,20,3,False
8277,8.6,7,180,20,6,False
8278,8.6,7,180,20,9,True
8279,8.6,7,180,20,12,False
8280,8.6,7,210,20,3,False
8281,8.6,7,210,20,6,False
8282,8.6,7,210,20,9,False
8283,8.6,7,210,20,12,False
8284,8.6,7,240,20,3,False
8285,8.6,7,240,20,6,True
8286,8.6,7,240,20,9,False
8287,8.6,7,240,20,12,False
8288,8.6,7,270,20,3,False
8289,8.6,7,270,20,6,False
8290,8.6,7,270,20,9,True
8291,8.6,7,270,20,12,True
8292,8.6,7,300,20,3,True
8293,8.6,7,300,20,6,True
8294,8.6,7,300,20,9,False
8295,8.6,7,300,20,12,True
8296,8.6,7,330,20,3,False
8297,8.6,7,330,20,6,False
8298,8.6,7,330,20,9,False
8299,8.6,7,330,20,12,True
8300,8.6,7,360,20,3,False
8301,8.6,7,360,20,6,False
8302,8.6,7,360,20,9,False
8303,8.6,7,360,20,12,False
8304,8.6,14,30,20,3,False
8305,8.6,14,30,20,6,False
8306,8.6,14,30,20,9,False
8307,8.6,14,30,20,12,False
8308,8.6,14,60,20,3,False
8309,8.6,14,60,20,6,False
8310,8.6,14,60,20,9,False
8311,8.6,14,60,20,12,False
8312,8.6,14,90,20,3,False
8313,8.6,14,90,20,6,False
8314,8.6,14,90,20,9,False
8315,8.6,14,90,20,12,False
8316,8.6,14,120,20,3,False
8317,8.6,14,120,20,6,False
8318,8.6,14,120,20,9,False
8319,8.6,14,120,20,12,False
8320,8.6,14,150,20,3,False
8321,8.6,14,150,20,6,True
8322,8.6,14,150,20,9,False
8323,8.6,14,150,20,12,False
8324,8.6,14,180,20,3,False
8325,8.6,14,180,20,6,True
8326,8.6,14,180,20,9,False
8327,8.6,14,180,20,12,False
8328,8.6,14,210,20,3,False
8329,8.6,14,210,20,6,False
8330,8.6,14,210,20,9,False
8331,8.6,14,210,20,12,False
8332,8.6,14,240,20,3,False
8333,8.6,14,240,20,6,False
8334,8.6,14,240,20,9,False
8335,8.6,14,240,20,12,False
8336,8.6,14,270,20,3,False
8337,8.6,14,270,20,6,False
8338,8.6,14,270,20,9,False
8339,8.6,14,270,20,12,False
8340,8.6,14,300,20,3,False
8341,8.6,14,300,20,6,False
8342,8.6,14,300,20,9,False
8343,8.6,14,300,20,12,True
8344,8.6,14,330,20,3,False
8345,8.6,14,330,20,6,False
8346,8.6,14,330,20,9,False
8347,8.6,14,330,20,12,False
8348,8.6,14,360,20,3,False
8349,8.6,14,360,20,6,False
8350,8.6,14,360,20,9,True
8351,8.6,14,360,20,12,False
8352,8.6,21,30,20,3,False
8353,8.6,21,30,20,6,False
8354,8.6,21,30,20,9,False
8355,8.6,21,30,20,12,False
8356,8.6,21,60,20,3,False
8357,8.6,21,60,20,6,False
8358,8.6,21,60,20,9,False
8359,8.6,21,60,20,12,False
8360,8.6,21,90,20,3,False
8361,8.6,21,90,20,6,False
8362,8.6,21,90,20,9,False
8363,8.6,21,90,20,12,False
8364,8.6,21,120,20,3,False
8365,8.6,21,120,20,6,False
8366,8.6,21,120,20,9,True
8367,8.6,21,120,20,12,False
8368,8.6,21,150,20,3,False
8369,8.6,21,150,20,6,False
8370,8.6,21,150,20,9,False
8371,8.6,21,150,20,12,False
8372,8.6,21,180,20,3,False
8373,8.6,21,180,20,6,False
8374,8.6,21,180,20,9,False
8375,8.6,21,180,20,12,False
8376,8.6,21,210,20,3,False
8377,8.6,21,210,20,6,False
8378,8.6,21,210,20,9,False
8379,8.6,21,210,20,12,False
8380,8.6,21,240,20,3,False
8381,8.6,21,240,20,6,False
8382,8.6,21,240,20,9,False
8383,8.6,21,240,20,12,False
8384,8.6,21,270,20,3,False
8385,8.6,21,270,20,6,False
8386,8.6,21,270,20,9,False
8387,8.6,21,270,20,12,False
8388,8.6,21,300,20,3,False
8389,8.6,21,300,20,6,False
8390,8.6,21,300,20,9,True
8391,8.6,21,300,20,12,False
8392,8.6,21,330,20,3,False
8393,8.6,21,330,20,6,False
8394,8.6,21,330,20,9,False
8395,8.6,21,330,20,12,False
8396,8.6,21,360,20,3,False
8397,8.6,21,360,20,6,True
8398,8.6,21,360,20,9,False
8399,8.6,21,360,20,12,False
8400,8.6,28,30,20,3,True
8401,8.6,28,30,20,6,False
8402,8.6,28,30,20,9,False
8403,8.6,28,30,20,12,False
8404,8.6,28,60,20,3,False
8405,8.6,28,60,20,6,False
8406,8.6,28,60,20,9,False
8407,8.6,28,60,20,12,False
8408,8.6,28,90,20,3,False
8409,8.6,28,90,20,6,False
8410,8.6,28,90,20,9,False
8411,8.6,28,90,20,12,False
8412,8.6,28,120,20,3,False
8413,8.6,28,120,20,6,False
8414,8.6,28,120,20,9,False
8415,8.6,28,120,20,12,False
8416,8.6,28,150,20,3,False
8417,8.6,28,150,20,6,False
8418,8.6,28,150,20,9,True
8419,8.6,28,150,20,12,False
8420,8.6,28,180,20,3,False
8421,8.6,28,180,20,6,False
8422,8.6,28,180,20,9,False
8423,8.6,28,180,20,12,False
8424,8.6,28,210,20,3,False
8425,8.6,28,210,20,6,False
8426,8.6,28,210,20,9,False
8427,8.6,28,210,20,12,False
8428,8.6,28,240,20,3,True
8429,8.6,28,240,20,6,False
8430,8.6,28,240,20,9,False
8431,8.6,28,240,20,12,False
8432,8.6,28,270,20,3,False
8433,8.6,28,270,20,6,False
8434,8.6,28,270,20,9,False
8435,8.6,28,270,20,12,False
8436,8.6,28,300,20,3,False
8437,8.6,28,300,20,6,False
8438,8.6,28,300,20,9,False
8439,8.6,28,300,20,12,False
8440,8.6,28,330,20,3,False
8441,8.6,28,330,20,6,False
8442,8.6,28,330,20,9,False
8443,8.6,28,330,20,12,True
8444,8.6,28,360,20,3,False
8445,8.6,28,360,20,6,False
8446,8.6,28,360,20,9,False
8447,8.6,28,360,20,12,False
8448,8.8,7,30,20,3,False
8449,8.8,7,30,20,6,False
8450,8.8,7,30,20,9,False
8451,8.8,7,30,20,12,False
8452,8.8,7,60,20,3,False
8453,8.8,7,60,20,6,False
8454,8.8,7,60,20,9,False
8455,8.8,7,60,20,12,False
8456,8.8,7,90,20,3,False
8457,8.8,7,90,20,6,False
8458,8.8,7,90,20,9,False
8459,8.8,7,90,20,12,False
8460,8.8,7,120,20,3,False
8461,8.8,7,120,20,6,False
8462,8.8,7,120,20,9,False
8463,8.8,7,120,20,12,False
8464,8.8,7,150,20,3,True
8465,8.8,7,150,20,6,False
8466,8.8,7,150,20,9,False
8467,8.8,7,150,20,12,False
8468,8.8,7,180,20,3,False
8469,8.8,7,180,20,6,True
8470,8.8,7,180,20,9,False
8471,8.8,7,180,20,12,False
8472,8.8,7,210,20,3,False
8473,8.8,7,210,20,6,True
8474,8.8,7,210,20,9,False
8475,8.8,7,210,20,12,False
8476,8.8,7,240,20,3,False
8477,8.8,7,240,20,6,False
8478,8.8,7,240,20,9,False
8479,8.8,7,240,20,12,False
8480,8.8,7,270,20,3,False
8481,8.8,7,270,20,6,False
8482,8.8,7,270,20,9,False
8483,8.8,7,270,20,12,False
8484,8.8,7,300,20,3,False
8485,8.8,7,300,20,6,False
8486,8.8,7,300,20,9,False
8487,8.8,7,300,20,12,False
8488,8.8,7,330,20,3,False
8489,8.8,7,330,20,6,False
8490,8.8,7,330,20,9,False
8491,8.8,7,330,20,12,False
8492,8.8,7,360,20,3,False
8493,8.8,7,360,20,6,False
8494,8.8,7,360,20,9,False
8495,8.8,7,360,20,12,False
8496,8.8,14,30,20,3,False
8497,8.8,14,30,20,6,False
8498,8.8,14,30,20,9,False
8499,8.8,14,30,20,12,False
8500,8.8,14,60,20,3,False
8501,8.8,14,60,20,6,True
8502,8.8,14,60,20,9,False
8503,8.8,14,60,20,12,False
8504,8.8,14,90,20,3,False
8505,8.8,14,90,20,6,False
8506,8.8,14,90,20,9,False
8507,8.8,14,90,20,12,False
8508,8.8,14,120,20,3,False
8509,8.8,14,120,20,6,False
8510,8.8,14,120,20,9,False
8511,8.8,14,120,20,12,False
8512,8.8,14,150,20,3,False
8513,8.8,14,150,20,6,False
8514,8.8,14,150,20,9,False
8515,8.8,14,150,20,12,False
8516,8.8,14,180,20,3,False
8517,8.8,14,180,20,6,True
8518,8.8,14,180,20,9,False
8519,8.8,14,180,20,12,False
8520,8.8,14,210,20,3,True
8521,8.8,14,210,20,6,False
8522,8.8,14,210,20,9,False
8523,8.8,14,210,20,12,False
8524,8.8,14,240,20,3,False
8525,8.8,14,240,20,6,False
8526,8.8,14,240,20,9,False
8527,8.8,14,240,20,12,False
8528,8.8,14,270,20,3,False
8529,8.8,14,270,20,6,False
8530,8.8,14,270,20,9,False
8531,8.8,14,270,20,12,False
8532,8.8,14,300,20,3,False
8533,8.8,14,300,20,6,False
8534,8.8,14,300,20,9,True
8535,8.8,14,300,20,12,False
8536,8.8,14,330,20,3,True
8537,8.8,14,330,20,6,False
8538,8.8,14,330,20,9,False
8539,8.8,14,330,20,12,False
8540,8.8,14,360,20,3,False
8541,8.8,14,360,20,6,False
8542,8.8,14,360,20,9,False
8543,8.8,14,360,20,12,False
8544,8.8,21,30,20,3,True
8545,8.8,21,30,20,6,False
8546,8.8,21,30,20,9,False
8547,8.8,21,30,20,12,False
8548,8.8,21,60,20,3,False
8549,8.8,21,60,20,6,False
8550,8.8,21,60,20,9,False
8551,8.8,21,60,20,12,False
8552,8.8,21,90,20,3,False
8553,8.8,21,90,20,6,False
8554,8.8,21,90,20,9,False
8555,8.8,21,90,20,12,False
8556,8.8,21,120,20,3,False
8557,8.8,21,120,20,6,False
8558,8.8,21,120,20,9,False
8559,8.8,21,120,20,12,False
8560,8.8,21,150,20,3,False
8561,8.8,21,150,20,6,False
8562,8.8,21,150,20,9,False
8563,8.8,21,150,20,12,False
8564,8.8,21,180,20,3,False
8565,8.8,21,180,20,6,False
8566,8.8,21,180,20,9,False
8567,8.8,21,180,20,12,False
8568,8.8,21,210,20,3,False
8569,8.8,21,210,20,6,False
8570,8.8,21,210,20,9,False
8571,8.8,21,210,20,12,False
8572,8.8,21,240,20,3,True
8573,8.8,21,240,20,6,False
8574,8.8,21,240,20,9,False
8575,8.8,21,240,20,12,True
8576,8.8,21,270,20,3,False
8577,8.8,21,270,20,6,False
8578,8.8,21,270,20,9,False
8579,8.8,21,270,20,12,False
8580,8.8,21,300,20,3,False
8581,8.8,21,300,20,6,False
8582,8.8,21,300,20,9,False
8583,8.8,21,300,20,12,False
8584,8.8,21,330,20,3,False
8585,8.8,21,330,20,6,False
8586,8.8,21,330,20,9,False
8587,8.8,21,330,20,12,False
8588,8.8,21,360,20,3,False
8589,8.8,21,360,20,6,False
8590,8.8,21,360,20,9,False
8591,8.8,21,360,20,12,False
8592,8.8,28,30,20,3,False
8593,8.8,28,30,20,6,False
8594,8.8,28,30,20,9,False
8595,8.8,28,30,20,12,False
8596,8.8,28,60,20,3,False
8597,8.8,28,60,20,6,True
8598,8.8,28,60,20,9,False
8599,8.8,28,60,20,12,False
8600,8.8,28,90,20,3,False
8601,8.8,28,90,20,6,False
8602,8.8,28,90,20,9,False
8603,8.8,28,90,20,12,False
8604,8.8,28,120,20,3,False
8605,8.8,28,120,20,6,False
8606,8.8,28,120,20,9,False
8607,8.8,28,120,20,12,False
8608,8.8,28,150,20,3,False
8609,8.8,28,150,20,6,False
8610,8.8,28,150,20,9,False
8611,8.8,28,150,20,12,False
8612,8.8,28,180,20,3,False
8613,8.8,28,180,20,6,False
8614,8.8,28,180,20,9,False
8615,8.8,28,180,20,12,False
8616,8.8,28,210,20,3,False
8617,8.8,28,210,20,6,False
8618,8.8,28,210,20,9,False
8619,8.8,28,210,20,12,False
8620,8.8,28,240,20,3,False
8621,8.8,28,240,20,6,False
8622,8.8,28,240,20,9,False
8623,8.8,28,240,20,12,False
8624,8.8,28,270,20,3,False
8625,8.8,28,270,20,6,False
8626,8.8,28,270,20,9,False
8627,8.8,28,270,20,12,False
8628,8.8,28,300,20,3,False
8629,8.8,28,300,20,6,False
8630,8.8,28,300,20,9,False
8631,8.8,28,300,20,12,False
8632,8.8,28,330,20,3,False
8633,8.8,28,330,20,6,False
8634,8.8,28,330,20,9,False
8635,8.8,28,330,20,12,False
8636,8.8,28,360,20,3,False
8637,8.8,28,360,20,6,False
8638,8.8,28,360,20,9,False
8639,8.8,28,360,20,12,False
8640,9.0,7,30,20,3,True
8641,9.0,7,30,20,6,False
8642,9.0,7,30,20,9,False
8643,9.0,7,30,20,12,False
8644,9.0,7,60,20,3,False
8645,9.0,7,60,20,6,False
8646,9.0,7,60,20,9,False
8647,9.0,7,60,20,12,False
8648,9.0,7,90,20,3,False
8649,9.0,7,90,20,6,False
8650,9.0,7,90,20,9,False
8651,9.0,7,90,20,12,False
8652,9.0,7,120,20,3,False
8653,9.0,7,120,20,6,False
8654,9.0,7,120,20,9,True
8655,9.0,7,120,20,12,False
8656,9.0,7,150,20,3,False
8657,9.0,7,150,20,6,False
8658,9.0,7,150,20,9,False
8659,9.0,7,150,20,12,False
8660,9.0,7,180,20,3,False
8661,9.0,7,180,20,6,False
8662,9.0,7,180,20,9,False
8663,9.0,7,180,20,12,False
8664,9.0,7,210,20,3,True
8665,9.0,7,210,20,6,False
8666,9.0,7,210,20,9,False
8667,9.0,7,210,20,12,False
8668,9.0,7,240,20,3,False
8669,9.0,7,240,20,6,False
8670,9.0,7,240,20,9,True
8671,9.0,7,240,20,12,False
8672,9.0,7,270,20,3,False
8673,9.0,7,270,20,6,False
8674,9.0,7,270,20,9,False
8675,9.0,7,270,20,12,False
8676,9.0,7,300,20,3,False
8677,9.0,7,300,20,6,False
8678,9.0,7,300,20,9,False
8679,9.0,7,300,20,12,False
8680,9.0,7,330,20,3,False
8681,9.0,7,330,20,6,False
8682,9.0,7,330,20,9,True
8683,9.0,7,330,20,12,False
8684,9.0,7,360,20,3,False
8685,9.0,7,360,20,6,False
8686,9.0,7,360,20,9,False
8687,9.0,7,360,20,12,True
8688,9.0,14,30,20,3,False
8689,9.0,14,30,20,6,False
8690,9.0,14,30,20,9,False
8691,9.0,14,30,20,12,True
8692,9.0,14,60,20,3,False
8693,9.0,14,60,20,6,False
8694,9.0,14,60,20,9,False
8695,9.0,14,60,20,12,False
8696,9.0,14,90,20,3,False
8697,9.0,14,90,20,6,False
8698,9.0,14,90,20,9,False
8699,9.0,14,90,20,12,False
8700,9.0,14,120,20,3,False
8701,9.0,14,120,20,6,False
8702,9.0,14,120,20,9,False
8703,9.0,14,120,20,12,False
8704,9.0,14,150,20,3,False
8705,9.0,14,150,20,6,True
8706,9.0,14,150,20,9,False
8707,9.0,14,150,20,12,False
8708,9.0,14,180,20,3,False
8709,9.0,14,180,20,6,False
8710,9.0,14,180,20,9,False
8711,9.0,14,180,20,12,False
8712,9.0,14,210,20,3,False
8713,9.0,14,210,20,6,False
8714,9.0,14,210,20,9,False
8715,9.0,14,210,20,12,False
8716,9.0,14,240,20,3,False
8717,9.0,14,240,20,6,False
8718,9.0,14,240,20,9,False
8719,9.0,14,240,20,12,False
8720,9.0,14,270,20,3,False
8721,9.0,14,270,20,6,False
8722,9.0,14,270,20,9,True
8723,9.0,14,270,20,12,False
8724,9.0,14,300,20,3,False
8725,9.0,14,300,20,6,False
8726,9.0,14,300,20,9,False
8727,9.0,14,300,20,12,False
8728,9.0,14,330,20,3,True
8729,9.0,14,330,20,6,False
8730,9.0,14,330,20,9,True
8731,9.0,14,330,20,12,False
8732,9.0,14,360,20,3,False
8733,9.0,14,360,20,6,False
8734,9.0,14,360,20,9,False
8735,9.0,14,360,20,12,False
8736,9.0,21,30,20,3,False
8737,9.0,21,30,20,6,False
8738,9.0,21,30,20,9,False
8739,9.0,21,30,20,12,False
8740,9.0,21,60,20,3,True
8741,9.0,21,60,20,6,False
8742,9.0,21,60,20,9,False
8743,9.0,21,60,20,12,False
8744,9.0,21,90,20,3,False
8745,9.0,21,90,20,6,False
8746,9.0,21,90,20,9,False
8747,9.0,21,90,20,12,False
8748,9.0,21,120,20,3,False
8749,9.0,21,120,20,6,False
8750,9.0,21,120,20,9,False
8751,9.0,21,120,20,12,False
8752,9.0,21,150,20,3,False
8753,9.0,21,150,20,6,False
8754,9.0,21,150,20,9,False
8755,9.0,21,150,20,12,False
8756,9.0,21,180,20,3,False
8757,9.0,21,180,20,6,False
8758,9.0,21,180,20,9,False
8759,9.0,21,180,20,12,False
8760,9.0,21,210,20,3,False
8761,9.0,21,210,20,6,False
8762,9.0,21,210,20,9,False
8763,9.0,21,210,20,12,False
8764,9.0,21,240,20,3,False
8765,9.0,21,240,20,6,False
8766,9.0,21,240,20,9,False
8767,9.0,21,240,20,12,False
8768,9.0,21,270,20,3,False
8769,9.0,21,270,20,6,False
8770,9.0,21,270,20,9,False
8771,9.0,21,270,20,12,False
8772,9.0,21,300,20,3,False
8773,9.0,21,300,20,6,False
8774,9.0,21,300,20,9,False
8775,9.0,21,300,20,12,False
8776,9.0,21,330,20,3,False
8777,9.0,21,330,20,6,False
8778,9.0,21,330,20,9,False
8779,9.0,21,330,20,12,False
8780,9.0,21,360,20,3,False
8781,9.0,21,360,20,6,False
8782,9.0,21,360,20,9,False
8783,9.0,21,360,20,12,False
8784,9.0,28,30,20,3,False
8785,9.0,28,30,20,6,False
8786,9.0,28,30,20,9,False
8787,9.0,28,30,20,12,False
8788,9.0,28,60,20,3,False
8789,9.0,28,60,20,6,False
8790,9.0,28,60,20,9,False
8791,9.0,28,60,20,12,False
8792,9.0,28,90,20,3,False
8793,9.0,28,90,20,6,True
8794,9.0,28,90,20,9,False
8795,9.0,28,90,20,12,False
8796,9.0,28,120,20,3,True
8797,9.0,28,120,20,6,True
8798,9.0,28,120,20,9,False
8799,9.0,28,120,20,12,False
8800,9.0,28,150,20,3,False
8801,9.0,28,150,20,6,False
8802,9.0,28,150,20,9,False
8803,9.0,28,150,20,12,False
8804,9.0,28,180,20,3,False
8805,9.0,28,180,20,6,False
8806,9.0,28,180,20,9,False
8807,9.0,28,180,20,12,False
8808,9.0,28,210,20,3,True
8809,9.0,28,210,20,6,False
8810,9.0,28,210,20,9,False
8811,9.0,28,210,20,12,False
8812,9.0,28,240,20,3,False
8813,9.0,28,240,20,6,False
8814,9.0,28,240,20,9,True
8815,9.0,28,240,20,12,False
8816,9.0,28,270,20,3,False
8817,9.0,28,270,20,6,False
8818,9.0,28,270,20,9,False
8819,9.0,28,270,20,12,False
8820,9.0,28,300,20,3,False
8821,9.0,28,300,20,6,False
8822,9.0,28,300,20,9,False
8823,9.0,28,300,20,12,False
8824,9.0,28,330,20,3,False
8825,9.0,28,330,20,6,False
8826,9.0,28,330,20,9,False
8827,9.0,28,330,20,12,False
8828,9.0,28,360,20,3,False
8829,9.0,28,360,20,6,False
8830,9.0,28,360,20,9,False
8831,9.0,28,360,20,12,False
8832,9.200000000000001,7,30,20,3,False
8833,9.200000000000001,7,30,20,6,False
8834,9.200000000000001,7,30,20,9,False
8835,9.200000000000001,7,30,20,12,False
8836,9.200000000000001,7,60,20,3,False
8837,9.200000000000001,7,60,20,6,False
8838,9.200000000000001,7,60,20,9,False
8839,9.200000000000001,7,60,20,12,False
8840,9.200000000000001,7,90,20,3,False
8841,9.200000000000001,7,90,20,6,False
8842,9.200000000000001,7,90,20,9,False
8843,9.200000000000001,7,90,20,12,True
8844,9.200000000000001,7,120,20,3,False
8845,9.200000000000001,7,120,20,6,False
8846,9.200000000000001,7,120,20,9,False
8847,9.200000000000001,7,120,20,12,False
8848,9.200000000000001,7,150,20,3,False
8849,9.200000000000001,7,150,20,6,False
8850,9.200000000000001,7,150,20,9,True
8851,9.200000000000001,7,150,20,12,False
8852,9.200000000000001,7,180,20,3,False
8853,9.200000000000001,7,180,20,6,True
8854,9.200000000000001,7,180,20,9,False
8855,9.200000000000001,7,180,20,12,False
8856,9.200000000000001,7,210,20,3,False
8857,9.200000000000001,7,210,20,6,False
8858,9.200000000000001,7,210,20,9,False
8859,9.200000000000001,7,210,20,12,True
8860,9.200000000000001,7,240,20,3,False
8861,9.200000000000001,7,240,20,6,True
8862,9.200000000000001,7,240,20,9,False
8863,9.200000000000001,7,240,20,12,False
8864,9.200000000000001,7,270,20,3,False
8865,9.200000000000001,7,270,20,6,False
8866,9.200000000000001,7,270,20,9,False
8867,9.200000000000001,7,270,20,12,False
8868,9.200000000000001,7,300,20,3,False
8869,9.200000000000001,7,300,20,6,False
8870,9.200000000000001,7,300,20,9,False
8871,9.200000000000001,7,300,20,12,False
8872,9.200000000000001,7,330,20,3,False
8873,9.200000000000001,7,330,20,6,False
8874,9.200000000000001,7,330,20,9,False
8875,9.200000000000001,7,330,20,12,False
8876,9.200000000000001,7,360,20,3,False
8877,9.200000000000001,7,360,20,6,False
8878,9.200000000000001,7,360,20,9,False
8879,9.200000000000001,7,360,20,12,False
8880,9.200000000000001,14,30,20,3,False
8881,9.200000000000001,14,30,20,6,False
8882,9.200000000000001,14,30,20,9,False
8883,9.200000000000001,14,30,20,12,False
8884,9.200000000000001,14,60,20,3,False
8885,9.200000000000001,14,60,20,6,False
8886,9.200000000000001,14,60,20,9,False
8887,9.200000000000001,14,60,20,12,False
8888,9.200000000000001,14,90,20,3,False
8889,9.200000000000001,14,90,20,6,False
8890,9.200000000000001,14,90,20,9,False
8891,9.200000000000001,14,90,20,12,False
8892,9.200000000000001,14,120,20,3,False
8893,9.200000000000001,14,120,20,6,True
8894,9.200000000000001,14,120,20,9,False
8895,9.200000000000001,14,120,20,12,False
8896,9.200000000000001,14,150,20,3,True
8897,9.200000000000001,14,150,20,6,False
8898,9.200000000000001,14,150,20,9,True
8899,9.200000000000001,14,150,20,12,False
8900,9.200000000000001,14,180,20,3,False
8901,9.200000000000001,14,180,20,6,False
8902,9.200000000000001,14,180,20,9,False
8903,9.200000000000001,14,180,20,12,True
8904,9.200000000000001,14,210,20,3,False
8905,9.200000000000001,14,210,20,6,True
8906,9.200000000000001,14,210,20,9,False
8907,9.200000000000001,14,210,20,12,False
8908,9.200000000000001,14,240,20,3,False
8909,9.200000000000001,14,240,20,6,False
8910,9.200000000000001,14,240,20,9,False
8911,9.200000000000001,14,240,20,12,False
8912,9.200000000000001,14,270,20,3,False
8913,9.200000000000001,14,270,20,6,False
8914,9.200000000000001,14,270,20,9,False
8915,9.200000000000001,14,270,20,12,True
8916,9.200000000000001,14,300,20,3,True
8917,9.200000000000001,14,300,20,6,False
8918,9.200000000000001,14,300,20,9,False
8919,9.200000000000001,14,300,20,12,False
8920,9.200000000000001,14,330,20,3,False
8921,9.200000000000001,14,330,20,6,False
8922,9.200000000000001,14,330,20,9,False
8923,9.200000000000001,14,330,20,12,False
8924,9.200000000000001,14,360,20,3,False
8925,9.200000000000001,14,360,20,6,True
8926,9.200000000000001,14,360,20,9,False
8927,9.200000000000001,14,360,20,12,False
8928,9.200000000000001,21,30,20,3,False
8929,9.200000000000001,21,30,20,6,False
8930,9.200000000000001,21,30,20,9,False
8931,9.200000000000001,21,30,20,12,False
8932,9.200000000000001,21,60,20,3,False
8933,9.200000000000001,21,60,20,6,False
8934,9.200000000000001,21,60,20,9,False
8935,9.200000000000001,21,60,20,12,False
8936,9.200000000000001,21,90,20,3,False
8937,9.200000000000001,21,90,20,6,False
8938,9.200000000000001,21,90,20,9,True
8939,9.200000000000001,21,90,20,12,False
8940,9.200000000000001,21,120,20,3,False
8941,9.200000000000001,21,120,20,6,False
8942,9.200000000000001,21,120,20,9,False
8943,9.200000000000001,21,120,20,12,False
8944,9.200000000000001,21,150,20,3,False
8945,9.200000000000001,21,150,20,6,False
8946,9.200000000000001,21,150,20,9,True
8947,9.200000000000001,21,150,20,12,False
8948,9.200000000000001,21,180,20,3,False
8949,9.200000000000001,21,180,20,6,False
8950,9.200000000000001,21,180,20,9,False
8951,9.200000000000001,21,180,20,12,False
8952,9.200000000000001,21,210,20,3,False
8953,9.200000000000001,21,210,20,6,False
8954,9.200000000000001,21,210,20,9,False
8955,9.200000000000001,21,210,20,12,False
8956,9.200000000000001,21,240,20,3,False
8957,9.200000000000001,21,240,20,6,False
8958,9.200000000000001,21,240,20,9,False
8959,9.200000000000001,21,240,20,12,False
8960,9.200000000000001,21,270,20,3,True
8961,9.200000000000001,21,270,20,6,False
8962,9.200000000000001,21,270,20,9,False
8963,9.200000000000001,21,270,20,12,False
8964,9.200000000000001,21,300,20,3,False
8965,9.200000000000001,21,300,20,6,False
8966,9.200000000000001,21,300,20,9,False
8967,9.200000000000001,21,300,20,12,False
8968,9.200000000000001,21,330,20,3,False
8969,9.200000000000001,21,330,20,6,False
8970,9.200000000000001,21,330,20,9,False
8971,9.200000000000001,21,330,20,12,False
8972,9.200000000000001,21,360,20,3,False
8973,9.200000000000001,21,360,20,6,False
8974,9.200000000000001,21,360,20,9,False
8975,9.200000000000001,21,360,20,12,False
8976,9.200000000000001,28,30,20,3,True
8977,9.200000000000001,28,30,20,6,True
8978,9.200000000000001,28,30,20,9,False
8979,9.200000000000001,28,30,20,12,False
8980,9.200000000000001,28,60,20,3,False
8981,9.200000000000001,28,60,20,6,False
8982,9.200000000000001,28,60,20,9,False
8983,9.200000000000001,28,60,20,12,False
8984,9.200000000000001,28,90,20,3,False
8985,9.200000000000001,28,90,20,6,False
8986,9.200000000000001,28,90,20,9,False
8987,9.200000000000001,28,90,20,12,False
8988,9.200000000000001,28,120,20,3,False
8989,9.200000000000001,28,120,20,6,True
8990,9.200000000000001,28,120,20,9,False
8991,9.200000000000001,28,120,20,12,False
8992,9.200000000000001,28,150,20,3,False
8993,9.200000000000001,28,150,20,6,False
8994,9.200000000000001,28,150,20,9,False
8995,9.200000000000001,28,150,20,12,False
8996,9.200000000000001,28,180,20,3,False
8997,9.200000000000001,28,180,20,6,False
8998,9.200000000000001,28,180,20,9,False
8999,9.200000000000001,28,180,20,12,False
9000,9.200000000000001,28,210,20,3,False
9001,9.200000000000001,28,210,20,6,False
9002,9.200000000000001,28,210,20,9,False
9003,9.200000000000001,28,210,20,12,False
9004,9.200000000000001,28,240,20,3,False
9005,9.200000000000001,28,240,20,6,False
9006,9.200000000000001,28,240,20,9,False
9007,9.200000000000001,28,240,20,12,False
9008,9.200000000000001,28,270,20,3,False
9009,9.200000000000001,28,270,20,6,False
9010,9.200000000000001,28,270,20,9,True
9011,9.200000000000001,28,270,20,12,False
9012,9.200000000000001,28,300,20,3,False
9013,9.200000000000001,28,300,20,6,False
9014,9.200000000000001,28,300,20,9,False
9015,9.200000000000001,28,300,20,12,True
9016,9.200000000000001,28,330,20,3,False
9017,9.200000000000001,28,330,20,6,False
9018,9.200000000000001,28,330,20,9,False
9019,9.200000000000001,28,330,20,12,False
9020,9.200000000000001,28,360,20,3,False
9021,9.200000000000001,28,360,20,6,False
9022,9.200000000000001,28,360,20,9,False
9023,9.200000000000001,28,360,20,12,False
9024,9.4,7,30,20,3,False
9025,9.4,7,30,20,6,True
9026,9.4,7,30,20,9,False
9027,9.4,7,30,20,12,True
9028,9.4,7,60,20,3,False
9029,9.4,7,60,20,6,True
9030,9.4,7,60,20,9,False
9031,9.4,7,60,20,12,False
9032,9.4,7,90,20,3,False
9033,9.4,7,90,20,6,True
9034,9.4,7,90,20,9,False
9035,9.4,7,90,20,12,False
9036,9.4,7,120,20,3,False
9037,9.4,7,120,20,6,False
9038,9.4,7,120,20,9,False
9039,9.4,7,120,20,12,True
9040,9.4,7,150,20,3,False
9041,9.4,7,150,20,6,False
9042,9.4,7,150,20,9,False
9043,9.4,7,150,20,12,False
9044,9.4,7,180,20,3,False
9045,9.4,7,180,20,6,False
9046,9.4,7,180,20,9,False
9047,9.4,7,180,20,12,False
9048,9.4,7,210,20,3,False
9049,9.4,7,210,20,6,False
9050,9.4,7,210,20,9,False
9051,9.4,7,210,20,12,False
9052,9.4,7,240,20,3,False
9053,9.4,7,240,20,6,False
9054,9.4,7,240,20,9,False
9055,9.4,7,240,20,12,False
9056,9.4,7,270,20,3,True
9057,9.4,7,270,20,6,False
9058,9.4,7,270,20,9,False
9059,9.4,7,270,20,12,False
9060,9.4,7,300,20,3,False
9061,9.4,7,300,20,6,False
9062,9.4,7,300,20,9,False
9063,9.4,7,300,20,12,False
9064,9.4,7,330,20,3,False
9065,9.4,7,330,20,6,False
9066,9.4,7,330,20,9,False
9067,9.4,7,330,20,12,False
9068,9.4,7,360,20,3,False
9069,9.4,7,360,20,6,False
9070,9.4,7,360,20,9,False
9071,9.4,7,360,20,12,False
9072,9.4,14,30,20,3,False
9073,9.4,14,30,20,6,False
9074,9.4,14,30,20,9,False
9075,9.4,14,30,20,12,True
9076,9.4,14,60,20,3,True
9077,9.4,14,60,20,6,False
9078,9.4,14,60,20,9,False
9079,9.4,14,60,20,12,False
9080,9.4,14,90,20,3,False
9081,9.4,14,90,20,6,False
9082,9.4,14,90,20,9,False
9083,9.4,14,90,20,12,False
9084,9.4,14,120,20,3,False
9085,9.4,14,120,20,6,False
9086,9.4,14,120,20,9,False
9087,9.4,14,120,20,12,False
9088,9.4,14,150,20,3,False
9089,9.4,14,150,20,6,False
9090,9.4,14,150,20,9,False
9091,9.4,14,150,20,12,False
9092,9.4,14,180,20,3,False
9093,9.4,14,180,20,6,False
9094,9.4,14,180,20,9,False
9095,9.4,14,180,20,12,False
9096,9.4,14,210,20,3,False
9097,9.4,14,210,20,6,False
9098,9.4,14,210,20,9,False
9099,9.4,14,210,20,12,False
9100,9.4,14,240,20,3,False
9101,9.4,14,240,20,6,True
9102,9.4,14,240,20,9,False
9103,9.4,14,240,20,12,False
9104,9.4,14,270,20,3,False
9105,9.4,14,270,20,6,False
9106,9.4,14,270,20,9,False
9107,9.4,14,270,20,12,False
9108,9.4,14,300,20,3,False
9109,9.4,14,300,20,6,False
9110,9.4,14,300,20,9,False
9111,9.4,14,300,20,12,True
9112,9.4,14,330,20,3,False
9113,9.4,14,330,20,6,False
9114,9.4,14,330,20,9,False
9115,9.4,14,330,20,12,False
9116,9.4,14,360,20,3,False
9117,9.4,14,360,20,6,False
9118,9.4,14,360,20,9,False
9119,9.4,14,360,20,12,True
9120,9.4,21,30,20,3,False
9121,9.4,21,30,20,6,False
9122,9.4,21,30,20,9,False
9123,9.4,21,30,20,12,False
9124,9.4,21,60,20,3,False
9125,9.4,21,60,20,6,False
9126,9.4,21,60,20,9,False
9127,9.4,21,60,20,12,False
9128,9.4,21,90,20,3,False
9129,9.4,21,90,20,6,False
9130,9.4,21,90,20,9,False
9131,9.4,21,90,20,12,False
9132,9.4,21,120,20,3,False
9133,9.4,21,120,20,6,False
9134,9.4,21,120,20,9,False
9135,9.4,21,120,20,12,True
9136,9.4,21,150,20,3,False
9137,9.4,21,150,20,6,False
9138,9.4,21,150,20,9,False
9139,9.4,21,150,20,12,False
9140,9.4,21,180,20,3,False
9141,9.4,21,180,20,6,False
9142,9.4,21,180,20,9,False
9143,9.4,21,180,20,12,False
9144,9.4,21,210,20,3,False
9145,9.4,21,210,20,6,True
9146,9.4,21,210,20,9,False
9147,9.4,21,210,20,12,False
9148,9.4,21,240,20,3,False
9149,9.4,21,240,20,6,False
9150,9.4,21,240,20,9,False
9151,9.4,21,240,20,12,False
9152,9.4,21,270,20,3,False
9153,9.4,21,270,20,6,True
9154,9.4,21,270,20,9,False
9155,9.4,21,270,20,12,False
9156,9.4,21,300,20,3,False
9157,9.4,21,300,20,6,False
9158,9.4,21,300,20,9,False
9159,9.4,21,300,20,12,False
9160,9.4,21,330,20,3,False
9161,9.4,21,330,20,6,False
9162,9.4,21,330,20,9,False
9163,9.4,21,330,20,12,False
9164,9.4,21,360,20,3,False
9165,9.4,21,360,20,6,False
9166,9.4,21,360,20,9,False
9167,9.4,21,360,20,12,False
9168,9.4,28,30,20,3,False
9169,9.4,28,30,20,6,False
9170,9.4,28,30,20,9,False
9171,9.4,28,30,20,12,False
9172,9.4,28,60,20,3,False
9173,9.4,28,60,20,6,False
9174,9.4,28,60,20,9,False
9175,9.4,28,60,20,12,False
9176,9.4,28,90,20,3,False
9177,9.4,28,90,20,6,False
9178,9.4,28,90,20,9,False
9179,9.4,28,90,20,12,False
9180,9.4,28,120,20,3,False
9181,9.4,28,120,20,6,False
9182,9.4,28,120,20,9,False
9183,9.4,28,120,20,12,False
9184,9.4,28,150,20,3,False
9185,9.4,28,150,20,6,False
9186,9.4,28,150,20,9,False
9187,9.4,28,150,20,12,False
9188,9.4,28,180,20,3,False
9189,9.4,28,180,20,6,False
9190,9.4,28,180,20,9,False
9191,9.4,28,180,20,12,False
9192,9.4,28,210,20,3,False
9193,9.4,28,210,20,6,True
9194,9.4,28,210,20,9,False
9195,9.4,28,210,20,12,False
9196,9.4,28,240,20,3,False
9197,9.4,28,240,20,6,False
9198,9.4,28,240,20,9,False
9199,9.4,28,240,20,12,True
9200,9.4,28,270,20,3,False
9201,9.4,28,270,20,6,False
9202,9.4,28,270,20,9,False
9203,9.4,28,270,20,12,False
9204,9.4,28,300,20,3,False
9205,9.4,28,300,20,6,False
9206,9.4,28,300,20,9,False
9207,9.4,28,300,20,12,False
9208,9.4,28,330,20,3,False
9209,9.4,28,330,20,6,False
9210,9.4,28,330,20,9,False
9211,9.4,28,330,20,12,False
9212,9.4,28,360,20,3,False
9213,9.4,28,360,20,6,False
9214,9.4,28,360,20,9,False
9215,9.4,28,360,20,12,False
9216,9.600000000000001,7,30,20,3,False
9217,9.600000000000001,7,30,20,6,False
9218,9.600000000000001,7,30,20,9,False
9219,9.600000000000001,7,30,20,12,False
9220,9.600000000000001,7,60,20,3,False
9221,9.600000000000001,7,60,20,6,False
9222,9.600000000000001,7,60,20,9,False
9223,9.600000000000001,7,60,20,12,False
9224,9.600000000000001,7,90,20,3,False
9225,9.600000000000001,7,90,20,6,False
9226,9.600000000000001,7,90,20,9,False
9227,9.600000000000001,7,90,20,12,False
9228,9.600000000000001,7,120,20,3,False
9229,9.600000000000001,7,120,20,6,False
9230,9.600000000000001,7,120,20,9,False
9231,9.600000000000001,7,120,20,12,False
9232,9.600000000000001,7,150,20,3,False
9233,9.600000000000001,7,150,20,6,False
9234,9.600000000000001,7,150,20,9,False
9235,9.600000000000001,7,150,20,12,False
9236,9.600000000000001,7,180,20,3,False
9237,9.600000000000001,7,180,20,6,False
9238,9.600000000000001,7,180,20,9,False
9239,9.600000000000001,7,180,20,12,False
9240,9.600000000000001,7,210,20,3,False
9241,9.600000000000001,7,210,20,6,False
9242,9.600000000000001,7,210,20,9,False
9243,9.600000000000001,7,210,20,12,False
9244,9.600000000000001,7,240,20,3,False
9245,9.600000000000001,7,240,20,6,False
9246,9.600000000000001,7,240,20,9,True
9247,9.600000000000001,7,240,20,12,False
9248,9.600000000000001,7,270,20,3,False
9249,9.600000000000001,7,270,20,6,False
9250,9.600000000000001,7,270,20,9,False
9251,9.600000000000001,7,270,20,12,False
9252,9.600000000000001,7,300,20,3,False
9253,9.600000000000001,7,300,20,6,False
9254,9.600000000000001,7,300,20,9,False
9255,9.600000000000001,7,300,20,12,False
9256,9.600000000000001,7,330,20,3,False
9257,9.600000000000001,7,330,20,6,False
9258,9.600000000000001,7,330,20,9,False
9259,9.600000000000001,7,330,20,12,False
9260,9.600000000000001,7,360,20,3,True
9261,9.600000000000001,7,360,20,6,True
9262,9.600000000000001,7,360,20,9,False
9263,9.600000000000001,7,360,20,12,False
9264,9.600000000000001,14,30,20,3,False
9265,9.600000000000001,14,30,20,6,False
9266,9.600000000000001,14,30,20,9,False
9267,9.600000000000001,14,30,20,12,False
9268,9.600000000000001,14,60,20,3,False
9269,9.600000000000001,14,60,20,6,False
9270,9.600000000000001,14,60,20,9,False
9271,9.600000000000001,14,60,20,12,False
9272,9.600000000000001,14,90,20,3,False
9273,9.600000000000001,14,90,20,6,False
9274,9.600000000000001,14,90,20,9,False
9275,9.600000000000001,14,90,20,12,False
9276,9.600000000000001,14,120,20,3,False
9277,9.600000000000001,14,120,20,6,False
9278,9.600000000000001,14,120,20,9,False
9279,9.600000000000001,14,120,20,12,False
9280,9.600000000000001,14,150,20,3,True
9281,9.600000000000001,14,150,20,6,False
9282,9.600000000000001,14,150,20,9,False
9283,9.600000000000001,14,150,20,12,False
9284,9.600000000000001,14,180,20,3,False
9285,9.600000000000001,14,180,20,6,False
9286,9.600000000000001,14,180,20,9,False
9287,9.600000000000001,14,180,20,12,False
9288,9.600000000000001,14,210,20,3,False
9289,9.600000000000001,14,210,20,6,False
9290,9.600000000000001,14,210,20,9,False
9291,9.600000000000001,14,210,20,12,False
9292,9.600000000000001,14,240,20,3,False
9293,9.600000000000001,14,240,20,6,False
9294,9.600000000000001,14,240,20,9,False
9295,9.600000000000001,14,240,20,12,True
9296,9.600000000000001,14,270,20,3,False
9297,9.600000000000001,14,270,20,6,False
9298,9.600000000000001,14,270,20,9,False
9299,9.600000000000001,14,270,20,12,False
9300,9.600000000000001,14,300,20,3,False
9301,9.600000000000001,14,300,20,6,False
9302,9.600000000000001,14,300,20,9,False
9303,9.600000000000001,14,300,20,12,False
9304,9.600000000000001,14,330,20,3,False
9305,9.600000000000001,14,330,20,6,False
9306,9.600000000000001,14,330,20,9,False
9307,9.600000000000001,14,330,20,12,False
9308,9.600000000000001,14,360,20,3,True
9309,9.600000000000001,14,360,20,6,True
9310,9.600000000000001,14,360,20,9,False
9311,9.600000000000001,14,360,20,12,False
9312,9.600000000000001,21,30,20,3,False
9313,9.600000000000001,21,30,20,6,True
9314,9.600000000000001,21,30,20,9,False
9315,9.600000000000001,21,30,20,12,False
9316,9.600000000000001,21,60,20,3,False
9317,9.600000000000001,21,60,20,6,False
9318,9.600000000000001,21,60,20,9,False
9319,9.600000000000001,21,60,20,12,False
9320,9.600000000000001,21,90,20,3,False
9321,9.600000000000001,21,90,20,6,False
9322,9.600000000000001,21,90,20,9,False
9323,9.600000000000001,21,90,20,12,True
9324,9.600000000000001,21,120,20,3,False
9325,9.600000000000001,21,120,20,6,False
9326,9.600000000000001,21,120,20,9,False
9327,9.600000000000001,21,120,20,12,False
9328,9.600000000000001,21,150,20,3,False
9329,9.600000000000001,21,150,20,6,False
9330,9.600000000000001,21,150,20,9,True
9331,9.600000000000001,21,150,20,12,False
9332,9.600000000000001,21,180,20,3,False
9333,9.600000000000001,21,180,20,6,False
9334,9.600000000000001,21,180,20,9,False
9335,9.600000000000001,21,180,20,12,False
9336,9.600000000000001,21,210,20,3,False
9337,9.600000000000001,21,210,20,6,False
9338,9.600000000000001,21,210,20,9,False
9339,9.600000000000001,21,210,20,12,False
9340,9.600000000000001,21,240,20,3,False
9341,9.600000000000001,21,240,20,6,False
9342,9.600000000000001,21,240,20,9,False
9343,9.600000000000001,21,240,20,12,False
9344,9.600000000000001,21,270,20,3,False
9345,9.600000000000001,21,270,20,6,False
9346,9.600000000000001,21,270,20,9,False
9347,9.600000000000001,21,270,20,12,False
9348,9.600000000000001,21,300,20,3,False
9349,9.600000000000001,21,300,20,6,True
9350,9.600000000000001,21,300,20,9,False
9351,9.600000000000001,21,300,20,12,False
9352,9.600000000000001,21,330,20,3,False
9353,9.600000000000001,21,330,20,6,False
9354,9.600000000000001,21,330,20,9,False
9355,9.600000000000001,21,330,20,12,False
9356,9.600000000000001,21,360,20,3,False
9357,9.600000000000001,21,360,20,6,False
9358,9.600000000000001,21,360,20,9,False
9359,9.600000000000001,21,360,20,12,False
9360,9.600000000000001,28,30,20,3,False
9361,9.600000000000001,28,30,20,6,False
9362,9.600000000000001,28,30,20,9,False
9363,9.600000000000001,28,30,20,12,False
9364,9.600000000000001,28,60,20,3,False
9365,9.600000000000001,28,60,20,6,False
9366,9.600000000000001,28,60,20,9,False
9367,9.600000000000001,28,60,20,12,False
9368,9.600000000000001,28,90,20,3,False
9369,9.600000000000001,28,90,20,6,False
9370,9.600000000000001,28,90,20,9,True
9371,9.600000000000001,28,90,20,12,False
9372,9.600000000000001,28,120,20,3,False
9373,9.600000000000001,28,120,20,6,False
9374,9.600000000000001,28,120,20,9,False
9375,9.600000000000001,28,120,20,12,False
9376,9.600000000000001,28,150,20,3,False
9377,9.600000000000001,28,150,20,6,False
9378,9.600000000000001,28,150,20,9,False
9379,9.600000000000001,28,150,20,12,False
9380,9.600000000000001,28,180,20,3,False
9381,9.600000000000001,28,180,20,6,False
9382,9.600000000000001,28,180,20,9,False
9383,9.600000000000001,28,180,20,12,False
9384,9.600000000000001,28,210,20,3,False
9385,9.600000000000001,28,210,20,6,False
9386,9.600000000000001,28,210,20,9,False
9387,9.600000000000001,28,210,20,12,False
9388,9.600000000000001,28,240,20,3,False
9389,9.600000000000001,28,240,20,6,False
9390,9.600000000000001,28,240,20,9,False
9391,9.600000000000001,28,240,20,12,False
9392,9.600000000000001,28,270,20,3,False
9393,9.600000000000001,28,270,20,6,False
9394,9.600000000000001,28,270,20,9,False
9395,9.600000000000001,28,270,20,12,False
9396,9.600000000000001,28,300,20,3,False
9397,9.600000000000001,28,300,20,6,False
9398,9.600000000000001,28,300,20,9,False
9399,9.600000000000001,28,300,20,12,True
9400,9.600000000000001,28,330,20,3,True
9401,9.600000000000001,28,330,20,6,False
9402,9.600000000000001,28,330,20,9,False
9403,9.600000000000001,28,330,20,12,False
9404,9.600000000000001,28,360,20,3,False
9405,9.600000000000001,28,360,20,6,False
9406,9.600000000000001,28,360,20,9,False
9407,9.600000000000001,28,360,20,12,False
9408,9.8,7,30,20,3,False
9409,9.8,7,30,20,6,False
9410,9.8,7,30,20,9,False
9411,9.8,7,30,20,12,False
9412,9.8,7,60,20,3,False
9413,9.8,7,60,20,6,False
9414,9.8,7,60,20,9,False
9415,9.8,7,60,20,12,False
9416,9.8,7,90,20,3,False
9417,9.8,7,90,20,6,False
9418,9.8,7,90,20,9,False
9419,9.8,7,90,20,12,False
9420,9.8,7,120,20,3,False
9421,9.8,7,120,20,6,False
9422,9.8,7,120,20,9,False
9423,9.8,7,120,20,12,False
9424,9.8,7,150,20,3,False
9425,9.8,7,150,20,6,False
9426,9.8,7,150,20,9,False
9427,9.8,7,150,20,12,False
9428,9.8,7,180,20,3,False
9429,9.8,7,180,20,6,False
9430,9.8,7,180,20,9,True
9431,9.8,7,180,20,12,False
9432,9.8,7,210,20,3,False
9433,9.8,7,210,20,6,False
9434,9.8,7,210,20,9,False
9435,9.8,7,210,20,12,False
9436,9.8,7,240,20,3,False
9437,9.8,7,240,20,6,False
9438,9.8,7,240,20,9,False
9439,9.8,7,240,20,12,False
9440,9.8,7,270,20,3,False
9441,9.8,7,270,20,6,False
9442,9.8,7,270,20,9,False
9443,9.8,7,270,20,12,False
9444,9.8,7,300,20,3,False
9445,9.8,7,300,20,6,False
9446,9.8,7,300,20,9,False
9447,9.8,7,300,20,12,False
9448,9.8,7,330,20,3,True
9449,9.8,7,330,20,6,False
9450,9.8,7,330,20,9,False
9451,9.8,7,330,20,12,False
9452,9.8,7,360,20,3,False
9453,9.8,7,360,20,6,True
9454,9.8,7,360,20,9,True
9455,9.8,7,360,20,12,False
9456,9.8,14,30,20,3,True
9457,9.8,14,30,20,6,False
9458,9.8,14,30,20,9,False
9459,9.8,14,30,20,12,False
9460,9.8,14,60,20,3,False
9461,9.8,14,60,20,6,False
9462,9.8,14,60,20,9,False
9463,9.8,14,60,20,12,False
9464,9.8,14,90,20,3,False
9465,9.8,14,90,20,6,False
9466,9.8,14,90,20,9,False
9467,9.8,14,90,20,12,False
9468,9.8,14,120,20,3,False
9469,9.8,14,120,20,6,False
9470,9.8,14,120,20,9,False
9471,9.8,14,120,20,12,False
9472,9.8,14,150,20,3,False
9473,9.8,14,150,20,6,False
9474,9.8,14,150,20,9,False
9475,9.8,14,150,20,12,False
9476,9.8,14,180,20,3,False
9477,9.8,14,180,20,6,False
9478,9.8,14,180,20,9,False
9479,9.8,14,180,20,12,False
9480,9.8,14,210,20,3,False
9481,9.8,14,210,20,6,False
9482,9.8,14,210,20,9,False
9483,9.8,14,210,20,12,False
9484,9.8,14,240,20,3,False
9485,9.8,14,240,20,6,False
9486,9.8,14,240,20,9,False
9487,9.8,14,240,20,12,False
9488,9.8,14,270,20,3,False
9489,9.8,14,270,20,6,False
9490,9.8,14,270,20,9,False
9491,9.8,14,270,20,12,True
9492,9.8,14,300,20,3,False
9493,9.8,14,300,20,6,False
9494,9.8,14,300,20,9,False
9495,9.8,14,300,20,12,False
9496,9.8,14,330,20,3,False
9497,9.8,14,330,20,6,False
9498,9.8,14,330,20,9,False
9499,9.8,14,330,20,12,False
9500,9.8,14,360,20,3,True
9501,9.8,14,360,20,6,False
9502,9.8,14,360,20,9,False
9503,9.8,14,360,20,12,False
9504,9.8,21,30,20,3,False
9505,9.8,21,30,20,6,False
9506,9.8,21,30,20,9,False
9507,9.8,21,30,20,12,False
9508,9.8,21,60,20,3,True
9509,9.8,21,60,20,6,False
9510,9.8,21,60,20,9,True
9511,9.8,21,60,20,12,False
9512,9.8,21,90,20,3,False
9513,9.8,21,90,20,6,False
9514,9.8,21,90,20,9,False
9515,9.8,21,90,20,12,False
9516,9.8,21,120,20,3,True
9517,9.8,21,120,20,6,False
9518,9.8,21,120,20,9,False
9519,9.8,21,120,20,12,False
9520,9.8,21,150,20,3,False
9521,9.8,21,150,20,6,False
9522,9.8,21,150,20,9,False
9523,9.8,21,150,20,12,False
9524,9.8,21,180,20,3,False
9525,9.8,21,180,20,6,False
9526,9.8,21,180,20,9,False
9527,9.8,21,180,20,12,False
9528,9.8,21,210,20,3,False
9529,9.8,21,210,20,6,False
9530,9.8,21,210,20,9,False
9531,9.8,21,210,20,12,False
9532,9.8,21,240,20,3,False
9533,9.8,21,240,20,6,False
9534,9.8,21,240,20,9,False
9535,9.8,21,240,20,12,False
9536,9.8,21,270,20,3,False
9537,9.8,21,270,20,6,False
9538,9.8,21,270,20,9,False
9539,9.8,21,270,20,12,False
9540,9.8,21,300,20,3,False
9541,9.8,21,300,20,6,False
9542,9.8,21,300,20,9,False
9543,9.8,21,300,20,12,False
9544,9.8,21,330,20,3,False
9545,9.8,21,330,20,6,False
9546,9.8,21,330,20,9,False
9547,9.8,21,330,20,12,False
9548,9.8,21,360,20,3,False
9549,9.8,21,360,20,6,False
9550,9.8,21,360,20,9,False
9551,9.8,21,360,20,12,False
9552,9.8,28,30,20,3,False
9553,9.8,28,30,20,6,False
9554,9.8,28,30,20,9,False
9555,9.8,28,30,20,12,False
9556,9.8,28,60,20,3,False
9557,9.8,28,60,20,6,False
9558,9.8,28,60,20,9,False
9559,9.8,28,60,20,12,False
9560,9.8,28,90,20,3,False
9561,9.8,28,90,20,6,False
9562,9.8,28,90,20,9,False
9563,9.8,28,90,20,12,False
9564,9.8,28,120,20,3,False
9565,9.8,28,120,20,6,False
9566,9.8,28,120,20,9,False
9567,9.8,28,120,20,12,False
9568,9.8,28,150,20,3,False
9569,9.8,28,150,20,6,False
9570,9.8,28,150,20,9,False
9571,9.8,28,150,20,12,False
9572,9.8,28,180,20,3,False
9573,9.8,28,180,20,6,False
9574,9.8,28,180,20,9,True
9575,9.8,28,180,20,12,False
9576,9.8,28,210,20,3,False
9577,9.8,28,210,20,6,False
9578,9.8,28,210,20,9,False
9579,9.8,28,210,20,12,False
9580,9.8,28,240,20,3,False
9581,9.8,28,240,20,6,True
9582,9.8,28,240,20,9,False
9583,9.8,28,240,20,12,False
9584,9.8,28,270,20,3,False
9585,9.8,28,270,20,6,False
9586,9.8,28,270,20,9,False
9587,9.8,28,270,20,12,True
9588,9.8,28,300,20,3,False
9589,9.8,28,300,20,6,False
9590,9.8,28,300,20,9,False
9591,9.8,28,300,20,12,False
9592,9.8,28,330,20,3,False
9593,9.8,28,330,20,6,False
9594,9.8,28,330,20,9,False
9595,9.8,28,330,20,12,True
9596,9.8,28,360,20,3,False
9597,9.8,28,360,20,6,False
9598,9.8,28,360,20,9,False
9599,9.8,28,360,20,12,False
9600,10.0,7,30,20,3,False
9601,10.0,7,30,20,6,True
9602,10.0,7,30,20,9,False
9603,10.0,7,30,20,12,False
9604,10.0,7,60,20,3,False
9605,10.0,7,60,20,6,False
9606,10.0,7,60,20,9,False
9607,10.0,7,60,20,12,False
9608,10.0,7,90,20,3,False
9609,10.0,7,90,20,6,False
9610,10.0,7,90,20,9,False
9611,10.0,7,90,20,12,False
9612,10.0,7,120,20,3,False
9613,10.0,7,120,20,6,False
9614,10.0,7,120,20,9,False
9615,10.0,7,120,20,12,False
9616,10.0,7,150,20,3,False
9617,10.0,7,150,20,6,False
9618,10.0,7,150,20,9,False
9619,10.0,7,150,20,12,True
9620,10.0,7,180,20,3,False
9621,10.0,7,180,20,6,False
9622,10.0,7,180,20,9,False
9623,10.0,7,180,20,12,False
9624,10.0,7,210,20,3,False
9625,10.0,7,210,20,6,False
9626,10.0,7,210,20,9,False
9627,10.0,7,210,20,12,False
9628,10.0,7,240,20,3,False
9629,10.0,7,240,20,6,False
9630,10.0,7,240,20,9,False
9631,10.0,7,240,20,12,False
9632,10.0,7,270,20,3,False
9633,10.0,7,270,20,6,False
9634,10.0,7,270,20,9,False
9635,10.0,7,270,20,12,False
9636,10.0,7,300,20,3,True
9637,10.0,7,300,20,6,False
9638,10.0,7,300,20,9,False
9639,10.0,7,300,20,12,False
9640,10.0,7,330,20,3,False
9641,10.0,7,330,20,6,True
9642,10.0,7,330,20,9,False
9643,10.0,7,330,20,12,False
9644,10.0,7,360,20,3,False
9645,10.0,7,360,20,6,False
9646,10.0,7,360,20,9,False
9647,10.0,7,360,20,12,False
9648,10.0,14,30,20,3,False
9649,10.0,14,30,20,6,False
9650,10.0,14,30,20,9,False
9651,10.0,14,30,20,12,False
9652,10.0,14,60,20,3,False
9653,10.0,14,60,20,6,False
9654,10.0,14,60,20,9,False
9655,10.0,14,60,20,12,False
9656,10.0,14,90,20,3,False
9657,10.0,14,90,20,6,True
9658,10.0,14,90,20,9,False
9659,10.0,14,90,20,12,True
9660,10.0,14,120,20,3,False
9661,10.0,14,120,20,6,False
9662,10.0,14,120,20,9,False
9663,10.0,14,120,20,12,False
9664,10.0,14,150,20,3,False
9665,10.0,14,150,20,6,True
9666,10.0,14,150,20,9,False
9667,10.0,14,150,20,12,False
9668,10.0,14,180,20,3,False
9669,10.0,14,180,20,6,False
9670,10.0,14,180,20,9,True
9671,10.0,14,180,20,12,False
9672,10.0,14,210,20,3,False
9673,10.0,14,210,20,6,False
9674,10.0,14,210,20,9,False
9675,10.0,14,210,20,12,False
9676,10.0,14,240,20,3,False
9677,10.0,14,240,20,6,False
9678,10.0,14,240,20,9,False
9679,10.0,14,240,20,12,False
9680,10.0,14,270,20,3,False
9681,10.0,14,270,20,6,False
9682,10.0,14,270,20,9,False
9683,10.0,14,270,20,12,False
9684,10.0,14,300,20,3,False
9685,10.0,14,300,20,6,False
9686,10.0,14,300,20,9,False
9687,10.0,14,300,20,12,False
9688,10.0,14,330,20,3,False
9689,10.0,14,330,20,6,False
9690,10.0,14,330,20,9,False
9691,10.0,14,330,20,12,True
9692,10.0,14,360,20,3,False
9693,10.0,14,360,20,6,False
9694,10.0,14,360,20,9,False
9695,10.0,14,360,20,12,False
9696,10.0,21,30,20,3,False
9697,10.0,21,30,20,6,False
9698,10.0,21,30,20,9,False
9699,10.0,21,30,20,12,True
9700,10.0,21,60,20,3,False
9701,10.0,21,60,20,6,False
9702,10.0,21,60,20,9,True
9703,10.0,21,60,20,12,False
9704,10.0,21,90,20,3,False
9705,10.0,21,90,20,6,False
9706,10.0,21,90,20,9,False
9707,10.0,21,90,20,12,False
9708,10.0,21,120,20,3,False
9709,10.0,21,120,20,6,False
9710,10.0,21,120,20,9,False
9711,10.0,21,120,20,12,False
9712,10.0,21,150,20,3,False
9713,10.0,21,150,20,6,False
9714,10.0,21,150,20,9,False
9715,10.0,21,150,20,12,False
9716,10.0,21,180,20,3,False
9717,10.0,21,180,20,6,False
9718,10.0,21,180,20,9,False
9719,10.0,21,180,20,12,False
9720,10.0,21,210,20,3,False
9721,10.0,21,210,20,6,False
9722,10.0,21,210,20,9,False
9723,10.0,21,210,20,12,False
9724,10.0,21,240,20,3,False
9725,10.0,21,240,20,6,False
9726,10.0,21,240,20,9,False
9727,10.0,21,240,20,12,False
9728,10.0,21,270,20,3,False
9729,10.0,21,270,20,6,False
9730,10.0,21,270,20,9,False
9731,10.0,21,270,20,12,False
9732,10.0,21,300,20,3,False
9733,10.0,21,300,20,6,False
9734,10.0,21,300,20,9,False
9735,10.0,21,300,20,12,False
9736,10.0,21,330,20,3,False
9737,10.0,21,330,20,6,False
9738,10.0,21,330,20,9,False
9739,10.0,21,330,20,12,False
9740,10.0,21,360,20,3,False
9741,10.0,21,360,20,6,False
9742,10.0,21,360,20,9,False
9743,10.0,21,360,20,12,False
9744,10.0,28,30,20,3,False
9745,10.0,28,30,20,6,False
9746,10.0,28,30,20,9,False
9747,10.0,28,30,20,12,True
9748,10.0,28,60,20,3,False
9749,10.0,28,60,20,6,False
9750,10.0,28,60,20,9,False
9751,10.0,28,60,20,12,False
9752,10.0,28,90,20,3,False
9753,10.0,28,90,20,6,False
9754,10.0,28,90,20,9,False
9755,10.0,28,90,20,12,False
9756,10.0,28,120,20,3,False
9757,10.0,28,120,20,6,False
9758,10.0,28,120,20,9,False
9759,10.0,28,120,20,12,False
9760,10.0,28,150,20,3,False
9761,10.0,28,150,20,6,False
9762,10.0,28,150,20,9,False
9763,10.0,28,150,20,12,False
9764,10.0,28,180,20,3,False
9765,10.0,28,180,20,6,False
9766,10.0,28,180,20,9,False
9767,10.0,28,180,20,12,False
9768,10.0,28,210,20,3,False
9769,10.0,28,210,20,6,False
9770,10.0,28,210,20,9,False
9771,10.0,28,210,20,12,False
9772,10.0,28,240,20,3,False
9773,10.0,28,240,20,6,False
9774,10.0,28,240,20,9,False
9775,10.0,28,240,20,12,False
9776,10.0,28,270,20,3,False
9777,10.0,28,270,20,6,False
9778,10.0,28,270,20,9,False
9779,10.0,28,270,20,12,False
9780,10.0,28,300,20,3,False
9781,10.0,28,300,20,6,True
9782,10.0,28,300,20,9,False
9783,10.0,28,300,20,12,False
9784,10.0,28,330,20,3,True
9785,10.0,28,330,20,6,False
9786,10.0,28,330,20,9,False
9787,10.0,28,330,20,12,False
9788,10.0,28,360,20,3,False
9789,10.0,28,360,20,6,False
9790,10.0,28,360,20,9,False
9791,10.0,28,360,20,12,False
